One Stop Time,Two Stop Time,Difference
4303.116495999093,4611.932901543645,-308.81640554455225
4304.950264439121,3823.7057622803472,481.24450215877414
4304.695959951885,4832.270659000562,-527.5746990486768
4305.0309263010395,3627.2302543975625,677.800671903477
4315.418919034968,3708.4619591213946,606.9569599135734
4292.443558274247,4248.54374722471,43.899811049536765
4298.01701178395,4973.26842377201,-675.2514119880598
4295.566557489226,3827.3265616816743,468.2399958075521
4310.254532393478,3983.9838070244555,326.2707253690228
4304.331094681892,4261.736542302015,42.594552379877314
4297.0149535290775,3837.6432204074013,459.37173312167624
4293.709830992364,3110.625059605738,1183.084771386626
3589.059681296269,4480.110281737668,-891.0506004413987
3587.9568603373455,3757.950082794999,-169.9932224576537
4110.090477440189,4776.34346864282,-666.2529912026312
4097.5224622464675,4409.440104541108,-311.91764229464025
4091.3485846363224,4404.713792711539,-313.36520807521674
4098.5610412296,4267.596515504505,-169.03547427490503
4097.124031913,5059.17421692853,-962.0501850155297
4100.234009619119,5055.960844719452,-955.7268351003331
4083.418073066284,4219.97975228268,-136.56167921639644
4096.228024654366,4756.037489826033,-659.8094651716674
4657.2157168995545,4403.221383345479,253.99433355407564
4659.276380507125,5047.447708837724,-388.17132833059895
4646.664714656168,5036.3494147083675,-389.68470005219933
4657.490858135088,3470.6595271090623,1186.831331026026
4658.921365664295,3831.9325007161588,826.9888649481363
4651.328509107881,3607.710908392878,1043.6176007150025
4652.6774062791455,4965.902465421404,-313.22505914225803
4655.704516213506,3288.2635929829867,1367.4409232305197
4654.664533418043,4510.863199934233,143.80133348380969
3813.752298742983,4344.187165211131,-530.4348664681484
3830.099296522851,3885.9915604290745,-55.892263906223434
3820.797143653994,3988.595964063636,-167.79882040964185
3809.6921021161547,4896.138669002691,-1086.4465668865364
3801.68173310043,3612.550055610757,189.1316774896727
3790.819552218994,4951.833356881533,-1161.0138046625393
4368.9601541182055,5047.278401645648,-678.3182475274425
4384.76549800778,3624.0129994866784,760.7524985211012
4376.714701907766,3192.546096334875,1184.1686055728906
4368.341873972227,3965.56543545126,402.77643852096753
4388.792249459009,4409.787375330747,-20.9951258717374
4394.645098531662,4134.01283613622,260.632262395442
4371.621721679036,3661.013846208588,710.6078754704486
4384.348531325657,3980.1584125599265,404.1901187657304
5002.918400089053,4285.6260127613905,717.2923873276623
4997.661190144862,5024.152183139718,-26.490992994855333
5030.391554298184,3441.2455482927394,1589.1460060054446
5014.584811857225,4126.254658378195,888.3301534790298
5010.049158776277,3704.5757333723977,1305.4734254038794
5019.356132933645,4410.9834099162435,608.3727230174018
5015.680181498954,4517.417657366233,498.2625241327214
5003.399275669817,3969.5392816593517,1033.8599940104655
5013.401206835797,4000.747044120683,1012.6541627151141
5023.867164048512,4264.701700157522,759.1654638909895
4382.7537524383715,4519.016934019519,-136.26318158114736
4378.519336006733,3970.1745350626597,408.34480094407354
4381.430810620773,3979.1926223363475,402.2381882844252
4376.759822824382,4976.862976908784,-600.1031540844015
4391.850994188496,4844.545988020284,-452.69499383178845
4401.729227972237,3428.435023164262,973.2942048079749
4380.757612419942,4411.539587497312,-30.78197507736968
4373.246350116528,3486.1895878651453,887.0567622513831
3813.0338642267843,4407.883215066306,-594.8493508395213
3809.7346054560994,3870.0975412080397,-60.36293575194031
3810.370636436177,4443.386580580061,-633.0159441438836
3809.0471626078756,5040.454092350421,-1231.4069297425453
3812.5955655749844,3309.2234064928784,503.372159082106
3806.924791194665,4395.932599433462,-589.0078082387972
3358.601705238802,3626.383768987595,-267.782063748793
3366.1636992893036,3627.8557673920955,-261.69206810279184
3363.3382047632413,5044.838020035326,-1681.4998152720846
3366.0816168899314,4609.391852547573,-1243.3102356576414
3358.0533331993647,3972.4078191025287,-614.354485903164
3354.2958630998282,3836.979842111518,-482.68397901168964
3365.1562916238922,4795.972552490559,-1430.8162608666667
3347.3956709468443,4732.000710120595,-1384.6050391737504
3359.7006541786586,4764.016199866851,-1404.3155456881923
3369.0804969388687,4986.3719593808055,-1617.2914624419368
3360.388967368348,5048.784677528647,-1688.3957101602991
3353.977035122323,4755.882280598696,-1401.9052454763728
3371.141487413759,4130.374802905019,-759.2333154912603
4303.116495999093,4403.828123291783,-100.71162729269054
4304.695959951885,3346.8543753594477,957.8415845924374
4315.418919034968,4273.647156632503,41.771762402465356
4298.01701178395,5044.850157027607,-746.8331452436569
4310.254532393478,3663.794038434192,646.4604939592864
4297.0149535290775,5108.099698319087,-811.0847447900096
4298.5990302511655,4958.955619206968,-660.3565889558022
4323.590467077853,3962.3671162004107,361.22335087744204
4302.98535888763,4945.623334294427,-642.6379754067966
4311.718536144945,4809.933695746552,-498.2151596016074
4293.105825625157,3608.2476506122084,684.8581750129488
4303.275433440327,4572.579305300716,-269.30387186038934
3587.52545939383,4960.030929795356,-1372.5054704015265
3598.501511156149,4759.194695034573,-1160.693183878424
4085.7815680532694,5043.537877303483,-957.7563092502132
4086.8065412838187,4611.214105634275,-524.4075643504566
4110.543914340692,4532.6158768228015,-422.0719624821095
4093.6317165063633,4781.1275005877205,-687.4957840813572
4075.2298748911044,3926.0219857993043,149.2078890918001
4099.989370475685,4762.690950993307,-662.7015805176216
4082.3849952104056,4244.492029590128,-162.1070343797228
4109.946818073735,4128.597745225923,-18.65092715218816
4664.552190759022,3313.090737827603,1351.461452931419
4644.7246874024195,3685.97223594091,958.7524514615093
4655.025331678723,5053.33730540286,-398.3119737241368
4666.592539303321,4486.775965353837,179.81657394948434
4650.31518726105,3187.4435675159066,1462.871619745143
4665.585706144493,4403.871418143253,261.71428800123977
4659.194346282273,3821.6747726951266,837.5195735871462
4659.936780516988,3703.1138100259755,956.8229704910123
4683.547918261793,4633.878321709395,49.66959655239771
3809.404239853597,4547.243357125706,-737.839117272109
3809.734605456098,4511.915106039426,-702.180500583328
3809.0471626078756,5051.540181239343,-1242.4930186314673
3806.924791194665,5088.789163437939,-1281.8643722432744
3819.001572812932,5048.931335184151,-1229.929762371219
3809.5316173567144,5047.269143504996,-1237.7375261482812
4374.709196068601,4436.394281119942,-61.68508505134105
4360.015032909216,4735.813509410278,-375.7984765010624
4387.189512812993,4843.742072601073,-456.55255978808054
4375.527465677791,4754.595489160786,-379.06802348299516
4384.094619879614,4665.478471469314,-281.3838515897005
4382.0724789404,5049.227349603274,-667.1548706628737
4363.871366173077,4391.25476954023,-27.383403367152823
4397.302204105685,4986.534574308094,-589.2323702024096
5034.295345620761,3949.9130078762723,1084.3823377444883
5007.110789777757,3690.970654412698,1316.1401353650595
5025.080358036512,4616.999641685322,408.08071635118995
5015.900979552928,3761.7643083583475,1254.1366711945807
5009.203136821073,4265.064059234861,744.1390775862119
5019.722432672645,4119.547514858861,900.1749178137834
5003.835357750996,4254.996165832223,748.8391919187734
5015.538417938222,4766.721047571324,248.8173703668981
5021.422762820848,4408.058978466881,613.3637843539673
5013.323663218858,4830.439613419171,182.8840497996871
4372.51000897686,4400.654930052822,-28.144921075961975
4363.429761246505,3681.925009791325,681.5047514551802
4379.635036441635,5056.424280267793,-676.7892438261579
4388.487304654103,4342.569117234838,45.91818741926545
4383.500510684067,4839.734982955684,-456.23447227161705
4398.768916281084,3857.374530313794,541.39438596729
4386.21513598393,3983.238783060521,402.97635292340874
4377.687345258922,3621.125523977495,756.5618212814265
3809.3302867641087,4970.696921319777,-1161.3666345556685
3819.6234375268264,4779.680485646633,-960.057048119807
3812.8167105740204,3978.6794316639507,-165.86272108993035
3808.6451584564343,4477.028955765959,-668.3837973095247
3808.790699636856,4399.724045140835,-590.9333455039791
3802.0788200503157,4395.782127260025,-593.7033072097092
3348.6300872017823,3355.206118549544,-6.576031347761727
3351.9163444399665,4396.006925091216,-1044.0905806512492
3361.816982888273,4758.9421032822265,-1397.1251203939537
3343.804385525562,4597.340265496207,-1253.5358799706455
3360.2667567592216,4405.4804967940545,-1045.2137400348329
3371.5155980714944,4419.56164953231,-1048.0460514608158
3360.5661574072433,4753.426843306086,-1392.8606858988428
3353.037718852161,5045.8941766017,-1692.8564577495385
3366.546727586514,3766.28072119406,-399.7339936075459
3347.3968028323243,3817.8086644908913,-470.411861658567
3356.1492936032905,3840.221499385776,-484.0722057824855
3367.116713047662,4411.55112956458,-1044.4344165169182
3365.55683896157,4979.476983650892,-1613.9201446893221
4303.116495999093,4757.130508134851,-454.0140121357581
4305.0309263010395,4476.86842010603,-171.83749380499012
4298.01701178395,4253.567530366641,44.44948141730856
4304.331094681892,4937.339824017132,-633.0087293352399
4298.5990302511655,3865.958102207403,432.6409280437624
4311.50743082882,4841.681108226441,-530.1736773976208
4311.718536144945,4613.039540202874,-301.3210040579297
4308.310993236718,4802.290371530541,-493.9793782938232
4293.316211913725,4499.99149643954,-206.6752845258152
4297.840668797957,4537.77555617506,-239.93488737710322
4298.568268308471,4966.889202040405,-668.320933731934
4310.5928615504,4763.2291640865,-452.6363025360997
3575.547328123975,4411.374642241482,-835.8273141175073
3593.066256097522,4758.047379780239,-1164.9811236827168
4109.946818073735,4702.526133403443,-592.5793153297082
4082.1598588229276,4012.4755369934887,69.68432182943889
4091.991081353514,3976.635097375137,115.35598397837703
4095.8998145454,3690.204710566016,405.6951039793844
4097.786249148228,5019.408615919325,-921.6223667710965
4094.950327533216,3834.5160382978365,260.4342892353793
4115.782576454023,5066.38994369377,-950.607367239747
4099.134230823372,4195.685535321743,-96.55130449837179
4657.046816096146,4397.295630774584,259.75118532156193
4665.61955128843,3305.417743056404,1360.2018082320255
4660.33668126736,4757.408149762001,-97.07146849464061
4661.305991856917,4762.230387279511,-100.92439542259399
4668.192101819108,4342.580114545927,325.6119872731806
4674.989562514552,4992.034568849865,-317.0450063353128
4662.253331756595,3623.1296174645267,1039.1237142920681
4661.235429803768,4975.358424986682,-314.12299518291366
4675.067610561553,4417.694717487735,257.372893073818
3803.5426152120463,4390.651252061553,-587.1086368495071
3813.4091421030275,4610.235708872563,-796.8265667695355
3807.11026211627,4233.859925552533,-426.7496634362633
3809.353718508701,4159.5666948862,-350.21297637749876
3798.1514718973617,4415.573091385959,-617.4216194885971
3810.77086380342,4974.150501692893,-1163.379637889473
4371.737801838447,3618.6589951867268,753.0788066517202
4379.635036441636,5121.080778270974,-741.4457418293387
4370.15540581574,4951.493275916621,-581.3378701008814
4398.768916281084,3486.312300470392,912.4566158106918
4370.7234348835445,3866.3422300711413,504.3812048124032
4375.525429745394,4257.343775039098,118.18165470629629
4385.902061124681,5063.66932430251,-677.7672631778296
4377.415651545286,4612.854841260945,-235.43918971565927
5010.7233740712445,4507.508581108759,503.21479296248526
5010.726214156635,3971.0625675856654,1039.6636465709698
5015.680458152471,4900.516555570325,115.16390258214597
4992.047703489882,4240.596890242857,751.4508132470255
5004.7102838456685,3752.1067552374902,1252.6035286081783
5009.0139375965555,4404.462338995258,604.5515986012979
5024.828060603127,4770.288640454375,254.53942014875156
5000.105452120106,4605.560005404475,394.54544671563053
5008.717252753627,3970.8706940349352,1037.8465587186915
5023.3278093917625,3837.9692473859013,1185.3585620058611
4388.172505517401,3952.7316258797146,435.4408796376865
4367.134818448813,4745.295728983455,-378.1609105346415
4377.950502414881,5065.961431671403,-688.0109292565221
4368.463304919525,5049.356643871798,-680.8933389522726
4356.053169468321,4390.804180371468,-34.75101090314638
4382.510772095404,4526.260712351104,-143.7499402557005
4379.5310592386195,3980.993786949105,398.5372722895145
4387.920822634164,3474.328656528216,913.5921661059483
3814.9634456635945,4267.0849918056965,-452.12154614210203
3797.718221595298,4990.676295341502,-1192.9580737462038
3808.110983583537,4970.277972057781,-1162.1669884742441
3805.1399565315996,4961.575131242359,-1156.4351747107594
3808.787544624457,4256.971553730233,-448.18400910577566
3819.5340306540616,4305.478989223369,-485.9449585693078
3347.7887838622155,4318.885361124505,-971.0965772622894
3352.140758355033,5042.083849062365,-1689.9430907073315
3367.6618947573515,5051.657795807843,-1683.9959010504917
3360.2278007793066,4393.47168577458,-1033.2438849952732
3344.05847711106,4942.306560833521,-1598.2480837224612
3364.318722345533,3841.441754964358,-477.12303261882516
3355.4521522338428,4440.6174069672,-1085.165254733357
3347.4671679867483,5036.810219320622,-1689.343051333874
3363.824401143632,4265.604727458534,-901.7803263149026
3357.840398581305,4607.622775680691,-1249.782377099386
3355.2061644783676,3694.836115304054,-339.6299508256866
3357.2305671158233,4954.103486342286,-1596.8729192264623
3363.257748124231,5061.39366727919,-1698.1359191549586
4303.116495999093,4757.755508134852,-454.639012135759
4315.418919034968,4343.271563151687,-27.852644116718693
4310.254532393478,4411.861314952453,-101.60678255897437
4298.5990302511655,3619.0375966411775,679.561433609988
4302.98535888763,4761.527655053785,-458.5422961661543
4293.105825625157,3614.9606306244955,678.1451950006617
4293.316211913725,4961.564032857915,-668.2478209441897
4298.756192589743,4506.3804937882405,-207.62430119849796
4323.933406135142,4273.442190706533,50.491215428608484
4286.696406782251,4100.485019414466,186.2113873677854
4295.237341671445,4422.276917032842,-127.0395753613966
4311.317384053393,4412.289549393332,-100.97216533993924
3594.07944782297,4235.965025151182,-641.8855773282121
3589.535977263144,3685.5591037102517,-96.02312644710764
4087.8844592728424,4293.208774161305,-205.3243148884626
4115.782576454023,4957.654882838275,-841.8723063842517
4088.945451554387,3295.34690571683,793.5985458375571
4088.5481043287155,4508.169174237058,-419.6210699083422
4089.6370618216415,5111.569542584528,-1021.9324807628864
4075.320839249005,4738.834472363914,-663.5136331149088
4088.4266100966956,3860.9084435517716,227.51816654492404
4095.1661958255586,4975.615896516473,-880.4497006909146
4672.9298189291385,5100.828731481976,-427.8989125528378
4652.858815500342,4957.480604549171,-304.62178904882967
4663.307667742337,4900.109270160774,-236.80160241843714
4666.063961244178,5053.5890864767525,-387.5251252325743
4660.446212215547,5054.915740677795,-394.4695284622476
4654.504060901676,4793.961747036438,-139.4576861347623
4644.1573974508365,4317.909154231085,326.2482432197512
4667.957025222949,4121.611010565212,546.3460146577363
4680.402273204812,4780.191422168275,-99.78914896346214
3808.0209587547506,4759.836349054484,-951.8153902997337
3819.623437526827,3984.4778355671597,-164.85439804033285
3808.6451584564347,4621.3564405664665,-812.7112821100318
3802.0788200503157,4652.068603540945,-849.9897834906296
3798.9998641308393,3860.051813120327,-61.051948989487755
3789.812001821328,4953.538167171581,-1163.7261653502533
4393.805578236645,4321.476162185105,72.32941605153974
4373.451026472781,3823.411088181264,550.0399382915175
4365.974178166442,3817.8086644908913,548.1655136755503
4382.554474386949,4981.468902280332,-598.9144278933836
4386.699176892825,3872.7516576565154,513.9475192363093
4367.134818448813,3932.979423136443,434.1553953123703
4356.792195050811,5023.081008907499,-666.2888138566886
4390.118677492024,5057.336981145292,-667.2183036532679
5027.163713380078,5064.733708848977,-37.569995468898924
5008.923628386202,4404.284818321432,604.63881006477
5024.555125697778,3843.9046289834123,1180.6504967143655
4998.3519021516595,3818.8514362803,1179.5004658713597
5020.174226065046,4808.694057710402,211.48016835464387
5021.428412700714,4263.799727380262,757.628685320452
5020.782800347631,3843.4554367489977,1177.327363598633
5012.237670027358,4255.290944704347,756.9467253230114
5021.15327416281,3292.905773029669,1728.2475011331408
5008.282479803394,4223.461773502427,784.8207063009677
4392.242403039087,4988.562290158848,-596.319887119761
4379.577005718708,5051.80982237287,-672.232816654162
4361.451154707048,4238.299490143988,123.15166456305997
4366.186255774602,4243.611068031033,122.57518774356868
4378.25131313388,3831.4538160252064,546.7974971086737
4373.011528579157,4403.4899040092505,-30.478375430093365
4387.347095207773,4808.525165501255,-421.17807029348205
4384.0225340217185,4765.647022443296,-381.62448842157755
3806.169931524122,4477.611045927149,-671.4411144030264
3820.133831655577,4126.297854169394,-306.1640225138167
3800.318217649587,4010.0391668591997,-209.72094920961263
3807.317592790567,5040.968011752713,-1233.6504189621464
3804.7388652577683,3339.1711511914,465.56771406636835
3808.7818983228394,3760.715520836372,48.066377486467445
3366.3791181871934,4265.533345535824,-899.1542273486307
3359.125651531901,3409.626663610243,-50.50101207834223
3357.44926573171,3844.949310758119,-487.50004502640877
3362.552345778695,4777.009763110518,-1414.4574173318233
3367.34964270434,4766.953648463957,-1399.6040057596165
3346.22633016369,5036.496932743069,-1690.270602579379
3349.821854514467,3822.2700443638723,-472.4481898494055
3348.649854994437,5041.8461872348,-1693.1963322403626
3356.7459252408576,4609.535204821869,-1252.7892795810117
3353.642548182071,3867.898307487666,-514.2557593055949
3361.29663058542,4622.998433434268,-1261.7018028488478
3363.3904764070903,3741.2899248516514,-377.89944844456113
3363.795303776073,4759.953048547966,-1396.1577447718932
4303.116495999093,4258.4838876331805,44.63260836591235
4292.443558274247,4748.709933857428,-456.2663755831809
4297.0149535290775,4789.41736648397,-492.4024129548925
4311.50743082882,4526.372648985709,-214.86521815688866
4293.105825625157,4386.322999706073,-93.21717408091536
4297.538040473955,3613.3015026861544,684.2365377878009
4298.568268308471,3604.712902921919,693.8553653865515
4295.089235747378,4675.860381360134,-380.7711456127563
4295.237341671445,3609.977006493286,685.2603351781595
4293.993181889164,3967.3906945689378,326.6024873202259
4311.472041351347,3984.7636207329465,326.7084206184004
4308.33560274357,3974.189864465892,334.14573827767845
3615.986200525649,4784.000108733382,-1168.013908207733
3591.814607474664,3843.5967040243104,-251.7820965496462
4097.3366886537615,4339.101825529772,-241.76513687601073
4094.9034593313722,4415.778352385172,-320.87489305379995
4088.4266100966956,4401.62449520785,-313.19788511115394
4098.771769604797,3949.6417541724536,149.13001543234304
4096.106220102016,3123.608937538547,972.4972825634691
4077.48147306512,3928.5928074124986,148.8886656526215
4098.914491996055,4123.360314148544,-24.44582215248829
4079.830604377338,5033.424351492771,-953.593747115433
4654.280119167139,4223.055739670683,431.2243794964561
4654.808387296337,4399.150145553942,255.65824174239515
4680.402273204812,3751.56091136213,928.8413618426825
4646.789423935477,4819.08231009741,-172.29288616193298
4657.48746383081,4406.005659993922,251.4818038368885
4655.830200458238,4603.728254269982,52.10194618825608
4655.058973871002,4393.699847548441,261.3591263225617
4668.143851971074,4615.124106339758,53.019745631315345
4657.628787786964,4260.031136360705,397.5976514262584
3827.794059781939,4529.980343867728,-702.1862840857893
3815.4857892921086,4479.944517868056,-664.4587285759476
3821.400144036251,4553.217537954592,-731.8173939183416
3815.2000804096483,4344.587968532261,-529.3878881226124
3807.9618771718433,4761.363571147806,-953.4016939759631
3813.700826761346,4411.086857741526,-597.3860309801798
4372.491497305485,3939.0427072246557,433.448790080829
4367.233233133001,4390.84141176346,-23.608178630459406
4374.207067654822,4898.197577912311,-523.9905102574894
4381.106250262088,4120.159055509112,260.94719475297643
4376.4089086592585,4404.16454287854,-27.75563421928109
4371.8379043426685,4504.32083532477,-132.4829309821016
4392.998616371852,3707.352300953172,685.6463154186804
4392.242403039087,4205.619712341189,186.62269069789727
5011.910504913481,5048.088090366586,-36.17758545310426
5017.324146537608,4119.721834500336,897.602312037272
5022.496199860551,4400.669432475174,621.826767385377
5004.766117333728,4405.718928075483,599.0471892582455
5005.862838565029,4598.187881616457,407.6749569485719
5020.374750954542,5016.012034580488,4.362716374053889
4997.485867676179,3604.3828803794263,1393.1029872967524
5000.399554748454,4960.071441914675,40.328112833778505
5010.3117414553435,5118.495016681062,-108.18327522571872
5021.569643591112,3847.7696187467545,1173.8000248443577
4389.199916543887,4411.301982716819,-22.1020661729317
4378.9916861362835,3937.546870037039,441.4448160992447
4385.3827358816025,3875.0575141660674,510.325221715535
4379.933071328064,4614.078366673097,-234.14529534503254
4396.715815814536,4978.91499894347,-582.1991831289342
4366.436947074299,4388.432170968828,-21.995223894529772
4360.4361874689475,3925.324065244455,435.1121222244924
4377.0296578111565,4398.1576408874735,-21.127983076316923
3799.693535123448,3477.084036946878,322.60949817657
3816.0000172507584,3624.4712740625077,191.5287431882507
3795.8710859275297,4741.496369598778,-945.6252836712483
3816.8169709799336,5047.375547221937,-1230.5585762420037
3814.8610144610266,4770.7113725563295,-955.8503580953029
3805.670143251771,4509.450329073819,-703.7801858220482
3348.8998537666635,4756.581956828096,-1407.6821030614324
3355.838241042943,4662.054214358283,-1306.2159733153403
3366.1955006512608,4613.413588476235,-1247.2180878249746
3359.943448711633,5050.608283298939,-1690.6648345873054
3350.932967092758,5031.597396008846,-1680.6644289160877
3362.4675521467993,4339.050174068216,-976.5826219214164
3360.38818588743,4536.382724206191,-1175.9945383187605
3355.4245020405433,4761.41213303116,-1405.9876309906167
3355.3307569671438,4609.153426194903,-1253.822669227759
3349.3559161692283,4947.884264404031,-1598.5283482348023
3354.8488772137734,5052.879017620717,-1698.0301404069432
3354.725739710772,3614.8226400687154,-260.09690035794347
3346.867632249431,4296.432278641229,-949.5646463917974
4303.116495999093,3289.568661790418,1013.5478342086749
4298.01701178395,5043.987318049225,-745.9703062652752
4298.5990302511655,4682.647519663945,-384.0484894127794
4311.718536144945,3694.144397443056,617.5741387018888
4293.316211913725,4499.99149643954,-206.6752845258152
4298.568268308471,3400.8206289899895,897.7476393184811
4286.696406782251,4387.867393114775,-101.17098633252408
4321.031103659591,4847.645043600233,-526.613939940642
4302.321610822124,4396.380078397899,-94.05846757577456
4308.374936387743,4985.525029928532,-677.1500935407885
4327.116359931833,3965.0409549894384,362.0754049423949
4300.054076212166,3470.003946255325,830.0501299568414
3596.2382758706062,3616.2553372355565,-20.017061364950223
3601.5824333578507,4582.253726380747,-980.6712930228964
4095.1661958255586,5042.41126199456,-947.2450661690013
4096.106220102016,4270.429470593812,-174.323250491796
4096.907358652918,3623.1371195905185,473.7702390623999
4087.261531051435,5030.956827843929,-943.695296792494
4090.610364672765,4186.518128746874,-95.90776407410885
4090.837462480198,4400.086717818961,-309.24925533876285
4109.740140547517,3705.581696652096,404.15844389542053
4090.4698396420076,4401.62884380364,-311.1590041616323
4659.903595235359,3830.7008817197293,829.2027135156295
4653.684651936149,4324.771326533336,328.9133254028129
4639.567898632411,5095.801963133829,-456.2340645014183
4657.628787786964,3125.630588289646,1531.9981994973177
4649.079582137056,4755.044414472542,-105.96483233548588
4664.54668485357,4410.685405689495,253.8612791640744
4646.026531933099,5022.679777858937,-376.65324592583784
4652.683843085711,5049.356643871798,-396.67280078608746
4669.527753528678,3835.409225937775,834.1185275909029
3817.7896211514894,5058.832952423526,-1241.0433312720365
3797.718221595298,4248.297880474868,-450.57965887957016
3805.1399565316,3865.559525036546,-60.4195685049458
3819.5340306540606,4265.74663646613,-446.2126058120698
3800.819143476026,4250.663731812008,-449.8445883359823
3805.4284634157893,4392.853779659378,-587.4253162435889
4387.315584276532,3987.6690202139557,399.6465640625761
4361.451154707047,3819.511463530034,541.9396911770132
4376.146800675111,4754.892628907862,-378.7458282327507
4373.011528579158,4255.98576604233,117.02576253682764
4380.473536823201,3622.92077093666,757.5527658865412
4379.484556069777,4406.605747272082,-27.121191202305454
4359.667945268688,4499.387741782035,-139.71979651334732
4371.003195595041,5073.123385162279,-702.1201895672384
5021.569643591112,4406.781166670283,614.7884769208295
5023.482109333127,3942.5744719724285,1080.9076373606981
5009.412710523654,3335.7377748444082,1673.6749356792457
5026.293043112895,3630.610512166664,1395.682530946231
5023.391905520604,3877.8664553851368,1145.5254501354675
5001.683501608224,3402.9258866588007,1598.7576149494234
5010.007384345865,4115.594073326141,894.4133110197236
5004.657334593258,4751.549645558676,253.1076890345821
5025.622737893408,5061.485793570016,-35.86305567660747
5011.5159093471175,4973.0592061313855,38.45670321573198
4384.3678658483705,4969.773138238813,-585.4052723904424
4379.24397330955,4114.412275938617,264.8316973709325
4375.9655021379485,4512.393677770822,-136.42817563287372
4372.307351799448,4431.562288891774,-59.254937092326145
4378.8568802625405,4262.341426272067,116.51545399047336
4373.412082208295,4184.271449792437,189.1406324158579
4384.0636708885795,4264.385414159513,119.67825672906656
4376.420079082588,4113.447379658466,262.97269942412186
3799.7901266475756,5029.31952635212,-1229.5293997045446
3799.0604285940394,3479.731986610422,319.32844198361727
3800.1658316584835,4951.104155423899,-1150.9383237654156
3795.512501087298,4244.600684751275,-449.08818366397736
3806.091092582292,4967.448020848299,-1161.3569282660073
3795.073673893575,4750.316122599518,-955.2424487059434
3355.2508153627045,5044.316673399692,-1689.0658580369877
3350.403744240617,4746.6572221461465,-1396.2534779055295
3349.796590636047,5112.689020885269,-1762.8924302492223
3374.7901298975457,3847.4021271025476,-472.6119972050019
3368.656095763936,4268.832882281423,-900.176786517487
3370.49936004664,4626.641451973827,-1256.1420919271873
3358.8950288155193,3942.727550775731,-583.8325219602116
3360.7229910564342,4405.247208728012,-1044.5242176715778
3357.330482466274,3622.1959240570077,-264.86544159073355
3365.4166019236836,4336.901752524548,-971.4851506008645
3372.9173774337437,5114.149026006355,-1741.231648572611
3372.8122078332285,4838.2487704100195,-1465.436562576791
3362.783209053025,3936.891265087174,-574.1080560341488
4303.116495999093,4403.999090296174,-100.88259429708069
4295.566557489226,5034.988478255295,-739.421920766069
4323.590467077853,4776.34346864282,-452.75300156496724
4308.310993236718,4547.062392683735,-238.75139944701732
4298.756192589743,5039.9497114277665,-741.1935188380239
4295.089235747378,4104.246115164099,190.8431205832785
4321.031103659591,4528.011959801214,-206.980856141623
4304.236911394163,4758.815422722348,-454.5785113281845
4301.502977487021,3430.2860203574032,871.2169571296176
4310.054930217264,3833.176005162768,476.878925054496
4309.415310504878,4339.101825529772,-29.686515024894106
4308.127741859907,4337.149655782949,-29.02191392304212
3597.5011990755324,4478.7770480229065,-881.275848947374
3598.5056738629905,4236.517563905626,-638.0118900426355
4096.389880517388,4272.068844456716,-175.67896393932824
4079.830604377338,3858.129696207173,221.70090817016535
4080.1339011802042,4501.1476298304715,-421.01372865026724
4090.2836104349353,4541.386191881438,-451.1025814465029
4090.4698396420076,3309.1595200160523,781.3103196259553
4078.4672784248874,3724.9746856844927,353.4925927403947
4080.149278265213,4973.282363520894,-893.1330852556812
4078.3064250098037,4754.491248442908,-676.1848234331042
4658.890858974696,3846.2370719811756,812.6537869935205
4659.620424839288,3949.145278169038,710.4751466702496
4646.026531933099,4245.755715326353,400.27081660674594
4654.24469394043,3867.6352547188103,786.6094392216196
4642.727726443534,4493.954943019872,148.77278342366208
4663.551117556125,4966.204832279581,-302.6537147234558
4666.9304894408015,4766.452932859389,-99.5224434185875
4653.926690942507,3696.4830146216605,957.4436763208464
4652.466458899621,5033.494300578463,-381.02784167884147
3807.821840163761,4606.392711852494,-798.5708716887334
3805.2883227488483,4947.030261988753,-1141.7419392399052
3811.042251826537,4130.178505454892,-319.136253628355
3806.298438695786,4229.048675217534,-422.75023652174787
3800.6421013761696,4388.04233333783,-587.4002319616607
3806.1699315241217,3616.8524030072963,189.3175285168254
4373.637970524119,3824.711359118006,548.9266114061129
4387.795582523216,3420.0098353874782,967.7857471357374
4393.004193776444,4524.128506980423,-131.124313203979
4378.991686136284,4260.4367606138885,118.55492552239593
4377.643364640971,4404.96642464563,-27.323060004658146
4389.149143247783,4268.668460384017,120.48068286376656
4362.338946270409,4743.06149341771,-380.72254714730116
4374.422872958183,4398.943116958851,-24.520244000667844
5012.929566010782,4513.1795771604675,499.74998885031437
5001.87765727355,4284.32926779879,717.5483894747595
5020.1600729693055,4981.826047229061,38.334025740244215
5022.648730869517,4608.213547807924,414.4351830615924
5002.413938777816,4393.658349383073,608.7555893947429
5010.805880643913,3620.496203498503,1390.3096771454102
5019.897517146774,3848.3427416512063,1171.5547754955674
5012.218237990686,3435.3264991963347,1576.8917387943516
5001.967021209279,4949.930943844704,52.03607736457434
5001.839469699202,4466.183065840797,535.6564038584047
4373.022506789613,5044.518306319225,-671.4957995296127
4367.876184279083,5033.380089560845,-665.503905281762
4377.661986276331,5057.228175401528,-679.5661891251966
4373.435129539641,5038.894888130107,-665.4597585904658
4400.685387287809,3641.1396601368506,759.5457271509586
4371.42749810451,3833.5028052657144,537.9246928387956
4377.744713572598,4431.306588486363,-53.56187491376477
4371.288954424394,4604.244832219257,-232.95587779486232
3804.675532529359,5039.0681366258295,-1234.3926040964707
3811.023554730768,5052.477137290957,-1241.4535825601893
3812.8269484981547,3846.436859348765,-33.609910850610504
3809.897759762679,4760.733521488118,-950.8357617254387
3820.858372817448,4638.019283866148,-817.1609110486997
3806.7165578125537,4758.5082415044935,-951.7916836919399
3355.94602843142,4402.315458039,-1046.36942960758
3355.859486656546,4394.882127565274,-1039.0226409087277
3359.4173105468008,4757.189101466645,-1397.7717909198445
3356.470047179191,4602.67289447419,-1246.2028472949987
3356.2563248264573,4244.5231445050795,-888.2668196786221
3355.5678388348742,4506.631178001999,-1151.0633391671245
3364.568872718301,3665.365311280051,-300.79643856175016
3365.5964677818274,4763.19868973496,-1397.6022219531324
3353.8038562331503,4966.914497318525,-1613.1106410853745
3358.198314890478,4507.743159144328,-1149.5448442538504
3356.370927395247,4254.922461546357,-898.5515341511104
3350.6013789586873,4395.840585993786,-1045.2392070350984
3362.029183016095,4620.832701158756,-1258.8035181426612
4303.116495999093,4784.146389262693,-481.02989326360057
4310.254532393478,4413.2052661891985,-102.95073379572023
4302.98535888763,4258.1298699285035,44.85548895912689
4293.316211913725,4106.914966407598,186.40124550612745
4323.933406135142,4130.842994485969,193.0904116491729
4295.237341671445,4323.323318668132,-28.08597699668644
4302.321610822124,5047.992195424015,-745.6705846018913
4301.502977487021,3296.251763335328,1005.2512141516927
4299.8690422724885,4573.843451653853,-273.97440938136424
4304.411251631661,3595.4954497293106,708.9158019023503
4300.1510670613825,4249.629220179179,50.521846882203135
4322.814743976964,4770.959406187544,-448.14466221058046
3597.2226102107065,4270.438955676427,-673.2163454657207
3591.745205675176,4614.222011964381,-1022.4768062892049
4080.1339011802042,4746.746162865469,-666.6122616852649
4109.740140547517,4419.332730418702,-309.59258987118574
4101.746368020593,4533.469564417431,-431.7231963968379
4083.832128719895,4508.388834196701,-424.5567054768062
4069.960232948131,3987.496122784818,82.46411016331285
4086.5744738922235,4753.94299949432,-667.3685256020967
4099.6078582665805,4123.997119243228,-24.389260976647165
4083.530610820373,4745.021421497714,-661.490810677341
4669.8432952776575,4764.0799918948715,-94.23669661721397
4655.369588954766,5110.7677259394195,-455.3981369846533
4647.930992023169,3748.194933659249,899.7360583639202
4661.3241574263275,5057.533255725474,-396.2090982991467
4657.350806567675,4656.781158078681,0.5696484889940621
4651.9780546037255,4400.911900446484,251.06615415724173
4664.163083113453,4400.760483744516,263.40259936893654
4645.91777946136,4243.611068031033,402.3067114303267
4651.516673992619,5040.729005306059,-389.2123313134398
3818.329933273617,5047.967236170163,-1229.6373028965463
3820.133831655578,3841.973789313529,-21.83995765795089
3807.317592790567,4607.220038393493,-799.9024456029265
3808.781898322839,3760.715520836372,48.06637748646699
3806.326103529622,3345.189610363437,461.13649316618466
3820.860514879545,4770.791795693813,-949.9312808142677
4369.24032876154,4468.365553729949,-99.12522496840938
4365.33490649445,5038.2519672414055,-672.9170607469559
4375.805459747828,4410.461313412306,-34.655853664477945
4381.1427290628835,3442.2812707662533,938.8614582966302
4369.213257473132,4388.779907633692,-19.56665016056013
4379.24397330955,4406.326717940762,-27.082744631212336
4370.41138168474,3836.447513488307,533.9638681964334
4383.453356633245,4977.263361284017,-593.8100046507725
5011.471012038897,3761.706494064284,1249.7645179746132
5001.178223520591,4426.042407920065,575.1358156005263
5001.003817703972,4747.835941540294,253.16787616367856
5004.887452203278,4953.977660095811,50.90979210746718
5003.245826933243,3836.7854233938315,1166.4604035394113
5017.000502892969,3974.8254723944037,1042.1750304985653
5004.046231834357,3297.6251444201034,1706.4210874142536
5014.189032528618,4757.918297241395,256.27073528722303
5028.096887916699,4446.389944020154,581.7069438965455
5038.581989215405,4462.661475137785,575.9205140776203
4394.413400638103,2852.28459525648,1542.128805381623
4388.614440344262,3113.897127374847,1274.7173129694152
4386.901309675006,4968.333256460905,-581.4319467858995
4379.167587223895,3472.2560543907866,906.9115328331081
4375.849996907959,4610.483825059064,-234.63382815110435
4390.206271281681,4516.0321655383195,-125.8258942566381
4404.136513708043,4429.795683079071,-25.65916937102793
4387.945782056523,4415.627453599137,-27.681671542613913
3805.571090670546,4436.188952017707,-630.6178613471616
3808.270838006,4545.514839990312,-737.244001984312
3810.91501825762,4045.2290003840617,-234.31398212644172
3819.0558226307207,3117.3062672623782,701.7495553683425
3805.043923220954,4750.431576568674,-945.3876533477201
3806.1408801254606,4257.372795887266,-451.23191576180534
3347.851753298795,3963.8131629916984,-615.9614096929035
3350.6013789586873,4375.756563240495,-1025.1551842818076
3367.3475293490874,5062.797493285689,-1695.4499639366013
3370.117582329533,4982.262763630504,-1612.1451813009712
3357.953863402489,3829.9575989667123,-472.00373556422346
3357.8581263155374,3618.2078190436932,-260.3496927281558
3355.4211450211974,3591.5731166053174,-236.15197158412002
3375.607604717929,3996.5990738410937,-620.9914691231647
3372.3427817301363,3633.648695904702,-261.3059141745657
3353.9947982930944,5114.445652085318,-1760.4508537922238
3366.6215414465278,3837.161500717739,-470.53995927121105
3360.063420926433,4616.842177364058,-1256.7787564376254
3374.4553529093578,4033.970190803748,-659.5148378943904
4303.116495999093,4437.563020328676,-134.44652432958355
4304.331094681892,4791.9488622387435,-487.6177675568515
4311.718536144945,4766.891189442994,-455.1726532980492
4297.840668797957,4891.614544011661,-593.7738752137038
4286.696406782251,3961.4726979283805,325.22370885387045
4293.993181889164,3691.346909238621,602.6462726505429
4308.374936387743,5059.211714488696,-750.8367781009529
4310.054930217264,4551.345780232144,-241.29085001487965
4304.411251631661,4253.7302539555785,50.68099767608237
4321.891887222845,3778.0875379092986,543.8043493135465
4313.249397509276,4266.092709986688,47.15668752258807
4298.258687629486,4827.619643719418,-529.3609560899313
3592.8041399254107,4974.150501692893,-1381.3463617674824
3586.3004936005223,4432.433382957695,-846.1328893571731
4090.4698396420076,4974.3601442042645,-883.8903045622569
4082.1978711019674,3408.441792139268,673.7560789626996
4069.960232948131,3987.496122784818,82.46411016331285
4097.948300877735,4912.8507648546065,-814.9024639768713
4098.082653168156,4402.332334142545,-304.24968097438887
4088.1900900945766,4440.072220227899,-351.8821301333228
4096.534787585667,5136.205905394217,-1039.6711178085498
4097.353798568777,4404.116711916839,-306.7629133480623
4658.446905779391,3973.1123855314722,685.334520247919
4640.8224950665535,3854.840241596687,785.9822534698665
4651.9780546037255,4965.516952931499,-313.5388983277735
4656.684089514693,4792.72721113628,-136.04312162158658
4656.287541173806,4404.804940179998,251.48260099380786
4668.745551219739,4407.019435650283,261.72611556945594
4663.537914807358,3609.384911660465,1054.1530031468928
4661.333236581963,4761.968168617202,-100.63493203523831
4670.909848153919,4977.170623168134,-306.26077501421514
3819.2315401572714,4977.556849936511,-1158.3253097792394
3820.860514879545,3878.1052075481953,-57.24469266865026
3807.2825417675735,4980.5285750351695,-1173.246033267596
3808.823736787638,4971.36781841997,-1162.5440816323317
3799.693535123448,4432.000440221922,-632.3069050984741
3809.7278915894412,3193.907688360608,615.8202032288332
4379.154492280878,4930.398810926641,-551.2443186457631
4375.96550213795,4899.562096708014,-523.5965945700636
4369.286153438953,5042.621101114891,-673.3349476759377
4373.412082208295,3869.8329724098303,503.57910979846474
4367.283464858517,4506.227797527804,-138.94433266928718
4368.024822146118,4466.183065840797,-98.15824369467919
4383.167577548557,4488.572519698311,-105.40494214975388
4365.813193234916,4389.757696531775,-23.944503296858784
5003.843948565235,4396.492141824756,607.3518067404793
5007.259885510865,4607.298135772021,399.96174973884445
4999.181414880644,4390.469659093862,608.7117557867823
5038.581989215405,4273.526939852739,765.0550493626661
5004.306243984357,3934.9110409291457,1069.3952030552114
5013.386390261723,3977.5904974097293,1035.7958928519938
5029.731912735629,4632.040976080426,397.6909366552027
5021.051409253289,4768.019500677627,253.03190857566278
5024.888134854328,4169.917124112337,854.9710107419914
5016.946872919524,3826.778848433865,1190.1680244856593
4389.308694953074,3986.0982874586484,403.2104074944259
4372.580808740696,4964.896230125619,-592.315421384923
4365.519999719053,4749.321682059458,-383.801682340405
4385.427702816524,4668.864810289685,-283.4371074731607
4376.791536749779,4404.443303419942,-27.651766670162942
4388.488524475417,4415.808662949837,-27.320138474419764
4389.130482148414,4033.18591556109,355.9445665873236
4366.010930373007,4790.212878042318,-424.20194766931127
3810.10055715948,3765.1810477187732,44.91950944070686
3819.18012088245,4407.5286403907685,-588.3485195083185
3824.9735156030342,4767.887355401879,-942.913839798845
3796.5060446561433,4244.9584374475935,-448.45239279145017
3811.352150492475,3829.991903980721,-18.639753488245788
3798.8599773538317,3966.7352316929973,-167.87525433916562
3370.713311341867,3356.3129764783857,14.400334863481476
3337.1633922476235,4484.874202145799,-1147.7108098981757
3358.1699669134146,4395.789398005311,-1037.6194310918968
3374.4553529093578,3857.5975229072733,-483.1421699979155
3362.1592106406533,2940.612951860028,421.5462587806255
3358.504222099384,3947.5313126937485,-589.0270905943644
3363.4005913622896,5050.813739741631,-1687.4131483793417
3354.566291411037,4394.455220682327,-1039.8889292712902
3354.398039957622,5118.548657973841,-1764.1506180162187
3359.8336247809466,5112.735737831999,-1752.9021130510528
3357.077940899578,4339.11856598817,-982.0406250885922
3344.809794548578,4247.23865066296,-902.4288561143821
3360.9193346132975,5120.451095171001,-1759.5317605577034
4303.116495999093,3866.390211189358,436.7262848097348
4297.0149535290775,4433.260709908082,-136.2457563790049
4293.105825625157,4249.648479256083,43.457346369074
4298.568268308471,4255.732899434703,42.83536887376795
4295.237341671445,5030.112863155047,-734.8755214836019
4311.472041351347,4387.698493853217,-76.22645250186997
4327.116359931833,4823.955754457002,-496.83939452516825
4309.415310504878,4975.936209433574,-666.5208989286957
4300.1510670613825,3685.624254085693,614.5268129756896
4313.249397509276,3312.668530977489,1000.5808665317868
4311.3198669878,4979.079078103227,-667.7592111154272
4295.493650457146,3854.2613997539565,441.2322507031895
3610.2480527316393,5064.738605173116,-1454.4905524414771
3594.399286506286,3873.6072705215483,-279.20798401526235
4080.149278265213,5047.292839256148,-967.1435609909349
4093.8997674534635,4404.462338995258,-310.5625715417941
4099.6078582665805,3875.246711618384,224.3611466481966
4098.938597704063,5061.687430757349,-962.748833053286
4096.534787585667,4241.084366449525,-144.5495788638582
4082.7154853904945,4463.704592467496,-380.98910707700134
4095.569290995311,5126.428468127883,-1030.8591771325723
4085.050721888145,4961.683434494929,-876.6327126067845
4674.136374983041,4962.734777717884,-288.59840273484315
4661.447681780885,4763.057072444896,-101.60939066401079
4651.516673992619,5033.533211522225,-382.01653752960647
4665.579971908114,4400.32436558687,265.25560632124416
4647.7528033675235,4227.591013863988,420.16178950353515
4670.909848153919,3593.021716469232,1077.8881316846864
4658.977695491577,4230.873342419115,428.1043530724619
4658.4562942843,3871.691302662983,786.7649916213172
4646.892783811289,3402.9258866588007,1243.966897152488
3809.876225562753,3700.1568375194665,109.71938804328647
3816.000017250758,3836.99184188996,-20.99182463920215
3816.816970979934,4762.771251701468,-945.9542807215339
3805.670143251771,4399.501522401298,-593.8313791495266
3806.3472309318327,4256.735557794995,-450.3883268631621
3808.2360136215334,4225.616755810755,-417.380742189222
4386.675839251755,5058.7647584685255,-672.0889192167706
4382.490895779351,4162.266663614756,220.22423216459538
4365.059551542486,4534.863768707011,-169.80421716452565
4379.97188536474,4408.2194176367275,-28.24753227198744
4367.854980478384,3605.7892290688746,762.0657514095096
4371.427498104509,4106.818207744978,264.60929035953086
4380.857829063665,3617.4082831320316,763.4495459316336
4394.413400638102,3632.73242234648,761.6809782916221
5013.386390261723,4292.7710879517335,720.6153023099896
5018.868590868629,5054.8900694142985,-36.0214785456692
5017.388197024235,4409.584328147127,607.8038688771076
5019.3344355341615,5054.283630199972,-34.949194665810865
5006.981929430467,4830.965823812236,176.01610561823145
5015.760056042018,3876.209158183543,1139.5508978584749
5010.980685611117,5036.1248239784545,-25.14413836733729
5011.783083836635,4334.334915069389,677.448168767246
5027.063790200961,4765.139844946187,261.9239452547745
5015.872601647061,2949.5556761318944,2066.3169255151665
4383.038802572042,4405.709092634625,-22.670290062583263
4374.435090095606,4603.087488167914,-228.65239807230773
4373.129667604751,3621.902202992953,751.2274646117985
4373.807828929692,4752.347980219485,-378.54015128979336
4375.762357501162,3967.6845292967337,408.07782820442844
4373.656640750987,3341.1601746107053,1032.4964661402819
4374.823388726618,4405.875217993409,-31.051829266791174
4383.628698233042,4410.8008877970005,-27.172189563958455
3787.1865756592315,4380.664379670897,-593.4778040116653
3811.758536956014,4662.216992658283,-850.458455702269
3815.7876869847114,3313.390702542705,502.3969844420062
3817.349087926382,4420.376092489965,-603.0270045635834
3830.4966116459523,3852.534631193984,-22.03801954803157
3820.197841929969,4410.004032817487,-589.8061908875184
3365.2936399975956,5054.154961647914,-1688.8613216503186
3377.3996795536204,3958.566813991837,-581.1671344382166
3350.4562915533056,5033.785327961261,-1683.3290364079553
3344.809794548578,4782.367495799873,-1437.557701251295
3349.3567437041447,4256.910856750822,-907.5541130466772
3363.651088542893,4378.457459398667,-1014.8063708557743
3369.680343248322,4985.535477103977,-1615.8551338556554
3368.503542876421,3770.4463033310335,-401.94276045461265
3363.3445420615494,3831.1518214800467,-467.8072794184973
3342.1917138943327,3924.021867256477,-581.8301533621443
3377.1109875750117,3781.5239891978367,-404.41300162282505
3356.7240064586845,4288.787484431101,-932.0634779724164
3362.8241470125677,3841.9159064974588,-479.0917594848911
4303.116495999093,3301.327206823727,1001.7892891753659
4293.709830992364,4218.789024754861,74.9208062375028
4303.275433440327,4753.68511544542,-450.4096820050927
4310.5928615504,3842.1872366030507,468.4056249473492
4311.317384053393,5053.0342677821245,-741.7168837287318
4308.33560274357,3611.594594903059,696.7410078405114
4300.054076212166,3936.0060438759992,364.0480323361671
4308.127741859907,4963.524082202109,-655.3963403422022
4322.814743976964,4530.386252396469,-207.57150841950534
4298.258687629486,4749.543480834337,-451.28479320485076
4295.493650457146,4801.619844891375,-506.12619443422864
4296.780900045522,4959.428658000559,-662.6477579550374
3593.4059955134253,4903.1359424899065,-1309.7299469764812
3604.0411689325956,5076.490069288198,-1472.4489003556027
4097.278111317474,4400.344453268547,-303.0663419510729
4103.594569984998,4768.634392427282,-665.0398224422843
4105.027542035645,4842.332855496688,-737.3053134610436
4087.33246282961,3685.9549782693534,401.37748456025656
4089.122479362063,4756.870688738143,-667.74820937608
4100.260505154949,4406.6127669483085,-306.3522617933595
4106.050577193864,4978.018337597345,-871.9677604034805
4095.8552624996937,3830.0101962474973,265.8450662521964
4648.186164929014,4184.3916873413655,463.79447758764854
4652.401286235308,4598.606507973199,53.7947782621095
4650.539412058874,4652.384269547019,-1.844857488144953
4666.351749695576,3841.6553559092913,824.6963937862843
4676.6146198800625,5135.438853506617,-458.8242336265548
4660.137390666606,4728.748441117614,-68.61105045100794
4652.994617312665,5044.689966644218,-391.6953493315532
4671.368803557036,3325.2521995926136,1346.1166039644222
4665.999934030619,5020.846089881114,-354.84615585049414
3798.905737278822,3818.650442287013,-19.744705008190977
3812.696854849393,3982.9636403294576,-170.26678548006475
3804.671838850752,3827.4441173385558,-22.77227848780376
3801.3435942969227,4396.514917133917,-595.1713228369945
3809.6046692314003,3764.3005699772616,45.30409925413869
3795.512501087298,3962.416595246931,-166.90409415963313
4390.528077332536,3704.9231768182012,685.6049005143345
4387.824240530459,5049.531080919529,-661.7068403890698
4375.4136838712175,4252.179398833312,123.23428503790547
4394.413400638102,3529.40732036353,865.006080274572
4373.83501738195,3826.085440877499,547.7495765044509
4378.175675963252,3707.1719361479004,671.0037398153513
4395.033483714418,4629.956984929919,-234.92350121550044
4388.585040292065,4977.9968881088635,-589.4118478167984
5028.868682378826,4450.119982162447,578.7487002163789
5005.968916701931,4324.1441185829035,681.824798119028
5002.530075173702,3609.419069551895,1393.1110056218072
5026.7815477771255,3771.282399452254,1255.4991483248714
5006.0631101651425,3824.57879970271,1181.4843104624324
5026.098901385577,4404.942998749827,621.15590263575
5009.277610736586,3617.5363302028713,1391.7412805337149
5019.592000552966,3872.425768535933,1147.166232017033
5010.933504254469,4971.19266704629,39.74083720817907
4995.384681170679,3961.1151013954386,1034.2695797752403
4385.303697232169,4614.537065884058,-229.23336865188958
4391.067432545477,4263.6921441755,127.37528836997626
4363.287923146579,4097.283860203338,266.00406294324057
4369.489008047086,4772.376995640304,-402.887987593218
4390.423817655429,3623.589227557429,766.8345900980003
4390.261568335653,3837.9418769795334,552.3196913561192
4387.997642297284,4119.941955394464,268.0556869028205
4377.497833513956,4398.6390425085565,-21.141208994600674
3803.6638600331494,4973.683335886055,-1170.0194758529055
3823.812814135701,5059.161292711861,-1235.3484785761602
3809.324000156577,4933.651096085279,-1124.3270959287024
3805.408851285742,3825.621726179437,-20.21287489369479
3807.4003514010374,3864.2387211667433,-56.83836976570592
3802.9433828257324,5049.411778299622,-1246.4683954738894
3356.899352554702,5051.209734802819,-1694.310382248117
3363.3445420615494,4403.264541598428,-1039.9199995368785
3353.714007528099,4436.418224753254,-1082.7042172251554
3355.695783525276,3287.5794676342957,68.11631589098033
3374.3785702734485,5055.65288723022,-1681.2743169567711
3371.104998303271,4765.105730758511,-1394.0007324552398
3353.728352509603,3833.5266191085993,-479.7982665989962
3359.913225387727,5051.073172774372,-1691.1599473866454
3358.1978545011043,3616.138889117922,-257.9410346168179
3374.8573015158318,3133.5310637863977,241.32623772943407
3349.452689973561,5048.000159775824,-1698.5474698022626
3373.6513464083196,4773.128790270086,-1399.4774438617665
3367.125018626308,3950.5941615450533,-583.4691429187455
4303.116495999093,4251.250530927751,51.865965071341634
4298.5990302511655,3974.9813503471623,323.6176799040031
4293.316211913725,4393.950943776218,-100.63473186249303
4286.696406782251,3743.7241146307733,542.9722921514776
4302.321610822124,3833.7356850757587,468.5859257463653
4327.116359931833,4782.252817278104,-455.1364573462706
4304.411251631661,4972.744566521038,-668.3333148893771
4309.056120420689,4619.402150452288,-310.3460300315992
4312.064651637417,4444.975359695127,-132.9107080577096
4299.353387043218,4974.846365946286,-675.4929789030675
4324.25595435588,4426.362912357814,-102.10695800193389
4303.402656673214,4397.935151012151,-94.5324943389378
3574.31443424804,4641.977681471156,-1067.6632472231158
3582.048744552978,5033.426696516422,-1451.3779519634445
4083.530610820373,3284.80496363865,798.7256471817232
4096.534787585667,4385.209399088665,-288.67461150299823
4081.4065537427246,3608.284589200687,473.1219645420374
4102.982771252817,4980.66694409668,-877.684172843863
4082.3352382843646,4610.421538277862,-528.0862999934975
4078.461827604983,4777.417969852793,-698.9561422478105
4091.0553304197365,5003.310003272106,-912.2546728523694
4089.9664072195483,4610.318687649185,-520.3522804296372
4650.539412058874,4504.6174817247675,145.92193033410695
4665.070821091571,3622.1256270149956,1042.9451940765753
4672.200583132205,3417.531847362588,1254.668735769617
4646.892783811289,4952.56828940623,-305.67550559494157
4653.118577239268,5106.253596962705,-453.1350197234369
4656.049954705767,4399.437309347123,256.61264535864393
4659.710043631217,4406.326717940762,253.3833256904545
4650.646934527237,4400.286539450601,250.36039507663645
4652.789105814937,5041.7187820717745,-388.9296762568374
3811.6525698513515,3623.1412209186524,188.5113489326991
3799.0604285940385,4255.7892566202645,-456.728828026226
3795.512501087298,4431.840519830952,-636.328018743654
3795.073673893575,5033.415861352338,-1238.342187458763
3799.9026508226,3284.47002587894,515.4326249436604
3827.2011253254764,3320.8659475812838,506.3351777441926
4390.794562721377,4125.384450522834,265.41011219854227
4386.901309675005,3986.351795395472,400.549514279533
4383.351456836641,4419.938512449572,-36.58705561293118
4390.206271281681,4415.589896294508,-25.383625012826997
4379.58087382547,4756.2143706984925,-376.6334968730225
4372.580808740696,4508.219356811193,-135.63854807049756
4398.071977104353,4851.433420465447,-453.36144336109373
4391.388392474322,3951.078777179298,440.3096152950243
5015.872601647061,4123.0614223595185,892.8111792875425
4997.960688241797,5026.888855364605,-28.92816712280819
5020.178473575886,4268.4941360546545,751.6843375212311
5020.16967956295,4170.181451255391,849.9882283075585
5028.9599739765,4402.283230749113,626.6767432273873
5011.94891262798,4472.785515979677,539.1633966483023
5004.5078734903245,4780.855309893655,223.6525635966691
5013.318609372905,4543.493296150734,469.82531322217073
5008.142855850814,4968.314986631394,39.82786921941988
5026.604516590118,4777.809114910683,248.7954016794347
4390.261568335653,3696.4017796803523,693.8597886553002
4387.5654190927135,4308.082320802416,79.48309829029768
4366.7682525280725,4387.611736033505,-20.843483505432232
4380.474293344224,4759.541863270734,-379.06756992651026
4383.137091385609,4612.388308933559,-229.25121754794964
4365.752618556602,4386.834116676751,-21.081498120149263
4369.6088602822365,4759.331825945339,-389.7229656631025
4383.692556173518,3694.3842801517585,689.3082760217594
3818.633335668004,4667.239483157142,-848.606147489138
3804.1752586034904,4404.725460895455,-600.550202291965
3790.9411088162055,5031.818604040915,-1240.877495224709
3806.3812347345374,3404.2329224431205,402.1483122914169
3811.570179014733,4915.2310426026515,-1103.6608635879184
3817.578024920503,3882.777620399474,-65.19959547897088
3362.837099878605,4304.341669914473,-941.5045700358678
3357.7442646789036,4542.509551431665,-1184.7652867527618
3346.5644590283314,3930.419011774679,-583.8545527463475
3373.4680348131888,3986.5499072246457,-613.081872411457
3350.3442111174436,3932.2083215270563,-581.8641104096127
3357.6135894180375,3306.4389744133523,51.174615004685165
3354.6803238807365,3941.5550309954833,-586.8747071147468
3359.7393566925143,4759.720493664572,-1399.9811369720578
3353.4486396973375,3121.187113956112,232.26152574122534
3349.0588397983493,3611.5190732373862,-262.460233439037
3353.2362526837164,4510.309040962724,-1157.0727882790075
3371.0753057283637,3836.954211913951,-465.8789061855873
3359.0246469399012,4117.866331296445,-758.8416843565442
4303.116495999093,4398.241218528159,-95.12472252906628
4299.977903058607,5040.114033039159,-740.1361299805521
4299.026547158296,4111.7915771664575,187.23496999183862
4299.698343388053,3931.9170873767675,367.7812560112857
4294.642147695244,4155.342023281706,139.30012441353756
4304.349495380862,4405.912375959942,-101.56288057908023
4312.653900284081,4415.519893996738,-102.86599371265675
4310.970645554179,4266.476468799006,44.4941767551727
4301.588619124865,4111.527292776469,190.0613263483956
4295.998537775335,4611.790961841894,-315.79242406655976
4304.143276284312,4971.071064602405,-666.927788318093
4312.885522932641,4622.857650503131,-309.97212757048965
3582.048744552978,4781.323985120724,-1199.2752405677456
3585.705285865147,5113.0368543392915,-1527.3315684741447
4080.4263832165175,3479.78782621979,600.6385569967274
4090.6055150602583,4020.363183853908,70.24233120635017
4087.1606471930936,3971.631442511851,115.52920468124239
4099.205185656456,3637.760794367749,461.4443912887068
4090.866397844126,3977.1444623159655,113.72193552816043
4081.592241576289,3933.0220990546854,148.57014252160343
4082.591470440388,5031.012922219426,-948.4214517790383
4104.649659614582,5109.552683313775,-1004.903023699193
4676.6146198800625,5070.255200417887,-393.64058053782446
4666.815777225647,3420.7081058507392,1246.107671374908
4653.118577239268,4966.402827335893,-313.2842500966244
4641.625777892382,4093.4665009260607,548.1592769663212
4656.38293664649,4760.07624810556,-103.69331145907017
4649.405095052353,5035.093217123458,-385.6881220711048
4650.698407495648,4255.8381528741675,394.86025462148064
4655.689716434964,3611.9737021434153,1043.7160142915486
4646.355631027907,3723.4033432931565,922.9522877347508
3800.060996098649,4396.0420892697375,-595.9810931710886
3814.652833445004,3871.8466678727355,-57.19383442773142
3808.2668252924313,4475.996620095397,-667.7297948029654
3811.732864591465,4575.462919767808,-763.7300551763428
3812.826948498154,4479.1206332892325,-666.2936847910787
3815.5018593965833,3835.6972175760143,-20.19535817943097
4392.106586565178,4951.724734807916,-559.6181482427382
4376.0307770637755,5038.725512517435,-662.6947354536596
4386.747214043065,4982.096996311123,-595.3497822680583
4378.540164124336,3867.329273568946,511.21089055539005
4366.3576076214285,3287.4763555238005,1078.881252097628
4373.392756340077,5006.387108263327,-632.9943519232502
4392.950644730421,4774.948102917692,-381.99745818727115
4385.1233999208425,4051.673831021631,333.4495688992115
5027.8440598036705,4525.839229352296,502.0048304513748
5005.54307630981,5045.064493239622,-39.521416929811494
5026.984095997214,4526.395294083549,500.5888019136655
5013.318609372905,4435.921033317592,577.3975760553121
5013.946622017788,3967.037723123356,1046.9088988944322
5026.692278615599,4262.5442830642105,764.1479955513887
5006.834383117523,4753.28140371196,253.55297940556375
5033.343021968485,4561.064989450755,472.27803251773
5015.258830348542,4975.516398466693,39.74243188184846
5012.981797820469,4190.478918512554,822.5028793079155
4371.171224571162,3615.3527173343846,755.8185072367778
4376.438402655071,3829.3275975211336,547.110805133937
4375.174219107359,4828.80909697025,-453.6348778628908
4378.639540575754,3309.0668377958145,1069.5727027799394
4376.7498584792675,4755.731817546501,-378.9819590672332
4363.87299862549,3813.1750911431773,550.697907482313
4356.133165361456,3824.06683665109,532.0663287103662
4378.188911344403,3733.605387682984,644.5835236614189
3811.519909072659,4259.783224231566,-448.26331515890706
3806.90811752646,4514.420628085602,-707.5125105591424
3808.003667428406,4602.765504372073,-794.7618369436673
3824.4554323224,4423.696677764193,-599.2412454417927
3803.8748357611785,4755.238514688489,-951.3636789273105
3821.712030536152,4421.9802169698705,-600.2681864337187
3358.634972934006,4828.784133836176,-1470.14916090217
3353.0778231610643,3970.646403026268,-617.5685798652039
3346.717758633687,4389.317738478926,-1042.599979845239
3349.0588397983493,3936.7830608013824,-587.7242210030331
3355.9600618010973,5012.324210616762,-1656.3641488156645
3356.844111713407,4397.674741224665,-1040.830629511258
3371.4865148078015,5053.35226197636,-1681.8657471685583
3359.027466071873,4405.060375443148,-1046.0329093712749
3354.225113742976,4762.1576551662665,-1407.9325414232903
3364.9960477413815,4903.058212420835,-1538.0621646794534
3354.3253843280754,4963.563014793138,-1609.2376304650625
3366.8048893108694,4516.380937003412,-1149.576047692543
3355.898322012396,4258.241253332985,-902.3429313205893
4303.116495999093,4611.932901543645,-308.81640554455225
4323.590467077853,3995.5083019411322,328.0821651367205
4298.756192589743,3760.338119861795,538.4180727279477
4321.031103659591,4275.590695217028,45.44040844256324
4301.502977487021,4830.504113685555,-529.0011361985344
4309.415310504878,4612.672207147974,-303.2568966430963
4309.056120420689,4966.986393927658,-657.9302735069696
4307.695699364604,4121.031234875363,186.66446448924034
4290.413402726793,5033.876338672002,-743.4629359452092
4300.7347167417975,4396.234021275777,-95.49930453397974
4291.709747093017,4318.524923089783,-26.81517599676681
4307.554582319432,4021.835824142288,285.7187581771436
3581.354666510048,4713.524526873701,-1132.1698603636528
3585.263852714227,4959.8685064950605,-1374.6046537808334
4100.314003850654,4267.485833872559,-167.1718300219045
4085.050721888145,5042.083849062365,-957.0331271742198
4087.9794076910384,5126.087217295097,-1038.1078096040583
4086.964965133655,3412.6684134209218,674.2965517127332
4089.9664072195483,4405.606310580877,-315.63990336132883
4102.869898037833,4697.717101463228,-594.8472034253946
4085.4947497323774,4614.599422511746,-529.1046727793682
4099.950315277146,3948.7050546732416,151.24526060390417
4652.994617312665,5078.03076761924,-425.0361503065751
4646.324007495763,4320.330143368611,325.99386412715194
4659.710043631217,4234.392104558824,425.3179390723926
4659.379461077776,4757.03939009985,-97.65992902207381
4650.698407495648,4327.359766229743,323.3386412659047
4645.46398232213,4250.011169770523,395.45281255160626
4649.523655942849,4746.720466348844,-97.19681040599517
4654.087190869186,4656.716998636603,-2.629807767417333
4650.214413623745,4890.59146996095,-240.37705633720543
3802.4565407943273,4402.592936071602,-600.1363952772745
3811.023554730767,4242.468141313386,-431.44458658261874
3809.89775976268,4411.959967334951,-602.0622075722713
3806.7165578125546,4254.255865923769,-447.5393081112147
3807.791018308017,4966.996370692503,-1159.2053523844856
3805.5710906705463,5033.796029074879,-1228.2249384043325
4372.581697671471,3826.5899529613334,545.9917447101379
4387.15360326875,4414.2403445196705,-27.086741250920568
4373.392756340077,4755.398512484909,-382.00575614483205
4374.435090095606,4828.631852963995,-454.19676286838876
4376.639966295638,3942.720265459052,433.91970083658634
4381.65464009,4916.054717986425,-534.4000778964255
4364.312535787703,3750.5177183002443,613.7948174874591
4391.067432545475,4266.281466549715,124.7859659957594
4982.25238976307,4373.607843247899,608.644546515171
5036.840848763623,3700.626584723122,1336.2142640405013
5005.9596225504165,4602.172039383197,403.78758316721905
5021.064902445234,4624.438457989823,396.6264444554108
5008.579713561257,4505.722588555099,502.85712500615864
5028.526269377321,3968.689365772649,1059.836903604672
5000.559196329384,4095.640995025722,904.9182013036616
5014.114947373678,4395.287894867797,618.8270525058806
5003.707605600899,3965.4909545366563,1038.2166510642428
5020.012112496963,5073.537128813211,-53.525016316248184
4382.0368128384835,4190.705511091559,191.3313017469245
4373.92351796097,4186.9613095269415,186.96220843402807
4384.321372235959,3980.1969459931947,404.124426242764
4367.579764577578,5039.84089199358,-672.2611274160017
4380.4422915329305,3616.4937495952695,763.948541937661
4375.402305167004,3827.0738610413223,548.3284441256815
4393.464249304948,3843.994133056221,549.4701162487268
4387.796630026883,5058.723761729069,-670.9271317021867
3813.813100358732,3191.938864388616,621.8742359701159
3808.9055885570215,4506.18915519668,-697.2835666396586
3802.440875553355,3339.5871342101577,462.85374134319727
3803.2443480437505,4511.04573262318,-707.8013845794294
3808.4725514420525,4607.385342891624,-798.9127914495712
3818.012686104726,4621.729754969629,-803.7170688649026
3353.701425945007,4604.9228784148145,-1251.2214524698074
3359.0056079231836,3612.793436185559,-253.78782826237557
3352.9227748150142,4253.278459229313,-900.3556844142986
3351.5197062490042,3585.8976037124776,-234.37789746347335
3358.6261511089097,4611.17644148096,-1252.5502903720508
3348.624369802075,4252.695055709056,-904.070685906981
3354.2208388723097,3613.305820580071,-259.0849817077615
3359.43802002304,4752.650147931068,-1393.2121279080284
3360.0318179968745,3838.085987273377,-478.05416927650276
3353.323553920636,4753.506514901711,-1400.1829609810748
3358.9175684491724,3866.5750982340187,-507.65752978484625
3356.47760729039,4294.381959715857,-937.9043524254671
3357.682960243718,4953.439494422717,-1595.7565341789991
4303.116495999093,4397.428138300029,-94.311642300936
4311.50743082882,3836.04988643329,475.4575443955305
4298.568268308471,5105.838056013954,-807.2697877054834
4293.993181889164,4180.483349822506,113.50983206665751
4327.116359931833,3644.8544930976536,682.2618668341797
4305.784618631498,4409.380038579869,-103.59541994837036
4313.249397509276,3848.7791982624767,464.470199246799
4292.574979631901,5042.710254460559,-750.1352748286572
4324.25595435588,4790.222188874662,-465.9662345187817
4297.772590762713,4758.737457573286,-460.96486681057286
4303.6558771328355,4511.657000120291,-208.00112298745535
4313.985122931457,4970.409939894421,-656.4248169629636
3596.6524425419266,3301.2294090638743,295.4230334780523
3590.231104060035,5045.4520395210475,-1455.2209354610127
4085.050721888145,4432.434352988511,-347.3836311003661
4085.7988327420517,4759.93601863101,-674.1371858889579
4091.0553304197365,4650.896350464319,-559.8410200445824
4078.0114372108237,4148.236361082546,-70.22492387172224
4102.408572600188,3984.0906600616286,118.31791253855909
4095.230051133401,3415.228386848304,680.0016642850969
4079.998656532372,3754.225872492333,325.7727840400389
4087.0015217791124,4536.587971315613,-449.58644953650037
4665.999934030619,4980.488291694158,-314.4883576635384
4651.99699667839,4967.447165499824,-315.4501688214341
4652.789105814937,4510.580261621254,142.20884419368303
4651.825419430559,4394.407072999966,257.4183464305934
4646.355631027907,3401.1183502674544,1245.237280760453
4646.456956526549,4600.7088994571095,45.74805706943971
4650.214413623745,4397.411033712476,252.80337991126908
4675.097415997196,4276.1483926082465,398.9490233889492
4663.2061278027695,5117.482662925917,-454.27653512314737
3811.9396531620832,4974.381702052949,-1162.4420488908654
3823.8338983917324,4130.544256693443,-306.71035830171013
3822.7892085707044,3315.9424994520377,506.8467091186667
3818.156927829404,3629.42136536432,188.73556246508406
3815.2724038098295,4405.955594333594,-590.6831905237641
3818.038758861185,5050.190084296002,-1232.151325434817
4394.963139605688,4919.847651367838,-524.8845117621495
4373.129667604751,4751.656802591881,-378.52713498713
4391.90559750646,4248.005940579972,143.8996569264882
4373.656640750987,4252.433451118444,121.22318963254293
4388.455241927404,4414.758006624976,-26.302764697571547
4352.897620554067,3741.6538358460803,611.2437847079864
4361.935580972763,4099.76589189488,262.16968907788305
4390.261568335652,5061.953791337151,-671.6922230014998
5021.124748662132,4760.662445347508,260.4623033146245
5026.1319484721635,4414.011967866175,612.1199806059885
5011.667911068165,4750.2793941625805,261.38851690558477
5004.51862413013,4962.486317616173,42.03230651395643
5011.123807823641,3612.56958793533,1398.5542198883109
5024.266969433478,4419.717045443959,604.5499239895189
5029.987763718978,4778.188953841506,251.7988098774722
4998.833246005535,4949.281312727987,49.551933277548414
5025.063137516449,4622.738305302255,402.32483221419443
5012.946513123316,4395.940065571423,617.0064475518939
4369.9431282800115,3938.1387212653026,431.8044070147089
4375.402305167004,4761.260809452322,-385.8585042853183
4359.075502641369,4458.843178386693,-99.76767574532369
4371.159900626209,4503.060269177657,-131.90036855144808
4384.249719940822,3700.0756029316008,684.1741170092209
4378.22168222984,4963.835204586404,-585.6135223565643
4372.815427335347,4750.987845807267,-378.17241847192054
4366.255652358726,4744.541650834946,-378.2859984762199
3815.3777763821863,5046.156249802367,-1230.7784734201805
3817.4538830978645,4414.165034075174,-596.7111509773094
3823.6590844797297,3984.118306871917,-160.45922239218726
3805.9419494688705,4253.266582204667,-447.32463273579697
3811.1716128680127,4264.579443805561,-453.40783093754817
3813.818930606672,4986.430164896305,-1172.6112342896326
3356.6826164658933,4406.410752011849,-1049.7281355459554
3354.2208388723097,4260.822282404028,-906.6014435317179
3364.131639473571,4271.952821250308,-907.8211817767374
3374.0310533473244,5122.277286764265,-1748.2462334169409
3363.7782210581504,3443.885908862546,-80.10768780439548
3349.024708970918,4248.737150372593,-899.7124414016748
3349.5865457300315,3833.3768385672633,-483.79029283723185
3358.0624623140557,4611.952358291923,-1253.8898959778671
3358.7998703169606,3793.972717658884,-435.17284734192344
3347.4053158651054,4996.610872548133,-1649.2055566830272
3360.6344399762456,4761.492643729789,-1400.8582037535434
3361.097647634195,4627.400792376758,-1266.3031447425628
3360.6421782875204,4959.094550051656,-1598.452371764136
4303.116495999093,4107.691622625904,195.42487337318926
4302.98535888763,4302.066835940336,0.9185229472941501
4323.933406135142,4424.359641136347,-100.42623500120499
4302.321610822124,3948.686815448134,353.6347953739901
4299.8690422724885,4511.915106039426,-212.04606376693755
4300.1510670613825,4898.496123953212,-598.3450568918297
4312.064651637417,4303.18176832893,8.88288330848718
4290.413402726793,4247.236714656579,43.17668807021346
4316.423846123638,4780.887060818544,-464.4632146949061
4281.783692335356,5027.224851731745,-745.4411593963887
4308.612014618531,3705.8358233088275,602.7761913097038
4317.10231897231,4764.0799918948715,-446.9776729225614
3583.8600048641847,5024.442600089126,-1440.5825952249415
3594.242934305923,5110.950617292799,-1516.7076829868756
4087.9794076910384,4771.340748731327,-683.3613410402886
4091.0553304197365,4390.684666461684,-299.6293360419477
4106.664499770711,4412.056862267279,-305.39236249656824
4085.882558251303,4107.70187452671,-21.819316275406436
4101.9765089763,3988.2876265068435,113.68888246945608
4079.2331545642946,3742.2147598157635,337.01839474853114
4096.167138462299,4611.156913636735,-514.9897751744365
4090.309887765187,3621.0431330814026,469.26675468378426
4665.724377603271,5056.8670878400135,-391.14271023674246
4644.903853243349,3961.1655771924034,683.7382760509454
4650.207989291193,5036.5777980261855,-386.36980873499215
4659.6017755782705,5048.29285139785,-388.69107581957996
4662.977858652792,3439.67463233878,1223.3032263140117
4686.741662939387,4503.287156761841,183.45450617754614
4667.9326876782925,4619.62238825855,48.31029941974248
4657.517651218495,5049.4116141888635,-391.8939629703682
4667.854600000271,5049.3713582183245,-381.51675821805384
3816.34600253347,5058.856896423629,-1242.5108938901594
3808.2708380060003,4752.428346107894,-944.1575081018937
3819.0558226307207,4408.505209566713,-589.4493869359926
3806.14088012546,3304.875446018413,501.265434107047
3806.47272045276,4401.584075681459,-595.1113552286988
3819.180120882451,3633.7807864855213,185.3993343969296
4374.09137457727,4401.768748351681,-27.677373774411535
4396.545582911598,4819.277234558197,-422.73165164659895
4371.825244899327,5047.2356065016065,-675.4103616022794
4381.530088332176,5051.9702407100285,-670.4401523778524
4399.62185508913,5068.633024335027,-669.0111692458968
4387.565419092713,4416.8389969271,-29.273577834387652
4363.954704695566,4951.025073643754,-587.0703689481879
4387.948499244979,4449.674971925859,-61.72647268087985
5004.51862413013,3459.5468855162862,1544.9717386138436
5040.519310545862,3869.4613630381846,1171.0579475076775
5010.419030539096,5112.432973503588,-102.01394296449234
5014.495803052942,4544.514421776197,469.9813812767452
5013.384940312814,3621.965708921703,1391.4192313911112
5007.89526350494,5041.69534797397,-33.80008446902957
5033.0164945897195,3483.198024306018,1549.8184702837016
5020.64683114161,4513.874402572802,506.7724285688082
5018.422160676365,5051.155105941775,-32.73294526541031
5020.6806285071125,4407.568535888935,613.1120926181775
4391.287193257107,4526.354162698725,-135.0669694416183
4373.758864931418,4393.660770204617,-19.90190527319828
4375.709046351074,4964.513265675522,-588.8042193244482
4363.746704158486,4888.798874811403,-525.0521706529171
4366.077646595959,5020.997617807205,-654.9199712112459
4388.898007272142,4406.988159621803,-18.090152349660457
4374.387684261926,4753.746127351976,-379.35844309005006
4376.627069547194,3616.0477332792516,760.5793362679424
3804.28060840082,5037.43281180113,-1233.15220340031
3802.040103751116,4429.14932718637,-627.1092234352541
3817.6829417519016,3671.8010306452206,145.88191110668095
3805.9154936898403,3939.4807918802267,-133.56529819038633
3805.5706906561663,5115.509632445586,-1309.93894178942
3810.196035728091,5053.175166273131,-1242.9791305450403
3365.035276341028,3875.00379182858,-509.96851548755194
3356.47760729039,4003.275223945388,-646.7976166549979
3360.985209347275,4976.460289256231,-1615.4750799089556
3366.5373576067086,3707.0100212899206,-340.472663683212
3354.627952111977,4747.881249292464,-1393.2532971804876
3366.729857867345,5064.160878697033,-1697.431020829688
3361.097647634195,4421.503921748889,-1060.4062741146945
3345.4313822939,3854.456304944117,-509.0249226502174
3354.81876527261,5045.574592393699,-1690.7558271210892
3362.6054061279374,5126.600749716871,-1763.9953435889338
3366.5823632934903,4516.956665492017,-1150.374302198527
3365.5260530853407,3744.3589473685283,-378.83289428318767
3360.4465788562134,4479.796680590461,-1119.3501017342473
4303.116495999093,3618.563931741279,684.5525642578141
4310.840498243029,4985.104910590197,-674.2644123471673
4304.290314291247,4045.634030923438,258.65628336780946
4310.521919497481,4445.610330115522,-135.08841061804105
4301.829106466619,4434.819769443572,-132.990662976953
4312.669832894709,3877.544300480579,435.1255324141298
4296.8211101408,4748.171820990341,-451.35071084954143
4302.56754245715,4967.126389630472,-664.5588471733217
4295.445665912714,4743.077078863286,-447.63141295057267
4309.870920043495,4986.127507156896,-676.2565871134011
4316.023294432898,4449.960323054792,-133.93702862189366
4305.7685044902655,3618.330410894103,687.4380935961626
3602.9976137505923,3841.775441296948,-238.77782754635564
3603.843909474928,5054.560830390441,-1450.7169209155131
4086.964965133655,3760.622331512559,326.34263362109596
4078.0114372108237,5096.650007312671,-1018.6385701018471
4085.882558251303,3470.6851842142883,615.1973740370149
4080.087570304554,4965.941073070675,-885.853502766121
4090.9710332028335,4507.9998003541805,-417.028767151347
4094.5086637432582,3835.35778844948,259.1508752937784
4088.37190950253,3971.5182723382877,116.85363716424217
4100.540898946558,4981.425818788041,-880.8849198414837
4654.328990467516,4655.597182275326,-1.268191807810581
4683.900314379795,5061.870141664903,-377.9698272851074
4651.10737819333,4219.325286964329,431.7820912290008
4651.110886875193,4752.0670581565255,-100.9561712813329
4659.871061738462,3304.0608470537272,1355.810214684735
4673.920539310568,5065.286701298539,-391.3661619879713
4657.9480813404525,5050.314398283678,-392.3663169432257
4655.281162228664,4751.801853949046,-96.52069172038227
4657.494287177474,3984.7257055110836,672.7685816663902
3827.1253718506873,5065.9466908668055,-1238.8213190161182
3806.14088012546,4751.663382333153,-945.5225022076929
3808.7254354766856,5110.354916513575,-1301.629481036889
3809.6635304665906,4618.965317862305,-809.3017873957142
3822.331667234266,5058.199596072333,-1235.8679288380672
3798.8599773538317,4417.538761130221,-618.6787837763895
4388.985279404523,5053.302778901794,-664.3174994972715
4378.79279852418,2953.07843152655,1425.7143669976303
4367.314406620637,4469.596320160575,-102.2819135399377
4389.363740868272,4526.204105283154,-136.84036441488206
4373.450429669252,3974.8115807156914,398.6388489535607
4359.824746318339,4816.398978444759,-456.5742321264206
4384.980247582451,5133.136875516142,-748.1566279336912
4376.506530243481,4250.673313321337,125.83321692214395
5029.987763718978,4418.131141450872,611.8566222681065
5012.783760674387,3467.595163395428,1545.1885972789592
5005.653842499115,4822.982081608874,182.67176089024088
5033.0164945897195,3954.565306982492,1078.4511876072274
5008.236156201532,3834.94495944902,1173.291196752512
5011.663894125948,4438.758198685269,572.9056954406788
5011.632803365918,4751.987360694994,259.64544267092424
5030.354990041253,3802.27993133097,1228.0750587102825
5027.928989453633,4409.1560781708195,618.7729112828138
5008.769230937755,4438.298023651828,570.4712072859274
4388.1326518459555,4407.210118857718,-19.077467011762565
4387.909906254479,3986.213281594119,401.69662466036016
4383.157316896078,4408.922433388055,-25.765116491977096
4381.1250694652435,4262.955930142964,118.16913932227999
4390.317707440661,3416.137447861778,974.1802595788831
4383.627119754443,4253.4369145145865,130.19020523985637
4389.158738578538,5131.3688274097085,-742.2100888311707
4393.819877001989,3420.1096164544697,973.7102605475193
3816.312086154488,4119.348065052274,-303.0359788977862
3810.196035728091,5119.381330982688,-1309.1852952545973
3827.4698956734487,4983.841854540696,-1156.371958867247
3814.465517260378,4260.428183764639,-445.9626665042606
3813.2875805130634,3831.812543059911,-18.524962546847746
3798.205081595397,3686.9158905209733,111.2891910744238
3356.394824818738,4758.554296756636,-1402.1594719378982
3345.719414466271,4500.503968900782,-1154.784554434511
3357.143016532199,4551.526236991536,-1194.3832204593373
3350.5902224906604,5079.273724058718,-1728.6835015680572
3368.335535654585,3633.4315231033506,-265.09598744876575
3351.6438128633363,3942.6481644197343,-591.004351556398
3356.5874131966993,3183.527223702602,173.06018949409736
3356.176977547288,4253.553597397808,-897.3766198505195
3359.2103651521093,4765.3867318003395,-1406.1763666482302
3372.362873605293,4848.7401225671,-1476.3772489618073
3372.5924912383284,4769.149369951959,-1396.5568787136303
3360.598886502513,4769.821409209102,-1409.2225227065892
3363.5885795114477,3992.1604527339905,-628.5718732225428
4303.116495999093,4259.39937366202,43.717122337073306
4311.718536144945,3832.9710643293556,478.74747181558905
4286.696406782251,4109.728502316996,176.96790446525483
4308.374936387743,4265.6518644695725,42.72307191817072
4304.411251631661,3762.7963472166257,541.6149044150352
4313.249397509276,3477.6255382843965,835.6238592248792
4299.353387043218,4657.545331707756,-358.1919446645379
4300.7347167417975,3410.205688230938,890.5290285108595
4281.783692335356,5024.088181770014,-742.3044894346576
4309.066197476498,4409.273156767889,-100.20695929139129
4307.5377772233305,4915.795925489146,-608.2581482658152
4301.732032308522,4685.434167134383,-383.7021348258604
3591.7957675085418,4107.4493148616,-515.6535473530585
3589.9126074769265,3304.6123639419534,285.3002435349731
4089.9664072195483,3683.1206608061298,406.8457464134185
4102.408572600188,4412.009151696342,-309.60057909615443
4101.9765089763,3707.8313499257233,394.14515905057624
4090.9710332028335,5044.903481599256,-953.9324483964228
4093.6418479001154,4399.437309347122,-305.7954614470068
4090.308254364071,4260.092978625518,-169.78472426144708
4087.960505561502,4755.901862396958,-667.9413568354557
4082.2091492610307,4107.360270918584,-25.15112165755363
4650.702005905673,4794.464630834931,-143.76262492925798
4653.738432368877,3759.2628693884863,894.4755629803904
4686.741662939387,4785.818303362566,-99.07664042317901
4663.2061278027695,4117.824449167808,545.3816786349616
4663.369764174353,4764.735776245363,-101.36601207101012
4655.753368626048,3826.778848433865,828.9745201921828
4653.289414911596,3342.1498799936417,1311.1395349179547
4667.787409448106,4133.608827333262,534.1785821148442
4665.413160679747,3850.7982301146294,814.6149305651179
3796.432997547291,4671.989603333778,-875.5566057864871
3819.180120882451,4981.686179063441,-1162.5060581809903
3796.5060446561433,4391.313092901297,-594.8070482451535
3798.8599773538317,5114.801697868229,-1315.9417205143973
3787.18657565923,3665.5997961844932,121.58677947473689
3823.958508087383,5054.771770372437,-1230.8132622850535
4377.256480687202,5049.436060003034,-672.1795793158317
4366.7682525280725,3405.4279119011085,961.340340626964
4382.724396163633,4265.390878674789,117.33351748884434
4365.752618556602,4102.569957862422,263.1826606941804
4370.930058394769,4108.22625670357,262.70380169119926
4385.049224923208,5119.710266380889,-734.6610414576808
4369.584591438658,4226.626449859253,142.9581415794055
4385.479480736369,5048.243854100519,-662.7643733641498
5012.946513123316,4404.793576377152,608.1529367461644
5024.906541164672,4622.465593175371,402.4409479893002
5017.0274576092825,4262.642560413358,754.3848971959242
5020.6806285071125,4982.157611464679,38.52301704243382
5016.821483486755,4754.963883863713,261.857599623042
5015.260789829086,3829.7219515150487,1185.5388383140375
5008.769230937755,4612.077184361476,396.6920465762796
5008.684438073776,4756.984192931908,251.70024514186753
5021.779255975996,4764.22438136111,257.5548746148861
5012.491789439858,5048.16954099579,-35.677751555932446
4375.534870480211,4976.582354365397,-601.047483885186
4377.613791090492,4971.178659400937,-593.5648683104455
4402.0386743273,5078.899256495989,-676.8605821686888
4385.225621353746,3448.3573144264546,936.8683069272911
4385.144590186178,3346.9325684466107,1038.2120217395673
4389.538210977697,4408.725194356473,-19.18698337877595
4384.936745381179,5125.95664377016,-741.0198983889804
4362.849201215429,4934.020076590643,-571.1708753752137
3812.3358733528407,4553.893788598979,-741.5579152461382
3817.8388731789746,3766.5520294922844,51.28684368669019
3797.104824336284,5032.799718258437,-1235.694893922153
3801.060755192861,4396.3713578130955,-595.3106026202345
3822.2563681922234,3628.8420421223373,193.4143260698861
3800.175630140856,4111.597967587272,-311.42233744641635
3364.8235150150886,4769.051410833388,-1404.2278958182997
3352.4540541674523,4965.127052370664,-1612.672998203212
3369.8228628282704,4490.010176255371,-1120.187313427101
3360.4465788562134,3830.618956140164,-470.1723772839505
3362.446496552673,3705.2704364343276,-342.8239398816545
3364.398281664341,5120.606929545591,-1756.2086478812498
3371.6755754308742,4628.748443957211,-1257.0728685263366
3364.6595334696103,3626.9248000196803,-262.26526655007
3369.3975844570004,5053.316957883089,-1683.919373426089
3348.1644239860043,3818.8699427576707,-470.70551877166645
3355.551301660041,4688.0837675409975,-1332.5324658809564
3348.254014104413,5045.551486525636,-1697.2974724212236
3361.547911237041,3938.5092774523555,-576.9613662153147
4303.116495999093,4404.918935522185,-101.80243952309229
4316.187182624656,3483.588843427761,832.5983391968953
4310.963350735515,3630.970423091618,679.9929276438966
4306.457198091861,3703.821035601905,602.636162489956
4286.168822062404,4950.857943346422,-664.6891212840183
4288.083368817985,4737.141594015876,-449.05822519789126
4302.618677921922,4403.641407979723,-101.0227300578008
4290.240824844203,4500.530955881543,-210.29013103733996
4299.1307989723855,3405.3958772137303,893.7349217586552
4302.1962915680715,5111.407799182049,-809.2115076139771
4293.962623289444,5036.979028063757,-743.0164047743128
4311.121509349225,3483.029133649146,828.0923757000787
3582.120392864091,4962.958180276574,-1380.837787412483
3584.13077497411,3750.9014393999205,-166.77066442581054
4102.869898037833,4248.136404757985,-145.26650672015148
4095.230051133401,4443.805892766581,-348.5758416331796
4079.2331545642946,3825.958856493641,253.27429807065346
4094.5086637432582,5007.589717537028,-913.08105379377
4090.308254364071,4253.046075245767,-162.73782088169537
4089.735049574748,4830.947254567554,-741.2122049928066
4092.3522885739235,4763.417469749553,-671.0651811756293
4087.173660988119,4766.864728087343,-679.6910670992238
4670.689454557317,5124.79256292575,-454.1031083684329
4666.562429287187,4981.907161231739,-315.3447319445522
4669.166873984097,5120.658842952236,-451.4919689681392
4649.866760476286,4602.936704115324,46.930056360962226
4657.3600666199145,4974.1393208656145,-316.77925424570003
4649.501849870191,4432.076545046716,217.42530482347502
4666.786929301982,3710.219443925454,956.5674853765281
4652.396848378166,4751.802035608724,-99.4051872305572
4652.3643810402955,4888.725199696833,-236.36081865653796
3808.320510324193,3864.977276812451,-56.656766488257745
3829.4437706107847,3884.3440586062843,-54.90028799549964
3793.5491592974577,3685.5238023752377,108.02535692222
3813.137974740419,4440.900442186437,-627.7624674460185
3800.977217462406,4506.974610298807,-705.9973928364016
3799.695785270566,3614.018670589984,185.67711468058178
4378.230070864274,4901.672958115784,-523.44288725151
4385.09551937304,3304.020927716134,1081.0745916569058
4375.17421910736,3440.41145153208,934.7627675752801
4385.896620173472,4261.151011046389,124.7456091270833
4379.998571400646,4441.040190951873,-61.041619551227086
4384.321372235958,5060.026170245159,-675.7047980092011
4384.495439723054,4027.7797057737043,356.71573394934967
4376.935763816523,4438.847473806264,-61.91170998974121
4993.689131555815,4745.308259450959,248.38087210485628
5021.354038296354,4517.224178639934,504.1298596564202
5012.24081406824,4753.611840921483,258.62897314675683
5013.087901206476,4571.35301449746,441.7348867090159
5028.395617508144,4527.122865673574,501.27275183457004
5022.656736368422,5123.441573535358,-100.78483716693609
5020.328189921362,4117.624306773519,902.703883147843
5003.95055732589,4752.736488488947,251.21406883694362
5024.63315369577,4908.892856010632,115.7402976851372
5044.251837631094,4928.768284112649,115.48355351844475
4375.140884625251,4433.774136774003,-58.633252148752035
4378.6514340079675,4405.33812966938,-26.68669566141216
4372.578834598404,4829.210367331257,-456.631532732853
4374.811449333292,4604.713080338784,-229.90163100549125
4378.447347686779,4972.805748566201,-594.3584008794223
4374.50680271621,3864.5548857465683,509.9519169696414
4381.805205808063,4697.557026585027,-315.75182077696445
4371.898789693193,3936.9510776901407,434.9477120030524
3815.653616662818,4117.897048192144,-302.24343152932624
3793.6249135995063,3963.2758255117737,-169.65091191226747
3820.5798936547862,4840.794956857184,-1020.2150632023977
3808.637402071806,5050.496854935811,-1241.859452864005
3807.679420353587,3443.079724525907,364.5996958276801
3811.08376549871,4550.278436251891,-739.1946707531815
3362.2226841440274,5054.685603503451,-1692.4629193594233
3356.6489269174854,4440.403824993708,-1083.754898076223
3370.6492123976036,3837.0532255766634,-466.4040131790598
3364.6595334696103,3947.880646939982,-583.2211134703716
3358.8052741399724,5033.678914086488,-1674.8736399465151
3379.157783917896,4283.332000946219,-904.1742170283228
3357.182267450212,3614.055151001782,-256.87288355157034
3359.466410069433,4693.479488360698,-1334.0130782912652
3381.8765047464067,4781.197044640895,-1399.3205398944883
3365.7118857251467,3835.20236531736,-469.49047959221343
3369.9055947621,3845.672120469122,-475.7665257070221
3349.1302424724377,3964.498085283834,-615.3678428113963
3354.990452707385,5049.477828060615,-1694.4873753532302
4303.116495999093,4398.5636997949705,-95.44720379587761
4293.105825625157,3690.285485051144,602.8203405740132
4295.237341671445,4323.4114924492005,-28.17415077775513
4327.116359931833,4422.002023729216,-94.88566379738222
4300.1510670613825,4112.516046110479,187.6350209509037
4311.3198669878,4761.685841963962,-450.36597497616185
4324.25595435588,3989.775725869352,334.4802284865282
4291.709747093017,4973.428440800851,-681.7186937078341
4308.612014618531,3448.1473690958833,860.464645522648
4307.5377772233305,3985.618838576033,321.91893864729764
4306.8152553900145,3628.292312117398,678.5229432726164
4318.511175538691,3498.5274679574995,819.9837075811911
3586.4593457639003,4679.224683079315,-1092.7653373154144
3582.202697371999,3697.5863811101704,-115.38368373817138
4085.4947497323774,3970.315140436059,115.17960929631818
4079.998656532372,4746.775663908447,-666.7770073760753
4096.167138462299,3125.979840792474,970.1872976698246
4088.37190950253,3939.523736350073,148.8481731524571
4087.960505561502,5050.608283298939,-962.6477777374366
4092.3522885739235,4662.711523975705,-570.3592354017815
4091.9492097942966,4977.451281220061,-885.5020714257644
4086.321578962871,3820.575793527126,265.74578543574535
4677.5054664181125,5073.214419898048,-395.7089534799352
4661.128922409329,4979.67925087264,-318.5503284633114
4667.854600000271,4979.269905543115,-311.4153055428442
4661.6444570612775,3948.5998397417134,713.0446173195642
4659.434877871441,4407.15019427475,252.28468359669114
4665.413160679747,4409.335349991408,256.077810688339
4652.578662808437,4435.828904762379,216.74975804605765
4651.7175613723175,4110.863603728007,540.8539576443109
4655.674061014884,4756.323141770542,-100.64908075565836
3816.1596562173427,4410.87506157807,-594.7154053607273
3811.758536956014,4687.786580687289,-876.0280437312749
3817.349087926382,3948.4301736398756,-131.08108571349385
3820.1978419299694,3852.5205850430775,-32.32274311310812
3825.9949577702705,4773.40665004477,-947.4116922744993
3798.1842343431804,4500.984337030765,-702.800102687585
4376.476490290401,4404.284971839631,-27.808481549230237
4385.896620173472,3875.561276655095,510.33534351837716
4363.872998625491,3606.383351874146,757.4896467513454
4373.172545842031,4757.092962611189,-383.9204167691587
4368.543637584151,3614.1702832733667,754.3733543107842
4375.402305167004,5034.467841359386,-659.0655361923818
4382.89555001471,4517.074479673251,-134.17892965854026
4391.287193257107,4768.420845632555,-377.13365237544804
5015.260789829086,4757.336933870066,257.92385595902033
5011.431039807491,4008.0784743715926,1003.3525654358987
5015.160307609754,5051.8839066119635,-36.723599002209085
5026.512272184943,4623.890265111882,402.62200707306056
5004.229370510659,4289.6362662111915,714.5931042994671
4999.125764805217,3820.4887401122805,1178.6370246929364
5025.648377531419,4116.809934040678,908.8384434907412
5018.786701015606,4122.035970280265,896.7507307353408
5006.15945965818,3935.531358876725,1070.628100781455
5022.19545069628,4408.182919243221,614.0125314530596
4372.928047908084,4790.373042344895,-417.4449944368107
4375.044691197668,5037.050039447509,-662.0053482498415
4374.50680271621,4402.983378579058,-28.47657586284822
4373.343457629026,3823.8001388522184,549.5433187768072
4370.826821893996,3117.0662800965515,1253.7605417974441
4388.224011927958,4770.851377338705,-382.6273654107472
4381.6546227942,3978.770997132896,402.883625661304
4384.155239424387,4404.906469486114,-20.751230061726346
3805.4608073928894,3865.6950428540854,-60.23423546119602
3819.0345920519753,4984.464158650341,-1165.429566598366
3804.847678728853,4932.127643630852,-1127.2799649019985
3813.767147667393,5067.1026124142145,-1253.3354647468213
3805.1309372863634,5104.189474849362,-1299.058537562999
3807.1700607503653,5045.342709264921,-1238.1726485145555
3351.83775872645,5079.810967130151,-1727.973208403701
3369.1808614081233,4976.128340506682,-1606.9474790985591
3353.7960328194927,4398.890261919699,-1045.0942291002061
3348.254014104413,4248.950210334679,-900.6961962302657
3360.3713093951646,3941.5907337026115,-581.2194243074468
3375.5571517592643,3715.5010447129,-339.94389295363544
3349.2143301482643,5045.858659563714,-1696.64432941545
3349.1302424724377,5002.633829150276,-1653.5035866778385
3378.056345404794,4525.9982321352645,-1147.9418867304707
3367.955985489592,3495.4179458678004,-127.46196037820846
3368.0739174131395,4619.635641725626,-1251.5617243124861
3351.731994200443,4262.6286245284455,-910.8966303280026
3355.3452615221295,3978.2055698075746,-622.8603082854452
4303.116495999093,3788.8412229607484,514.2752730383445
4308.310993236718,5006.407949727696,-698.0969564909783
4321.031103659591,4531.320280713738,-210.28917705414642
4310.054930217264,3875.889156011584,434.16577420568
4309.056120420689,5051.039125655206,-741.9830052345169
4292.574979631901,4104.260185804959,188.31479382694215
4300.7347167417975,4832.446576490271,-531.7118597484732
4288.420203448761,5034.1735663818345,-745.7533629330737
4293.378286148031,5055.917744381327,-762.5394582332956
4310.418688057321,4437.66102590313,-127.24233784580974
4295.416136728206,4228.803872344964,66.61226438324229
4306.401574179712,4263.206787699628,43.194786480084076
3586.3479741462857,3587.64461056026,-1.2966364139742836
3605.556668714723,3631.4333089080787,-25.876640193355797
4099.950315277146,4424.7109441195225,-324.7606288423767
4087.0015217791124,4963.083450570132,-876.0819287910199
4090.309887765187,4298.120802695353,-207.81091493016584
4100.540898946558,4402.9803385787045,-302.4394396321468
4082.2091492610307,4505.370124762483,-423.1609755014524
4087.173660988119,4765.826030797051,-678.6523698089322
4086.321578962871,4471.937710757432,-385.6161317945607
4084.0292443345897,4432.852196466618,-348.82295213202815
4660.716333548459,4608.407934996788,52.30839855167142
4654.9614535371875,4896.271052052085,-241.30959851489752
4653.289414911596,5032.513819233304,-379.2244043217079
4663.9913584301385,3620.888934871493,1043.1024235586456
4652.848944189727,4970.151627495244,-317.30268330551644
4663.06896612787,5050.82466984083,-387.75570371296
4668.699773972208,3617.762260449771,1050.9375135224373
4659.705803685029,4257.945272726378,401.76053095865154
4630.037906836465,4212.250221384423,417.78768545204184
3804.5852659706457,4756.61980186288,-952.0345358922345
3813.881860815104,4983.390878734919,-1169.509017919815
3803.6638600331503,3824.618902545021,-20.955042511870488
3795.3626688021996,4099.453794315405,-304.09112551320504
3808.072321826404,3412.554292636528,395.51802918987596
3818.633335668004,4263.648169979985,-445.0148343119813
4382.415240904675,3834.337265948517,548.0779749561575
4384.321372235958,3837.632145420001,546.6892268159568
4381.9393968255345,3872.7687292725573,509.1706675529772
4375.402305167004,4334.022778477437,41.379526689566774
4379.28929837655,3829.576792129397,549.7125062471528
4380.694556015944,3766.856240349015,613.8383156669288
4381.842470230384,4256.660063867547,125.18240636283645
4372.108635007486,4106.157147502237,265.9514875052482
5018.511048529665,4517.354401077223,501.1566474524416
5003.366959095174,3965.4383735604238,1037.9285855347503
5005.816078473642,5043.8549162247145,-38.038837751072606
5011.636795889999,4397.122996664244,614.5137992257551
5024.574300169718,4811.980972123706,212.59332804601218
5011.688231105231,4405.370358235354,606.3178728698776
5022.417593034971,4267.884078306362,754.5335147286087
5007.149212643133,3838.114942693212,1169.034269949921
5003.877618703573,3840.9864921000667,1162.891126603506
5018.376767995184,4802.244791677871,216.13197631731327
4385.974036971162,4414.720718701507,-28.7466817303457
4359.104793972332,3455.6858368759745,903.4189570963576
4383.526184166928,4524.268515493842,-140.7423313269137
4377.007807701989,4506.923532788394,-129.91572508640547
4369.109214557483,4369.8860396021,-0.7768250446169986
4373.055410508924,4109.638794148861,263.416616360063
4389.071427087173,4411.778437176457,-22.707010089284267
4373.9686155888285,4405.52397788008,-31.555362291251186
3806.8155246256824,5069.424732511302,-1262.6092078856195
3799.5664965712563,4397.382020771504,-597.8155242002481
3803.1166456819906,4400.899567226008,-597.7829215440174
3819.931527182409,4197.362251835868,-377.43072465345904
3818.8481923019435,3874.9082387684653,-56.060046466521726
3807.3595299135386,4404.964080612158,-597.6045506986193
3348.6978140879814,3972.981170409914,-624.2833563219324
3371.3008731551913,5063.905320441802,-1692.604447286611
3356.5896097674217,4972.272893534106,-1615.6832837666839
3362.196485182939,4270.3023073028435,-908.1058221199046
3350.9973957420043,3967.4847227094037,-616.4873269673994
3364.739220053887,4975.638969356273,-1610.8997493023862
3361.7161987521154,5075.022790541943,-1713.306591789828
3355.6379713967463,4261.189806907418,-905.5518355106715
3372.618975940103,4277.113012244693,-904.4940363045898
3359.5698699976583,3409.403995621532,-49.83412562387366
3360.194127604912,4112.8555442059405,-752.6614166010286
3367.0809157149333,5067.751756834562,-1700.6708411196287
3368.502836463746,4422.6992035659805,-1054.1963671022345
4303.116495999093,4547.20861515292,-244.0921191538273
4303.275433440327,4749.872316155737,-446.5968827154102
4311.317384053393,4415.597870305856,-104.28048625246356
4300.054076212166,4510.150338652065,-210.09626243989896
4322.814743976964,4352.401532845288,-29.58678886832422
4295.493650457146,3288.6110334260875,1006.8826170310585
4303.402656673214,5020.020430444963,-716.617773771749
4307.554582319432,4335.279452309635,-27.724869990203842
4317.10231897231,4175.957939879472,141.14437909283788
4301.732032308522,4510.32381085015,-208.59177854162772
4318.511175538691,3958.3981366702424,360.11303886844826
4296.215483969471,4964.270784148735,-668.0553001792641
3589.907364167897,4504.109730432296,-914.2023662643987
3598.7080485913507,3850.5692161220913,-251.86116753074066
4084.5983759308365,3864.289642531055,220.30873339978143
4099.998594596643,4522.736766554785,-422.73817195814263
4097.146141854975,3190.4361145015505,906.7100273534247
4083.9103114381296,4245.137079059274,-161.22676762114406
4076.211015356788,3598.983202466176,477.22781289061186
4098.764814504743,4763.363756782929,-664.5989422781859
4103.3149395545415,4709.51933285457,-606.2043933000286
4093.0004516469216,3976.763473602628,116.23697804429366
4668.174498230121,4979.562580623122,-311.38808239300124
4650.558515568493,3306.7469135647552,1343.8116020037378
4674.571719164979,3626.0253369596508,1048.5463822053284
4667.361608998777,5056.770695224871,-389.4090862260937
4660.971035862352,4619.179680885571,41.791354976781804
4642.876411056559,5026.044642259955,-383.1682312033963
4669.135652865098,5056.633480925006,-387.497828059908
4647.5518558244285,4743.670404657109,-96.11854883268097
4672.823476690623,4628.2330513959005,44.59042529472208
3812.17936848402,4515.125947299091,-702.9465788150715
3823.812814135701,4262.601813468224,-438.7889993325225
3805.408851285742,3106.0148985113187,699.3939527744233
3802.9433828257324,4406.881426480795,-603.9380436550628
3814.028573661348,4261.158636140222,-447.13006247887415
3806.3812347345374,4518.577022863784,-712.1957881292465
4386.359456898543,4794.530897991217,-408.1714410926743
4376.935763816523,4296.863168544932,80.07259527159113
4403.726985775236,4780.365534053894,-376.63854827865816
4391.287193257107,4175.4774064154335,215.80978684167349
4400.635232089559,3842.556473383663,558.0787587058962
4372.108635007486,4967.413661783712,-595.3050267762264
4372.365166437557,4655.102144444924,-282.7369780073677
4377.951038022171,5052.2599642903015,-674.3089262681306
5017.49159764688,3940.628407659337,1076.8631899875431
5038.820387799844,4574.054898690587,464.76548910925703
5008.3519419569175,4396.3606951154,611.9912468415177
5018.676643456119,5018.363764285101,0.31287917101781204
5008.610171587085,3971.131315613361,1037.4788559737235
5009.248398364691,5038.551125393355,-29.302727028663867
5017.405786148121,4409.357231362383,608.0485547857379
5002.767131442339,4387.316520888035,615.4506105543041
5014.189387664755,4975.735506296588,38.45388136816655
5000.87563002566,4501.913561094129,498.96206893153067
4372.052875672939,3840.411618889445,531.6412567834941
4369.837596098601,3972.5607946782516,397.2768014203498
4372.9455308364795,4965.746900743406,-592.8013699069261
4370.55531405201,5046.620900008953,-676.0655859569433
4376.608571074226,4753.973414998046,-377.36484392381954
4394.580863321302,5133.041237297774,-738.4603739764725
4406.736297196154,4426.793107918353,-20.05681072219886
4383.778466532029,4768.623725089245,-384.84525855721677
3819.931527182409,3988.2102629051105,-168.27873572270164
3818.747863827172,4980.905739669427,-1162.1578758422552
3821.8546846650765,5033.41317765558,-1211.558492990503
3814.77405216479,3942.9743850845966,-128.20033291980644
3810.40196667599,3347.538235382194,462.8637312937958
3818.10716746593,4975.074767384155,-1156.967599918225
3365.1289678282556,5053.72570410956,-1688.5967362813044
3378.056345404794,3957.2827407437053,-579.2263953389115
3353.2369453247516,3938.941275092421,-585.7043297676696
3359.2573461478205,4966.430476507118,-1607.1731303592978
3364.0612993373365,3350.2383965238787,13.822902813457858
3355.328563359989,4605.836660145083,-1250.5080967850945
3348.7514696627,5043.013845742776,-1694.2623760800757
3355.314286816501,3468.015920588666,-112.70163377216522
3375.2462438327625,5072.539351007745,-1697.2931071749822
3367.0066448050115,5055.923182973847,-1688.9165381688358
3347.429702591519,4178.691333534445,-831.2616309429263
3358.6273259805016,4398.280758718317,-1039.6534327378154
3353.612649721379,3764.9804666146097,-411.3678168932306
4303.116495999093,5041.228631888051,-738.1121358889577
4305.286101166505,4411.981318506369,-106.69521733986312
4287.816157908386,3749.642544793112,538.1736131152743
4308.719598489374,4193.468561744292,115.25103674508227
4299.303691245271,3833.8437678732685,465.4599233720023
4300.523503061938,3941.651282736648,358.8722203252896
4297.774278676426,4402.96970614883,-105.19542747240394
4306.302052188248,3474.4608777176013,831.8411744706468
4302.340603360174,4473.146344842795,-170.80574148262076
4289.840150406577,5026.271222108566,-736.4310717019889
4309.46174796047,3764.539194588538,544.9225533719323
4296.721363766807,5041.2028919977665,-744.4815282309592
3600.994054868995,5015.93172366298,-1414.9376687939853
3603.0248181068996,4986.470537255201,-1383.4457191483011
4078.204472893546,4823.063939206876,-744.8594663133299
4081.8438016151754,4960.520418702687,-878.6766170875112
4076.443555436802,4742.061615851391,-665.6180604145893
4111.649283234025,4808.906992384702,-697.2577091506773
4088.360585305245,4795.419273035249,-707.0586877300038
4103.07831063872,3852.730177640266,250.34813299845382
4096.147085531853,4759.535679290875,-663.3885937590221
4092.4530578785684,3615.195923746287,477.2571341322814
4650.558515568493,5039.379370794187,-388.8208552256938
4653.88666498396,4754.146313190791,-100.25964820683112
4646.7243084752345,5031.0952351220985,-384.37092664686406
4643.570129636309,3438.7566991456824,1204.8134304906262
4650.437371892717,4794.374863292513,-143.93749139979536
4670.345303758008,4268.304350726712,402.04095303129634
4676.72946694883,4531.311755930691,145.41771101813902
4664.479500169286,3626.4194830268293,1038.0600171424571
4668.505641237965,4263.509473727605,404.99616751036046
3801.1965910530994,3279.6354079725697,521.5611830805296
3834.317334217313,4824.115758736779,-989.7984245194657
3805.7203494425207,3828.1046001048453,-22.384250662324575
3805.190937427093,3706.813381002403,98.37755642469028
3820.1545485734973,4273.810208935225,-453.65566036172777
3817.6745643625613,4304.341669914473,-486.6671055519114
4376.863541720995,3756.970660398467,619.8928813225284
4379.962250283376,4943.198225755117,-563.2359754717409
4374.699128382516,3468.5682433618204,906.130885020696
4377.230203238566,4332.803427072406,44.42677616616038
4382.232506449527,4763.785022479531,-381.55251603000397
4367.73808595211,4962.25183014496,-594.51374419285
4360.229172449791,5034.028747947313,-673.7995754975218
4403.959577968504,3760.611722621388,643.3478553471164
5013.0833546959175,4788.887291898944,224.19606279697382
5015.798378624716,4761.471088949365,254.32728967535058
5031.249543885344,4850.728289351446,180.52125453389817
5023.85179979334,4404.074933682181,619.7768661111595
5027.457615713389,4632.260428058511,395.1971876548778
5007.567299408729,5034.968269129876,-27.400969721146794
5013.756195165919,4259.246477182194,754.5097179837248
5019.922515489145,5124.394779441297,-104.47226395215239
5013.773236813377,4403.0755237698595,610.6977130435171
5028.1698924633565,5060.227503095645,-32.05761063228874
4365.04077599783,3933.4789291361794,431.56184686165034
4370.498343571359,4927.903866459908,-557.4055228885491
4381.540748684359,4254.25542175904,127.28532692531917
4365.989432897196,4400.790940940586,-34.80150804338973
4387.803487588476,4415.043672227201,-27.240184638724713
4369.1603970758515,5039.169474481534,-670.0090774056825
4370.8338998338195,3724.618209528995,646.2156903048244
4376.81996462222,4619.371711601374,-242.5517469791539
3804.4133697226393,3865.3524225643473,-60.93905284170796
3803.2487698401997,4394.854470285196,-591.6057004449963
3809.023031651839,4248.608254359608,-439.5852227077685
3817.1990695784802,4522.091077509654,-704.8920079311733
3806.480013834866,3306.8438569318037,499.63615690306233
3802.6573505563124,4302.583484515812,-499.9261339595
3370.9385398698987,4693.17510530989,-1322.236565439991
3351.2180648103554,3610.8471990102184,-259.6291341998631
3358.9859533834006,4762.755925286975,-1403.7699719035745
3352.5428905856397,4104.532041235697,-751.9891506500571
3357.5197733566984,4259.842408870573,-902.322635513875
3364.7235888365894,4403.440325915645,-1038.7167370790557
3349.615933069831,5030.911068746829,-1681.2951356769981
3358.6453745266062,4513.836372276895,-1155.1909977502892
3374.415436169454,5048.491093309923,-1674.0756571404686
3361.8338558464434,4408.957265911033,-1047.1234100645893
3364.2568354379714,3297.207670444335,67.04916499363662
3355.428967623978,3865.024378100597,-509.5954104766188
3356.9699523895565,4753.793524412787,-1396.82357202323
4303.116495999093,3972.2195339097116,330.8969620893813
4293.316211913725,4278.590371895993,14.72584001773248
4302.321610822124,4266.323244354568,35.99836646755648
4304.411251631661,4330.069143788453,-25.657892156792514
4312.064651637417,4337.339894911034,-25.27524327361698
4324.25595435588,5076.697069601236,-752.4411152453558
4281.783692335356,3953.2082745248244,328.5754178105317
4293.378286148031,5072.932659563446,-779.5543734154144
4291.133672946154,3459.694657614794,831.4390153313598
4298.16337886867,3698.737325533338,599.4260533353322
4299.639071135793,3828.8573079142698,470.78176322152285
4297.234764245841,4398.171696433123,-100.93693218728185
3601.3789063469185,4314.340689012621,-712.9617826657022
3586.568549969152,4828.273772099068,-1241.705222129916
4090.309887765187,3293.376975717158,796.9329120480288
4087.960505561502,3130.9964696560914,956.9640359054106
4083.3861641539434,4399.6500751222065,-316.2639109682632
4080.915979338155,3993.5057396490342,87.41023968912077
4111.278327721501,5072.0911526560085,-960.8128249345073
4100.587348311258,4262.602791153264,-162.01544284200554
4106.019140538591,3957.794108847607,148.22503169098445
4087.36388745964,4965.353502553516,-877.9896150938757
4674.571719164979,4456.007048931091,218.56467023388814
4646.7243084752345,4747.882494587524,-101.15818611228951
4664.109914221931,4758.687545360681,-94.5776311387499
4655.674061014884,4782.419496772847,-126.7454357579636
4653.974961608611,4391.7598134726495,262.2151481359615
4670.874334408037,4974.7142139792295,-303.8398795711928
4667.124775816368,4770.857047927443,-103.73227211107496
4663.4137887771,4799.143123691213,-135.72933491411277
4645.7322993221005,4956.04883883077,-310.31653950866985
3816.769801245674,3768.9180708917384,47.851730353935636
3804.1752586034895,4962.503376323994,-1158.328117720505
3806.3812347345374,4262.843884253765,-456.46264951922785
3817.5780249205027,4630.074807151091,-812.496782230588
3806.9674584797745,4970.015377857592,-1163.0479193778178
3822.2050008308097,3854.607255056894,-32.402254226084096
4366.139293212721,3407.5217805176276,958.6175126950934
4375.709046351074,4754.639769232307,-378.9307228812331
4373.634036860288,3603.946459703132,769.6875771571558
4388.8980072721415,4444.967994763796,-56.0699874916545
4372.126744509801,3303.732616401158,1068.3941281086431
4377.613791090491,4331.737840619784,45.87595047070681
4376.159139701897,4397.18209779779,-21.022958095893046
4374.404235272142,4329.200866499357,45.203368772784415
5022.19545069628,4523.862955447676,498.3324952486046
5023.85179979334,3194.965250324053,1828.8865494692873
4994.156303806088,4529.296953700771,464.8593501053165
5017.293352877152,3951.309875399918,1065.983477477234
4998.38301134105,3397.887706688976,1600.4953046520745
5023.923392369254,4559.26464554434,464.6587468249136
5011.218678741908,4567.831615911644,443.38706283026386
5021.477068040654,4254.609514459777,766.867553580877
5015.222609475395,4405.931194272107,609.2914152032881
5013.984706420184,3830.618956140164,1183.3657502800202
4394.580863321302,3851.4016466485723,543.1792166727296
4366.494729532811,4890.692518186425,-524.1977886536142
4384.314171270515,4012.3598294648027,371.9543418057119
4389.79620023678,3706.429105585578,683.3670946512025
4362.11803601836,4961.16649879565,-599.0484627772903
4372.53971897024,4248.236362734871,124.30335623536848
4392.118516142841,4267.8006534470505,124.31786269579061
4384.587777643521,5052.366134918487,-667.7783572749659
3820.254258869009,5059.849327607551,-1239.5950687385416
3822.141346574488,3629.516563185194,192.62478338929395
3821.299597023329,4522.226734159762,-700.9271371364325
3810.368701546943,4113.231161810406,-302.8624602634627
3813.9699722661953,4407.179544426492,-593.2095721602964
3797.129177883771,5106.645984747778,-1309.5168068640073
3352.5428905856397,4750.231048252225,-1397.6881576665855
3367.0809157149333,5028.1751775032835,-1661.0942617883502
3367.5713711674903,5053.0279694921865,-1685.4565983246962
3361.0542687405095,4257.087498984725,-896.0332302442157
3353.7267057157756,4615.434907453478,-1261.708201737703
3355.259348163192,4845.490694300385,-1490.2313461371932
3359.313186832265,4519.858167137888,-1160.544980305623
3345.1169674950074,4535.025916435068,-1189.9089489400608
3359.2414856409964,4749.405406206326,-1390.1639205653296
3359.560877178972,4687.759612005392,-1328.1987348264202
3358.5170486914176,4959.589073521457,-1601.0720248300395
3348.5953742852234,5106.227117006068,-1757.6317427208442
3356.8596633895913,4612.550436714566,-1255.6907733249745
4303.116495999093,3866.390211189358,436.7262848097348
4297.538040473955,4231.806800367498,65.73124010645734
4311.472041351347,4767.316187337186,-455.84414598583953
4305.784618631498,3416.9542883309796,888.8303303005187
4311.3198669878,4969.906354486384,-658.5864874985837
4294.278846861254,3964.572368358374,329.70647850288015
4303.6558771328355,4251.1411325596855,52.51474457314998
4297.3153469554,3293.564101663039,1003.7512452923611
4306.8152553900145,4443.337637005796,-136.52238161578134
4302.240144130809,4404.162288507673,-101.9221443768638
4305.894843202575,5059.042392930674,-753.147549728099
4313.576705697077,4624.299573944477,-310.7228682473997
3581.807028040682,4534.246778387905,-952.4397503472228
3578.7399221617575,4093.4665009260602,-514.7265787643028
4088.41124134217,4256.735557794995,-168.32431645282486
4087.62653745998,4262.910229086712,-175.28369162673198
4091.9492097942966,4019.591884406075,72.3573253882214
4086.290000260368,4539.22923378799,-452.93923352762204
4092.414614304606,3942.727550775731,149.68706352887511
4081.4416634367763,4247.773949930801,-166.33228649402463
4097.591140607954,4763.816268764247,-666.2251281562931
4095.424376428223,3489.8667628565295,605.5576135716933
4667.361608998777,4265.3248724921095,402.0367365066677
4643.570129636309,4958.092075187489,-314.5219455511806
4655.674061014884,3828.1143646250516,827.559696389832
4659.632925784981,4399.1642351447035,260.4686906402776
4672.812859098202,5090.169960031303,-417.3571009331008
4662.675293706291,3474.2982429572294,1188.3770507490617
4674.778715711906,4775.19525642852,-100.41654071661378
4662.54151353439,5081.601048397588,-419.05953486319777
4667.891222511157,4985.535477103977,-317.6442545928203
3808.801064667701,4237.720786864375,-428.91972219667423
3807.0742873606914,4606.860976475018,-799.7866891143267
3801.374358249615,3702.1586802760407,99.2156779735742
3807.89312099031,4260.966541231749,-453.0734202414392
3816.666477499069,4405.041533242293,-588.3750557432236
3809.2141043992106,5012.876381098052,-1203.6622766988412
4363.385649740894,3818.874986908759,544.510662832135
4386.375393324462,4984.5786258910875,-598.203232566626
4388.255678652385,3417.9237213640163,970.3319572883684
4364.2127903990095,4390.108507925458,-25.895717526448607
4371.616771853381,4967.069646142517,-595.4528742891362
4377.063749863685,4754.568936687652,-377.50518682396705
4380.733821093358,4623.0876741942275,-242.35385310086986
4372.928047908084,4971.069574519771,-598.1415266116865
5005.8143776650795,4397.758381580552,608.0559960845276
5007.567299408729,4155.773453871381,851.7938455373478
5010.568763128527,4508.2959477250915,502.27281540343574
5023.923392369254,4418.632168850143,605.2912235191106
5007.592388957426,3968.2826039707347,1039.3097849866913
5029.328743037788,4986.601359369804,42.727383667983304
5002.850467287761,4963.067356444862,39.78311084289908
5000.875234815183,3969.943391993395,1030.931842821788
5019.909292229146,4763.510176946373,256.399115282773
5024.08269399013,4777.790286451519,246.29240753861086
4366.567435910333,5030.71654556431,-664.1491096539767
4383.185096650313,4618.827136129741,-235.6420394794277
4372.631441442912,4646.798963200155,-274.1675217572438
4368.63714297982,3285.037286993603,1083.5998559862169
4368.498754996217,4428.835076909962,-60.33632191374454
4368.691259669825,4962.483709210407,-593.7924495405823
4372.204382293389,4607.271033698675,-235.06665140528548
4365.913870058639,2950.9474743136902,1414.9663957449488
3820.129377699251,4954.438322165338,-1134.3089444660868
3807.8667575459876,4760.55261957654,-952.685862030552
3816.102417097177,4529.212707586519,-713.1102904893423
3801.3184958836428,5039.848329576531,-1238.5298336928881
3820.69162315301,4449.913119585931,-629.221496432921
3805.6223481235706,4334.255182996049,-528.6328348724787
3349.615933069831,4498.260161766736,-1148.644228696905
3361.8406941757457,4612.389097769349,-1250.5484035936033
3362.4184993250797,4971.146377267214,-1608.7278779421345
3359.313186832265,3699.893627927541,-340.580441095276
3345.5590887917774,4244.6260727858735,-899.0669839940961
3368.800553499072,4978.5519927907935,-1609.7514392917215
3360.643340963593,4274.560890520488,-913.9175495568952
3367.5222902062224,4769.3062852000985,-1401.7839949938761
3367.8610678697573,3313.543326989073,54.31774088068414
3355.4792148859897,4437.272830922511,-1081.7936160365216
3377.6051803148057,4776.004720852763,-1398.3995405379574
3340.2758001016605,4734.848791635769,-1394.5729915341085
3372.4111067060003,3781.3879644824956,-408.9768577764953
4303.116495999093,3618.563931741279,684.5525642578141
4299.026547158296,3944.0383146701433,354.9882324881528
4294.642147695244,3969.5392816593517,325.102866035892
4312.653900284081,5089.517291582177,-776.8633912980958
4301.588619124865,4404.268954708739,-102.6803355838747
4304.143276284312,4406.005659993922,-101.86238370960928
4291.9191223564385,4781.323985120724,-489.4048627642851
4291.946285801786,4589.613783766885,-297.66749796509885
4300.426531082841,4757.056627098931,-456.63009601608974
4303.130442155398,3622.4483761784013,680.6820659769965
4293.687843653018,3110.7449177192916,1182.9429259337262
4315.799132026094,5071.138454427088,-755.3393224009933
3586.568549969152,4791.375577112537,-1204.8070271433849
3590.379500564741,3411.2925552310926,179.0869453336486
4088.4640072352295,4651.2390569913105,-562.775049756081
4080.288830156964,4363.7517293186265,-283.46289916166234
4099.032550075009,5118.315848962039,-1019.2832988870305
4093.737678317264,3354.363279209119,739.3743991081451
4092.2003736660727,4415.025534383892,-322.825160717819
4088.737465715351,3838.589203940998,250.14826177435316
4091.8365004314446,3831.049742025487,260.7867584059577
4088.1120745887906,4967.877295943269,-879.7652213544784
4660.971035862352,3345.243668753575,1315.7273671087773
4650.437371892717,5045.064493239621,-394.62712134690355
4653.974961608611,4400.96342473906,253.01153686955058
4672.812859098202,5061.955289449882,-389.14243035167965
4677.586158035676,4423.890108798143,253.69604923753286
4660.741415056987,3945.298875766434,715.4425392905528
4657.571522500008,4112.377228672195,545.1942938278125
4659.804733250178,2942.9199335540584,1716.88479969612
4644.7105867239925,3813.9685605671725,830.74202615682
3808.288587557713,3289.60301089883,518.6855766588833
3806.90811752646,4441.52730526506,-634.6191877386
3824.4554323224,4430.141720648219,-605.6862883258191
3821.712030536152,4422.284858084258,-600.5728275481065
3802.4408755533555,4819.4840870822145,-1017.043211528859
3801.8292650507774,2940.9859594522623,860.8433055985151
4378.552969311287,4607.2365192037405,-228.6835498924538
4371.1488764516325,3306.744625083871,1064.4042513677614
4378.818590518055,3297.169643700426,1081.6489468176292
4383.409635969897,3123.6054154996154,1259.8042204702815
4370.078207320293,3282.2732820654805,1087.8049252548121
4373.0444055174485,4969.420051965276,-596.3756464478274
4379.790897870157,3762.4789640410463,617.3119338291108
4358.109482629008,3743.775174350579,614.334308278429
5000.15443385671,5039.241247765984,-39.08681390927359
5019.922515489145,3412.1953288607415,1607.7271866284032
5025.651149261777,4983.954487773643,41.69666148813394
5021.477068040654,4766.470365991636,255.0067020490178
5014.952741118098,3630.2651619238322,1384.6875791942657
5000.875234815183,4563.64344856847,437.23178624671255
5027.82985938008,3881.5218445769665,1146.3080148031136
5006.509084071552,4247.554115140303,758.9549689312489
5026.6018917597985,4627.554349355091,399.0475424047072
5004.6554832621405,4034.748768004005,969.9067152581356
4391.523334964892,3954.443689528436,437.0796454364554
4385.806374022043,3622.638730018401,763.1676440036422
4389.903722121923,4265.764557517573,124.1391646043503
4376.29247037097,4829.5229394383705,-453.2304690674009
4369.299147622399,4750.176192877084,-380.8770452546851
4387.750380773139,5054.760988086973,-667.010607313834
4382.782843002165,3300.0043724324846,1082.77847056968
4382.7892059543965,4620.980980743258,-238.19177478886195
3807.471256087638,3838.8915642140228,-31.420308126384953
3806.4824274595635,3825.5484273351444,-19.06599987558093
3804.685820593472,4602.631305017289,-797.9454844238176
3814.636212019666,4977.056193356648,-1162.419981336982
3823.515663734726,4770.495068154858,-946.9794044201321
3818.7151295913136,5031.485166466831,-1212.7700368755177
3361.8338558464434,4899.479312583041,-1537.6454567365977
3363.4547649075107,4808.974044133769,-1445.5192792262583
3350.010126030442,3604.57396648422,-254.56384045377808
3359.560877178972,4251.775387074974,-892.2145098960018
3356.6979003865254,3937.4659812279024,-580.768080841377
3354.8372596747413,4754.856109040076,-1400.018849365335
3355.4792148859897,3288.1896919074634,67.28952297852629
3359.1672799222583,4190.321162650216,-831.1538827279578
3365.494017869312,3418.6128749371087,-53.11885706779685
3363.7636500188833,4551.749483419463,-1187.9858334005798
3350.1212889755975,3118.6553089298286,231.4659800457689
3368.3856154177765,4532.192873112226,-1163.8072576944496
3358.42154995821,5078.863343543354,-1720.4417935851438
4303.116495999093,4294.772646799812,8.343849199281067
4297.840668797957,4751.863731790158,-454.02306299220163
4308.374936387743,3485.4282543022787,822.9466820854645
4321.891887222845,4918.206317366884,-596.3144301440389
4299.353387043218,3305.733130068634,993.6202569745842
4297.772590762713,5040.973230405601,-743.2006396428878
4309.066197476498,4974.074006741058,-665.0078092645599
4310.418688057321,3414.4642892317343,895.9543988255864
4298.16337886867,4506.64668102484,-208.48330215616988
4312.513131702344,4407.270480294931,-94.75734859258682
4312.281198376135,3487.6380347172353,824.6431636588995
4304.6244788294125,3622.3391467478405,682.285332081572
3594.8241041856277,4756.140249258284,-1161.3161450726561
3593.639198336101,4396.881861461476,-803.2426631253747
4082.2091492610307,3967.9463054186754,114.26284384235532
4081.808452517705,3613.237355251825,468.57109726587987
4111.278327721501,4638.960871161114,-527.6825434396123
4103.246275751739,3846.7449562587053,256.5013194930334
4085.6384820315225,3619.0723694667977,466.5661125647248
4081.738735928715,4242.995750513545,-161.25701458483036
4098.164771362198,3951.5504381162955,146.61433324590234
4094.307572608669,4978.927560831959,-884.6199882232904
4642.876411056559,5030.883360310641,-388.00694925408243
4670.345303758008,4626.08748384798,44.25781991002805
4670.874334408037,4769.144482936478,-98.2701485284415
4662.675293706291,4764.47524463719,-101.79995093089929
4660.741415056987,4972.773785211621,-312.032370154634
4654.751684605165,3867.165190295432,787.5864943097331
4666.703643373251,5042.759723785763,-376.0560804125116
4661.11385400048,4309.261768042051,351.8520859584296
4658.968736727941,4758.317399262819,-99.3486625348778
3818.8004517185814,3478.00823278499,340.79221893359136
3822.2050008308097,4520.492535803741,-698.2875349729311
3814.2270424531557,3836.0075828653366,-21.780540412180926
3808.492200119462,4438.298023651828,-629.805823532366
3815.377776382186,4412.031266360846,-596.6534899786598
3810.0735068068607,4009.62770250791,-199.55419570104914
4388.598113037029,3839.844669206886,548.7534438301432
4402.038674327301,4928.768284112649,-526.7296097853477
4374.679014840875,5000.32676210515,-625.6477472642746
4389.538210977699,4846.793128007792,-457.25491703009266
4378.382187969016,4832.784239635426,-454.40205166641044
4384.526222341894,4267.970883894325,116.55533844756883
4376.331049841308,4402.777740674289,-26.446690832980494
4368.438587614738,5039.56044318972,-671.121855574982
5009.80600070524,4228.525753133192,781.2802475720482
5028.1698924633565,3627.895185776662,1400.2747066866946
5005.022164513134,4965.212292597502,39.80987191563236
5013.984706420184,3943.300142836501,1070.684563583683
5002.181479894395,3699.919188358215,1302.2622915361803
5024.08269399013,4524.081409622048,500.00128436808154
5023.1379130687465,4268.586622272851,754.5512907958955
5004.6554832621405,4506.957336092097,497.69814717004374
5007.35839757293,3861.5564863685963,1145.8019112043335
5008.821143865338,3972.5477757176695,1036.2733681476684
4387.307272481088,3632.1585740591145,755.1486984219737
4389.294799008264,4624.668589542896,-235.37379053463246
4379.698483149561,4407.515057346601,-27.8165741970397
4381.620107186858,3768.8483400447553,612.7717671421028
4382.616630107942,4763.135445273053,-380.51881516511094
4378.620514658339,4258.885924015607,119.73459064273175
4386.965958317256,5125.824665772192,-738.8587074549359
4383.65409670017,5091.825355135465,-708.1712584352945
3823.9404590175363,5064.715160613039,-1240.7747015955028
3811.3438567823946,4764.930872211954,-953.5870154295594
3801.258922008469,3823.5286455650275,-22.269723556558347
3811.5253259860892,4761.110495942815,-949.5851699567256
3797.1369933889146,4393.37510681248,-596.2381134235657
3804.1492027047334,3935.825301269547,-131.6760985648134
3356.9699523895565,4748.5368356754925,-1391.566883285936
3356.3420266456797,4981.015198312814,-1624.6731716671347
3355.541332309767,4414.541733865655,-1059.0004015558884
3356.8596633895913,3407.534361110148,-50.67469772055665
3365.568873668157,4337.826634368597,-972.2577607004405
3363.656421115448,4761.304560757927,-1397.6481396424788
3372.4111067060003,4777.746651544371,-1405.3355448383709
3374.726089821657,3879.9077893696294,-505.1816995479726
3357.1706552981177,3122.2915789496255,234.87907634849216
3358.42154995821,5034.005099816347,-1675.5835498581368
3356.218206434849,3414.279669940062,-58.06146350521294
3348.0964170655343,4240.806990906052,-892.710573840518
3362.4435197595035,5053.5722508118915,-1691.128731052388
4303.116495999093,4258.237962490599,44.878533508494
4298.756192589743,4752.426395800991,-453.670203211248
4301.502977487021,4227.251646955622,74.25133053139871
4309.056120420689,4761.956164307083,-452.9000438863941
4290.413402726793,4247.236714656579,43.17668807021346
4291.709747093017,3612.249352066961,679.4603950260557
4293.378286148031,3968.8460928293316,324.5321933186997
4312.0104800771,4526.991694494896,-214.98121441779676
4304.168393189795,5054.898487818553,-750.7300946287578
4304.346312490175,3866.499270767612,437.8470417225626
4303.8697634362725,4442.042231734364,-138.1724682980912
4300.208108029077,3467.2100102797344,832.9980977493428
3591.9095664761194,3698.2639708404618,-106.35440436434237
3589.2483341476327,3694.829984016655,-105.58164986902239
4083.199690462732,4429.840980952885,-346.64129049015264
4086.321578962871,5037.1824128852395,-950.8608339223683
4097.021694658129,3344.512982831648,752.5087118264805
4090.230709043088,3124.3652120838983,965.8654969591898
4087.36388745964,4186.111532598112,-98.74764513847185
4102.773085469212,4200.453195959795,-97.6801104905835
4090.4558657305347,4401.584075681459,-311.128209950924
4091.4350875094415,3698.9830982088292,392.45198930061224
4669.135652865098,4972.6535242933405,-303.51787142824287
4676.72946694883,4528.118932397116,148.6105345517144
4667.124775816368,4245.280404026093,421.84437179027555
4674.778715711906,3848.9060285689916,825.8726871429149
4657.571522500008,4248.062571814974,409.5089506850336
4666.703643373251,4407.8609090210275,258.8427343522235
4652.6156074956525,4754.834158386534,-102.21855089088149
4647.1345746947645,4782.095590864867,-134.96101617010208
4654.978960412718,4778.7196055239865,-123.74064511126835
3820.438078325154,5057.463553166978,-1237.0254748418242
3808.9055885570206,3619.5884121493905,189.3171764076301
3803.2443480437496,4505.0968771690095,-701.8525291252599
3818.012686104727,5057.6804659711315,-1239.6677798664045
3805.3197538747086,4744.516409661406,-939.1966557866976
3804.28060840082,4514.571083049397,-710.2904746485774
4370.579380539863,5041.65840772253,-671.0790271826663
4378.651434007969,4509.299069451892,-130.6476354439228
4373.0444055174485,3947.041179872709,426.00322564473936
4375.044691197667,4965.124946615359,-590.0802554176917
4398.146524324345,4426.392613090598,-28.246088766253706
4359.104793972332,4387.394176731911,-28.289382759578984
4373.987896829174,4112.544202079474,261.4436947496997
4369.837596098601,3304.612113956862,1065.2254821417396
5008.05068716195,4611.482542004371,396.56814515757924
5004.585390793052,3994.4085941384214,1010.1767966546308
5013.8170110595565,4293.633835195659,720.1831758638973
5003.531259835168,3860.2562405743365,1143.2750192608319
5012.466221194251,4897.09897873369,115.3672424605611
5015.75345034002,3131.497959579482,1884.2554907605381
5014.648166005779,3626.0195867878674,1388.6285792179115
5024.8242355020675,3480.633870068475,1544.1903654335924
5011.078769954133,4509.456536465317,501.62223348881616
5025.660746626775,4261.8968095311775,763.7639370955976
4391.770041044119,3718.969246618904,672.8007944252154
4386.856051436515,4770.032376565487,-383.17632512897126
4378.000145229218,4616.689629577773,-238.6894843485552
4356.79344997051,4496.391940407356,-139.59849043684608
4381.877232715353,4254.021016487568,127.8562162277849
4390.019992527423,4054.7230252036456,335.29696732377715
4379.341253147653,4399.395747325468,-20.054494177814377
4369.076739974162,3613.18973243149,755.8870075426717
3808.388569022604,4757.2803342513125,-948.8917652287087
3814.78856867361,3847.7716764590377,-32.98310778542782
3810.6946063639157,3192.9021496559717,617.792456707944
3806.690672200419,4757.21820549601,-950.5275332955912
3816.8002356144257,4129.250277441401,-312.45004182697494
3805.221794147387,4330.06458827769,-524.842794130303
3354.0591748053507,4605.333771016806,-1251.2745962114554
3360.0459848983205,2951.4669304645276,408.57905443379286
3359.5744609696712,4521.34280390092,-1161.7683429312492
3366.2460447826147,4835.004635547125,-1468.7585907645102
3358.717487153228,4759.067923954159,-1400.3504368009308
3356.747710048031,4107.943435545762,-751.1957254977315
3353.905552058887,4755.011709711711,-1401.1061576528236
3360.124100562114,4522.498886294662,-1162.374785732548
3352.9966692254607,4431.298693683672,-1078.3020244582117
3379.6340309909533,4425.524083069814,-1045.8900520788607
3361.0536312556837,4973.921205822198,-1612.8675745665146
3361.5827792397304,4188.20043435091,-826.6176551111794
3363.603193179245,4969.394575764433,-1605.7913825851883
4303.116495999093,4791.512867656642,-488.396371657549
4297.788068110369,3728.946584115937,568.8414839944317
4302.993827952309,3942.6911398039892,360.30268814832016
4305.252288597989,3845.582147574276,459.67014102371286
4311.470946134392,4300.836286849307,10.634659285085036
4315.250978168344,4812.21757016988,-496.9665920015359
4295.149310047452,4251.62051892387,43.52879112358187
4295.841964430271,4299.945063155751,-4.103098725479867
4291.395413302723,4748.99908660904,-457.60367330631743
4303.829879366708,4757.985744866717,-454.155865500009
4306.916712808351,4974.33944247237,-667.4227296640192
4321.534163537251,4558.884551082592,-237.35038754534162
3588.8595369771474,4823.472519224685,-1234.6129822475377
3588.147848389302,4760.429884870523,-1172.282036481221
4084.706928977984,3821.9951010109203,262.7118279670635
4103.518204080755,3845.8726182112923,257.6455858694626
4092.1021092726714,4261.988824410975,-169.88671513830377
4084.3022495138143,4255.037065089246,-170.7348155754321
4099.266992139495,4120.5525451410485,-21.285553001553126
4083.954708493859,4787.498606703524,-703.5438982096653
4086.0694724597242,3440.4224098429736,645.6470626167506
4085.437132961899,4403.078237410634,-317.64110444873495
4647.5518558244285,4746.809734522796,-99.25787869836768
4664.479500169286,3307.7227857057333,1356.7567144635532
4663.4137887771,3611.2019915913356,1052.2117971857647
4662.54151353439,4263.587175277911,398.9543382564789
4659.804733250178,3980.4323213810208,679.3724118691575
4661.11385400048,4294.365951783583,366.7479022168973
4647.1345746947645,4109.611392688163,537.5231820066019
4663.979768788836,4618.898867572642,45.080901216193524
4648.3091708434085,4824.47729549578,-176.16812465237126
3810.4026318870283,4839.370344243827,-1028.967712356799
3796.7217228038944,3993.4390058638023,-196.7172830599079
3817.797070653938,5054.024107383988,-1236.2270367300498
3812.9319260210655,3833.841752729943,-20.909826708877517
3820.4509287939923,5124.689591993793,-1304.238663199801
3817.4160934554297,3985.8946508026906,-168.4785573472609
4382.15053136607,4404.40867936206,-22.25814799598993
4374.811449333292,3832.019488556602,542.7919607766903
4380.027732615029,4754.720912482509,-374.69317986748047
4373.343457629026,3971.5581458417882,401.78531178723733
4379.509112203453,4804.204883809669,-424.6957716062161
4377.00780770199,3864.932557388409,512.0752503135809
4373.80957187443,5063.920485059976,-690.1109131855465
4370.55531405201,4391.949845206774,-21.39453115476408
5007.713968828758,4390.857357077127,616.8566117516311
4999.9807382809995,5034.04625473835,-34.065516457350896
5009.623623913053,4969.6993497364865,39.92427417656654
5029.861970303285,3849.0827982545657,1180.779172048719
5000.345780544382,4597.558101662018,402.78767888236416
5001.473457030181,4429.991122177252,571.482334852929
5021.215231542814,3766.8173651302027,1254.3978664126112
5012.175930134155,3829.0326149000816,1183.1433152340737
5021.311429393853,4766.048271127167,255.26315826668633
5018.596550408379,4610.546291599106,408.05025880927315
4358.268215869104,3954.518433401742,403.7497824673619
4356.79344997051,4239.008944214316,117.78450575619354
4381.642953579166,5044.89289414826,-663.2499405690942
4388.508941514556,4809.379298094035,-420.87035657947945
4374.039180200089,4603.395978330843,-229.3567981307542
4375.938264585458,4968.695077159189,-592.7568125737316
4382.003263408752,3977.619483259876,404.3837801488762
4365.954723890349,4746.766586295524,-380.8118624051749
3825.501929708917,3305.187952310615,520.3139773983021
3822.429535472416,3128.0943980632064,694.3351374092094
3812.903438690522,4982.406014572101,-1169.5025758815796
3797.542223908658,4824.386426398416,-1026.8442024897581
3794.647234525134,4383.766312056268,-589.1190775311343
3822.5712788024375,4270.031701971586,-447.46042316914827
3353.568834454702,3973.085356035164,-619.5165215804618
3369.7408607736415,4424.222591888969,-1054.4817311153274
3362.4996043032424,4792.226350903,-1429.7267465997575
3361.7906955542576,4893.435802425433,-1531.6451068711758
3370.3159278478656,4413.006723000078,-1042.690795152212
3362.4480593421754,4414.340925289288,-1051.8928659471126
3377.805351028259,4995.4374029523315,-1617.6320519240726
3346.227576315565,5038.670005056541,-1692.4424287409765
3345.3063997305917,3283.026853902734,62.27954582785787
3361.2584193804096,4969.951554291858,-1608.6931349114484
3359.0831049477747,4440.883610107537,-1081.800505159762
3361.9985336894274,4982.467618451404,-1620.4690847619763
3382.4858883966153,3793.2186965733745,-410.73280817675914
4303.116495999093,5051.469489298781,-748.352993299688
4298.568268308471,4327.395397850168,-28.827129541697104
4327.116359931833,3867.8665381971664,459.24982173466697
4313.249397509276,4268.997688605811,44.25170890346453
4324.25595435588,3859.867911159579,464.38804319630117
4303.6558771328355,4753.426843306086,-449.7709661732506
4307.5377772233305,4524.634863486817,-217.09708626348674
4295.416136728206,3831.5361938436804,463.87994288452546
4299.639071135793,4606.146497758754,-306.50742662296125
4312.281198376135,4736.5802322670015,-424.29903389086667
4293.420588554587,4599.194414447072,-305.77382589248464
4311.351507328658,5053.348453880793,-741.9969465521353
3593.10542996904,3946.8412384816024,-353.73580851256247
3581.2061301036993,4947.107982749632,-1365.901852645933
4086.321578962871,5035.497377827395,-949.175798864524
4092.414614304606,4551.317505398286,-458.90289109367995
4106.019140538591,4618.0709780174475,-512.0518374788562
4095.7804100032286,4960.564815140096,-864.784405136867
4098.164771362198,3985.769934028114,112.3948373340836
4089.0271738714455,4250.8126792205085,-161.785505349063
4084.7910527870176,4686.645760908155,-601.8547081211377
4066.7095534139594,4731.754482134287,-665.0449287203278
4672.823476690623,4120.84426505448,551.9792116361423
4668.505641237965,3443.964418581748,1224.5412226562175
4645.7322993221005,4748.3430400194875,-102.61074069738697
4667.891222511157,3985.3082989448876,682.5829235662695
4644.7105867239925,4391.398000130558,253.3125865934344
4658.968736727941,4513.568903034969,145.3998336929726
4654.978960412718,4436.909005179015,218.06995523370279
4648.3091708434085,5034.31810841717,-386.0089375737616
4660.239280511195,4757.336933870066,-97.09765335887096
3796.306837781166,4246.294589498508,-449.9877517173418
3817.4538830978636,3315.76132557834,501.6925575195237
3805.9419494688705,4767.783570608077,-961.8416211392064
3813.8189306066724,4261.979862125266,-448.1609315185933
3802.7483722401503,3182.918765089186,619.8296071509644
3820.0434602031996,4978.345074096644,-1158.301613893444
4366.883346634926,4889.1088837148,-522.2255370798739
4374.50680271621,4472.647031606523,-98.14022889031367
4369.049244347267,4748.2795755007455,-379.2303311534788
4388.224011927958,3876.2952996069553,511.9287123210024
4384.133690758264,3844.9574683386854,539.1762224195782
4373.055410508924,4255.062184804741,117.9932257041828
4388.37409055979,3949.934945848247,438.43914471154267
4394.580863321302,4266.813055711292,127.7678076100101
5024.08269399013,4669.657977362779,354.4247166273508
5007.367108855044,3679.9067876742415,1327.460321180802
5010.516895265173,3336.8490818571177,1673.6678134080553
5010.548066395626,5115.297701613401,-104.749635217775
5035.956589610485,4426.70961009401,609.2469795164752
5010.519452015524,4105.9204864330795,904.5989655824442
5016.657464763409,4805.851496032503,210.805968730906
5017.793423495622,3312.7019530142697,1705.0914704813522
5025.085583188714,4555.988840972762,469.09674221595196
5014.834092338253,3829.7978628076203,1185.0362295306327
4379.196285486924,3822.140440253501,557.0558452334235
4390.019992527423,5097.726460922792,-707.7064683953695
4391.621608868275,5059.520920749412,-667.8993118811368
4375.938264585458,4327.386886543294,48.55137804216338
4366.472274826594,3614.8469243224254,751.6253505041686
4382.437172978616,4976.597913910102,-594.1607409314856
4377.763307239114,3309.325007062549,1068.4383001765646
4398.416334110662,4779.671164284525,-381.2548301738625
3807.811985138734,4284.650488878466,-476.83850373973155
3798.0168605320296,3753.024853158069,44.992007373960405
3812.47298482142,3288.1896919074634,524.2832929139568
3805.577934155561,5037.888532615487,-1232.310598459926
3809.542738753425,3441.2191396293874,368.3235991240376
3812.147503565544,4117.116475136359,-304.9689715708155
3367.153401161935,3299.813070871515,67.3403302904203
3353.905552058887,4399.620855307752,-1045.715303248865
3360.982707201505,4831.379417251667,-1470.3967100501623
3348.0964170655343,4751.362234388174,-1403.26581732264
3361.3085718998827,4443.506775017494,-1082.1982031176112
3357.461547164404,4659.221075071682,-1301.7595279072784
3369.8662403949784,4778.250435277959,-1408.3841948829804
3371.6854034667767,3772.2739620602997,-400.588558593523
3366.3349353719022,3980.371871065583,-614.0369356936808
3360.7790832570004,4767.053924340837,-1406.2748410838362
3363.119049411557,4412.460435013208,-1049.3413856016505
3371.9246081090755,4066.252497072483,-694.3278889634075
3349.1585049476776,4601.350814919411,-1252.1923099717337
4303.116495999093,4611.932901543645,-308.81640554455225
4312.095414396663,5096.684536918427,-784.5891225217638
4297.9500450733585,4765.366647141273,-467.416602067914
4298.763072620853,4750.133534601462,-451.37046198060943
4304.161042901107,3828.9651408653253,475.1959020357817
4319.738522541159,4311.557585029358,8.180937511800948
4313.442595133769,4273.018470700964,40.424124432805
4301.07784765285,3486.2981622658267,814.7796853870236
4311.006175502008,4404.753536642967,-93.74736114095958
4309.691488542582,4410.194474460927,-100.50298591834508
4301.177815339276,3844.408363897217,456.7694514420591
4287.443849658759,3818.650442287013,468.79340737174607
3595.604446153834,4975.973630498465,-1380.3691843446313
3582.86040982984,4499.752871876025,-916.8924620461848
4083.8398411576504,4948.5978487252405,-864.7580075675901
4091.1527806032072,4948.376492321694,-857.2237117184868
4098.046337003427,3621.6123800338887,476.43395696953803
4107.135334765684,4589.845722987967,-482.71038822228275
4077.317733155936,4320.229916997649,-242.9121838417127
4089.957842174064,4439.582478995279,-349.6246368212155
4097.122833390709,3845.7058191003352,251.41701429037403
4087.6200068809626,3837.9024616145493,249.71754526641325
4657.650263841551,4484.317406386781,173.33285745477042
4651.260628103703,4119.6651536707805,531.5954744329229
4665.78915848863,4768.530560763738,-102.74140227510816
4661.867175674407,4440.9043066356335,220.96286903877353
4657.8458271752015,4398.17099923641,259.67482793879117
4673.028981482359,4771.909588467263,-98.88060698490426
4670.260555346998,5128.673598750691,-458.4130434036924
4663.683399629542,4235.677527009917,428.0058726196248
4644.516018537397,4392.414818013146,252.101200524251
3799.76332601855,3614.982782762578,184.78054325597168
3807.7471301315945,4976.479370934203,-1168.7322408026084
3814.2103876428973,4617.680651511862,-803.470263868965
3825.606618866514,3809.4923171987616,16.114301667752443
3827.671217822062,4533.081577665432,-705.4103598433699
3795.5327861945584,5030.590786878908,-1235.0580006843497
4380.701748488761,4630.358385546037,-249.65663705727638
4371.898789693193,4653.930740735402,-282.0319510422087
4387.136251945022,4446.104982653522,-58.968730708499606
4384.155239424388,4983.818146930754,-599.6629075063656
4382.735106442655,4444.252493199502,-61.51738675684737
4373.9686155888285,5045.442594015658,-671.4739784268295
4371.29762042028,4825.3491134454125,-454.0514930251329
4383.778466532029,4770.530124734088,-386.75165820205893
5011.633328828463,3874.765434126586,1136.867894701877
5016.860466593512,3828.8665740079628,1187.993892585549
5015.119547583735,4256.4653247048145,758.6542228789203
5017.752612406261,4512.453554108218,505.29905829804284
5018.106682904122,3952.179145775588,1065.927537128534
4999.278067174509,4318.8136117614495,680.4644554130591
5002.291418973478,4674.912330676648,327.37908829683056
5018.403774733376,4403.316291085844,615.0874836475323
5019.659569348292,4758.318196679349,261.3413726689432
5020.4243027309785,4980.3076106352955,40.11669209568299
4382.509825163375,4010.803825460417,371.70599970295825
4369.076739974162,4968.988646116393,-599.9119061422316
4370.89038974474,3837.9564098027067,532.9339799420331
4365.954723890349,3615.1632841190712,750.7914397712775
4372.537330635788,4829.370210239094,-456.83287960330654
4398.416334110662,3996.395414969838,402.0209191408244
4388.120419756686,3497.672891863529,890.4475278931568
4372.308046384174,3823.6953042951204,548.6127420890539
3809.535641775789,4404.445567021605,-594.9099252458159
3820.435046047245,4418.151387940721,-597.716341893476
3812.7197839998125,5049.373614854494,-1236.6538308546815
3792.3059302931,4782.7844654839155,-990.4785351908154
3816.5302352719227,4985.875401601696,-1169.3451663297728
3819.48108468509,3836.6592549186266,-17.178170233536548
3352.9836647457832,5039.759649182664,-1686.7759844368811
3345.0372325570233,3111.5367564056246,233.50047615139874
3356.454049345089,4654.469452888595,-1298.0154035435057
3368.610961377894,4624.904432706375,-1256.2934713284808
3350.6313329345157,5103.006189599937,-1752.3748566654212
3373.042552680426,5054.828350497302,-1681.7857978168763
3371.3292446543774,5024.0566851677095,-1652.727440513332
3351.706055932528,4405.498975546234,-1053.7929196137056
3358.3925008624374,4445.403846087472,-1087.0113452250343
3353.130763222631,3122.362387256003,230.7683759666279
3363.133852127232,3866.309097105936,-503.1752449787041
3370.9577536641127,4422.2299079527165,-1051.2721542886038
3367.712621114974,4263.388030742704,-895.6754096277305
4303.116495999093,4410.233375847595,-107.11687984850232
4323.933406135142,4679.92924886474,-355.9958427295978
4299.8690422724885,5048.683436684878,-748.8143944123894
4312.064651637417,5117.047586405452,-804.9829347680352
4316.423846123638,4455.507592676877,-139.0837465532386
4308.612014618531,3626.2919454530725,682.3200691654588
4291.133672946154,4746.326612940033,-455.192939993879
4304.168393189795,5061.26855761648,-757.1001644266853
4318.097264553001,4456.530152636955,-138.4328880839539
4313.451449913454,4419.003766108651,-105.55231619519691
4308.047391598482,3413.581616622337,894.465774976145
4308.8136692469125,5055.350065796635,-746.5363965497227
3583.0218265088456,3182.579588574521,400.44223793432457
3598.141803300426,4116.20228772004,-518.0604844196137
4097.021694658129,4942.767230958784,-845.7455363006557
4106.019140538591,3876.799103374921,229.22003716367044
4091.824883502623,3619.26158684399,472.56329665863313
4091.9326670996707,4263.874652015384,-171.94198491571296
4099.14946400119,4016.557654657482,82.59180934370761
4110.723863339928,3849.194384414771,261.5294789251575
4092.768162337835,4259.208924263827,-166.44076192599186
4100.03333297397,3878.149417048515,221.88391592545486
4666.442994317552,4553.177088291267,113.26590602628494
4685.007207014241,3966.7023134376823,718.3048935765592
4655.622197773579,4972.841879175629,-317.2196814020508
4653.775038561107,3829.005842225275,824.769196335832
4661.013678321096,4808.397398375981,-147.38372005488418
4670.4213589673745,4770.326970503472,-99.90561153609724
4654.388498450391,4686.802544427783,-32.41404597739165
4646.693445845386,4393.403480738821,253.28996510656543
4669.885345168489,4121.56307209825,548.3222730702391
3807.7471301315945,4004.6181199442412,-196.8709898126467
3802.0401037511165,4429.14932718637,-627.1092234352536
3805.9154936898394,4255.990614106066,-450.0751204162261
3810.196035728091,4255.043111323846,-444.84707559575463
3803.1399553680517,3468.5352560761044,334.6046992919473
3817.838873178974,4837.648492998678,-1019.809619819704
4393.933728450464,4774.742667339949,-380.80893888948503
4359.5314727283185,3672.801920509872,686.7295522184463
4376.493765473994,5049.9173120160485,-673.4235465420543
4389.371811924905,4121.673459230023,267.6983526948825
4370.849732363689,4249.799208326389,121.05052403730042
4366.494729532811,4386.351838832392,-19.85710929958077
4388.624688411112,4624.809759526308,-236.18507111519557
4391.311852220107,4695.428689349433,-304.1168371293261
5010.548066395626,3818.663614162047,1191.884452233579
5009.978193696141,3935.1008960129193,1074.8772976832215
5011.460830554833,5044.184369005885,-32.723538451052264
5023.064870294626,4973.4290358707785,49.63583442384788
5023.13492457958,4267.958019493294,755.1769050862858
5018.529451530934,4114.591588405192,903.9378631257423
5004.981026324849,4511.121280076717,493.85974624813207
5009.9396317879655,4423.919212206648,586.0204195813176
5009.627320948596,4431.820639690521,577.8066812580755
5019.142734937675,3942.7138716137815,1076.428863323894
4379.577227523632,4114.282537900776,265.2946896228559
4379.071232727575,3944.559160676727,434.512072050848
4365.4056517968575,5035.223411303728,-669.817759506871
4390.638417640538,5066.1659291136475,-675.5275114731094
4393.513094498149,4140.494282293357,253.01881220479208
4366.997853550097,4285.090758401762,81.90709514833452
4379.597872667498,3593.2131147468904,786.3847579206081
4390.223758184935,4452.634975166817,-62.41121698188181
3812.536186643539,3704.8891667721064,107.6470198714328
3813.876885356124,3844.640062333583,-30.763176977458897
3822.6878971912874,4459.476008432807,-636.7881112415198
3808.805030641505,4687.6014583488995,-878.7964277073947
3806.4108386659213,4967.6899716266935,-1161.2791329607721
3817.1705118468158,3954.4113754843347,-137.24086363751894
3365.454901701068,4762.6525696490735,-1397.1976679480053
3361.5827792397304,4110.393719289427,-748.8109400496969
3349.7815694124556,4760.519591113838,-1410.7380217013824
3346.3211010182795,3459.339955615861,-113.0188545975816
3361.925168614848,4190.1078731709495,-828.1827045561013
3362.4479101352867,4120.70601718376,-758.2581070484734
3371.9246081090755,5068.248499321403,-1696.3238912123275
3353.479365419359,4248.113893254446,-894.6345278350873
3364.912421745666,4313.497228537191,-948.5848067915254
3337.6649390458665,4489.570469421538,-1151.9055303756718
3363.415681916749,3947.8509984204406,-584.4353165036919
3355.4786233768114,4322.138312278792,-966.6596889019806
3355.3430078471893,4259.917039749138,-904.5740319019487
4303.116495999093,3437.6788045615313,865.4376914375616
4310.5928615504,4335.506478968321,-24.91361741792116
4300.054076212166,4758.665456688295,-458.61138047612894
4298.258687629486,3184.075387774845,1114.1832998546415
4303.402656673214,4517.487716157657,-214.08505948444326
4313.985122931457,4271.3629953211375,42.622127610319694
4301.732032308522,4960.918361185326,-659.1863288768036
4306.401574179712,4335.397655064404,-28.996080884691764
4297.234764245841,3827.869451803602,469.365312442239
4304.6244788294125,3614.8743193985656,689.7501594308469
4311.351507328658,4120.326388707719,191.02511862093888
4302.510731399731,3827.444117338555,475.06661406117655
3578.384163456979,4245.698872783693,-667.3147093267144
3587.5177978332094,4257.347498844185,-669.8297010109754
4093.0004516469216,4754.989682101739,-661.9892304548175
4101.338566052279,3481.5042277759007,619.8343382763783
4103.1364595785335,4411.501878014738,-308.3654184362049
4089.6545846102476,4750.236498084625,-660.5819134743774
4078.0859801887623,3992.821104429422,85.26487575934016
4076.170287658828,3746.0526091618394,330.11767849698845
4096.935407947874,4420.376092489965,-323.4406845420908
4088.5068421896053,3303.573612271294,784.9332299183111
4655.950255754926,4107.835879549389,548.1143762055372
4655.37967038139,5116.201812969827,-460.8221425884376
4664.8726968399005,4977.256260462974,-312.3835636230733
4652.989443030373,5046.166199061257,-393.17675603088446
4683.492236936611,4777.844231344186,-94.35199440757424
4670.231159294839,4625.485555883881,44.74560341095821
4653.624888868656,5041.5699826962355,-387.9450938275795
4666.769852101862,3708.054927731864,958.7149243699978
4660.618966570477,5053.058581704682,-392.43961513420527
3814.2103876428973,4274.611873300807,-460.4014856579097
3805.9154936898394,4762.146526572534,-956.2310328826943
3799.2767812725033,3967.357583512471,-168.08080223996785
3814.4655172603775,3765.2616061674453,49.20391109293223
3812.443354312863,4696.341522392048,-883.8981680791853
3801.0607551928615,5036.459007337085,-1235.398252144223
4361.607394907308,4965.149825112082,-603.5424302047741
4372.9455308364795,4249.470702413079,123.47482842340014
4392.859232779537,4245.815260989489,147.0439717900481
4394.580863321302,4276.23408793153,118.34677538977212
4363.930953979311,4677.302921886701,-313.3719679073902
4385.01144673343,5048.666814367494,-663.6553676340645
4382.0217614761805,4761.79204882248,-379.7702873462995
4383.455513192714,3764.860824398724,618.5946887939895
5020.815269770465,5017.137718470609,3.677551299856532
5015.361636448641,5115.913667336457,-100.55203088781673
5003.748095841319,4925.875123679322,77.87297216199659
5016.791310268469,4759.204607319671,257.5867029487981
5025.3827250989925,4422.881113907362,602.5016111916302
5010.763784870343,5045.923492246958,-35.15970737661428
5010.03980905026,3345.8517728618,1664.1880361884605
5030.162880330504,3696.430630162181,1333.732250168323
5025.995805102464,4628.57827308335,397.41753201911433
5013.781965205846,4517.711372354725,496.07059285112064
4381.780582042933,3984.76941909474,397.01116294819303
4375.253282189458,3618.997864656112,756.2554175333462
4368.074478318714,3859.266539991333,508.8079383273807
4365.24051236068,4749.083019319287,-383.84250695860646
4380.548810725937,4407.798320362176,-27.249509636239054
4372.337506649781,4955.749165903214,-583.4116592534328
4389.046175037845,4774.6544745652645,-385.60829952741915
4363.589235944214,3604.9298001597717,758.6594357844424
3810.3427293544046,3762.837502785651,47.50522656875364
3808.805030641505,5049.583965675694,-1240.7789350341895
3828.9764376450103,4425.399127708413,-596.422690063403
3813.0338464549695,5081.069076870374,-1268.0352304154048
3810.138456040493,4797.6502755522215,-987.5118195117284
3816.4707780786066,4979.241275975074,-1162.7704978964675
3343.895516748309,5041.5754019238975,-1697.6798851755884
3366.3349353719022,4617.0812689054965,-1250.7463335335942
3361.3052331701087,3733.1750882674028,-371.869855097294
3355.488746316075,3931.7351268591065,-576.2463805430316
3364.80691424734,4761.5457255052725,-1396.7388112579324
3366.2717283247334,4973.040763633199,-1606.7690353084658
3354.9208834177903,4887.487832285824,-1532.5669488680337
3338.5109333802952,4391.236963788513,-1052.7260304082179
3349.5875291314496,3610.806252882924,-261.2187237514745
3359.044077570943,3121.608309507242,237.43576806370083
3357.046669387351,3757.5999629031094,-400.55329351575847
3355.1822534136754,3621.302304691798,-266.12005127812245
3346.6639781073522,4588.895109032462,-1242.2311309251095
4303.116495999093,3828.9253519136046,474.1911440854883
4304.290314291247,3762.500240789986,541.7900735012613
4301.829106466619,3488.386406515845,813.4426999507741
4296.8211101408,4392.470235251503,-95.64912511070361
4295.445665912714,5110.43562365614,-814.9899577434262
4316.023294432898,3981.9042300116735,334.1190644212247
4312.274139094733,4404.752743682463,-92.47860458772993
4298.991088752814,3441.745591074059,857.2454976787549
4298.241370245814,4398.080629706653,-99.83925946083855
4301.2574878627665,4403.529398049118,-102.2719101863513
4299.119033121689,3758.887169039578,540.2318640821113
4295.169561674878,4603.658538327501,-308.488976652623
3579.820667849966,4395.784134627784,-815.9634667778178
3597.7565323318568,3304.0608470537272,293.69568527812953
4090.230709043088,3761.0997054239983,329.1310036190898
4095.7804100032286,3851.7573436358457,244.02306636738285
4091.9326670996707,4259.938255420875,-168.0055883212044
4090.388574135358,4020.6208341357915,69.7677399995664
4082.234358804156,3404.3640392841194,677.8703195200364
4092.523203181867,4516.422055542013,-423.8988523601465
4103.159366553987,4416.948454500448,-313.7890879464612
4075.082632242837,5026.926241997448,-951.8436097546114
4658.670538145225,3935.515240886886,723.1552972583386
4657.403265918971,4290.5418727332635,366.86139318570713
4672.869869971415,3454.359306705235,1218.5105632661798
4656.385634352351,4411.373266222724,245.01236812962725
4678.07733102253,4126.4697594120435,551.607571610487
4655.909899885705,4438.298023651828,217.6118762338774
4666.072390058616,4408.230834826611,257.8415552320057
4662.870785897707,3980.303765055922,682.5670208417846
4667.436430054335,4266.4931967068,400.94323334753517
3825.606618866514,4127.84992552186,-302.24330665534626
3810.196035728091,4442.041719901272,-631.8456841731809
3814.4655172603775,4617.848255947978,-803.3827386876005
3798.205081595398,4388.356725785006,-590.1516441896083
3795.054450253717,5031.15266645498,-1236.0982162012633
3800.175630140857,3859.4325399283125,-59.2569097874557
4371.661663671257,4969.597967259538,-597.9363035882807
4378.282851715709,4760.336906559589,-382.0540548438803
4389.6731248639435,4850.660577184297,-460.98745232035344
4378.729966215807,3442.109161037012,936.6208051787944
4373.520217999514,3868.481513334045,505.03870466546914
4374.788973548161,3760.8044247408025,613.9845488073588
4399.4551302518075,4987.943701736559,-588.4885714847514
4386.230553139239,3986.579483288205,399.6510698510342
5016.657464763409,4111.411942596339,905.2455221670698
5010.973390904524,3695.302378451126,1315.6710124533984
5006.065637541217,3826.3353702392355,1179.7302673019817
5004.981026324849,3967.920187301981,1037.060839022868
5022.976498045221,3473.470004916269,1549.5064931289521
5017.881075955331,4261.971419667927,755.9096562874038
5011.711252719304,3607.6890365556674,1404.0222161636366
5030.158730854227,3195.3372739743813,1834.8214568798453
5004.543020575519,4250.667542933713,753.8754776418064
5013.92313359684,4758.521923586282,255.4012100105574
4378.89750066998,5044.097651975028,-665.2001513050482
4374.591679200938,5035.599593307965,-661.0079141070264
4398.68054390965,4992.399906294046,-593.7193623843959
4393.155375068699,4637.109680807942,-243.95430573924295
4375.71480507679,3610.861159802093,764.8536452746971
4379.219613323137,4406.73470094969,-27.515087626552486
4375.600130398292,5076.682987323311,-701.0828569250189
4384.473372934514,4404.504674187368,-20.031301252854064
3805.8203383458963,4407.738166627363,-601.9178282814669
3817.1705118468158,4764.705721955086,-947.5352101082703
3800.0768865148693,4222.1966881005765,-422.11980158570714
3816.4707780786066,4990.112171019493,-1173.6413929408864
3814.411867328401,4383.304651162159,-568.8927838337577
3807.9026636987987,4972.844618336793,-1164.9419546379945
3359.2365729589824,3948.395649458748,-589.1590764997654
3367.922146042615,3630.5859234560135,-262.6637774133983
3360.489791595589,5048.308582474067,-1687.8187908784785
3356.966893782277,4510.935357719126,-1153.9684639368488
3350.848397415046,4490.89010843839,-1140.0417110233439
3351.473316237596,4379.992504880726,-1028.5191886431303
3354.735097870512,4508.983342858664,-1154.2482449881522
3353.3402449373016,4608.818960542138,-1255.478715604836
3363.5257166892943,4625.293147394818,-1261.767430705524
3367.713818397687,4114.1805797123625,-746.4667613146753
3364.313583158096,3842.0912267378812,-477.77764357978504
3350.8203390314316,5025.546889703533,-1674.726550672102
3351.838173396324,4102.6766958425915,-750.8385224462677
4303.116495999093,3973.8934349862593,329.22306101283357
4295.089235747378,4933.671435003878,-638.5821992565006
4309.415310504878,3799.790206235725,509.6251042691533
4292.574979631901,4751.604816014376,-459.02983638247497
4291.709747093017,3819.517964504325,472.1917825886917
4297.3153469554,4109.111437928759,188.20390902664076
4295.416136728206,4963.44986464499,-668.0337279167843
4294.891246951358,4394.743599983983,-99.8523530326247
4303.8697634362725,3864.960355193156,438.90940824311656
4302.05045530362,4394.9755406117765,-92.92508530815667
4300.402332305721,3611.860854502601,688.54147780312
4298.647357094811,3830.9570725983126,467.6902844964984
3585.873215402951,4038.9021832165777,-453.0289678136269
3596.930759460981,4408.117998631723,-811.187239170742
4088.340979132338,4401.374572394221,-313.0335932618832
4095.424376428223,4513.898527249398,-418.4741508211755
4090.4558657305347,4757.038758341608,-666.582892611073
4102.556675270807,4983.8082724744545,-881.2515972036472
4066.7095534139594,4586.172009461832,-519.4624560478728
4083.604112621071,3755.068824883517,328.535287737554
4109.708061753848,4774.041866233586,-664.3338044797383
4092.892058009428,3979.9594393765515,112.93261863287671
4661.304740200534,3980.414994907079,680.8897452934552
4668.931586369678,4531.3939960168,137.5375903528784
4654.978960412718,4657.625115072245,-2.6461546595264736
4663.699589185305,4979.086037771028,-315.386448585723
4648.141069289284,4393.433356520998,254.707712768286
4666.45817143109,4120.150086065471,546.3080853656184
4648.752354434181,3761.3610519116137,887.3913025225675
4669.597510538358,4418.0151518515795,251.5823586867782
4654.628789792054,4254.995649152093,399.6331406399604
3827.671217822062,4532.198309404884,-704.5270915828219
3803.1399553680517,4253.311017907985,-450.17106253993325
3812.443354312863,4168.03598712185,-355.59263280898676
3795.054450253717,4672.568241925664,-877.5137916719468
3802.115414641034,3756.6393547642338,45.476059876800264
3805.4608073928894,3976.227807041677,-170.76699964878753
4378.106108886636,5049.975029631307,-671.8689207446705
4375.386989713004,4283.064835432065,92.32215428093969
4371.78499802012,4435.431969630683,-63.646971610563014
4383.1850966503125,3849.9417335824337,533.2433630678788
4359.198033297253,4739.7981879802865,-380.6001546830339
4399.526348375606,4984.620287046618,-585.0939386710115
4383.925237218002,4121.51758147551,262.40765574249144
4391.770041044119,5123.463703663368,-731.6936626192482
5020.2487510471265,4445.285773940683,574.9629771064438
5012.703856162913,4426.6245023227975,586.0793538401158
5016.389001949351,4621.1233409795705,395.2656609697806
5032.287301669965,4984.377504741412,47.90979692855308
4996.134848979865,4389.698606636471,606.436242343394
5018.253894072439,3833.124457874567,1185.129436197872
5000.433814758054,3931.21326039591,1069.220554362144
5021.380287494223,4982.553023175556,38.8272643186674
5020.896686443605,2960.2568454293196,2060.6398410142856
5020.425054351316,5058.049276614988,-37.62422226367198
4393.404966755934,3419.0952759757797,974.3096907801541
4372.9183497741315,4475.426031934367,-102.50768216023516
4387.538986466773,5057.011455299959,-669.4724688331862
4395.902984277388,4959.482590761702,-563.5796064843144
4378.848874520483,4398.933374781322,-20.084500260838468
4371.810107964032,3403.833671932184,967.9764360318477
4386.213686390725,3838.3464824855914,547.8672039051339
4364.730164632154,4589.241031652806,-224.51086702065186
3806.242655590263,3619.4786919798257,186.76396361043726
3807.755582759156,4611.580544376152,-803.824961616996
3794.7086308821235,3813.689522960134,-18.980892078010584
3815.331735526442,3418.6470761303835,396.6846593960586
3806.1159329648112,4972.935724410099,-1166.819791445288
3820.4414693320696,4767.4564370863245,-947.0149677542549
3364.5912986438593,4265.7172272373045,-901.1259285934452
3352.269875920846,4609.359692709283,-1257.089816788437
3366.8608920107067,3413.9598734353776,-47.09898142467091
3368.7248112973816,4690.120880530808,-1321.3960692334263
3345.226466930877,4289.649644343892,-944.4231774130149
3374.7028896262996,3995.429263732705,-620.7263741064053
3352.2330031071306,4757.638754257585,-1405.4057511504543
3378.1842638883004,5055.328840323504,-1677.1445764352034
3363.5593450938873,4833.458737116966,-1469.8993920230791
3379.550636866836,4066.950269506439,-687.3996326396027
3362.384563891709,3130.2586948787907,232.12586901291843
3356.3237530580336,4958.715788022746,-1602.3920349647124
3358.64936190007,4759.0434910970625,-1400.3941291969927
4303.116495999093,3829.3288735911983,473.78762240789456
4286.696406782251,4394.719958243921,-108.02355146166974
4304.411251631661,4477.795921446931,-173.38466981527017
4299.353387043218,3833.686730264643,465.66665677857554
4281.783692335356,4641.686747555874,-359.9030552205177
4307.5377772233305,4772.673732475517,-465.13595525218625
4298.16337886867,3823.611639308414,474.55173956025646
4304.346312490175,4512.830759607258,-208.48444711708362
4313.451449913454,4495.998771581337,-182.5473216678829
4303.730523227775,3412.3270205807667,891.4035026470083
4298.32616219364,4184.271449792437,114.05471240120278
4290.8062732202625,3747.6274920109663,543.1787812092962
3604.740002479163,4325.965302146168,-721.225299667005
3600.5986937885173,4666.202010772748,-1065.6033169842303
4087.36388745964,3696.5324153023525,390.8314721572874
4098.164771362198,4450.295449857386,-352.1306784951885
4099.14946400119,4524.265465962757,-425.11600196156724
4082.234358804156,4596.621504306126,-514.3871455019698
4105.269306987454,3635.7916644006323,469.47764258682173
4080.031325945346,4387.544414282412,-307.5130883370657
4077.4386342609423,3831.0667112550504,246.37192300589186
4100.180118323532,3772.942298816539,327.2378195069932
4664.8726968399005,4271.429432768102,393.4432640717987
4667.69080847926,4197.1370958702755,470.5537126089848
4670.4213589673745,4256.957719954567,413.4636390128071
4660.239280511195,5048.8767703760905,-388.63748986489554
4651.913710759079,3968.1135090683656,683.800201690713
4659.1461824296875,3620.3384107067313,1038.8077717229562
4656.89003338567,3298.671958149289,1358.218075236381
4667.634584348022,3626.0682969302175,1041.5662874178047
4669.2726668738205,5024.398517159721,-355.1258502859009
3795.5327861945584,4499.295548705337,-703.7627625107784
3817.838873178974,5048.663423987695,-1230.8245508087207
3801.0607551928615,3109.9930816522146,691.0676735406469
3800.175630140857,4972.65998565373,-1172.4843555128728
3805.4608073928894,4113.4515934385445,-307.9907860456551
3809.9406544635326,4260.55004504209,-450.60939057855694
4384.989526872748,3627.48504485635,757.5044820163976
4384.314171270515,4412.947766196805,-28.633594926290243
4373.216896409577,4250.988019747738,122.22887666183942
4372.53971897024,4248.950210334679,123.58950863556129
4378.022863461055,4837.003107112861,-458.9802436518057
4389.294799008264,3599.3111787116723,789.9836202965917
4392.5412652978375,3950.0896457914355,442.45161950640204
4380.507772010302,4261.423564357843,119.08420765245864
5014.834092338253,5047.444717852532,-32.61062551427949
5006.8818737788915,3830.0773505244724,1176.804523254419
5020.044667796581,4908.306065148419,111.73860264816176
5019.142734937675,3833.6099961568157,1185.5327387808597
5016.125002982412,4904.31226031502,111.81274266739274
5018.173446820793,4840.349043551543,177.82440326925007
5013.92313359684,3969.900146868918,1044.0229867279218
5015.151718491852,4572.2789787229385,442.87273976891356
5013.879643629766,3949.0870369343315,1064.7926066954346
5016.592766852593,3973.898908314472,1042.6938585381208
4372.337506649781,4289.763974252541,82.57353239724034
4382.046275545896,5042.521499791507,-660.4752242456116
4388.8759225445465,4408.352099916708,-19.476177372161146
4375.185523333216,4513.55424513752,-138.3687218043042
4381.91361302879,3980.5676403792954,401.34597264949434
4365.686969157295,4747.843742584233,-382.15677342693834
4375.562437727327,3295.6892582673636,1079.8731794599635
4387.716548784023,4911.593981278627,-523.8774324946044
3817.1401632382904,4767.821209822872,-950.681046584582
3800.7402999270435,4222.2578017924725,-421.51750186542904
3816.394459448616,4625.691919814699,-809.2974603660828
3805.5222506199043,4599.326570082004,-793.8043194620996
3801.556049161456,3965.983276574528,-164.42722741307216
3804.679371183185,5120.2370802173255,-1315.5577090341403
3370.7961947837625,4526.552657887234,-1155.7564631034716
3368.7248112973816,4403.410206025432,-1034.6853947280501
3350.5552207503856,4388.961384207325,-1038.4061634569393
3355.3430078471893,4967.64480521938,-1612.3017973721908
3373.596959888005,4909.992622988194,-1536.3956631001888
3358.9345921674967,5017.129240370064,-1658.194648202567
3363.58168509143,4972.733419102918,-1609.1517340114879
3348.635557336693,4966.0005830762675,-1617.3650257395743
3351.336219883323,4515.386411588218,-1164.050191704895
3361.5204220483283,4445.100916224067,-1083.5804941757387
3361.4802542970774,3974.5153155828616,-613.0350612857842
3358.5724486263543,4113.131291531196,-754.5588429048421
3359.4595914824145,5130.27047917879,-1770.8108876963756
4303.116495999093,4509.315602828059,-206.19910682896625
4295.943795598494,5037.492145779619,-741.548350181125
4297.69283754889,4760.278508989565,-462.58567144067547
4297.677496795278,3618.6589951867268,679.0185016085511
4318.554045935862,4420.453837301909,-101.89979136604688
4297.822502433411,4392.878698272161,-95.05619583875068
4314.299225756819,4626.224666107296,-311.9254403504765
4300.6216120044055,3467.378416472312,833.2431955320935
4295.201709642741,4252.2430526747075,42.95865696803321
4302.138133761166,4188.0353317284125,114.10280203275306
4311.385919237099,4811.255749544727,-499.86983030762804
4316.686234860655,4529.3300309251335,-212.64379606447892
3607.912148184036,5064.675212147627,-1456.7630639635904
3604.3924260230337,4631.15856292229,-1026.7661368992563
4087.238400637142,4965.158609542156,-877.9202089050141
4107.232633960527,4992.757399997195,-885.5247660366676
4087.8737096792092,3618.2078190436932,469.665890635516
4096.388320677391,4764.241987749731,-667.8536670723406
4092.4395712349587,4978.6095190719125,-886.1699478369537
4094.076544315133,4404.9757806038,-310.89923628866654
4094.079940395198,4901.889182809684,-807.8092424144861
4093.74191349105,4515.007678544704,-421.26576505365347
4665.955173345009,4973.532620244031,-307.5774468990221
4658.902335384671,4896.770529390231,-237.86819400556033
4644.560077338335,3824.899511103857,819.6605662344778
4647.300302944675,4385.324561430911,261.97574151376466
4656.883649799962,3939.408842389871,717.4748074100908
4667.155894851592,4194.538775423277,472.61711942831516
4654.416225306285,3463.5127901707074,1190.9034351355776
4661.524750106216,4517.610989350481,143.91376075573498
4646.262630529094,3607.8014199909658,1038.4612105381284
3817.818089493948,4806.713460932972,-988.8953714390245
3821.0125692183406,4128.808288575193,-307.79571935685226
3797.0341792080226,4794.83343688264,-997.7992576746174
3802.6203318632333,3837.2587210866786,-34.6383892234453
3808.729007055884,4190.014707571672,-381.28570051578845
3814.0094516961017,4808.337275793525,-994.3278240974232
4375.440431823193,5040.678761466209,-665.2383296430162
4401.906130720873,4780.581802340996,-378.67567162012256
4362.0998342480925,4223.611382747806,138.48845150028683
4393.243291516881,5069.061757108921,-675.8184655920395
4368.525317714747,4892.032467521825,-523.5071498070783
4385.080066293991,4964.486848847798,-579.4067825538068
4382.8104760320575,3703.1435211813628,679.6669548506948
4372.839545595515,4435.880571503987,-63.041025908471966
5018.454827083375,4398.461077626583,619.9937494567921
5027.57265087994,3977.9777932272627,1049.594857652677
5026.219174655629,3636.3547549618556,1389.8644196937735
5027.26272788864,3616.56213044631,1410.70059744233
5014.450779112489,4798.6632559775435,215.78752313494533
5028.047800705036,4269.109920857646,758.9378798473899
4998.7818805883935,4317.2939794641425,681.487901124251
5010.265076907384,3681.509874007429,1328.7552028999553
5011.088134129961,4511.172392294417,499.9157418355444
5015.565186622698,5053.276024723893,-37.710838101194895
4361.086640891126,4469.241750747486,-108.15510985635956
4378.73249661041,3868.125900274466,510.6065963359438
4388.009538184608,4558.578262439652,-170.5687242550439
4383.775442435237,5091.352672007011,-707.5772295717743
4363.937786941641,3683.907107727469,680.0306792141723
4377.359146079641,3974.199870554908,403.1592755247325
4376.772806198725,4548.193131784533,-171.4203255858074
4391.7465747561255,4274.107671596526,117.63890315959907
3812.0748386449077,3626.9517572761392,185.12308136876845
3814.4050305810315,4484.626641229012,-670.2216106479809
3820.185812586922,4981.612966071391,-1161.4271534844693
3815.204135463728,4522.582763143309,-707.3786276795813
3805.215411063452,4479.588579093337,-674.3731680298852
3803.606751879286,4689.845537087382,-886.2387852080956
3341.289471142872,4953.065515013472,-1611.7760438705996
3374.7028896262996,4916.288088241775,-1541.5851986154753
3353.3400160427796,4757.13013319646,-1403.79011715368
3358.9345921674967,4695.852879386609,-1336.9182872191122
3366.5099138732694,5053.658006342108,-1687.1480924688385
3362.643527835033,3619.776603250983,-257.13307541594986
3355.8290841751455,4253.257147692853,-897.4280635177079
3362.35920623993,4756.904690210796,-1394.545483970866
3369.9561297168652,4614.84975877248,-1244.8936290556144
3364.0603139825516,4255.407482454516,-891.3471684719643
3363.9887341449885,4450.022614590897,-1086.0338804459088
3363.082485553747,5043.112545059179,-1680.0300595054318
3383.7757468077857,4789.226203242325,-1405.4504564345393
4303.116495999093,4763.9734755515565,-460.8569795524636
4310.963350735515,3950.687808049312,360.2755426862027
4286.168822062404,4241.840723094266,44.328098968137965
4302.618677921922,4404.337762463608,-101.71908454168533
4299.1307989723855,3824.07406760285,475.05673136953556
4293.962623289444,4747.887412724656,-453.924789435212
4288.076286666643,4645.642330319824,-357.5660436531816
4314.425620598013,4980.415731434041,-665.9901108360282
4288.318547974736,5041.8461872348,-753.5276392600636
4301.800582123295,3976.889102605523,324.91147951777157
4309.161823364505,4487.226448336437,-178.06462497193206
4313.480841914049,4804.735296207189,-491.25445429314004
3599.196622066346,4810.606039153471,-1211.409417087125
3588.346293306695,3866.4281696920148,-278.0818763853199
4102.773085469212,5058.910536448475,-956.1374509792631
4089.0271738714455,4964.547086980535,-875.5199131090894
4110.723863339928,3849.3188376133376,261.4050257265908
4092.523203181867,3832.2074172595485,260.31578592231836
4080.031325945346,4243.536959310326,-163.50563336497999
4096.005646967161,3769.472690683964,326.53295628319665
4095.9694428552866,3838.0007078308945,257.9687350243921
4097.95759151228,4548.661198758154,-450.7036072458741
4658.47498204547,4261.058033595396,397.4169484500735
4664.313750366357,4259.752533831705,404.5612165346529
4656.505322201805,4509.984727972807,146.52059422899765
4668.66280227118,4771.274776241865,-102.61197397068463
4651.974459179423,4433.566535163305,218.40792401611816
4683.5922680467,3639.638766658541,1043.953501388159
4657.485863740885,4037.6667863894195,619.8190773514657
4654.054949395976,4373.827917447065,280.22703194891074
4655.899286520347,5043.759913101996,-387.86062658164883
3808.204113222031,3406.592537400321,401.6115758217102
3793.6249135995063,3608.5402482722143,185.084665327292
3808.6374020718054,4328.290836454274,-519.6534343824683
3811.083765498709,3974.8590985972883,-163.77533309857927
3802.525407383165,4108.223212727344,-305.6978053441785
3814.0489604100076,4335.526324867555,-521.4773644575471
4401.906130720873,4533.652893859629,-131.74676313875625
4382.855484168125,3619.709067888136,763.1464162799894
4389.903722121924,3836.2950926753847,553.6086294465395
4373.496972192956,3461.775069574304,911.7219026186517
4376.359741973961,4251.545469349318,124.8142726246424
4378.000145229218,4399.332482982598,-21.33233775337976
4375.18271664891,4115.340153901829,259.8425627470815
4374.049501217457,4395.043950599687,-20.994449382230414
5025.5871038012265,3455.19342801382,1570.3936757874067
5014.2768973138245,4836.609014774014,177.6678825398103
5022.068266688321,4762.768050934699,259.30021575362207
4996.922607175685,4950.312712096591,46.6098950790938
4988.314603420841,3921.709708726777,1066.6048946940641
5017.4699929358085,4767.527425669323,249.94256726648564
5035.002794568578,4426.320618142105,608.6821764264732
5011.610447945032,3977.915269743477,1033.6951782015553
5031.711663357107,4983.070183623938,48.641479733169035
5024.700345484776,3851.8311640024813,1172.869181482295
4363.776229967103,5101.910360720988,-738.1341307538851
4384.577041481337,4405.764617724701,-21.187576243363765
4373.532845248383,4117.650123997833,255.88272125054937
4365.649038219315,3968.4902851324937,397.15875308682143
4379.9848250245095,4192.350251713237,187.6345733112721
4389.482781237866,4410.763639439073,-21.280858201206684
4361.275457114132,3814.412429492073,546.8630276220592
4376.148138117101,3826.3425216831934,549.8056164339073
3811.280996808772,4326.627944537637,-515.3469477288645
3803.358078230242,4240.6712076824,-437.3131294521577
3803.0349836754167,5039.51480919079,-1236.4798255153737
3795.5759599272387,4389.001346691615,-593.4253867643765
3813.0546261085374,3491.0961338492125,321.9584922593249
3802.624118226551,4511.3201388365105,-708.6960206099593
3351.4186069855,5047.423726452721,-1696.005119467221
3378.1842638883004,4411.425567584041,-1033.241303695741
3358.054174023714,3761.2198821205543,-403.16570809684026
3348.635557336693,3861.1470196660653,-512.5114623293721
3349.9643687851626,3819.8492701202013,-469.88490133503865
3362.35920623993,4760.042877214352,-1397.6836709744225
3346.4198007113564,5035.91957499988,-1689.4997742885234
3361.7842990831373,3844.076689552277,-482.2923904691397
3352.7390934755695,4963.540443867429,-1610.8013503918592
3364.540455337028,3987.247474805786,-622.7070194687581
3349.544334593016,4426.485853462422,-1076.9415188694056
3354.4722445705283,4762.055479242415,-1407.5832346718862
3367.5233097448545,4765.33527916671,-1397.8119694218558
4303.116495999093,4189.295842812648,113.82065318644527
4299.698343388053,4937.09540445737,-637.3970610693168
4312.653900284081,4439.481319215564,-126.82741893148341
4295.998537775335,4599.654198728735,-303.6556609534
4291.9191223564385,4960.510047871605,-668.5909255151664
4300.741765297006,4898.197577912311,-597.4558126153051
4303.130442155398,5042.390696307194,-739.2602541517963
4318.564701275236,4918.038636476262,-599.4739352010256
4301.742692133365,4437.235165978581,-135.4924738452155
4295.816285398549,4888.681813820529,-592.8655284219803
4289.808019241705,4469.251118303635,-179.4430990619303
4301.73776654192,5041.315423690077,-739.5776571481574
3600.5986937885173,5016.7057748215475,-1416.1070810330302
3596.639825959757,3957.3677015037233,-360.7278755439661
4088.1120745887906,4827.6120015857205,-739.4999269969298
4104.392621926101,4699.713921716155,-595.3212997900537
4084.8303872212596,3753.9511632545095,330.87922396675003
4081.0140599168126,4400.51741525582,-319.5033553390076
4095.499857557597,4899.674214599723,-804.1743570421263
4086.791154369493,4541.641183244579,-454.8500288750861
4074.7784388666614,3606.383351874146,468.39508699251564
4094.2382644148147,4944.2168503939565,-849.9785859791418
4683.492236936611,4537.80071983793,145.6915170986813
4654.038452684942,4402.08541484095,251.9530378439922
4651.913710759079,4233.18106100809,418.73264975098846
4670.188169869168,5058.933801198284,-388.7456313291159
4659.531515512606,3835.7323493517365,823.7991661608698
4651.686106500972,4503.823212791221,147.862893709751
4651.221544369468,4437.308919396711,213.91262497275693
4659.8896549242245,5040.881832771117,-380.99217784689245
4646.937675914336,4962.246242293297,-315.3085663789607
3820.241031858015,4975.058830511203,-1154.8177986531882
3808.9413016555623,5017.231457127986,-1208.2901554724235
3819.3841202542962,3989.4370726974025,-170.05295244310628
3823.040899640601,4417.541056412484,-594.5001567718832
3803.11664568199,3974.1674630563516,-171.0508173743615
3794.422070528844,3748.6644936131615,45.75757691568242
4362.0998342480925,4588.387894299176,-226.28806005108345
4389.903722121924,3195.2430046950794,1194.6607174268447
4386.630325233954,3838.6554715000825,547.9748537338714
4387.75038077314,4446.55131862485,-58.80093785170993
4352.972779394458,4731.659422044918,-378.68664265046027
4380.831652703818,4332.038154860639,48.79349784317856
4385.179691024519,4007.5001393068333,377.6795517176861
4388.417023067003,4990.081794329472,-601.664771262469
4998.23421099517,3968.8346787462447,1029.399532248925
5014.345672893016,4408.610568620742,605.7351042722739
5008.053888173705,4396.452130996069,611.6017571776356
5015.151718491852,3443.5698554115784,1571.5818630802737
5002.990460166298,4964.833072994648,38.15738717165004
5011.823288018436,4755.591145190137,256.2321428282994
5007.566810467783,4257.028352395967,750.5384580718164
5015.636894603155,4265.547492782301,750.0894018208546
5008.911773134657,3609.3245373113264,1399.5872358233305
5006.797849388609,5037.580822410492,-30.782973021882754
4399.16903839077,4921.175814643606,-522.0067762528361
4396.522240339054,5055.096857843789,-658.5746175047343
4382.665633255683,3126.939257308227,1255.7263759474563
4383.887737722158,5078.095863003996,-694.208125281838
4387.447582043781,4976.833905862649,-589.3863238188678
4388.204176005989,4342.557754518452,45.64642148753683
4375.736443802083,4395.941770597736,-20.20532679565258
4377.35920716424,4108.6570720916625,268.7021350725772
3822.7754032429675,4761.923813356032,-939.1484101130645
3785.1417496523745,3463.204628490238,321.93712116213646
3807.4149514923,4481.212093745163,-673.7971422528626
3807.7454253408155,4829.0444571226,-1021.2990317817844
3798.3501529393507,4100.346678426929,-301.99652548757877
3813.622820678322,3977.717099640589,-164.0942789622668
3361.567476493444,5044.015114118492,-1682.4476376250486
3379.550636866836,5065.522415147033,-1685.9717782801968
3354.625631809119,4621.158542090075,-1266.5329102809555
3361.5204220483283,3596.193966128557,-234.67354408022857
3363.321909251147,4263.654755841771,-900.3328465906234
3364.0603139825516,3622.851948397558,-258.79163441500623
3368.5562031179597,4409.95167141447,-1041.3954682965104
3364.540455337028,4624.513679021278,-1259.9732236842501
3377.4227271731147,4426.914715622376,-1049.4919884492615
3355.4869715390364,4044.4945472237973,-689.0075756847609
3373.5816136489607,4126.385894130766,-752.8042804818056
3369.60258236806,4973.969835703789,-1604.3672533357285
3355.3836120203805,3706.042323020526,-350.65871100014556
4303.116495999093,4975.037764641921,-671.9212686428282
4295.237341671445,5043.3867550966115,-748.1494134251661
4300.1510670613825,4750.782689871104,-450.6316228097212
4324.25595435588,4454.392732260977,-130.136777905097
4308.612014618531,4409.924091821378,-101.31207720284692
4306.8152553900145,4401.646189294558,-94.8309339045436
4299.639071135793,5037.420684393535,-737.7816132577427
4303.8697634362725,3695.511253628522,608.3585098077506
4308.047391598482,5053.604651136192,-745.5572595377098
4298.32616219364,4788.872939962119,-490.54677776847893
4304.0435830069255,4408.302725122469,-104.25914211554391
4320.0741570585005,4415.405492766107,-95.33133570760674
3608.849688187761,3985.324048133541,-376.4743599457802
3592.981941835503,3831.775521523098,-238.79357968759496
4090.4558657305347,4969.04952557454,-878.5936598440053
4084.7910527870176,3613.379450603648,471.4116021833697
4092.768162337835,3831.6434309804404,261.12473135739447
4103.159366553987,3952.134867819116,151.02449873487058
4077.4386342609423,4393.864298615864,-316.42566435492154
4095.9694428552866,4261.151011046389,-165.1815681911021
4088.3125298046716,4656.4518784879065,-568.1393486832349
4086.0742968538534,4515.365418089684,-429.29112123583036
4673.712850842315,4772.014294654442,-98.30144381212722
4657.534480903149,4965.9677614138345,-308.4332805106851
4669.885345168489,3983.309650916175,686.575694252314
4643.887133728815,4747.587421068216,-103.70028733940126
4664.518250793351,4810.284265584033,-145.76601479068177
4669.2726668738205,4343.674982150114,325.59768472370615
4651.793395143891,4294.381959715857,357.41143542803366
4656.317631559187,4613.701814316499,42.615817242688536
4670.74541818932,4266.374759715735,404.3706584735846
3814.386826252106,4983.525583621958,-1169.1387573698516
3819.034592051976,5054.333524293458,-1235.2989322414824
3813.7671476673922,3706.580937520722,107.18621014667042
3807.170060750365,5114.346753442759,-1307.1766926923942
3816.3168039194547,5087.462741003155,-1271.1459370837006
3797.647402824711,4609.090151519001,-811.4427486942895
4393.243291516881,4132.633101691912,260.610189824969
4373.496972192956,4399.151901174469,-25.654928981512967
4387.75038077314,4623.4350729251055,-235.68469215196546
4381.076223378344,4761.600996128809,-380.52477275046476
4385.030752436977,3761.4541940069357,623.5765584300416
4390.019992527422,4622.773035013997,-232.7530424865754
4383.574664971089,3983.5689487000172,400.00571627107183
4379.577227523633,4757.409930768582,-377.8327032449488
5018.173446820793,4768.554155657094,249.61929116369902
5005.324767200976,4604.573017706104,400.75174949487155
5011.420438417714,5044.99522649892,-33.57478808120595
5003.675865304901,4106.289147386442,897.386717918459
5009.861841390936,3308.535708804789,1701.3261325861472
4988.906179640565,4487.943662998312,500.9625166422529
5013.436958443769,4192.598057051428,820.8389013923406
5033.708573608741,5065.692533519093,-31.983959910351587
5025.311808257546,4339.958913498484,685.3528947590612
5002.270125768611,4395.66045403618,606.6096717324308
4363.971523384998,3459.5676282987874,904.4038950862109
4373.332821673471,4227.0443785214375,146.28844315203332
4389.482781237866,4274.755077138246,114.7277040996205
4386.335257880192,3474.6847684122413,911.650489467951
4372.795706530956,3971.288386686872,401.50731984408367
4397.667487593605,4998.304897124827,-600.6374095312221
4371.768126595766,4403.486009315063,-31.71788271929654
4393.983713681564,3988.6361315013523,405.3475821802117
3813.6588310056227,4412.131240253008,-598.4724092473857
3803.9205444382237,4387.201785084238,-583.2812406460139
3827.7293725864756,4414.583013845754,-586.8536412592784
3810.2443809465035,4252.231344788091,-441.9869638415871
3811.942632571553,4008.3131691014814,-196.37053652992836
3795.4558653469276,4743.269197783521,-947.8133324365936
3357.716264994681,4972.867864989523,-1615.151599994842
3356.3237530580336,5036.218665793047,-1679.8949127350133
3359.9053060779806,5051.648684629655,-1691.7433785516741
3358.5724486263543,3619.120986458904,-260.54853783254975
3354.6862165011394,5118.410187180757,-1763.7239706796177
3363.082485553747,4410.879787955024,-1047.7973024012767
3349.185141098217,4432.351014060338,-1083.1658729621204
3354.4722445705283,3407.2672814991483,-52.79503692861999
3361.46314953548,3348.0658883087162,13.39726122676393
3369.60258236806,3954.811419358249,-585.208836990189
3361.1818395728437,3766.7281134854543,-405.54627391261056
3364.6338587084274,3595.0603881847896,-230.42652947636225
3370.738812425205,4461.562882926416,-1090.8240705012108
4303.116495999093,3972.2195339097116,330.8969620893813
4314.733254586938,3713.8637218946756,600.869532692262
4307.078261359901,5119.973773177869,-812.8955118179674
4297.707076363832,3406.685832471669,891.021243892163
4312.552641906687,4453.0304511392005,-140.4778092325132
4303.392550139547,4759.454335384911,-456.06178524536426
4306.025574897996,4618.897018393937,-312.8714434959411
4304.627006121258,4262.7197178657725,41.90728825548558
4296.132417686608,3616.5252185376926,679.6071991489157
4291.806544843862,4395.761514857209,-103.95497001334661
4294.838621958671,4925.917628059087,-631.0790061004163
4298.544327310264,5052.135607166274,-753.5912798560103
3597.9324518894864,5047.863726026892,-1449.931274137406
3583.766615212384,4785.742392208171,-1201.9757769957869
4090.261436944546,3872.334669119123,217.92676782542276
4096.5298812697865,5058.6627359259455,-962.132854656159
4116.068072502857,3866.198038199689,249.8700343031678
4089.9904920601766,4400.602780632742,-310.6122885725654
4083.456953531764,4961.0451958274425,-877.5882422956784
4096.7138755836495,3693.984166610057,402.72970897359255
4081.671148218269,5037.625539660714,-955.9543914424448
4092.879935316694,3762.136310563658,330.74362475303633
4685.25961990144,5078.363781998881,-393.1041620974411
4661.746514088451,5123.033294606805,-461.28678051835413
4657.18605476095,3972.333153528092,684.8529012328581
4652.793297844892,3614.8927930419686,1037.900504802923
4648.672564618329,3610.465928475782,1038.2066361425464
4658.651571361215,4515.0499079040865,143.60166345712878
4678.880069343236,3889.8612559704125,789.0188133728234
4665.789095401838,4774.393029133292,-108.60393373145416
4667.004063789639,4519.56427380626,147.43978998337934
3815.658864288902,5055.521076846897,-1239.862212557995
3800.5832422022804,4391.683285212167,-591.1000430098866
3793.708369295977,4386.487340243904,-592.7789709479275
3807.78290849261,4751.256044441153,-943.4731359485427
3794.9046898113165,4738.487772344392,-943.5830825330759
3810.2728732258265,4290.124381020097,-479.8515077942702
4368.525317714747,4892.032467521825,-523.5071498070783
4376.359741973961,3470.6778851148492,905.6818568591116
4352.972779394458,4090.3476227350966,262.625156659361
4385.030752436977,4442.782545385571,-57.7517929485939
4362.879044934069,3815.2085049496213,547.6705399844473
4365.3079297034055,5107.609553630707,-742.3016239273011
4396.990008235667,4205.875940495483,191.1140677401845
4367.437304423369,5071.054281972281,-703.6169775489125
5037.433554592585,4631.001597395099,406.43195719748564
5009.934148420666,3831.3766328128695,1178.5575156077966
5026.644270898796,3945.778736625386,1080.86553427341
5014.772107852983,3444.2158299051794,1570.5562779478037
5015.380661315999,3598.017718547595,1417.3629427684036
5002.936959255334,4103.62060181834,899.3163574369937
5000.626063349348,3430.8597311079025,1569.766332241446
5029.7565821934395,5133.412077046799,-103.65549485335941
5006.046738006405,5114.35899178127,-108.31225377486498
5014.903756949807,4974.088191788427,40.81556516137971
4387.468302975125,4118.866807225706,268.601495749419
4385.328143439234,3701.483010405796,683.8451330334378
4386.042909822948,3312.412012806868,1073.6308970160799
4385.44286141742,4700.476822602049,-315.0339611846284
4393.074856737378,3956.1970791085623,436.87777762881524
4398.139740330502,4425.634675105387,-27.494934774885223
4382.952447825063,4296.5241011738535,86.42834665120972
4380.197693755163,4767.202955264182,-387.00526150901896
3820.091340152745,3774.4502276620988,45.641112490646265
3814.527902231242,4119.945982240053,-305.4180800088111
3801.5155049312298,4750.109240624383,-948.5937356931536
3818.0677148538603,4945.580524886131,-1127.5128100322704
3835.4407989657834,5148.976020031387,-1313.5352210656033
3803.898029964521,3970.368382329419,-166.4703523648982
3344.484938518189,4459.794664722431,-1115.3097262042415
3358.3753431464384,4755.823435852074,-1397.4480927056356
3351.6330740118565,4764.303296461539,-1412.6702224496821
3372.5923729570777,4298.344653674506,-925.7522807174282
3366.3829658798345,4508.236219308819,-1141.8532534289848
3349.115769379181,4506.799048365492,-1157.683278986311
3373.3870355278277,4846.8096910438335,-1473.4226555160058
3355.1743613805847,4409.9541148877115,-1054.7797535071268
3356.3192317750836,4464.083539626055,-1107.7643078509718
3359.1300892414974,4407.23554774325,-1048.1054585017528
3359.4214219162586,4482.950891979116,-1123.5294700628574
3357.7396530332007,4332.279181597122,-974.5395285639215
3345.97773835006,5037.237336330567,-1691.259597980507
4303.116495999093,4754.233194874008,-451.1166988749155
4321.031103659591,4775.745580554173,-454.7144768945818
4309.056120420689,4617.495750807447,-308.4396303867579
4300.7347167417975,5039.137838229107,-738.4031214873094
4293.378286148031,3613.818134962982,679.5601511850491
4295.416136728206,4251.392001749515,44.02413497869111
4304.346312490175,5122.14045090823,-817.7941384180558
4312.132784728071,3317.628736678498,994.5040480495727
4305.258044117137,4399.045491357003,-93.7874472398662
4293.741902131464,4958.4107267626,-664.668824631136
4298.411139584797,4750.866049855047,-452.45491027025037
4305.038836176728,3407.941245561525,897.097590615203
3590.464190637671,4610.038911077682,-1019.5747204400113
3593.6150629311774,5038.718197084648,-1445.1031341534704
4091.4350875094415,3759.815447137428,331.6196403720137
4066.7095534139594,3804.60094427486,262.10860913909937
4100.03333297397,4736.758331306886,-636.7249983329166
4075.082632242837,4996.375282132902,-921.2926498900647
4100.180118323532,3697.9784816568304,402.2016366667017
4097.95759151228,4442.6659476024915,-344.70835609021196
4086.0742968538534,3304.503185130396,781.5711117234573
4094.4310144617334,4408.939256088219,-314.5082416264854
4653.624888868656,4602.937891420267,50.686997448388865
4650.770748284907,3608.433362289365,1042.3373859955423
4656.89003338567,3607.1890217947266,1049.7010115909434
4654.628789792054,4972.855855589038,-318.2270657969839
4651.221544369468,3620.9930318240104,1030.2285125454573
4665.4488641937605,4412.49880633736,252.95005785640024
4642.948955727818,3605.1333641291462,1037.8155915986722
4659.6117698450635,4614.426899285286,45.184870559777664
4654.286767232578,4400.958775181607,253.32799205097126
3805.797718678458,4433.3930867830495,-627.5953681045917
3799.566496571257,4474.377026244191,-674.8105296729341
3819.9315271824094,3988.2102629051105,-168.27873572270119
3807.3595299135386,4328.978088100046,-521.6185581865075
3824.6918650041566,4749.074392730992,-924.3825277268356
3820.254258869009,4670.921471247405,-850.667212378396
4385.080066293991,4974.510739413307,-589.4306731193165
4378.000145229218,4686.399105953898,-308.39896072467945
4380.831652703818,5042.253657298432,-661.422004594614
4390.019992527422,4994.065072274398,-604.0450797469757
4365.3079297034055,4100.027289487638,265.28064021576756
4378.61238664539,4406.005322381549,-27.392935736159416
4376.034265893775,5044.479817058806,-668.4455511650303
4375.253282189458,4753.218205496009,-377.9649233065511
5020.425054351316,3828.0675226116573,1192.357531739659
5008.597693313769,4398.954632082009,609.6430612317599
5006.983616214131,4930.454623964612,76.52899224951852
5016.319707712625,4263.797377900469,752.5223298121564
5012.279728610006,3982.9829572760614,1029.2967713339444
5010.133959491844,3613.194151680461,1396.9398078113827
5014.914430850691,4760.649740874542,254.26468997614938
5027.620625653865,4063.6196455104496,964.0009801434157
5021.685699660688,4609.891918630115,411.7937810305739
5022.008691616679,4767.821209822872,254.1874817938069
4383.991059673435,4256.39891197336,127.59214770007566
4378.130241406794,5051.295435540075,-673.1651941332811
4373.190561918787,5043.49130099451,-670.300739075723
4376.603577282838,4513.824801644973,-137.22122436213522
4368.295832917848,4958.80981287895,-590.5139799611015
4380.653944188289,3625.0635100393015,755.5904341489872
4374.94472222513,4967.354904007317,-592.4101817821866
4392.1263502235615,3849.6821751379575,542.444175085604
3808.224826542865,4912.4757733886,-1104.2509468457351
3816.4890154339073,3849.1471815750647,-32.65816614115738
3834.806110528552,3855.6940723486127,-20.88796182006081
3802.138763392047,4334.315129289988,-532.1763658979412
3804.3799898489583,3971.0115474189083,-166.63155756995002
3806.6061305453577,5048.888500146124,-1242.2823696007663
3365.0382276905284,4258.17623434672,-893.1380066561915
3383.3565224854747,4459.395459177169,-1076.0389366916943
3365.0371657132987,4007.326943367116,-642.2897776538175
3357.727585260591,4398.796969746097,-1041.069384485506
3359.9240144415016,4973.636991676061,-1613.7129772345597
3358.306326931343,4832.037042387047,-1473.7307154557043
3360.9434777870415,4753.683305691735,-1392.7398279046934
3359.245634885815,4783.828230544995,-1424.5825956591798
3361.996374361056,4962.8802109952285,-1600.8838366341724
3353.1264882007467,4537.145944400012,-1184.0194561992653
3370.6497397469184,4772.544401744831,-1401.8946619979124
3365.6187748731213,3875.988707241382,-510.36993236826083
3373.016757551113,4665.711682673139,-1292.6949251220258
4303.116495999093,5052.032770114607,-748.9162741155142
4297.971034292706,4893.375573192367,-595.404538899661
4290.245216478274,5101.8347361708065,-811.5895196925321
4312.885702604968,4982.674318829823,-669.7886162248551
4279.775836531099,4495.077244038497,-215.30140750739793
4319.982257852141,4772.409795975786,-452.4275381236457
4285.007640537077,4746.6070195841685,-461.59937904709113
4285.322587750697,4499.5729710956975,-214.25038334500096
4296.167325874739,4604.418903182596,-308.2515773078576
4310.151219028845,3845.4168016126196,464.73441741622537
4305.422524020494,3831.4443215828655,473.9782024376286
4318.017125194706,3611.3520430213453,706.6650821733606
3606.981976437793,4421.3568537197,-814.3748772819067
3607.962972128019,3634.493977392342,-26.531005264323085
4077.784271997365,4822.192693472486,-744.408421475121
4079.200106197796,3934.418347713135,144.7817584846607
4078.728889128119,4282.029087495509,-203.30019836738984
4097.694419626252,4771.764484917903,-674.0700652916512
4080.9261698774158,4743.674981898019,-662.748812020603
4099.533243328746,5046.856283529727,-947.3230402009813
4097.86400450723,4409.939773835716,-312.0757693284859
4090.8940204640007,4979.73043432571,-888.8364138617094
4654.16057269892,5113.7988445259925,-459.63827182707246
4642.161452205052,4956.254951036716,-314.09349883166396
4658.092738460151,4436.767319996228,221.3254184639227
4662.223845011562,4401.828820459615,260.39502455194724
4657.988151731329,4335.945394397661,322.0427573336674
4654.660876777417,3860.1047448279487,794.5561319494682
4653.522054105751,3862.770690768951,790.7513633367994
4653.972252363106,4468.657176557536,185.3150758055699
4669.314825984895,5019.015493375069,-349.7006673901742
3805.894632489807,3944.707509783414,-138.81287729360702
3820.113523254196,4916.931758959274,-1096.8182357050778
3811.9681518334387,5058.374396196785,-1246.406244363346
3823.9470438207327,3775.880842174823,48.06620164590959
3816.647520912962,4511.810715501328,-695.1631945883655
3816.3439740977115,4126.266298828549,-309.9223247308378
4382.8104760320575,4519.078943620966,-136.2684675889086
4375.18271664891,4755.495196750656,-380.3124801017457
4385.179691024519,4527.6177290241385,-142.43803799961916
4383.574664971089,4520.674952948291,-137.10028797720224
4396.990008235667,4781.911095629591,-384.9210873939237
4376.034265893775,4405.193530764651,-29.15926487087563
4380.748007376103,4307.171808391965,73.57619898413759
4380.687820448945,4255.198929004397,125.48889144454824
5012.752482381768,5038.3927954521005,-25.640313070332923
5008.36341787004,5035.552191387133,-27.18877351709216
5005.942683332282,3699.1462716367228,1306.7964116955595
5009.77849863655,4751.924039354278,257.8544592822718
5013.0063089730575,5047.08885781407,-34.082548841012795
5025.138750250822,3628.160671601582,1396.9780786492402
5029.92244949315,3630.108902382536,1399.8135471106143
5020.7429424868005,5055.906902949717,-35.16396046291629
5021.849826360539,3769.104461821368,1252.7453645391706
5010.814246944165,4761.036727172063,249.7775197721012
4374.616399658383,4258.612217234946,116.00418242343676
4384.240266118639,3694.5210005665863,689.7192655520525
4358.65119318189,3929.708081989944,428.9431111919466
4378.883431385319,4977.397227319937,-598.5137959346175
4374.601502887931,3840.005175699841,534.5963271880901
4386.979088397308,4276.317756791024,110.66133160628397
4380.487643324643,4265.969535483781,114.51810784086138
4391.674017086534,5060.416571239883,-668.7425541533485
3809.9727781791544,4429.267271050929,-619.2944928717743
3812.9274649943186,4525.125373295273,-712.1979083009542
3812.0755251202972,4683.741642893902,-871.666117773605
3794.1600821106167,4389.507437886645,-595.347355776028
3817.6266483942127,4581.521943055843,-763.89529466163
3802.9823947588807,3112.9543654026115,690.0280293562691
3364.644198026881,4258.84100655213,-894.1968085252493
3357.7997867954823,3843.216513239692,-485.41672644420987
3355.9046788436863,3699.904463441326,-343.9997845976395
3375.440972091995,4413.5429151297,-1038.1019430377055
3353.207086084908,4957.046541016567,-1603.839454931659
3369.2970063017024,5053.71825330796,-1684.421247006258
3348.0658994123705,4241.112255433114,-893.0463560207436
3342.244097580701,4105.702488236393,-763.4583906556923
3355.161934505771,4393.318811278809,-1038.1568767730382
3362.5567328795005,4121.831999919296,-759.2752670397958
3353.6353327605857,4432.984044357188,-1079.3487115966027
3361.3547318380415,3664.804413898892,-303.4496820608506
3357.8444087547095,4048.8664063501915,-691.0219975954819
4303.116495999093,3618.563931741279,684.5525642578141
4311.317384053393,4412.289549393332,-100.97216533993924
4322.814743976964,3857.646571712333,465.1681722646308
4303.402656673214,3829.8292426820135,473.57341399120014
4317.10231897231,4523.370656834741,-206.2683378624306
4318.511175538691,3710.119775104821,608.3914004338694
4297.234764245841,4255.72401574743,41.510748498410976
4300.208108029077,4759.429213134587,-459.2211051055101
4308.8136692469125,3876.8255154627027,431.98815378420977
4290.8062732202625,3598.983202466176,691.8230707540865
4320.0741570585005,3841.719760459047,478.3543965994536
4315.368197820185,4407.294206788136,-91.92600896795102
3599.972598535702,3837.3412421456133,-237.36864360991103
3594.8428252103586,3948.414750430017,-353.5719252196586
4104.630283412129,3884.3548963589833,220.27538705314555
4096.935407947874,4590.194368929086,-493.2589609812112
4101.955594043128,4773.46400856467,-671.5084145215415
4087.529740307307,4112.495507344449,-24.965767037142086
4089.5714655845177,4973.8423005596715,-884.2708349751538
4094.310929616304,5113.66004237929,-1019.3491127629859
4104.732034917562,4239.9256730003635,-135.19363808280195
4085.7998845796237,5036.960045957012,-951.1601613773882
4657.007822113047,5052.2599642903015,-395.2521421772544
4685.135859751696,3892.443233643377,792.6926261083195
4663.101080647248,4765.727720428794,-102.62663978154615
4652.376468994742,3974.3723970505002,678.0040719442418
4643.611014565612,4240.916130158321,402.6948844072913
4647.343647179171,4467.94744339286,179.39620378631116
4654.340598961492,4432.847533874412,221.49306508708014
4656.163344462615,4936.3414501671805,-280.1781057045655
4674.6347829451415,3627.8413792766432,1046.7934036684983
3813.0362074763093,5124.483511167719,-1311.44730369141
3818.747863827172,5058.730597469211,-1239.982733642039
3814.7740521647893,4338.006847957677,-523.2327957928874
3818.1071674659283,3630.4257014258224,187.681466040106
3826.5299164955354,3847.1238189366923,-20.593902441156843
3810.368701546944,5051.446375558039,-1241.077674011095
4372.839545595515,4159.5230763775135,213.31646921800166
4374.049501217457,3407.6495860272266,966.3999151902303
4388.417023067003,3627.6821774642217,760.7348456027817
4379.577227523633,4267.297281186801,112.27994633683193
4367.437304423369,4966.100912365272,-598.6636079419031
4375.253282189458,3187.0648091995295,1188.1884729899289
4380.687820448945,4262.846543574815,117.84127687413002
4374.311471646194,4828.335780800154,-454.0243091539596
5006.048074860676,4400.631384802035,605.4166900586406
5027.898607040651,3302.799124512345,1725.099482528306
5014.235789654249,4514.441903426891,499.7938862273577
5017.314817568902,5046.812580372512,-29.497762803609476
5007.055357987249,4238.947627559803,768.1077304274468
4997.522403311728,4500.583371759447,496.93903155228145
5030.202153551462,4628.583632834564,401.6185207168983
5021.363307537325,3864.3017011414217,1157.0616063959037
5005.749937257309,4395.25844810662,610.4914891506896
5003.424747685501,4960.465147402621,42.959600282879364
4385.0035111724765,4526.6541789896755,-141.65066781719906
4387.350847194429,4420.445208841482,-33.09436164705312
4365.243196828061,4742.632620187974,-377.38942335991305
4384.553298099514,4411.779323290563,-27.226025191049303
4376.013403844905,5045.100503909381,-669.0871000644756
4374.901599096767,3288.7785296504135,1086.1230694463538
4388.906293096132,4618.551312078654,-229.64501898252183
4380.414865825083,4762.90316088064,-382.4882950555566
3802.138763392047,3464.026493385211,338.1122700068363
3808.0922647960347,3828.715347623446,-20.62308282741151
3813.50996786117,4972.421738708133,-1158.9117708469626
3809.140657317495,3294.397760606844,514.7428967106512
3803.6194766043945,3756.5250926581007,47.094383946293874
3809.531063972707,4433.848057766123,-624.3169937934158
3369.4391007630334,3944.8490124653435,-575.4099117023102
3361.46314953548,3866.8431793705968,-505.3800298351166
3356.0032732225304,3836.57412259967,-480.57084937713944
3377.053597916803,3848.8210700318746,-471.76747211507154
3349.828678159494,4790.987159018171,-1441.1584808586772
3358.0470552871434,5111.247276625774,-1753.2002213386309
3357.9539743167143,5040.999931800514,-1683.0459574837996
3356.130029003588,4398.827285475407,-1042.697256471819
3354.331458424247,4763.244973074682,-1408.913514650435
3346.2257956263643,4380.504096251929,-1034.2783006255645
3356.866687411847,4971.453951773936,-1614.5872643620887
3363.7099761448762,4263.962826196819,-900.2528500519429
3346.299234126814,4396.093453366572,-1049.7942192397581
4303.116495999093,4258.121904238025,44.99459176106757
4293.993181889164,4745.534973432118,-451.54179154295434
4313.249397509276,4772.598133690219,-459.348736180943
4297.772590762713,2934.75624661692,1363.0163441457926
4307.5377772233305,4302.132205683073,5.40557154025737
4302.240144130809,3694.9006472040282,607.3394969267811
4312.281198376135,4982.3221579683295,-670.0409595921947
4302.05045530362,4256.558552834765,45.49190246885519
4298.32616219364,4960.472171569127,-662.1460093754868
4294.813623709387,3607.7658419422337,687.0477817671531
4308.0623859396,5042.12760735646,-734.0652214168604
4314.626953530259,3627.7693675866726,686.8575859435864
3600.948564999236,4409.335349991408,-808.3867849921721
3607.748822381143,5062.927607292982,-1455.1787849118396
4066.7095534139594,3286.259895772912,780.4496576410475
4092.026923479302,5120.438880226807,-1028.411956747505
4077.4386342609423,4964.364656530249,-886.9260222693065
4109.889786598413,3612.178178157831,497.7116084405816
4091.5706554217736,3625.1227071983385,466.4479482234351
4076.8613917281227,4378.046427815595,-301.1850360874723
4089.4978783254373,5051.018538251858,-961.5206599264211
4095.445913672932,4444.806808776959,-349.3608951040269
4660.618966570477,4107.27118806097,553.3477785095065
4657.161517396914,3488.141415230181,1169.020102166733
4669.2726668738205,2953.044569161361,1716.2280977124597
4651.759936089082,5038.618463907026,-386.8585278179444
4646.937675914336,4537.2129212491545,109.72475466518154
4655.2133910097145,5035.961575518771,-380.74818450905605
4654.286767232578,3976.227807041677,678.0589601909014
4656.085971419358,5115.936308906089,-459.8503374867305
4667.278860878777,3774.1320580188294,893.1468028599475
3817.1945289209366,3629.6597105292485,187.53481839168808
3797.647402824711,5066.606157132239,-1268.9587543075277
3820.045698173014,3707.2536414983215,112.7920566746925
3809.935368536417,4763.893626955802,-953.9582584193845
3820.12937769925,3985.9379535048033,-165.80857580555312
3808.8970075809584,4268.546047369992,-459.64903978903385
4379.048370047992,4444.748503480046,-65.70013343205392
4391.621608868275,4978.71003344364,-587.088424575365
4368.888377734723,3999.8743602919526,369.0140174427702
4382.437172978616,5121.36141740988,-738.924244431264
4397.720392534563,4416.8028876551125,-19.082495120549538
4373.199402333328,3697.8810040819726,675.3183982513556
4374.644576603394,3970.47938845415,404.16518814924393
4372.337506649782,3827.255170482767,545.082336167015
5028.039082000809,3320.0516322594253,1707.9874497413834
5022.564443438622,4415.3443012696725,607.2201421689497
5014.590729660981,4254.706202182629,759.8845274783525
5002.270125768611,4794.096624288741,208.17350147987054
5009.023321660897,4477.996829531895,531.0264921290018
5030.8959574733935,4503.973159432594,526.9227980407995
4996.91112275013,4501.450737653476,495.46038509665414
5026.023779026345,3296.9198354805467,1729.1039435457988
5017.259398467107,4117.367547718646,899.8918507484605
5004.3523329154505,4937.98149145272,66.37084146273082
4369.06888368327,4596.465951074375,-227.39706739110534
4380.653944188289,3794.022537448691,586.6314067395979
4377.894177188249,5113.3642308422395,-735.4700536539904
4371.91000907134,5038.759755294433,-666.8497462230926
4387.361010392788,5075.71910896376,-688.3580985709723
4377.647052397877,4405.487028206138,-27.839975808261443
4373.365553199124,5048.079621646882,-674.7140684477572
4382.71337635286,4339.0197606691145,43.69361568374552
3803.379548322597,4408.9491784325555,-605.5696301099583
3806.386206884306,4391.997971349163,-585.6117644648571
3814.5176381992746,4118.035991091944,-303.51835289266955
3806.695314620351,3296.39991510804,510.2953995123107
3818.036661111611,4276.421092676864,-458.3844315652527
3828.508858140488,4130.164541055041,-301.6556829145529
3362.966753766757,5056.229008064391,-1693.2622542976337
3360.9434777870415,3829.3982318401518,-468.45475405311026
3374.0422617158497,4418.486268579283,-1044.4440068634335
3370.738812425205,4995.188985765403,-1624.450173340198
3351.3850886231476,4326.571604184263,-975.1865155611158
3354.953079484494,4761.822656070055,-1406.869576585561
3358.4945234711777,4617.785208289478,-1259.2906848183002
3366.8615201132993,3625.2082608348123,-258.346740721513
3343.1599012894385,4152.364386109795,-809.2044848203568
3353.027485183265,4105.181789065152,-752.1543038818868
3358.282727871038,4606.576295815294,-1248.2935679442558
3372.533612093432,4662.803277594995,-1290.269665501563
3361.191762870962,4613.789880661852,-1252.5981177908902
4303.116495999093,3972.2195339097116,330.8969620893813
4287.816157908386,4219.1173378972735,68.69882001111273
4299.303691245271,4248.623271132348,50.68042011292255
4297.774278676426,4224.564505102881,73.20977357354423
4302.340603360174,4514.38331406733,-212.0427107071555
4309.46174796047,4799.865516922107,-490.40376896163707
4310.240963913984,3692.5541180955993,617.6868458183849
4292.861744497168,3817.068640467,475.7931040301678
4285.565155907044,4313.114219454395,-27.54906354735158
4299.140239500409,3827.771196345573,471.3690431548357
4308.613415762355,4408.00962969821,-99.39621393585549
4296.238175310243,4607.877625334161,-311.63945002391847
3578.9425881575107,4395.653251144896,-816.7106629873851
3577.573712700407,5072.580416281014,-1495.0067035806064
4108.873722870573,4994.538203771213,-885.6644809006402
4097.232275315219,4122.612132751004,-25.379857435784288
4117.400494999913,5142.725151737909,-1025.3246567379965
4085.682572326675,4516.2790184390105,-430.59644611233534
4102.246413194947,4447.893034023059,-345.64662082811174
4091.4353598725147,4260.270449524378,-168.8350896518632
4090.28424693397,4115.351914864891,-25.06766793092129
4079.597490575493,5032.401395283896,-952.803904708403
4685.135859751696,4284.898256091967,400.23760365972976
4659.401447192533,3488.6503973830777,1170.7510498094553
4666.219671087801,4404.118525196116,262.1011458916846
4652.25029462142,4790.448599455129,-138.1983048337088
4660.411726395798,4763.062238257782,-102.65051186198434
4669.477436373192,4770.385873404679,-100.90843703148676
4647.103254314563,4750.3737438866365,-103.27048957207353
4645.724972925977,5068.466654303423,-422.7416813774453
4650.653273009591,4510.0276225863,140.62565042329152
3808.8865148266227,4581.384843787498,-772.4983289608749
3803.2487698402006,3606.977424352673,196.27134548752747
3817.1990695784793,4519.083287484696,-701.8842179062162
3802.657350556313,4605.992750322169,-803.335399765856
3797.2506857846706,4435.896927240204,-638.6462414555331
3796.7322576279385,4239.723036547222,-442.9907789192839
4383.006526758895,5130.780753108511,-747.7742263496157
4381.074585817787,5043.23128071463,-662.156694896843
4381.450210430472,4400.568292796831,-19.118082366358976
4370.118971026303,5039.792217816408,-669.6732467901047
4378.9141645251375,4404.846380947577,-25.932216422439524
4371.7396802732765,4790.564377503955,-418.8246972306788
4373.694658518324,4798.391756159547,-424.6970976412231
4393.678945159037,4278.698958218265,114.9799869407716
5022.564443438622,4319.047633219649,703.5168102189737
5008.215716623186,3967.3161806010603,1040.899536022126
5019.0312659384745,3946.9416252146393,1072.0896407238351
5014.913206404698,4441.773822275546,573.139384129152
5017.504882413737,3632.3956059742136,1385.109276439523
5011.357164428399,3117.2849334966513,1894.072230931748
5021.52869275634,4765.50188836892,256.02680438742027
5000.286007266582,4962.551103727458,37.73490353912348
4993.2299837603,4738.671088242858,254.55889551744167
5026.110161836434,3964.2201249342584,1061.8900369021753
4385.435426660496,3421.559964156973,963.8754625035231
4387.298075271431,4620.635845160732,-233.33776988930094
4371.240409972949,4541.398011536153,-170.15760156320357
4383.674758244254,3839.7697650187124,543.9049932255416
4377.216656749974,3610.5168325121044,766.69982423787
4379.250519346543,4910.028184943134,-530.7776655965909
4377.177727725298,5047.250609891823,-670.0728821665252
4385.249854376265,3708.2693591762513,676.9804952000136
3817.1910504514117,4258.17623434672,-440.9851838953082
3823.232231439444,5057.873539585733,-1234.6413081462888
3816.3932936697097,4692.954666412574,-876.561372742864
3812.4690396344586,3940.4618240476484,-127.99278441318984
3809.3028337560327,4518.637741246724,-709.334907490691
3821.8123568501137,5130.367394195867,-1308.5550373457531
3355.0090747970858,3974.7706782623327,-619.7616034652469
3380.4271402694317,4777.535362612989,-1397.1082223435574
3368.516141074015,4408.174605109305,-1039.6584640352899
3352.8550521969514,3860.7760854670755,-507.9210332701241
3360.8574372035105,3983.9178379720092,-623.0604007684988
3365.217951356722,3630.796048630883,-265.5780972741609
3373.47089568346,3630.289174937325,-256.8182792538646
3357.4264189815785,4600.063126238792,-1242.6367072572139
3366.0953610927327,5058.103486051697,-1692.008124958964
3354.03731940726,3340.2272681736654,13.81005123359455
3358.3195154996342,4618.209134289605,-1259.8896187899704
3357.843771181825,4398.799981399474,-1040.9562102176487
3371.9841715033854,4550.739015024981,-1178.7548435215958
4303.116495999093,5089.474562292846,-786.3580662937529
4313.128692561369,4023.9932596911667,289.13543287020184
4310.413273492555,3877.8052170935466,432.60805639900855
4309.029381575242,4607.85198542992,-298.82260385467816
4314.016369226118,4264.132073309933,49.88429591618478
4306.7914691349515,5057.8317086733505,-751.040239538399
4297.596131638305,4158.07783640592,139.51829523238575
4307.37520831095,3422.0879558806637,885.2872524302866
4298.095576655219,5075.474350182174,-777.3787735269552
4287.601867502576,3830.7293629304245,456.8725045721517
4306.566842697137,4685.683712110973,-379.11686941383596
4294.748887858014,5038.3680740153695,-743.6191861573552
3601.1915059017624,3416.0937450222955,185.09776087946693
3596.7360633085673,4248.054315593809,-651.3182522852421
4083.919402986643,3860.822486443457,223.09691654318613
4092.0868983704117,4970.314585705939,-878.2276873355272
4089.993219544434,4610.294572444173,-520.3013528997394
4089.5237377101166,5037.363507932621,-947.8397702225047
4099.018547131027,3628.027696021792,470.9908511092349
4084.816073508971,4400.315397479543,-315.4993239705723
4094.022881969607,5117.792788027754,-1023.7699060581467
4085.780206611897,4507.00035494597,-421.22014833407275
4650.633873940929,4398.002899489841,252.63097445108815
4674.701142406044,3994.34875497049,680.3523874355537
4640.127095204279,4740.567093144002,-100.43999793972307
4657.379420842346,4511.604268637617,145.77515220472924
4671.497858058041,3951.352082278797,720.1457757792441
4651.5282493457935,3821.5392712362122,829.9889781095812
4654.381029978177,4965.782962227726,-311.40193224954874
4658.12161049349,4544.437922701913,113.68368779157754
4654.434534505691,3482.3472250549416,1172.0873094507492
3804.5813561095383,4396.141692982693,-591.5603368731545
3811.9371949605415,4971.337570787626,-1159.4003758270842
3802.6557735393462,4998.49497728785,-1195.8392037485037
3805.7692959007372,3481.5158728404613,324.25342306027596
3810.343405642246,4259.929378712846,-449.5859730706002
3818.7163520014083,5058.728737471298,-1240.0123854698895
4394.246120961833,5058.84328217913,-664.5971612172971
4385.393899521286,3317.772287126819,1067.6216123944669
4376.10564654422,4751.219649401623,-375.11400285740365
4372.004786967769,3792.3224531188102,579.6823338489589
4385.978353428506,2946.4623464549927,1439.5160069735134
4367.183754359799,3962.9827540414058,404.20100031839365
4375.349079917319,4251.852503909904,123.49657600741466
4377.848315611274,4479.0463374196825,-101.19802180840816
5014.590729660981,4441.104809410014,573.485920250967
5019.0312659384745,3847.8397312681095,1171.191534670365
5020.677362179262,5051.685939311865,-31.008577132603023
5023.229364147133,4193.656490047654,829.5728740994791
5015.009572244502,4258.305153070828,756.7044191736741
5030.15358756963,3360.284718679181,1669.868868890449
5029.769144934908,4418.517223650992,611.2519212839161
5027.009900950766,4272.824652271508,754.1852486792577
5002.958985903323,4395.498823798084,607.4601621052389
5018.75087747688,5051.173207873507,-32.42233039662642
4368.965793959625,5039.082886303107,-670.117092343482
4375.011881668981,4405.470673616173,-30.458791947192367
4384.374647276292,4984.647671646807,-600.2730243705146
4407.946930478514,4428.000840965286,-20.05391048677211
4380.374788315379,4973.314074134356,-592.9392858189767
4385.99465683437,4812.432697085455,-426.4380402510851
4375.480345996255,5046.346955122407,-670.8666091261521
4374.0756582507465,4375.266522749018,-1.1908644982713668
3817.738029941416,5120.752362241116,-1303.0143322997005
3804.6959472770354,4754.992580007797,-950.2966327307618
3816.275220501514,4835.919461873411,-1019.6442413718969
3804.0776672939246,3861.3546258949054,-57.276958600980834
3811.132553121186,4802.04680979796,-990.9142566767741
3824.724165953521,3635.0745490824083,189.6496168711128
3365.3912507536634,4258.642123749079,-893.2508729954152
3361.8254550833567,4658.87524100296,-1297.0497859196034
3379.1321036157947,4951.5813531578915,-1572.4492495420968
3361.858351692756,5055.461109039581,-1693.602757346825
3357.845823682386,4105.909876707365,-748.0640530249789
3355.0206468303236,4965.711116027816,-1610.6904691974928
3354.22526053554,4254.839735892974,-900.614475357434
3365.225500047959,4910.981790465402,-1545.7562904174429
3359.2107803342938,4399.946040282537,-1040.7352599482433
3350.142534553572,4759.828726410315,-1409.6861918567424
3364.977109758534,4551.235531104485,-1186.2584213459509
3360.3199495333074,4405.469020238995,-1045.1490707056873
3355.5682506812855,5039.298144625044,-1683.7298939437587
4303.116495999093,4227.6323618232245,75.48413417586835
4302.321610822124,5044.787613108445,-742.4660022863209
4312.064651637417,3623.1371195905185,688.9275320468987
4281.783692335356,3742.7256801584217,539.0580121769344
4291.133672946154,3818.8514362803003,472.28223666585336
4299.639071135793,3758.986525715493,540.6525454202997
4313.451449913454,3959.1002130208817,354.35123689257216
4305.258044117137,4983.488512993745,-678.230468876608
4292.43774055795,3612.9785264543775,679.4592141035723
4323.459454005717,4997.585956512886,-674.1265025071689
4316.4308138383185,5053.919496218477,-737.4886823801589
4314.372033954609,4417.891445293928,-103.51941133931905
3603.1088851099526,4407.497025419284,-804.3881403093314
3586.3199955739824,5052.218378784807,-1465.8983832108247
4100.03333297397,5056.592629271865,-956.5592962978953
4077.4386342609423,4963.859738276915,-886.4211040159726
4088.0410996629257,4572.235597123497,-484.1944974605717
4103.415368696667,4272.498997891892,-169.0836291952246
4099.938431030385,3484.064795533344,615.873635497041
4086.627568351108,3293.698737893935,792.9288304571733
4101.988212559934,3769.3010729405396,332.68713961939466
4087.706163652514,4409.92823421181,-322.2220705592963
4663.101080647248,4016.271512885323,646.8295677619249
4666.219671087801,5062.623632338709,-396.40396125090865
4664.461885766934,4447.8118408142955,216.65004495263838
4670.74541818932,4974.000520624024,-303.255102434704
4662.701667218779,4404.254512070438,258.44715514834115
4659.164836140009,4760.907839607948,-101.74300346793825
4649.844697289117,4680.928573781623,-31.083876492505624
4670.952101227845,5064.023921659536,-393.0718204316918
4656.741573502804,3688.484980055125,968.2565934476793
3812.1494840898995,4836.230275159501,-1024.0807910696012
3822.1413465744877,3948.5599947464257,-126.418648171938
3810.368701546944,4688.529308401784,-878.1606068548399
3797.129177883771,4927.365682156119,-1130.2365042723482
3824.1433374371377,3632.122659186672,192.0206782504656
3811.343856782394,4517.558014170615,-706.2141573882209
4383.599669169997,4115.393914929791,268.20575424020535
4365.405651796858,4244.90346162005,120.50219017680865
4375.417847820064,3700.263893968329,675.153953851735
4366.997853550097,3678.499970547218,688.497883002879
4381.42276032382,3700.715178653328,680.7075816704914
4382.046275545896,3694.4448916122656,687.6013839336301
4373.443413789439,4250.865369143699,122.57804464573928
4376.3670705177865,3830.5872185986004,545.7798519191861
5002.270125768611,4389.528764881129,612.7413608874822
5014.913206404698,4404.701773200751,610.2114332039473
5023.229364147133,4620.135565140976,403.0937990061575
5006.600370398686,4530.97727336524,475.62309703344636
5014.05363772722,4510.774007653069,503.2796300741511
5041.1671123267,4250.259682892194,790.9074294345055
5012.934889055712,3618.183066355476,1394.751822700236
4986.653379806294,4382.33426420887,604.3191155974237
4982.654960117215,4579.295705458854,403.35925465836044
5017.650265093086,4759.481532129245,258.16873296384074
4374.901599096767,4395.355735611251,-20.454136514483253
4385.906174368906,4268.981598810708,116.92457555819783
4370.014710970918,3118.898050597168,1251.1166603737497
4395.798119013499,5060.176596316092,-664.3784773025936
4376.059242766976,3607.8640583563156,768.1951844106607
4375.003826016801,4249.456146534159,125.5476794826418
4371.240316340896,5040.912039860147,-669.6717235192509
4375.71887225392,4394.7556880353995,-19.036815781479163
3813.0573909791465,4258.060472262755,-445.0030812836085
3811.9763337640557,4395.233483046477,-583.2571492824213
3816.5380501334257,3708.813741302363,107.7243088310629
3827.078141348345,5071.1259545352195,-1244.0478131868745
3813.02501377402,4963.068839208864,-1150.0438254348442
3805.6417453121026,4613.319451989632,-807.6777066775298
3352.8550521969514,3823.8908449558476,-471.03579275889615
3365.6187748731213,3478.498541285355,-112.8797664122335
3346.5637615897986,4242.864080072419,-896.3003184826202
3349.574895900716,3609.020733294235,-259.445837393519
3364.869093917419,3959.4133270565085,-594.5442331390896
3352.0960468780627,4249.834561235032,-897.7385143569695
3372.533612093432,4518.294265687232,-1145.7606535937998
3364.3850796607776,4441.176214148535,-1076.7911344877575
3356.427251512063,4236.278277510636,-879.8510259985733
3362.428916132975,3417.3182384786,-54.88932234562526
3349.9237291169097,4384.785518359989,-1034.8617892430789
3356.0696909231247,3482.1797810329585,-126.11009010983389
3356.435455689556,4656.410197516573,-1299.9747418270172
4303.116495999093,3938.2633201982294,364.8531758008635
4304.236911394163,4758.053267636799,-453.8163562426362
4307.695699364604,4972.466980788059,-664.7712814234555
4288.420203448761,4963.795202734195,-675.3749992854346
4312.0104800771,5050.707332312855,-738.6968522357556
4294.891246951358,4535.410243529361,-240.51899657800277
4312.132784728071,3306.3171913823703,1005.8155933457006
4291.985112493887,3818.4627626381225,473.52234985576433
4294.261879547474,4395.083736236071,-100.82185668859711
4297.117023956612,4824.253469007201,-527.1364450505889
4298.118813733195,3975.424651252434,322.6941624807605
4298.888049984542,4962.914497318525,-664.026447333983
3591.2462923662083,3687.0272642394034,-95.78097187319509
3585.808356978031,4971.693853111723,-1385.885496133692
4087.124207727285,3827.4178167477376,259.70639097954745
4092.892058009428,3441.295759010846,651.5962989985824
4088.1308542680786,4831.5788464218695,-743.4479921537909
4083.433220977514,4251.9752268863485,-168.54200590883465
4094.4310144617334,3870.17063492987,224.26037953186324
4101.3787750630445,3878.434903917622,222.9438711454227
4085.380991854217,3839.648990524963,245.73200132925376
4102.225278536729,4123.646020461863,-21.42074192513428
4656.229604327746,5036.413713668364,-380.1841093406183
4675.576932953996,5061.3879934794095,-385.81106052541327
4642.948955727818,4390.061291672022,252.88766405579645
4656.23785679067,3616.4657746622825,1039.7720821283874
4660.087257680293,4408.168528234583,251.9187294457097
4652.28040021493,4254.537744306478,397.7426559084515
4656.322164943893,4252.438450961314,403.88371398257914
4643.866438189158,5036.930852262102,-393.0644140729446
4683.391068960978,5069.580326522726,-386.1892575617476
3813.8489223883116,4381.047233655349,-567.1983112670378
3809.8119885261663,3305.3647962909376,504.4471922352286
3823.5433806768615,4976.288594361065,-1152.745213684204
3811.273799373582,3944.7564191376973,-133.4826197641155
3798.4447916506974,3613.1923972349787,185.25239441571875
3808.3885690226043,4115.490567494507,-307.10199847190233
4376.732267837513,4248.7460796011355,127.98618823637753
4354.613788613394,5095.96047153512,-741.3466829217259
4366.243908629289,3862.6699798637,503.5739287655888
4372.918349774131,3830.1317674534816,542.7865823206489
4382.725220794271,3844.4963119345653,538.2289088597058
4381.013203069679,4577.351230206477,-196.3380271367987
4374.729416574095,4755.059148115357,-380.32973154126194
4369.7016037718695,4966.421933501072,-596.7203297292026
5009.023321660897,5005.083368144093,3.939953516804053
5017.504882413737,3837.856197458856,1179.6486849548805
5015.009572244502,4513.834275879652,501.1752963648505
5014.05363772722,5120.500173072687,-106.44653534546705
5006.3125992457635,4756.5073864610395,249.80521278472406
5012.643101474219,4113.412414416346,899.2306870578732
5017.4738586346175,4413.670696136453,603.803162498164
5005.866541930542,4474.121917974812,531.7446239557294
5006.261879912216,3835.4520469223876,1170.809832989828
5023.576158747441,3307.336080985979,1716.2400777614616
4383.168701172542,3474.671895805579,908.4968053669627
4372.13289698817,3830.1051787423894,542.0277182457803
4377.205972432878,5043.636971185706,-666.4309987528277
4369.65250076906,4397.443740231206,-27.791239462146223
4380.205845310869,3616.419212937492,763.7866323733774
4398.934009002768,3959.878923912852,439.05508508991625
4380.711584616725,4833.294834122289,-452.5832495055638
4384.321961209492,4945.025063985213,-560.7031027757212
3804.963881717356,4264.042644281372,-459.0787625640164
3810.477144182151,4507.800687956207,-697.3235437740564
3813.7157428452456,3597.114007646851,216.60173519839464
3810.4237927544814,4292.608749402378,-482.18495664789634
3826.9183131148175,3805.7227209106036,21.19559220421388
3804.427885966314,4404.917795417836,-600.4899094515217
3348.2242242273633,4245.8375765477285,-897.6133523203653
3376.692211017591,4984.448379759987,-1607.7561687423959
3368.40710683792,4691.233012311703,-1322.8259054737828
3380.0190313891094,4831.397357241256,-1451.3783258521466
3343.4783000889242,4463.119651736926,-1119.641351648002
3346.3512902996126,4538.83002991738,-1192.4787396177671
3370.1726611796935,5064.1245833822795,-1693.951922202586
3356.981129023087,4977.843025143058,-1620.8618961199713
3351.6759936362596,4513.515828812613,-1161.8398351763535
3362.9480548421066,4610.487374432024,-1247.5393195899173
3369.649804595796,3712.276077043704,-342.6262724479079
3361.3522919902616,4191.3262984597395,-829.9740064694779
3369.8548365157185,4962.158325924867,-1592.3034894091488
4303.116495999093,4189.295842812648,113.82065318644527
4311.472041351347,4908.434438866208,-596.9623975148616
4311.3198669878,3848.952587756353,462.36727923144736
4303.6558771328355,4791.397395359502,-487.7415182266668
4306.8152553900145,3766.8420434810746,539.9732119089399
4305.894843202575,4444.991150900325,-139.09630769774958
4293.420588554587,4367.883234707989,-74.46264615340169
4300.402332305721,5050.1915119753585,-749.7891796696376
4304.0435830069255,4905.3708870745895,-601.327304067664
4308.0623859396,5044.986318880006,-736.9239329404063
4309.930724375868,5040.976804277252,-731.0460799013845
4308.712652877239,4413.485915065005,-104.7732621877667
3591.936654238294,3411.0779409014417,180.85871333685236
3599.0893758291563,4634.394947548115,-1035.3055717189586
4109.708061753848,4775.573531541774,-665.8654697879265
4097.81281922186,4769.999457683842,-672.1866384619816
4088.3125298046716,4610.198996783399,-521.8864669787272
4090.6746103424043,4406.5632834437565,-315.8886731013522
4089.4978783254373,4973.950982025655,-884.453103700218
4098.458046620636,3839.7584059306205,258.6996406900157
4079.6286014660895,5032.470553781167,-952.8419523150774
4088.3159738673,3117.9858942085534,970.3300796587464
4652.376468994742,4967.06957451977,-314.69310552502793
4652.25029462142,3291.053033224639,1361.197261396781
4670.74541818932,4408.698684201323,262.04673398799696
4673.698344243843,4348.3897670578035,325.30857718603966
4646.459739188265,4429.359618243988,217.10012094427748
4667.278860878777,5125.390267625921,-458.11140674714443
4662.442110435776,4966.608318921859,-304.1662084860827
4646.777741786815,4429.991122177253,216.78661960956197
4650.4584169464015,4247.384122395183,403.0742945512184
3796.9884459625996,4243.291998405873,-446.303552443273
3807.8667575459876,4760.55261957654,-952.685862030552
3801.3184958836437,3612.684148890695,188.63434699294885
3805.622348123571,4514.590313075231,-708.9679649516602
3814.5256177431756,5089.35107158465,-1274.825453841474
3814.208837577191,3298.5872662084225,515.6215713687684
4387.88049878061,4269.109920857646,118.77057792296364
4384.353854514673,5121.050497555538,-736.6966430408647
4377.209397730882,4236.721039014618,140.48835871626397
4354.710245856691,4232.325342404478,122.38490345221271
4368.7229880253835,4508.163808486214,-139.44082046083076
4371.810107964032,5066.611604502825,-694.8014965387929
4385.710905721942,4241.85831201793,143.85259370401218
4363.971523384998,4249.894286152375,114.0772372326237
5030.8959574733935,3633.9027139969066,1396.993243476487
5011.357164428399,4972.702415976383,38.654748452016065
5030.15358756963,4272.1466649833455,758.0069225862844
5041.1671123267,3995.733174425023,1045.4339379016765
5012.643101474219,4504.379819742032,508.26328173218735
5011.124141399961,3306.0355183832316,1705.0886230167298
5004.8728294224975,4105.446277077965,899.4265523445329
5031.094699415664,4422.873557093015,608.221142322649
5017.297145599306,4840.0800011513265,177.21714444797908
5018.441993808477,5049.6214315310835,-31.179437722606963
4388.864423110899,4775.695130610847,-386.8307074999475
4375.252382409451,4613.885679762484,-238.6332973530334
4370.4827846156995,4432.825525036893,-62.34274042119341
4366.307015255894,4387.0020880333395,-20.695072777445603
4379.562503456984,3836.563009196006,542.9994942609778
4369.576077589077,4606.623437466045,-237.04735987696859
4372.356267689774,3842.8012452882276,529.555022401546
4380.758956073176,4663.147008402292,-282.38805232911636
3809.064338008007,3841.3228258661748,-32.25848785816788
3810.8623671796067,3832.155070770315,-21.292703590708243
3821.5392882582423,4270.544369684267,-449.0050814260244
3805.8339046393667,4963.01007271173,-1157.176168072363
3823.4062135559766,3845.020809363254,-21.61459580727751
3819.049239398992,3448.3648927019867,370.68434669700537
3373.47089568346,4624.531449591344,-1251.0605539078842
3350.178503110783,4958.201838710374,-1608.0233355995915
3363.8599375548274,3845.018885821546,-481.15894826671865
3372.533612093432,4966.2064690695715,-1593.6728569761394
3371.055558874891,3623.6721694328994,-252.61661055800823
3347.9342378860247,5030.43937673507,-1682.5051388490456
3363.1083922127223,4203.65798460918,-840.5495923964577
3345.2770513029236,3826.7895108275407,-481.51245952461704
3366.3877823764615,4894.319158750074,-1527.9313763736127
3356.7376545720863,4967.8461541271945,-1611.1084995551082
3349.157335729628,4511.08668739813,-1161.9293516685025
3377.8097521714,4144.103385267833,-766.293633096433
3370.948895797375,4276.644920508968,-905.6960247115935
4303.116495999093,5051.469489298781,-748.352993299688
4310.521919497481,5047.90836627128,-737.3864467737994
4296.8211101408,4253.419571350999,43.401538789800725
4309.870920043495,5059.55364214801,-749.682722104515
4312.274139094733,4982.597984193377,-670.3238450986437
4288.23404036642,3827.79813404103,460.4359063253901
4301.2574878627665,4403.529398049118,-102.2719101863513
4312.529942649148,4412.575855960316,-100.04591331116808
4294.53037393166,4250.2161978028025,44.31417612885707
4318.169439170472,4126.182255224886,191.98718394558637
4306.116911549818,4404.305854242342,-98.1889426925245
4301.636588804525,3976.174439569667,325.46214923485786
3582.329523004285,4967.222395085868,-1384.892872081583
3581.0290888327936,3820.6410534567945,-239.61196462400085
4075.082632242837,4095.8920396703697,-20.809407427532733
4109.889786598413,3864.401292650406,245.48849394800664
4103.415368696667,4984.006373606326,-880.5910049096583
4079.926320940752,4241.482349529635,-161.55602858888324
4086.8618249413403,4330.960666132379,-244.09884119103845
4096.840737598667,4972.4497528815145,-875.6090152828474
4096.472088592428,4621.7814891725675,-525.3094005801395
4099.105854695563,4407.542737805142,-308.43688310957896
4660.62850261985,4968.642509498018,-308.0140068781675
4659.662642109188,4760.255013337127,-100.59237122793911
4650.751340505292,5013.523734366157,-362.7723938608651
4648.192420838283,4964.073589073186,-315.88116823490236
4674.36428240334,3631.0649896631903,1043.2992927401501
4670.803366650643,4268.586622272851,402.21674437779166
4661.895227409332,4478.92496358259,182.97026382674176
4666.368167928549,4408.219214995494,258.1489529330547
4660.478103643625,4111.411942596339,549.0661610472862
3792.6339041687124,4596.44401925105,-803.8101150823377
3797.129177883771,4399.291009831245,-602.1618319474742
3805.7671822052516,3839.36162730912,-33.594445103868566
3800.073329040203,3927.6173900687854,-127.54406102858229
3796.357416471069,5105.061664320013,-1308.7042478489439
3804.1492027047325,4765.124677664863,-960.9754749601307
4362.540733466397,4313.703495511974,48.83723795442256
4398.68054390965,4272.291542725849,126.38900118380116
4373.545367260701,4252.409075918668,121.13629134203256
4379.219613323138,5116.515879044952,-737.296265721814
4364.060312442446,4602.211885728722,-238.1515732862763
4376.8245957276495,4262.477502069616,114.34709365803337
4394.5631581750595,5061.269371579375,-666.7062134043153
4392.615406948803,4200.9988720309475,191.61653491785546
4996.91112275013,4742.705938708785,254.2051840413451
5021.52869275634,4230.975306168551,790.5533865877896
5029.769144934908,5101.257886081922,-71.48874114701448
5012.934889055712,4614.152324623955,398.78256443175724
5017.4738586346175,5051.811581307387,-34.337722672769814
5004.8728294224975,3867.021988680045,1137.8508407424524
4996.9401568026915,5105.862391556764,-108.92223475407263
5021.057837348612,4251.259475776787,769.7983615718249
5016.602625609077,4232.955195612109,783.6474299969686
5006.535494433835,4502.264390497709,504.27110393612566
4380.407311795349,4978.478939509402,-598.0716277140527
4374.685914066652,4755.675480976174,-380.9895669095222
4365.9210796540965,5033.040271814158,-667.1191921600612
4374.035936067949,4616.435401350832,-242.39946528288328
4378.299961389452,4515.311865108593,-137.01190371914163
4396.683113645643,3851.471594184511,545.211519461132
4367.609413813883,3618.8359254642655,748.7734883496178
4391.0603064573015,4318.153745644379,72.90656081292218
3795.3760410854,4500.7145378316045,-705.3384967462043
3805.6417453121026,4759.115219822255,-953.4734745101528
3814.0443158920557,3873.7393365353932,-59.69502064333756
3801.3541192200883,4757.018313169208,-955.6641939491201
3830.817754671089,4041.816576921207,-210.99882225011788
3816.203158494972,3836.154295173398,-19.951136678426337
3360.6824616560816,4403.4667524557635,-1042.784290799682
3352.6496168357544,4509.919423333252,-1157.2698064974975
3350.895350687396,3826.4907829932804,-475.5954323058845
3364.010485347139,3475.934970422548,-111.92448507540894
3355.0712898422194,4509.162124637407,-1154.0908347951877
3373.509828398762,3845.9112408797955,-472.40141248103373
3363.6982594272677,4518.120596983759,-1154.4223375564916
3369.77689419303,3354.297337628379,15.47955656465092
3375.671547307408,4419.883343221838,-1044.2117959144298
3367.355014387785,4986.244230998491,-1618.8892166107057
3363.2977054415987,3619.7366202043754,-256.4389147627767
3383.2654541019115,4506.296634005019,-1123.0311799031074
3352.401010873386,3301.1886735877088,51.21233728567722
4303.116495999093,5115.769888378312,-812.6533923792194
4294.642147695244,4432.003302334105,-137.36115463886108
4301.588619124865,4608.502813029856,-306.9141939049914
4291.9191223564385,4959.66583817519,-667.7467158187519
4300.426531082841,4605.803192896307,-305.37666181346594
4293.687843653018,4779.82811179505,-486.14026814203226
4301.742692133365,4404.984424518138,-103.24173238477306
4299.317180143282,3839.6133664123895,459.7038137308923
4309.512340191446,5049.047559016856,-739.5352188254101
4308.699154478826,3849.7808541009717,458.9183003778544
4304.7889205447345,3940.4099718688553,364.3789486758792
4312.065560134319,4411.259871952184,-99.19431181786513
3586.3199955739824,4612.609741379288,-1026.2897458053053
3605.7604197071123,4704.683075333179,-1098.9226556260664
4088.152451092204,4403.6435366928445,-315.4910856006404
4074.7784388666614,4215.894826465183,-141.11638759852121
4093.498223947009,4409.337154709868,-315.8389307628586
4106.540611370809,4989.07247899587,-882.5318676250618
4088.684422822455,5112.252704678476,-1023.5682818560213
4087.462213630247,5106.828345329692,-1019.3661316994448
4097.519655910627,4122.035970280265,-24.516314369638167
4088.5882887565926,5039.798415612915,-951.2101268563224
4643.611014565612,3745.65489093107,897.9561236345421
4660.411726395798,4404.261116681199,256.15060971459843
4662.701667218779,4406.8095824489465,255.89208476983276
4646.459739188265,4748.036521603012,-101.57678241474696
4645.419373078577,4471.1850933673195,174.23427971125784
4650.82749709317,3860.510727536309,790.3167695568609
4665.1289306069275,4768.302927750146,-103.17399714321891
4656.54917219178,4971.55946487321,-315.01029268143066
4666.891428757576,3801.731428760403,865.1599999971731
3811.938160188059,3312.176736862583,499.76142332547624
3806.4824274595635,4255.697483781103,-449.2150563215396
3814.6362120196654,4409.0046641573035,-594.3684521376381
3818.7151295913136,4422.794471825516,-604.0793422342022
3810.6946063639157,5060.073817400796,-1249.37921103688
3810.154333578418,4761.958861371565,-951.8045277931469
4375.910896410362,4330.103576633653,45.80731977670894
4378.8989747735595,4405.446759627516,-26.547784853956728
4380.850968046294,4194.335226860026,186.51574118626831
4397.70823824025,5145.823631955113,-748.1153937148638
4395.969713335506,4771.94647062333,-375.9767572878245
4396.5222403390535,4626.9018787366285,-230.37963839757504
4386.334801463787,4944.329934657873,-557.9951331940865
4384.189522417445,5056.048212218697,-671.8586898012518
5026.023779026345,5062.970283594064,-36.946504567718875
5000.286007266582,4497.162268058749,503.12373920783284
5027.009900950766,4416.4266597725555,610.5832411782103
4986.653379806294,3598.8404270972806,1387.8129527090132
5005.866541930542,5072.3246145420835,-66.45807261154187
5031.094699415664,5031.86062661595,-0.7659272002865691
5021.057837348612,4254.880114502944,766.1777228456685
5021.601552610464,3838.7058056997207,1182.8957469107431
5023.408747497758,4524.259706055229,499.14904144252887
5025.979443566829,3845.632416014891,1180.347027551938
4378.575735600815,3474.2962427767425,904.2794928240728
4369.6939798282665,3584.721140299341,784.9728395289253
4387.108936136373,5054.95904992237,-667.8501137859967
4365.836878252905,3927.762572056582,438.07430619632305
4373.704057877493,4754.719797081765,-381.015739204272
4381.213169622858,3837.358079489536,543.8550901333219
4362.3283086040565,4387.993999742118,-25.665691138061447
4380.394121323337,4381.674772636366,-1.2806513130290114
3799.5413718995615,4755.1378945226115,-955.5965226230501
3810.5246236789885,4516.117195404345,-705.5925717253563
3812.102550085168,4479.764516980467,-667.6619668952994
3790.883540056015,5030.405251633386,-1239.5217115773708
3815.375988386209,4968.989466820157,-1153.6134784339479
3807.98768792667,4251.873063991256,-443.88537606458567
3354.03731940726,5116.271556724729,-1762.2342373174688
3348.6423573725747,4014.52219345488,-665.8798360823052
3364.638047145075,4265.822666309085,-901.1846191640107
3362.428916132975,5056.766695978415,-1694.3377798454399
3356.6544590122203,4757.843544251133,-1401.1890852389124
3366.766547405583,3951.980363948136,-585.2138165425531
3356.7376545720863,4401.184198729871,-1044.446544157785
3351.0455894667434,3607.6280372842025,-256.58244781745907
3368.6931144661503,3494.749939449426,-126.05682498327587
3353.6208324226245,4165.2949494696995,-811.674117047075
3363.97692036223,5048.443687917802,-1684.466767555572
3357.1462624441647,4830.337730939836,-1473.191468495671
3356.2674846341033,4796.696662730577,-1440.429178096474
4303.116495999093,4404.918935522185,-101.80243952309229
4297.100623783101,4396.69023768717,-99.58961390406967
4306.548625140351,5125.255594492822,-818.7069693524709
4301.976479508793,4037.4107015211853,264.5657779876078
4310.550798602839,4516.560184102515,-206.00938549967668
4299.219841732809,4256.846671468715,42.37317026409437
4304.6630555852,3875.254340148832,429.40871543636786
4290.203876433557,3460.8133935474752,829.3904828860814
4317.3213955238025,4776.5882809144,-459.26688539059705
4315.290216975914,4772.867374096309,-457.577157120395
4314.478126346187,4950.373162532147,-635.8950361859597
4296.3832551640835,3345.4854703041265,950.897784859957
3578.2977966250864,4102.71233022121,-524.4145335961239
3598.8553288734142,4944.414127583431,-1345.5587987100166
4079.549585123902,4389.025015227606,-309.47543010370373
4104.595442064721,3990.207249625305,114.38819243941634
4092.393079075801,4331.696974915254,-239.30389583945316
4101.851068329631,4421.961315718386,-320.11024738875494
4097.196160655585,4447.675688642532,-350.4795279869468
4092.738556136713,4769.3197877723,-676.5812316355864
4082.272799347341,3929.3133914600203,152.9594078873206
4089.9737099823274,5038.058316504924,-948.0846065225965
4660.26373314524,3419.0122168322073,1241.2515163130324
4660.092620527965,4410.18468465366,249.9079358743047
4662.61297360266,4754.442296136143,-91.82932253348372
4663.372339878546,4193.070763438915,470.3015764396314
4672.673194969434,3996.467556339463,676.205638629971
4651.301942928649,4297.386486303391,353.9154566252573
4655.0024041070565,3616.600725471174,1038.4016786358825
4665.390328645072,4839.018164011727,-173.62783536665484
4668.675329679437,5057.160554083339,-388.48522440390207
3810.480985512986,3702.541832101196,107.9391534117899
3800.453658808653,3821.965119245474,-21.511460436820926
3821.324246684785,4769.661188574437,-948.3369418896518
3804.3583262993116,5039.528788773324,-1235.1704624740123
3815.7836295108473,3950.0725723030587,-134.2889427922114
3815.9990013481056,4516.995590253544,-700.9965889054383
4377.494533435091,3869.038698783205,508.45583465188656
4392.291606729574,5062.401303026532,-670.1096962969586
4372.634924306206,4755.800513992384,-383.16558968617846
4386.934628916951,3704.263765166479,682.6708637504717
4377.543963607216,5038.641433459314,-661.0974698520977
4381.6369020324655,4259.869158273181,121.76774375928471
4381.680068614935,4122.588093222614,259.09197539232173
4374.158040442616,4941.976169372608,-567.8181289299919
5017.259398467107,3626.202886241804,1391.0565122253024
4993.2299837603,4944.434045698355,48.79593806194498
5002.958985903323,4387.814869116583,615.1441167867397
4982.654960117215,3848.4851369371063,1134.1698231801083
5006.261879912216,4956.047326031905,50.21455388031063
5017.297145599306,5051.573853577373,-34.27670797806695
5016.602625609077,4964.1054910456505,52.4971345634267
5023.408747497758,4265.69864507749,757.7101024202675
5010.794931517093,3620.650557364326,1390.1443741527669
5002.591912709921,3451.101861159453,1551.4900515504683
4394.513527799495,3882.164747715598,512.348780083897
4368.011845184002,3826.184247460348,541.8275977236535
4381.818427539052,4662.235283290503,-280.4168557514504
4376.217356825271,4158.851241497429,217.36611532784173
4376.1637315569105,4403.697904109425,-27.534172552514065
4384.106654759246,3760.8477780317685,623.2588767274779
4370.855721909023,4747.103070029136,-376.2473481201132
4387.594593292146,4619.977926753546,-232.38333346140007
3796.434782634524,3750.0389692554527,46.395813379071114
3807.6648930565475,4656.877582520434,-849.2126894638864
3792.914588071042,4240.44873967056,-447.5341515995178
3801.549630217672,4753.964827765108,-952.4151975474356
3820.4336211364266,3420.1831055615407,400.25051557488587
3817.9188889313305,5051.305554848546,-1233.3866659172159
3366.887355383697,3840.505126307243,-473.6177709235458
3352.297705642585,3697.0864296046284,-344.7887239620436
3366.7709042594893,5053.907671210639,-1687.1367669511496
3354.5327472610315,4952.91958166805,-1598.3868344070188
3352.256417170594,5050.292588077926,-1698.0361709073318
3362.285955677549,5054.74811512982,-1692.462159452271
3358.324413530145,4657.2705742092185,-1298.9461606790733
3361.4630429198905,4611.0617189102395,-1249.598675990349
3347.536745717188,4542.178237709563,-1194.6414919923754
3365.986146447845,5046.904895934126,-1680.9187494862813
3362.6990080745577,5048.881874369253,-1686.182866294695
3364.178530407571,3983.155086242328,-618.9765558347567
3359.809385901564,3944.5156767663207,-584.7062908647567
4303.116495999093,4757.755508134852,-454.639012135759
4308.374936387743,3763.3481213912687,545.0268149964745
4299.353387043218,4394.314177423626,-94.96079038040716
4309.066197476498,4983.606125905358,-674.5399284288596
4298.16337886867,3618.837729331981,679.3256495366895
4312.281198376135,4493.004157169029,-180.72295879289413
4303.730523227775,5035.936475063228,-732.2059518354527
4293.741902131464,4244.291970835999,49.44993129546492
4323.459454005717,3423.0013802573385,900.4580737483784
4302.7948498734395,4903.536583342483,-600.7417334690435
4315.282374517796,4270.53241124047,44.74996327732606
4287.800202171631,4396.179838690652,-108.379636519021
3607.138988646562,4769.144482936478,-1162.005494289916
3597.739230831018,4969.099952677823,-1371.360721846805
4100.180118323532,4974.329998527437,-874.149880203905
4091.5706554217736,4249.461808446639,-157.89115302486562
4099.938431030385,3637.1715726423718,462.76685838801313
4086.8618249413403,4753.453107927743,-666.5912829864028
4093.715632157309,4548.030511707537,-454.31487955022794
4114.854144615905,4422.106250351915,-307.25210573601
4101.648181283673,3841.4171176775358,260.231063606137
4099.0541977557605,4763.734400238074,-664.6802024823137
4647.343647179171,4250.994866359882,396.34878081928946
4669.477436373192,4342.48087386501,326.99656250818225
4659.164836140009,4938.982783015435,-279.81794687542606
4667.278860878777,4315.50878279824,351.77007808053713
4650.82749709317,4964.9612662542895,-314.13376916111974
4656.183373768587,4685.687618867194,-29.50424509860659
4671.81678131304,3631.98666098761,1039.8301203254305
4659.968133195737,4513.3752931299305,146.59284006580674
4662.053592281165,5050.111908517954,-388.0583162367893
3817.1095095802943,3838.1946641946042,-21.085154614309886
3811.343856782394,4763.096278621347,-951.7524218389526
3811.5253259860892,4961.2364822121335,-1149.7111562260443
3804.1492027047325,4963.48523348373,-1159.3360307789972
3807.811985138734,4836.239402836507,-1028.4274176977729
3808.6675728710093,4610.644037069724,-801.9764641987144
4383.060906544601,3620.2045379184856,762.856368626115
4388.875922544546,4558.559330007709,-169.68340746316335
4368.506707325766,4400.033051949383,-31.52634462361675
4365.686969157296,4394.447988779532,-28.761019622236745
4380.920172645705,3976.7627638383738,404.1574088073312
4387.516323633177,4196.413178790794,191.1031448423837
4380.222111257128,5046.65057618865,-666.4284649315223
4371.664534704506,4394.041171418741,-22.376636714235246
5004.3523329154505,4284.375465958918,719.9768669565328
5026.110161836434,5060.164389805711,-34.054227969277235
5018.75087747688,4240.2822163091205,778.4686611677598
5017.650265093086,3976.2604544010705,1041.3898106920155
5023.576158747441,4809.965030940033,213.61112780740768
5018.441993808477,4307.038235401121,711.4037584073558
5006.535494433835,4429.012833304031,577.522661129804
5025.979443566829,3626.1730519074695,1399.8063916593596
5002.591912709921,3716.217814857597,1286.3740978523242
5021.53327687298,4516.131977576956,505.40129929602426
4377.337286982821,5047.573040955312,-670.2357539724908
4378.726456092092,3445.04611503031,933.6803410617822
4385.561196863777,4972.814118394351,-587.252921530574
4366.1106695215685,3120.2810257306055,1245.829643790963
4369.242882830634,4432.598335291397,-63.355452460763445
4396.7238204780715,4981.841461858455,-585.1176413803832
4381.372908706793,3312.89242797747,1068.480480729323
4397.335415477457,4641.0254931014415,-243.6900776239845
3821.0091388587643,4407.433473035869,-586.4243341771044
3806.796617335711,4511.397027343937,-704.6004100082264
3799.405624012969,4651.090251829707,-851.6846278167382
3800.4133846402938,4183.147354626909,-382.7339699866152
3818.471223529686,3839.757635386919,-21.286411857232906
3813.833906100356,5056.891588580587,-1243.057682480231
3371.9841715033854,5045.682742772184,-1673.6985712687983
3359.105797593288,5037.060485590246,-1677.9546879969575
3358.709201440959,4978.87050655796,-1620.1613051170007
3356.435455689556,3970.811667034419,-614.3762113448629
3339.223693500528,4238.447687888403,-899.2239943878753
3365.4485559630753,4400.498844874386,-1035.0502889113109
3370.948895797375,3958.2844217454867,-587.3355259481118
3372.903750018905,4446.501537996921,-1073.5977879780157
3366.3932208077836,3830.081149218218,-463.6879284104343
3356.2674846341033,4823.284121703661,-1467.0166370695579
3353.689854276321,4745.45887421104,-1391.769019934719
3359.756305752495,4613.11628631592,-1253.3599805634249
3353.7926869815483,3695.620634921847,-341.8279479402986
4303.116495999093,4038.8908631470567,264.22563285203614
4308.33560274357,4616.721433033074,-308.38583028950416
4295.493650457146,4247.333723617252,48.15992683989407
4313.985122931457,3320.5473529159212,993.437770015536
4318.511175538691,4962.734777717884,-644.2236021791932
4313.576705697077,5053.008184568777,-739.4314788717002
4311.351507328658,4027.5334241679598,283.8180831606983
4298.647357094811,4393.961370042458,-95.31401294764692
4320.0741570585005,4780.48177020442,-460.40761314591964
4314.626953530259,5056.608057147883,-741.9811036176243
4308.712652877239,4583.064687382588,-274.35203450534937
4311.010777217513,4764.882894867337,-453.87211764982385
3596.9937556667746,4270.197218970414,-673.2034633036392
3593.3136580617843,5110.075208484804,-1516.7615504230193
4093.5112082209275,5047.962130681066,-954.4509224601384
4086.469610480472,4604.171147849054,-517.7015373685822
4104.732034917562,3128.871472177691,975.8605627398706
4100.44086932243,3986.450959845505,113.98990947692528
4086.1657888119366,5056.006073733219,-969.8402849212821
4085.343050425031,4505.295750129579,-419.95269970454774
4085.330656691833,4800.38383452024,-715.0531778284071
4095.229803491078,4420.311992389813,-325.0821888987348
4648.206814649725,4792.088164657317,-143.88135000759212
4646.509194759434,4394.508750045609,252.00044471382444
4674.6347829451415,4772.9583320428,-98.32354909765854
4646.5481737236705,4538.242519896029,108.30565382764144
4676.679618859058,4266.81439477869,409.8652240803676
4669.113486210824,4389.018422778564,280.09506343225985
4669.086167478943,4278.147494352678,390.9386731262648
4640.493652523766,4217.605931864927,422.8877206588395
4657.7007224044055,3834.45824771513,823.2424746892757
3815.6546915485183,4838.146397054986,-1022.4917055064675
3807.7388602830256,4516.470019265143,-708.731158982117
3810.9505618514577,3954.33709707104,-143.38653521958213
3810.957148580665,3699.0895821428903,111.86756643777471
3818.973939988576,3987.5235252184193,-168.54958522984316
3805.57793415556,4400.631384802035,-595.0534506464755
4361.086640891126,4313.831019577353,47.25562131377319
4363.776229967102,4954.641658643538,-590.8654286764358
4399.16903839077,4998.414398981214,-599.2453605904439
4363.971523384998,3959.8357687348707,404.13575465012764
4387.468302975127,4979.860327854544,-592.3920248794175
4383.991059673435,3980.371871065583,403.61918860785227
4374.616399658384,3299.9175560728336,1074.69884358555
4385.0035111724765,4669.414396774171,-284.41088560169464
4999.888191392561,4014.468688223205,985.4195031693557
5019.520207975135,4416.901767825995,602.61844014914
5000.83037168828,3585.5257871905437,1415.3045844977364
5016.074458465383,4405.694238462886,610.3802200024975
5013.4214658823375,4833.699716061654,179.72174982068373
5022.035760556064,5121.835424946927,-99.79966439086274
5018.533627534114,5120.007157433848,-101.47352989973388
5010.396965449475,4116.508657524897,893.8883079245779
5030.530301963873,3191.8350883087815,1838.6952136550917
5014.311093194556,4757.107180882253,257.20391231230315
4373.636221275337,4475.615436536054,-101.97921526071696
4371.685682599861,3828.481913256106,543.2037693437551
4372.207909254776,4960.1699375709395,-587.9620283161639
4372.211181339595,4472.1796757897055,-99.96849445011048
4374.165221525686,4303.117320889582,71.04790063610471
4376.347754303212,4759.603866825528,-383.25611252231556
4385.38340946137,5058.315744044261,-672.9323345828907
4381.953743558131,4256.618013834648,125.33572972348247
3796.2064600261647,5033.374114001324,-1237.1676539751597
3816.2381034433274,4402.570372754975,-586.3322693116479
3805.81193298223,4252.253404257416,-446.44147127518636
3816.4884223001077,4492.181208073736,-675.6927857736287
3805.238989295224,2939.1144048187543,866.1245844764699
3813.195560261167,4411.840323769395,-598.6447635082277
3358.8358653052387,5112.334687945878,-1753.498822640639
3366.3877823764615,2941.3958837024243,424.9918986740372
3353.8204537832603,5042.300083449712,-1688.4796296664513
3355.1999210644226,3788.737333849479,-433.5374127850564
3370.9610929783444,4985.7809043729585,-1614.8198113946141
3345.2775218271954,4501.710784624394,-1156.433262797199
3378.9429662174844,4780.53458810964,-1401.5916218921557
3353.500798844166,4763.0662032370665,-1409.5654043929003
3354.886668734744,4516.281224945489,-1161.3945562107451
3365.849119479727,4412.272306848705,-1046.4231873689778
3357.3540602116573,4611.247627771658,-1253.8935675600005
3363.547238956824,4159.98455497089,-796.4373160140658
3368.537460709794,4025.68407503894,-657.1466143291464
4303.116495999093,4403.999090296174,-100.88259429708069
4301.502977487021,3113.2592682866657,1188.2437092003552
4290.413402726793,4948.7322822795195,-658.3188795527267
4293.378286148031,3820.9210367162045,472.45724943182677
4304.168393189795,4976.179149093608,-672.0107559038133
4303.8697634362725,3970.315140436059,333.55462300021327
4305.258044117137,3411.8724001954297,893.385643921707
4294.261879547474,3681.312497661187,612.9493818862866
4311.59808182455,4415.163632605387,-103.56555078083693
4298.36604381159,4507.3413918690385,-208.97534805744817
4301.395632652244,5112.317300481475,-810.9216678292314
4314.936742473788,4768.142408755379,-453.2056662815903
3599.7679111614757,3421.8926321976296,177.87527896384609
3592.3188339524268,4331.563142547373,-739.2443085949462
4088.1308542680786,4301.375214933925,-213.24436066584667
4086.0742968538534,3697.265161380665,388.80913547318823
4088.267255849392,4393.911814849265,-305.6445589998734
4099.778274040468,4583.757675908307,-483.97940186783853
4087.706163652514,4757.08997648044,-669.3838128279258
4088.983292059188,3761.4314991240285,327.5517929351595
4088.7795224972983,4512.014818964362,-423.235296467064
4073.4314760340226,3855.6604918166854,217.77098421733717
4654.340598961492,5045.574592393699,-391.23399343220717
4647.103254314563,4254.463920440782,392.63933387378074
4649.844697289117,3965.3609670187266,684.4837302703904
4662.442110435776,4404.161114946988,258.280995488788
4665.1289306069275,4974.634644508434,-309.50571390150617
4671.81678131304,3448.188188364843,1223.6285929481974
4670.394439065104,4413.68050592166,256.7139331434437
4640.949987251189,4377.047074785607,263.9029124655817
4673.753694659795,4125.933070787359,547.820623872436
3802.164799630214,4754.017846809902,-951.853047179688
3814.78856867361,3493.840723384104,320.94784528950595
3806.690672200419,4513.342716120865,-706.6520439204455
3805.2217941473873,4376.3174699821975,-571.0956758348102
3809.450610911488,5067.160642841291,-1257.7100319298024
3812.53618664354,3767.0182295958375,45.517957047702566
4378.73249661041,5035.626432184736,-656.893935574326
4384.577041481337,4266.187986245427,118.38905523590984
4396.5222403390535,4351.656710028395,44.86553031065887
4373.332821673471,4227.0443785214375,146.28844315203332
4385.328143439235,3117.8951725110487,1267.432970928186
4378.130241406793,4612.999995934737,-234.86975452794377
4384.240266118638,4383.493217436337,0.7470486823012834
4387.35084719443,5067.4382753983045,-680.0874282038749
5017.0246220313265,4255.636935710049,761.3876863212772
5020.070365932097,3948.133537869625,1071.9368280624722
5015.954988326313,5040.624279456264,-24.66929112995149
5023.863505570051,3768.913917902142,1254.9495876679084
5001.520788266813,4505.415529854707,496.1052584121062
5010.636563840721,5002.593271327972,8.043292512748849
5008.9942365809375,4435.892566313979,573.1016702669585
5005.090045433918,4503.502501007501,501.58754442641657
5006.254557323497,3825.1733012484506,1181.081256075046
5018.425306643251,3978.4085171111797,1040.0167895320715
4371.685682599861,4325.187592104801,46.49809049505984
4377.7500598083425,4790.413267074495,-412.6632072661523
4378.043224416924,3291.7522250214006,1086.2909993955236
4379.561112320614,3703.2943561385828,676.2667561820308
4379.000260829051,4513.786394213311,-134.7861333842602
4392.395857318708,3698.3450500189374,694.0508072997709
4373.637336370047,4967.998446314549,-594.3611099445025
4387.885273633998,5135.0176785157555,-747.1324048817578
3832.0776488819433,4686.634966778398,-854.5573178964546
3802.1611522306916,3823.581051518542,-21.419899287850512
3801.4102852866936,5047.358535850722,-1245.948250564028
3805.747602391678,4259.015439336418,-453.26783694474034
3807.393108678033,3758.7571325682325,48.635976109800595
3809.7940211287373,4510.872542084849,-701.0785209561113
3349.6133426081246,5058.013951058754,-1708.4006084506295
3361.3522919902616,3831.3290711079585,-469.9767791176969
3352.569301915182,4297.608338204602,-945.0390362894195
3365.117807692568,4412.131939236738,-1047.0141315441697
3369.771189801298,3840.5290394258777,-470.75784962457965
3353.6368108180473,3612.6230121454773,-258.9862013274301
3359.4783052062553,4407.0916628441955,-1047.6133576379402
3351.096676080217,3610.6611737607805,-259.56449768056336
3359.3562462754535,4810.86069070068,-1451.5044444252262
3381.6145827168934,5071.526500471638,-1689.911917754745
3360.293261605032,3872.4514463685655,-512.1581847635334
3353.851972227588,3406.8289103203792,-52.97693809279144
3354.47914604877,4253.053226262884,-898.574080214114
4303.116495999093,3483.9505312292317,819.1659647698611
4306.457198091861,3471.7356118461985,834.7215862456624
4302.618677921922,4982.041241223746,-679.4225633018232
4302.1962915680715,3840.2635302871254,461.9327612809461
4288.076286666643,3960.951829765517,327.124456901126
4311.236200895466,4119.889982382978,191.34621851248812
4301.800582123295,5046.616598458578,-744.8160163352832
4301.937963199118,4981.918161974746,-679.9801987756282
4311.610619603318,5059.468536918934,-747.8579173156159
4292.5036411993415,4962.085740719226,-669.5820995198847
4299.818672732679,3843.688871418946,456.1298013137334
4289.117679566976,4784.458698527558,-495.341018960582
3584.4750187079862,4244.834260254924,-660.3592415469375
3588.370295623274,2934.0303704128996,654.3399252103745
4097.95759151228,4258.306223993767,-160.34863248148758
4076.8613917281227,4378.632467912292,-301.77107618416903
4086.627568351108,4435.7109515446555,-349.08338319354743
4096.840737598667,3711.7342865959645,385.10645100270267
4114.854144615905,4635.582591155674,-520.7284465397688
4088.7054884892577,5047.278238798688,-958.5727503094304
4085.8627875643588,3828.0870703402547,257.775717224104
4096.336056088892,4979.471247083895,-883.1351909950026
4657.5011712284595,5036.987518841651,-379.48634761319136
4663.721892595529,4522.297373165749,141.42451942978005
4665.066662175739,4234.201242224222,430.86541995151674
4649.443800180493,4959.089764108293,-309.64596392780004
4670.706144365009,4271.062944533255,399.6431998317539
4658.950175792612,4800.468764085522,-141.51858829290995
4659.425444274679,4406.362664921709,253.0627793529693
4660.3880850041,3418.273263343807,1242.1148216602928
4674.368170215188,4561.865861113114,112.50230910207392
3805.241013906615,4431.8776663432045,-626.6366524365894
3799.635097381332,4427.68352873337,-628.0484313520378
3800.6180189507513,4957.337355850497,-1156.719336899746
3822.537973043646,4461.140843523746,-638.6028704801001
3812.261678350242,4519.948843200217,-707.687164849975
3820.5813482224685,4985.214786933711,-1164.633438711243
4388.009538184608,3300.6604069838527,1087.349131200755
4373.532845248383,4400.993794079144,-27.46094883076148
4382.665633255683,4401.537155633941,-18.871522378258305
4389.482781237867,3988.0109812750916,401.47179996277555
4386.042909822948,4773.483755059527,-387.44084523657875
4373.190561918786,4506.0946385830375,-132.90407666425108
4358.65119318189,4241.014996883244,117.63619629864661
4365.243196828061,4958.305016940861,-593.0618201128
5012.412455592381,4397.196810906773,615.2156446856079
5009.683659803973,4800.592144323568,209.09151548040427
5024.096763942245,5125.0312112331685,-100.93444729092334
5005.700088201219,5007.760354645662,-2.0602664444431866
5008.792770552002,3409.8833622276147,1598.9094083243876
5002.493357291066,4748.798408828891,253.69494846217458
4998.224785322859,3751.244096442365,1246.9806888804942
5022.863806836603,3837.0510120628933,1185.8127947737094
5019.721680914303,3702.1106038854286,1317.6110770288742
5024.290578621728,4405.147578865493,619.1429997562345
4372.207909254776,4753.980430526062,-381.7725212712867
4378.043224416924,4656.613431876888,-278.57020745996397
4384.600771137753,3118.869901095758,1265.7308700419953
4399.047444017508,4425.110629271847,-26.06318525433926
4388.013808643754,4270.148578335,117.86523030875378
4383.680384466836,4766.234348628201,-382.553964161365
4389.374535765627,4557.100888761474,-167.72635299584726
4376.590832623015,4605.932972553611,-229.3421399305962
3817.887085656372,3672.2441286823864,145.64295697398575
3814.4711623348803,4797.20413393168,-982.7329715967999
3801.894319543574,3820.3106151033303,-18.416295559756236
3803.2444971619484,3824.3571210175705,-21.112623855622132
3810.344760793152,4399.15969406028,-588.8149332671283
3825.2956881256528,5065.448502504289,-1240.1528143786359
3361.6902351357917,4192.6003343908205,-830.9100992550289
3365.566654712777,5056.544034921717,-1690.9773802089398
3368.1740841542055,4231.882975749258,-863.7088915950521
3372.903750018905,3699.16126104558,-326.2575110266748
3368.8404151192985,3769.4285578174736,-400.58814269817503
3371.1000042486667,4274.965302233159,-903.8652979844919
3361.316327187105,5053.763032034817,-1692.4467048477122
3357.047447610488,4685.647887270083,-1328.600439659595
3360.654440322812,4973.838258897413,-1613.1838185746005
3356.363214172506,4296.06853612366,-939.705321951154
3372.066349604064,3843.172259826678,-471.10591022261406
3364.830926063579,4797.669116753381,-1432.8381906898016
3351.401056912269,4511.693536655849,-1160.2924797435803
4303.116495999093,4396.717863712414,-93.60136771332145
4302.993827952309,4378.437227458505,-75.44339950619542
4311.470946134392,3297.5278651177423,1013.9430810166496
4295.149310047452,4395.8194019073335,-100.67009185988172
4291.395413302723,3605.2489016547943,686.1465116479285
4306.916712808351,4757.89959031246,-450.9828775041087
4298.896586870343,4966.278405719291,-667.3818188489486
4296.418771019929,4253.475500326463,42.94327069346673
4306.151228704182,4801.006628659655,-494.8553999554724
4310.783242687804,4814.093430863794,-503.31018817599033
4298.6047119676805,4231.4884682432585,67.11624372442202
4296.472649527373,3465.082760133593,831.3898893937794
3590.8975781251065,4333.409648818139,-742.5120706930329
3594.960602514755,4338.670082866449,-743.7094803516939
4084.488969816629,4962.845886520893,-878.3569167042642
4079.922305283895,3818.0645657696155,261.85773951427973
4077.0590240748297,3962.8223967732733,114.23662730155638
4094.375761127742,5043.056903405583,-948.6811422778414
4100.112378107518,4525.898065805417,-425.78568769789854
4090.271518825736,3701.6459979692363,388.62552085649986
4084.2954380817446,3835.121371307274,249.1740667744707
4090.2605501556723,5008.509557436675,-918.2490072810028
4656.163344462615,4753.786053855382,-97.62270939276732
4645.724972925977,3478.91785293414,1166.8071199918377
4670.952101227845,4803.85443691233,-132.90233568448548
4646.777741786815,4243.228907446232,403.5488343405823
4656.54917219178,3291.769922669257,1364.7792495225226
4659.968133195737,5056.73375960363,-396.76562640789234
4640.949987251189,4944.557928818247,-303.60794156705833
4670.927718553086,4267.264476049261,403.66324250382513
4654.937023468113,4756.380391392674,-101.44336792456124
3801.1114735075244,4601.3894963608345,-800.2780228533102
3822.429535472416,3633.663267567823,188.76626790459295
3797.542223908658,4601.120295049199,-803.5780711405409
3822.571278802438,4275.287865273885,-452.7165864714466
3827.9245562938145,4273.640157587102,-445.7156012932878
3809.2647928540136,4609.826454385841,-800.5616615318277
4383.775442435237,3978.0876166007706,405.68782583446637
4365.649038219315,3752.107971860547,613.5410663587681
4383.887737722157,4980.290057143493,-596.402319421336
4386.335257880192,4517.542668424633,-131.2074105444408
4385.44286141742,4986.342738352163,-600.8998769347427
4376.603577282838,4806.436430249948,-429.83285296710983
4378.883431385319,4979.257985762237,-600.3745543769173
4384.553298099514,4581.850862979823,-197.29756488030944
5008.763636074451,4400.122049124077,608.6415869503735
5019.4243298827805,4265.843001958516,753.5813279242648
5044.172719440179,3318.7541010580185,1725.4186183821607
5026.645344037384,3773.143160413389,1253.5021836239953
5002.569104646482,4504.1667435882655,498.40236105821623
4997.65609018553,3966.9738974998013,1030.6821926857288
5014.310531052536,4248.65703454832,765.6534965042165
4999.373603425947,4744.191352109485,255.1822513164625
5013.867671961213,3966.6112515134105,1047.2564204478026
4995.768097486646,4743.992130963603,251.77596652304328
4372.211181339595,5033.932085503674,-661.720904164079
4379.561112320614,4405.6521686354245,-26.091056314810885
4399.047444017508,5065.025651867409,-665.9782078499011
4367.351477808707,4103.472400104475,263.87907770423226
4383.507216446396,3615.671345042661,767.8358714037354
4390.213227762977,3301.472289809927,1088.74093795305
4394.497798968171,4856.869751005016,-462.37195203684496
4384.4528895457715,3837.252909486592,547.1999800591793
3797.333809169985,3746.566283071146,50.767526098839426
3807.631777844451,4253.7315979477335,-446.0998201032826
3805.599357351605,4750.871178878357,-945.2718215267519
3814.897903557531,4415.318170849519,-600.4202672919882
3806.790739404265,4961.399813620733,-1154.609074216468
3797.021296768645,4434.587052810988,-637.5657560423433
3349.4385721412955,5032.345693215978,-1682.9071210746824
3358.0772126341253,4401.888991492644,-1043.8117788585187
3362.054498783658,3759.144342964127,-397.0898441804693
3377.6381805951405,4528.9063924721195,-1151.268211876979
3352.165032463437,4757.8326437618825,-1405.6676112984455
3355.5996253278977,3941.927963067536,-586.3283377396383
3359.0208092483404,4008.0289815106107,-649.0081722622704
3357.892236512694,4755.353025217445,-1397.460788704751
3361.864855472294,4832.048007768017,-1470.1831522957227
3356.8015883700687,4754.553087596096,-1397.7514992260271
3346.1821166010786,5036.118899976221,-1689.936783375142
3349.460771500966,3434.3076854482088,-84.84691394724268
3349.973856013108,3684.3535746226194,-334.3797186095112
4303.116495999093,4963.312655650697,-660.1961596516039
4317.92061160255,3851.9572160272405,465.9633955753093
4306.484152164354,4763.80703019636,-457.322878032006
4281.438550349524,3606.508159857105,674.9303904924191
4305.234954614167,3868.7321929061627,436.5027617080041
4323.699457294824,4984.1223196021965,-660.4228623073723
4304.939575530931,3871.4071078834277,433.5324676475029
4325.991364210597,4503.658503748361,-177.66713953776434
4302.076614322014,4752.49106470859,-450.4144503865755
4301.609771820674,3829.6261645320383,471.98360728863554
4301.1612075435405,4509.280250029822,-208.11904248628161
4317.407459135717,4763.6736057606,-446.26614662488373
3597.3474602016668,4619.519080880275,-1022.1716206786086
3583.5448369854794,4797.722956123223,-1214.178119137744
4092.986034809374,4119.123410219045,-26.137375409670767
4099.064929955905,4269.852620645702,-170.78769068979636
4079.506436282164,4535.2342450999,-455.72780881773633
4100.176119213872,5060.668316753387,-960.4921975395155
4098.411206942517,3192.592155837628,905.8190511048892
4089.1595942764375,5067.924899338224,-978.7653050617869
4082.3931822185964,3819.8217652136254,262.57141700497095
4083.2927483863295,5027.8129644579185,-944.520216071589
4653.038974387415,4252.673664417768,400.36530996964666
4665.255919155546,4269.258133824583,395.99778533096287
4647.584150824444,3601.988712337531,1045.5954384869128
4645.565019848999,4502.3018477248825,143.26317212411686
4647.981305190237,4107.814129596067,540.1671755941707
4662.915785045463,4121.542597848991,541.3731871964719
4664.318488667202,4410.2245850337495,254.0939036334521
4654.461980681732,4226.717041863662,427.7449388180694
4644.979836173506,4954.14277395632,-309.16293778281397
3805.9492455752156,4967.32450969254,-1161.3752641173246
3827.486418912929,5071.76447015917,-1244.278051246241
3810.1048971759838,5050.340754375691,-1240.2358571997074
3802.6881965413,3825.3706459194213,-22.68244937812142
3806.6255857302617,4254.386197082207,-447.7606113519455
3811.863502433997,4980.365457517505,-1168.5019550835082
4363.937786941641,4424.814588073146,-60.87680113150509
4379.98482502451,3765.856060671407,614.1287643531036
4387.447582043781,4771.218014412376,-383.7704323685948
4372.795706530955,3755.6694516047396,617.1262549262151
4393.074856737377,4773.843666672718,-380.7688099353418
4368.29583291785,3121.292697490174,1247.0031354276762
4374.601502887932,3308.2943433400364,1066.3071595478955
4376.013403844907,4516.655132355071,-140.64172851016428
5039.626515938897,4125.829035229247,913.7974807096498
5008.1423579055245,4237.6832145261815,770.459143379343
5012.145971297683,4401.032615558028,611.1133557396552
5015.220993737058,4256.112991017297,759.1080027197613
5014.538513733628,4758.834711945382,255.70380178824598
5009.864451685984,4612.426468776241,397.43798290974337
5012.902602458274,4261.699772859593,751.2028295986802
5011.304050439579,4754.128142310708,257.175908128871
5015.590829866912,4403.576577956604,612.0142519103083
5001.714378260782,3823.748102724468,1177.9662755363138
4374.165221525686,5041.242773532476,-667.07755200679
4379.000260829051,4333.759374098136,45.24088673091501
4388.013808643754,4695.798578216431,-307.78476957267776
4383.507216446396,4981.915846156092,-598.4086297096956
4381.883653778809,5054.553449175998,-672.6697953971889
4378.527231646621,3123.9796256119357,1254.547606034685
4379.357915108314,4444.567105321545,-65.20919021323061
4388.093368617965,4700.483210676137,-312.3898420581718
3809.6256432534856,3613.9118152465585,195.7138280069271
3810.978227834187,4399.466362301706,-588.4881344675191
3798.8778475687577,4494.79240430132,-695.9145567325622
3800.8281186439317,4397.488888086883,-596.6607694429513
3797.2305185162695,3831.35923076635,-34.1287122500803
3808.841934484597,3830.3674529884975,-21.525518503900457
3348.115315187949,3930.364976447066,-582.2496612591171
3359.974948414555,4622.943682919304,-1262.9687345047487
3356.7601976593264,3616.657556626787,-259.8973589674606
3363.095828644585,4272.03905526308,-908.9432266184949
3365.2204836102096,4409.250103115759,-1044.0296195055494
3349.3242226097623,4753.064873747371,-1403.740651137609
3381.8805789598696,4419.95827806878,-1038.07769910891
3354.6114832765434,4757.837562218618,-1403.2260789420743
3366.618177488107,4970.759153263525,-1604.1409757754182
3368.296600324036,3490.709238527974,-122.41263820393806
3360.1080215012944,4602.230367363195,-1242.1223458619006
3379.203654124276,4283.613532056942,-904.409877932666
3345.255685194501,4751.562187494553,-1406.3065023000518
4303.116495999093,5052.032770114607,-748.9162741155142
4327.116359931833,4986.184913428384,-659.0685534965505
4324.25595435588,4637.717524343845,-313.46156998796505
4307.5377772233305,4524.634863486817,-217.09708626348674
4299.639071135793,4748.03292920952,-448.39385807372764
4293.420588554587,3287.105213770124,1006.3153747844631
4298.32616219364,4797.777128731974,-499.4509665383339
4298.411139584797,3822.3557694608935,476.05537012390323
4316.4308138383185,5044.913071048484,-728.4822572101657
4315.282374517796,3304.565521417925,1010.7168530998706
4299.055490793366,4434.439506077388,-135.3840152840221
4317.245209815941,4771.448319348048,-454.2031095321072
3582.008779944892,3961.8405390177236,-379.8317590728316
3574.606154172466,4099.999466817048,-525.3933126445822
4086.0742968538534,4509.139491419804,-423.06519456595015
4089.4978783254373,5049.612535566502,-960.1146572410644
4101.988212559934,5052.817053991983,-950.8288414320486
4096.472088592428,3874.3539884491643,222.11810014326375
4101.648181283673,4248.726305352766,-147.07812406909306
4085.8627875643588,5111.732767075545,-1025.869979511186
4098.793181271964,4620.755492193528,-521.9623109215636
4088.5285852236443,3839.3597297487127,249.16885547493166
4674.6347829451415,4772.9583320428,-98.32354909765854
4650.653273009591,4894.007082133628,-243.35380912403616
4656.741573502804,5111.074217157143,-454.3326436543384
4650.4584169464015,3679.3556179998427,971.1027989465588
4666.891428757576,3631.8613963261655,1035.0300324314107
4662.053592281165,3978.2055698075746,683.8480224735904
4673.753694659795,4266.354396213386,407.39929844640847
4654.937023468113,5035.91366096551,-380.97663749739695
4668.429025157685,4768.554155657094,-100.12513049940935
3830.5871014949707,4137.448319220255,-306.8612177252844
3798.0168605320296,4752.1728119081245,-954.1559513760949
3805.57793415556,3435.642277345146,369.935656810414
3812.1475035655444,4754.805896450142,-942.658392884598
3806.389829915236,4399.620855307752,-593.2310253925161
3799.279955506964,4368.6204763385695,-569.3405208316053
4377.3591460796415,4659.221075071682,-281.8619289920407
4389.482781237867,4988.027513291426,-598.5447320535586
4388.204176005989,4269.534784305198,118.6693917007915
4397.667487593605,4275.493603358234,122.17388423537068
4398.139740330501,4275.697336052365,122.44240427813565
4380.653944188289,3766.020572531906,614.6333716563827
4386.979088397309,5058.441660595855,-671.4625721985458
4374.901599096767,4251.120316534209,123.78128256255786
5018.441993808477,4611.894321141787,406.5476726666893
5023.791998171847,3940.6657571265696,1083.1262410452773
5022.147556037297,5056.26428860825,-34.11673257095299
5010.582850888629,3619.120986458904,1391.4618644297248
5034.216372293282,4276.408599192854,757.8077731004278
5001.538475223601,4614.153079533319,387.38539569028217
5037.874538959668,5093.816762244924,-55.94222328525575
5014.229603817518,4762.624039954157,251.60556386336157
5020.9927135952385,4404.445268797371,616.5474447978677
5034.313550067277,3885.8497021100256,1148.4638479572513
4376.347754303212,5081.36653969523,-705.0187853920179
4392.395857318708,4974.082307410916,-581.6864500922075
4383.680384466836,3878.5364167419275,505.1439677249082
4390.213227762977,5055.825816060753,-665.6125882977758
4378.527231646621,4902.760779884209,-524.2335482375884
4380.448841971206,3709.9895584761903,670.4592834950158
4377.985857926917,4755.547854664689,-377.56199673777246
4380.746318710012,4609.068985934447,-228.32266722443455
3805.1628600835825,4607.69134701252,-802.5284869289376
3805.6981400214117,4108.222735246002,-302.5245952245905
3803.682810387238,4430.782975885284,-627.100165498046
3811.2987340731675,3302.653515282935,508.6452187902323
3820.5973698440253,4274.569774696233,-453.972404852208
3836.7021238394814,4785.00633315101,-948.3042093115287
3359.6377583786334,4398.157911286512,-1038.5201529078786
3359.4783052062553,4328.520651906889,-969.0423467006335
3362.2498924846386,4403.249229173578,-1040.9993366889394
3359.756305752495,4255.446629208532,-895.6903234560368
3345.2548687408666,5095.887772887415,-1750.6329041465483
3355.7346973050526,4753.280207680981,-1397.5455103759286
3364.699487250043,2944.8047298163506,419.8947574336926
3364.830926063579,3626.2505912450683,-261.4196651814891
3355.265490332921,3304.01703049274,51.24845984018111
3364.681432630654,4763.637043178798,-1398.9556105481443
3357.770856626764,4399.149496059311,-1041.378639432547
3354.0678949281114,4250.277315571788,-896.2094206436764
3361.534356648761,4752.27144981109,-1390.737093162329
4303.116495999093,3866.390211189358,436.7262848097348
4305.460119918735,4192.883180131903,112.57693978683164
4312.611925137119,3195.013885237643,1117.5980398994761
4304.191660622209,4616.76427040232,-312.5726097801107
4314.330736688062,5065.062553413682,-750.7318167256199
4286.235807568359,4272.752168345568,13.48363922279077
4307.047312368867,4401.958862066167,-94.91154969729996
4303.784690495386,4763.566793724168,-459.78210322878203
4329.127584515629,4638.488333925317,-309.36074940968865
4316.114123628701,4907.145781583054,-591.0316579543523
4299.338391169189,4799.4894592730925,-500.1510681039035
4313.842644739854,4198.6521728958505,115.1904718440037
3592.5631574518716,4388.129953316646,-795.5667958647741
3576.5155407312923,4384.5556426169605,-808.0401018856683
4105.448397744975,4846.42511044775,-740.9767127027744
4086.5955432375504,4606.731791923628,-520.136248686078
4087.499081506965,4893.874214666432,-806.3751331594667
4100.5722133176105,4412.062191246047,-311.48997792843693
4094.252753969997,5060.3333596307375,-966.0806056607407
4090.2888216928973,4619.75743350503,-529.4686118121331
4093.237788545238,3978.770997132896,114.46679141234199
4101.9053489067155,4419.443945317131,-317.53859641041527
4682.806667611215,4407.995777416502,274.81089019471256
4653.669022412855,4682.040308575795,-28.371286162940123
4674.407558445003,4621.91072587291,52.4968325720929
4652.174589219162,4784.084220874003,-131.90963165484118
4665.188798832177,4311.3100154115,353.8787834206769
4667.991571126785,3985.467960575327,682.5236105514578
4658.959295761377,4261.239108944747,397.7201868166294
4661.853120363851,4980.318738751811,-318.4656183879597
4654.645673369042,4612.804224407085,41.84144896195721
3820.779839538257,4981.91237157774,-1161.1325320394826
3810.271877898758,4404.49195176759,-594.2200738688321
3817.5378069036287,5091.498518474956,-1273.960711571327
3807.199718644824,3867.1180217048873,-59.91830306006341
3816.3800313694824,3771.0954210549544,45.28461031452798
3808.0595980581397,4748.541236850694,-940.4816387925543
4376.772806198726,5039.858158724935,-663.0853525262082
4361.275457114131,3684.646253768793,676.6292033453383
4375.736443802083,3977.162177316855,398.57426648522824
4371.768126595767,4753.109900419519,-381.3417738237522
4382.952447825064,4617.0352207890255,-234.08277296396136
4374.94472222513,4941.264708075639,-566.3199858505086
4380.487643324642,4966.336505282717,-585.8488619580748
4388.906293096132,5055.667967423434,-666.761674327302
5008.989354647025,4568.990678133204,439.998676513821
5011.491209804042,5041.916591155134,-30.425381351091346
5016.166681364747,5054.098089357809,-37.93140799306184
5007.519858831934,3732.381547208862,1275.1383116230718
5015.4209775727,3487.18168477001,1528.2392928026902
5013.491249162765,4400.060503749065,613.4307454136997
5008.424239807474,4421.3592500068235,587.0649898006504
4994.15875922422,4742.433093739025,251.72566548519535
5001.2189960767655,4604.716694691528,396.50230138523784
5010.20943156806,4254.301592733637,755.9078388344224
4385.38340946137,4913.968774977067,-528.585365515697
4373.637336370047,5040.354001932069,-666.7166655620222
4389.374535765627,3633.187795749336,756.186740016291
4394.497798968171,4425.025270169674,-30.52747120150252
4379.357915108314,4253.001163689851,126.35675141846332
4377.985857926917,3128.1720019378477,1249.813855989069
4381.137828947281,3982.51059313204,398.6272358152414
4370.103655809161,3479.9207826298907,890.1828731792702
3818.845716615258,4522.589559568034,-703.743842952776
3815.938489458811,4987.025097936354,-1171.0866084775425
3800.8551730954214,4600.9920424273,-800.1368693318782
3794.3691843299484,4102.155687917168,-307.78650358721916
3803.363003437811,4394.529185615762,-591.1661821779508
3803.2078864787563,4965.0514750015745,-1161.8435885228182
3369.6388091275658,4903.209589567607,-1533.5707804400408
3356.044381133791,3620.1786995290663,-264.1343183952754
3354.430620124297,3119.0820543945924,235.34856572970466
3356.4238918895635,4506.482081396672,-1150.0581895071082
3356.3089272458337,4326.165721696192,-969.8567944503584
3372.9609009870237,3992.7474055603634,-619.7865045733397
3368.153992112998,4620.675684016895,-1252.5216919038967
3361.9853623039844,5126.3106569002875,-1764.3252945963031
3357.4707821977045,4401.391308395653,-1043.9205261979487
3357.376044432061,3940.502822073424,-583.1267776413629
3364.4207956909318,4834.385045754093,-1469.9642500631612
3369.868845715498,5127.859176050308,-1757.9903303348096
3368.949979480942,3708.0057106132863,-339.05573113234414
4303.116495999093,4437.563020328676,-134.44652432958355
4297.9500450733585,5051.471717957267,-753.5216728839086
4304.161042901107,4259.061808760644,45.09923414046261
4313.442595133769,4981.402719084545,-667.9601239507765
4311.006175502008,4979.667902885531,-668.6617273835227
4301.177815339276,5047.39272197064,-746.2149066313641
4303.213929124965,5046.190333503357,-742.9764043783916
4297.404499666387,4254.314138597006,43.09036106938129
4313.506289555315,3623.51877967873,689.9875098765847
4290.895282834991,4780.637313733267,-489.7420308982755
4310.612339713331,4441.132345603556,-130.52000589022555
4304.075378755949,3736.203693435924,567.8716853200249
3598.7903352813946,4410.660573671172,-811.8702383897771
3591.1377457774115,4833.103666801336,-1241.9659210239242
4101.788703706975,4448.571015843272,-346.78231213629715
4077.2687263643843,4241.0267782778565,-163.75805191347217
4091.6867581987717,5049.123133037141,-957.4363748383694
4106.597551996896,4275.127644946875,-168.530092949979
4076.6852897492595,5034.9894612872495,-958.30417153799
4089.147793243158,4541.401891209379,-452.2540979662208
4094.7852870103166,4258.583643765303,-163.7983567549868
4086.610057955413,4942.925937128597,-856.3158791731839
4667.561032392154,3628.294752298714,1039.26628009344
4663.59712428703,5045.191256090665,-381.5941318036348
4661.158458132196,3944.9801331091685,716.1783250230274
4642.637087955725,4958.894522170201,-316.2574342144753
4665.0693362089,3623.1717360421844,1041.8976001667152
4665.610662248734,3695.537330805919,970.0733314428153
4651.331925795881,4606.598841796333,44.7330839995484
4646.392431110313,4386.569571178964,259.82285993134883
4679.894448965489,4779.624931919022,-99.73048295353328
3803.7707225834774,3694.221724584986,109.54899799849136
3820.4350460472447,4173.784249445814,-353.349203398569
3792.3059302930997,3929.034095308829,-136.72816501572925
3819.4810846850896,3423.95669573153,395.52438895355954
3796.3284754530114,4496.585190594233,-700.2567151412213
3814.4985158782297,5060.469713024511,-1245.9711971462816
4391.746574756126,3449.195691384836,942.5508833712902
4376.148138117101,4405.498975546234,-29.350837429133207
4377.35920716424,4516.575092002205,-139.21588483796495
4393.983713681563,4778.102696554559,-384.11898287299573
4380.197693755163,3982.876210610769,397.3214831443938
4392.1263502235615,4421.499021255561,-29.372671031999744
4391.674017086534,4440.590369650746,-48.91635256421159
4380.414865825083,3442.208969770361,938.2058960547224
5016.151392918435,4313.751029018045,702.4003639003895
5025.218534953399,5052.21881611345,-27.00028116005069
5010.871092791272,3695.6466900549026,1315.224402736369
5019.782492190248,4247.5444149004525,772.2380772897959
5021.348747257717,4945.025063985213,76.32368327250424
5015.090211525099,4410.393628096846,604.6965834282528
5028.144390418471,5066.589813609113,-38.44542319064203
5017.074795607709,3867.8435762073577,1149.2312194003516
5017.438510270347,3875.8194817906433,1141.619028479704
5038.176227059904,4988.910867837275,49.26535922262883
4381.953743558131,3942.9673718664935,438.98637169163703
4387.885273633998,4628.998080558837,-241.11280692483888
4376.590832623015,5042.562814717095,-665.97198209408
4384.4528895457715,3298.4183129891567,1086.0345765566149
4388.093368617965,4342.848033329197,45.24533528876782
4380.746318710012,4901.325972250391,-520.5796535403788
4370.103655809161,4252.622758140894,117.48089766826706
4386.363662765192,3840.461963088154,545.9016996770383
3793.5649645066496,4392.093720936226,-598.5287564295768
3813.8485627709383,3847.11472660277,-33.26616383183182
3809.650801919242,3832.0974380883877,-22.446636169145677
3822.967121710533,3846.116418568256,-23.14929685772313
3804.126657073434,4613.20659700867,-809.0799399352354
3831.5690098753894,4419.384304713719,-587.8152948383295
3362.5012259097625,3980.2142926663687,-617.7130667566062
3384.187722307812,4440.112605972534,-1055.924883664722
3361.2618129446087,4824.989443670763,-1463.727630726154
3360.700537778676,4403.715063641532,-1043.0145258628559
3364.2270326291846,4663.460872057632,-1299.233839428447
3359.4318336590654,4236.654706636037,-877.2228729769718
3348.8910162779057,4239.001436237845,-890.1104199599395
3341.697275937974,5032.133786198375,-1690.4365102604006
3361.5928314586745,4052.7707421707787,-691.1779107121042
3367.758266344276,5123.418061449032,-1755.6597951047565
3355.8468720292485,4759.372451697019,-1403.5255796677702
3364.51610377674,4119.463182179478,-754.9470784027385
3369.346258107506,4207.109662557724,-837.7634044502179
4303.116495999093,3938.2633201982294,364.8531758008635
4310.054930217264,5057.504551740168,-747.4496215229037
4300.7347167417975,4511.077213522137,-210.3424967803394
4310.418688057321,4337.7229807004705,-27.304292643149893
4304.346312490175,4406.834007871168,-102.4876953809935
4302.05045530362,3998.6588659210934,303.3915893825265
4293.741902131464,4743.776780038484,-450.03487790702
4297.117023956612,4965.381452065666,-668.2644281090543
4298.36604381159,4829.47476587572,-531.1087220641293
4309.976512771803,4116.238135785177,193.73837698662555
4277.248930482377,5019.089119854686,-741.8401893723094
4303.175559987756,4974.663148116457,-671.4875881287007
3598.7424846752074,4842.115663569305,-1243.3731788940977
3596.6116522448497,4266.028134610245,-669.416482365395
4094.4310144617334,4967.006551486122,-872.5755370243883
4095.445913672932,4518.936454865326,-423.4905411923937
4087.706163652514,4397.521381692762,-309.8152180402476
4099.105854695563,3300.0841660602387,799.0216886353242
4099.0541977557605,5048.865541623321,-949.8113438675609
4096.336056088892,4765.516808459869,-669.1807523709767
4088.5285852236443,3825.1194530093107,263.40913221433357
4086.880985383892,4394.3549551737515,-307.47396978985944
4664.572399975567,4124.209972630509,540.3624273450587
4654.4382330124745,4231.2797105005275,423.158522511947
4671.81678131304,3492.26282851165,1179.5539528013906
4663.263946169353,4760.882889936317,-97.61894376696364
4658.599317210769,5085.562238293027,-426.9629210822577
4672.472591390682,5063.523059314373,-391.05046792369103
4665.692245628422,4757.636770942518,-91.9445253140957
4674.446922992673,4845.17686356619,-170.72994057351752
4658.173315713147,4256.430501300764,401.74281441238236
3809.535641775788,4575.48149571295,-765.9458539371622
3812.53618664354,4410.757596925786,-598.2214102822459
3810.3427293544046,3619.983458683303,190.3592706711015
3805.8203383458963,4400.46307857305,-594.6427402271534
3806.2426555902625,4229.747561157738,-423.5049055674758
3817.1401632382904,4414.662269346476,-597.5221061081857
4375.625237683624,4831.919953306138,-456.29471562251456
4373.190561918786,4397.949620337506,-24.759058418719178
4388.520503379455,4198.592692005796,189.9278113736582
4380.653944188289,3704.510326743048,676.1436174452406
4392.6686318785105,4060.1362236235454,332.53240825496505
4382.54147381732,3794.3396074850484,588.201866332272
4377.47509987517,4397.579596102355,-20.104496227185336
4377.4771709370925,4755.331425764266,-377.85425482717346
5012.57926836697,4436.450756771518,576.1285115954515
5016.890326786972,4966.90844441379,49.98188237318209
5014.998923885075,3877.28212244239,1137.7168014426848
5018.425306643251,4260.898822521221,757.5264841220305
5014.155476693082,4936.500006501445,77.6554701916375
5009.269379243532,4405.9649185455955,603.3044606979365
5002.343094218779,4497.406216919081,504.9368772996977
5008.432076682382,4391.9859027945595,616.4461738878226
4998.54845480115,4743.870991633469,254.6774631676808
5021.70647301575,4414.430023398652,607.2764496170976
4367.567705128092,3470.9665453513926,896.6011597766992
4403.419836050525,4787.215280401539,-383.79544435101343
4386.392528010881,4767.337442356249,-380.9449143453685
4361.493839390423,3477.828790943472,883.665048446951
4371.717640098898,5043.281721659256,-671.5640815603574
4371.982001223007,5041.372053362109,-669.3900521391024
4390.832062426249,3772.3678053891063,618.4642570371425
4364.7139689932255,5033.383827237746,-668.6698582445206
3818.3552538502,4123.498770985053,-305.143517134853
3820.2166800110263,4768.019638466992,-947.8029584559654
3803.8295566440993,3836.1750244635637,-32.345467819464375
3810.382719194963,4190.943593167858,-380.560873972895
3811.8504534375743,5122.307620872206,-1310.4571674346316
3812.0608862228623,4022.5688644087954,-210.5079781859331
3353.154274437371,3405.9306648857137,-52.77639044834268
3353.285975182576,4394.8344274066185,-1041.5484522240426
3355.4493792814224,4251.4304214609465,-895.9810421795241
3354.47914604877,4822.036778841192,-1467.5576327924223
3356.928194347924,3441.9475465719106,-85.01935222398652
3342.7430890970645,4094.883457978695,-752.1403688816304
3363.070391802338,3767.02974953853,-403.95935773619203
3367.20864362725,4760.612130649513,-1393.4034870222636
3346.648437626803,4241.784608857644,-895.1361712308412
3346.693719908228,3747.3555209895767,-400.6618010813486
3358.647546108015,5040.298624141517,-1681.6510780335025
3356.0939798282316,4392.216373180336,-1036.1223933521042
3375.7441261556437,4420.295920976478,-1044.551794820834
4303.116495999093,3829.304504216315,473.811991782778
4299.8690422724885,4761.473360133825,-461.6043178613363
4316.423846123638,5064.322626806833,-747.8987806831947
4291.133672946154,4395.921606598342,-104.78793365218826
4318.097264553001,5062.13576600622,-744.0385014532194
4308.047391598482,5053.953719031237,-745.9063274327546
4292.43774055795,4421.354276004366,-128.91653544641576
4311.59808182455,4416.264787690936,-104.66670586638611
4302.333065899996,3828.2738569518447,474.0592089481511
4312.267822650909,4764.4284273294725,-452.1606046785637
4306.890971370165,5050.966993850689,-744.0760224805235
4314.113041801615,4972.31370118142,-658.2006593798051
3584.5805323516847,5049.525316876452,-1464.9447845247673
3591.2925288351153,5122.926873256039,-1531.6343444209233
4088.267255849392,4226.045994350936,-137.778738501544
4101.988212559934,3949.7875563951984,152.20065616473585
4083.7356875339483,3682.4547197420657,401.28096779188263
4089.417336784948,3487.891824783761,601.525512001187
4097.426827164595,4412.470340011609,-315.0435128470135
4076.135722300458,5020.666671925554,-944.5309496250957
4101.832975302149,4619.562399652816,-517.7294243506667
4081.3249882484047,4386.100794187744,-304.77580593933953
4668.777034865568,5051.209412844743,-382.4323779791757
4646.628464596033,3941.716124028709,704.912340567324
4666.145541333252,4842.730224437538,-176.58468310428543
4662.235804029461,4760.55261957654,-98.31681554707848
4655.543375593334,4392.1883375278785,263.3550380654551
4662.557194949228,4762.457500386975,-99.90030543774719
4657.298122941106,3477.5026744973143,1179.7954484437919
4674.0249766967,3633.663267567823,1040.361709128877
4646.927588678078,3751.9861558677785,894.9414328102994
3820.4350460472447,4949.690866246113,-1129.2558201988682
3813.876885356124,3346.4527405529425,467.42414480318166
3808.8050306415053,5051.462723888107,-1242.6576932466014
3817.1705118468158,4757.687827558128,-940.5173157113127
3807.755582759156,5071.514169714263,-1263.7585869551067
3800.740299927043,4750.710235102573,-949.9699351755303
4384.277428962323,4269.025447985078,115.25198097724478
4364.712337951488,4776.785468751408,-412.07313079992036
4355.476654321692,3273.2046779499847,1082.2719763717073
4367.654332658801,3682.2499028242155,685.4044298345852
4383.047636663717,5053.841474546541,-670.7938378828239
4385.906174368906,4413.235416465485,-27.329242096579037
4387.129198138579,3876.608014714927,510.5211834236525
4373.905866146958,3588.802127906333,785.1037382406248
5010.582850888629,3944.2546341159286,1066.3282167727002
5026.954090269787,5135.962678974886,-109.0085887050991
5011.093150644592,5114.938387892269,-103.84523724767678
5009.478295989252,3832.1934512890098,1177.284844700242
5012.751033605867,4507.800687956207,504.95034564965954
5018.110212013712,3703.122606028733,1314.987605984979
5017.203560155658,4261.71336877947,755.4901913761878
5019.796974871534,5052.664383229481,-32.86740835794717
5015.093461918097,3618.9516505513106,1396.1418113667864
5012.656774431158,4396.041370284279,616.615404146879
4382.499332459713,3978.123645409553,404.37568705015974
4369.205164081173,4429.156651568599,-59.951487487425766
4378.933145129019,4759.130643816614,-380.1974986875948
4376.007436165597,4266.787880139947,109.21955602564958
4376.017324577346,4405.603827660327,-29.586503082980926
4377.049797748312,4438.336446698838,-61.28664895052589
4384.622468342125,4772.493372642413,-387.8709043002882
4384.5845977534045,4619.584696083828,-235.0000983304235
3820.2166800110263,3988.7877435560754,-168.57106354504913
3807.027019422985,3699.537974671231,107.48904475175414
3802.771227838666,3485.526806652863,317.2444211858033
3820.9527411564673,3138.1209947944712,682.831746361996
3805.3689120701297,5040.767052665832,-1235.3981405957024
3806.387879883643,4288.337064007279,-481.94918412363586
3364.300924192672,4521.463974141764,-1157.163049949092
3353.851972227588,4178.339670744795,-824.4876985172068
3354.671418428662,5110.554685696465,-1755.8832672678027
3365.8848065383504,4694.414350863829,-1328.5295443254786
3365.2528153204407,4767.206318551282,-1401.9535032308409
3350.7906062243546,4968.11502087128,-1617.324414646925
3354.0678949281114,4603.129385546215,-1249.061490618104
3360.4968447076076,4548.056474251833,-1187.5596295442251
3359.7281633207635,4253.6166610728405,-893.888497752077
3365.4167523282995,4839.496380940047,-1474.0796286117475
3355.262400403168,4899.715168397563,-1544.4527679943944
3370.0552266584923,4977.53774693903,-1607.4825202805373
3349.625285945373,4939.999768965742,-1590.374483020369
4303.116495999093,3762.6723709701473,540.4441250289456
4304.349495380862,4191.136994771743,113.21250060911916
4304.143276284312,4431.316606410919,-127.17333012660674
4300.741765297006,4258.435198354118,42.30656694288791
4293.687843653018,4888.329491644974,-594.6416479919562
4287.874066962587,4596.889600400757,-309.0155334381707
4289.808019241705,4818.036239709851,-528.228220468146
4306.264514748091,5044.7836922619645,-738.5191775138737
4304.7889205447345,3594.579517560784,710.2094029839504
4317.081386659649,4412.330717543004,-95.24933088335456
4312.684437186713,4774.346001146075,-461.66156395936196
4296.3247671277995,4393.230461929075,-96.90569480127579
3574.606154172466,3684.0872624626927,-109.48110829022653
3592.033753407003,4404.389948677622,-812.3561952706186
4084.12474007034,3861.7578129168687,222.36692715347135
4102.48695168207,4410.649119187199,-308.1621675051292
4097.519655910627,4444.347534895283,-346.8278789846563
4110.026043373759,5066.475231482128,-956.4491881083686
4083.105327890985,4741.706097962158,-658.6007700711734
4098.748065394693,4965.767465699115,-867.0194003044217
4085.1500506411166,4745.355809656984,-660.2057590158674
4088.8104620931454,4957.125975550531,-868.3155134573854
4676.679618859058,3956.350089173278,720.32952968578
4653.402974481847,3972.868152576644,680.534821905203
4666.891428757576,3987.0059013246223,679.885527432954
4666.9079173137525,5059.487335074772,-392.5794177610196
4652.807849649381,4297.808310364579,354.99953928480227
4647.434420368745,4958.523689010325,-311.08926864158
4661.848907630178,4906.370870490302,-244.5219628601244
4664.763440378015,4982.373732917703,-317.6102925396881
4657.018172692741,4397.216784844633,259.8013878481079
3812.7197839998134,4610.227326693884,-797.5075426940703
3822.6878971912884,3964.149216623429,-141.4613194321405
3828.9764376450103,3992.721532439104,-163.7450947940938
3800.0768865148707,3617.1124464918703,182.9644400230004
3794.708630882123,4378.116420998493,-583.4077901163696
3816.394459448615,4950.81990210287,-1134.4254426542552
4392.233772546633,3840.93314340227,551.300629144363
4371.663187711228,4794.769842939364,-423.10665522813633
4374.480585498832,3696.6452746210116,677.8353108778201
4394.835578236498,4632.235461948461,-237.3998837119634
4371.566761896272,5042.101109923943,-670.5343480276715
4400.046272523215,4316.160578496272,83.88569402694247
4373.09907572244,3439.950620515925,933.1484552065149
4378.575735600815,5085.898335535399,-707.3225999345841
5023.199004411325,5055.692866620041,-32.493862208715655
5022.9820900801315,4768.759347970745,254.22274210938667
5016.586419805501,4766.304248162676,250.28217164282432
5014.229603817518,4234.682695206884,779.5469086106341
5014.028932708221,5051.71556995969,-37.68663725146871
5030.339128296016,4629.987765418548,400.3513628774672
5010.163441757439,4130.797281127693,879.3661606297455
5016.298039074396,5046.7831423210255,-30.48510324662948
4991.502825437499,4775.638804630331,215.86402080716834
5006.818299475441,4114.425271967682,892.3930275077582
4370.130343352559,4800.978011410753,-430.84766805819436
4377.512470924541,4612.442485224146,-234.93001429960532
4370.746493429793,3430.9157009103974,939.8307925193958
4374.250178795874,5034.503453266638,-660.2532744707642
4364.2490730404825,3935.910429957856,428.3386430826263
4372.598499809655,4894.745156576232,-522.1466567665775
4369.811091323924,5044.146187426819,-674.3350961028946
4377.343115919491,3871.9470424613332,505.3960734581574
3803.8295566440993,4607.21203146745,-803.382474823351
3802.771227838666,3970.158477264592,-167.3872494259258
3802.9351384799975,3481.025593770992,321.90954470900533
3819.9470818068985,4265.633376890433,-445.6862950835348
3804.383351092417,3972.4872026591133,-168.10385156669645
3812.8765953696106,5052.074387804817,-1239.1977924352063
3361.4525753358766,4617.28204312062,-1255.8294677847434
3362.7033872698644,3972.0075665196546,-609.3041792497902
3363.3306466439603,4406.258900167333,-1042.9282535233729
3364.681432630654,4267.082618580431,-902.4011859497768
3367.7961959280024,4800.93143438805,-1433.1352384600473
3355.468494021927,4967.375085034646,-1611.9065910127188
3374.611310940556,4035.0552004177953,-660.4438894772393
3348.6452911166257,4115.683441862364,-767.0381507457382
3358.6938301540094,3846.407747345534,-487.7139171915246
3362.448805512697,4972.193312104661,-1609.7445065919642
3363.6526588561646,4981.856828790188,-1618.2041699340234
3346.205504981053,5038.661777795906,-1692.4562728148535
3357.735696308212,4164.111549797238,-806.3758534890258
4303.116495999093,5047.589427158707,-744.4729311596138
4300.054076212166,3971.1192180507283,328.9348581614381
4303.402656673214,4976.040202930705,-672.6375462574915
4301.732032308522,4609.3644991969695,-307.6324668884472
4297.234764245841,4749.935346340181,-452.70058209434046
4311.351507328658,3837.070234368782,474.2812729598759
4290.8062732202625,3686.101140659831,604.7051325604316
4305.038836176728,4766.951488904822,-461.91265272809414
4314.372033954609,4123.486971310596,190.88506264401258
4287.800202171631,4956.152114255537,-668.3519120839055
4317.245209815941,4531.8515744817105,-214.60636466576943
4298.827551289092,4251.385349083359,47.44220220573334
3588.2474757499417,3613.765129500681,-25.5176537507391
3608.0521512142805,4436.094196966155,-828.0420457518749
4085.7998845796237,4392.84169607449,-307.0418114948661
4086.1657888119366,4256.901260453573,-170.7354716416362
4089.284419704698,3827.280177933263,262.00424177143486
4096.799504192866,3691.825265498517,404.97423869434897
4081.8280582149036,3465.1631684409085,616.6648897739951
4088.8083774730394,4758.7294033585995,-669.9210258855601
4101.582552298443,4422.696020589162,-321.11346829071863
4099.703516225874,4237.876766367536,-138.1732501416618
4665.503132529382,3844.261606721356,821.2415258080259
4664.482970265651,4976.024719692186,-311.5417494265357
4659.973375495847,5041.709325927242,-381.7359504313954
4657.7007224044055,4228.419643912116,429.28107849228945
4672.819378225621,4244.8488161439,427.97056208172125
4661.0665614014915,3979.1642231676474,681.9023382338441
4657.7859160542985,4405.429071386597,252.3568446677018
4648.619347886164,5041.892109803616,-393.27276191745204
4650.790983338394,4399.327375001154,251.46360833723975
3792.3059302930997,3604.9298001597717,187.37613013332793
3808.8050306415053,4404.414243106335,-595.6092124648294
3813.0338464549704,4897.085727488709,-1084.051881033739
3816.4707780786075,4774.035693273785,-957.5649151951775
3815.331735526442,4838.585048991605,-1023.2533134651626
3805.522250619905,4606.222544200566,-800.7002935806604
4383.7095418807885,4980.599383958969,-596.8898420781807
4365.243196828061,4246.555487511567,118.68770931649397
4376.530782399942,4303.350356688743,73.18042571119895
4374.901599096767,5041.645979917364,-666.7443808205962
4387.661388659963,3353.1615984282316,1034.4997902317318
4377.4771709370925,3824.440474065368,553.0366968717244
4362.546402318345,4388.194670203407,-25.648267885062523
4379.267276187171,5057.597860028091,-678.3305838409206
5014.311093194556,4835.737452921392,178.57364027316362
5015.888978210173,5087.7066866322775,-71.81770842210426
5014.895094395166,4103.368367651619,911.5267267435465
5032.239030578283,4806.957271173669,225.2817594046137
5013.733093335181,5051.56346125449,-37.83036791930863
5014.17397240654,3697.650974243124,1316.522998163416
5008.132542599134,4249.77030155077,758.362241048364
4994.9363691364815,4881.398276460098,113.53809267638371
5006.341480090631,5038.875428401536,-32.533948310904634
5013.337515222957,4249.894355598466,763.4431596244913
4384.423065401353,4120.477551511175,263.9455138901776
4379.004635118132,4895.824014791123,-516.8193796729911
4369.931685001958,5031.563637117014,-661.6319521150563
4386.3856483165255,4270.680295030323,115.70535328620281
4369.0327603403675,5058.362819701138,-689.3300593607701
4379.819402542864,3760.802723416579,619.016679126285
4365.2123200842225,3673.359363814085,691.8529562701374
4389.690704580014,4247.615747014941,142.07495756507342
3810.382719194963,4512.274770404936,-701.892051209973
3820.9527411564673,5071.561482188348,-1250.608741031881
3819.9470818068985,3626.9130494082747,193.03403239862382
3822.1778355797524,4417.626838224621,-595.4490026448684
3816.8048095219638,3417.547273726448,399.25753579551565
3811.699603173201,4170.825692634338,-359.1260894611373
3359.1667200915244,4967.19656875512,-1608.0298486635957
3355.265490332921,4896.298589462837,-1541.033099129916
3359.802508361591,5110.77233206752,-1750.9698237059292
3354.3213313764095,4509.539977653406,-1155.2186462769964
3381.295596394031,4779.7452292877715,-1398.4496328937407
3356.516274372068,4766.763982378224,-1410.2477080061558
3364.258444550806,3841.3102753660173,-477.05183081521136
3378.233691650933,5131.005139245761,-1752.7714475948278
3368.1567915597016,4415.831709447654,-1047.6749178879527
3358.923289557975,5118.416695880891,-1759.4934063229161
3363.138174946494,5050.596673933489,-1687.458498986995
3372.5230523878317,5125.078742908223,-1752.5556905203912
3361.5215193909557,4890.616020354206,-1529.09450096325
4303.116495999093,4253.751688698656,49.36480730043695
4305.731938837126,4693.185514707402,-387.4535758702759
4298.407646236756,4961.406494348048,-662.9988481112923
4306.911121949483,4766.53345315204,-459.6223312025577
4297.346877508889,5038.335621010297,-740.988743501408
4308.36823762773,4769.799510340197,-461.43127271246703
4298.292330277167,5036.6005575871295,-738.3082273099626
4321.539638814946,3422.2141265562823,899.3255122586634
4298.360928716849,5048.48157662473,-750.120647907881
4307.068913510427,4408.105921352632,-101.03700784220564
4327.191888552019,3323.195632043675,1003.9962565083442
4307.780892151487,3825.896978298654,481.88391385283285
3593.9622855717435,3834.2141756651313,-240.25189009338783
3589.3797242180367,4111.866564875374,-522.4868406573373
4093.1710657115427,4306.031008526473,-212.85994281493004
4093.7572500926485,4291.91101068311,-198.15376059046184
4083.0544562495,4432.725869016991,-349.6714127674909
4094.170311457161,4399.9130076952415,-305.7426962380805
4102.562996259401,4418.312717083913,-315.7497208245122
4087.19562296369,4756.247150586261,-669.0515276225715
4083.7759313546762,4391.808270788604,-308.032339433928
4099.4123669900255,4265.817640667076,-166.4052736770509
4662.502555958887,3763.942812811486,898.5597431474007
4661.493527714404,4794.896305114945,-133.4027774005408
4660.949754054123,4117.154249722506,543.7955043316169
4668.920807791666,3801.9161453544457,867.0046624372208
4674.488369253656,3857.5336220989307,816.9547471547253
4644.53610255513,3816.9641093678956,827.5719931872345
4664.472394712523,3628.328318350565,1036.144076361958
4649.003399853246,4505.384281196557,143.61911865668935
4659.579660752432,5042.530908828594,-382.9512480761623
3816.5302352719227,3849.480449967805,-32.950214695882096
3806.410838665922,4828.560526273759,-1022.1496876078372
3810.138456040493,4965.268933870069,-1155.1304778295762
3814.4118673284015,5058.16569606202,-1243.7538287336188
3806.115932964812,3302.918143419572,503.1977895452401
3801.556049161456,4292.30995639128,-490.7539072298241
4374.439084197693,4375.024793216696,-0.5857090190029339
4379.547838831641,5047.763433357622,-668.215594525981
4365.154349590956,4499.852887948931,-134.69853835797494
4378.433611786727,5121.997203382781,-743.5635915960538
4408.712581801643,4005.1314971802217,403.58108462142127
4368.5121964870805,3484.6433582057766,883.8688382813039
4385.616920206655,4405.555729120305,-19.938808913650064
4370.601711165726,3934.54481092924,436.0569002364855
5024.73006408344,3771.428246289284,1253.3018177941562
5015.96740110309,4974.065389734219,41.90201136887117
5020.517689479611,4260.467959650205,760.0497298294067
5013.329310783857,3835.185849684769,1178.1434610990882
5030.326535295678,4629.896043052063,400.43049224361494
5037.958427255915,4625.59184032117,412.3665869347451
5034.634021682232,4778.606302817265,256.027718864967
5019.190594687973,4291.298599030392,727.891995657581
5029.926718348213,4624.595473558476,405.33124478973696
5021.955008887555,4171.843465514671,850.1115433728837
4374.656023800792,4972.470118621785,-597.814094820993
4379.070815070704,4018.6688033923206,360.4020116783836
4376.939723334442,3621.9442834564247,754.9954398780169
4382.664168668384,4481.424411042884,-98.76024237449928
4362.341354046551,4238.209221639607,124.13213240694404
4384.051818371709,4402.879022333523,-18.82720396181412
4374.047912931903,4891.747376650205,-517.6994637183025
4372.983304140583,4402.005668086989,-29.022363946406585
3811.8504534375743,4333.708174760038,-521.8577213224635
3805.3689120701297,4391.51613115342,-586.1472190832906
3804.383351092417,3616.852376809508,187.53097428290903
3816.8048095219638,5126.050522919023,-1309.2457133970593
3809.985292991013,5056.115303435356,-1246.1300104443426
3816.635031563304,4969.8324256804535,-1153.1973941171495
3353.795597876653,5102.823510599783,-1749.0279127231297
3354.3586632963793,5111.23161868033,-1756.8729553839507
3352.4642869128884,3677.6759496149793,-325.21166270209096
3348.9677297632948,4750.746444428042,-1401.7787146647474
3347.7296228090972,4227.590083807991,-879.8604609988934
3363.688960915468,4436.345560946954,-1072.6566000314856
3376.225396423593,4632.759448768104,-1256.5340523445116
3348.9662833441575,4747.770147851322,-1398.8038645071642
3355.5018550386776,4688.637698475147,-1333.1358434364693
3369.407488789138,4520.864408753162,-1151.456919964024
3361.237496607104,5043.276520986,-1682.039024378896
3360.132225609675,3835.8005750084812,-475.6683493988062
3364.1607399806085,4277.398370420377,-913.237630439769
4303.116495999093,5052.032770114607,-748.9162741155142
4301.829106466619,5088.789163437939,-786.9600569713202
4295.445665912714,4228.752227433218,66.69343847949585
4312.274139094733,5017.860937915678,-705.5867988209448
4298.241370245814,3867.2864538636627,430.9549163821516
4299.119033121689,4400.0496070595955,-100.93057393790605
4294.53037393166,3818.340039664358,476.19033426730175
4303.323480609041,4229.436746156877,73.88673445216409
4307.00905900782,3933.72752204055,373.28153696726986
4296.165322922036,4597.658483319855,-301.49316039781934
4316.026053481941,5051.9964316979485,-735.9703782160077
4301.487917714569,4406.904271395246,-105.41635368067637
3603.529218772427,5064.322777501857,-1460.7935587294296
3602.5228506767367,4990.834331322969,-1388.3114806462322
4099.778274040468,5057.565546199262,-957.7872721587937
4096.472088592428,3977.43936464606,119.03272394636815
4089.417336784948,3867.9605157931023,221.4568209918457
4081.0352535981237,3475.0376864222044,605.9975671759194
4077.4423111246324,3962.6293973920174,114.81291373261502
4090.1285949921535,3760.510801036577,329.6177939555764
4088.959373558851,5037.396210847634,-948.4368372887834
4087.993754022302,5044.175802858109,-956.1820488358071
4666.598550305854,5054.732935596341,-388.13438529048744
4655.673684901663,3410.578977136696,1245.0947077649676
4650.480224395254,4250.177443520612,400.30278087464194
4661.297966442511,5051.460035408125,-390.1620689656138
4671.884714403442,4620.275338100727,51.609376302714736
4657.4136239186455,3690.7029156552003,966.7107082634452
4655.77303562747,3968.134424597152,687.6386110303179
4674.424544236835,4847.624447045431,-173.19990280859656
4659.6577655753,4253.016233915032,406.6415316602679
3819.4810846850896,3710.69966567043,108.7814190146596
3817.1705118468158,4769.017289726949,-951.8467778801328
3816.4707780786075,3987.3991419542645,-170.92836387565694
3807.902663698798,3683.0170111367916,124.88565256200627
3820.4414693320678,4408.263769912505,-587.8223005804375
3804.6793711831856,3291.351384575769,513.3279866074167
4376.275302992632,4615.946126950858,-239.67082395822672
4375.97340642976,4760.924749765256,-384.95134333549595
4379.171506084723,4978.739689695419,-599.568183610696
4363.010470504897,4389.736945010613,-26.726474505716396
4371.4366824037525,5032.825720356395,-661.3890379526429
4374.685914066651,4755.675480976174,-380.9895669095231
4374.935624377654,4254.890064669128,120.04555970852562
4382.699012220202,3842.3368806797093,540.362131540493
5037.874538959668,3783.301488157969,1254.573050801699
5025.610271842354,5060.15487162236,-34.54459978000523
5029.1728932596425,3627.8555273249085,1401.317365934734
5017.203560155658,4106.053100791376,911.1504593642821
5008.034930620615,4245.597992982923,762.4369376376926
5029.208889113597,3882.1518593109845,1147.0570298026128
5020.088080949035,4511.514874960768,508.57320598826755
5013.541983580439,4972.180218571731,41.36176500870806
5022.565898431493,4415.708837515829,606.8570609156641
5017.761509453945,3767.3921944097083,1250.3693150442368
4383.995429249518,4519.063158335494,-135.06772908597668
4375.790363182793,4396.179040110738,-20.3886769279452
4396.1163366463525,4455.7215290493195,-59.60519240296708
4370.887319957037,4680.698090767072,-309.81077081003514
4380.033330789216,4438.907545443202,-58.8742146539862
4403.890945255308,5143.82514561366,-739.9342003583524
4376.389034358965,3609.2527333311496,767.1363010278151
4399.547483936861,3812.96954870829,586.5779352285708
3812.0608862228623,4266.2347009402865,-454.1738147174242
3806.387879883643,4003.3091479145965,-196.92126803095334
3812.8765953696106,4616.826916566378,-803.9503211967672
3811.699603173201,4615.907405172837,-804.2078019996356
3816.635031563304,5058.889420642299,-1242.2543890789952
3810.6927025257796,4683.064283373025,-872.3715808472457
3364.510961915567,3708.701845568622,-344.19088365305515
3356.267975465113,3836.7071597908093,-480.43918432569626
3338.3692921753045,4493.727073331032,-1155.357781155728
3358.3112077073133,4997.460342910211,-1639.1491352028975
3364.16555166362,3847.7822678739003,-483.6167162102802
3363.2240819354683,3845.207706805819,-481.98362487035047
3364.556595473608,3981.119307112647,-616.5627116390392
3370.376938098017,5125.929263454149,-1755.5523253561319
3366.291481218063,4414.026879332746,-1047.735398114683
3356.1855113623396,4434.233273480006,-1078.047762117666
3350.445859903249,5045.286922271123,-1694.8410623678742
3361.4626825997416,4978.359087347104,-1616.8964047473623
3358.1687471392033,4398.062455245621,-1039.8937081064178
4303.116495999093,3866.390211189358,436.7262848097348
4308.719598489374,3626.383768987595,682.3358295017792
4297.774278676426,4253.983325961083,43.79095271534243
4289.840150406577,3600.572157948657,689.2679924579197
4310.240963913984,4766.9568038711595,-456.7158399571754
4296.635300476409,4180.427742981792,116.2075574946166
4299.140239500409,5036.195308371815,-737.0550688714065
4303.854012521133,4968.351446197556,-664.4974336764226
4293.009097208368,3819.987010025297,473.0220871830711
4312.56580901703,4764.967820639928,-452.4020116228976
4309.734908815374,4414.079061750975,-104.3441529356005
4299.67228828977,4250.108966251464,49.56332203830607
3597.6123818177903,5058.781138148455,-1461.168756330665
3587.942908744303,3971.5070759522937,-383.5641672079905
4079.597490575493,5069.108953529722,-989.5114629542295
4085.5843651725945,3699.4873165564945,386.0970486161
4095.4123551885564,5061.579236568768,-966.1668813802112
4093.321809545286,4765.316344401472,-671.9945348561855
4100.510122756556,4985.492952240154,-884.9828294835988
4093.2359364470617,5129.2267759203105,-1035.9908394732488
4084.4585180169065,5032.787010845267,-948.3284928283606
4086.6156264179685,5115.901245668758,-1029.2856192507893
4664.482970265651,4171.948589654055,492.53438061159613
4665.992253648105,4768.809469518692,-102.81721587058655
4647.047497916857,5037.369323072999,-390.32182515614204
4643.197654475951,4745.735848438406,-102.5381939624549
4658.802351130646,4408.610568620742,250.19178250990353
4653.4472387576625,4969.175061999875,-315.72782324221225
4648.994653716998,5046.564688088203,-397.5700343712051
4659.054775166143,4612.157543126468,46.897232039675146
4668.497234788072,4839.765095122315,-171.26786033424287
3804.23071002255,4103.515054846539,-299.28434482398916
3813.1721413860587,3294.6742350914556,518.4979062946031
3793.786639553846,4651.487203014823,-857.7005634609768
3811.1107270090215,4191.711040246928,-380.60031323790645
3816.3449820583965,5058.75118375925,-1242.4062017008537
3824.4874231028352,4272.915261100667,-448.4278379978314
4359.456847827948,4494.541888311367,-135.0850404834191
4371.240409972949,4153.109511710208,218.13089826274154
4375.778744336639,5039.82802046358,-664.0492761269415
4379.250519346543,3843.5827312952733,535.6677880512698
4360.579963875772,5031.955113696733,-671.3751498209613
4381.637449504566,3846.9085952386336,534.7288542659321
4382.360167245422,4263.695438114978,118.66472913044436
4380.082001615806,3302.5781516609413,1077.5038499548646
5020.507180689555,4808.948677054249,211.5585036353059
5014.894223021762,4301.742694032786,713.1515289889758
5017.924691084272,4579.769015221324,438.15567586294856
4993.734807751948,3757.2343423347966,1236.5004654171516
4997.573361922889,4425.280654603917,572.2927073189712
5025.449764647875,4910.592291009246,114.85747363862902
5009.24923716055,4611.722174575223,397.52706258532726
5013.318392788521,5039.605583942076,-26.287191153554886
5021.0013558193095,4261.703013575284,759.2983422440257
5011.631876544453,3981.4089748131532,1030.2229017312998
4377.870744677847,4405.249835778513,-27.3790911006663
4379.2279053722705,4969.702357993089,-590.4744526208187
4381.260026445762,4261.34551054223,119.91451590353245
4366.869124621367,4387.009218635038,-20.140094013671842
4367.433376828845,4426.03896477935,-58.60558795050474
4377.888089448704,5069.9748220419215,-692.0867325932177
4384.902245628128,4340.654500713992,44.24774491413609
4383.880848948118,3945.8403128023824,438.0405361457356
3801.2185420303795,4396.197084188627,-594.9785421582474
3811.7873262156318,5044.201583381648,-1232.414257166016
3811.2534271531044,5052.275012990834,-1241.0215858377292
3808.630665005094,3971.5499867480758,-162.91932174298154
3802.14787568426,4503.453603286716,-701.3057276024565
3815.571164617375,5052.047406832365,-1236.4762422149897
3350.5949612222025,3823.2696092307892,-472.6746480085867
3348.3767264261396,4965.268472038417,-1616.8917456122772
3361.6600980276357,3831.079344583957,-469.41924655632147
3373.0842060513487,5072.0828439005045,-1698.9986378491558
3348.363592991787,4107.563433610929,-759.1998406191419
3353.4063196280995,4431.400588975875,-1077.9942693477751
3358.591185657486,4957.594774102063,-1599.0035884445765
3367.282241460412,3774.203554498109,-406.921313037697
3373.9733089038405,4306.260577507303,-932.287268603463
3360.041944629681,4609.792187967347,-1249.7502433376658
3353.1771214138153,4961.1469361874915,-1607.9698147736763
3363.691712005213,3625.8058187191054,-262.1141067138924
3348.553824281591,3285.203251604547,63.350572677044056
4303.116495999093,4410.233375847595,-107.11687984850232
4309.415310504878,4935.8194293122315,-626.4041188073534
4291.709747093017,5050.601160168671,-758.8914130756548
4295.416136728206,3689.7001796719783,605.7159570562276
4303.8697634362725,5117.4127334572995,-813.542970021027
4300.402332305721,4439.805777640368,-139.40344533464759
4298.411139584797,4961.4545943435805,-663.0434547587838
4298.118813733195,5037.118456869382,-738.9996431361869
4301.395632652244,5041.053625507777,-739.6579928555329
4277.248930482377,4234.4300406178745,42.818889864502125
4319.873863621914,3849.224073213639,470.6497904082753
4305.020454318771,4260.7124035118995,44.308050806871506
3590.913330594609,5043.702062417755,-1452.788731823146
3584.728761656718,4597.131304671051,-1012.4025430143333
4085.380991854217,3827.7665098880166,257.6144819662004
4088.3159738673,4611.038051843354,-522.7220779760542
4088.7795224972983,4258.918498496907,-170.13897599960865
4075.19725650369,3607.7820689983405,467.4151875053494
4088.5285852236443,3826.747530240525,261.78105498311925
4086.623199728088,4405.0215336043175,-318.3983338762296
4098.944344345854,4434.268712352787,-335.3243680069327
4107.645227758961,3626.869871080992,480.7753566779684
4669.086167478943,4625.216252775417,43.869914703525865
4657.910421785486,5051.741077413685,-393.83065562819957
4673.753694659795,5065.746658931105,-391.9929642713105
4666.616267972144,4402.584241956238,264.032026015906
4661.848907630178,4406.797713493988,255.05119413618922
4658.173315713147,4403.6620228217125,254.5112928914341
4653.9427774163705,4403.5375313070945,250.40524610927605
4677.413805911826,4461.132547587479,216.2812583243467
4653.2866105467365,4755.331833278969,-102.0452227322321
3796.3284754530114,4210.935755506735,-414.607280053724
3807.755582759156,4755.066216121378,-947.3106333622218
3815.331735526442,3119.7077951549836,695.6239403714585
3820.4414693320678,4767.456437086324,-947.0149677542558
3806.0570855241,4971.495829923384,-1165.4387443992841
3813.6588310056227,5045.031913970355,-1231.3730829647325
4396.2722892483935,4274.921430828565,121.35085841982891
4389.571976132906,5055.328840323504,-665.7568641905982
4400.046272523215,4424.93197923088,-24.885706707665122
4375.252382409451,3861.779218086284,513.4731643231667
4378.891247970976,4404.138794805351,-25.24754683437459
4398.934009002767,4851.849294694686,-452.91528569191905
4375.847498734822,3830.4112756921268,545.436223042695
4371.685682599862,4610.057532234111,-238.37184963424897
5009.269379243532,4189.97883795613,819.2905412874024
5027.438686805027,4989.392038618035,38.04664818699166
5011.811105415643,4971.066510734509,40.744594681134004
5024.760544982926,4984.313962974306,40.44658200861977
5034.092503834773,4426.502369338963,607.5901344958102
4997.602811239486,3613.094739919083,1384.508071320403
5014.752386650242,4398.862638353168,615.8897482970742
5013.00269176664,4758.040990255087,254.96170151155275
4999.174803409308,4156.608985004958,842.5658184043496
5002.047588157863,4291.824898234768,710.2226899230955
4380.081015790795,4236.308561647552,143.77245414324352
4380.281865643427,4771.249691247019,-390.96782560359134
4384.092601287639,3419.9599703019226,964.1326309857163
4377.396919436696,3291.2512173525324,1086.145702084164
4387.491339696088,4979.403874032994,-591.912534336906
4373.843162969472,4935.414398757891,-561.5712357884186
4372.628419468037,3124.1944897380395,1248.433929729997
4419.63094648516,4442.314122020365,-22.68317553520501
3807.4649848618533,4257.860592394775,-450.395607532922
3801.2442457309526,5041.80759795046,-1240.5633522195076
3809.5610944675163,3699.8731705314267,109.68792393608965
3800.6417450229815,4392.478621241834,-591.8368762188525
3805.131215457222,3941.9266358506143,-136.7954203933923
3803.704372851969,4600.375152716331,-796.6707798643624
3348.3767264261396,4474.294404508028,-1125.917678081888
3357.0897186374236,4400.723958246993,-1043.6342396095692
3366.303147257277,4958.466126119197,-1592.1629788619198
3356.0939798282316,4616.000914881257,-1259.9069350530253
3367.7736104500677,3635.5154121361093,-267.7418016860415
3363.0925396270286,4521.245505811916,-1158.1529661848872
3360.863819517318,3830.5822500742643,-469.71843055694626
3364.8618882577643,3845.4496938940465,-480.58780563628216
3355.602079118704,4970.397400616097,-1614.7953214973932
3345.239112566736,3926.4614405418783,-581.2223279751424
3364.503756101496,4830.33091235062,-1465.8271562491236
3356.9733799607484,5050.936367339902,-1693.9629873791537
3377.91257296884,4634.7412568280815,-1256.8286838592417
4303.116495999093,5048.7244492020845,-745.6079532029917
4311.283852400253,4980.89121864337,-669.6073662431172
4305.137014876075,5111.005375175462,-805.868360299387
4314.474013251609,4266.347293964294,48.1267192873147
4303.006358559958,3870.3182227557704,432.6881358041878
4309.506155071935,4837.633342405435,-528.1271873334999
4298.018082907908,3821.410049553434,476.6080333544742
4299.590167965073,5040.913387202879,-741.3232192378055
4314.0463937713985,4986.440824790727,-672.3944310193283
4300.541037835147,4893.319595269338,-592.7785574341906
4302.919730711271,4331.7698987693575,-28.850168058086638
4298.591842248842,4290.011831519284,8.580010729558126
3584.361813734259,4819.779166289142,-1235.417352554883
3581.275332893317,4952.822981125384,-1371.5476482320669
4085.911475997933,5055.205133571655,-969.2936575737222
4099.28153073203,5047.959307992195,-948.6777772601654
4089.8850892050773,4477.92528569112,-388.04019648604253
4093.9591060724124,4114.840020155087,-20.88091408267428
4101.974494241365,3197.8899873336145,904.0845069077509
4101.185137356653,5123.712511714481,-1022.5273743578273
4084.954944510141,5040.822765760803,-955.867821250662
4089.472418823669,4401.705401967845,-312.23298314417616
4651.667370851763,3761.3186791740386,890.3486916777242
4659.538552878923,4978.294422777367,-318.75586989844396
4664.98071508834,4526.495497463193,138.48521762514702
4661.07873673029,5067.916117462496,-406.83738073220593
4648.803525185277,4604.323509892007,44.4800152932703
4667.917243741498,5022.386135554393,-354.468891812895
4660.559174228578,3614.6723707690635,1045.8868034595143
4658.433868413105,3626.7163184068563,1031.717550006249
4659.957695699113,3594.3055421840095,1065.6521535151037
3805.284367638137,4787.473457571496,-982.1890899333584
3795.877694883048,3828.893851742359,-33.01615685931074
3805.079932629548,4688.844361809542,-883.7644291799938
3809.346259886593,4258.241557499671,-448.8952976130781
3822.7842429309208,4703.2597249951195,-880.4754820641988
3801.7631656639546,3933.5414259084514,-131.77826024449678
4375.04913168542,4250.82210901488,124.22702267054046
4377.084839664781,5010.268043221881,-633.1832035571006
4385.239238574491,3825.7620295488423,559.4772090256483
4379.164107314322,4837.486455841648,-458.32234852732654
4380.164961283297,3608.835113937541,771.3298473457562
4378.18896383494,3690.921303902906,687.2676599320343
4381.12212045981,3699.6341206349202,681.4879998248894
4378.988489014291,3704.9221436419725,674.0663453723187
5037.128046764675,3322.8228846759102,1714.3051620887645
5024.8005146542955,3800.28480769009,1224.5157069642055
5028.322707421728,4779.056740693696,249.26596672803225
4999.228508569424,5037.449391229582,-38.22088266015817
5015.673814212184,4964.4765218503,51.19729236188414
5023.232658945587,3989.360985942194,1033.871673003393
5008.367964371396,4426.333246605777,582.0347177656186
5020.175197792289,3979.6381406734795,1040.5370571188091
5020.605368240095,4118.988235432182,901.6171328079135
5017.713541294358,4980.966474651246,36.74706664311179
4377.6745121626145,4268.77645998196,108.8980521806543
4378.251096436147,5007.194352170253,-628.9432557341061
4383.665135972116,3977.735743828589,405.92939214352737
4381.802702136555,4760.429683355668,-378.6269812191131
4374.1579226809945,5042.684391376741,-668.5264686957462
4383.645840402791,4838.833156831062,-455.1873164282715
4368.498024945905,5034.397431802112,-665.899406856207
4373.643727423802,4232.885902965885,140.7578244579172
3806.066331213033,5045.2747319483615,-1239.2084007353283
3804.2614328149316,4230.302157655037,-426.04072484010567
3813.2553870860384,4438.910299361014,-625.6549122749757
3808.2946697615325,4187.66881034673,-379.3741405851979
3797.9226536151837,4999.517605761762,-1201.5949521465782
3787.3066833181397,4316.204971734248,-528.8982884161082
3361.6600980276357,4976.3709905875385,-1614.7108925599027
3366.303147257277,3835.42542302172,-469.12227576444275
3359.0826835130742,4617.3924158498085,-1258.3097323367342
3354.848575286575,4612.388175124983,-1257.5395998384079
3373.93392375972,4594.808170380888,-1220.8742466211684
3368.3049871080625,3772.311665684223,-404.00667857616054
3350.9901478132174,4115.298671761791,-764.308523948574
3361.1559981984256,3408.5384686177126,-47.382470419287074
3377.3918888546596,4826.752521861491,-1449.3606330068314
3347.4968171655387,3819.734875895693,-472.23805873015453
3357.191213449889,4428.793656598212,-1071.602443148323
3363.3207767166427,4439.811622243933,-1076.4908455272903
3364.420904675703,5052.54280286407,-1688.1218981883671
4303.116495999093,4109.709428052342,193.40706794675043
4304.411251631661,3935.115369962588,369.29588166907297
4281.783692335356,4943.1996643199445,-661.4159719845884
4298.16337886867,3592.652593981056,705.5107848876146
4313.451449913454,5130.5183181818065,-817.0668682683527
4298.32616219364,5112.838770560696,-814.5126083670557
4323.459454005717,4135.366659510484,188.09279449523274
4298.36604381159,4600.191772778856,-301.8257289672656
4312.267822650909,5058.681184536127,-746.4133618852184
4315.782886076818,4139.110735532145,176.67215054467306
4288.736260036888,4500.984337030765,-212.24807699387748
4308.463122216656,4264.5819671672525,43.88115504940379
3606.1585205524357,4812.263616227093,-1206.1050956746572
3582.8666116284594,4407.0097534844745,-824.1431418560151
4087.706163652514,4607.405210837328,-519.6990471848139
4101.648181283673,4417.047414038787,-315.3992327551141
4097.426827164595,4196.111624586079,-98.68479742148429
4077.4423111246324,4245.887628477927,-168.44531735329474
4091.4005029843574,5047.661909092188,-956.2614061078302
4096.063287498283,4412.060841317043,-315.99755381876
4081.75747838907,4960.997200190187,-879.239721801117
4099.946937838858,4267.730457017678,-167.78351917882082
4659.973375495847,5118.596204825097,-458.6228293292497
4647.047497916857,3964.6162076753503,682.4312902415063
4662.557194949228,4763.096278621347,-100.53908367211898
4668.429025157685,5123.267183039906,-454.8381578822209
4659.523991142852,4976.040729541643,-316.51673839879095
4656.453187141753,4801.555110495587,-145.10192335383363
4659.790043046366,4404.057253359981,255.73278968638533
4652.787955163106,4967.451760751203,-314.6638055880976
4648.529128870847,3861.7693646509047,786.7597642199421
3814.4985158782297,4015.430907788721,-200.93239191049133
3800.740299927043,4394.960775678909,-594.2204757518662
3805.522250619905,4251.2569847659115,-445.7347341460063
3804.6793711831856,4434.746244299245,-630.066873116059
3813.6588310056227,5053.478905453293,-1239.8200744476703
3807.000208409144,3944.9556683051915,-137.9554598960476
4383.075616431355,3703.743800012956,679.3318164183993
4370.014710970919,4248.241911793528,121.77279917739088
4385.27849767732,5064.081149013479,-678.8026513361592
4375.003826016801,4966.828458987112,-591.8246329703106
4388.160827287519,3843.0491373952696,545.1116898922496
4378.726456092092,5056.278045202069,-677.5515891099767
4393.704818940782,3361.1760065543026,1032.5288123864798
4398.621082266237,5064.857365031507,-666.2362827652696
5034.313550067277,4704.567798743818,329.74575132345944
4993.734807751948,5024.780353889965,-31.045546138017016
5019.940554839425,4764.267495484365,255.6730593550601
5012.656774431158,4258.3526178888005,754.3041565423573
5042.387840461723,3327.807589511421,1714.5802509503014
5016.874678179829,5042.08257247829,-25.207894298460815
5017.761509453945,3956.9092810937886,1060.8522283601565
5022.09871484433,3870.332021246518,1151.7666935978123
5005.509750014971,4749.777381655784,255.7323683591876
5008.549285497818,4107.379445599813,901.1698398980052
4379.819402542864,3843.6204866978246,536.1989158450392
4386.204551338868,3313.985261749986,1072.2192895888825
4391.729859238185,3426.611248959598,965.1186102785869
4393.912754164826,4421.765409333173,-27.852655168347155
4389.380454990984,3416.125689507984,973.2547654829996
4376.114454085482,4514.627919406549,-138.5134653210671
4370.192088800168,4755.762408306553,-385.5703195063852
4376.357346081801,4760.525876446501,-384.1685303647
3800.3813677779585,3693.0313844408306,107.34998333712792
3810.8460050177705,4621.054562799876,-810.2085577821058
3812.863460374665,3626.3420651306797,186.52139524398535
3805.8891639724784,5084.363469557012,-1278.4743055845333
3798.690319044651,4745.5748861060865,-946.8845670614355
3807.156906321885,4599.456750207694,-792.2998438858094
3373.0842060513487,3877.6513411701276,-504.5671351187789
3356.0939798282316,3758.145252043575,-402.0512722153435
3354.848575286575,3971.2374444131574,-616.3888691265824
3349.625285945373,3583.203198418912,-233.57791247353907
3351.3157612505074,4755.743840902978,-1404.4280796524708
3357.96876449501,4762.75675220813,-1404.78798771312
3369.3914974455433,3964.95133570656,-595.5598382610165
3347.202645696911,4108.01100653819,-760.8083608412785
3355.1210313418815,3972.7821939049413,-617.6611625630599
3360.7802245230014,3840.7542502965775,-479.97402577357616
3363.130801038026,3617.3367310987733,-254.20593006074705
3358.2789055176436,5008.65876206886,-1650.379856551216
3355.619662925383,3871.2464754304656,-515.6268125050824
4303.116495999093,4833.5511562980855,-530.4346602989926
4299.57110527981,4971.885163626089,-672.3140583462791
4304.591610272966,4763.578585766114,-458.98697549314784
4283.744230560534,4498.674915919135,-214.9306853586013
4309.810108815772,4803.1894684803665,-493.37935966459463
4294.347557564582,3824.1164434639077,470.23111410067395
4309.174122653477,4408.550464583108,-99.37634192963105
4294.155950916067,5037.577872656659,-743.4219217405916
4304.743937535218,5039.347316940443,-734.6033794052255
4306.082353118099,4117.685512969106,188.39684014899285
4294.589782799327,4398.346494889316,-103.75671208998938
4311.448397269982,2965.079196903404,1346.3692003665778
3584.50187599447,5105.019576214408,-1520.5177002199375
3589.866465567403,5109.655806143113,-1519.7893405757104
4094.543148343799,3736.6719393049584,357.8712090388408
4093.045688533459,4758.978265414212,-665.932576880753
4082.3602039724165,4889.660636928397,-807.3004329559808
4102.4320847971785,3854.511939247768,247.92014554941034
4094.1197578112883,3944.623404958797,149.49635285249133
4084.84061864574,4603.199711527411,-518.3590928816707
4092.384085795805,3831.609356537315,260.77472925848997
4083.3875043033013,3856.138301065399,227.2492032379023
4662.196561682089,5057.191285453039,-394.99472377095026
4664.137777999561,3125.507856884034,1538.629921115527
4661.112891173372,4111.835732526683,549.2771586466888
4645.905432172985,4423.655052887399,222.25037928558595
4657.9965126938505,4002.898459672473,655.0980530213774
4672.546004057105,4805.142840918377,-132.5968368612721
4661.10604897459,4264.680012082371,396.4260368922187
4672.35830985192,3751.213689006796,921.1446208451243
4663.467946788412,4404.758750008931,258.7091967794804
3798.8688176853257,4775.857885043877,-976.9890673585514
3811.021119792737,3473.6479193907303,337.37320040200666
3811.7601283010604,3766.470866484324,45.2892618167366
3796.426182204213,4456.791609841215,-660.3654276370021
3791.7955148929996,4778.268664863547,-986.4731499705476
3827.196717217612,4771.765442426065,-944.5687252084535
4385.394830491882,4411.6964882604825,-26.301657768600307
4375.253383622445,4619.554141112118,-244.30075748967283
4380.793109026449,4690.146126471929,-309.35301744547996
4378.177050206266,4835.661012069627,-457.4839618633605
4379.873435169597,4615.526046003205,-235.65261083360838
4385.227303685873,4130.753211378569,254.4740923073041
4373.503693326743,4608.392143401032,-234.8884500742888
4375.615147101583,4189.870670959464,185.7444761421184
5012.756283099954,4222.240681319469,790.5156017804848
5021.214494879873,4408.999822848569,612.214672031304
5007.651419874843,3933.629814135025,1074.021605739818
5031.152413860929,5062.3428932379375,-31.19047937700816
4998.473406807169,3330.4114123575637,1668.0619944496057
5018.3026471793655,4440.767239683626,577.5354074957395
5009.51485203516,3697.6892026549904,1311.82564938017
5012.290857969833,3869.6808625721396,1142.6099953976936
5016.994384915429,4235.480589529049,781.5137953863796
4991.54627713709,4228.965579788345,762.5806973487452
4388.864889341171,3630.0168610824094,758.8480282587616
4386.491182482499,4340.739884311133,45.751298171366216
4382.343668419883,5049.515465400973,-667.1717969810898
4374.980544818371,5050.539905741639,-675.5593609232683
4381.3129997153455,3694.4028028492244,686.9101968661212
4359.884599155353,5026.442896750269,-666.5582975949164
4370.50909222611,4966.84356108931,-596.3344688632005
4383.225549192541,4488.036936912994,-104.81138772045324
3810.2640919662254,5055.483089723763,-1245.218997757538
3814.435785442665,4263.5986750626635,-449.1628896199986
3820.169366603186,4666.427456990044,-846.2580903868584
3830.583890641144,4922.336308063234,-1091.7524174220903
3799.7173422161604,5043.030379542823,-1243.3130373266622
3814.5527540538674,4518.506070721956,-703.953316668089
3348.363592991787,3690.001278104988,-341.6376851132013
3367.7736104500677,3627.459388711147,-259.6857782610791
3373.93392375972,3844.769131304336,-470.83520754461597
3351.3157612505074,5122.255610894798,-1770.939849644291
3368.013949605471,4121.084650331236,-753.0707007257647
3347.3990144732156,3748.427697889498,-401.02868341628255
3355.396569648363,5033.956259151831,-1678.5596895034678
3355.4925532806315,5042.292924683558,-1686.8003714029269
3357.1939489578763,4898.122650937556,-1540.9287019796793
3371.3955167563972,4031.3487036856104,-659.9531869292132
3356.6391084038646,5121.292226741748,-1764.6531183378834
3355.299901262836,4605.878396999772,-1250.578495736936
3359.630277921608,4296.451580469532,-936.821302547924
4303.116495999093,4331.596214883892,-28.479718884798785
4297.69283754889,3109.8014182870447,1187.891419261845
4318.554045935862,5056.662768805725,-738.1087228698634
4314.299225756819,4815.747697960849,-501.4484722040297
4295.201709642741,3821.8827568104657,473.31895283227504
4311.385919237099,4416.98707773438,-105.60115849728118
4315.128351874566,4773.593144774365,-458.46479289979925
4297.766855199592,4610.288805097974,-312.52194989838154
4301.075016057556,3939.608322880332,361.46669317722444
4303.703861568404,5117.132863310692,-813.4290017422882
4303.460131770689,4115.095266196962,188.364865573727
4312.404154540729,3139.4983433794623,1172.9058111612667
3588.075093838803,3861.485358897099,-273.4102650582963
3590.775456092815,4435.408656594788,-844.6332005019731
4082.0919375977446,3693.1057386187003,388.9861989790443
4077.5116974702073,3607.8014199909658,469.71027747924154
4106.382723099493,5027.50174892019,-921.1190258206971
4086.2699456303208,4248.3907501502135,-162.12080451989277
4096.304220300358,4384.448740212959,-288.144519912601
4115.308473880687,4277.612802011694,-162.3043281310065
4108.4705770328055,4591.6430050177805,-483.172427984975
4099.215618838657,4835.8065989095,-736.5909800708432
4654.603154140212,3863.232172373801,791.3709817664108
4666.339015076246,4241.038706703219,425.3003083730273
4668.307070060649,4410.868856211705,257.43821384894363
4671.642909292367,3949.99627212629,721.6466371660772
4654.273424761666,4826.733743776528,-172.46031901486185
4662.00835087473,4519.311001004273,142.6973498704574
4654.827285214933,4753.2582762731245,-98.43099105819147
4670.341672790117,4985.020107266497,-314.67843447638006
4658.832627198423,4401.848451215344,256.9841759830797
3820.8205934782827,4127.113569087447,-306.2929756091644
3814.405030581032,4520.133318037425,-705.728287456393
3815.204135463727,5091.589193316845,-1276.3850578531178
3803.606751879288,5044.051927133204,-1240.4451752539162
3823.7122615955295,5066.825356840616,-1243.1130952450867
3813.417086670446,4768.604483801719,-955.1873971312725
4387.667261771641,5022.190254569214,-634.5229927975724
4379.280854030384,5124.112424952676,-744.8315709222916
4378.956959176992,4162.040002618962,216.9169565580305
4383.120997562815,5091.586740513529,-708.4657429507133
4369.184951621728,4957.522091407547,-588.3371397858191
4372.56750535421,4474.796137659084,-102.22863230487383
4388.726987166724,5062.3650834017435,-673.6380962350195
4371.826783000464,4182.973078038041,188.85370496242285
5015.493401518682,5054.386073135361,-38.892671616678854
5016.196300621955,5125.675574283874,-109.47927366191925
5004.913638267085,3620.3249468517215,1384.5886914153634
5007.777230791413,4257.788143783934,749.9890870074787
5000.318927918057,3281.751447711766,1718.5674802062908
4998.729596078829,4391.9518657387225,606.7777303401062
5025.030323029107,5059.527173593366,-34.49685056425824
5024.812082881237,4414.540649967988,610.2714329132486
5022.856507673198,4983.448748567523,39.40775910567572
5022.740651022769,4838.559498471082,184.18115255168686
4365.878702823931,5033.304296152403,-667.4255933284721
4366.133616912712,5034.453641026395,-668.3200241136838
4396.833241995686,4422.871933649071,-26.038691653385285
4377.10541691469,5046.721079408281,-669.6156624935911
4375.088495463367,4403.688514925959,-28.600019462592172
4374.96701847676,4257.5473518829385,117.4196665938216
4393.759185475662,3846.319489998319,547.4396954773429
4385.763155870605,5052.610862442617,-666.8477065720117
3791.100214304839,5038.97581986235,-1247.8756055575113
3800.9595107296655,4281.732629665902,-480.77311893623664
3801.933191702252,4243.547575356494,-441.6143836542424
3807.5291438055306,4764.094946381022,-956.5658025754915
3812.2041570901347,4192.53858172082,-380.33442463068513
3812.1719830618895,3349.3656590528503,462.80632400903914
3353.4063196280995,4248.988386745095,-895.5820671169959
3363.0925396270286,4771.368452917769,-1408.2759132907404
3368.3049871080625,4807.472661816233,-1439.1676747081706
3357.96876449501,5046.571439753793,-1688.6026752587832
3347.3990144732156,4746.657174787393,-1399.2581603141775
3375.664959532749,3993.1846644188245,-617.5197048860755
3343.8155149989666,4604.548392599434,-1260.7328776004674
3354.4872676055675,4261.635258945672,-907.1479913401045
3375.701164586274,5063.374121368199,-1687.6729567819248
3358.4447195777116,5043.997678526702,-1685.5529589489902
3369.4099511128106,3948.6388814832176,-579.2289303704069
3362.5402929932516,4259.890709842015,-897.3504168487634
3350.4566808796635,4963.474733441017,-1613.0180525613532
4303.116495999093,5047.874824471567,-744.7583284724742
4305.784618631498,4548.647998277547,-242.863379646049
4303.6558771328355,3765.9772135061285,537.678663626707
4302.240144130809,4513.902731532555,-211.66258740174544
4293.420588554587,4964.310848696586,-670.8902601419986
4299.083830444479,3440.442944872857,858.6408855716218
4308.0623859396,4765.072425590046,-457.01003965044583
4306.51228143603,3834.537826001073,471.97445543495724
4299.055490793366,4221.967620508103,77.0878702852624
4306.722155871735,3976.939877577509,329.78227829422576
4312.936347766077,3877.782170895579,435.1541768704983
4296.646518436456,3833.5266191085993,463.11989932785673
3590.3541598534753,5048.415488003341,-1458.0613281498659
3606.8430543351515,4776.582714947136,-1169.7396606119846
4088.3159738673,4972.26547056052,-883.9494966932202
4082.1191438846968,3613.382817533984,468.7363263507127
4098.793181271964,4120.029976355871,-21.236795083907055
4086.6446738181876,4535.714913545159,-449.0702397269715
4099.395486110132,3774.1320580188294,325.26342809130256
4083.2578695094057,4963.3787962404995,-880.1209267310937
4080.355120337359,4755.48024976346,-675.125129426101
4100.707275460227,4197.269220816415,-96.56194535618852
4657.7007224044055,4253.564709890905,404.13601251350065
4643.197654475951,5030.911068746829,-387.7134142708783
4668.429025157685,4401.673387725471,266.7556374322139
4667.970229560897,4412.407012611148,255.5632169497485
4657.018172692741,4800.299529515596,-143.28135682285483
4676.966810335657,5058.049111031025,-381.08230069536785
4653.2866105467365,4752.509334310762,-99.22272376402543
4678.852376923203,4428.243942281393,250.60843464181016
4678.885061561515,4918.152186512789,-239.26712495127413
3825.9790650617665,3992.8772027638643,-166.89813770209776
3822.4862817435082,4503.27895426654,-680.7926725230313
3806.041032331496,3826.9114334992764,-20.87040116778053
3801.6948736959994,3617.483833153531,184.21104054246825
3802.7645626526146,4970.038636938557,-1167.2740742859423
3810.8303093678855,3705.1858832637135,105.644426104172
4376.985289238115,3185.197936874303,1191.7873523638118
4370.4827846157,3821.3538151818725,549.1289694338279
4382.628903450273,4116.262434587114,266.36646886315975
4369.576077589077,5029.709374290007,-660.1332967009303
4387.274472742224,4846.8096910438335,-459.53521830160935
4378.600673983379,4406.279012430394,-27.67833844701454
4364.880792941836,5076.212414669274,-711.3316217274378
4376.347754303212,3697.650974243124,678.6967800600883
5017.831587377557,5057.091362965305,-39.259775587747754
5025.449764647875,4057.20758293389,968.2421817139848
5002.636912183111,4964.23795642825,38.39895575486116
5016.874678179829,3838.374285830786,1178.500392349043
5029.0217435106315,4991.772528053252,37.24921545737925
5031.18591127594,3190.233766111438,1840.9521451645023
5023.671888738981,3742.6997401304807,1280.9721486085
5007.907425077869,4249.610161022513,758.2972640553562
5008.572466721737,4115.661697608186,892.9107691135514
5025.72666959177,4632.513315066523,393.21335452524636
4398.861499281865,4425.99623438515,-27.134735103285493
4373.843162969472,4255.82471680022,118.01844616925246
4379.702732008712,4237.07828658153,142.62444542718185
4372.657145350927,3792.9544803091458,579.7026650417811
4400.0140563684445,3509.6548279627127,890.3592284057318
4379.844261041263,4408.481786896206,-28.637525854943306
4387.401154379477,4268.142738665224,119.2584157142528
4358.827394624746,4732.98176409139,-374.1543694666434
3816.881347260022,3837.360828103169,-20.47948084314703
3804.3852429633293,3824.3340669260633,-19.948823962733968
3824.458760647526,4534.8152030709125,-710.3564424233864
3822.6079220543056,4270.282721290959,-447.67479923665314
3830.6660941179207,5067.83915954905,-1237.1730654311295
3813.0528572791936,5118.563958020299,-1305.511100741105
3358.591185657486,4754.100961599374,-1395.5097759418882
3360.863819517318,4520.529167726671,-1159.6653482093534
3350.9901478132174,4771.369659256762,-1420.3795114435447
3369.3914974455433,3744.2569269877267,-374.8654295421834
3355.396569648363,4476.963230687466,-1121.5666610391036
3343.8155149989666,3744.956308215706,-401.14079321673944
3342.9129038334145,4002.1547659454554,-659.241862112041
3360.603583836184,3841.412202976234,-480.8086191400498
3358.6987159735863,4488.941006646342,-1130.242290672756
3369.0435641366976,3949.271657589477,-580.2280934527794
3342.624948929379,3452.063321562507,-109.43837263312798
3365.2813227848387,4417.45990025897,-1052.1785774741315
3363.8517649098435,5117.007220424114,-1753.1554555142707
4303.116495999093,4396.968908357061,-93.8524123579682
4286.168822062404,4586.975047002514,-300.80622494011004
4299.1307989723855,5036.171743057909,-737.0409440855237
4288.076286666643,4420.319356932267,-132.24307026562383
4288.318547974736,4750.6540598629645,-462.3355118882282
4309.161823364505,4402.1025636343475,-92.94074026984254
4311.610619603318,4945.742827316644,-634.1322077133264
4312.980608396678,5057.965226277377,-744.9846178806993
4322.344433216796,4849.767562463221,-527.4231292464256
4293.574180113226,4961.013525178818,-667.4393450655916
4311.257503211461,4406.670057151807,-95.41255394034579
4303.585616544259,4511.019821586647,-207.43420504238748
3591.562344822927,4249.979754401471,-658.4174095785438
3591.561048035411,4323.244373683602,-731.6833256481909
4088.983292059188,5044.5927145826,-955.6094225234119
4085.8627875643588,3864.5548857465683,221.30790181779048
4076.135722300458,3458.0041547968094,618.1315675036485
4090.1285949921535,4110.035619228653,-19.907024236499183
4096.063287498283,4628.846813150901,-532.7835256526178
4096.690844229905,3829.638507118809,267.0523371110967
4081.8453558097676,4433.053491134665,-351.2081353248973
4091.5118737291095,4761.17614400988,-669.6642702807703
4658.473239030796,4395.043950599687,263.42928843110894
4663.040036294455,4240.171686930364,422.86834936409105
4646.531962048009,3858.150570404854,788.3813916431545
4665.478359699688,4761.776701237058,-96.2983415373701
4657.380308219439,4758.1754959435475,-100.79518772410847
4670.636775360741,3310.127859818272,1360.508915542469
4669.783798010495,5061.611981281756,-391.82818327126097
4644.03580809358,3429.226718302089,1214.8090897914913
4667.363049081272,4520.928794516611,146.4342545646614
3804.425117254196,4257.324940162577,-452.89982290838134
3803.358078230244,3823.493954564555,-20.135876334311433
3795.5759599272387,4463.028133423753,-667.4521734965147
3802.624118226551,4438.49465650025,-635.8705382736989
3823.0699972148527,4344.337176225901,-521.2671790110485
3800.86811923524,3479.0873830819505,321.7807361532896
4379.280854030384,4512.941099610732,-133.6602455803477
4387.493585593412,4975.654569860015,-588.160984266603
4387.108936136373,3766.394509441842,620.7144266945311
4377.513438529966,4608.422231898475,-230.90879336850867
4381.648252955837,5010.200054877964,-628.5518019221272
4378.043224416923,4262.147184910892,115.89603950603123
4357.892905212397,3956.736969966647,401.1559352457498
4375.477566367104,4396.090745361341,-20.613178994236478
5022.244201448004,4267.988027262382,754.2561741856216
5009.0034458968885,4245.224239768679,763.7792061282098
5024.994676769035,4417.319915546533,607.6747612225026
5015.737678053552,3872.806291991889,1142.9313860616635
5016.595712582899,3867.6956162893393,1148.9000962935597
5005.61400435169,4750.62094604625,254.99305830544017
5035.356070748771,3774.8110549228836,1260.5450158258877
5001.537983652692,5039.485757641788,-37.94777398909628
5012.334816020276,4399.992315002372,612.3425010179035
5029.7563200050945,4983.379158493884,46.37716151121094
4377.875350907485,4401.252910353025,-23.3775594455401
4366.776482264224,5028.0252319589235,-661.2487496946997
4378.210542204113,3872.970355584705,505.2401866194082
4374.541121319195,4752.622562334594,-378.0814410153989
4370.100296321396,3862.083074796065,508.017221525331
4392.960823101165,3626.2505912450683,766.7102318560969
4381.900133393066,4837.929099647782,-456.02896625471567
4362.934827247615,4391.014361295382,-28.079534047766174
3816.306581736855,4119.189913162552,-302.8833314256972
3812.4883739022375,5119.953600004092,-1307.4652261018541
3798.7162163656885,4752.73806992486,-954.0218535591712
3829.1065705249725,3641.6936168433094,187.4129536816631
3796.581956127386,4604.3909112369365,-807.8089551095504
3820.07021160138,3634.533761016446,185.53645058493385
3367.282241460412,4843.500859414337,-1476.2186179539253
3364.8618882577643,3691.8659491270387,-327.0040608692743
3361.1559981984256,4188.643739966259,-827.4877417678335
3347.202645696911,3294.660568786353,52.54207691055808
3355.4925532806315,4251.893082920762,-896.4005296401306
3354.4872676055675,4237.636599276679,-883.1493316711112
3360.603583836184,4252.7070579422225,-892.1034741060384
3351.9378326448905,4420.994867900916,-1069.0570352560253
3354.665367508127,5046.590005534093,-1691.9246380259656
3359.7183861134777,5113.70186956666,-1753.9834834531825
3355.124998720134,4256.789161990617,-901.6641632704827
3362.8667503400525,3760.913626982356,-398.0468766423037
3361.2255785281986,4440.723301134125,-1079.4977226059264
4303.116495999093,4803.032345756361,-499.915849757268
4308.127741859907,5118.651148218601,-810.523406358694
4307.554582319432,3704.0505995230733,603.5039827963583
4306.401574179712,4408.068073276108,-101.66649909639636
4300.208108029077,4511.612298283257,-211.4041902541794
4298.647357094811,4480.796222011757,-182.14886491694597
4305.038836176728,4406.469390902632,-101.43055472590368
4298.888049984542,4965.265090909131,-666.377040924589
4314.936742473788,5124.207761474587,-809.2710190007983
4303.175559987756,4297.016631782941,6.158928204815311
4305.020454318771,4336.837744189391,-31.81728987061979
4300.9050912092125,4605.309197408345,-304.4041061991329
3587.952609374749,3615.0336672051085,-27.08105783035944
3586.696113716203,4255.103674207651,-668.4075604914483
4084.615948555834,4751.236751016075,-666.6208024602406
4095.229803491078,3833.929971611781,261.299831879297
4085.2296982953953,4507.9989714494295,-422.7692731540342
4094.318578561375,3946.5960593092036,147.72251925217142
4099.703516225874,4810.676683321353,-710.9731670954789
4117.457701828086,5142.298157325752,-1024.840455497666
4107.594748985896,4764.613249660392,-657.018500674496
4111.860891055825,4770.882476584563,-659.0215855287379
4677.895216402498,5100.284548276449,-422.38933187395105
4667.801729404702,5122.093662247607,-454.2919328429052
4657.7859160542985,4570.247033814641,87.53888223965714
4673.950351636419,4127.069152625208,546.8811990112117
4666.498647957772,3312.4477815593423,1354.0508663984297
4664.732292813664,3830.7567997927868,833.9754930208769
4655.722799394469,4397.322628118639,258.40017127582996
4645.933247296517,4748.939522785839,-103.00627548932152
4665.364490001031,3627.834736795553,1037.5297532054783
3816.3104953137145,3489.472670063701,326.83782525001334
3814.889695823411,4416.01074413828,-601.1210483148689
3799.1119951664414,4756.04919168719,-956.9371965207483
3821.0054919123936,4525.256498831052,-704.2510069186587
3813.9392248881736,3617.343457788714,196.5957670994594
3802.1387633920467,4756.344200987716,-954.2054375956695
4383.015886620121,5117.958660398363,-734.9427737782416
4367.038401421755,4604.347741516675,-237.30934009492012
4397.514506550929,4353.785685124545,43.72882142638355
4371.685682599862,5054.012289017608,-682.326606417746
4367.252656751625,3608.414406936288,758.8382498153373
4378.808386678321,4551.734820838341,-172.9264341600201
4368.869411616036,3831.9797482841004,536.8896633319355
4376.413558085168,4970.038042067632,-593.624483982464
5000.609472460498,4600.388822351121,400.22065010937695
5021.149795139155,4838.29742298869,182.85237215046436
5017.167257488333,5055.852448086607,-38.68519059827395
5009.558353190086,4516.996734395577,492.56161879450883
5019.940546525516,3403.662880335545,1616.2776661899707
5011.844241734926,5112.453383723107,-100.60914198818136
5034.672291773786,4991.836930637464,42.83536113632181
5028.187318389831,4264.242221075664,763.9450973141666
5011.523395170305,4392.615611872224,618.9077832980811
5012.8468424724715,5046.526172604124,-33.67933013165293
4377.757148011022,3937.812916133784,439.94423187723805
4390.633596083449,4914.58853971178,-523.9549436283305
4380.023082292253,4400.547008343098,-20.523926050845148
4375.42449400147,5046.437587270066,-671.0130932685961
4386.214752808902,4407.469057541397,-21.254304732495257
4371.165265937992,4116.595228223906,254.57003771408654
4380.149441476968,4943.582237246571,-563.4327957696032
4386.608709128876,3769.804211956882,616.8044971719942
3798.102834619053,4746.231935687434,-948.1291010683813
3812.023265070988,4936.252010425907,-1124.2287453549193
3812.1086766980075,3702.087437137247,110.02123956076048
3822.031412057119,4971.222301311249,-1149.19088925413
3812.6435452982532,4755.789862384027,-943.1463170857742
3819.1277472455995,4271.128172187912,-452.00042494231275
3373.9733089038405,3319.2488642703665,54.72444463347392
3355.602079118704,3437.8959601599795,-82.29388104127565
3377.3918888546596,4273.711503821203,-896.3196149665437
3355.1210313418815,4111.351173981563,-756.2301426396816
3357.1939489578763,4249.514437884227,-892.3204889263507
3375.701164586274,4126.682798981269,-750.9816343949951
3358.6987159735863,4815.373002396561,-1456.6742864229745
3354.665367508127,4795.502135531575,-1440.8367680234478
3364.906831276765,4968.486831651119,-1603.5800003743543
3364.2876393297715,3621.161711916749,-256.8740725869775
3365.584088370766,4421.519287883132,-1055.9351995123661
3365.9071998577356,3627.789654468808,-261.88245461107226
3370.3130262322206,4033.016462525301,-662.7034362930804
4303.116495999093,5049.703730856482,-746.5872348573894
4312.653900284081,4911.1169615587205,-598.4630612746396
4291.9191223564385,5026.712117181127,-734.7929948246883
4303.130442155398,5012.645154122437,-709.5147119670391
4301.742692133365,3825.702928246917,476.0397638864483
4289.808019241705,5071.818508481874,-782.0104892401696
4308.699154478826,4907.314795910753,-598.6156414319266
4300.304916553554,5047.146632967931,-746.8417164143766
4294.808886379614,4802.147997174308,-507.33911079469453
4307.9667087773005,3979.614943881688,328.35176489561263
4289.362078610836,3924.728430565272,364.63364804556386
4326.710627255524,4988.78703642476,-662.0764091692363
3582.8666116284594,4431.18771472654,-848.321103098081
3598.5150852094284,4513.090005021919,-914.5749198124904
4088.5882887565926,3438.5080663196986,650.080222436894
4083.105327890985,3399.290107830986,683.8152200599989
4092.0209499065486,5059.9898576028,-967.9689076962513
4103.283243416766,3631.0649896631903,472.2182537535755
4082.669531321792,4009.9414556784477,72.72807564334425
4103.461234895459,3741.480488196407,361.9807466990519
4103.732659387616,4841.7470193223,-738.0143599346839
4090.414925733504,3306.6302878809647,783.7846378525392
4672.819378225621,4416.429095329583,256.3902828960381
4658.802351130646,3594.4537453681974,1064.3486057624482
4659.523991142852,4761.958861371565,-102.43487022871341
4657.018172692741,5079.641238077158,-422.6230653844168
4662.898815498071,4619.688165355536,43.21065014253509
4651.152080357142,5108.403120871658,-457.2510405145158
4677.63278326727,3782.14583524193,895.4869480253396
4662.214012964206,5057.78519007234,-395.5711771081342
4669.929812210319,4627.59831945954,42.331492750779034
3804.5136293823525,3294.0465835423443,510.46704584000827
3785.141749652375,4093.781873032214,-308.6401233798392
3807.745425340815,3934.6785906572673,-126.93316531645223
3813.6228206783226,4694.190299448153,-880.5674787698308
3834.806110528553,4777.48091986283,-942.6748093342771
3812.094157811423,3834.4679059563823,-22.373748144959336
4378.956959176992,4400.144615502193,-21.187656325200805
4387.108936136373,5122.897415751275,-735.7884796149019
4375.881979045965,4761.7621615757735,-385.88018252980874
4381.213169622858,4973.480896855796,-592.2677272329383
4379.298991366675,3189.4252147871257,1189.8737765795495
4370.772298926409,4247.327854563728,123.44444436268168
4389.78358057945,5060.862020368732,-671.0784397892821
4360.112713519187,5029.172215234066,-669.0595017148789
5006.818299475441,3609.8339887722595,1396.984310703181
5013.318392788521,4974.947904388361,38.37048840015996
5010.434123671107,3823.8523321713938,1186.5817914997133
5022.09871484433,4446.192254659845,575.9064601844848
5015.508430316293,3941.7987871075225,1073.7096432087706
5007.907425077869,5041.8039699347555,-33.89654485688607
5030.935138289312,3635.858219651948,1395.076918637364
5010.60625040204,4834.989844611846,175.61640579019422
5025.090468514531,4667.5293586357575,357.5611098787731
5006.039359074815,4512.8631596054365,493.17619946937884
4386.523529560562,4556.457219419324,-169.9336898587626
4396.1524330819,3888.3970517515436,507.7553813303566
4367.929191529409,4752.279699413566,-384.3505078841572
4377.2960118934925,3831.7973245319627,545.4986873615298
4388.451641323338,4845.418906485802,-456.9672651624642
4384.276812989618,3833.871680827779,550.4051321618385
4373.610857039428,4931.353576618087,-557.7427195786586
4391.573106311917,4121.793606138454,269.779500173463
3793.3146602598426,4388.861074275271,-595.5464140154281
3813.6344197895573,3801.265651016568,12.36876877298937
3812.469843162738,4114.946162726852,-302.47631956411396
3815.1666426320435,3872.71468559254,-57.54804296049633
3816.449579513013,4986.029169238886,-1169.5795897258736
3802.0236080877166,3862.364183155522,-60.340575067805275
3360.041944629681,3298.447442796755,61.5945018329262
3345.239112566736,3396.9728511144976,-51.73373854776173
3347.4968171655387,4740.810561212757,-1393.3137440472187
3360.7802245230014,3731.464997686996,-370.6847731639946
3371.3955167563972,4127.17686208163,-755.7813453252329
3358.4447195777116,4659.802080934649,-1301.3573613569374
3369.0435641366976,3856.040770924752,-486.9972067880544
3359.7183861134777,3831.2760764814184,-471.5576903679407
3364.2876393297715,4224.031465189336,-859.7438258595644
3356.3946833580258,3865.842898384452,-509.44821502642617
3367.9760112903296,4439.032358351551,-1071.0563470612215
3345.2037882659743,4792.84128789972,-1447.6374996337454
3360.438639021579,3941.3485048026287,-580.9098657810496
4303.116495999093,3842.319488735279,460.79700726381407
4303.225702516154,5039.022864410064,-735.79716189391
4298.042084933296,4036.7580009573117,261.28408397598423
4292.753388403116,4960.931019099788,-668.1776306966713
4305.50914358351,4335.836121576911,-30.32697799340076
4301.549697945986,3832.9476048849356,468.60209306105025
4308.932580780078,3851.485800950624,457.44677982945404
4298.916373559055,3620.334317057766,678.5820565012887
4312.211740743296,4610.32867923196,-298.11693848866435
4310.0342231175,5050.702052578852,-740.6678294613521
4321.045800874279,4776.861378240876,-455.8155773665967
4292.939013528128,4751.666590310326,-458.7275767821975
3587.68480230907,4400.86963867347,-813.1848363643999
3589.2335619931973,4397.240240561089,-808.0066785678919
4087.549810189505,4760.327917456927,-672.778107267422
4093.1385636337595,4117.085746131327,-23.94718249756761
4100.575595807321,4551.216560320326,-450.6409645130043
4104.157126513506,5097.638204639517,-993.4810781260112
4091.777973452951,4405.379513696362,-313.6015402434109
4105.368690580638,5055.245561709959,-949.8768711293205
4095.3555340839825,4756.4794817599395,-661.123947675957
4093.187460744761,4617.390169806175,-524.2027090614142
4657.3694122569805,4367.934075401272,289.43533685570856
4672.771198581167,4406.1238710470925,266.64732753407407
4655.903774741784,4111.138618362074,544.7651563797099
4674.592068183839,4988.8329679048165,-314.2408997209777
4654.278025781826,4755.951243433711,-101.67321765188535
4656.033693455243,3622.587689228023,1033.4460042272203
4658.5089539012815,3703.619165446077,954.8897884552043
4663.383500600353,4764.0050837992585,-100.62158319890568
4664.679823857207,4911.1995848596935,-246.51976100248612
3809.351392659338,3624.4044166022127,184.94697605712554
3813.226871535834,4835.574943702754,-1022.3480721669202
3805.735909632285,5041.856636804448,-1236.1207271721628
3819.723167046636,5134.636732014014,-1314.9135649673785
3813.2614552456907,3833.2480465696362,-19.986591323945504
3810.7924167021138,5105.193841154841,-1294.401424452727
4391.563643112205,4269.450928456692,122.11271465551272
4363.431746161704,5033.1081007330695,-669.6763545713657
4392.462929299056,3962.1411224285907,430.321806870465
4383.86780581221,4756.050138429363,-372.1823326171534
4377.669701836648,4512.0589273095675,-134.38922547291986
4387.662199413334,4198.625647570818,189.03655184251602
4373.371407136101,4971.6787223333495,-598.3073151972485
4377.26417275871,4963.443783159631,-586.1796104009209
5006.476208756604,4508.343010526491,498.1331982301135
5015.720482224936,4402.8096950484205,612.9107871765154
5016.1223243767445,4964.203211631071,51.919112745673374
5000.957284825116,4678.795332928666,322.1619518964508
5028.406574664961,5099.086093926265,-70.67951926130354
5015.934278571464,4603.111277922689,412.82300064877563
5013.721216629277,4970.454421923395,43.26679470588169
5019.911390614822,4259.0884958068,760.8228948080223
5015.891684412856,4976.294131267663,39.59755314519316
5003.332594874279,3835.2813126245,1168.0512822497785
4377.059047015434,3614.342887747187,762.7161592682469
4379.827310737585,4265.27233157293,114.55497916465538
4392.993836701599,4414.542334677323,-21.548497975723876
4368.681763954049,3935.0387240185687,433.6430399354799
4375.568070973376,5048.528266079094,-672.9601951057175
4372.95911970793,4326.069925447416,46.88919426051416
4379.5588350853495,5053.488865744472,-673.9300306591222
4378.689454430829,5045.297264116524,-666.6078096856954
3809.869354617552,4972.679889811909,-1162.8105351943568
3807.60777374409,3972.1830436356236,-164.57526989153348
3811.42519466098,5052.375195286424,-1240.9500006254439
3812.422298189083,4402.823847987509,-590.401549798426
3807.3755421954315,4756.531167493869,-949.1556252984378
3799.2552557593704,4250.990108558634,-451.734852799264
3353.1771214138153,4974.409984503605,-1621.23286308979
3364.503756101496,4607.272362124431,-1242.7686060229353
3357.191213449889,5038.163466913029,-1680.97225346314
3363.130801038026,5116.101873993179,-1752.9710729551525
3356.6391084038646,3964.3836036665157,-607.7444952626511
3369.4099511128106,5054.988683723721,-1685.5787326109103
3342.624948929379,3928.9069168846295,-586.2819679552504
3355.124998720134,3290.3046891257286,64.82030959440544
3365.584088370766,4774.703508248813,-1409.1194198780468
3367.9760112903296,4515.669938974335,-1147.6939276840058
3365.86580030295,4812.000150805832,-1446.1343505028822
3353.355744236163,4656.479381124261,-1303.1236368880977
3352.055065502498,3693.200694159865,-341.14562865736707
4303.116495999093,3407.8593563430913,895.2571396560015
4300.1510670613825,3284.3567220996115,1015.794344961771
4308.612014618531,4518.998985574734,-210.38697095620319
4299.639071135793,4433.896889317548,-134.25781818175528
4308.047391598482,4408.847953969431,-100.80056237094868
4304.0435830069255,3974.8254723944037,329.21811061252174
4316.4308138383185,3420.888118869176,895.5426949691423
4301.395632652244,4761.953567987406,-460.55793533516226
4306.890971370165,4513.3963742153755,-206.50540284521048
4288.736260036888,3679.3957724053803,609.3404876315076
4299.49570337015,4233.416523030432,66.07918033971873
4314.2708347373955,3605.398905039116,708.8719296982795
3604.6343636570427,4448.370358411435,-843.7359947543919
3602.665891409511,4384.45408046122,-781.7881890517087
4088.7795224972983,3972.062802624458,116.71671987284026
4098.793181271964,5056.132957252345,-957.3397759803802
4101.832975302149,4972.949404474861,-871.1164291727118
4088.959373558851,3470.3131157165867,618.6462578422643
4081.75747838907,3606.733013353422,475.02446503564806
4081.8453558097676,4400.556826317052,-318.71147050728405
4094.573499681772,4973.753182885335,-879.1796832035634
4104.705493423405,3842.7013137834,262.0041796400046
4661.543474497362,3866.5892639318636,794.9542105654982
4649.148485175,4954.761032744101,-305.61254756910057
4646.927588678078,4538.562109069587,108.36547960849111
4634.247732360188,4090.9489228655684,543.2988094946195
4678.810489416063,4271.759929857438,407.05055955862554
4648.529128870847,5103.929151583447,-455.4000227125998
4653.50174170592,5039.20493529841,-385.7031935924906
4668.584355401904,5049.357342240723,-380.7729868388187
4681.951458035266,4537.457803403431,144.49365463183494
3819.9232232433305,4534.18693902872,-714.2637157853896
3803.9205444382255,4393.40230745596,-589.4817630177345
3810.2443809465026,4754.283118386792,-944.0387374402894
3795.455865346927,3299.6566809354877,495.79918441143946
3805.4149486240167,4969.334340212016,-1163.9193915879996
3806.386206884306,3974.664697354395,-168.27849047008885
4383.120997562815,4520.820529985913,-137.69953242309748
4377.513438529966,4261.971684939375,115.54175359059082
4381.213169622858,3948.444759427286,432.76841019557196
4381.866289221451,3699.6283855263437,682.237903695107
4377.591297598657,4227.133559613745,150.45773798491155
4392.395857318707,4620.460363512796,-228.0645061940886
4379.918889682495,4298.381735857207,81.53715382528844
4382.499332459712,4263.962826196819,118.53650626289254
5016.874678179829,4121.213548427141,895.6611297526879
5009.635610446477,4606.358153267403,403.2774571790733
5019.817383628471,4405.453095456716,614.3642881717551
5013.569681974178,4438.098103892432,575.471578081746
5019.504492204378,3615.6990747677482,1403.8054174366298
5038.563924490752,4433.739536749384,604.8243877413679
5040.516393812804,4188.822737703719,851.6936561090852
5009.49856470945,4830.337730939836,179.16083376961433
5021.343643319291,4409.419905078454,611.9237382408373
5011.72429740963,3759.5586527057794,1252.1656447038504
4374.122044179986,3299.891907788276,1074.23013639171
4366.276644715065,3932.828011559204,433.44863315586144
4392.960823101165,4620.241874329586,-227.28105122842044
4369.018503389302,3969.442784710916,399.57571867838624
4401.279079003768,5061.3243643693,-660.0452853655324
4369.662341237221,3971.43239831778,398.2299429194409
4393.161173554275,3636.635319090273,756.5258544640019
4387.773963242321,4977.720165135901,-589.9462018935801
3806.0771481923643,3826.3024198452476,-20.225271652883293
3816.9376623001835,3697.641496456823,119.29616584336054
3798.491638147413,4893.8334646828025,-1095.3418265353894
3822.868709916421,4527.136729106338,-704.2680191899171
3813.8856597542176,4117.875925603048,-303.9902658488304
3810.1781242993843,4763.314136823485,-953.1360125241004
3363.691712005213,4337.038006096551,-973.3462940913378
3356.9733799607484,4572.245727781744,-1215.2723478209955
3363.3207767166427,3300.788696255449,62.5320804611938
3358.2789055176436,3970.7944827669007,-612.5155772492571
3355.299901262836,3404.2673471007743,-48.96744583793816
3362.5402929932516,4267.029704976479,-904.489411983227
3365.2813227848387,4417.046522297239,-1051.7651995124002
3362.8667503400525,3760.7682419538382,-397.90149161378577
3365.9071998577356,4404.638053838534,-1038.7308539807982
3345.2037882659743,3281.996174933342,63.20761333263226
3353.355744236163,4974.186573086962,-1620.8308288507992
3356.9793100804304,4433.617465717106,-1076.6381556366755
3350.8080081779917,3694.309912336947,-343.5019041589553
4303.116495999093,3618.563931741279,684.5525642578141
4321.891887222845,4349.6981281563685,-27.80624093352344
4309.066197476498,3420.995582533935,888.0706149425632
4312.513131702344,4245.0607080451855,67.45242365715876
4303.730523227775,4406.361977266333,-102.63145403855833
4294.813623709387,4825.121266018301,-530.3076423089142
4302.7948498734395,4513.129539368305,-210.33468949486542
4309.976512771803,4764.36887506077,-454.392362288967
4315.782886076818,3361.394537863685,954.3883482131328
4300.859001208648,4396.707531727144,-95.84853051849586
4303.862258577369,4113.0717106588245,190.7905479185447
4314.843154507529,5057.375304300812,-742.5321497932828
3589.246939545134,3830.5879205787332,-241.3409810335993
3585.216131205105,3821.710273855421,-236.494142650316
4099.0541977557605,3833.4776467607435,265.576550995017
4090.1759829420425,4395.313608655062,-305.1376257130196
4091.4005029843574,4512.582099499148,-421.1815965147907
4106.881841572482,5057.97100643462,-951.0891648621382
4088.994458899882,3832.263987879096,256.7304710207859
4092.958258881972,3409.0671962337615,683.8910626482107
4092.3095557315655,4945.822872047545,-853.5133163159799
4107.275291459157,5070.333888909018,-963.0585974498608
4661.0665614014915,4974.2672877734785,-313.200726371987
4653.4472387576625,3305.818652100912,1347.6285866567505
4656.453187141753,4612.550436714566,43.90275042718713
4676.966810335657,4812.733697039275,-135.76688670361818
4651.152080357142,4477.457097518765,173.69498283837675
4661.373360612652,4400.45848632948,260.91487428317123
4665.997579273463,3348.8698827405833,1317.1276965328798
4692.4357421501545,3368.1708497758486,1324.2648923743059
4647.922245823337,5032.460212549246,-384.5379667259085
3816.8603961032613,3838.6210704170953,-21.760674313833988
3807.000208409144,3612.08717010276,194.9130383063839
3793.995633841956,3599.423181183627,194.57245265832898
3796.99169494979,4392.699614632639,-595.707919682849
3803.379548322597,3756.7542511585375,46.6252971640597
3812.1440779152913,4118.549700925233,-306.4056230099418
4404.638379715629,4789.226203242325,-384.5878235266964
4385.561196863777,4444.078179074407,-58.516982210629976
4370.565462185314,4620.4190292436815,-249.85356705836784
4396.723820478072,4451.751937233885,-55.028116755812334
4370.68464634452,4106.462086539601,264.222559804919
4388.066369355337,5056.578661342645,-668.5122919873083
4379.891713924395,4441.660264172986,-61.768550248591055
4373.43263538342,4752.549547435372,-379.11691205195166
5014.746718412678,3866.6337934222724,1148.1129249904056
5011.631876544453,4609.510642858068,402.1212336863846
5007.567208908357,4608.852501435496,398.71470747286094
5008.549285497818,4255.041791908169,753.5074935896491
5031.661060955543,4268.479828206066,763.1812327494772
5025.72666959177,3420.7414732811617,1604.985196310608
4996.78815446782,4740.528752462185,256.2594020056349
5006.039359074815,4609.130846203666,396.90851287114947
5007.985333613922,4436.279840820855,571.7054927930676
5012.446502235003,4750.971765603763,261.4747366312404
4386.025486295415,4415.0404941603465,-29.01500786493125
4368.617138402601,5026.1673380165075,-657.5501996139064
4369.443710883566,4680.805351553611,-311.36164067004484
4371.287635534908,4610.098392211256,-238.81075667634832
4361.771568292298,5028.384624686131,-666.6130563938332
4375.439782490944,4164.966552622405,210.4732298685385
4386.998641301897,4010.0144902907296,376.98415101116734
4395.994611458357,3698.6621447930884,697.3324666652688
3830.209721021791,3964.4248400120655,-134.21511899027428
3804.6566310184103,4966.286225244808,-1161.6295942263973
3811.3542137430723,5124.235944653232,-1312.8817309101596
3805.6069139949723,3732.7238084638448,72.88310553112751
3817.651663678636,4990.558990224548,-1172.9073265459124
3806.826038949344,3621.888161827101,184.93787712224275
3348.553824281591,4779.7589114285975,-1431.2050871470065
3377.91257296884,3850.1880182406426,-472.2754452718027
3364.420904675703,5059.253177564697,-1694.8322728889939
3355.619662925383,4488.07432727084,-1132.4546643454564
3359.630277921608,5052.573063269013,-1692.9427853474049
3350.4566808796635,5035.07087042065,-1684.6141895409864
3363.8517649098435,3494.246774660939,-130.39500975109559
3361.2255785281986,5050.6641748252505,-1689.4385962970518
3370.3130262322206,4017.3714544069535,-647.0584281747329
3360.438639021579,4601.198970023187,-1240.760331001608
3352.055065502498,4399.969999461067,-1047.9149339585692
3350.8080081779917,3862.8415046292707,-512.033496451279
3362.4753820088345,3620.5983023789904,-258.12292037015595
4303.116495999093,5052.032770114607,-748.9162741155142
4307.078261359901,4665.478471469314,-358.4002101094129
4312.552641906687,3295.72394305706,1016.8286988496275
4306.025574897996,3831.378719950845,474.64685494715104
4296.132417686608,5028.485031221559,-732.3526135349512
4294.838621958671,4955.022397310394,-660.1837753517229
4305.4386018266505,5004.58406409008,-699.1454622634292
4301.542037103225,4404.1329506897255,-102.59091358650039
4326.6054965694175,4777.302811131158,-450.6973145617403
4296.317190354364,4599.904358591187,-303.58716823682244
4293.929018465354,4387.347043536334,-93.41802507098055
4323.618873569846,4252.879525200798,70.73934836904846
3588.0018922838262,4510.785462522148,-922.7835702383218
3577.7863533292084,4604.505270900137,-1026.7189175709282
4113.237133307731,4707.190451887725,-593.9533185799946
4096.923297056294,3766.0003113483613,330.9229857079331
4083.3873206520693,4402.304231038117,-318.9169103860477
4088.912601879145,2939.9267059728368,1148.985895906308
4093.396427966319,4517.465937215997,-424.0695092496776
4088.6811757536966,4618.30990869473,-529.6287329410338
4092.660519219713,4116.30763405962,-23.647114839906862
4076.0035315997116,4222.981139163156,-146.97760756344405
4647.444851470191,4964.213658356072,-316.76880688588153
4654.685269841903,5047.6121003230655,-392.92683048116214
4660.874134509817,4974.708229045386,-313.8340945355694
4647.189605859758,4647.535575428222,-0.34596956846417015
4674.079516205379,4279.564673145715,394.5148430596646
4660.927017986072,4407.590488046809,253.33652993926353
4663.474167357438,4404.559405253435,258.9147621040029
4671.470631603246,4986.342738352163,-314.87210674891685
4676.7978575103825,4425.187008110913,251.61084939946977
3816.8422086104597,5044.561552835869,-1227.7193442254097
3814.527902231243,4762.031407154784,-947.5035049235407
3818.0677148538593,5127.755165245344,-1309.6874503914846
3803.898029964521,3438.579567780772,365.31846218374903
3812.099015334986,4021.188863429157,-209.08984809417143
3822.6441998708733,4452.881146381035,-630.2369465101619
4369.184951621728,4253.535316233908,115.64963538782013
4381.648252955837,4968.981858903996,-587.333605948159
4379.298991366675,4516.571396865963,-137.27240549928774
4377.591297598657,3442.5090317313943,935.0822658672623
4369.3375266288685,5037.068656130974,-667.7311295021054
4359.318851791698,4219.83341880339,139.48543298830828
4382.3724275079785,4756.368600758005,-373.9961732500269
4379.471694017659,4161.66828109285,217.80341292480898
5012.440072114908,4395.264263263174,617.1758088517336
5019.411033942348,4980.088977702646,39.32205623970185
4995.67974493693,3825.061379620764,1170.6183653161656
5015.187989489586,5116.595721353768,-101.4077318641821
5005.289670912353,3966.110032008022,1039.1796389043316
5014.743424139661,4618.029774389174,396.7136497504871
5022.685735207733,4975.013309499976,47.67242570775761
5023.473569902772,3846.124644928617,1177.3489249741556
5007.642244003001,4957.13132223413,50.51092176887141
5028.031142574504,4268.704789913583,759.3263526609207
4379.396816683146,3623.102754509141,756.2940621740054
4367.775997071768,3814.1930783345806,553.5829187371874
4384.082117158903,4615.175666388117,-231.09354922921375
4384.0774993258865,5060.303556929623,-676.2260576037361
4372.875817945688,4252.397394085834,120.47842385985405
4374.134537844418,3680.8496998363294,693.2848380080891
4384.75763365436,3308.0180074395894,1076.7396262147704
4380.819026125788,4966.056416043213,-585.2373899174254
3808.5791389982,3618.267962746833,190.31117625136721
3812.7178691489817,3416.521905047185,396.19596410179656
3804.5145874352365,4620.017546942441,-815.5029595072047
3816.9121621326367,3625.8354330286443,191.07672910399242
3805.609409147869,4477.2388337102075,-671.6294245623385
3807.9796415454184,5040.87136201463,-1232.8917204692116
3358.312282181598,3699.248723583977,-340.93644140237893
3360.569034680312,5110.0507973832255,-1749.4817627029133
3356.0303362417276,3838.883337426113,-482.85300118438545
3370.630114827231,4281.836207213882,-911.2060923866507
3349.045796910597,4295.420411444512,-946.3746145339151
3367.16386125847,3633.005522909047,-265.84166165057695
3355.77048272625,4292.386555947943,-936.6160732216927
3380.481221405493,3854.338501849764,-473.8572804442706
3358.950129994378,3831.8011099600963,-472.8509799657181
3347.305962826807,3934.8729225540606,-587.5669597272536
3361.2842835225983,3703.8193639605947,-342.5350804379964
3365.296357871093,4970.481978542687,-1605.1856206715943
3359.555775957383,3307.508914421522,52.0468615358609
4303.116495999093,3829.304504216315,473.811991782778
4315.550656259523,5059.539293998881,-743.9886377393577
4293.993005613201,3619.324960926208,674.6680446869927
4310.918516328594,3302.614665052389,1008.303851276205
4300.533305427653,4614.822825213186,-314.2895197855323
4318.4625139094605,3624.641127271267,693.8213866381934
4307.537285745479,3764.832413722309,542.7048720231696
4302.822839659146,4756.813941211375,-453.99110155222934
4310.583636457354,4843.321287990614,-532.7376515332599
4306.997520376548,4413.297954314505,-106.30043393795677
4301.913683529982,4608.444322371613,-306.5306388416311
4305.083173987612,4406.786854980294,-101.70368099268217
3601.051498818879,4409.293612944545,-808.2421141256664
3580.416759408237,3820.6862596205783,-240.26950021234143
4086.5425652479557,3485.267037167926,601.2755280800297
4103.514256168378,4268.416813048626,-164.90255688024808
4078.6065681421214,4099.647125693401,-21.040557551279562
4096.07089937501,4265.750609502713,-169.6797101277025
4091.7660698304826,4972.019076972696,-880.2530071422134
4094.291961306059,4406.185681933028,-311.89372062696884
4119.808498536699,2866.6644560867417,1253.144042449957
4088.3181828250704,4248.328494463055,-160.0103116379846
4661.852992814922,3593.3674521613475,1068.4855406535744
4660.741474575013,3348.9296436030154,1311.8118309719976
4676.879747166303,5027.451156092564,-350.57140892626103
4660.373396931554,3981.9044149390024,678.468981992552
4671.77731474107,5068.059414517552,-396.282099776482
4669.498234336602,4839.471588037806,-169.97335370120436
4653.810507477901,4261.5735118099265,392.23699566797495
4659.556241595188,3831.5232678937978,828.0329737013903
4656.822409202686,4970.818168689559,-313.9957594868729
3810.634579240596,3129.9030752725535,680.7315039680425
3803.3830166725147,4393.249161074741,-589.8661444022264
3800.226358424052,5030.509647473121,-1230.283289049069
3808.708117731463,3612.999899512905,195.70821821855816
3798.966892918861,4562.444249421361,-763.4773565024998
3798.712245104837,4398.202502629861,-599.4902575250235
4379.071879811525,4406.596141350463,-27.524261538937935
4366.688306220787,5035.04876075325,-668.3604545324624
4393.204358974674,3846.163685497959,547.0406734767148
4369.4917901421495,4966.726519986714,-597.2347298445648
4367.563919667255,5044.660933408052,-677.0970137407976
4374.182319870988,5113.343685233258,-739.1613653622699
4388.387443703501,5056.004930391573,-667.617486688072
4373.586207106319,4372.870019448203,0.7161876581167235
5025.471361645176,5059.800214658819,-34.3288530136424
5024.297894517018,5057.511882112585,-33.21398759556723
5011.04814405502,5046.320262172881,-35.27211811786037
5022.8388492315935,4450.174008961592,572.6648402700012
5020.188713345628,4256.526992729971,763.6617206156561
5026.519447550282,4345.146755016842,681.3726925334404
5016.851592308472,5052.203900966199,-35.35230865772701
5026.072773843664,3987.8944968756396,1038.1782769680249
5027.4510013638655,4629.780276534579,397.6707248292869
5006.1094864645565,3455.0546254745714,1551.0548609899852
4385.694675223516,4617.402448017954,-231.70777279443791
4357.819301987853,4171.645006965768,186.17429502208506
4392.350142323736,4773.3010410217175,-380.95089869798176
4371.1641412320305,5037.924823610557,-666.7606823785263
4384.931657231332,3702.680894838324,682.2507623930078
4391.754103649344,5053.189481620865,-661.4353779715211
4378.706786094392,4613.649682169079,-234.94289607468727
4374.699679849477,3833.26611039654,541.4335694529373
3790.756582638453,4490.730310996684,-699.9737283582313
3821.770597660836,4450.624828859415,-628.8542311985793
3798.089461736035,4324.378809406759,-526.2893476707236
3811.552579382666,4627.82535538926,-816.2727760065941
3813.9546789398278,4611.968961091273,-798.0142821514451
3806.371807678084,4515.376536675713,-709.0047289976292
3378.269165627207,4775.777031842822,-1397.5078662156152
3358.4951534745264,4754.966514668712,-1396.4713611941856
3351.2859141808513,4431.9838094789375,-1080.6978952980862
3362.6902586081574,3853.9439781575156,-491.25371954935827
3359.1457656376483,4798.911266628044,-1439.765500990396
3356.425214737826,3609.13855844098,-252.7133437031539
3349.9830688393213,4431.218998663384,-1081.2359298240626
3372.5890049241084,5067.700952794507,-1695.111947870399
3363.3622255581063,5012.958294491711,-1649.5960689336048
3359.192902625892,4257.418375580345,-898.2254729544529
3379.1957220257163,3364.087937120972,15.107784904744221
3358.6280587908395,3410.343628503117,-51.715569712277556
3362.803097802166,3298.360469173961,64.44262862820506
4303.116495999093,4251.250530927751,51.865965071341634
4309.056120420689,4760.595793246795,-451.53967282610665
4293.378286148031,4959.275964109649,-665.8976779616178
4304.346312490175,4761.06164464508,-456.7153321549058
4305.258044117137,4906.738864839074,-601.4808207219376
4298.411139584797,4793.432413924268,-495.02127433947135
4298.36604381159,4892.87201216975,-594.5059683581594
4307.991412589604,4402.53427539376,-94.54286280415636
4313.844421535285,4618.683345824574,-304.838924289289
4310.333014076397,3632.328170381456,678.0048436949414
4301.722563744188,4404.191563480106,-102.46899973591826
4297.210714992831,4752.718600424583,-455.5078854317526
3587.170447222921,3783.733389071001,-196.56294184807984
3591.3039695157536,3688.7533461103058,-97.44937659455218
4073.4314760340226,4094.927703046136,-21.496227012113195
4088.5285852236443,3976.227807041677,112.30077818196742
4081.3249882484047,4503.132266211902,-421.8072779634972
4087.993754022302,4978.437507830012,-890.44375380771
4099.946937838858,3306.888778347894,793.0581594909636
4091.5118737291095,4441.738212348233,-350.22633861912345
4104.705493423405,5071.0600777470845,-966.3545843236798
4091.0779882161296,3126.1505702839036,964.927417932226
4657.7859160542985,3408.6509553808964,1249.134960673402
4648.994653716998,4503.73540012916,145.25925358783843
4659.790043046366,5116.488270252929,-456.6982272065634
4653.2866105467365,4393.677196877862,259.60941366887437
4677.63278326727,5061.929445949327,-384.2966626820571
4665.997579273463,4802.1591094587275,-136.16153018526438
4657.171044013849,4901.249452421605,-244.0784084077568
4658.612263121927,5051.765136908002,-393.15287378607536
4662.16441846837,5045.995388874732,-383.8309704063622
3819.9735727462144,4775.663898766096,-955.6903260198819
3816.489015433908,4341.936543718259,-525.4475282843505
3802.1387633920467,3403.7270628279953,398.41170056405144
3806.6061305453577,3975.2317108062493,-168.62558026089164
3831.5859359027936,3959.878923912852,-128.29298801005825
3813.057390979146,3765.527934762259,47.529456216886956
4372.56750535421,4969.952722923245,-597.3852175690354
4378.043224416923,3291.7522250214006,1086.2909993955227
4370.772298926409,4756.307591812902,-385.53529288649224
4392.395857318707,5053.415016139285,-661.019158820578
4359.318851791698,4244.711261928409,114.60758986328892
4403.419836050525,3640.9612196505655,762.4586163999597
4393.701877181139,4994.476296084085,-600.7744189029463
4379.004635118132,4441.2409150675885,-62.23627994945673
5002.047588157863,3828.921821725536,1173.125766432327
5018.770163100504,5046.119761169509,-27.34959806900497
5014.581482976343,4253.700811317215,760.880671659128
5022.970072379988,4767.898338096775,255.07173428321312
5004.734947339303,4791.953070128767,212.78187721053655
5012.7255461733075,5047.553097521271,-34.82755134796389
5015.1260990856,5052.081954329778,-36.955855244177656
5033.6999727900975,4277.134052882002,756.5659199080956
5028.203439505044,4916.143467643737,112.05997186130753
5001.580772853097,3615.038600469874,1386.5421723832233
4371.165265937992,3965.9221631336127,405.24310280437976
4385.489332639104,4979.63339844801,-594.1440658089059
4383.111593324517,5047.055327483256,-663.9437341587391
4377.26141026559,5049.991571345465,-672.730161079875
4373.869819086123,4758.498885466792,-384.6290663806685
4373.141684126449,4433.926612066663,-60.7849279402144
4398.840982161728,4424.09868553635,-25.257703374621997
4367.844565280436,4607.3692289044875,-239.52466362405175
3796.188931184252,4364.158248874041,-567.9693176897895
3823.1828522885685,3844.983676101564,-21.80082381299553
3791.6514580280837,4923.4795123181275,-1131.8280542900438
3806.818501778598,3828.4944277586064,-21.675925980008287
3813.057597123403,4666.678253261629,-853.620656138226
3806.6199450623308,4406.384412225865,-599.7644671635344
3377.209880075903,3639.794373209491,-262.5844931335878
3354.3282024114465,4967.409290922486,-1613.08108851104
3366.348580413117,4258.35882031978,-892.0102399066627
3365.9320627047455,4129.091094457601,-763.1590317528553
3355.809582697912,4005.806534020775,-649.996951322863
3369.800138482767,3719.0956234082414,-349.2954849254743
3363.757136711432,4488.478913673207,-1124.721776961775
3361.2592660261485,4337.037206432324,-975.7779404061753
3355.849677274661,3434.5785614078954,-78.72888413323426
3374.796711102951,4780.856396014842,-1406.059684911891
3362.98185583137,5033.002713948752,-1670.020858117382
3369.859034457087,4244.768757930623,-874.9097234735359
3372.268209819985,3885.7616927782246,-513.4934829582398
4303.116495999093,4658.185783248153,-355.0692872490599
4312.669832894709,4414.914104929616,-102.24427203490723
4316.023294432898,4525.125201160994,-209.10190672809586
4288.23404036642,4497.494909509913,-209.26086914349253
4299.119033121689,4473.407351895188,-174.28831877349876
4298.315213016736,4960.943565654533,-662.6283526377965
4306.116911549818,4970.9033179917315,-664.7864064419136
4314.689036917445,3988.5356354842265,326.15340143321873
4316.026053481941,5065.2921239923635,-749.2660705104227
4322.446111678577,4428.720688947155,-106.27457726857847
4303.834649317701,4115.108571601588,188.72607771611365
4312.997194402594,5095.113643543129,-782.1164491405352
3594.4223095568436,5056.803490865773,-1462.3811813089292
3607.3516739034835,3959.710622259714,-352.3589483562305
4075.19725650369,5035.464234226844,-960.2669777231545
4086.6446738181876,3942.998489945229,143.64618387295877
4088.959373558851,4617.706041686609,-528.7466681277579
4107.6008160901965,5067.975162326722,-960.3743462365255
4089.9720432558734,4693.942072851988,-603.9700295961147
4086.8753600139057,3838.69644573234,248.17891428156554
4092.711752754622,4977.076745380204,-884.3649926255816
4079.432267296648,3609.01290158112,470.41936571552833
4655.652329205863,4968.7612110167065,-313.10888181084374
4649.593574272571,4504.980224940386,144.61334933218495
4659.6577655753,4399.453474365931,260.20429120936933
4652.254946623073,5044.634010228572,-392.37906360549914
4645.937303678028,3859.5512140967285,786.3860895812995
4642.551525825763,4883.733373888798,-241.18184806303543
4667.879226443274,4523.310066009881,144.56916043339334
4656.252468038059,4756.829891099159,-100.57742306109958
4652.888414832468,3695.427459665144,957.4609551673238
3805.213113459026,4963.378454341344,-1158.165340882318
3795.455865346927,3285.9797671529427,509.4760981939844
3815.552485865874,3616.530384982131,199.02210088374295
3806.9564737159526,3612.808656584467,194.14781713148568
3809.406769271766,4966.307667486767,-1156.9008982150012
3828.508858140489,4784.109355257091,-955.6004971166021
4371.443412410339,4757.167080499635,-385.72366808929564
4364.251971699359,3460.1853321321837,904.0666395671756
4381.025381005002,4407.8595145178,-26.834133512797962
4391.551994886779,5064.191250651815,-672.6392557650361
4396.654047449381,4849.084883031669,-452.4308355822877
4371.242229299208,4110.303456610104,260.93877268910364
4365.727789612811,5028.105190816583,-662.377401203772
4383.995429249517,3301.1794819362713,1082.8159473132455
5023.671888738981,4615.3684594922515,408.30342924672914
5010.480601602727,4249.479180228146,761.0014213745808
5014.401810104675,3468.4067763370813,1545.9950337675937
5040.516393812804,4276.941314358925,763.575079453879
4998.16909102107,4500.811394684874,497.35769633619566
5025.324940197929,5061.071014715801,-35.74607451787142
5010.9879799450555,3766.320962966953,1244.6670169781023
5019.6723787338515,3622.3274153677057,1397.3449633661457
5029.994302464033,4270.067744456,759.9265580080337
5014.318626425137,4964.050988974029,50.267637451108385
4393.559568603508,3955.412211763092,438.1473568404158
4368.074428738414,4396.185045756727,-28.11061701831295
4369.167889638639,5076.086379330796,-706.918489692157
4394.360081361116,3949.806014819361,444.55406654175476
4389.011346874277,3880.672667777739,508.33867909653736
4382.317065800209,5053.781706613668,-671.4646408134586
4374.126378632836,4506.469429557954,-132.3430509251175
4394.911749719314,4415.366126584653,-20.454376865339327
3814.3810446206617,4263.836225964081,-449.4551813434191
3810.1781242993843,3596.943657102438,213.2344671969463
3815.079065286662,3985.829429369119,-170.75036408245705
3798.884069054161,3611.4726381693094,187.4114308848516
3800.2580114366815,4960.647346565305,-1160.3893351286238
3817.053618636935,4426.220257043398,-609.1666384064633
3359.191575897364,3946.224968387566,-587.033392490202
3361.2499067072335,4402.96306330784,-1041.713156600606
3357.3658523716203,4253.9237584696475,-896.5579060980272
3354.489567929345,4230.288844127344,-875.7992761979995
3348.0540181206993,4393.523677691166,-1045.4696595704668
3362.353736470429,5056.728645871826,-1694.3749094013974
3370.2135396235544,4701.710799710973,-1331.497260087419
3366.301406657777,4955.84971571535,-1589.5483090575726
3361.7204509458275,4770.256973627375,-1408.536522681548
3364.947434751339,3877.064114984637,-512.1166802332978
3365.824324256631,5054.452619484007,-1688.6282952273764
3358.0493747939904,4806.438122979291,-1448.3887481853003
3350.271635036558,4397.751971212322,-1047.480336175764
4303.116495999093,3686.873521092086,616.242974907007
4290.245216478274,4996.770893030142,-706.525676551868
4279.775836531099,4952.468640579024,-672.6928040479252
4285.007640537077,5032.996281482251,-747.9886409451738
4296.167325874739,3609.8308985966846,686.3364272780541
4305.422524020494,4970.585037018651,-665.1625129981567
4324.601367260795,3637.2186804998996,687.3826867608955
4287.29617726799,4792.218349502261,-504.9221722342709
4289.947367231164,4176.132051454402,113.81531577676196
4296.568232918946,3285.3278308372082,1011.2404020817376
4307.907095256703,4014.285639953248,293.6214553034547
4298.762767821148,4393.115378746169,-94.3526109250206
3585.629844845964,4400.792199508772,-815.162354662808
3592.1882465168464,3409.4788723824176,182.7093741344288
4087.067219756438,4611.12991286153,-524.062693105092
4104.425380214621,5052.35441820568,-947.929037991059
4105.460400554541,3841.1972727663256,264.2631277882151
4106.770633833147,4531.0992835175975,-424.3286496844503
4101.4158621552915,4416.021118047466,-314.6052558921747
4089.6623539349202,4259.342844191677,-169.68049025675646
4099.296837574833,4803.087110188469,-703.7902726136354
4089.535364859274,4976.812160009153,-887.2767951498786
4660.752452811492,3830.893369737768,829.8590830737239
4653.743274538844,4259.345155684249,394.39811885459494
4655.779327169256,4751.924039354278,-96.14471218502149
4666.673250768119,4770.495248530986,-103.82199776286689
4664.743895428638,4622.3599031834,42.383992245238005
4660.366996708629,3876.4342228678433,783.9327738407856
4663.502430276363,3978.4263255718038,685.0761047045594
4663.168541201294,5042.610388423583,-379.44184722228874
4667.3557967737015,4554.699491259744,112.6563055139577
3820.465503030524,4418.16381781433,-597.6983147838064
3812.927464994318,4295.286295701127,-482.3588307068085
3794.1600821106167,3277.922157384933,516.2379247256836
3802.982394758881,4831.765678633821,-1028.78328387494
3805.0278629771824,4512.936656129903,-707.9087931527206
3826.8731638161935,3886.4440664964877,-59.57090268029424
4388.726987166724,4984.916568408365,-596.1895812416406
4357.892905212397,3596.918535379119,760.9743698332777
4389.78358057945,2941.737607733892,1448.045972845558
4379.918889682495,4756.289241117441,-376.3703514349454
4382.3724275079785,4401.504697123862,-19.13226961588316
4393.701877181139,5068.039043421157,-674.3371662400177
4406.160471799055,3641.5296586580616,764.6308131409933
4377.278854198105,4611.911960699316,-234.63310650121093
5011.166002092633,4437.760101719111,573.405900373522
5015.877773707049,4410.613785120272,605.2639885867766
5024.5509289139945,4979.477632727171,45.07329618682343
5018.847136514706,4412.28491781887,606.5622186958362
5015.148924776538,5049.494296076478,-34.34537129994078
5031.096747748793,4280.188545946588,750.9082018022045
5016.630457182907,4903.471715325955,113.15874185695156
4996.562733895479,3610.7872565713683,1385.7754773241109
5012.868222710511,4946.636981878681,66.23124083183029
5002.0270907031845,3824.728469630784,1177.2986210724007
4370.66512826485,3817.1051495686893,553.5599786961607
4386.627297125264,4449.496980891067,-62.86968376580353
4386.914831692045,4763.2579928214145,-376.34316112936995
4384.515999674568,4978.0978903986315,-593.5818907240637
4366.2563738235995,4824.863054141161,-458.60668031756177
4381.526887064785,4759.863880720296,-378.3369936555109
4388.5059892074205,4266.191446511418,122.31454269600272
4387.351172528061,5053.05921234483,-665.7080398167682
3820.5477178383717,5060.791051345185,-1240.2433335068135
3805.6906818234493,4403.935782124808,-598.2451003013584
3807.7325366584587,3866.6636587880034,-58.93112212954475
3808.0340159315538,4891.406673971191,-1083.372658039637
3806.9462552571445,4331.319754830653,-524.373499573509
3817.19052628725,3768.5771714562493,48.613354831000834
3357.2040970610574,3695.5489741800625,-338.3448771190051
3364.8982211570838,4411.436747290497,-1046.5385261334131
3356.642861473673,4974.70533033805,-1618.062468864377
3361.3260296046205,3474.174483874286,-112.84845426966558
3368.6882287788562,4983.943170311455,-1615.2549415325989
3345.442274627263,4385.17684580849,-1039.7345711812268
3360.937757941072,5053.755433103245,-1692.8176751621731
3353.808955871008,3120.356093678371,233.45286219263699
3357.2167666021173,4263.736014410658,-906.5192478085405
3368.481091208632,5067.665132147644,-1699.184040939012
3362.467574170322,4625.931147885248,-1263.4635737149256
3354.4904477459277,4561.346342412924,-1206.8558946669964
3352.1394046215787,4537.745576775132,-1185.606172153553
4303.116495999093,3407.8593563430913,895.2571396560015
4305.252288597989,4255.631633590951,49.620655007037385
4295.149310047452,5110.44298263789,-815.2936725904383
4303.829879366708,5117.406763963898,-813.5768845971897
4298.896586870343,5005.015949974232,-706.1193631038896
4319.043846412804,4526.88178854361,-207.83794213080637
4310.783242687804,3983.165989734957,327.61725295284714
4299.923822340831,4107.319865333867,192.60395700696427
4305.6484580366105,5048.293217751891,-742.6447597152801
4307.762359259504,4117.247836163015,190.51452309648903
4296.31136564007,4748.521887770899,-452.2105221308293
4311.438559416136,4339.692851296651,-28.254291880514756
3597.8494417982242,4486.2466315949805,-888.3971897967563
3594.3231570533844,4405.482901661908,-811.1597446085234
4090.2605501556723,4805.352877662299,-715.0923275066266
4085.2620968614283,3934.5193096207445,150.7427872406838
4102.891046936085,4523.479390674804,-420.5883437387183
4102.563415212177,4272.782338453703,-170.21892324152668
4095.5909394351747,4980.88507319098,-885.294133755805
4098.224975893692,4756.100429498057,-657.8754536043643
4088.005993099354,5042.506010357841,-954.5000172584869
4104.211000711321,4449.958655520398,-345.7476548090772
4648.619347886164,4825.815030730448,-177.1956828442835
4659.054775166143,4330.363894729258,328.690880436885
4652.787955163106,3830.5361302767406,822.2518248863653
4678.852376923203,3311.019956126291,1367.8324207969122
4662.214012964206,4410.355942118532,251.85807084567386
4692.4357421501545,4218.459251899972,473.9764902501829
4658.612263121927,4765.728045924487,-107.1157828025598
4657.9606720683605,4757.000596558674,-99.03992449031375
4651.701720430212,5047.727719092888,-396.0259986626761
3793.082325992371,3827.549610698812,-34.467284706441205
3821.2880144265446,4766.902046642213,-945.614032215668
3812.3929659211044,4408.544148847746,-596.1511829266419
3811.270823756786,3612.3180259082505,198.95279784853528
3812.6742674547318,4264.524643840761,-451.85037638602944
3804.067230717582,4386.46870291051,-582.4014721929279
4387.912742883244,4270.453013725502,117.459729157742
4399.047444017508,4783.18880501318,-384.1413609956726
4379.349557609768,4400.606951761759,-21.25739415199041
4390.213227762977,3831.1752116721586,559.0380160908185
4361.435033926916,3827.2224694474153,534.2125644795005
4361.493839390422,4959.015335360649,-597.5214959702271
4369.265727805643,4610.565675526219,-241.2999477205758
4386.385648316526,4264.150355969607,122.23529234691978
4999.372948625227,5037.582283833921,-38.20933520869403
5004.694920698555,3966.8248944943093,1037.8700262042453
5011.823931537496,4256.843812249313,754.9801192881832
5028.842795392685,4949.281413521581,79.56138187110355
5013.232312512639,4481.578914617571,531.6533978950674
5008.768335157926,4509.915878341155,498.85245681677134
5011.807831417607,4971.408502654273,40.39932876333387
5011.006712320771,4969.706973750687,41.29973857008372
5017.802132247228,4968.541628162789,49.26050408443916
5013.5162246010395,4401.1952642515425,612.320960349497
4374.83860818993,4826.880063442939,-452.0414552530092
4377.26141026559,4612.772327518424,-235.5109172528346
4376.459510702869,5069.49926280895,-693.0397521060813
4370.115231705039,4680.5618544570625,-310.44662275202336
4377.908726856708,3872.713488735118,505.19523812159014
4364.071971658259,4392.902729230242,-28.83075757198276
4381.9651761147825,4118.205343112247,263.75983300253574
4382.043494199988,4967.205666956239,-585.1621727562506
3825.6398876678595,4420.169695468672,-594.5298078008127
3798.5990356981583,4386.3851392803945,-587.7861035822361
3821.3868980398865,4769.6489616927,-948.2620636528136
3821.249717725338,3840.2341015575694,-18.984383832231288
3798.6235222181804,3860.6197422152445,-61.996219997064145
3802.988970484951,5035.327626573859,-1232.3386560889076
3361.0997329316183,4163.812881865653,-802.713148934035
3369.3449757651456,4410.236261393661,-1040.8912856285156
3357.1412333261997,4257.264601541473,-900.1233682152733
3374.8179150169694,4538.68693733498,-1163.8690223180106
3359.708174009408,4897.45095079819,-1537.742776788782
3363.451769151043,4687.680188321653,-1324.2284191706099
3358.5662591660293,5053.0975705760875,-1694.5313114100582
3362.0120241950517,3840.260270593552,-478.2482463985002
3360.4945956748866,4764.4043223419085,-1403.909726667022
3353.4069746863893,3821.4944129926153,-468.087438306226
3353.7353637459,4746.258321240313,-1392.5229574944133
3363.7517780052112,4253.924741861222,-890.1729638560109
3356.6577449651477,4246.930687546082,-890.2729425809339
4303.116495999093,4757.750806394093,-454.6343103950003
4322.814743976964,4774.757416724675,-451.9426727477112
4317.10231897231,4417.776550089127,-100.67423111681728
4297.234764245841,3760.947542773157,536.287221472684
4308.8136692469125,5058.59912793671,-749.7854586897975
4320.0741570585005,4709.51933285457,-389.44517579606963
4314.372033954609,3877.428945311612,436.9430886429968
4314.936742473788,3955.406192328693,359.5305501450953
4314.113041801615,4767.246041147964,-453.1329993463496
4308.463122216656,4113.70169929696,194.7614229196961
4314.2708347373955,4983.967361315242,-669.6965265778463
4300.934679502459,5047.948396518439,-747.0137170159796
3587.2625723045303,4329.906845444046,-742.6442731395155
3576.290116155093,4750.192023866367,-1173.901907711274
4085.2296982953953,4397.60017899352,-312.37048069812454
4101.582552298443,4268.510945172907,-166.9283928744635
4104.371571790621,4275.121385723567,-170.74981393294638
4100.452600939246,4413.919108918853,-313.46650797960774
4092.882972473321,4973.094403415166,-880.2114309418453
4087.833577534165,4253.335871028553,-165.5022934943877
4090.420674008825,5113.9471512335085,-1023.5264772246837
4085.530956589687,3618.997864656112,466.5330919335747
4656.38338266622,4231.848802795387,424.5345798708331
4674.3810109877895,4267.396244698789,406.9847662890006
4657.843242074156,4404.765900299929,253.07734177422662
4644.504758495612,4393.1068544515265,251.3979040440854
4663.89750655008,3942.350591673997,721.5469148760831
4650.325388974251,4394.041171418741,256.2842175555097
4670.320657179829,4989.196572635328,-318.8759154554991
4666.7036066342935,3870.213515822504,796.4900908117893
4656.857573691339,3700.102513511144,956.755060180195
3812.5110235883226,4901.043495894226,-1088.5324723059034
3808.092264796034,4186.546418173308,-378.45415337727354
3809.140657317495,4414.250778644168,-605.1101213266734
3809.531063972707,3827.282311580168,-17.751247607460755
3808.0747393564807,4761.854931702774,-953.780192346293
3827.078141348345,4499.612419634705,-672.5342782863595
4371.826783000464,4393.207238013194,-21.380455012729726
4375.477566367104,4758.8675519158105,-383.38998554870614
4360.112713519187,4955.873992356662,-595.7612788374745
4382.499332459712,5051.7355949794455,-669.2362625197338
4379.471694017659,3828.698765551926,550.7729284657325
4379.004635118132,4513.165711791037,-134.16107667290544
4377.278854198105,3610.515071065159,766.7637831329462
4370.329134966166,4962.405336274576,-592.0762013084104
5016.5839199625725,4399.56635439326,617.0175655693129
5032.022941142633,3441.459402691529,1590.5635384511038
5012.497875168757,4255.492041288354,757.0058338804029
5034.972678208739,5068.686413440185,-33.71373523144575
5029.229116570488,4424.186645660542,605.0424709099461
5008.184048861712,3937.9385832265034,1070.2454656352083
5022.947637584463,5062.281861847551,-39.33422426308789
5007.424117250752,5046.044053217416,-38.61993596666434
5019.782462744364,3836.2719680261052,1183.510494718259
5010.000391801308,3827.1165854957035,1182.8838063056046
4384.598050545396,4133.1268092070795,251.47124133831676
4380.050871743883,4006.2252963887995,373.82557535508386
4394.472373273721,3722.9144546023686,671.5579186713526
4384.34187810966,5054.416068961517,-670.0741908518576
4377.074329912186,5056.793376557156,-679.7190466449701
4391.439643712927,4629.28712833602,-237.8474846230929
4373.955409837721,5108.181350711484,-734.2259408737627
4371.856355105246,3607.078475376628,764.7778797286178
3806.818501778598,3863.5240711286638,-56.705569350065616
3806.0093396664656,4112.20952597032,-306.2001863038545
3825.723502008831,4529.731643676045,-704.0081416672137
3818.716356464252,5056.0765611462975,-1237.3602046820456
3804.280331707899,5045.05726536214,-1240.776933654241
3801.687570508026,5037.907249478695,-1236.219678970669
3356.564065447441,4692.8687344593445,-1336.3046690119036
3365.9071998577356,4757.61728813285,-1391.7100882751147
3342.8814012843973,3813.385456901672,-470.50405561727484
3360.6434861829675,4836.694227067065,-1476.0507408840976
3345.970606492231,3605.256369691697,-259.2857631994657
3369.7516934443715,3985.9735190938045,-616.221825649433
3356.224820767395,4755.162457217323,-1398.937636449928
3347.0538602157208,5034.39393237515,-1687.3400721594294
3357.4162956416158,4933.7287666622615,-1576.3124710206457
3360.6464122625057,3977.3550379307835,-616.7086256682778
3363.7516306482216,4410.2465464625975,-1046.4949158143759
3363.187117995828,4684.120778206595,-1320.933660210767
3363.546279969767,4836.339594279348,-1472.7933143095806
4303.116495999093,5052.032770114607,-748.9162741155142
4302.503927483706,4969.930128223634,-667.4262007399275
4286.4571658984105,4100.296177715057,186.16098818335377
4302.503333826397,4965.154783399614,-662.6514495732172
4289.670692631908,5036.730079561938,-747.0593869300292
4329.543002426982,4424.330598269232,-94.78759584225008
4302.680844557335,5080.574571829639,-777.8937272723042
4305.773461364784,3870.8825999596797,434.8908614051047
4286.558396523944,4956.054272509145,-669.4958759852016
4293.297054573134,3825.6878376833206,467.6092168898135
4300.5239201160875,3827.582968829592,472.9409512864954
4315.969260204571,5060.473946295685,-744.5046860911143
3609.0047551898397,4775.712626392292,-1166.7078712024522
3592.5083284803304,4963.660214133937,-1371.1518856536068
4082.7574460388437,3820.7157181640896,262.0417278747541
4100.253551294503,5121.121222448132,-1020.8676711536291
4094.2219153642745,4256.57324807838,-162.3513327141054
4096.060259512064,4439.215150785458,-343.15489127339424
4090.0722112440653,4602.387600975062,-512.3153897309967
4090.646812716463,4257.332353697729,-166.6855409812656
4094.572103099983,2839.4397336694324,1255.1323694305506
4092.756334884383,4757.261814191412,-664.505479307029
4649.072154998563,3404.005221683469,1245.066933315094
4663.9792175038765,5056.814378828329,-392.8351613244522
4669.039413249486,4414.449175079629,254.590238169857
4664.447429670609,4260.036197529197,404.41123214141226
4661.112943269517,3591.1531142254403,1069.9598290440767
4664.512336936635,4246.260174874283,418.252162062352
4663.643097883885,4618.824220981946,44.81887690193889
4656.373442979817,4757.665353090439,-101.29191011062176
4648.328790418099,4748.0430441018525,-99.71425368375367
3805.624893726661,3613.217561390287,192.4073323363741
3801.5448094105586,3936.707349271254,-135.16253986069523
3804.2179499200543,3968.259869023216,-164.04191910316194
3810.7460999793925,4832.994390117563,-1022.2482901381704
3797.161072872843,5043.5559494746385,-1246.3948766017957
3806.216580475907,4161.3917792123875,-355.1751987364805
4380.231848259528,3948.168329489087,432.06351877044153
4375.122643204335,5108.52978764003,-733.407144435695
4377.570758053786,3975.449209671452,402.12154838233437
4359.534736879251,4529.550266722064,-170.01552984281352
4382.837098269677,4615.067778231485,-232.23067996180816
4379.3278601121065,3615.524262081629,763.8035980304776
4368.645358147617,3648.8494167030904,719.7959414445268
4370.713841392328,3969.0270421176006,401.68679927472704
5007.290071058149,4106.419180000208,900.8708910579408
5017.510779399696,4761.39717999741,256.1135994022861
5012.097254007651,4404.8021094756205,607.2951445320305
5012.308497443431,3867.3482742995334,1144.960223143898
5002.332753007187,5035.852864881355,-33.520111874167924
5022.742982786413,3850.748097845913,1171.9948849405005
5016.364547463375,4975.818019023899,40.54652843947588
5017.570487416701,4515.902103932723,501.6683834839787
5027.923283272109,5063.710116610144,-35.78683333803474
5004.582679062462,4597.38116850673,407.20151055573206
4389.570507460724,3631.985791406015,757.5847160547091
4405.320547153398,4284.851419172205,120.4691279811932
4379.898333689564,5050.3868895414025,-670.4885558518381
4367.151688147663,3961.6690485607446,405.48263958691814
4374.36236400823,4475.325875040417,-100.96351103218694
4366.530557184943,4950.956134652629,-584.4255774676858
4379.968454647917,4233.039764394985,146.92869025293203
4390.851633520099,4960.4572065529865,-569.6055730328872
3805.646892365881,4398.910938814583,-593.2640464487017
3800.9440885774184,4469.811743268201,-668.8676546907827
3815.6699030710315,5063.409672722028,-1247.739769650996
3820.65013037579,5057.851526901586,-1237.201396525796
3805.598385936979,3971.9738545070027,-166.3754685700237
3804.175016111701,3940.342674889983,-136.16765877828175
3368.755680723269,4762.984091850075,-1394.228411126806
3366.125230584896,4407.214337866616,-1041.0891072817199
3356.752630259885,4973.2049955964985,-1616.4523653366136
3353.0005184826437,5033.732959770493,-1680.7324412878493
3356.3725712952614,4756.78118213693,-1400.4086108416682
3359.242454963357,4972.332485130442,-1613.0900301670854
3365.532389040669,3494.1444098081643,-128.61202076749532
3377.1189597731195,4423.579080090027,-1046.4601203169073
3359.2023261088257,4336.331469649529,-977.1291435407034
3362.7733465198157,4406.791573963527,-1044.0182274437116
3347.4493882528795,4392.001591826393,-1044.552203573514
3362.713113543755,3874.500504030059,-511.78739048630405
3345.4562634208355,5024.88702259209,-1679.4307591712545
4303.116495999093,3289.568661790418,1013.5478342086749
4313.249397509276,4812.703316567922,-499.45391905864653
4307.5377772233305,3419.112549271434,888.4252279518964
4312.281198376135,3847.7696187467545,464.5115796293803
4298.32616219364,3829.2087881232446,469.1173740703953
4308.0623859396,5122.207770811846,-814.1453848722458
4315.282374517796,3635.361041705494,679.9213328123019
4277.248930482377,4774.194564549112,-496.9456340667357
4288.736260036888,4789.981464441644,-501.2452044047559
4303.862258577369,4758.317399262819,-454.4551406854498
4303.230454729444,4609.984066426284,-306.75361169683947
4300.089798065364,5045.295765455625,-745.2059673902604
3604.8455691340064,4520.70579767677,-915.8602285427637
3583.3495181708413,3691.4171767625785,-108.0676585917372
4088.5285852236443,3659.954072900573,428.5745123230713
4099.395486110132,5063.120242935455,-963.7247568253233
4081.75747838907,4802.681239954963,-720.9237615658926
4089.9720432558734,4978.647557344355,-888.6755140884816
4092.3095557315655,4972.108626882976,-879.7990711514103
4103.046278229651,4773.214957646726,-670.1686794170755
4095.5865428552825,5125.55736237626,-1029.9708195209778
4089.5992513233828,3696.130870100477,393.4683812229059
4650.790983338394,4968.098990505944,-317.3080071675504
4668.497234788072,4415.3443012696725,253.15293351839955
4648.529128870847,3834.160697124392,814.3684317464549
4678.885061561515,4429.256308158145,249.62875340336996
4669.929812210319,3838.457854147311,831.4719580630081
4647.922245823337,4501.424925298574,146.49732052476338
4662.16441846837,3977.100009459263,685.0644090091068
4651.701720430212,4827.400216376498,-175.69849594628613
4660.763909352977,3691.0569881422794,969.7069212106976
3818.2281825113478,3987.1010719630603,-168.87288945171258
3806.386206884306,5045.05236255609,-1238.666155671784
3806.695314620351,3614.639747139868,192.05556748048275
3828.508858140489,5069.987631248297,-1241.4787731078077
3809.064338008007,3946.24228264182,-137.17794463381324
3820.5171116768674,3990.318484716313,-169.80137303944548
4375.944081641011,4437.3265185804175,-61.382436939406944
4383.680384466835,5123.287623144046,-739.6072386772112
4370.614135257698,4966.418564371751,-595.8044291140532
4380.448841971207,3771.7177832097354,608.7310587614716
4378.058330827926,4438.570114256288,-60.51178342836283
4371.982001223006,4748.150816809308,-376.1688155863021
4375.398334632523,4721.344828557204,-345.9464939246809
4379.819402542865,4949.524686020033,-569.7052834771685
5025.72666959177,5052.692267639017,-26.965598047247113
5014.643273205028,5048.685936895051,-34.04266369002289
5002.60995214569,4596.729157681578,405.8807944641121
5011.72429740963,4155.961060838158,855.7632365714717
5011.3267232540775,4393.045011770724,618.2817114833533
5021.016211727103,4191.362829615853,829.6533821112498
5014.318626425137,5079.812913206851,-65.49428678171353
5021.08102002415,3833.871680827779,1187.2093391963713
5018.196869262552,4759.865339805166,258.33152945738675
5007.526683196161,4941.626336199686,65.90034699647458
4389.386848969665,3630.3692262514537,759.0176227182114
4373.141684126449,4256.329998386288,116.81168574016101
4381.12668852158,4237.903221331669,143.2234671899114
4364.071971658259,4216.925564328907,147.14640732935186
4354.419849987071,5067.2483807730605,-712.8285307859896
4395.392565316022,4422.761708111812,-27.36914279579014
4388.504396394002,5123.875557689364,-735.3711612953621
4369.616438185502,4776.982465119524,-407.36602693402165
3829.0663864887856,4424.602408446092,-595.5360219573067
3806.4346554630442,4834.358952846228,-1027.9242973831838
3823.218633133833,5065.6649494797975,-1242.4463163459645
3822.669841631608,3988.7725177085968,-166.1026760769887
3814.720772788457,4977.874677754811,-1163.1539049663543
3806.413382966021,4804.696631988905,-998.2832490228843
3367.3672336511627,4800.462420814288,-1433.095187163125
3363.757136711432,4978.756608086351,-1614.9994713749188
3350.047812168362,5105.980093648506,-1755.9322814801444
3350.8080081779917,4505.866991875438,-1155.058983697446
3352.3853443411886,3828.7437992497535,-476.3584549085649
3354.598717142783,4896.380267079815,-1541.7815499370322
3354.7556227193286,2935.988446065112,418.76717665421666
3356.8828609570514,3588.433105710785,-231.55024475373375
3356.9646895421834,3117.7907974686786,239.1738920735047
3356.399533788,4954.055925404944,-1597.656391616944
3364.99097069411,4575.593780406711,-1210.602809712601
3350.3530654126994,3970.1679393522513,-619.814873939552
3352.242770270285,4603.24646802072,-1251.0036977504355
4303.116495999093,4512.790215195862,-209.67371919676953
4310.970645554179,4976.638947476527,-665.6683019223483
4291.946285801786,4226.803401469719,65.1428843320673
4318.564701275236,4530.420600026651,-211.85589875141522
4299.317180143282,5050.076902668608,-750.7597225253267
4306.264514748091,4263.236343149577,43.028171598513836
4300.304916553554,4396.606892585873,-96.30197603231863
4294.405606115671,3607.2777376378917,687.127868477779
4303.422044135357,3829.0765528764864,474.3454912588709
4308.353172010496,4767.189294354478,-458.8361223439824
4294.762095869368,3935.2722803001507,359.48981556921717
4297.906828250377,4964.186382318493,-666.2795540681163
3591.3039695157536,4752.724045789276,-1161.4200762735222
3598.672930629154,3444.24377930042,154.42915132873395
4096.284029275605,4168.339902471364,-72.05587319575989
4088.8104620931454,4505.195094320805,-416.3846322276595
4097.888275963001,3695.864497626397,402.0237783366042
4090.1128122836444,3616.5862617337375,473.5265505499069
4090.414925733504,5039.309356588519,-948.8944308550153
4098.281228194399,4412.457142742184,-314.1759145477854
4091.8723020755033,4691.315914485204,-599.443612409701
4081.731778523323,5038.939199900187,-957.2074213768642
4666.498647957772,4124.200048939103,542.2985990186689
4668.995586684559,4618.410409817718,50.58517686684172
4677.63278326727,4397.909591732902,279.7231915343673
4640.045757149947,4878.853586401231,-238.8078292512837
4659.914687450355,3612.387221601424,1047.5274658489311
4667.539031744759,5128.48756135217,-460.9485296074108
4648.8800588386,4178.448356924173,470.4317019144273
4667.152895713459,3602.642108793512,1064.510786919947
4683.10513066138,5137.607400201241,-454.5022695398611
3816.3597115730468,4763.703712016186,-947.3440004431391
3800.5179450883197,4750.981454980066,-950.4635098917461
3826.5946429675932,5001.582061587582,-1174.9874186199886
3796.068152600984,4385.051802399043,-588.9836497980587
3813.715742845245,5078.123610328991,-1264.407867483746
3799.5413718995615,4432.471676804842,-632.9303049052805
4392.830350527027,3306.7244385633744,1086.1059119636525
4372.173126915816,4323.32374258606,48.849384329756504
4382.808895636585,5051.9207762326505,-669.1118805960659
4377.51247092454,4516.380674259665,-138.86820333512514
4367.472662287784,3821.226275942997,546.2463863447874
4379.157556038903,3616.7859200782386,762.3716359606642
4379.33167301061,5047.756549611088,-668.4248766004785
4386.513833286202,4845.15242080747,-458.63858752126816
5009.515849791852,3824.4948249553768,1185.0210248364751
4998.689625797427,4960.05109615902,38.63852963840691
5010.536757657652,3864.5369620016563,1145.9997956559955
5033.6999727900975,4632.551274237541,401.1486985525562
5007.793372460944,4002.9065966043527,1004.8867758565912
5011.470568440976,5118.14846530993,-106.67789686895321
5011.539510964621,3409.203403026921,1602.3361079376996
5016.641615341746,4408.825335344042,607.8162799977035
5020.976139332422,4338.161844518418,682.8142948140039
5003.097088038808,4382.020683774067,621.0764042647406
4385.355086680028,4762.167218825576,-376.8121321455483
4389.329007470093,4770.085156204189,-380.7561487340963
4392.249014935371,4126.268961465393,265.980053469978
4376.319286639701,4767.222108468017,-390.9028218283156
4385.410397994489,5052.841589811755,-667.4311918172652
4361.952597007357,4742.654911440224,-380.70231443286684
4388.958527577277,4343.426697855717,45.531829721559916
4373.7319248154745,5031.554685815817,-657.8227610003423
3814.4643005367216,3874.536195495656,-60.071894958934536
3808.474501054158,3839.385670633921,-30.911169579763282
3825.6264064072084,3884.5272699900447,-58.90086358283634
3809.0477081128283,3488.630350878276,320.4173572345521
3820.8966177833495,5058.496491336807,-1237.5998735534572
3815.276360428812,3765.233264085113,50.043096343698835
3372.2209258352445,5058.787131209931,-1686.566205374687
3370.455731640096,3949.0107559460616,-578.5550243059656
3377.4193570986395,4063.704875279139,-686.2855181804994
3374.796711102951,4418.936961896885,-1044.1402507939338
3366.2428253318753,3849.6129954994676,-483.3701701675923
3351.9514749612586,3611.2551723529627,-259.3036973917042
3357.7677761734394,3699.597022105324,-341.82924593188454
3356.647421177866,3759.829841005399,-403.18241982753307
3370.1209598030027,4275.655428181194,-905.5344683781914
3349.679004706467,4788.296221587062,-1438.6172168805952
3354.937170198799,4398.5836034561635,-1043.6464332573646
3356.7305438390995,4614.217309943479,-1257.48676610438
3350.3220582423905,4394.277666000737,-1043.955607758346
4303.116495999093,5122.741927401722,-819.6254314026291
4299.303691245271,4608.960615605338,-309.656924360067
4302.340603360174,3975.9113858451,326.429217515074
4310.240963913984,4405.541161934005,-95.30019802002062
4285.565155907044,4500.872342188165,-215.30718628112118
4308.613415762355,4762.730168506942,-454.11675274458776
4293.009097208368,5024.901575558671,-731.8924783503026
4321.744344721691,4984.498547365782,-662.7542026440906
4331.604618619071,3464.6240760816336,866.980542537437
4311.318834513405,3769.300351008969,542.0184835044361
4303.81943830946,4971.16169259446,-667.3422542850003
4330.117353153465,4641.042628936784,-310.9252757833192
3593.6162754287484,3834.9718847459244,-241.355609317176
3596.110175885572,4759.6445165108735,-1163.5343406253014
4082.4282083778007,4431.577324707863,-349.1491163300625
4084.4585180169065,4966.843598134661,-882.3850801177546
4084.2839391575703,5042.600519914836,-958.3165807572655
4088.317781267089,3937.135610051067,151.18217121602174
4079.5446417636185,4247.1848766448775,-167.64023488125895
4096.433600076246,3699.673660476211,396.75993960003507
4085.578512004978,4746.86020597606,-661.2816939710815
4089.1755949772946,4752.311495799448,-663.135900822153
4674.3810109877895,5129.973152764126,-455.5921417763366
4652.896352278402,3605.5410133538353,1047.3553389245671
4662.941962696302,4762.727006340279,-99.78504364397759
4659.803300723673,3829.0605849268595,830.7427157968132
4645.2379165670645,4240.882638228067,404.3552783389978
4672.965317193825,4703.055528405447,-30.090211211621863
4665.762507329402,3874.3081822298977,791.4543250995043
4664.919814272125,4239.690087880608,425.22972639151703
4664.047473134619,4809.040236306273,-144.99276317165368
3816.3495916928396,5059.881790312481,-1243.5321986196413
3823.2322314394446,4777.83000501685,-954.5977735774054
3812.469039634459,5053.6819549687025,-1241.2129153342435
3821.8123568501132,5061.802871622361,-1239.9905147722475
3829.654362303885,3642.9771897958917,186.67717250799342
3803.654797137803,4385.17245000233,-581.517652864527
4381.932893032659,5051.830873713547,-669.8979806808875
4370.668598179654,5035.503086336836,-664.834488157182
4374.100799009102,4438.616792337312,-64.51599332821024
4377.9799158668075,4752.895849118274,-374.9159332514664
4385.889412220608,5014.943584665271,-629.054172444663
4379.2279053722705,5051.26904833935,-672.0411429670794
4383.4604359990635,4119.793491053414,263.66694494564945
4388.6616506328655,5070.692178243623,-682.0305276107574
5014.643273205028,4608.0043885635105,406.6388846415175
5024.444621295849,4980.223107900988,44.22151339486118
5014.861937799447,4517.251309000271,497.6106287991761
5019.0102573141485,4629.099495359194,389.91076195495407
5023.551271065286,4974.115413728433,49.43585733685268
5018.412252086102,4515.507486981769,502.9047651043329
5018.460743047231,3836.100711383624,1182.3600316636066
5026.303818227,4625.899021426909,400.4047968000914
5003.767105096994,3616.5595928854787,1387.2075122115152
5035.021669257894,5092.460434278975,-57.43876502108105
4374.4175537616675,4618.413774277174,-243.99622051550614
4385.673512808357,4437.88706057269,-52.21354776433236
4387.531172002284,4296.47798150386,91.05319049842365
4378.923877500244,4576.812429118836,-197.88855161859192
4377.379749956315,5045.332286207322,-667.9525362510067
4381.9387911080175,5049.193933677573,-667.2551425695556
4381.980488649566,4834.711304166226,-452.7308155166602
4397.863131660621,4395.970604867107,1.8925267935137526
3827.7685576351646,4994.4417446014995,-1166.673186966335
3818.943042912911,3979.3487157206064,-160.40567280769528
3824.6269234038623,5028.542998109369,-1203.916074705507
3810.8960192619443,4412.930406962025,-602.0343877000805
3815.1722914588377,4522.149753270791,-706.9774618119532
3813.503853680751,3980.476508306962,-166.9726546262109
3357.268347136851,3468.0590569910123,-110.79070985416138
3360.1178103476195,3517.743638273989,-157.6258279263693
3355.5782249843987,3973.6022076310987,-618.0239826467
3372.27959971258,3991.8846313594368,-619.6050316468568
3350.0084914338095,5035.653561863357,-1685.6450704295476
3356.906493433194,3185.1767496148727,171.72974381832137
3347.5731101810043,4104.192236006855,-756.6191258258505
3370.78512123628,4450.818337123978,-1080.0332158876986
3360.5925043868237,5057.332573257494,-1696.7400688706703
3361.1746645099734,3872.84663239158,-511.67196788160663
3350.6573930134155,4467.076934654679,-1116.419541641263
3357.567440529636,5043.943852847864,-1686.3764123182282
3352.717731816289,4404.611185686816,-1051.8934538705266
4303.116495999093,4974.71528337511,-671.5987873760168
4298.763072620853,5038.148826776282,-739.3857541554289
4313.442595133769,4408.861044879343,-95.41844974557443
4309.691488542582,4125.436997712064,184.25449083051808
4303.213929124965,4254.095179547341,49.11874957762393
4304.2184391119445,3288.866981096929,1015.3514580150154
4290.895282834991,4536.932387431107,-246.03710459611557
4296.310289850502,3613.7359141136053,682.5743757368969
4310.6761976538055,4443.628250614719,-132.95205296091353
4312.091256861158,4627.3430063466785,-315.2517494855201
4292.386809886846,4948.806360644729,-656.4195507578825
4310.940129591533,4766.620686683437,-455.6805570919041
3581.3495287923693,3815.7904533813357,-234.44092458896648
3604.0450515970088,4264.408803291909,-660.3637516949002
4086.610057955413,5044.324565168317,-957.7145072129042
4095.480555113356,3874.765434126586,220.71512098676976
4097.787485010917,4482.745055842903,-384.9575708319853
4073.881245819464,4316.776284797481,-242.89503897801706
4099.234142735065,3771.6177249513894,327.6164177836754
4084.0061553647106,4251.35815158648,-167.35199622176924
4112.659912535413,4781.577563929367,-668.9176513939537
4092.6072670601257,4401.054030598607,-308.44676353848126
4645.067691577516,4388.419171267473,256.64852031004284
4652.544186781574,4107.3278541362215,545.2163326453528
4670.951525766828,4769.152672560196,-98.20114679336803
4670.184044766039,4411.749496345958,258.4345484200812
4662.2743781322215,4732.4288358639815,-70.15445773175998
4665.07992860928,4520.781083664376,144.29884494490398
4673.046230159313,4991.442241142495,-318.39601098318144
4638.842422173348,4388.583210166204,250.25921200714401
4664.387293900027,5049.606092610701,-385.2187987106745
3817.5250415769156,4337.879370259919,-520.3543286830031
3805.2340439709506,4757.349028126369,-952.1149841554188
3822.768082193785,4131.787070619347,-309.01898842556193
3818.3134867091026,4816.063911842791,-997.7504251336882
3819.6906472448964,5063.7583402130995,-1244.0676929682031
3833.675096355311,4138.389267940844,-304.71417158553277
4385.521798231183,4263.38184473717,122.13995349401375
4376.590832623015,4759.00286491647,-382.412032293455
4398.020697533722,4993.23624570246,-595.2155481687378
4380.746318710012,4833.64027106234,-452.8939523523277
4373.19252790663,4752.219189420758,-379.02666151412814
4364.7139689932255,5100.4240177551865,-735.7100487619609
4376.974344559146,3862.0492655352814,514.9250790238643
4389.690704580014,4773.166981982205,-383.47627740219014
5014.685348381455,4963.309625764382,51.375722617072825
5016.587567482532,4766.256333996276,250.33123348625577
5008.317139990174,4682.882747159224,325.43439283094995
5012.733729943062,3759.521740381849,1253.2119895612127
5018.797919647371,4763.088830428027,255.7090892193437
4988.63209131539,3177.3296326782106,1811.3024586371798
5020.311606359679,4119.228499812718,901.0831065469611
5020.779728324917,4768.901035768587,251.87869255633086
5005.343483310591,4680.593971839776,324.7495114708154
5030.812739483932,4415.817866914703,614.9948725692293
4370.706605838304,3969.797626124618,400.9089797136862
4367.844565280436,3111.6614574598057,1256.18310782063
4387.286863159435,3842.121608340692,545.1652548187426
4382.043494199988,4191.300365465986,190.7431287340023
4367.2205597196835,4397.648406695249,-30.427846975565444
4369.616438185502,4747.0310149565275,-377.41457677102517
4365.436270330877,4742.810355735446,-377.3740854045691
4383.546056077271,3294.626418179796,1088.9196378974748
3806.6134824700475,4395.992765325529,-589.3792828554815
3810.92532816066,4549.727443383839,-738.8021152231795
3828.8362516417264,4775.951068289183,-947.1148166474568
3808.860170560265,4330.313082875825,-521.4529123155598
3811.5009302537746,4980.544338453411,-1169.0434081996364
3820.2833397990676,4419.050456519337,-598.7671167202693
3362.560693695717,3981.1093127369695,-618.5486190412526
3368.5431354447255,5053.401663602957,-1684.8585281582318
3357.1138625077133,5042.829953372139,-1685.716090864426
3363.301863480631,4971.5928342921725,-1608.2909708115417
3349.845275428236,4246.909840314934,-897.0645648866976
3354.733003897907,3606.496324171916,-251.76332027400895
3359.3279184750804,4259.1390392129815,-899.8111207379011
3374.196116970378,4968.885776883232,-1594.689659912854
3372.093862312591,3840.413894313356,-468.32003200076497
3347.435203572731,4396.336712399474,-1048.9015088267429
3369.951344586778,4269.761519089047,-899.8101745022695
3365.0548869959057,4123.1972447711505,-758.1423577752448
3362.205163496339,4505.92390022144,-1143.7187367251008
4303.116495999093,4331.583904975613,-28.467408976520346
4310.413273492555,3775.250947849735,535.1623256428202
4314.016369226118,3422.1004307726025,891.9159384535151
4297.596131638305,3972.150012499061,325.4461191392443
4298.095576655219,4505.716873727206,-207.6212970719871
4306.566842697137,4835.046903683533,-528.480060986396
4313.598197732108,4762.966618039201,-449.3684203070934
4297.731848371335,4399.25267185295,-101.52082348161457
4300.882918938326,3621.775834104841,679.1070848334848
4310.181020769599,4761.901162170767,-451.7201414011679
4306.034421224661,5044.211161376844,-738.1767401521829
4295.272463255427,4322.51881701776,-27.246353762332546
3582.74491134632,5030.919847030022,-1448.1749356837017
3602.647744019083,4621.836501172642,-1019.188757153559
4087.5376878448415,4655.581533959351,-568.0438461145095
4084.709491828665,3972.9595244664547,111.7499673622101
4091.09346588692,4115.6862889568165,-24.59282306989644
4084.2880620540136,3616.482276563503,467.8057854905105
4097.395956030794,5051.522372443421,-954.1264164126269
4101.773452440259,4983.599265955908,-881.8258135156493
4084.517630130513,4541.4320039293425,-456.9143737988293
4078.056729393065,4393.950175511688,-315.89344611862316
4659.92335553964,3842.837151499037,817.0862040406032
4658.789377025525,4758.477073388362,-99.68769636283741
4666.88997691918,3626.0263086568384,1040.863668262342
4672.625179335107,4342.887792173187,329.7373871619193
4673.207844963227,3988.389448324251,684.8183966389761
4663.839600212932,3837.434325804084,826.4052744088481
4657.599482898511,3822.752739124818,834.8467437736931
4686.059721768394,4435.68281414853,250.37690761986414
4666.1856923325695,4525.814172579437,140.37151975313282
3806.0743376263094,4571.774614352816,-765.7002767265062
3804.6959472770354,4606.878008421019,-802.1820611439839
3804.077667293924,4399.430813511669,-595.3531462177448
3824.7241659535225,4773.701925257407,-948.9777593038848
3808.9301337990446,4247.431987939331,-438.501854140286
3818.8734347271616,4981.928787297661,-1163.0553525704995
4377.823841198805,5032.8596360452075,-655.0357948464025
4387.10706457092,4410.28973360742,-23.182669036500556
4375.009475792458,4964.539979830509,-589.5305040380508
4378.790400078806,4395.34901476631,-16.558614687503905
4360.074550637017,4250.138579641288,109.9359709957289
4380.293513546241,4253.311769406667,126.9817441395744
4395.175818663695,3885.3889124874872,509.78690617620805
4380.6099401878155,4973.5056037241075,-592.895663536292
5002.60995214569,3967.434845199834,1035.175106945856
5014.861937799447,3767.2449954030726,1247.6169423963747
5012.571454879579,5046.649291071446,-34.07783619186739
5022.57269918075,3413.426142943209,1609.1465562375406
5008.487750570732,5042.322594557255,-33.83484398652308
5024.046857757737,3984.941726761696,1039.1051309960408
5009.789705772594,4968.790226246999,40.999479525595234
4994.221240310251,5033.217285796519,-38.996045486267576
5014.613293002178,4377.728085800441,636.8852072017371
5025.47225714309,4445.327725123328,580.1445320197627
4379.676704750438,4786.031274900132,-406.35457014969415
4380.519166646831,4764.675044861988,-384.1558782151569
4364.399634359262,4394.318975494701,-29.919341135439026
4376.920967211009,4785.982417854043,-409.0614506430338
4382.927630273667,3838.1241986302,544.8034316434669
4384.2526956070205,4402.326304541396,-18.073608934375443
4361.061296116207,4669.633871127392,-308.5725750111851
4387.937444100521,3498.299293086386,889.638151014135
3821.5061791771186,4124.286647401797,-302.78046822467877
3819.6445250060538,4416.744669362638,-597.1001443565842
3819.301323142132,4413.84624234265,-594.544919200518
3793.720730311692,4240.337498930798,-446.61676861910564
3795.814453370154,4745.185428117878,-949.3709747477237
3796.38353844013,4394.882389692813,-598.4988512526834
3364.989396147096,4374.546706044043,-1009.5573098969471
3367.5076513769345,4693.923943966328,-1326.4162925893934
3363.252304403102,5054.265713382804,-1691.0134089797025
3348.45679894599,4257.865022263295,-909.4082233173049
3365.068658157785,4949.029561219536,-1583.9609030617507
3370.984417430917,5052.260005772937,-1681.27558834202
3368.028269249476,3414.6644783055303,-46.63620905605421
3361.7525741263103,4973.486702763567,-1611.734128637257
3363.902735122252,3846.695049394962,-482.79231427271
3358.4857703773214,3826.226544406245,-467.7407740289236
3349.901440454936,4430.755423582422,-1080.8539831274857
3364.972637111508,5094.836387614926,-1729.863750503418
3344.6093773845314,5106.346318704016,-1761.7369413194847
4303.116495999093,3973.8934349862593,329.22306101283357
4288.083368817985,4389.944616381629,-101.86124756364461
4293.962623289444,3114.729597557043,1179.2330257324015
4311.236200895466,4766.981585826802,-455.74538493133605
4309.161823364505,3613.866937981347,695.2948853831581
4296.879789818476,4795.221687356523,-498.3418975380473
4299.818672732679,3699.9070196967,599.9116530359793
4296.393923744078,3604.3663099437094,692.0276138003687
4311.257503211461,3849.733764214131,461.52373899732993
4286.059144121658,4377.638913746951,-91.57976962529301
4311.214855652966,4414.842036529203,-103.62718087623671
4302.008737352985,5036.673277268658,-734.6645399156732
3591.123771572873,4613.858757936764,-1022.734986363891
3605.977871220412,3136.6602490047935,469.3176222156185
4086.623199728088,5043.505224064794,-956.8820243367059
4083.2578695094057,4326.1872921721,-242.92942266269392
4081.8453558097676,4433.053491134665,-351.2081353248973
4086.8753600139057,4963.503008703671,-876.6276486897655
4103.046278229651,4129.72938960239,-26.683111372739404
4095.537223008881,4981.680390559461,-886.1431675505796
4099.504318310874,3497.281241687375,602.2230766234989
4092.460252049075,4339.122109827032,-246.6618577779568
4642.840814571489,5024.430852402791,-381.59003783130174
4667.422509237977,4803.02835702834,-135.60584779036344
4667.363049081272,4250.639954761065,416.72309432020666
4667.789974023508,4406.031915284717,261.7580587387911
4651.687331145499,4961.471937422777,-309.7846062772778
4658.066935482519,4829.4166501007185,-171.34971461819987
4672.811709155773,3844.262278494893,828.5494306608803
4669.1613414229505,4128.992313738567,540.1690276843838
4649.762256279464,5035.978795765089,-386.2165394856247
3810.439676617968,3976.75216286556,-166.312486247592
3807.707187247197,4114.798017444541,-307.0908301973441
3800.6401066319527,5043.370636317284,-1242.7305296853315
3794.950462433821,4396.303426379664,-601.3529639458434
3798.279435031578,4426.443285817433,-628.1638507858552
3816.832046054489,4839.421445935944,-1022.5893998814545
4380.815259370736,5050.834842445878,-670.0195830751418
4382.220336262851,5058.402521766035,-676.182185503184
4370.746493429795,4104.301449650064,266.44504377973135
4365.60765475215,3430.280958242139,935.3266965100106
4378.038830177753,4258.915262487727,119.123567690026
4384.092601287637,4268.277025074128,115.8155762135093
4380.788402315402,5047.5980672589485,-666.8096649435465
4377.875350907486,4293.510833169359,84.36451773812678
5017.470134274231,3940.1984356633393,1077.2716986108917
5009.420070562107,5042.732031205165,-33.31196064305823
5017.835781926258,3945.2972559703717,1072.5385259558866
5025.344655787231,4444.837868692001,580.5067870952298
5013.3921898887675,4517.615075148011,495.7771147407566
5007.970657222338,3839.106071715126,1168.8645855072118
5007.334080054324,3689.1643890587416,1318.1696909955822
5006.024150642268,3933.908282202352,1072.115868439916
5011.736495138359,4973.170131294813,38.56636384354624
5020.737645685819,5122.078033087002,-101.34038740118285
4374.703922443186,4760.266247434633,-385.5623249914479
4377.826210960204,4437.601345171375,-59.77513421117146
4382.6032917622915,4409.857818625557,-27.25452686326571
4391.201602855059,3629.978160510658,761.2234423444006
4381.522386250994,3838.629161474974,542.8932247760199
4374.111417547606,4287.664223399136,86.44719414846986
4397.3436444810195,4917.4797052904105,-520.136060809391
4387.25871655555,4413.886679277521,-26.627962721971016
3816.0075772549035,4405.728775511623,-589.7211982567196
3808.431396322949,3685.6011579794667,122.83023834348205
3820.3801356907425,4449.211231820812,-628.8310961300695
3812.711273256033,3304.8427413465297,507.8685319095034
3794.355432578604,3927.07418621181,-132.71875363320578
3811.5697953780755,3620.4737399744563,191.09605540361918
3367.456588928999,4415.870044077478,-1048.4134551484794
3360.2941245717534,5059.890229776778,-1699.5961052050247
3361.490510883326,3705.8399147363734,-344.34940385304753
3356.8828609570514,4433.873108229,-1076.9902472719482
3362.508781151043,4763.760818475033,-1401.2520373239904
3379.030458061052,4686.718711126643,-1307.6882530655912
3372.5980770098013,4920.398736998903,-1547.8006599891014
3356.044247222504,4421.578435254597,-1065.534188032093
3371.0906671518737,4272.172649954946,-901.0819828030722
3362.070807238476,5114.142344608695,-1752.0715373702187
3357.5590355496706,4394.94573945453,-1037.3867039048591
3365.9189251291214,4754.02575885794,-1388.1068337288184
3344.4062187288055,4395.677315538301,-1051.2710968094952
4303.116495999093,4475.099534761548,-171.98303876245518
4312.064651637417,3766.143771534823,545.9208801025943
4291.133672946154,4597.680566168164,-306.5468932220101
4313.451449913454,4411.973584169538,-98.52213425608443
4292.43774055795,4752.177805801511,-459.7400652435608
4316.4308138383185,4812.966076123257,-496.53526228493865
4312.267822650909,3987.567198838651,324.7006238122576
4313.844421535285,3768.1591177369687,545.685303798316
4302.691023649372,4972.841879175629,-670.1508555262571
4309.542622405876,3627.3576530759265,682.1849693299491
4313.363087257487,4414.018341560915,-100.65525430342859
4300.681897807742,4232.65262370786,68.02927409988206
3599.5359348285183,4760.978981429768,-1161.44304660125
3592.396659224857,4253.806702229374,-661.4100430045173
4081.3249882484047,5037.431540032291,-956.1065517838865
4081.75747838907,3928.4487816796714,153.30869670939865
4101.424878051211,4621.463513091202,-520.0386350399913
4081.399272738329,4250.177443520612,-168.7781707822828
4095.061732899676,5057.955148505804,-962.8934156061277
4080.8222421334663,4030.3678019646304,50.454440168835845
4080.9883667720874,5040.020952296511,-959.0325855244232
4097.110074701119,3872.5904730570464,224.51960164407228
4657.843242074156,3620.183324569585,1037.6599175045708
4662.941962696302,4965.159756784718,-302.21779408841667
4649.546771757951,3748.6700032515823,900.876768506369
4681.951458035266,5142.221302515615,-460.2698444803491
4633.248935890804,4730.845184430735,-97.59624853993046
4660.153706223483,4979.4384117079535,-319.2847054844706
4668.417405000609,4768.1162485526775,-99.69884355206887
4674.686616722687,4416.308944087819,258.37767263486785
4653.2659996498405,4971.802354182567,-318.53635453272636
3805.2340439709506,4480.608666885107,-675.3746229141561
3811.976333764055,5108.259552011157,-1296.283218247102
3827.078141348345,5139.48839347673,-1312.4102521283853
3805.641745312103,4686.406163070754,-880.7644177586508
3819.1843234265593,4272.821671194879,-453.6373477683196
3806.796617335711,4514.70534825646,-707.9087309207489
4375.033531400974,4601.669336093812,-226.63580469283716
4378.933145129018,4762.505926498523,-383.5727813695048
4383.798513471771,3951.144513356728,432.6540001150429
4377.049797748311,4395.841905005318,-18.792107257007046
4373.867974723861,4435.067661080905,-61.1996863570439
4386.204551338869,3988.7877435560754,397.41680778279397
4384.510233172873,5048.295571461329,-663.7853382884559
4396.612534433671,4271.96047444923,124.65205998444071
5011.72429740963,3943.642265515396,1068.0820318942338
5019.0102573141485,5044.201583381648,-25.191326067499176
5022.57269918075,4260.96766246086,761.6050367198895
5018.334193460745,4254.046372749903,764.2878207108424
5020.679754756572,3952.088066874094,1068.5916878824783
5006.496374421644,3695.960004128967,1310.536370292677
5005.154299355937,4106.484481561272,898.6698177946646
5020.78438221396,4967.473033038716,53.311349175244686
4993.384606977217,4394.072520927093,599.312086050124
5007.015900494536,3608.641600510109,1398.3742999844271
4391.439643712927,4453.73539917027,-62.29575545734315
4387.065474057677,4270.068044518469,116.9974295392085
4361.3789652027945,4389.845071448898,-28.466106246103664
4366.877201202744,5005.937300776176,-639.0600995734321
4380.158322687365,4402.638454191128,-22.480131503763005
4371.607007580801,5046.944639956501,-675.3376323757002
4380.956250092987,5113.421872552728,-732.4656224597411
4378.250401289075,3832.09549469705,546.1549065920249
3822.8239724977234,4613.941212312935,-791.1172398152116
3810.0203678053285,4242.423858921545,-432.4034911162162
3790.887272047798,4322.774897587982,-531.8876255401842
3813.1595670919583,3624.1078987036535,189.05166838830473
3814.0735996544563,3622.792083217053,191.2815164374033
3803.3022998194706,3483.8703153356973,319.43198448377325
3372.27959971258,4704.26173712154,-1331.9821374089602
3369.859034457087,4449.551069374167,-1079.69203491708
3381.928916822535,3315.590273597356,66.33864322517911
3342.5001301688985,4949.885083966293,-1607.3849537973942
3356.4052542366812,3837.941168808335,-481.53591457165385
3370.377055067679,4988.677105052631,-1618.3000499849522
3350.3530654126994,4159.711347097579,-809.3582816848798
3378.0031112081692,5056.770280741568,-1678.7671695333988
3372.3009051214563,3844.4060828526663,-472.10517773121
3372.066082662255,4413.866017826282,-1041.7999351640265
3361.1915174466303,4509.172001444761,-1147.9804839981307
3354.366902202626,4254.3293418641015,-899.9624396614754
3362.808581194649,4611.669630299635,-1248.8610491049863
4303.116495999093,3120.813488373241,1182.303007625852
4298.319029296067,5039.757766765816,-741.438737469749
4298.762207906468,4508.910934229649,-210.1487263231811
4313.259909681876,4985.408221510864,-672.148311828988
4292.85808665066,4745.269872208373,-452.4117855577133
4309.71824816302,3852.952362526391,456.7658856366288
4291.543035169179,4390.802080290986,-99.2590451218066
4302.437369654219,3699.9219127611013,602.5154568931175
4300.795051069082,4954.778998889971,-653.9839478208896
4301.765855435183,3973.4360762289352,328.3297792062476
4300.836060481388,4330.072760205336,-29.236699723947822
4294.8026189877,4503.773715869387,-208.97109688168712
3588.163976954564,3942.455368476283,-354.2913915217191
3598.499908960372,4759.283850621423,-1160.783941661051
4099.2111832436385,4122.6014439894725,-23.390260745833984
4073.3954140756396,4593.32086326427,-519.9254491886304
4088.152523308308,4894.521657203491,-806.3691338951826
4084.5199435817335,4391.989470518004,-307.46952693627054
4084.6181420520043,4252.947136306471,-168.32899425446703
4095.2778136776315,5053.258164617408,-957.9803509397761
4088.0911846336166,4544.379497482339,-456.28831284872194
4092.3814115874757,4267.061083418901,-174.67967183142537
4677.639900315457,3958.7532427436586,718.8866575717989
4646.271970964702,4103.397491862732,542.8744791019699
4651.893224686295,3301.219425224431,1350.6737994618643
4663.741117391707,4980.01614069345,-316.2750233017432
4668.400483181658,3307.563411649327,1360.8370715323313
4660.663703838501,4902.444777078269,-241.78107323976838
4651.748955800815,4603.452013547127,48.29694225368803
4666.759392300572,4519.403824921808,147.35556737876323
4670.952000648457,5067.844612455655,-396.8926118071977
3797.589511651548,4243.6676133352585,-446.07810168371043
3809.8357155804347,4608.211890759374,-798.3761751789393
3814.710395819611,5062.894689974367,-1248.1842941547557
3818.0403652906944,4978.172301897344,-1160.13193660665
3809.800664769209,5040.458367846593,-1230.6577030773842
3814.287734085986,4339.48595627062,-525.1982221846338
4364.591353929509,3675.890844119868,688.7005098096411
4378.653637722261,4757.792381700811,-379.13874397855034
4368.966705651058,4604.2822305521695,-235.31552490111153
4386.256562646941,3615.3443934129396,770.9121692340018
4383.953739963576,3414.337797220419,969.6159427431567
4374.89774726262,4401.693245213651,-26.795497951030484
4371.064424673743,4609.216401601231,-238.15197692748825
4375.208735293164,5045.988356306823,-670.7796210136594
5026.968340918769,4498.518039063198,528.4503018555715
5011.098998122398,3608.1584821615497,1402.9405159608486
5005.8598083472025,4405.185618768751,600.6741895784517
5012.295546126012,3976.9328208030583,1035.3627253229533
4998.876815737939,3607.7259736898045,1391.1508420481346
5019.103082828192,3836.178306999556,1182.924775828636
5022.840323962518,3772.4522930115754,1250.3880309509423
5008.703715110539,4122.257560104446,886.4461550060923
5015.421903855622,4902.646558196896,112.77534565872611
5021.707747223954,4266.55659393988,755.1511532840741
4376.712249700407,4971.677968054787,-594.9657183543804
4359.424790483776,4741.108908698607,-381.68411821483096
4376.2783085578985,4967.701566819036,-591.4232582611376
4392.151002632202,5061.950935283243,-669.7999326510408
4374.701654329843,3765.791875714072,608.9097786157713
4367.567722472129,3606.714940785399,760.8527816867304
4379.027448705288,4256.350862380702,122.67658632458642
4380.152672035308,3408.9188644023616,971.2338076329461
3820.5801560819095,3632.5919049082995,187.98825117361002
3803.176396011742,4746.30476637657,-943.1283703648282
3817.3535894539527,3347.5427869163027,469.81080253765003
3808.995376868478,4114.71547286251,-305.7200959940319
3809.5482471974096,4332.385560942244,-522.8373137448348
3806.858847198554,3622.1964649612114,184.66238223734263
3381.2047779537284,4771.029819966822,-1389.825042013094
3362.5153821462554,4976.947838243614,-1614.4324560973582
3348.493469075022,4419.874662502188,-1071.3811934271657
3354.6561380692683,4015.758548325341,-661.1024102560727
3361.003528619703,3765.969825214123,-404.9662965944199
3351.733162046515,4822.2257922106655,-1470.4926301641503
3357.4397092798777,5046.645371571323,-1689.2056622914456
3371.458399837582,5048.84541282624,-1677.3870129886582
3373.6825541944713,4955.743837345859,-1582.0612831513877
3366.127295588479,4756.3694244133885,-1390.2421288249097
3369.652874871265,4495.706442124307,-1126.0535672530418
3354.8072689310293,3122.20854009161,232.59872883941944
3353.5281113302785,5041.992658222855,-1688.464546892577
4303.116495999093,4757.130508134851,-454.0140121357581
4307.695699364604,4575.523976837358,-267.82827747275405
4312.0104800771,4668.091330588268,-356.08085051116814
4312.132784728071,3708.882417140804,603.2503675872667
4294.261879547474,5035.997476482605,-741.7355969351311
4298.118813733195,4436.370117481254,-138.2513037480594
4307.991412589604,3698.9830982088292,609.0083143807747
4297.951345626234,3827.4178167477376,470.5335288784963
4299.679462150966,4394.757553371934,-95.07809122096751
4305.76309857258,5046.388787956092,-740.6256893835116
4295.662660066352,3824.3711579381556,471.2915021281965
4301.43768004539,4755.049550305758,-453.61187026036805
3575.0856338096023,4246.827669612735,-671.7420358031327
3597.010780753278,4409.328474758042,-812.3176940047638
4093.0611530395804,4117.359795833583,-24.298642794002717
4107.645227758961,4921.925851174244,-814.2806234152831
4095.0155292009467,3978.023671480541,116.99185772040573
4094.064278896354,4983.751662128486,-889.6873832321317
4091.0779882161296,4330.023751769653,-238.94576355352365
4071.4653836569946,3812.7724232721253,258.69296038486937
4087.631261564711,4403.5375313070945,-315.9062697423833
4097.088042307594,4487.110591064752,-390.0225487571579
4655.722799394469,5039.877317413793,-384.1545180193243
4663.426063981887,3837.856197458856,825.5698665230307
4657.171044013849,4759.803071638378,-102.63202762452966
4655.529355160581,4248.156529692831,407.37282546774986
4648.8800588386,4745.6440866217035,-96.7640277831033
4664.621269834491,5053.985001166869,-389.36373133237794
4649.211960131565,3943.535159664151,705.6768004674145
4650.1992647108655,4397.443740231207,252.75552447965856
4679.995495194706,5060.753234108048,-380.7577389133421
3812.0059228558002,4980.8424136309295,-1168.8364907751293
3810.4771441821504,5043.143878086096,-1232.666733903946
3810.423792754482,3830.5229663623495,-20.09917360786767
3804.4278859663145,3971.5069993564075,-167.07911339009297
3831.328561357562,3643.053024306496,188.2755370510663
3832.077648881944,4540.339218539839,-708.261569657895
4367.694926178211,4751.61809741663,-383.92317123841894
4379.877221554478,4965.5574771698775,-585.6802556153998
4379.157556038903,4806.948564283216,-427.79100824431316
4380.281865643427,4806.018766148442,-425.736900505015
4368.966614284821,4297.759436129474,71.20717815534681
4367.2804199648235,5036.9902121371815,-669.709792172358
4381.074784327906,5049.175179851146,-668.10039552324
4390.633596083449,4246.777756167759,143.85583991569
5011.3267232540775,3357.2784365230345,1654.048286731043
5023.551271065286,4910.431455980916,113.11981508436929
5008.487750570732,4256.554734443535,751.9330161271964
5020.679754756572,4302.741659846994,717.9380949095785
5001.473149898963,5030.447401274541,-28.974251375578206
5018.7725133896465,3834.034798086485,1184.7377153031616
5011.893689865006,3682.7841635519367,1329.1095263130696
5025.241715706429,4619.915720036814,405.3259956696156
5028.574266541051,3322.0663285437113,1706.5079379973395
4998.4074678548905,5064.549895892825,-66.14242803793422
4371.133441703763,4781.0466800282275,-409.91323832446415
4371.51257783781,4469.474986669437,-97.96240883162773
4372.626941362029,3971.4666023347836,401.16033902724575
4373.318869792211,4293.044731579278,80.2741382129334
4369.007031353982,4243.602291989734,125.40473936424769
4373.414498673858,4799.00369501531,-425.5891963414515
4392.574453997182,5136.389375436071,-743.8149214388886
4401.587313908327,3964.318002121451,437.26931178687573
3818.1444786504408,4238.091747203507,-419.94726855306635
3798.358327113666,4394.674980546187,-596.316653432521
3822.148809946775,4767.878747488933,-945.729937542158
3803.8149465416354,3615.9271969379033,187.88774960373212
3808.007759419427,4521.106453668821,-713.0986942493937
3812.330534564668,3304.9591902673706,507.3713442972976
3355.7178092926524,4968.579927931078,-1612.8621186384253
3367.8675581348307,3633.424326203027,-265.5567680681961
3355.178555696102,4288.396739968541,-933.2181842724385
3369.261317715835,4405.988557295679,-1036.727239579844
3355.1862428236004,4511.314396286686,-1156.1281534630857
3375.740687048381,3426.158566536446,-50.417879488064955
3364.470540158392,3846.0988767962617,-481.6283366378698
3363.364160318915,4980.5946590409,-1617.2304987219854
3362.8315915263065,3976.5287926392757,-613.6972011129692
3369.0992797676595,4343.992600573735,-974.8933208060757
3374.040835397933,4995.114901029969,-1621.0740656320359
3354.1921739315467,4950.59170115316,-1596.3995272216134
3368.7628688150508,4412.744852528743,-1043.981983713692
4303.116495999093,4621.011217429658,-317.89472143056537
4298.258687629486,4824.57972676531,-526.3210391358234
4301.732032308522,4399.190700494441,-97.45866818591912
4304.6244788294125,4512.952606950003,-208.32812812059092
4290.8062732202625,4749.157279456339,-458.3510062360765
4314.626953530259,3844.335395865353,470.2915576649061
4287.800202171631,3961.1151013954386,326.6851007761925
4303.175559987756,4974.768739630393,-671.5931796426366
4308.463122216656,4806.238067820245,-497.774945603589
4314.843154507529,3834.8877093854435,479.9554451220856
4300.089798065364,4807.393450088122,-507.3036520227579
4292.413553710732,4949.743297730041,-657.3297440193091
3586.7693717474617,4755.821532104151,-1169.052160356689
3603.2750621876958,4270.64792782275,-667.372865635054
4099.703516225874,3773.8505592463694,325.85295697950505
4103.655386520696,4451.416341265913,-347.7609547452166
4092.882972473321,3122.2433171966436,970.6396552766773
4086.0874109438237,4757.57924347765,-671.4918325338267
4092.0657380297857,3949.897729453555,142.16800857623093
4081.607179635868,4740.650833294805,-659.0436536589373
4085.6823412091476,4599.901424088785,-514.219082879637
4095.203733223598,4435.856645879044,-340.65291265544556
4656.9184873942595,3341.3751594866026,1315.543327907657
4651.841505169167,3815.305306828727,836.53619834044
4650.325388974251,4249.878253391437,400.44713558281364
4646.592148536052,4394.526672666899,252.0654758691535
4655.590528796359,4612.492000828601,43.098527967757946
4638.486508677483,5021.066907775114,-382.580399097631
4654.848030017608,4399.365341496348,255.48268852125966
4662.306455588184,3832.998448922687,829.3080066654966
4661.389178698644,4760.6734569598375,-99.28427826119332
3822.768082193785,4268.654465736376,-445.88638354259047
3827.078141348345,3847.0633267264307,-19.98518537808559
3802.5240746419763,3968.6091437814293,-166.08506913945303
3801.3541192200887,4968.034503335924,-1166.6803841158348
3796.206460026165,3856.662383182432,-60.45592315626709
3800.4133846402933,4609.621528643882,-809.2081440035886
4383.31515151674,4978.41215662741,-595.0970051106697
4369.931685001959,5036.882616801112,-666.9509317991533
4370.485482715492,4391.331761948783,-20.84627923329117
4379.819402542865,4401.9805020661615,-22.161099523296798
4376.3289087561825,4409.013014998216,-32.68410624203352
4377.60941353074,4396.276019411737,-18.66660588099694
4396.085037117339,3783.314467774033,612.7705693433063
4389.967421716638,4410.596656285508,-20.629234568870743
5021.76228480958,4413.554707498468,608.2075773111119
5013.218820986951,4247.424483408742,765.7943375782088
4993.444436247293,3475.3753766075247,1518.0690596397685
5010.000391801308,4682.986264105068,327.0141276962404
5003.312893016839,4384.095828418566,619.2170645982724
5020.677422365636,5047.766383708716,-27.088961343079973
5034.4814248533785,3705.2821263651117,1329.1992984882668
5016.720857337077,4516.816111271357,499.90474606572025
5028.448903279931,3848.114283100761,1180.33462017917
5006.533140037916,5040.634085120052,-34.100945082135695
4389.751647310683,3850.1150546582726,539.6365926524109
4372.329926137458,3970.502460088619,401.8274660488387
4366.4255374658815,4147.097035781948,219.3285016839336
4392.039792853242,3852.757970434027,539.2818224192151
4383.397885188836,5123.507999614876,-740.1101144260401
4390.485145928459,3853.0788643842197,537.4062815442394
4375.23833293328,4436.29522054962,-61.056887616340646
4375.3534278932775,3829.378554599467,545.9748732938106
3819.2617273371834,5056.441458324245,-1237.1797309870617
3813.1595670919583,3693.38127918081,119.77828791114825
3822.901127806364,4275.823383503433,-452.92225569706943
3804.9302493810733,4961.722808105426,-1156.792558724353
3787.4991637178628,4166.6734366218725,-379.17427290400974
3812.552334675797,3835.2820480223877,-22.72971334659087
3364.3031551523954,4816.19743650811,-1451.8942813557142
3356.9646895421834,4408.496641000739,-1051.5319514585558
3354.763895118779,4609.247197816809,-1254.4833026980295
3363.546279969767,3837.017382598203,-473.4711026284358
3353.242144841926,5122.766178918333,-1769.5240340764071
3347.755542453649,5067.389060628148,-1719.6335181744994
3341.45939544496,5019.7040592078,-1678.24466376284
3358.7079102023627,4255.909393207176,-897.2014830048138
3351.861625705085,3815.7372451855754,-463.8756194804905
3364.5419005498334,5124.697787111473,-1760.1558865616398
3363.6136423952107,4608.862329080081,-1245.2486866848699
3350.139075122648,4257.641553842607,-907.5024787199591
3362.697118684691,4439.13880146809,-1076.4416827833988
4303.116495999093,4405.593881734083,-102.4773857349901
4311.3198669878,3837.588306849603,473.731560138197
4306.8152553900145,4263.270628456611,43.54462693340338
4293.420588554587,4750.912224077404,-457.491635522817
4304.0435830069255,4261.70546629758,42.33811670934574
4309.930724375868,5049.081357450565,-739.150633074697
4299.055490793366,4759.329198608978,-460.2737078156124
4319.873863621914,4989.136500829955,-669.2626372080413
4299.49570337015,4542.988951199686,-243.4932478295359
4303.230454729444,4260.511188980492,42.71926574895224
4291.196431879297,5106.868123803339,-815.6716919240416
4298.165837061273,5036.5944373154325,-738.4286002541594
3595.6640748093073,4424.657661149803,-828.9935863404958
3586.6550924600447,4259.919571899395,-673.2644794393505
4098.944344345854,4664.5548010262955,-565.6104566804415
4080.355120337359,4606.061059119707,-525.7059387823483
4094.573499681772,4977.572357298212,-882.9988576164405
4092.711752754622,4116.869880555794,-24.158127801172213
4095.5865428552825,3700.254982411426,395.33156044385623
4099.504318310874,5051.98784192078,-952.4835236099061
4067.1228976993134,4388.408100015404,-321.28520231609036
4086.382181069745,3613.194151680461,473.1880293892841
4644.504758495612,4958.17421037633,-313.66945188071804
4659.803300723673,3412.3269478460147,1247.476352877658
4681.951458035266,3710.176433456235,971.7750245790312
4655.089113431928,4801.0739005101705,-145.98478707824233
4677.023533789686,3887.188598082263,789.8349357074226
4660.763909352977,4766.908783699047,-106.14487434606963
4656.379866227592,3838.6929477823182,817.6869184452739
4646.153257502331,4247.4851700261515,398.6680874761796
4650.273491214345,4320.887668529929,329.38582268441587
3805.690073704981,4977.48543440426,-1171.7953606992787
3810.862367179606,4978.869351025726,-1168.0069838461204
3805.833904639366,4755.353091602077,-949.519186962711
3819.0492393989916,5130.397415361372,-1311.34817596238
3796.7907661905774,3818.390753381121,-21.599987190543743
3818.0091312446616,4167.764685823432,-349.75555457877044
4363.198788338165,3720.0205981911927,643.1781901469726
4365.60765475215,4826.455273296961,-460.84761854481167
4372.598499809655,3694.2852592068302,678.3132406028244
4405.582727043021,3644.685631958646,760.897095084375
4382.52776433472,4119.523511259851,263.00425307486876
4373.843162969473,4394.28642529663,-20.443262327156845
4400.517867773322,4281.968722413015,118.5491453603072
4374.122044179986,4792.027095897557,-417.90505171757104
5021.016211727103,4407.631382937791,613.3848287893115
5018.412252086102,5119.121725639026,-100.70947355292446
5024.046857757737,4768.457339755394,255.58951800234263
5006.496374421644,4828.624378921706,177.87199549993784
5018.7725133896465,3611.8628021693216,1406.9097112203249
5011.4377284095945,3676.7379423189873,1334.6997860906072
5019.659453419775,4121.301878357538,898.3575750622367
5003.701885051931,4472.686150248663,531.0157348032681
5028.211314827894,4991.324849596062,36.88646523183161
5035.764240834007,4500.605887365568,535.1583534684387
4399.692907687637,4779.210881904499,-379.51797421686206
4376.5599862776635,3833.103520614062,543.4564656636016
4374.111417547606,4252.004959018571,122.10645852903508
4380.632491360887,4977.491496280381,-596.8590049194945
4380.680152264073,4166.817019612525,213.86313265154786
4389.740495772444,4344.144310979997,45.596184792447275
4378.936284333863,4974.905194294054,-595.968909960191
4384.660620064023,3635.629621693409,749.0309983706138
3811.758537046464,3297.2012826333976,514.5572544130664
3808.245644735803,4604.3570997128345,-796.1114549770314
3806.6420748425103,5030.076405754067,-1223.434330911557
3801.6335116374603,3822.528509135162,-20.894997497701752
3818.4055378822554,4620.035880412893,-801.6303425306373
3806.4267628568623,4003.5050328933057,-197.07827003644343
3347.5731101810043,4535.597728057034,-1188.0246178760299
3369.70231609167,5052.7015424917845,-1682.9992264001144
3355.996996870084,4441.152698874356,-1085.1557020042724
3350.3530654126994,4758.991847344087,-1408.6387819313873
3353.021811477534,4400.240962787694,-1047.2191513101602
3358.3947097623263,3981.362648867369,-622.9679391050427
3360.212467917251,3835.007449834852,-474.79498191760104
3365.9189251291214,4758.905528652153,-1392.986603523032
3350.5385554415843,4248.814927257582,-898.2763718159977
3371.0094019292656,4270.326408951482,-899.3170070222168
3361.4002029018006,3476.4920541372685,-115.09185123546786
3353.1031830582583,4759.741774123918,-1406.6385910656595
3358.6928314115444,4520.464863536456,-1161.7720321249112
4303.116495999093,4543.132142064798,-240.01564606570537
4303.605352365211,4975.939426701371,-672.3340743361605
4299.573535868216,5037.430856925243,-737.8573210570266
4310.2485402231005,4311.061710560292,-0.8131703371918775
4320.75326562614,4532.814003573576,-212.06073794743588
4318.590702677729,3459.0623173759727,859.5283853017559
4296.190507494631,5064.808253415407,-768.6177459207765
4316.702090028436,4345.376430876325,-28.674340847888743
4313.807702942194,5062.581096770748,-748.7733938285546
4307.283377484336,4400.114372456715,-92.8309949723789
4309.236504465999,4694.638130601591,-385.40162613559187
4296.908303234588,4613.922244442695,-317.0139412081071
3601.152762905792,5115.217043448181,-1514.0642805423895
3588.8425243105835,4432.373310639,-843.5307863284165
4080.0457823984248,4423.356490950391,-343.3107085519664
4099.253455720088,5057.379953160696,-958.1264974406076
4091.6472561163555,4901.988378388792,-810.3411222724362
4095.3219868854785,3414.0668236273436,681.2551632581349
4098.315468902731,5042.988653336359,-944.6731844336282
4109.842431368839,5069.838072720407,-959.9956413515674
4084.78588265339,3827.1658705373625,257.62001211602774
4092.9774289718775,4829.7405287279735,-736.7630997560959
4664.396664382437,3979.219032015593,685.1776323668441
4675.605621681867,4626.983853495219,48.621768186648296
4665.308170171477,4620.577271472866,44.73089869861087
4666.512794365564,4118.390362082364,548.1224322832004
4655.404036933535,4397.36241128583,258.0416256477056
4647.948493616687,3429.301451278707,1218.64704233798
4659.191878952301,4803.956343797374,-144.76446484507323
4647.745599364427,4503.731993192448,144.01360617197952
4645.467149343773,4597.876961575069,47.5901877687038
3812.4704130323566,4765.282822035111,-952.8124090027545
3802.742349191013,3860.357744598871,-57.615395407857704
3811.2302063677103,4378.74519356433,-567.51498719662
3813.8249438457997,4440.65379329825,-626.8288494524504
3819.750719014188,4671.450916459289,-851.7001974451014
3795.2532424916108,4818.830953590309,-1023.5777110986983
4387.62978630241,4551.874970361136,-164.2451840587255
4370.259824003799,5040.67270363653,-670.4128796327313
4372.432777308526,4398.903233465369,-26.470456156843284
4350.627211694131,4524.199064290605,-173.57185259647395
4372.452944950255,3700.7569298335484,671.6960151167068
4373.428646790114,4400.170278994991,-26.741632204877533
4382.614320095044,4839.3639144935205,-456.7495943984768
4385.195135134933,4412.020285569834,-26.825150434901843
5018.8190046284,3769.2336578299773,1249.5853467984225
5016.12284521112,4396.714988523358,619.4078566877615
5023.0584794178785,4416.771813792521,606.2866656253573
5026.544599419067,4412.82901031347,613.7155891055972
5017.378469817695,4115.461990178759,901.9164796389359
5030.380882692007,4409.614505337638,620.7663773543691
5017.678690508222,3472.976448164919,1544.7022423433027
4999.112209619177,5031.850605404871,-32.73839578569459
4998.238909184138,4240.841434437842,757.3974747462962
5011.715228295757,4607.813329503249,403.9018987925074
4382.94107914523,5052.824959414161,-669.8838802689306
4355.845545588633,4554.005451539246,-198.15990595061248
4353.063089607194,4943.41999268659,-590.356903079396
4385.243022323007,3983.9812449795095,401.2617773434972
4375.0133981184845,4260.430526198087,114.58287192039734
4395.395624292425,4531.382068871953,-135.98644457952832
4391.89919093759,4776.706779213973,-384.8075882763833
4369.660397882677,4252.438177792169,117.22222009050802
3809.002033290119,5007.181652954021,-1198.179619663902
3815.0668887167385,3983.888637243278,-168.82174852653952
3831.8832269813524,3810.6726288770974,21.21059810425504
3813.24797420644,4513.8217006514105,-700.5737264449704
3797.5206818779716,3819.619266217146,-22.098584339174522
3824.0804079731415,3960.4221261961634,-136.34171822302187
3352.4120082103873,4407.200581853134,-1054.788573642747
3372.410799038596,5054.182757489817,-1681.771958451221
3380.0074353137634,4567.296597391828,-1187.2891620780647
3373.809221201179,4123.036878782048,-749.2276575808692
3362.0365425671584,3835.5766273709755,-473.5400848038171
3345.274991842549,3752.7870657693857,-407.5120739268368
3376.290190794795,5066.741078640612,-1690.4508878458169
3366.5447865883957,4522.302303241911,-1155.7575166535157
3365.5256993096687,3830.784888016672,-465.25918870700343
3359.331159977836,5044.575221620984,-1685.2440616431481
3350.4798395894304,3860.9323420773235,-510.45250248789307
3367.787007675946,4413.874324406949,-1046.0873167310033
3342.137321980067,3747.2796591128485,-405.14233713278145
4303.116495999093,5052.032770114607,-748.9162741155142
4296.8211101408,4249.283189374168,47.53792076663194
4312.274139094733,4764.452145661692,-452.1780065669591
4301.2574878627665,4754.986143726904,-453.7286558641372
4294.53037393166,4891.084876236587,-596.5545023049272
4306.116911549818,4406.503755318692,-100.38684376887431
4296.165322922036,4964.65428618682,-668.4889632647846
4284.147748760911,4380.019237946384,-95.87148918547337
4315.03022966851,3990.2371597316915,324.79306993681894
4302.178084930229,3488.5522977194482,813.6257872107803
4306.6107612347305,3624.612960973491,681.9978002612393
4306.9445993928075,4121.88838108825,185.05621830455766
3584.39704418361,3821.4515183337026,-237.05447415009257
3607.614520694411,4989.053499555018,-1381.4389788606068
4087.993754022302,4255.06722073527,-167.07346671296818
4089.9720432558734,4439.721604497461,-349.7495612415878
4081.399272738329,4600.711919829054,-519.312647090725
4086.5121841021733,5119.913248333261,-1033.4010642310882
4088.377677217095,5122.524506791494,-1034.146829574399
4105.912486024488,4461.568517273443,-355.6560312489546
4092.5817439675902,4607.903855239297,-515.3221112717065
4088.2890080264992,4404.526713331314,-316.2377053048144
4672.738292449047,3298.399594830644,1374.3386976184024
4662.566613651255,5056.165338928404,-393.59872527714924
4653.1482205476705,5043.387409687537,-390.23918913986654
4652.888414832468,3944.0169941527315,708.8714206797363
4665.3769008288355,3474.5663733868478,1190.8105274419877
4645.821476480758,3610.9966352414394,1034.8248412393186
4655.722503895528,4114.687626359839,541.0348775356888
4659.342576459927,3844.596123047075,814.7464534128521
4683.111776290003,4990.4295828506165,-307.31780656061346
3818.3134867091026,4271.900863939872,-453.5873772307691
3805.641745312103,4256.107795042473,-450.4660497303703
3801.3541192200887,3680.5565291436965,120.79759007639223
3816.2031584949714,4979.782542461639,-1163.579383966668
3803.9080445044224,3756.894210451452,47.013834052970196
3813.833906100356,4903.469937638587,-1089.6360315382308
4392.203331201629,4056.2877081747674,335.9156230268618
4396.1163366463525,3306.738179949113,1089.3781566972393
4388.704353729374,5028.5540303779535,-639.8496766485796
4403.890945255308,4002.1130292915705,401.77791596373754
4386.392214443436,3843.817807927993,542.5744065154436
4383.624064447629,4264.857195884065,118.76686856356446
4381.290084077509,4516.297872135056,-135.00778805754726
4382.34698049918,5059.37221534337,-677.02523484419
5014.318626425137,4758.090798139522,256.22782828561503
5018.460743047231,3848.4869161983997,1169.9738268488309
5009.789705772594,4510.540849378645,499.2488563939487
5005.154299355937,4750.513038453787,254.64126090214995
5011.893689865006,4390.794611771805,621.0990780932016
5019.659453419775,5118.563958020299,-98.90450460052398
5017.390252197021,4660.459608379275,356.9306438177464
5008.217175006618,5043.310061459399,-35.092886452780476
5007.628561043472,4390.319206068557,617.3093549749146
5007.870587006201,3972.406088137387,1035.4644988688142
4364.062186112915,3603.2459944222846,760.8161916906301
4372.286540751281,4393.579174678299,-21.29263392701796
4383.880288737032,4978.060262774751,-594.1799740377191
4371.141363542899,4508.15058846805,-137.0092249251511
4385.228406777955,3974.754930438127,410.4734763398278
4376.756716913896,4260.894897916102,115.8618189977933
4395.743897667236,5069.337412127452,-673.5935144602163
4390.000121395023,4803.516481929909,-413.5163605348862
3813.652186448969,3622.6400469690348,191.01213947993438
3803.3022998194706,5029.911761555118,-1226.609461735647
3818.7717520075475,4405.02521024914,-586.2534582415929
3812.552334675797,4973.527462849664,-1160.9751281738668
3813.147653792822,4510.565459712217,-697.4178059193946
3810.5142418869427,4265.15530392574,-454.6410620387969
3356.370890586136,4957.76149730496,-1601.3906067188245
3366.789100283284,4764.138726443046,-1397.349626159762
3359.1184853562117,4263.333088075558,-904.2146027193467
3352.7218644396007,3976.7789603942074,-624.0570959546067
3347.7628491389833,4400.087644380691,-1052.3247952417078
3365.567028143888,4421.586155712557,-1056.0191275686693
3369.910065496782,3636.236962978502,-266.32689748172015
3358.7905145227883,5039.266838257125,-1680.4763237343363
3366.5626037296497,3620.3799170304687,-253.81731330081902
3363.852193406343,3771.918425121693,-408.0662317153501
3360.8956857583808,4936.067384055837,-1575.1716982974558
3359.031638415648,4111.2268126591725,-752.1951742435244
3342.977633522425,3848.4160347908146,-505.4384012683895
4303.116495999093,5048.7244492020845,-745.6079532029917
4310.852747534974,4800.487672519049,-489.63492498407504
4305.631486339084,3343.4414436930647,962.1900426460197
4299.139670503319,4407.928837063627,-108.78916656030742
4306.370605546161,4614.831752562384,-308.46114701622355
4316.067281998708,4770.234800010654,-454.1675180119464
4290.733145455967,3830.1208669580715,460.61227849789566
4306.954553612327,4400.948173159932,-93.9936195476048
4299.668483220339,4749.306429770918,-449.6379465505788
4305.027718026523,3733.529293594545,571.498424431978
4297.25346136712,4397.416967620985,-100.16350625386531
4309.224823197697,3825.606062634289,483.61876056340816
3593.4297736675603,4749.891437242714,-1156.461663575154
3583.9540513570523,3821.439385650007,-237.48533429295458
4092.5385519663137,4117.711452627958,-25.17290066164469
4108.940068341771,4778.661841580434,-669.7217732386634
4103.619995085756,4773.59942584669,-669.9794307609336
4094.08285067874,5047.360317754518,-953.2774670757781
4084.1027187823024,5039.628905495212,-955.5261867129097
4108.284109598318,5063.175544467074,-954.8914348687567
4107.072704529546,5060.473912790581,-953.4012082610352
4093.7379855877643,3704.6010581415303,389.13692744623404
4656.045808954619,4398.159411326634,257.8863976279854
4658.273457366203,4622.336045102564,35.93741226363909
4637.981994903488,4101.7704240242065,536.2115708792817
4665.025183681494,5123.246984616088,-458.2218009345943
4652.496569959799,3860.523509027355,791.9730609324438
4658.943068234492,4164.672581623372,494.27048661111985
4637.849450943673,3811.2447691026427,826.6046818410305
4659.57253034409,4973.775813694693,-314.20328335060276
4664.931018379727,4552.097065804896,112.83395257483062
3810.0958340275706,3613.8601613812925,196.2356726462781
3819.3690407527156,3773.8684460718,45.50059468091558
3816.6302085652173,4406.211660564424,-589.5814519992068
3810.471643083035,3116.387704746132,694.083938336903
3802.232096887412,5105.7655056932745,-1303.5334088058626
3803.3328071713495,3836.1535223640935,-32.820715192744046
4371.907480670706,4435.266685281879,-63.35920461117348
4372.0749203963105,4391.661566678155,-19.586646281844878
4376.429400417598,3624.3194507504218,752.1099496671764
4370.763140918549,3696.1583413165604,674.6047996019884
4394.441842436891,3845.668573491703,548.7732689451886
4402.786382166566,4358.919191984161,43.867190182404556
4384.795003868608,4269.876140453774,114.91886341483405
4392.833398320166,4454.252842500177,-61.41944418001094
5001.76527377306,4102.934747771864,898.8305260011957
5031.501243298041,3458.628611819132,1572.8726314789092
5024.214578258823,4802.6597005783615,221.5548776804617
5018.653361498995,3829.31131279405,1189.3420487049448
5021.6838216007145,5054.855110794472,-33.17128919375773
5016.06495060933,4977.32453695941,38.7404136499199
5017.59325492439,4266.0313641481325,751.5618907762573
4997.9891045295035,4385.277907990744,612.7111965387594
5021.9439224068,4972.225420858231,49.71850154856929
5007.798579162887,4506.756132202108,501.04244696077876
4378.620092250576,3703.9641107650423,674.6559814855336
4393.713137967915,4534.33250322328,-140.61936525536476
4372.624705960817,4251.185322886265,121.4393830745521
4372.308957121966,2948.3625647803865,1423.9463923415797
4383.5797465974465,3838.3725770377487,545.2071695596978
4381.022303908282,3415.9615094910514,965.0607944172307
4374.248836523113,4662.333722240519,-288.084885717406
4378.490903340003,4406.904705161685,-28.413801821682682
3819.8859416027717,5062.6170666851585,-1242.7311250823868
3815.2317386937584,3836.8284731117037,-21.5967344179453
3806.190238513434,5035.616924309392,-1229.4266857959578
3814.775446793333,4405.297450970849,-590.5220041775165
3822.7933411962954,3987.371041968565,-164.5777007722695
3805.7309702532807,4546.77235484489,-741.0413845916096
3359.6215116603767,3833.3984701419645,-473.7769584815878
3353.89934707683,4396.061021911755,-1042.1616748349252
3368.7820266167705,5056.536812223592,-1687.7547856068218
3378.228540392095,3956.7243414683235,-578.4958010762284
3379.431325114109,4289.7945181844325,-910.3631930703236
3363.276683652825,5056.2929261287,-1693.016242475875
3348.680528160159,4098.743820957609,-750.0632927974502
3356.905687724699,4381.929271152343,-1025.023583427644
3360.459712500729,4265.178284484372,-904.718571983643
3360.9766458540985,4766.959640134563,-1405.982994280465
3361.7685674362892,5053.90432898769,-1692.1357615514007
3339.174663414482,4385.248430480608,-1046.0737670661256
3354.971662024136,5071.5065339495495,-1716.5348719254134
4303.116495999093,4111.504421915587,191.61207408350583
4301.588619124865,4693.288896589158,-391.7002774642933
4300.426531082841,3760.4725484326573,539.9539826501841
4301.742692133365,5041.280021416748,-739.5373292833829
4309.512340191446,3835.0456951104215,474.4666450810246
4304.7889205447345,3411.579265448458,893.2096550962765
4294.808886379614,3755.2441305217185,539.5647558578953
4303.422044135357,3842.304952066129,461.1170920692284
4306.904492865275,3292.557756780523,1014.3467360847517
4300.189197073764,4959.45258908624,-659.2633920124754
4308.904331238287,5054.486192819855,-745.5818615815679
4285.014145164607,3959.9410440786164,325.0731010859904
3592.396659224857,5055.678289830937,-1463.2816306060795
3583.629441784368,5008.701934818209,-1425.0724930338415
4097.888275963001,3447.5784169085605,650.309859054441
4103.732659387616,4416.008373946392,-312.2757145587757
4085.7886867915076,3968.0204647040096,117.76822208749809
4101.99438124779,4418.29738085596,-316.30299960816956
4091.9531983925262,4609.640389425743,-517.6871910332165
4092.623581120332,3619.7104771378636,472.91310398246833
4107.52564255207,4681.6637754568865,-574.1381329048163
4110.728762339089,4277.990917521038,-167.2621551819484
4663.89750655008,4611.8012945584605,52.096211991619384
4645.2379165670645,4246.6018371625905,398.636079404474
4633.248935890804,4234.004621082095,399.24431480870953
4677.023533789686,5064.897829652657,-387.87429586297094
4664.98247350538,4342.491952912279,322.4905205931009
4664.2328008901295,3836.8271784673248,827.4056224228048
4649.041419099243,3727.6548143499917,921.3866047492515
4644.654947043837,4100.6956617849,543.9592852589367
4663.179416596586,3769.2481000805833,893.9313165160024
3806.035914255871,5013.016935369317,-1206.9810211134463
3810.524623678988,4516.117195404345,-705.5925717253567
3790.8835400560156,5100.007820571071,-1309.124280515055
3807.987687926671,5048.032309541289,-1240.0446216146179
3801.410285286693,4405.04895335476,-603.6386680680666
3813.5528821505964,4764.312704900478,-950.7598227498816
4388.611884047811,3839.6853676440082,548.9265164038029
4370.9708622860435,4748.632003403609,-377.6611411175654
4381.783622110715,4405.43876580447,-23.655143693754326
4371.633643447921,3970.158477264592,401.47516618332884
4386.233156154739,3449.125064018467,937.1080921362718
4396.1524330819,4773.280988508462,-377.12855542656143
4363.8858784029935,3755.6638871487994,608.2219912541941
4370.940093313132,4475.802991786779,-104.86289847364696
5021.08102002415,3941.405429344624,1079.6755906795265
5026.303818227,4769.650409601728,256.6534086252723
4994.221240310251,3930.4419058677963,1063.779334442455
5020.78438221396,3875.7170241067274,1145.0673581072328
5025.241715706429,3982.9250046397897,1042.3167110666395
5003.701885051931,4392.61786910156,611.0840159503705
5008.217175006618,4507.793065987364,500.4241090192545
5004.559362872786,3679.42929269249,1325.1300701802957
5009.7047143329555,4404.698303591169,605.0064107417866
5008.305644185854,4608.807295674644,399.4983485112107
4394.360182964764,4277.585387196851,116.77479576791302
4383.0354659755385,3978.076069975536,404.95939600000247
4373.431361150001,5084.370622814359,-710.9392616643581
4385.069303316381,4518.963858248378,-133.89455493199694
4373.75812183632,4753.864830003799,-380.10670816747916
4368.585732175777,3825.6052140192564,542.9805181565202
4388.8515907770925,3294.0078050772063,1094.8437856998862
4380.605368160257,3943.8597270459927,436.74564111426434
3827.4247260979046,4777.700819601343,-950.2760935034385
3828.588428953385,4270.3250122718255,-441.73658331844035
3814.0769747103604,3980.5596824020786,-166.48270769171813
3808.859773012043,4250.374031294479,-441.514258282436
3805.8576973983404,4251.057789773324,-445.20009237498334
3821.8184588098457,4764.77394129456,-942.9554824847146
3361.1746645099734,3872.84663239158,-511.67196788160663
3356.7305438390995,3616.3300569714393,-259.5995131323398
3357.98481473268,4114.448943685358,-756.464128952678
3372.066082662255,3863.063835280766,-490.99775261851073
3347.9375451749443,3608.0974115426307,-260.1598663676864
3364.7043134675573,4512.158834117335,-1147.4545206497774
3371.0094019292656,4343.486736202194,-972.4773342729286
3377.6551114023973,3957.2349132734016,-579.5798018710043
3357.7048037548225,4405.867617036645,-1048.1628132818228
3371.89263155079,4300.007700149437,-928.1150685986472
3351.749133244562,4252.4249793199415,-900.6758460753795
3364.2927417951355,4663.768357879766,-1299.4756160846305
3367.2254709199156,3710.344492297391,-343.1190213774753
4303.116495999093,4963.5637002953445,-660.4472042962516
4292.574979631901,4537.044602558593,-244.46962292669195
4295.416136728206,5105.875951295606,-810.4598145673999
4302.05045530362,5050.416958894454,-748.3665035908343
4298.411139584797,4822.553017694508,-524.1418781097109
4306.51228143603,3620.888934871493,685.6233465645373
4277.248930482377,4803.276095489864,-526.0271650074874
4303.644357583812,4269.278548661522,34.36580892228994
4301.722563744188,4435.494728003528,-133.77216425933966
4309.043061358326,4761.700585481973,-452.6575241236469
4303.304881823281,4758.381735977334,-455.07685415405285
4312.75792000915,4559.319764333377,-246.5618443242265
3590.4122398196014,4257.53845074491,-667.1262109253084
3584.2994919654802,2934.892280557193,649.4072114082874
4107.645227758961,5068.156739108286,-960.5115113493257
4100.707275460227,5051.505681862095,-950.7984064018683
4104.705493423405,4560.843943009846,-456.1384495864413
4079.432267296648,3400.4500935058686,678.9821737907796
4089.5992513233828,4979.900386082413,-890.3011347590304
4092.460252049075,5053.973593871254,-961.513341822179
4086.382181069745,4435.367027243821,-348.9848461740762
4088.0369473434366,4967.9679528271545,-879.9310054837179
4665.364490001031,4261.0946385844545,404.2698514165768
4666.295052884926,4264.768884430899,401.52616845402736
4662.16441846837,4484.405211498118,177.7592069702523
4650.150868218878,4970.038636938557,-319.8877687196791
4683.10513066138,3637.151257027454,1045.953873633926
4656.126479242838,4427.1469260046615,228.97955323817678
4679.995495194706,4133.574587516888,546.4209076778179
4664.810029030409,4241.67948201498,423.13054701542933
4656.37610109998,4162.266332285343,494.1097688146365
3819.6906472448964,4419.5136103572,-599.822963112304
3819.1843234265593,4767.767832320134,-948.5835088935751
3796.206460026165,4396.549919385358,-600.3434593591933
3803.9080445044224,4402.11965177995,-598.2116072755275
3826.9373368623556,4276.890843421651,-449.9535065592954
3805.1628600835825,4757.624714535013,-952.4618544514301
4378.590561241727,4398.728598463426,-20.13803722169905
4384.092601287637,3693.7216861565944,690.3709151310427
4372.194565857966,4653.464913171958,-281.2703473139918
4373.843162969473,5047.683142117176,-673.8399791477032
4383.860154001314,4770.214344500801,-386.35419049948723
4374.695877307754,3938.7928934101938,435.90298389756026
4382.146823534248,4257.85372142934,124.29310210490803
4371.165265937993,3937.7887897240494,433.376476213944
5019.866045881115,4303.190736804434,716.6753090766806
5013.239444264572,4973.867202147663,39.37224211690864
4998.109327600329,4957.388167071391,40.721160528938526
5007.775773455807,4603.068707546461,404.70706590934606
5007.583362624351,3867.211925424876,1140.3714371994752
5025.839600444969,5125.991461043535,-100.1518605985666
5024.456018591189,4766.849368310337,257.6066502808517
4999.43104019414,4389.906865236213,609.5241749579272
5018.739789728166,5051.142287091711,-32.40249736354508
5036.947108652276,3850.188018240643,1186.7590904116332
4381.948139822575,4614.577456359119,-232.62931653654414
4373.414498673858,4755.09411316982,-381.6796144959617
4379.200858585106,4964.0944712826395,-584.8936126975332
4390.600074172156,4269.656559998338,120.94351417381858
4363.979361865426,3393.657636466363,970.3217253990629
4382.617826121175,5052.539745942563,-669.9219198213877
4374.078320209612,4612.967138450566,-238.8888182409546
4388.078762173532,4522.5336899387075,-134.45492776517585
3793.3187081467545,4740.563805092558,-947.2450969458037
3818.176326116327,3451.3476269433713,366.82869917295557
3805.8992628831397,4952.906471389034,-1147.0072085058941
3808.628576514738,4966.668217004722,-1158.0396404899834
3812.3729043566523,3765.7968753787372,46.57602897791503
3815.540666860813,4941.6071316494845,-1126.0664647886715
3357.3582466002067,3621.1791888514226,-263.8209422512159
3364.470540158392,4755.528500259351,-1391.057960100959
3356.870106121077,5055.164764842809,-1698.294658721732
3356.2724186438913,5044.511103524912,-1688.2386848810206
3344.793597016243,3828.073889547703,-483.28029253145996
3357.197217824249,3826.6387228489766,-469.4415050247276
3365.640558264908,4775.871861826839,-1410.2313035619313
3364.8488935302335,3945.364503756898,-580.5156102266646
3362.0724504713576,4765.694881141311,-1403.6224306699537
3362.2831627274722,5050.258781781321,-1687.9756190538487
3345.7061445395534,5078.640878069428,-1732.9347335298748
3365.8885951173047,4773.450116366874,-1407.561521249569
3367.1051499243313,4415.799237005637,-1048.694087081306
4303.116495999093,4974.71528337511,-671.5987873760168
4306.548625140351,4763.965254634159,-457.4166294938077
4310.550798602839,4666.849567713985,-356.2987691111466
4304.6630555852,3703.5878250389815,601.0752305462183
4317.3213955238025,5063.790943852382,-746.4695483285795
4314.478126346187,3952.633087983543,361.8450383626441
4293.406537715884,4227.933080795419,65.47345692046474
4293.995513609556,5105.305796020205,-811.310282410649
4303.712672118955,3620.4065194001923,683.3061527187629
4307.707528497502,4273.211836671426,34.49569182607593
4296.665479734152,3858.3556395089045,438.30984022524717
4305.134583010083,4966.066729189198,-660.9321461791151
3590.0460264148815,5071.049225307212,-1481.0031988923301
3607.10749802578,5136.616053088365,-1529.5085550625854
4092.8252527054983,4114.528593741018,-21.70334103551977
4096.506870266499,4444.137661833154,-347.6307915666548
4084.7409538012635,5116.6943320567425,-1031.953378255479
4083.100026304174,4608.316263718239,-525.2162374140644
4099.966352502614,4974.980358693363,-875.0140061907487
4105.875079654794,4273.850858881651,-167.9757792268574
4096.509256693343,3770.1364380058885,326.3728186874541
4092.3999614612108,4545.615400847546,-453.2154393863352
4653.619041180094,4749.2840344825845,-95.66499330249007
4639.337103976367,5028.7102777548,-389.37317377843283
4630.330441607126,3689.9014321655845,940.4290094415414
4667.551970504307,4269.917365069342,397.6346054349651
4668.225876975062,4055.0323928496446,613.1934841254179
4646.881830676961,5032.480792058632,-385.59896138167096
4651.454974352922,4751.718911611801,-100.26393725887829
4659.887075348411,4396.882297973311,263.00477737509937
4664.082448174105,5057.2547459083735,-393.1722977342688
3818.7510700723815,4262.471673777122,-443.7206037047408
3807.6648930565493,4407.495191223376,-599.8302981668271
3801.549630217673,4246.608731713367,-445.059101495694
3817.9188889313314,4122.791371744574,-304.8724828132422
3805.646659325302,5034.379682163421,-1228.7330228381193
3803.5950885062903,5034.7856246337515,-1231.1905361274612
4389.310554087923,4840.977084574794,-451.6665304868711
4379.6879060885585,4756.649978069906,-376.96207198134744
4385.490568045495,4311.162291130969,74.32827691452621
4389.897859699899,4306.778488435655,83.11937126424345
4373.809626786333,4407.382773116642,-33.5731463303091
4393.303303423399,3309.834262605704,1083.4690408176943
4381.222034605876,4762.294001819365,-381.0719672134892
4383.00996343179,4404.580252801681,-21.570289369890816
5018.196869262552,4763.828913825756,254.36795543679636
5003.767105096994,3826.2201698076447,1177.5469352893492
5014.613293002178,4397.171433827382,617.4418591747954
4993.384606977217,4497.308775296869,496.07583168034853
5028.574266541051,4414.800670356761,613.77359618429
5028.211314827894,3452.484156535594,1575.7271582923
5007.628561043472,4103.9725861852285,903.6559748582431
5009.7047143329555,3628.580895176088,1381.1238191568677
5012.984507800016,4514.868671724868,498.11583607514785
5024.989483125048,3841.995864673508,1182.9936184515395
4382.03104187228,4838.580345374044,-456.54930350176346
4382.043609865906,3704.985931971599,677.0576778943068
4386.576224521649,4976.654152534777,-590.0779280131273
4374.738561434346,4512.626923553124,-137.88836211877788
4385.121954312746,4663.4346486793775,-278.31269436663115
4366.044975410484,4951.628348024719,-585.5833726142355
4391.839185892362,5068.713711182609,-676.8745252902463
4371.893454793835,3755.6755919639,616.2178628299353
3825.0592490983863,4638.801456072602,-813.7422069742161
3796.905564460434,4598.5780944159505,-801.6725299555164
3816.194211377335,3874.6000069866786,-58.40579560934384
3805.6274748349892,4761.172640746533,-955.5451659115438
3814.222172890161,3626.150698865633,188.07147402452802
3803.8914959098547,3751.419801507164,52.4716944026909
3374.348043228854,3359.1222853376044,15.225757891249486
3362.7061580991344,4401.621325267337,-1038.9151671682025
3360.0578235274997,4121.480228852018,-761.422405324518
3364.593910858465,4515.584080764058,-1150.9901699055931
3357.577867400256,4962.159764857169,-1604.5818974569129
3363.389899088969,4259.39333397858,-896.0034348896111
3359.107164432899,3470.7649444582726,-111.65778002537354
3351.1099378220897,4294.330079456106,-943.2201416340167
3353.9338157555076,4251.180293764096,-897.2464780085884
3345.1926567077608,3597.5526492786444,-252.3599925708836
3342.68655161374,3106.8636908865283,235.82286072721172
3358.758664450655,4751.237893406055,-1392.4792289554002
3354.432761886751,4405.576136622473,-1051.1433747357223
4303.116495999093,5117.675654008338,-814.559158009245
4302.704097130263,3977.2882517644593,325.41584536580376
4301.897386096381,3977.0463578768763,324.8510282195043
4303.134799474727,4758.975880092962,-455.84108061823554
4293.972820318936,4935.267633915319,-641.2948135963825
4316.414474113888,4615.123112375581,-298.7086382616926
4313.769809158937,3768.656279162716,545.1135299962211
4307.802798539446,4761.475326970162,-453.67252843071674
4302.696594408231,4508.769103479188,-206.07250907095658
4301.074232662162,4400.627405278209,-99.55317261604705
4281.286901927494,4285.811106766125,-4.524204838630794
4312.606259468997,4406.233761626848,-93.62750215785036
3592.935791334174,4513.790304137143,-920.8545128029687
3596.852142773959,4514.358596487126,-917.5064537131675
4083.58635063113,4834.29827664713,-750.7119260159998
4117.04573204336,4642.85020513741,-525.8044730940501
4086.3093370983115,4263.976513562686,-177.66717646437428
4087.0040466143355,4750.499537760507,-663.4954911461718
4096.770533823017,4614.1153745332695,-517.3448407102524
4090.492179628257,5032.702858343855,-942.2106787155981
4087.517597149506,4441.286910804947,-353.76931365544124
4084.0947424195797,5001.228506304823,-917.1337638852433
4663.77287358886,4767.158467262184,-103.38559367332346
4652.540140579775,4609.423472831815,43.11666774795958
4658.791506190786,4975.48540479004,-316.69389859925377
4654.1428577527195,4943.474339291479,-289.33148153875936
4660.758154867732,5040.4132809023395,-379.65512603460775
4658.828516183869,4972.019799501493,-313.19128331762386
4646.010010537415,4593.056673436403,52.95333710101204
4669.491280805598,4123.7760199064405,545.7152608991573
4651.399279728835,3967.554823213124,683.8444565157106
3803.9806297643627,4746.060394721537,-942.0797649571741
3799.2574363268227,3966.702555386832,-167.44511906000935
3807.38766879198,4331.616400783609,-524.2287319916286
3837.774333895871,5154.601968823431,-1316.8276349275598
3819.206466472838,4414.6947992239675,-595.4883327511293
3816.660567306508,3620.1213694318226,196.53919787468521
4370.9464197267525,4467.832274793923,-96.88585506717027
4376.229236694811,4606.2570645069945,-230.0278278121832
4370.6255485202755,3999.382720238346,371.24282828192963
4360.922339077972,3651.1543096158334,709.7680294621382
4370.478063533307,4753.9478199476525,-383.4697564143453
4383.738052502623,3626.8583189873707,756.8797335152522
4383.204631570964,4967.235212523344,-584.0305809523798
4376.477552698202,4113.676543748388,262.8010089498139
5018.002183319904,5054.489504870527,-36.487321550622255
5010.9025856004355,4508.066692922824,502.8358926776118
5003.7710565289435,5109.214970637611,-105.44391410866774
5017.15526709358,5045.054984791804,-27.899717698223867
5029.9406594938955,4529.044704169461,500.8959553244349
5002.544423798997,4242.214218353861,760.330205445136
5010.162240513936,4427.167818724427,582.994421789509
5010.079457331952,4397.323550891828,612.7559064401239
5002.975762392015,4245.543683454286,757.4320789377289
5013.261451076956,3486.0717514630824,1527.189699613874
4392.271945718404,4627.795714654047,-235.5237689356427
4367.734466528889,5078.90249846443,-711.168031935541
4376.814490001354,3950.1408955708575,426.67359443049645
4357.765527956539,4242.2944906520015,115.47103730453728
4374.9718884613885,3614.8425576370464,760.1293308243421
4380.2351189019,5060.664257500961,-680.4291385990609
4364.139029157302,5075.552281259841,-711.4132521025394
4382.834161055912,4623.157136816971,-240.32297576105884
3823.1742223232677,4621.811037234786,-798.6368149115187
3808.029121988416,4970.541380318272,-1162.5122583298557
3817.796189961556,4627.187033133144,-809.3908431715877
3794.6596168449246,4382.084163250255,-587.4245464053306
3799.9234193848315,4925.914794808702,-1125.9913754238705
3814.113177096628,4975.424291255653,-1161.3111141590248
3358.8720722159405,3486.3129741324365,-127.44090191649593
3347.0949360376676,3928.989194486561,-581.8942584488932
3344.6599630790893,4246.234425176253,-901.5744620971641
3366.5125476555477,4530.611286319944,-1164.0987386643965
3363.7759684751795,5131.73598463067,-1767.9600161554904
3358.2998356657295,4191.539412518708,-833.2395768529782
3365.830454844236,3838.2553267292783,-472.4248718850422
3363.207239864117,4767.391293427551,-1404.1840535634342
3347.646397564621,4504.857443970439,-1157.2110464058178
3372.3752399367404,5069.632834332882,-1697.257594396142
3357.6055944855407,4109.255763972856,-751.650169487315
3355.355183657863,3435.0729989195233,-79.71781526166023
3357.036210815856,4270.507700612095,-913.4714897962385
4303.116495999093,5041.228631888051,-738.1121358889577
4299.353387043218,3344.3167896012474,955.036597441971
4298.16337886867,3187.08906804737,1111.0743108213005
4303.730523227775,4330.387097140764,-26.656573912989188
4323.459454005717,3628.326978591414,695.1324754143029
4315.282374517796,4246.015272035039,69.26710248275685
4315.782886076818,4557.311467397039,-241.52858132022175
4310.333014076397,4907.082668305633,-596.7496542292356
4309.542622405876,4941.150838819162,-631.6082164132868
4305.905356759424,4405.47715590457,-99.57179914514654
4314.748718476491,3711.57662236288,603.1720961136116
4293.647745142859,4889.560689087678,-595.9129439448188
3590.8282710181334,3978.2711878057667,-387.4429167876333
3580.3044800723887,4153.7131336196235,-573.4086535472347
4099.946937838858,4806.828692585565,-706.881754746707
4092.3095557315655,4397.9115784267915,-305.60202269522597
4095.061732899676,4762.457500386975,-667.395767487299
4088.377677217095,4900.402660930065,-812.0249837129704
4089.729792169001,4970.9011701711215,-881.1713780021205
4102.915680072339,3877.9644676185353,224.95121245380324
4079.195804290608,4602.296668952156,-523.1008646615483
4098.072511707443,3630.363033052503,467.70947865493963
4650.325388974251,3623.348067087439,1026.9773218868118
4672.965317193825,4265.65254611831,407.31277107551523
4660.153706223483,4979.4384117079535,-319.2847054844706
4660.763909352977,4404.7908731693315,255.9730361836455
4664.2328008901295,4385.230889275006,279.0019116151234
4662.579366530412,5060.7398780362055,-398.1605115057937
4661.982815418059,3625.377991708975,1036.6048237090836
4643.541942078259,4742.9200320399505,-99.37808996169133
4677.016202673202,4990.816911722645,-313.80070904944296
3833.675096355311,4778.600380345417,-944.925283990106
3806.796617335711,5048.496760017322,-1241.7001426816114
3800.4133846402933,3965.3563125652754,-164.9429279249821
3813.833906100356,4403.633516709917,-589.7996106095607
3805.1628600835825,4960.508372206286,-1155.345512122704
3803.8948019596614,3971.1182015011464,-167.22339954148492
4382.884993640364,3743.7039820598607,639.1810115805033
4391.729859238185,3812.273381730983,579.4564775072017
4374.2478241079125,4434.207657288877,-59.95983318096478
4376.114454085481,3936.7051313844045,439.4093227010767
4391.685907631955,3845.3355131728554,546.3503944590998
4368.617138402601,5035.976261029715,-667.3591226271137
4368.51920813984,4887.38570491664,-518.8664967768
4374.543035017202,4473.176594065381,-98.63355904817945
5007.526683196161,3831.1295017979687,1176.397181398192
5035.021669257894,4777.27947759493,257.7421916629646
5025.47225714309,4406.502836504796,618.9694206382947
5007.015900494536,4966.577532730548,40.438367763988026
4998.4074678548905,4744.020797299742,254.38667055514816
5035.764240834007,5063.810448804903,-28.04620797089592
5007.870587006201,4751.773541269505,256.0970457366966
5008.305644185854,4016.023692384075,992.2819518017795
5024.989483125048,3482.0092226892934,1542.9802604357542
5021.416237781083,4234.466587323703,786.9496504573799
4390.485145928459,5059.875811593292,-669.3906656648333
4389.941630224624,3853.430436727549,536.5111934970746
4378.913992810684,4754.788996191761,-375.87500338107657
4405.566658845605,3999.1416682018726,406.4249906437326
4368.753353917013,4593.249835838755,-224.4964819217421
4367.419900016063,4324.198787846451,43.22111216961275
4385.324217916981,4268.549864971972,116.77435294500901
4380.614347830498,5043.643268560841,-663.0289207303422
3821.5962229239035,4629.590869777701,-807.9946468537978
3789.662866194812,3809.8909345903126,-20.228068395500486
3808.6243390016907,4891.121385895632,-1082.497046893941
3816.791529081334,4768.817980923773,-952.0264518424387
3809.5706099865506,3763.217027860264,46.35358212628671
3804.0575262027764,4402.849038980901,-598.7915127781248
3352.717731816289,4260.225147354984,-907.5074155386951
3356.2724186438913,4402.277606466685,-1046.0051878227937
3356.4240065754566,4262.107676623367,-905.6836700479107
3362.808581194649,4169.2739309541585,-806.4653497595095
3358.2511999393796,4962.8596773412055,-1604.608477401826
3371.3268857946805,4988.767541731607,-1617.4406559369263
3358.6928314115444,3833.9634577929737,-475.27062638142934
3358.5580330665666,3693.9919733873417,-335.43394032077504
3377.4877275645094,3845.550639499475,-468.06291193496554
3367.2254709199156,4416.979647046558,-1049.7541761266425
3372.063861701031,3777.9033189767683,-405.83945727573746
3365.1347211294624,4404.938572377028,-1039.803851247566
3346.48415807269,5102.495008839819,-1756.0108507671289
4303.116495999093,3829.304504216315,473.811991782778
4305.134525216088,4258.90581633367,46.22870888241778
4299.745654306742,4404.839096889316,-105.09344258257443
4300.682840662531,4256.295493174907,44.38734748762363
4299.929191168637,5042.531006896652,-742.601815728015
4311.370079797374,4527.779813980401,-216.40973418302656
4313.061062466078,4902.706907114575,-589.6458446484976
4306.515272850512,4407.12819592813,-100.61292307761778
4290.7585649648045,4715.771739522172,-425.01317455736717
4297.341535864375,5043.079655209033,-745.7381193446581
4311.693444343323,3792.2007528540626,519.4926914892603
4289.066571482587,4102.688003248446,186.3785682341413
3608.5315256046865,5106.462453411203,-1497.9309278065161
3603.5506764671154,4691.829683886572,-1088.2790074194563
4097.314952127438,4406.698167465797,-309.38321533835915
4081.9194589765234,4252.669645457718,-170.7501864811943
4105.160792301677,4532.618811708065,-427.4580194063874
4088.539172772926,3732.430437439792,356.10873533313406
4090.893572776437,3412.336267701352,678.557305075085
4097.7615412689765,5049.115733534706,-951.3541922657296
4085.229254638805,4402.726472222342,-317.4972175835369
4076.8771628925547,4283.111013258262,-206.23385036570699
4667.553112837971,4341.956947886899,325.59616495107184
4673.385897721913,4989.169731250097,-315.783833528184
4661.7132364171275,3463.1502022692425,1198.563034147885
4656.85084524719,3612.8621460286013,1043.9886992185884
4677.704010161592,3851.725514558101,825.978495603491
4644.193668405847,4770.707404368492,-126.5137359626442
4669.770837579997,4805.775866149365,-136.00502856936873
4650.360130761698,4600.875705678868,49.48442508283006
4659.554810803257,3494.3762284730456,1165.1785823302116
3830.367076943417,3890.296937705867,-59.92986076245006
3790.763314068216,4386.7458758053435,-595.9825617371275
3806.256896942405,4397.318529966955,-591.0616330245498
3806.535271270737,3975.7237356823453,-169.18846441160804
3808.0675487710273,3829.814485265812,-21.746936494784677
3819.288844515272,3838.7832882874877,-19.494443772215618
4378.77124244753,3831.340770384674,547.4304720628561
4351.96149280346,4951.567918640677,-599.6064258372171
4377.063227684169,5043.277607819648,-666.2143801354796
4399.333357620759,4284.651852893533,114.68150472722573
4375.960504380995,4267.06799130097,108.89251308002531
4383.781980977429,4265.107355400298,118.67462557713134
4388.599946550913,4269.6777628397285,118.92218371118452
4390.684980905012,3303.370070296429,1087.314910608583
5028.581126394799,3763.522760723097,1265.0583656717022
5033.504445338476,4349.715327146417,683.7891181920595
5019.122874442404,4011.965484470712,1007.1573899716923
5026.040984808164,4843.083501377857,182.95748343030664
5032.337698174306,4266.7904046549165,765.5472935193893
5017.431923988782,3831.0334248259196,1186.3984991628622
5025.39765192941,4813.50785887639,211.88979305302018
5018.129252964476,3619.0408581372308,1399.0883948272453
5025.158476684657,4772.629276926616,252.5291997580416
5011.510184067242,4611.330569985783,400.1796140814595
4381.024238178891,3839.6933483087932,541.330889870098
4368.404134666329,4789.335667416651,-420.9315327503218
4391.662504146335,4267.9086685236625,123.75383562267234
4387.552574360107,4986.840463198858,-599.2878888387504
4376.443968034414,4512.28684340146,-135.84287536704596
4374.825102442914,4515.085145059356,-140.26004261644266
4404.697365120899,3644.8910344912174,759.8063306296817
4365.3423150529225,4250.334385134136,115.00792991878643
3804.683088677389,4996.861198816259,-1192.1781101388701
3817.0590119778467,3696.955035476424,120.1039765014225
3809.9665054892985,4512.341105785792,-702.3746002964936
3823.0805043492137,4780.926356668048,-957.8458523188347
3827.824234252621,4531.182783567116,-703.3585493144947
3810.4386783158375,4819.534914156973,-1009.0962358411357
3360.6059126051537,4754.9648230037765,-1394.3589103986228
3352.124772747294,4972.389550007119,-1620.2647772598252
3357.898572429068,3611.797400119307,-253.89882769023916
3358.2776420299974,4906.5078161051015,-1548.230174075104
3359.753326719759,4119.688927523002,-759.9356008032432
3358.7647889666396,3864.431514897505,-505.6667259308656
3356.4985337953685,4963.835756139795,-1607.3372223444267
3373.0393212857625,3504.2948821040573,-131.25556081829473
3349.1670748504657,4246.73169488607,-897.5646200356041
3365.6483845906196,4271.442873329083,-905.7944887384638
3356.98952106019,4265.8707949922955,-908.8812739321056
3353.1114503037916,4430.808880742109,-1077.6974304383175
3364.578619235463,4298.626894922335,-934.0482756868719
4303.116495999093,5045.686919057891,-742.570423058798
4295.493650457146,4755.713214510711,-460.2195640535647
4318.511175538691,3631.1656767466766,687.345498792014
4311.351507328658,5125.153118839226,-813.8016115105684
4320.0741570585005,4277.122145791924,42.95201126657685
4308.712652877239,4987.480525820399,-678.76787294316
4317.245209815941,3839.216754792112,478.0284550238289
4305.020454318771,4009.872990839976,295.1474634787951
4314.2708347373955,3306.5794197623422,1007.6914149750532
4300.089798065364,4797.462402352543,-497.37260428717855
4298.165837061273,2942.723736093985,1355.4421009672883
4297.709664826129,4225.629518054725,72.08014677140363
3598.674111341973,5099.7156073977485,-1501.0414960557755
3603.3821132360004,4276.497787481321,-673.1156742453209
4107.594748985896,4769.147222731145,-661.5524737452488
4085.1218564642923,3933.369160371428,151.75269609286443
4090.420674008825,5051.213906352214,-960.7932323433888
4091.5548066465353,4968.720000541475,-877.1651938949399
4085.6823412091476,4679.541056905175,-593.858715696027
4080.446392721223,3295.5264411358417,784.9199515853816
4076.9556440144925,4958.17421037633,-881.2185663618375
4094.7856241096592,4614.706012425017,-519.9203883153582
4667.18347355807,3415.6008797324266,1251.582593825643
4666.660168378364,4413.413556578548,253.24661179981558
4656.857573691339,5116.361032033182,-459.5034583418428
4669.383010565979,4342.892482180568,326.4905283854114
4656.784190853516,3983.4030085595714,673.3811822939442
4661.389178698644,4660.849291491408,0.5398872072364611
4655.240588581037,4399.125240259472,256.11534832156485
4650.312972629476,4504.093808053884,146.219164575592
4660.212524537779,3619.974024166565,1040.2385003712143
3807.163848703698,4978.946565832395,-1171.7827171286972
3816.238103443327,3697.1790098995716,119.05909354375535
3816.488422300108,4764.316955287548,-947.8285329874398
3813.195560261166,4117.006823200998,-303.811262939832
3813.9088793646583,5044.756580415448,-1230.84770105079
3811.2987340731675,4618.519181562394,-807.2204474892264
4365.878702823931,4951.408528812962,-585.5298259890305
4377.875350907486,4760.192116716174,-382.3167658086877
4386.523529560562,4764.605861091851,-378.0823315312891
4374.122044179986,3443.817941897603,930.3041022823832
4379.396816683147,4163.1959929775885,216.20082370555883
4371.165265937993,5003.500900605138,-632.3356346671444
4370.66512826485,4950.346101736523,-579.6809734716735
4384.598050545396,4409.913318201342,-25.315267655945718
5020.677422365636,4240.330658052293,780.3467643133426
5016.460961249333,4111.663470128352,904.7974911209812
5016.775245592958,4514.693989679938,502.08125591301996
5025.94501682462,5021.419235672518,4.525781152102354
5011.608180116762,3970.0320828032513,1041.5760973135107
5034.909353545772,3850.233766659595,1184.6755868861774
4993.817286548329,4248.11497398436,745.7023125639689
5029.54896696476,4454.604073055584,574.9448939091762
5018.394119341047,3831.700123332077,1186.6939960089703
5024.397040106537,4627.188854346211,397.20818576032616
4379.72238930201,4439.119596407232,-59.39720710522215
4384.971231402023,3875.7541297532225,509.21710164880005
4384.178363874758,3188.924159697734,1195.2542041770243
4388.259458231018,4626.368024834175,-238.10856660315767
4364.579773211883,5027.478679618507,-662.8989064066245
4372.173954974959,4405.46064990616,-33.286694931201055
4398.829285092623,4276.420515938756,122.40876915386707
4385.133871169876,4982.955019074564,-597.8211479046877
3808.628576514738,3842.1964778934744,-33.567901378736224
3815.640865027791,3620.2216997533983,195.41916527439253
3813.925877801886,3620.2646446808435,193.66123312104264
3820.6718584966925,3124.8608933130313,695.8109651836612
3823.9168104892005,4774.596632828778,-950.6798223395772
3817.335678010642,3623.1633613077925,194.17231670284946
3352.949533337067,4249.428887993369,-896.4793546563023
3350.5385554415843,3864.9002098437554,-514.3616544021711
3368.500586756814,4811.979451116408,-1443.4788643595944
3350.139075122648,4964.782215820624,-1614.6431406979755
3355.8926375503434,3758.5511815036284,-402.65854395328506
3363.62681244942,4439.056942320979,-1075.430129871559
3348.280310191704,4393.178368258447,-1044.8980580667435
3356.4971335221935,4514.070715133685,-1157.5735816114911
3369.8465324951385,4769.189298276013,-1399.3427657808743
3349.298965734307,4961.430436088711,-1612.131470354404
3361.8089320764543,4516.644539222015,-1154.8356071455605
3360.811523791475,4117.940466498189,-757.1289427067145
3360.0399698040114,3697.657467152989,-337.6174973489774
4303.116495999093,4975.037764641922,-671.9212686428291
4297.677496795278,4400.051440194876,-102.37394339959792
4314.299225756819,4238.954196817593,75.34502893922672
4302.138133761166,4111.989877694174,190.14825606699196
4315.128351874566,3714.646080807267,600.4822710672988
4317.946781085976,3988.8856573420967,329.0611237438793
4303.703861568404,4112.657368029511,191.04649353889272
4307.467935861504,4975.1432940568875,-667.6753581953835
4290.805143517919,4282.621457322043,8.183686195875453
4313.451620535821,4519.561911046927,-206.11029051110563
4292.707041591756,4320.699543537342,-27.9925019455859
4288.516940149301,4823.07999746473,-534.5630573154285
3598.5708398587694,3833.92623294252,-235.35539308375064
3583.0974716647024,4247.392230274552,-664.2947586098499
4099.215618838657,4935.860488691241,-836.6448698525837
4092.021715630343,4762.565924935132,-670.5442093047891
4094.917883635548,3953.4991153683413,141.41876826720681
4080.0775706276404,4239.502068250391,-159.42449762275055
4093.6370955878524,4757.636515446073,-663.9994198582203
4102.544623756256,5029.9380578082455,-927.3934340519891
4089.236957146722,4402.682545100142,-313.4455879534203
4092.073975361274,4438.577305572224,-346.50333021095
4669.517410139062,4411.534074637704,257.98333550135794
4642.779012580352,3814.2464002350735,828.5326123452787
4665.779733611235,3846.091335368825,819.6883982424101
4656.130689021079,4328.113542333133,328.01714668794557
4665.745213038163,3842.4389795775833,823.3062334605793
4688.842964505652,4433.463163905023,255.3798006006291
4652.784113650524,4757.207108118948,-104.4229944684239
4668.625897820763,4620.255898949352,48.36999887141155
4657.435284067575,4796.520248220169,-139.0849641525947
3819.328839808501,3451.8242788467924,367.50456096170865
3801.0342447487988,4261.70705733975,-460.6728125909508
3808.738889824406,4409.974549469951,-601.2356596455447
3824.782136848484,4987.699988747312,-1162.9178518988283
3808.489685726236,4406.475149351851,-597.9854636256146
3816.049991604766,3619.715351209689,196.33464039507726
4384.699936682947,5088.360829980008,-703.6608932970612
4396.833241995684,5059.5769588494895,-662.7437168538054
4380.861443580909,4001.5660658749707,379.2953777059379
4374.967018476759,5036.438780348803,-661.4717618720442
4369.897575968446,5039.235732435769,-669.3381564673227
4360.458434703408,3681.0138656129093,679.4445690904986
4374.866531474319,4754.85944274304,-379.9929112687205
4380.5982697025165,4764.8575827333825,-384.259313030866
5011.090549365067,5110.034139002578,-98.94358963751074
5002.503963101818,4751.71213517966,250.7918279221576
5017.011993469732,4611.079956242875,405.9320372268576
5010.513044964512,2939.4101513686073,2071.102893595905
5033.957605847664,3356.1131720572516,1677.8444337904125
5003.559460917772,4961.061677192984,42.49778372478886
5013.867666429167,3291.469796584488,1722.397869844679
5010.859664176556,3761.943536594412,1248.9161275821443
5020.889487616969,4971.596348638681,49.29313897828797
5002.177663110223,3965.6533360780413,1036.5243270321816
4397.153062051243,4532.546872248863,-135.39381019762004
4387.414244408007,4624.250375039527,-236.83613063152006
4399.813417230698,3890.360454646906,509.4529625837922
4379.735167388628,5045.839574743858,-666.1044073552303
4371.774360562729,3972.671943935301,399.1024166274283
4371.127044032872,3689.0223930873913,682.1046509454804
4367.075888541594,4249.644927534572,117.43096100702223
4370.31810812078,3967.023918767249,403.29418935353124
3807.9265837297594,4681.007391728735,-873.0808079989752
3816.3404315848593,4127.463420994216,-311.1229894093567
3811.187695360771,4769.287265630651,-958.0995702698797
3794.4821367535574,4421.421765374292,-626.9396286207343
3814.4003559050884,4267.838322015654,-453.4379661105654
3820.8489423670335,3857.2985963134165,-36.44965394638302
3363.6114529373476,4439.549735463094,-1075.9382825257467
3357.197217824249,4396.131605563038,-1038.9343877387887
3354.2414852638385,5045.818837960089,-1691.5773526962503
3371.3268857946805,4623.496802073022,-1252.1699162783416
3352.579706468909,4681.174136359591,-1328.594429890682
3342.129871926693,4209.758998126923,-867.6291262002301
3372.9163538315483,3640.1846229848725,-267.2682691533241
3356.844009986354,4759.535129815539,-1402.691119829185
3367.7322627500225,3136.5251057966902,231.2071569533323
3354.993548594733,5044.385830754855,-1689.3922821601222
3353.9624585080887,4763.876893756484,-1409.914435248395
3357.5497596662194,4614.689231496549,-1257.1394718303295
3354.0597982517597,4154.534662649931,-800.4748643981716
4303.116495999093,4235.84351901042,67.27297698867278
4290.413402726793,3997.5494196241293,292.8639831026635
4304.168393189795,3973.7355160181205,330.4328771716746
4305.258044117137,4903.408118848274,-598.1500747311375
4311.59808182455,4268.033360191681,43.564721632868896
4301.395632652244,4426.425897294718,-125.03026464247432
4313.844421535285,4415.630893290162,-101.78647175487731
4299.679462150966,3621.965708921703,677.7137532292631
4299.794466315008,5115.095664828286,-815.301198513278
4304.262488732677,4792.453380860956,-488.1908921282784
4301.058762005254,4265.3669080048985,35.691854000355306
4295.248138655237,4894.355615270436,-599.1074766151987
3583.3729103024484,5038.442682784754,-1455.0697724823053
3600.654137030372,4615.8532063379635,-1015.1990693075913
4095.0155292009467,4267.365949066045,-172.35041986509805
4104.705493423405,5063.028868772679,-958.3233753492741
4094.2324572568273,4968.794059888514,-874.561602631687
4087.649027696728,4399.83536476632,-312.1863370695919
4097.110074701119,3417.1162696283873,679.9938050727314
4098.085377788446,4406.015662369348,-307.9302845809025
4091.153743493014,4889.555588269482,-798.4018447764674
4090.6378929238513,5046.808162331263,-956.1702694074115
4670.320657179829,4416.01074413828,254.3099130415494
4665.762507329402,3835.4636502773956,830.2988570520065
4668.417405000609,5054.51196993461,-386.094564934001
4656.379866227592,4763.576750751435,-107.19688452384253
4649.041419099243,5000.44757378191,-351.40615468266697
4661.982815418059,4295.4687248424325,366.51409057562614
4655.745233441381,4258.227752292056,397.51748114932525
4657.877143105527,4409.875283070833,248.0018600346939
4670.31912217149,4449.324200879489,220.99492129200098
3816.4269299199827,4769.497507593873,-953.07057767389
3802.1611522306903,4674.981464669309,-872.8203124386191
3805.747602391679,4757.0677353053425,-951.3201329136637
3809.794021128737,3974.229805195372,-164.43578406663528
3811.258168622294,3701.8495825485234,109.4085860737705
3820.216680011026,4412.840065854327,-592.6233858433011
4366.133616912713,4935.228284475216,-569.0946675625037
4366.776482264225,4948.049030291815,-581.2725480275903
4396.1524330819,4991.881642671854,-595.7292095899538
4366.276644715063,4951.63860567397,-585.3619609589068
4367.775997071768,4387.881852434843,-20.105855363074625
4385.489332639104,4520.849761290327,-135.36042865122272
4386.627297125263,4762.928945974362,-376.30164884909937
4380.050871743883,4441.020070003115,-60.969198259231234
5007.775773455807,5044.761781299306,-36.986007843498555
5016.1850850352685,5053.66424929437,-37.47916425910171
5011.926912252062,3953.0720699239614,1058.8548423281004
5025.006880130244,4408.452757756607,616.5541223736373
5009.832107731123,4221.146242130067,788.6858656010563
5013.190892616413,4112.569209350489,900.6216832659247
5008.379650641278,4433.697504487246,574.6821461540321
5019.685485220172,4019.9798129304986,999.7056722896737
5016.071415412114,4401.311109758918,614.7603056531962
5020.467266226152,5056.16627062803,-35.69900440187848
4384.971231402023,4761.590685740431,-376.6194543384081
4367.219815289591,4104.474984150186,262.7448311394046
4382.252000411213,4261.954648678702,120.29735173251083
4383.619629548789,4405.6587505267735,-22.039120977984567
4387.387665966525,4262.144420915512,125.24324505101322
4388.710312695407,4408.231448173121,-19.52113547771387
4364.707183993587,5070.086713685436,-705.3795296918488
4401.8524555965505,4688.148379187359,-286.29592359080834
3822.1032925369095,4613.260494264831,-791.1572017279218
3807.0166171127917,4967.025434348602,-1160.0088172358105
3814.7642439072233,3835.4839287707314,-20.719684863508064
3823.0187249057244,3777.1293523653203,45.88937254040411
3815.4124602838415,4237.190090449825,-421.77763016598374
3803.670760381872,5110.594629128414,-1306.9238687465427
3363.474142769716,5050.943170043539,-1687.469027273823
3354.1921739315467,3963.5603723790136,-609.368198447467
3352.1466041409194,4394.143937314849,-1041.9973331739293
3367.204255694207,4981.130175040098,-1613.925919345891
3354.021272302694,4755.588337890905,-1401.5670655882109
3346.8461906244197,4937.4609838426,-1590.6147932181807
3365.8885951173047,4418.0390579534505,-1052.1504628361458
3355.6678373370232,4969.958389420762,-1614.2905520837385
3365.6262820250336,5055.242934897588,-1689.6166528725548
3376.1286607656234,4998.065831063702,-1621.9371702980784
3358.714694027952,3974.5399334937247,-615.8252394657725
3353.671741205334,4261.4151234876745,-907.7433822823405
3371.9325981291977,3842.764990606746,-470.8323924775482
4303.116495999093,4404.918935522185,-101.80243952309229
4294.784160657611,5032.743338313451,-737.95917765584
4325.676459251599,3855.20970452829,470.46675472330935
4308.160720838457,3869.0310467126064,439.1296741258502
4294.678171476526,3479.8929354573124,814.7852360192132
4294.444476975559,4752.443175756406,-457.998698780847
4309.418136175668,4757.899148647318,-448.4810124716496
4311.601031006798,4413.092343949763,-101.49131294296512
4308.214919679574,4902.420297179712,-594.2053775001377
4309.484269604136,5121.540075163702,-812.0558055595657
4295.973021748051,4504.486822215292,-208.5138004672408
4305.924189472705,4903.866890883557,-597.9427014108524
3600.793298175007,5133.010297140355,-1532.216998965348
3585.948793454723,5044.46035071782,-1458.511557263097
4095.108655336096,5045.609674633895,-950.5010192977993
4087.189325061674,4802.190836358601,-715.0015112969268
4083.589787283399,5116.6641558397005,-1033.0743685563016
4102.828611735957,4624.50986668717,-521.6812549512133
4109.056790230405,5062.612798990723,-953.556008760318
4105.760775449605,4912.328280549777,-806.5675051001726
4092.95567928075,4788.1079678085525,-695.1522885278027
4081.175128500554,3822.624633398587,258.55049510196704
4661.840958192519,4231.922689489237,429.9182687032817
4654.2383084886515,4610.877910910909,43.36039757774233
4673.043665176138,4411.1670480762405,261.8766170998979
4652.815258085753,4748.079269350035,-95.26401126428209
4649.85797832985,4604.95766409372,44.900314236129816
4661.952937195798,4763.533118859602,-101.58018166380407
4672.7499371328795,4627.580572263105,45.169364869774654
4644.475999208162,4991.614886313241,-347.13888710507945
4656.540342378934,5056.12751517096,-399.58717279202574
3822.322164183611,4413.492658913189,-591.170494729578
3804.144439681821,3405.123528902872,399.0209107789492
3805.1013347081484,4511.6524291174765,-706.551094409328
3802.0540675267016,4398.923398954599,-596.8693314278976
3815.0309072680375,5017.830611661651,-1202.7997043936139
3811.296053254784,4442.972061861472,-631.6760086066879
4385.055677264186,4195.4315404135505,189.6241368506353
4381.58130921684,5116.284506818283,-734.7031976014432
4361.168996752925,3474.1057231029163,887.0632736500083
4386.715586486783,4415.34671653485,-28.63113004806746
4364.370362479668,4248.294209642799,116.07615283686937
4377.412631609287,4612.526064965646,-235.11343335635866
4360.861087069091,3610.0416149148464,750.8194721542445
4382.124556450301,4973.374204140209,-591.2496476899087
4997.409156138325,5029.151904175581,-31.742748037256206
5033.072369858013,4819.930270378892,213.1420994791215
5008.863283552035,4396.043318717451,612.8199648345835
5010.906235597543,3410.202270694419,1600.703964903124
5015.522647964508,4965.154733627846,50.36791433666167
5012.577039031762,3445.0352773039144,1567.5417617278476
5008.845124392295,5042.241051537223,-33.395927144928464
5028.40162377737,4769.813271924771,258.58835185259977
5026.03935142288,4774.673367992923,251.36598342995694
5026.5611854069575,3625.5286138939714,1401.0325715129861
4383.589557385987,4122.654078720194,260.9354786657932
4396.922004362507,4975.123386056594,-578.2013816940871
4377.919122611861,3702.6246419605823,675.2944806512787
4388.504677872787,4265.045839655494,123.4588382172933
4375.269740469442,3615.06785796955,760.2018824998918
4381.616629004863,3836.599064589492,545.017564415371
4363.199479588832,4099.755486625202,263.4439929636301
4377.833348107294,4440.417912819267,-62.584564711973144
3803.031032140017,4530.606258145363,-727.5752260053464
3816.9797617068352,4409.87590712841,-592.896145421575
3817.391754043922,4258.405901302735,-441.0141472588134
3816.993305640312,4403.507109078979,-586.5138034386669
3825.5574873374976,4530.936277348039,-705.3787900105413
3816.2543636146384,4267.581037278551,-451.3266736639125
3351.267874597078,4398.5729658465825,-1047.3050912495046
3354.464298786575,4937.908994217506,-1583.444695430931
3378.730547793813,4860.852768830211,-1482.122221036398
3378.87378055078,4307.677927072051,-928.8041465212709
3354.887156845873,4902.962508850665,-1548.0753520047915
3368.1872229199616,4620.063946814814,-1251.8767238948521
3369.968065306207,4029.9777139738503,-660.0096486676434
3362.123703909673,4765.934979037362,-1403.8112751276885
3362.9165975435453,4122.827587075095,-759.9109895315496
3362.466618919073,4962.111663704471,-1599.6450447853977
3354.8383479451854,3829.428496918066,-474.59014897288034
3352.7984699619747,5043.619660084942,-1690.821190122967
3354.312104623894,3963.0313502345653,-608.7192456106714
4303.116495999093,5048.5096776349565,-745.3931816358636
4302.618677921922,4908.76443144238,-606.1457535204572
4288.076286666643,3960.951829765517,327.124456901126
4301.800582123295,3942.8773746600605,358.9232074632341
4311.610619603318,5129.166355690479,-817.5557360871608
4299.818672732679,4258.143641447514,41.67503128516546
4293.574180113226,4499.495085558679,-205.92090544545317
4311.122377363886,3837.632145420001,473.49023194388474
4298.692687831362,3126.6631286083148,1172.0295592230468
4328.720909398195,5081.843683730806,-753.1227743326117
4298.419112644522,3827.089950312549,471.3291623319733
4299.523076078473,4232.70792729142,66.81514878705366
3597.7775010216087,4790.859094622374,-1193.0815936007652
3597.347495942567,4620.757359875325,-1023.4098639327581
4091.5118737291095,4406.703204772955,-315.1913310438458
4103.046278229651,4125.916590312708,-22.870312083056888
4080.8222421334663,4990.1517526176285,-909.3295104841623
4105.912486024488,3957.071367491657,148.8411185328314
4102.915680072339,4769.681692988017,-666.7660129156784
4083.926048722324,5113.605864963147,-1029.6798162408227
4104.485220870353,4915.119616789528,-810.6343959191745
4090.4518262819156,4108.677773597815,-18.225947315899248
4641.611881795645,3168.5177085748032,1473.0941732208416
4654.722992700739,4432.096450506516,222.62654219422348
4649.550800271225,4325.482724083628,324.0680761875965
4649.762256279464,3400.257920317897,1249.504335961567
4668.047931863442,3953.458512243482,714.5894196199597
4665.691370559562,3838.719347778732,826.9720227808298
4657.202729601939,3414.0194596881392,1243.1832699137994
4679.904266474706,3643.4491513371263,1036.4551151375795
4663.680398598162,4262.808062958704,400.87233563945847
3808.7365157865092,4968.038368845846,-1159.3018530593367
3814.47116233488,4232.350837988456,-417.8796756535762
3803.2444971619484,3940.4004064754936,-137.15590931354518
3825.2956881256528,3960.5135875391074,-135.2178994134547
3813.8400968956125,3871.2442443091636,-57.40414741355107
3823.4816123368437,4057.1147709173815,-233.63315858053784
4396.833241995684,3844.666445136794,552.1667968588899
4378.210542204113,4825.2261991002315,-447.01565689611834
4367.929191529409,3757.616463698634,610.3127278307747
4392.960823101163,4524.892343656188,-131.9315205550247
4384.082117158903,5049.303049039973,-665.2209318810701
4383.111593324518,4839.442064917613,-456.33047159309444
4386.914831692045,3766.5719370730476,620.342894618997
4394.472373273722,4421.67796197326,-27.205588699537657
5020.737645685819,4941.6287768848015,79.1088688010177
5029.8277120910825,5133.1578728144805,-103.33016072339797
5006.002035344668,4680.14158198136,325.8604533633079
4997.263956822531,4382.154579601506,615.1093772210252
5012.98161007605,4509.7287250267955,503.2528850492545
5007.093152700869,4755.494726480517,251.59842622035194
5019.195429843523,4259.1727256023,760.0227042412234
5009.054743099926,4251.356963942802,757.6977791571235
5026.619412840362,3298.7156086455407,1727.9038041948215
5016.2146705226905,3830.855661429532,1185.3590090931584
4384.178363874758,4799.09042921034,-414.91206533558125
4382.252000411213,5093.07951684768,-710.8275164364668
4387.036498105519,4773.644842278133,-386.6083441726141
4378.349422246999,4160.008179060467,218.34124318653176
4391.294285185146,4771.8686173339,-380.57433214875437
4373.93712717203,4687.6350551997175,-313.69792802768734
4357.0444059964475,4384.079734878291,-27.03532888184327
4397.606375786712,4922.6328951787245,-525.0265193920122
3812.5027015340875,4761.349245313764,-948.8465437796767
3828.4843700858783,4774.313559772017,-945.8291896861383
3811.079162949159,4974.706584734021,-1163.6274217848618
3807.052268052464,3975.5406081208102,-168.48834006834613
3822.8877643477304,4415.095178832186,-592.207414484456
3806.642025104943,4393.232746810514,-586.590721705571
3362.7340541526605,3970.752538592071,-608.0184844394103
3364.8488935302335,3980.062095907012,-615.2132023767786
3370.7900653480724,4577.359860497407,-1206.5697951493344
3358.5580330665666,3484.960912834417,-126.40287976785021
3364.4364574345345,3613.3849744863405,-248.948517051806
3356.844009986354,4518.006817034385,-1161.1628070480306
3370.2648208880873,4200.090924891931,-829.8261040038433
3359.0111987271634,3618.7772474354438,-259.7660487082803
3356.501050076566,4657.228564354268,-1300.727514277702
3356.1997795834013,4977.082920397785,-1620.8831408143833
3355.6216164866005,5047.271378602593,-1691.6497621159929
3350.1647806120013,3862.4491441924347,-512.2843635804334
3367.2092192874716,4446.326151083979,-1079.1169317965077
4303.116495999093,4830.242835385562,-527.1263393864692
4300.523503061938,4755.247095203239,-454.7235921413012
4309.46174796047,3738.355583223924,571.1061647365464
4296.635300476409,3821.425037539458,475.2102629369506
4308.613415762355,3627.502985843527,681.1104299188278
4293.211421279951,5033.092665862852,-739.8812445829017
4309.734908815374,3984.274038917136,325.46086989823834
4314.194894390082,5060.125683669592,-745.9307892795105
4303.81943830946,4405.472537535548,-101.65309922608867
4301.730658157093,4764.122608618403,-462.39195046131044
4297.883982879869,4754.678908381363,-456.7949255014937
4292.024417478117,5073.912154695215,-781.8877372170973
3583.8448217630216,4322.597157032121,-738.7523352690991
3591.0377670998223,5034.227271589953,-1443.1895044901303
4085.0847169387594,4760.273113741913,-675.1883968031539
4073.817664963905,3609.3326571967486,464.4850077671563
4085.578512004978,5030.583919215264,-945.0054072102862
4083.9199229511264,4508.10866079302,-424.1887378418937
4103.770939866957,4812.21698103231,-708.4460411653536
4101.395402197948,4981.332090664218,-879.9366884662704
4093.207477726274,4404.752927960688,-311.5454502344137
4096.64361931777,3803.5966056601183,293.0470136576514
4666.660168378364,3951.444920608325,715.2152477700388
4661.231781554528,4763.502159755232,-102.27037820070382
4664.047473134619,4809.040236306273,-144.99276317165368
4658.247554055125,3627.6059920153652,1030.6415620397597
4667.293540962667,4262.014037709376,405.2795032532913
4663.250070714274,4193.881297934669,469.368772779605
4676.452438383346,5055.872291937358,-379.41985355401175
4657.8369153338435,4975.569837182527,-317.7329218486839
4669.840439937329,4033.497166313969,636.3432736233603
3797.7526558245363,4387.764971014942,-590.0123151904054
3805.2502958975465,3825.6126526226712,-20.362356725124755
3807.203701971174,4961.986959748843,-1154.7832577776694
3805.364862433491,4433.9378522432235,-628.5729898097325
3800.0479845784025,4100.489633637076,-300.4416490586732
3807.4704522171733,4687.014228176879,-879.5437759597062
4375.624948367277,3342.757339117266,1032.8676092500114
4371.217311882254,3609.9267903691607,761.2905215130932
4383.312396304579,5093.934649293693,-710.6222529891138
4379.6703091732115,4265.596196371271,114.07411280194083
4360.199214738816,3953.638921595577,406.5602931432395
4375.439263158867,4408.085039157397,-32.64577599852964
4386.705348334313,4412.170629774764,-25.46528144045078
4374.4175537616675,4227.336720158346,147.08083360332148
5006.101061926053,3942.723930697689,1063.3771312283643
5020.067714898025,4776.144278860823,243.923436037202
5017.026169261317,3434.297705679812,1582.7284635815045
5014.8695697576,4833.699698299682,181.16987145791882
5019.115311449143,5056.2466585576385,-37.1313471084959
5027.603309342066,3744.2132671809554,1283.3900421611102
5024.921410391843,3626.2373986368902,1398.6840117549527
5027.428958340763,4555.97385506042,471.4551032803429
5008.645192011151,4753.782000567354,254.8631914437974
5023.0000306826905,4337.700869007123,685.2991616755671
4379.368482188501,4755.158238030974,-375.7897558424729
4372.237515865009,5043.0176716682345,-670.7801558032252
4387.883401611745,4124.573018283491,263.3103833282539
4374.238621933758,3866.579894696583,507.65872723717484
4375.502420479722,3689.7530823186607,685.7493381610611
4370.168062106277,4748.687203828273,-378.51914172199577
4372.739864273113,4477.582918510056,-104.84305423694241
4383.174928935145,4577.874494570411,-194.69956563526648
3809.9168559597892,3621.1791888514226,188.73766710836662
3808.263084207779,4257.964786175845,-449.7017019680661
3813.5445408674127,4516.3030052286995,-702.7584643612868
3798.2913223138826,4784.140118124494,-985.8487958106111
3816.533346464291,4633.486384088742,-816.9530376244511
3813.120888154416,4331.661273029668,-518.5403848752521
3357.6834443290068,3936.107770580807,-578.4243262518003
3356.1933920756774,4804.662154496145,-1448.468762420468
3358.0277979029556,4115.952345695941,-757.9245477929858
3350.3436573112226,3758.1073927135626,-407.76373540234
3375.134563666918,4621.7747755720075,-1246.6402119050895
3360.7947632883584,3873.716822423959,-512.9220591356006
3364.75214629781,4797.173528784856,-1432.4213824870458
3355.238482774364,3973.3591384109554,-618.1206556365914
3357.8029064402763,4514.151042008342,-1156.348135568066
3360.4593006957607,3977.2388422958397,-616.779541600079
3344.0430174920866,5036.844572645137,-1692.8015551530507
3352.5841629444217,4749.204425531884,-1396.6202625874625
3360.8686887284816,4403.4824956221455,-1042.6138068936639
4303.116495999093,3972.2195339097116,330.8969620893813
4311.470946134392,4270.138694699193,41.332251435198486
4291.395413302723,4367.104762025641,-75.70934872291855
4298.896586870343,4757.940392019003,-459.0438051486608
4306.151228704182,4757.787466016699,-451.63623731251664
4298.6047119676805,3686.6294744816055,611.975237486075
4305.6484580366105,3685.196654362333,620.4518036742775
4294.563406057866,4747.754097638405,-453.19069158053935
4289.61993000288,5030.0610384215115,-740.4411084186313
4311.190086367607,4794.415056589486,-483.2249702218787
4299.052340667013,4828.399557163818,-529.3472164968052
4295.851779065872,4571.3877753972365,-275.5359963313649
3602.6980733413757,5023.715966789064,-1421.017893447688
3593.7434155907436,4573.329518623445,-979.5861030327019
4070.319453223351,3600.44242264714,469.8770305762109
4088.005993099354,3610.586455725255,477.41953737409904
4106.127517151974,4525.498773687039,-419.3712565350652
4106.930476670812,3841.203129921595,265.72734674921685
4088.4269178929007,4826.730235218881,-738.3033173259801
4081.4679478844814,4179.554043511799,-98.08609562731772
4098.681551965192,4119.020870324241,-20.339318359048775
4091.787827380616,4609.151414788509,-517.3635874078932
4666.7036066342935,3870.213515822504,796.4900908117893
4664.919814272125,4970.706716094627,-305.78690182250193
4674.686616722687,5127.83623781355,-453.14962109086264
4646.153257502331,4997.120015549372,-350.96675804704046
4644.654947043837,4241.410293434783,403.2446536090538
4643.541942078259,3825.0579004588844,818.4840416193747
4657.877143105527,5042.096664873712,-384.2195217681856
4653.164651441746,4394.579215223281,258.5854362184655
4670.544782271188,5130.189571698697,-459.64478942750975
3814.160191410614,4619.784419303055,-805.624227892441
3807.6317778444513,3972.890494933399,-165.25871708894783
3814.897903557532,4492.313176322206,-677.4152727646742
3797.021296768645,4824.147017568705,-1027.1257208000607
3805.225406143736,3616.862361329223,188.36304481451316
3826.412305837218,4421.556872216025,-595.1445663788072
4377.105416914691,4433.175078141738,-56.06966122704671
4374.541121319195,4514.783031443505,-140.24191012431038
4377.2960118934925,4256.780718808654,120.51529308483896
4369.018503389301,4225.888781979961,143.12972140934016
4384.0774993258865,4263.653534506274,120.42396481961259
4377.26141026559,3943.9683903895057,433.29301987608414
4384.515999674568,4384.304672472609,0.21132720195873844
4384.341878109659,4404.681775436672,-20.339897327013205
4995.453717998099,4743.849249357457,251.60446864064215
5014.195257927103,4406.033971811563,608.16128611554
5013.211835066842,3121.5229921849714,1891.6888428818702
5005.858294190774,5111.150825687498,-105.29253149672331
5005.840582693094,4250.111078278508,755.7295044145858
5016.536484517654,5054.486501753067,-37.950017235413725
5003.993344469953,4752.546046605031,251.4472978649219
5020.58565090829,3705.6982927493345,1314.887358158955
5015.1094157153675,3867.0657078349095,1148.043707880458
5051.167271915224,3893.572915857097,1157.5943560581268
4388.259458231018,4767.600789981441,-379.3413317504237
4383.619629548789,3837.1402700547574,546.4793594940315
4378.349422246999,4759.295863465193,-380.9464412181942
4384.383002473798,3951.6201768317324,432.76282564206576
4396.8398166232555,5061.746707127556,-664.9068905043005
4378.780708846731,3294.001221834536,1084.7794870121947
4377.772174427127,4397.072190094692,-19.300015667565276
4368.526970897663,4158.111057690041,210.415913207622
3825.2425372730195,3635.3608323154695,189.88170495755003
3812.324738830049,4581.155163648944,-768.8304248188952
3811.257664018497,4409.22668828088,-597.9690242623828
3832.0155531709274,5007.021523848286,-1175.0059706773586
3800.1085286968323,3654.449225417106,145.65930327972637
3828.0033230619542,4284.139418586695,-456.13609552474054
3357.6846319109686,4756.533934458125,-1398.8493025471566
3352.082544508681,3617.9968983206845,-265.91435381200336
3348.9751616165136,5040.860307261354,-1691.8851456448406
3364.2414551916017,4760.463638767117,-1396.2221835755154
3352.3631611492838,3864.1368115664304,-511.77365041714665
3356.772817153944,4546.505324893955,-1189.732507740011
3353.7142949539684,3289.64031209542,64.07398285854833
3345.507650161803,4246.933968975462,-901.4263188136592
3353.219740818489,5047.725576766961,-1694.5058359484724
3354.0201194753736,4825.394099110603,-1471.3739796352293
3365.8525579197208,3699.216128956517,-333.3635710367962
3353.8822213488115,4513.704158353138,-1159.8219370043266
3356.8413864907093,4979.945778472783,-1623.1043919820736
4303.116495999093,4403.828123291783,-100.71162729269054
4295.998537775335,4388.515381081118,-92.51684330578337
4303.130442155398,4258.188948198214,44.94149395718341
4295.816285398549,4428.428854245762,-132.61256884721297
4308.699154478826,3706.6426499715135,602.0565045073126
4317.081386659649,4267.687727827564,49.39365883208484
4307.9667087773005,3743.4679122636,564.4987965137007
4308.353172010496,5125.736174821842,-817.3830028113462
4300.189197073764,4431.991947354863,-131.80275028109918
4301.662656321163,4108.021784331869,193.64087198929428
4292.958596809251,4279.945685293878,13.012911515372252
4317.497160364689,4766.5010593033185,-449.0038989386294
3580.3044800723887,5043.17860327895,-1462.8741232065609
3602.2586299565996,4808.106497649279,-1205.8478676926793
4090.414925733504,4965.248103867405,-874.8331781339011
4082.3769395343306,4791.026599040125,-708.6496595057943
4091.9531983925262,5050.103933423378,-958.150735030852
4083.3989659320073,3969.5232687956413,113.87569713636594
4083.2343050407185,5000.035211979132,-916.8009069384138
4095.6850726253515,5042.651846495319,-946.9667738699673
4101.440040546092,4415.850092502027,-314.41005195593516
4100.876648075181,4405.5840811354565,-304.70743306027543
4655.590528796359,3407.607073791412,1247.9834550049468
4656.994115886022,4406.3256821184705,250.6684337675515
4664.2328008901295,4910.079864335431,-245.8470634453015
4667.795518273727,4774.8650935072465,-107.06957523351957
4659.96736267254,4439.064438636447,220.90292403609237
4654.561844380443,5040.966943173506,-386.4050987930623
4650.187299663885,3612.008835225624,1038.178464438261
4658.147426442421,4576.693464025577,81.45396241684466
4652.341074185741,5043.413569844437,-391.0724956586964
3828.139369185076,4637.661519611039,-809.522150425963
3813.5528821505964,4908.481764945682,-1094.9288827950854
3803.3268710303823,4250.67376535899,-447.3468943286075
3822.9704506034236,3955.6786788786767,-132.70822827525308
3803.8295566440997,4394.341594999774,-590.5120383556746
3804.3420721503494,4611.037245848507,-806.6951736981578
4380.861443580909,5048.641128979835,-667.7796853989266
4367.929191529409,4244.557225278841,123.37196625056822
4372.1362707341605,4506.359733034909,-134.2234623007489
4384.276812989618,4119.529341415785,264.7474715738326
4355.479650278154,4734.871692978439,-379.39204270028495
4361.547069099438,3852.348298251789,509.19877084764903
4387.5376087425275,3872.7953911419863,514.7422176005412
4383.743764023482,5048.018674825578,-664.2749108020962
5016.847625505578,5049.983088685827,-33.135463180248735
5017.1669232185295,4255.9737726457415,761.193150572788
5027.700226007673,3511.4253960155033,1516.27482999217
5008.305644185854,5114.941552889826,-106.63590870397184
5023.642581924704,4131.649304400006,891.993277524698
5029.01973619323,4442.010771840915,587.0089643523143
4998.767465802298,3288.3911160020198,1710.3763498002781
5014.308420231507,3290.2723699895582,1724.0360502419485
5026.647511133541,3987.8076593657856,1038.8398517677556
5007.708078043674,3298.472193400785,1709.2358846428888
4396.053688160646,4415.239739641371,-19.186051480724927
4390.633028532162,3847.474728619277,543.158299912885
4369.383248690165,4247.967854329854,121.41539436031053
4372.187885331901,4681.319779942551,-309.1318946106494
4378.648787715082,4608.206436693906,-229.55764897882364
4375.266581701381,4435.559981371713,-60.29339967033138
4353.349291148479,3844.183609967471,509.16568118100804
4365.913984050131,4751.358165259577,-385.44418120944556
3803.4437723274837,3612.6205045610077,190.82326776647596
3828.921982079974,4132.106459192445,-303.1844771124711
3813.7915331112713,4411.283436227395,-597.4919031161239
3819.0592723884633,4967.333170428627,-1148.273898040164
3828.0886165294673,4574.791780655583,-746.703164126116
3817.4231145024946,4432.810186682489,-615.3870721799944
3367.7526733962013,4411.583988263974,-1043.8313148677726
3362.2831627274722,4404.184434074805,-1041.9012713473326
3371.953154580929,5133.04824918818,-1761.0950946072512
3367.2254709199156,4266.648248328175,-899.4227774082597
3371.6672825237915,4517.22098199929,-1145.553699475499
3354.993548594733,3684.2820212304914,-329.28847263575835
3354.2988173271465,4400.755137836385,-1046.4563205092386
3356.1997795834013,4764.62665530134,-1408.4268757179389
3363.1570311169394,3834.6765618147692,-471.51953069782985
3370.574251363459,4707.481242368866,-1336.9069910054072
3370.3890416120507,4619.047966087363,-1248.6589244753127
3364.645752846018,4991.140453078852,-1626.4947002328345
3355.9801195769073,3825.996821467705,-470.0167018907978
4303.116495999093,4396.968908357061,-93.8524123579682
4306.484152164354,3871.0863199561472,435.39783220820664
4305.234954614167,4020.7300687212037,284.5048858929631
4304.939575530931,4407.897168737565,-102.95759320663456
4302.076614322014,4403.330746422547,-101.25413210053284
4301.1612075435405,3967.6845292967337,333.47667824680684
4309.023248913728,4765.093454234474,-456.070205320746
4303.425933013218,4416.630485418231,-113.20455240501269
4291.089191837953,4393.2636126813895,-102.17442084343656
4308.1282316664665,3837.088574698479,471.0396569679874
4293.810463374283,4750.082199854486,-456.2717364802029
4301.915454112214,4002.842348545724,299.07310556649054
3578.81652108938,4389.904640562729,-811.0881194733488
3585.79522774572,4746.811702397777,-1161.0164746520568
4096.38930199372,4665.932753936864,-569.5434519431437
4080.6892100399855,5095.122510899082,-1014.4333008590966
4106.501485202045,5146.453943471887,-1039.9524582698423
4084.6844140601784,3403.293229982766,681.3911840774122
4093.4843150254737,5055.44013333172,-961.9558183062463
4091.090211131712,4690.060777467936,-598.9705663362238
4086.6470642879817,3865.2153500713835,221.43171421659827
4085.311806074516,4253.681995483199,-168.37018940868302
4655.520336017727,4968.675967022119,-313.1556310043925
4655.900217834068,4756.834329305511,-100.93411147144343
4662.0309565140815,3827.457751991925,834.5732045221566
4660.602668209385,4967.790810634561,-307.188142425176
4654.8872998611105,4186.471086293834,468.4162135672768
4649.45189958457,3604.5793118815777,1044.8725877029924
4661.060843556839,5054.959018471922,-393.89817491508256
4667.362822340474,4446.4719634856265,220.89085885484747
4655.693194032215,4685.086465027805,-29.393270995590683
3817.6295415401637,4447.554094666077,-629.924553125913
3810.978227834187,4514.271538045812,-703.2933102116253
3800.8281186439317,4107.025609773664,-306.19749112973204
3808.8419344845965,4263.1526410421575,-454.31070655756093
3815.1337969580422,4341.999423752697,-526.8656267946549
3816.684628224744,3628.5863243418084,188.0983038829354
4375.088495463367,4757.0672690786405,-381.9787736152739
4370.100296321396,3751.7230592678306,618.3772370535653
4388.451641323338,5057.234167606916,-668.7825262835786
4401.279079003768,4854.947406240119,-453.6683272363507
4372.875817945688,3826.1609287447654,546.7148892009227
4373.869819086122,3411.3413008497223,962.5285182364
4366.256373823599,5104.04034604056,-737.783972216961
4377.074329912185,4755.886498820925,-378.8121689087402
4992.538237918197,4382.0657531022325,610.4724848159649
5012.497469972722,4975.523174879603,36.9742950931186
5018.224686015693,4904.214391679942,114.01029433575059
5013.005104216083,3125.6284800317776,1887.3766241843055
5006.981126001974,4388.17326300965,618.8078629923239
5015.032191380954,3973.050824333818,1041.9813670471358
5029.741554902488,4447.425821778154,582.3157331243337
5011.017656257283,5117.133454520691,-106.11579826340767
5014.2901155683085,3630.704332228432,1383.5857833398763
4998.98567292318,4322.985132352865,676.000540570315
4364.579773211883,4748.815803355003,-384.23603014311993
4387.387665966525,3626.0763885294227,761.311277437102
4391.294285185146,3878.1244234717406,513.1698617134052
4396.8398166232555,4129.693414002552,267.14640262070316
4393.877347081066,4773.192635607865,-379.3152885267991
4376.341361166552,4751.971974035413,-375.63061286886114
4381.241270180462,4978.35121733957,-597.1099471591078
4399.261178923403,4828.041023977583,-428.77984505417953
3815.972815352022,4247.432962173667,-431.46014682164514
3817.88044282658,3839.564367824003,-21.68392499742322
3812.3715301334514,5063.282425869244,-1250.910895735793
3807.1891634013023,4964.10053344364,-1156.9113700423381
3811.9525175795766,4260.135628702306,-448.18311112272977
3810.8666547740036,4257.657112884376,-446.7904581103726
3358.9589334045268,3307.573031033715,51.38590237081189
3347.016539016953,5038.88801185663,-1691.8714728396772
3361.974044780901,4524.453879015136,-1162.4798342342356
3373.076992300171,3957.574397360409,-584.4974050602382
3362.5747560479854,4968.5950403770785,-1606.020284329093
3370.963917064597,4176.275225109622,-805.3113080450248
3373.151833624246,4552.654206594462,-1179.5023729702161
3355.8316084077182,4251.6049808105345,-895.7733724028162
3360.451615259923,4437.5392777383795,-1077.0876624784564
3350.8495086435732,3757.385688524207,-406.5361798806339
3357.7933952909025,4575.4845018605065,-1217.691106569604
3356.390030778279,3697.8058024645056,-341.41577168622644
3353.9517707355876,3827.1078554045744,-473.15608466898675
4303.116495999093,3866.390211189358,436.7262848097348
4302.56754245715,3694.7946348388955,607.7729076182545
4298.991088752814,3829.0246864607093,469.9664022921047
4312.529942649148,4764.1617131675785,-451.63177051843013
4303.323480609041,5012.158710816655,-708.8352302076137
4314.689036917445,4773.202531052568,-458.5134941351225
4284.147748760911,4420.435931728535,-136.28818296762438
4293.592689294115,4420.329591576101,-126.73690228198575
4314.893547734767,4307.547658253226,7.345889481541235
4311.993861575196,3982.877325995193,329.1165355800031
4287.9541312012425,4363.075529407432,-75.12139820618995
4307.865882586227,4290.966763413571,16.899119172655446
3591.7359115490663,4965.381225637799,-1373.6453140887324
3592.1732114371503,3938.7308329060174,-346.5576214688672
4094.064278896354,3944.7564191376973,149.30785975865683
4079.432267296648,4276.174628711913,-196.7423614152649
4087.649027696728,4395.114800484049,-307.46577278732093
4101.739278946337,3840.118898607299,261.62038033903855
4088.2890080264992,4405.65648070299,-317.3674726764907
4094.9722761345756,3348.93842887221,746.0338472623657
4103.796884109865,4695.7653749641095,-591.9684908542449
4097.4172224442955,4811.969333200084,-714.5521107557888
4671.219871429835,5058.804631872287,-387.58476044245253
4653.357888298392,3842.7311188519952,810.6267694463968
4655.722503895528,3619.395882768484,1036.3266211270434
4658.720973866148,4755.661469813992,-96.94049594784428
4641.154607044886,4817.6939958000485,-176.5393887551627
4644.8330688873575,4393.102380836252,251.73068805110506
4652.344914218573,5046.6459187389455,-394.30100452037277
4657.658383454591,4754.415477856702,-96.75709440211085
4656.0010443437595,4570.568231207409,85.43281313635089
3810.2485850584353,4515.7486884300915,-705.5001033716562
3809.794021128737,4251.755202795494,-441.9611816667575
3826.2282583391766,5067.647515204528,-1241.4192568653511
3804.5883979181613,3825.535925490236,-20.947527572074705
3800.9936701841493,3654.4324933876387,146.5611767965106
3812.0608862228623,5054.509584584003,-1242.448698361141
4382.433873439347,4803.355638239502,-420.92176480015496
4366.956609682985,4655.154525119898,-288.1979154369128
4373.456775741884,4609.509899653734,-236.05312391184998
4368.074428738414,4745.114991975273,-377.04056323685927
4381.4931427713,5081.120391712984,-699.6272489416842
4371.248524824502,4755.491817591701,-384.2432927671989
4381.806361401034,4402.642157343844,-20.835795942809455
4387.797076217367,4764.33423239981,-376.53715618244314
5024.456018591189,3836.538479114841,1187.9175394763479
5017.757325087816,4260.599595863945,757.1577292238708
5027.697503623979,4773.643413521846,254.05409010213316
5008.379650641278,4233.178107097189,775.201543544089
5028.407230449616,4418.542133431053,609.8650970185627
5016.69182314968,4796.680696240522,220.01112690915852
5018.578541011338,4522.454981362307,496.12355964903054
5019.699832146259,4583.576605096165,436.1232270500941
5018.169308791552,4903.646193255636,114.52311553591608
5009.278262736477,5009.879725702529,-0.6014629660521678
4387.9986058827035,3447.659103271507,940.3395026111966
4377.869488522878,4549.763607274974,-171.8941187520959
4386.831322874751,4841.4061226485255,-454.57479977377443
4383.970832241734,4612.705639348186,-228.73480710645254
4376.802827538719,5110.163554173822,-733.3607266351037
4383.751088797135,4618.506785436849,-234.7556966397142
4375.281073224371,3612.9164959810937,762.3645772432769
4377.795400741695,3825.6812026097364,552.1141981319583
3792.262064065588,3607.2708541940356,184.99120987155266
3803.670760381872,4328.467079634418,-524.7963192525463
3807.765337113651,4406.152628366781,-598.3872912531297
3813.8740791849186,3620.3799170304687,193.4941621544499
3809.166145956353,4761.325101490237,-952.1589555338842
3811.1468526978147,5121.387709887486,-1310.2408571896717
3369.8724419361383,3709.2555615853485,-339.38311964921013
3353.7461837449173,4244.178303438253,-890.4321196933361
3356.8392979410073,3433.550228018723,-76.7109300777156
3364.8227436104703,4614.397283498863,-1249.5745398883923
3357.1911554821236,3763.762469137466,-406.57131365534224
3358.69530250898,5047.330171588465,-1688.6348690794853
3371.657410438736,4246.428400282294,-874.7709898435583
3374.7026648512856,4767.0993521217015,-1392.396687270416
3342.4748085447613,3859.309410235189,-516.8346016904275
3348.2317107012336,3606.8968516341706,-258.665140932937
3367.9814312888598,3624.3437458180297,-256.3623145291699
3358.1772899270836,4804.105514728521,-1445.928224801437
3362.88582397504,3978.795521465649,-615.9096974906092
4303.116495999093,5051.469489298781,-748.352993299688
4324.25595435588,5139.594913398269,-815.3389590423885
4299.639071135793,4398.930362946335,-99.29129181054213
4298.32616219364,4602.710708937816,-304.3845467441761
4316.4308138383185,3841.391902960389,475.03891087792954
4299.055490793366,3971.3052958856993,327.75019490766635
4288.736260036888,4176.551485989389,112.18477404749865
4301.722563744188,3971.4192783795515,330.3032853646364
4313.363087257487,4768.010267986037,-454.64718072855067
4314.748718476491,3841.4171176775358,473.3316007989556
4311.207653408244,3767.3147181013687,543.8929353068756
4319.002746359291,4426.109168262064,-107.10642190277213
3581.2854320530264,5045.551486525636,-1464.26605447261
3602.267295073975,5052.63026974137,-1450.362974667395
4104.705493423405,4966.53169561478,-861.8262021913752
4095.5865428552825,3414.075481799038,681.5110610562447
4080.9883667720874,4748.360012618443,-667.3716458463555
4092.5817439675902,3693.8161087624253,398.7656352051649
4079.195804290608,3834.229570851721,244.96623343888723
4104.485220870353,3318.787528496904,785.6976923734492
4112.936894936648,3709.3992522277804,403.5376427088677
4094.8779777856876,4976.416545496722,-881.5385677110348
4656.857573691339,3763.885688658672,892.9718850326672
4664.047473134619,4807.11804488528,-143.07057175066075
4653.2659996498405,5079.925428443773,-426.6594287939324
4650.273491214345,3822.187665431608,828.0858257827372
4663.179416596586,4973.969835703789,-310.790419107203
4677.016202673202,4533.980517662868,143.03568501033442
4670.31912217149,4269.647155147047,400.6719670244429
4670.544782271188,4986.925587625784,-316.3808053545963
4661.436960051032,5051.363800049669,-389.92683999863766
3812.8093103473484,4512.5365111398305,-699.7272007924821
3805.6981400214113,4973.624882143202,-1167.9267421217905
3811.2987340731675,3975.655471997026,-164.35673792385842
3836.7021238394823,4427.970930583397,-591.2688067439144
3808.0432550959313,4509.039510146557,-700.9962550506261
3808.0020019445296,3972.121890248805,-164.11988830427526
4374.967018476759,4957.360182073182,-582.3931635964227
4392.960823101163,3837.386700965702,555.5741221354615
4384.276812989618,4265.998467545634,118.2783454439832
4369.66234123722,5042.652147512217,-672.9898062749971
4374.134537844418,3834.9117277947653,539.2228100496532
4373.141684126449,4955.867437155248,-582.7257530287989
4381.526887064786,4615.093687362747,-233.56680029796098
4391.439643712927,5091.5403105299365,-700.1006668170094
5035.764240834007,4994.879859627869,40.88438120613773
5014.8695697576,4757.579571759288,257.2899979983122
5014.2602986129405,3833.54025458741,1180.7200440255306
5012.531354515286,3864.9511339036426,1147.5802206116432
5013.837540821962,4753.654967084371,260.18257373759116
5021.4118676667695,4977.697742113326,43.71412555344341
5019.594615230882,3618.938420618321,1400.6561946125607
5004.454094309862,4097.6596000590125,906.7944942508493
5002.070195838865,3609.5558550559635,1392.5143407829019
5008.478044298812,4680.451390707346,328.02665359146613
4372.173954974959,4971.1607725716485,-598.9868175966894
4388.710312695407,4761.871173166684,-373.16086047127646
4373.93712717203,4510.396252160581,-136.45912498855068
4378.780708846731,5045.974364971487,-667.1936561247567
4376.341361166552,4933.4069018655655,-557.0655406990136
4373.419421228534,4329.829671117617,43.58975011091661
4364.935752868903,5032.435169757851,-667.499416888948
4388.2429764676335,4619.36934268173,-231.12636621409638
3809.3663498520496,3621.0246845562897,188.34166529575987
3806.1922359864952,4546.735874207457,-740.5436382209614
3817.8543693376914,3305.04439503951,512.8099742981813
3798.276950834435,5076.995706885971,-1278.7187560515363
3814.926498949997,4688.956210202878,-874.0297112528806
3813.977921933971,4974.676032850466,-1160.698110916495
3350.3436573112226,4785.220445084652,-1434.8767877734294
3365.8885951173047,4984.969466447183,-1619.080871329878
3348.4456196261895,4501.898923438322,-1153.4533038121322
3365.1347211294624,5047.4970620047,-1682.3623408752374
3354.827894180416,3184.577241696352,170.25065248406418
3357.5497596662194,4265.087086682011,-907.537327015792
3371.2046606899085,4669.316482176062,-1298.1118214861535
3350.1647806120013,5082.416854939278,-1732.2520743272767
3359.5941388945294,4839.039875733677,-1479.4457368391477
3364.645752846018,4270.038533299071,-905.3927804530531
3350.364745300764,3609.135337295845,-258.7705919950813
3357.3118961708956,4907.358083571515,-1550.0461874006191
3367.0901711405827,3622.915335939661,-255.82516479907827
4303.116495999093,4901.247940283644,-598.1314442845514
4296.780900045522,4749.882102192427,-453.10120214690505
4296.215483969471,4963.2653777393425,-667.0498937698712
4302.510731399731,4396.146619336486,-93.63588793675444
4315.368197820185,4519.0845103469,-203.71631252671523
4311.010777217513,4522.558332435993,-211.54755521847983
4298.827551289092,4111.648678839072,187.1788724500202
4300.9050912092125,4831.462590098006,-530.5574988887938
4300.934679502459,3832.4560858150962,468.4785936873632
4292.413553710732,4745.794783165249,-453.38122945451687
4297.709664826129,5099.644092307784,-801.9344274816558
4281.881170887911,5030.099230897277,-748.2180600093661
3599.0145440131364,4402.875529588032,-803.8609855748955
3599.456647181859,3620.950480867859,-21.493833686000016
4110.128159211304,4280.899883204669,-170.7717239933654
4094.4316257383366,4761.386734632092,-666.9551088937556
4088.7991983322336,4396.288441049198,-307.4892427169643
4091.8531468843994,5050.60372201072,-958.7505751263207
4092.5580775817753,4401.828518829706,-309.27044124793065
4087.152151842043,3683.5110240491663,403.6411277928769
4094.127526876819,4554.711772195661,-460.584245318842
4083.9259610296135,4960.69861581858,-876.7726547889665
4664.484020690007,4968.889170609661,-304.4051499196539
4660.660302122176,4256.260378200969,404.3999239212071
4665.600057676171,4761.5814907459,-95.98143306972906
4657.144778420165,4401.446717268987,255.69806115117717
4653.821482495668,4291.042982574203,362.7784999214646
4650.653549933013,4955.959186055053,-305.3056361220397
4666.398098051203,4259.8479461653,406.5501518859037
4656.361220781032,4970.2926510034295,-313.93143022239747
4667.005933639326,4521.115752627756,145.89018101157035
3822.022383126469,4846.130524694315,-1024.108141567846
3801.0504217004896,3693.002363282497,108.0480584179927
3822.940225885499,4272.459103096507,-449.51887721100775
3795.550815803046,3602.818308939025,192.73250686402116
3808.180357499694,4437.330443348327,-629.1500858486334
3822.1778355797524,5057.943423162633,-1235.7655875828805
4379.573476649638,5124.413889551957,-744.8404129023193
4362.827109670394,5038.611443252417,-675.7843335820235
4372.99774192306,4569.985378613677,-196.98763669061736
4384.598050545396,3873.643865500286,510.9541850451101
4376.210578022937,4118.628470896862,257.58210712607433
4388.787308393111,3417.32631435962,971.4609940334908
4371.095721004901,4753.096902155028,-382.0011811501272
4368.5274347124805,3759.3524072222726,609.1750274902079
5025.922687693676,4982.95155270186,42.97113499181614
5018.036750547088,5047.587556379489,-29.550805832401238
5026.752153620164,4412.78314040494,613.9690132152236
5021.939774981981,4766.849389901719,255.0903850802615
5017.721441872657,3869.679796435905,1148.0416454367523
5010.51740008272,3415.965523093298,1594.551876989422
5002.215446973638,4888.874973261607,113.34047371203087
5028.252467121623,4913.0970873470205,115.1553797746028
5022.881447313072,4485.788763592567,537.0926837205052
5002.133753485012,3937.2842868650137,1064.849466619998
4397.727088335949,3849.911748526696,547.8153398092527
4376.421917309467,4975.010675774988,-598.5887584655211
4379.321628169051,5127.8428364271695,-748.5212082581183
4383.040844152747,4729.413855331649,-346.37301117890183
4377.214358612413,3975.2482972943203,401.96606131809267
4388.43108134624,4422.11858767617,-33.68750632993033
4382.024983811759,4691.289299429335,-309.26431561757636
4374.934923375162,5042.633227487253,-667.6983041120911
3796.167119053411,4677.497061278215,-881.3299422248042
3813.6465894477096,4609.099231201459,-795.452641753749
3843.3453024835517,4789.709704591745,-946.3644021081936
3820.951906897285,5061.120611802293,-1240.1687049050079
3816.703476205444,4268.837623398812,-452.1341471933679
3811.461150386607,4444.997623889283,-633.536473502676
3361.804594310389,4117.533419456759,-755.7288251463697
3369.8465324951385,4410.665570626541,-1040.8190381314025
3360.637764636934,4795.016658301202,-1434.3788936642682
3370.3674000428523,4678.437101191009,-1308.0697011481566
3356.136365424838,4613.711995099601,-1257.5756296747631
3373.874411283415,4523.06375361906,-1149.1893423356446
3352.8702123825888,4481.960713199563,-1129.0905008169739
3354.9784587005074,3760.6592764925736,-405.68081779206614
3364.5282214915937,4978.977141950602,-1614.4489204590086
3345.336179684309,4502.314519630536,-1156.9783399462267
3357.4140532021124,3699.5241912003644,-342.11013799825196
3353.483069833197,5114.821402121656,-1761.3383322884592
3360.229088188242,5056.011027655558,-1695.781939467316
4303.116495999093,5048.7244492020845,-745.6079532029917
4312.611925137119,4122.298105809847,190.31381932727254
4314.330736688062,4124.278578826877,190.05215786118515
4307.047312368867,5119.140740187148,-812.0934278182813
4329.127584515629,3967.3013080054884,361.82627651014036
4299.338391169189,4608.605588023828,-309.2671968546392
4295.314555239066,3826.853748969274,468.4608062697921
4318.205634090678,4846.42511044775,-528.2194763570715
4298.256994190239,3344.0058469707074,954.251147219532
4311.549057994848,3978.280364428134,333.2686935667143
4306.685566984196,3831.960607177043,474.724959807153
4333.719938676441,4927.679845048063,-593.9599063716214
3599.9490329573655,3772.979482205854,-173.03044924848837
3597.8978324232385,5045.750102551827,-1447.8522701285883
4088.2824744659097,4756.503291693398,-668.2208172274882
4089.8215550321365,4402.167133819299,-312.3455787871626
4095.7032121368625,4660.7477571495065,-565.044545012644
4085.79489064755,5057.940175057942,-972.1452844103919
4092.0537561413794,5042.734090416913,-950.6803342755338
4074.9640729502266,4389.981202981228,-315.01713003100167
4088.4380386144276,4399.486009315063,-311.04797070063523
4089.2352327223516,4798.043837862267,-708.808605139915
4666.463317014334,4449.054700551025,217.40861646330904
4657.914561776932,4267.316671383113,390.5978903938185
4651.48178320833,4106.713090168634,544.7686930396958
4652.653366742218,3466.244331031834,1186.4090357103842
4640.6177175507755,5028.854024742558,-388.23630719178254
4659.609808195565,3849.3767211150107,810.2330870805545
4653.1623786899845,5040.354001932069,-387.19162324208446
4676.85702171033,4135.148724778971,541.7082969313587
4656.527195934751,4940.192614221617,-283.66541828686604
3798.6430696722737,4602.6006669731905,-803.9575973009169
3815.9384894588115,4117.974394694552,-302.0359052357403
3794.3691843299484,3108.3757472770726,685.9934370528758
3803.207886478757,3693.533116531596,109.67476994716071
3808.148475947833,3698.6334835000225,109.51499244781053
3805.9443175162955,4656.454932219522,-850.5106147032261
4393.759185475663,3885.0300587737784,508.7291267018845
4381.9001333930655,3189.5284933477974,1192.3716400452681
4373.610857039428,4401.111140514505,-27.500283475076685
4393.161173554276,4454.506374848957,-61.34520129468183
4384.757633654359,4264.2464247611915,120.51120889316735
4398.840982161729,4419.668835149211,-20.8278529874824
4388.505989207421,3631.1343901829046,757.3715990245169
4373.955409837721,3759.2759889404224,614.6794208972988
5021.728191925252,3623.262363694191,1398.4658282310606
5020.814887197997,4517.770603104973,503.04428409302454
4995.216503364818,4955.168201011106,40.04830235371173
5011.1295456416065,4973.5278023011815,37.601743340424946
5025.985946867466,4845.721825126857,180.26412174060897
5018.81684840585,3841.0748424784283,1177.7420059274214
5032.179883376618,5069.337412127452,-37.15752875083399
5022.618006324973,4123.589544124614,899.0284622003592
5029.551375947744,5061.170100982068,-31.61872503432369
5020.209400524979,3625.9855808827897,1394.2238196421895
4398.829285092623,4817.64657732631,-418.8172922336871
4364.707183993587,3295.318344789099,1069.3888392044882
4357.0444059964475,4953.879241195655,-596.8348351992072
4377.772174427127,4607.986127915051,-230.2139534879243
4381.241270180462,3444.778971262715,936.4622989177474
4364.935752868903,4744.752487195374,-379.8167343264704
4387.458756249168,4118.860017961597,268.598738287571
4376.187081880627,4252.063830217407,124.1232516632208
3807.399395278803,3938.0920476205247,-130.6926523417219
3812.0259569513914,3957.818140337716,-145.79218338632472
3799.46784286668,3603.0443112041944,196.4235316624854
3804.039520861771,4399.249659822935,-595.2101389611644
3805.16563523778,4015.80214733381,-210.63651209602995
3805.5613750675716,4681.04836344046,-875.4869883728884
3355.465122517575,5040.0729470247525,-1684.6078245071776
3365.706421655872,4911.017454010293,-1545.3110323544206
3355.4042619843985,4106.384326605197,-750.9800646207987
3369.3604118039184,4632.135568325389,-1262.7751565214703
3361.8811463953116,3690.9172331223,-329.0360867269883
3353.510152512716,4758.291328663015,-1404.7811761502985
3352.7491264455907,3756.797154943077,-404.0480284974865
3370.266422684591,4264.809487958433,-894.5430652738423
3362.1232603844055,4971.299843790988,-1609.1765834065827
3359.6990578166815,3761.0292401284723,-401.33018231179085
3368.724422341731,4544.5833964515405,-1175.8589741098094
3361.4714344077893,4974.365548052484,-1612.8941136446947
3364.695056193361,3624.0185898060186,-259.3235336126577
