One Stop Time,Two Stop Time,Difference
3123.885915186823,3144.6822746245302,-20.79635943770745
3618.044089056356,5299.88876099058,-1681.8446719342237
3617.7144315969726,5320.612508857042,-1702.898077260069
3622.9191899767607,5508.630549441032,-1885.711359464271
3630.0486196623665,5318.765317968704,-1688.7166983063375
3641.2565838220435,5323.151103721954,-1681.8945198999108
4099.842561373022,5292.264929217392,-1192.4223678443695
4091.2878998876427,5408.975533236928,-1317.687633349285
4093.8852370843365,4112.597037389782,-18.711800305445195
4102.5276456298225,5304.089507173824,-1201.5618615440017
4117.428678898351,5304.46045543219,-1187.0317765338395
4586.610624282797,3826.436739585104,760.1738846976932
4577.152396412912,5406.941956635296,-829.7895602223844
4581.790389528174,4318.347110832474,263.4432786957004
4587.881704560565,5300.536082615722,-712.6543780551574
4583.343342647073,5301.474879643819,-718.131536996746
4590.679875018697,3832.3122553141197,758.3676197045775
5151.545773602703,5581.026945824835,-429.48117222213205
5178.166194697091,4338.328213646238,839.8379810508532
5142.445371391442,5565.993537541398,-423.54816614995616
5160.125451458223,5587.693030190239,-427.56757873201605
5156.769195171582,4598.2419903553555,558.5272048162269
5142.417404152239,5569.811641867477,-427.394237715238
5154.069240474654,4807.636599303541,346.4326411711136
5161.598056262193,5300.437335521741,-138.83927925954868
5147.477243077554,5483.548245575194,-336.0710024976406
3119.21522161874,5302.650374842407,-2183.4351532236665
3123.6761698711516,5618.2670777061285,-2494.590907834977
3821.8869627855443,4620.786868698555,-798.8999059130106
3800.6412658227327,4597.058769488107,-796.4175036653742
3828.753562204528,5621.203061170474,-1792.449498965946
3814.394258273515,4325.381129749165,-510.9868714756499
3808.818483644596,5078.348480576143,-1269.5299969315465
3815.736148730028,5302.080009843158,-1486.34386111313
3818.7467559381107,5435.687467803841,-1616.9407118657305
3833.969526602733,4350.370399486943,-516.40087288421
4578.71086367744,4595.882899563054,-17.172035885613695
4581.2402080002275,3823.3629583959137,757.8772496043139
4583.616242377787,4600.383816540627,-16.767574162839992
4582.3851981924145,5587.436898819601,-1005.0517006271866
4596.242454538866,3142.1683468589526,1454.0741076799131
4607.743635221573,5319.9401567936175,-712.1965215720447
4590.46168082834,5482.277576217365,-891.8158953890252
5250.252213817675,5291.107536524997,-40.85532270732256
5250.446458794119,5269.705788037031,-19.259329242911917
5260.570358236149,4620.2238022219,640.3465560142495
5274.904640223927,4626.45596338662,648.4486768373072
5273.799460606301,5433.101813318273,-159.30235271197216
5260.808626852301,3842.0134963808828,1418.7951304714184
5260.584827970889,5104.63338197399,155.95144599689866
5283.494922535786,4628.594516769372,654.9004057664142
5544.539459891747,5413.96616590456,130.57329398718775
5535.635666695738,4114.296735584012,1421.3389311117262
5263.012822925005,5586.57555329888,-323.56273037387473
5258.751590781018,5589.532947519572,-330.78135673855377
5270.498202295266,3851.049016121686,1419.4491861735805
5246.480752428285,4513.556778709027,732.9239737192584
5259.763540949916,5294.689473494825,-34.92593254490839
5282.872328986543,3849.3940532565703,1433.4782757299727
5274.4570787604625,4942.204203011942,332.25287574852064
5243.034854393027,4623.289172926347,619.7456814666793
4588.102612921246,5299.708041672828,-711.6054287515817
4574.636940231094,5464.941158770986,-890.3042185398917
4589.586932482186,4608.684609355098,-19.097676872911507
4596.245099545099,5111.808077883581,-515.562978338482
4594.872526331944,4528.337035002484,66.53549132945955
4600.927470990849,5485.773405349508,-884.8459343586592
4589.62898407241,5305.6888303788355,-716.0598463064252
3814.6589176000816,4622.370226120636,-807.7113085205547
3801.2254706087365,4603.268052623521,-802.0425820147843
3807.9057475292702,4911.802570210927,-1103.8968226816569
3804.3387600193837,3136.9814223947583,667.3573376246254
3808.191854577654,5588.598622537809,-1780.4067679601553
3811.698384622131,3834.867536412327,-23.169151790195883
3811.155226379123,4521.463612996256,-710.3083866171332
3815.5635753578667,5409.384580580509,-1593.8210052226418
3119.769625693524,5112.93489257301,-1993.165266879486
3123.9640119362107,4615.536990718388,-1491.572978782177
3123.885915186823,5414.244461517603,-2290.35854633078
3617.7144315969726,4612.247376415946,-994.5329448189732
3630.0486196623665,5595.092225295129,-1965.0436056327621
3609.6557071840307,5479.94290263454,-1870.287195450509
3608.5872432162605,5295.841220592867,-1687.2539773766066
3625.2256455463275,5601.132952663908,-1975.9073071175808
4089.84112477968,4598.310925930425,-508.46980115074484
4103.196212614717,3142.31988796562,960.8763246490971
4106.042623929856,5425.981685394902,-1319.9390614650465
4114.967572787551,5607.495671979143,-1492.5280991915915
4103.3980166181045,4322.555181951333,-219.15716533322848
4567.323204073438,3814.10838231387,753.2148217595682
4589.059648150032,5100.307002585453,-511.2473544354207
4590.953920438332,5304.395730197937,-713.4418097596053
4602.364577418282,5426.755517959484,-824.3909405412014
4614.3934853267565,5332.377909826686,-717.9844244999294
4584.391392079878,5076.824808838365,-492.4334167584875
5180.134840862586,5433.545879731501,-253.41103886891506
5150.691652986364,5404.3474952227125,-253.6558422363487
5158.494767356026,3828.47794264911,1330.0168247069164
5171.283063527233,4612.258411919867,559.0246516073657
5157.156448426726,5274.118064458717,-116.96161603199107
5152.251112621833,5501.395595433018,-349.1444828111844
5177.084849114594,4829.361246863588,347.723602251006
5158.988835742967,4610.656052126689,548.332783616278
5184.833142040075,5127.237132865777,57.59600917429725
3111.05930147535,4600.371207210146,-1489.3119057347963
3119.308057762684,5296.033817403026,-2176.725759640342
3799.803509556158,5591.440591162844,-1791.6370816066856
3829.3088693756436,5122.817939876709,-1293.5090705010653
3800.116426092055,4591.713092398388,-791.5966663063327
3805.0974445136258,4508.594270349052,-703.4968258354261
3818.24324290302,4527.326240375529,-709.0829974725089
3825.498335426333,3647.936050486753,177.56228493957997
3814.6589176000816,5294.113339244447,-1479.4544216443655
3807.905747529271,5582.708493075713,-1774.8027455464417
4589.448408299325,5295.285683893551,-705.8372755942264
4590.7930671268605,4121.280975519321,469.51209160753933
4591.057037527723,5307.205608566634,-716.1485710389106
4578.826047406917,5408.349624502825,-829.523577095908
4589.620794175959,5408.283120593733,-818.6623264177733
4591.113944394469,5595.487769458805,-1004.3738250643355
4603.399101319029,4143.111392655744,460.28770866328523
5269.879300452953,5108.44205561293,161.4372448400236
5266.196923118634,5315.459758792046,-49.262835673412155
5263.15878433554,4613.168275712991,649.990508622549
5239.003754829028,5461.624303510493,-222.62054868146424
5262.43929504421,3828.315622720323,1434.1236723238867
5253.423339304255,5585.4957199896,-332.0723806853448
5253.288522916684,4515.140584095113,738.1479388215712
5274.9246456100045,4338.566390346352,936.3582552636526
5539.029578527313,5293.813650909002,245.21592761831107
5553.642723968389,3834.7144950522215,1718.9282289161674
5267.581702237552,4607.703979026153,659.8777232113989
5252.577291189414,5076.822581016621,175.75471017279233
5252.983128475686,5408.714497214268,-155.7313687385822
5259.637006507096,5308.917236010549,-49.280229503452574
5262.458710912529,4921.323312573873,341.13539833865525
5268.097503419398,5087.9956451562375,180.10185826316047
5266.273840922851,3832.220409300215,1434.0534316226363
5255.798569795574,5271.741026017368,-15.9424562217946
4585.945009094732,4812.238945460818,-226.2939363660862
4587.660893848474,4122.417923916765,465.242969931709
4579.918379946533,5467.97224682009,-888.0538668735571
4582.2566469236135,4115.729939290778,466.5267076328355
4588.436560463668,5105.079989709666,-516.643429245998
4604.75526637431,4945.899954424727,-341.14468805041724
4586.7057288982205,5080.188636713877,-493.4829078156563
3825.1827126901194,5441.6790089238475,-1616.4962962337281
3824.2269195543167,4337.422162522885,-513.195242968568
3816.9659816118065,4918.043864585684,-1101.0778829738774
3820.522719680077,5500.312480687591,-1679.7897610075142
3809.17983186126,5107.369180533278,-1298.1893486720182
3809.1467873663814,5105.186915554753,-1296.0401281883715
3817.5001708771,3836.0211648821146,-18.520994005014472
3804.176552779215,4606.205239535573,-802.0286867563582
3119.3811026994363,4511.980040117181,-1392.5989374177443
3115.5205410283397,5277.588377036315,-2162.0678360079755
3123.885915186823,5294.44323673519,-2170.5573215483673
3622.9191899767607,5309.921838729971,-1687.00264875321
3609.6557071840307,4119.702275086026,-510.04656790199533
3610.2066443297867,4741.89395280859,-1131.6873084788035
3602.023187905659,4597.969412639103,-995.9462247334441
3610.756046609806,5486.185944930377,-1875.4298983205713
4114.967572787551,4617.187749683241,-502.2201768956902
4095.656378715332,5412.9194804754725,-1317.2631017601407
4099.459623523692,5278.908189707224,-1179.4485661835315
4116.420553617936,4824.494873770029,-708.0743201520927
4125.78861286988,5332.377909826686,-1206.5892969568058
4591.205545437576,5597.236465986668,-1006.0309205490921
4576.984669714166,4607.430248399419,-30.445578685253167
4580.659004229141,5405.197325535071,-824.5383213059304
4588.735486865066,4610.889915404529,-22.15442853946297
4590.784771818262,5086.005071371758,-495.22029955349626
4590.7112620493735,5277.48874915897,-686.7774871095962
5159.487849992084,4612.14736261991,547.3404873721738
5160.931799671687,4607.6548600577025,553.2769396139847
5157.943749840582,5277.541247246399,-119.59749740581628
5143.270231833107,5461.1883929751775,-317.91816114207086
5162.5298231662755,5221.927073672434,-59.39725050615834
5172.186782341836,4628.869669235657,543.317113106179
5153.5943753874,5583.94473809738,-430.3503627099799
5160.047995118914,5599.989640406024,-439.9416452871101
5162.446353161504,5414.16574428731,-251.7193911258064
3110.120102109385,5293.351343148282,-2183.2312410388968
3109.1164975547963,5595.848796952755,-2486.7322993979587
3824.53537927025,5113.564663526006,-1289.0292842557565
3789.276014157196,5585.742817509276,-1796.4668033520802
3811.5095456139748,5604.999507103999,-1793.4899614900246
3822.9672696674315,3841.510503214785,-18.54323354735334
3805.864859487197,5294.1621065031395,-1488.2972470159425
3815.7326103742553,5600.9957216571065,-1785.2631112828512
3805.408518755101,5478.452960020332,-1673.0444412652314
3811.235994473283,5098.308156315212,-1287.0721618419288
4582.480583060464,4924.941113160959,-342.4605301004949
4580.18997790465,4513.88783635302,66.30214155162957
4588.204749184216,5108.357253248382,-520.1525040641664
4596.607741660504,5316.442156901206,-719.8344152407017
4584.919923966208,5215.341835507483,-630.4219115412743
4597.359965306139,3835.1345538805945,762.2254114255447
4579.918379946532,3821.9301114421,757.9882685044317
5260.231777978548,5583.9350996829335,-323.7033217043854
5275.203024115222,5607.055423893558,-331.8523997783359
5254.59974852222,5410.027343168217,-155.4275946459975
5269.658236374609,4649.028113912543,620.6301224620665
5260.348362650943,3826.4019009348585,1433.9464617160847
5262.452992583831,3633.797250837322,1628.6557417465087
5268.766838937968,5286.645188881391,-17.878349943423018
5257.135949741118,3825.216808153006,1431.9191415881119
5559.082301556448,4616.434470996708,942.6478305597402
5564.376986195188,3158.7730905784933,2405.6038956166944
5271.38855527352,4622.342979457131,649.0455758163889
5266.7874233324965,4524.599947251806,742.1874760806904
5269.4905334738,4531.484274493218,738.0062589805812
5256.385582145957,5588.939654526308,-332.5540723803506
5262.972001378038,5312.267250883056,-49.29524950501764
5273.811593983336,4337.314442807985,936.4971511753511
5265.006686639794,4608.800166032525,656.2065206072684
5265.348441760991,5303.639151730217,-38.290709969226555
4588.167390729988,5297.067170928257,-708.8997801982687
4581.510383084206,3631.132007763951,950.3783753202551
4602.34752311609,5114.105476409678,-511.7579532935879
4591.430842038941,5408.564387126851,-817.1335450879105
4584.867573476988,3825.7013162069043,759.1662572700834
4585.953923228058,4602.430535440434,-16.476612212376494
4588.449007324021,4607.876054941301,-19.42704761727964
3811.4607587155897,5289.558098391965,-1478.0973396763757
3809.3322689050633,5299.880707397997,-1490.5484384929337
3811.819841121347,5106.4577356706895,-1294.6378945493425
3810.4961094719074,4610.56501436775,-800.0689048958429
3826.56161208758,4626.664830821894,-800.1032187343135
3810.8440607945363,4620.422106763169,-809.5780459686325
3818.5145488412377,5496.786389022462,-1678.271840181224
3813.523452908137,5114.143777982431,-1300.6203250742938
3122.098470778748,5302.8416048358185,-2180.7431340570706
3132.9610005038317,5096.749668315105,-1963.7886678112732
3123.885915186823,3832.801183488051,-708.915268301228
3630.0486196623665,4538.52474644019,-908.4761267778235
3608.5872432162605,5286.578483299164,-1677.9912400829035
3602.023187905659,5298.600194832954,-1696.5770069272949
3610.904820968594,5309.489528966765,-1698.5847079981709
3611.790703358557,4522.412134848643,-910.6214314900863
4099.459623523692,5310.4842702351825,-1211.0246467114903
4118.609024064517,4618.867590036791,-500.2585659722736
4098.896646103797,5587.128431454688,-1488.2317853508912
4095.691558304409,4509.84426973008,-414.15271142567053
4113.136775553602,4331.5815941623305,-218.44481860872838
4580.139906052606,3820.2830641228165,759.8568419297899
4590.7112620493735,5309.168027106667,-718.4567650572935
4579.185631096569,5267.593078174607,-688.4074470780388
4577.974766781866,5496.14730616399,-918.1725393821243
4571.992041693698,5280.901410382595,-708.9093686888964
4594.518905581826,4328.109247994271,266.40965758755556
5172.707348621241,5323.281272450236,-150.57392382899525
5160.047995118914,5274.721542926327,-114.67354780741334
5170.03909374082,4612.268562994565,557.7705307462547
5165.019175546856,5611.380021260939,-446.36084571408355
5175.914710307394,3152.158219694557,2023.7564906128368
5168.377132009301,3834.021249213959,1334.355882795342
5137.183963719696,5059.988823827285,77.19513989241113
5153.631835196179,5293.266948567349,-139.6351133711696
5174.322667694554,4536.582343243661,637.7403244508932
3126.999138834665,5307.443611084553,-2180.444472249888
3108.1281008141746,5269.9790077725675,-2161.850906958393
3818.143212236974,5404.179923748979,-1586.0367115120048
3823.8161718098613,5306.701787590154,-1482.8856157802925
3802.0222725593885,5100.724731967537,-1298.7024594081486
3807.044991020898,4932.273880289912,-1125.228889269014
3802.5588807547183,5098.153728340835,-1295.5948475861169
3824.929423338888,5288.922848117301,-1463.9934247784136
3825.1827126901203,4628.973068917096,-803.7903562269753
3816.9659816118055,5116.911738515099,-1299.9457569032938
4592.213915950931,3141.1380516656213,1451.0758642853093
4597.9310661339605,5504.6241019422005,-906.69303580824
4580.766544465755,5470.361861172695,-889.5953167069401
4605.953539476006,3650.2157423918406,955.7377970841653
4591.46706225644,5090.625380798266,-499.1583185418258
4576.999069558113,5089.058162445388,-512.0590928872753
4580.4006239649,4121.94706141483,458.45356255006936
5277.366791128117,5507.851444769982,-230.4846536418645
5259.920053496351,5497.734266653348,-237.81421315699663
5265.348441760989,3829.334759248878,1436.0136825121108
5266.526431049211,4613.1626439773045,653.3637870719067
5262.001417309211,5100.526049489238,161.47536781997314
5264.664768329266,5408.564387126851,-143.8996187975854
5249.527754429761,5092.169815950066,157.3579384796958
5257.561719633791,3829.348283044318,1428.2134365894726
5536.870559423962,5473.95199812194,62.91856130202177
5554.828494855626,3838.72941617188,1716.0990786837456
5270.4565365737235,5312.518872023728,-42.062335450004866
5273.588654843914,4636.134190271879,637.4544645720352
5244.236611027975,4607.585518433818,636.6510925941575
5276.293067053214,5292.889679214828,-16.596612161613848
5266.828471591014,4926.0094910534335,340.8189805375805
5276.804073348584,5117.813194229273,158.9908791193111
5289.1260071571605,5615.418029319133,-326.29202216197245
5271.123955228289,4530.610146812968,740.5138084153205
4586.1860461332635,5477.769329836053,-891.5832837027892
4570.351363757252,5479.958134143137,-909.6067703858844
4582.590891017748,5488.148328607534,-905.5574375897859
4594.510575161743,3144.102729501353,1450.4078456603897
4594.454965957926,4528.771830487175,65.68313547075104
4595.222584001855,4740.917848878483,-145.69526487662824
4602.601787815882,5505.2067785800755,-902.6049907641936
3833.9452324459053,4629.986250995616,-796.0410185497103
3811.2054061539425,4516.181346889171,-704.975940735229
3824.5738069940417,5428.403662733548,-1603.8298557395065
3813.081059708116,5306.198220063533,-1493.1171603554171
3807.8087568167825,3828.084909654863,-20.276152838080634
3810.075997651689,5111.182336869252,-1301.1063392175633
3826.797226578934,5140.561092188987,-1313.7638656100526
3828.580960812046,4627.476335410863,-798.8953745988165
3125.3057142165458,5494.8815594153175,-2369.5758451987717
3132.8292573337576,5298.860522288764,-2166.031264955006
3123.885915186823,5099.27524854081,-1975.3893333539872
3641.2565838220435,4638.810529855888,-997.5539460338441
3625.2256455463275,4617.2496187765255,-992.023973230198
3610.756046609806,5291.427944930378,-1680.6718983205715
3611.790703358557,5412.553173807653,-1800.7624704490963
3609.0951274702084,4318.31576412296,-709.2206366527516
4125.78861286988,4546.545240135794,-420.7566272659142
4125.197136048175,5628.436935084362,-1503.239799036187
4113.136775553602,5423.785559210822,-1310.6487836572196
4108.174541668302,5415.460397937666,-1307.2858562693646
4127.312077778156,4639.79731351101,-512.4852357328537
4604.196119237933,5499.8790985703245,-895.6829793323914
4571.992041693698,5578.600183434166,-1006.6081417404675
4593.14633236867,5409.077842435894,-815.9315100672238
4584.0246300350855,4810.194002468058,-226.16937243297252
4592.158030241804,5296.514624533515,-704.3565942917112
4587.894600212687,3637.97317041168,949.921429801007
5154.306969174331,5304.643247232633,-150.336278058302
5162.599441828211,5087.982467293355,74.61697453485613
5162.016841997239,3825.0949254857524,1336.9219165114864
5174.322667694554,4536.582343243661,637.7403244508932
5158.1705882276565,4327.482430826154,830.6881574015024
5155.163337366352,5292.506367765886,-137.34303039953465
5152.547108432002,5106.642975946908,45.904132485093214
5155.525868267758,4602.66566718926,552.860201078498
5151.348397208463,4601.192971590185,550.1554256182781
3126.7225931743346,5111.126924423108,-1984.4043312487734
3119.200378089721,5272.006040925561,-2152.80566283584
3816.9659816118055,4609.073791489648,-792.1078098778426
3819.914386794781,5313.423883653914,-1493.5094968591334
3804.1765527792136,5297.727295526324,-1493.5507427471107
3814.279100603738,5296.939149554021,-1482.6600489502835
3806.706932653191,5106.664552078165,-1299.957619424974
3821.515103795555,5308.430796087975,-1486.9156922924199
3812.87027356785,5305.371318377679,-1492.5010448098292
3813.712808122426,4611.758900505033,-798.0460923826072
4589.044401092149,4122.317816810716,466.72658428143313
4585.604743370818,3829.812632866278,755.7921105045402
4591.070834776039,4607.340030416111,-16.269195640072212
4584.867573476989,5482.55001641804,-897.6824429410517
4589.474401497026,4814.488857963775,-225.01445646674983
4585.74129481351,5303.322187480881,-717.5808926673717
4589.650801478452,4521.013008962522,68.63779251593041
5271.710825428117,4614.586776919332,657.1240485087847
5244.236611027974,4509.005242046183,735.2313689817902
5272.655509981737,5321.190690276632,-48.535180294895326
5262.878620818624,5085.837171623547,177.0414491950769
5263.064377186258,5601.005197521678,-337.94082033542054
5271.123955228289,5418.384969943475,-147.26101471518632
5246.566824424719,5267.714173889224,-21.14734946450517
5251.498571271166,5107.62380136999,143.87476990117557
5560.223303506747,5315.142818039767,245.08048546697955
5543.167231176521,5299.944848968495,243.22238220802683
5245.533747120681,5459.30687490721,-213.77312778652868
5272.098276681291,5306.668543619603,-34.57026693831176
5267.995385680166,5304.2490721075965,-36.253686427430694
5275.768726689731,5314.05309437775,-38.2843676880193
5282.252396256593,5320.599599191018,-38.347202934424786
5257.112367170057,5413.947982958093,-156.8356157880362
5269.409708251533,5307.676294846596,-38.26658659506302
5283.160070057218,4627.476335410863,655.6837346463553
4581.206591302326,4512.121209145682,69.0853821566443
4573.448733646451,5263.006570161028,-689.5578365145775
4593.200066151668,5300.625230637736,-707.4251644860688
4593.0019855669225,5316.811452032933,-723.8094664660102
4598.087876324972,5318.628766722646,-720.540890397674
4590.999062068662,5306.752549242099,-715.753487173437
4587.584812212417,4931.0600735593825,-343.47526134696545
3808.4497612635837,5298.774126002287,-1490.324364738703
3809.4178949057273,3827.2373831100012,-17.819488204273966
3806.0887765747116,5073.112561458847,-1267.0237848841357
3807.6927887213287,5593.247893312358,-1785.5551045910297
3808.8335560398973,4739.738691374339,-930.9051353344421
3814.4641619443055,3835.5113328991492,-21.04717095484375
3814.6017462160626,5614.646354640387,-1800.044608424324
3817.881238387456,4132.588180441606,-314.70694205414975
3119.4463441889384,5276.814112177045,-2157.3677679881066
3139.9240131686674,5443.457428021152,-2303.5334148524844
3123.885915186823,5472.64224656878,-2348.7563313819574
3609.6557071840307,5410.946917096118,-1801.2912099120877
3602.023187905659,3816.717104410605,-214.69391650494572
3625.9584103700627,5316.080971999145,-1690.1225616290822
3609.2483137840354,4521.590208743962,-912.3418949599263
3631.401590131477,4634.301093188559,-1002.8995030570823
4095.691558304409,4607.430248399419,-511.7386900950096
4103.650583003064,4610.889915404529,-507.2393324014656
4110.876645674232,5309.168027106667,-1198.2913814324347
4100.07164442592,3140.4942046367632,959.5774397891564
4094.3972585960328,4506.797016498209,-412.39975790217613
4599.201277027574,4618.03579121363,-18.834514186055458
4587.722214336051,5102.702854295379,-514.9806399593281
4577.099853443643,5293.351343148282,-716.2514897046385
4601.672907355755,5509.591163843185,-907.91825648743
4589.5977649715,5304.453826499868,-714.8560615283686
4583.897850793822,5274.566673687368,-690.6688228935463
5151.506411540561,5478.452960020332,-326.9465484797711
5154.38170811344,5269.9790077725675,-115.5972996591272
5160.638919803196,5087.79568808172,72.8432317214756
5155.525868267758,5293.638182445507,-138.11231417774889
5144.557824563416,5280.335364600223,-135.7775400368073
5176.500401555302,5292.016160221881,-115.51575866657913
5168.197297943107,4646.886525840204,521.3107721029028
5162.184935700485,5416.337712658367,-254.15277695788245
5159.316158631784,4604.124518197337,555.1916404344465
3138.4259274923334,3849.1208847073044,-710.694957214971
3121.424529337371,4612.607568086924,-1491.1830387495534
3804.665227720782,5294.381961020874,-1489.716733300092
3820.7093528221717,5291.513362655838,-1470.8040098336664
3813.0651620847816,5284.3124607221425,-1471.247298637361
3804.5386458130047,5407.969459878906,-1603.430814065901
3810.1410290313725,5302.883041784402,-1492.7420127530295
3806.4898885392245,4604.51125677867,-798.0213682394456
3811.4607587155897,4637.1248696729035,-825.6641109573138
3811.8198411213457,5512.503737143682,-1700.6838960223363
4607.680340149801,4342.037999444145,265.64234070565635
4595.442600853862,5422.9431025875565,-827.5005017336944
4601.815470941595,5305.99017470132,-704.1747037597252
4596.816255643781,5303.195876877837,-706.3796212340558
4599.060393214115,4528.8019387796085,70.25845443450635
4586.866451616513,4608.4250253759155,-21.55857375940286
4582.590891017749,5082.143876401872,-499.55298538412353
5284.9099694632305,4629.819049756408,655.0909197068222
5265.779587186073,5613.590377551776,-347.8107903657037
5272.098276681293,3841.528932466224,1430.5693442150691
5261.638499007845,4126.175244083183,1135.4632549246617
5280.9313256253245,4655.096215123402,625.8351105019228
5271.063936926218,4617.33381503974,653.7301218864777
5267.805697215287,5499.354595943248,-231.54889872796048
5283.160070057219,5301.130554260021,-17.970484202802254
5561.609830374393,5510.866480129643,50.74335024475022
5557.645727209576,4621.212870220482,936.432856989094
5273.186095678536,3645.9602719888053,1627.2258236897305
5258.999255912094,5104.031361082305,154.96789482978875
5258.51842060841,5590.0809891694735,-331.562568561063
5254.3328121642335,5302.978512262286,-48.64570009805266
5266.745307287631,5616.308953098791,-349.5636458111603
5254.227742504076,4600.854067996348,653.3736745077276
5257.364315139866,5305.537098600426,-48.17278346055991
5260.68430139248,4121.42002254116,1139.2642788513203
4576.435265714489,5575.868368206997,-999.4331024925077
4573.76182092053,5465.8625691111165,-892.1007481905863
4595.136865046359,3842.085089893633,753.0517751527263
4574.692616622526,5094.191444881855,-519.4988282593295
4607.205390001608,5316.76987366566,-709.5644836640522
4597.542146810885,3841.67635946023,755.8657873506554
4595.170276525164,4612.994762166066,-17.824485640901912
3838.190111875131,5412.006843411714,-1573.8167315365827
3809.052427294881,4520.9060010809835,-711.8535737861025
3820.0589632920837,5500.580419261268,-1680.521455969184
3817.525956235071,4329.685299419708,-512.1593431846368
3818.639063327942,5602.375548106532,-1783.7364847785898
3822.792251895607,5288.363411590565,-1465.5711596949582
3814.5202883665243,5306.390198702165,-1491.8699103356412
3814.331760806858,5315.339506299629,-1501.007745492771
3121.3281767808226,5284.3127632324795,-2162.984586451657
3129.181019465471,3843.6409935278057,-714.4599740623348
3123.885915186823,4612.694259567265,-1488.8083443804426
3600.834561735897,5582.772359603165,-1981.9377978672678
3615.668062860044,5105.663508114519,-1489.9954452544748
3607.3760978460014,5602.2303832508715,-1994.85428540487
3626.045267100129,5112.214905495541,-1486.1696383954118
3636.647922786519,5612.033776368539,-1975.3858535820204
4103.650583003064,5274.057197724614,-1170.4066147215499
4107.397492354017,5116.267134030481,-1008.8696416764642
4095.440021341259,3820.2765860259115,275.16343531534767
4107.705814323643,5105.282836189729,-997.5770218660864
4101.269342432833,5299.232948650722,-1197.9636062178897
4596.272132180479,5309.274834259035,-713.0027020785556
4601.672907355755,5293.471441738471,-691.7985343827158
4588.059259607994,4920.417457749472,-332.35819814147817
4581.95292931395,5270.131009537184,-688.1780802232333
4588.959401072661,5591.630223291173,-1002.6708222185116
4591.986692956954,4612.852312283355,-20.86561932640052
5149.557689432238,5401.342343763886,-251.7846543316482
5144.557824563416,5084.757852500901,59.799972062514826
5168.745235627968,5286.468081198652,-117.7228455706836
5164.046509185893,3836.7434652155675,1327.3030439703257
5170.947047828636,5317.152190441453,-146.20514261281733
5161.0236159017895,4619.633975486491,541.3896404152983
5165.409379239052,5314.726668889352,-149.31728965030015
5158.565791036625,4598.303133412934,560.2626576236917
5160.621268013911,5491.152244127716,-330.5309761138051
3130.703725258087,5432.263614364129,-2301.559889106042
3117.196372177488,3834.835164997137,-717.6387928196491
3804.7799957176376,4905.149846680036,-1100.3698509623982
3813.116871174026,5122.283291473316,-1309.1664202992902
3811.8198411213457,5085.976317778961,-1274.1564766576153
3817.2789144137414,5304.002760529267,-1486.7238461155257
3825.631412412307,4631.509105400766,-805.8776929884593
3827.2916745875364,5322.4955020842135,-1495.2038274966771
3809.615322083335,3829.2390126993405,-19.62369061600566
3806.656428686398,5403.5938880595395,-1596.9374593731413
4582.590891017749,5299.941913273746,-717.3510222559971
4596.382775640979,4529.998605868458,66.38416977252109
4575.611111209388,5101.553812890876,-525.942701681488
4594.0817814211005,4527.089211698187,66.99256972291369
4599.079184548027,5290.6522750484355,-691.5730905004084
4612.525480477882,5444.035388349655,-831.5099078717722
4601.079419181962,3843.461422619628,757.6179965623342
5260.757380068572,5217.2914743212095,43.46590574736274
5282.490420599502,5298.860522288764,-16.3701016892619
5261.1370030556145,4526.245674891931,734.8913281636833
5274.070513231512,5606.492237749007,-332.4217245174941
5259.2176108407475,4523.317758274348,735.8998525663992
5254.3328121642335,5096.695997095249,157.6368150689841
5258.973542744134,4128.634324191475,1130.339218552659
5250.058491924498,5289.263460514515,-39.204968590016506
5569.960836277662,5626.563040353127,-56.602204075465124
5552.512140004675,5316.28076336796,236.23137663671423
5276.649086456318,5128.872445570068,147.7766408862508
5266.1289839863675,5499.256431465283,-233.1274474789152
5283.866519390679,3851.205545332871,1432.6609740578078
5259.197678806086,3836.416690997913,1422.7809878081725
5251.610957439951,4598.161158782611,653.4497986573397
5278.436249471817,5319.230513816156,-40.794264344339354
5249.1442790775145,4506.839838485462,742.3044405920527
5272.361264873768,5593.16297429988,-320.8017094261122
4604.355696940281,5496.985033304811,-892.62933636453
4595.186696345476,4613.326844699841,-18.14014835436501
4614.373180287035,5306.33639286489,-691.9632125778544
4610.607963756358,5612.812636270314,-1002.2046725139562
4592.080868343491,5300.4352052054965,-708.3543368620058
4601.619631957252,4930.999264309191,-329.3796323519391
4589.393154234949,4605.246288543912,-15.85313430896258
3824.6213970851527,5420.312892421635,-1595.6914953364826
3816.3390617349673,5500.111635758501,-1683.7725740235333
3812.090630674262,5105.913347598641,-1293.8227169243792
3807.1454551019683,4609.547387389059,-802.4019322870904
3822.7681376396713,3840.2094386220897,-17.441300982418397
3805.398943334686,5295.132310995272,-1489.7333676605858
3801.796666020796,5585.730655444858,-1783.933989424062
3818.8905227985656,3838.3995507959276,-19.509027997361954
3112.9676610400475,3632.507845631272,-519.5401845912247
3118.2035217447383,5504.623440967375,-2386.419919222637
3123.885915186823,4522.31396799064,-1398.428052803817
3608.5872432162605,5070.392245776024,-1461.8050025597631
3610.904820968594,5305.812421128541,-1694.9076001599474
3609.2483137840354,4609.130352998415,-999.8820392143798
3613.0907052741504,3831.597083172866,-218.50637789871553
3621.0666417180805,4614.339133258102,-993.2724915400217
4110.876645674232,3647.0079006161222,463.8687450581101
4095.440021341259,5474.597971889435,-1379.157950548176
4106.965304181994,4611.031284448659,-504.06598026666506
4101.725982186768,5498.174213663632,-1396.4482314768638
4110.096438705361,5421.078247551005,-1310.981808845644
4593.916975537643,5495.058439852748,-901.1414643151047
4583.897850793822,5601.898878705422,-1018.0010279116004
4587.815157865023,4522.300377843514,65.51478002150907
4591.986692956954,3838.9838202057877,753.0028727511667
4583.193730002935,5097.610792937086,-514.4170629341515
4580.530452960342,5272.9947681404365,-692.4643151800947
5186.324781534189,3848.4810129895177,1337.8437685446715
5162.184935700485,4524.370896052539,637.8140396479457
5154.938042214492,4805.110849081421,349.827193133071
5167.099637332249,4523.516160864306,643.583476467943
5158.565791036625,4607.772492862919,550.7932981737067
5158.100262387019,5412.568445734068,-254.46818334704858
5167.664107931057,4126.968965663709,1040.6951422673474
5166.844977219932,4610.571657931174,556.2733192887581
5156.584702234392,5413.656563123063,-257.0718608886709
3128.8031860369188,5108.8880642203885,-1980.0848781834698
3128.1503425629976,4624.584109483657,-1496.4337669206593
3825.631412412307,5312.144954094811,-1486.5135416825037
3816.1147657894494,4531.101157057348,-714.9863912678989
3820.3124243721268,5289.476695145807,-1469.16427077368
3797.606874700088,3818.125297341936,-20.518422641847792
3811.277163890137,4526.5241628660915,-715.2469989759543
3820.622425383213,5313.652570499159,-1493.0301451159462
3833.9452324459053,5332.762567263348,-1498.8173348174423
3824.573806994042,5314.05309437775,-1489.4792873837082
4597.266028170811,3828.145776388967,769.1202517818442
4610.69424879989,5331.849075736201,-721.1548269363102
4594.560581387978,4126.521386790985,468.0391945969932
4604.066149348617,5615.064555650279,-1010.9984063016618
4593.001985566923,3832.933446989359,760.0685385775646
4585.588843284429,3135.4862489357065,1450.102594348722
4588.048692815857,5594.240810928244,-1006.1921181123871
5268.8567291046,5106.644862373985,162.21186673061493
5252.633953954611,4809.836159924201,442.79779403040993
5260.684301392478,5275.507966550083,-14.823665157605319
5259.929794375883,5299.920237571982,-39.99044319609948
5262.782439894491,3827.3079796472252,1435.474460247266
5253.72336192293,5072.975491338773,180.74787058415677
5259.1976788060865,5297.553521914617,-38.35584310853028
5251.679298079505,3130.9267286577197,2120.7525694217857
5574.470004146379,5330.636533601562,243.83347054481692
5541.29611021659,5272.020124084212,269.2759861323784
5265.994407986269,5489.394608927387,-223.40020094111787
5272.3843288957,5614.564070892313,-342.1797419966133
5258.116178492607,5297.1522447287225,-39.0360662361154
5280.2826113713645,4543.704950582773,736.5776607885919
5266.413047111416,5424.1924774027975,-157.7794302913817
5262.626777620992,5310.412361041681,-47.78558342068936
5249.26872310285,5396.889138593867,-147.6204154910165
5277.8960526165065,5619.436562754325,-341.5405101378183
4600.025827711329,5319.199405512065,-719.173577800736
4600.528858702349,5112.778084313143,-512.2492256107944
4598.528608703431,5087.164938236016,-488.63632953258457
4596.366667897934,5614.7685770528,-1018.4019091548653
4593.520974373728,4643.114649540963,-49.59367516723523
4600.660033566001,5609.438784949468,-1008.7787513834664
4586.9824991251235,5488.8890024988505,-901.906503373727
3817.8073878833625,5114.448943299572,-1296.64155541621
3805.757276009029,4119.657327935036,-313.9000519260071
3819.3727166849058,5287.753597928041,-1468.3808812431353
3800.9539202898873,5285.832103350039,-1484.8781830601515
3808.1163935342047,5278.598937783899,-1470.482544249694
3812.2050430845234,5412.712999894298,-1600.507956809775
3813.431114544078,4137.4333511486575,-324.0022366045796
3815.3408355978745,4331.001532009292,-515.6606964114171
3127.0523551852057,4623.354044994986,-1496.3016898097803
3125.9536451407016,5316.024194286752,-2190.070549146051
3123.885915186823,4620.008471695079,-1496.122556508256
3610.2066443297867,3831.0602962565044,-220.8536519267177
3625.9584103700627,3842.292717855934,-216.33430748587125
3622.770236235193,4619.014513360805,-996.2442771256119
3604.0922111049385,4595.880167611197,-991.7879565062585
3617.963468832331,5308.954639366853,-1690.9911705345226
4100.07164442592,4325.4002863252745,-225.3286418993548
4107.705814323643,4610.290205764877,-502.5843914412344
4101.725982186768,5296.250688740845,-1194.524706554077
4097.791911765171,4517.170685015927,-419.37877325075624
4106.9831774666845,5104.43044713097,-997.4472696642852
4597.364968346761,5310.380809254695,-713.015840907934
4580.75438909719,5578.975587793068,-998.2211986958782
4594.88154769723,5107.88236833957,-513.0008206423399
4578.192185983259,4607.829194160564,-29.63700817730478
4588.649567557431,5292.844645036669,-704.1950774792385
4590.487721987658,5301.987144302568,-711.4994223149097
5167.607368480346,5287.806114002913,-120.19874552256715
5168.967632223163,3832.191253054831,1336.7763791683315
5162.260665333766,5604.929678614478,-442.6690132807116
5163.528650651657,3138.147770881987,2025.3808797696697
5175.072851593626,5294.572812691689,-119.49996109806307
5155.7078614999755,4613.980616228655,541.7272452713205
5162.783535788365,5599.154091358463,-436.3705555700981
5175.768863734581,4342.037999444145,833.7308642904363
5174.754124325505,5505.224982209917,-330.470857884412
3126.146768602376,5284.232988450024,-2158.086219847648
3129.8228743710024,5112.163584508709,-1982.340710137707
3806.4433183565184,5278.412767459228,-1471.9694491027099
3808.1446405620713,5320.00532562583,-1511.8606850637584
3822.580089307466,5286.810617162352,-1464.230527854886
3813.9198350960673,4330.576670167308,-516.656835071241
3807.8087568167825,5492.229828435744,-1684.4210716189614
3816.740723308364,5305.592089561783,-1488.8513662534187
3821.688774487132,4140.708702460651,-319.01992797351886
3812.576723719943,5300.6252306377355,-1488.0485069177926
4589.617780969696,4609.365656548355,-19.74787557865966
4598.727596082693,5486.335057081245,-887.6074609985526
4596.06439182205,5598.327253272401,-1002.262861450351
4590.873350193874,5086.518794380835,-495.64544418696096
4588.107593025036,5297.808993912757,-709.7014008877204
4595.530233688396,5284.134987237005,-688.6047535486086
4595.13686504636,5498.024062590794,-902.8871975444335
5259.158488517019,4915.318090996242,343.8403975207766
5270.904012195084,4140.40112403449,1130.502888160594
5280.849353403113,3836.165434085979,1444.683919317134
5257.01450971892,4524.64622737105,732.3682823478694
5255.600254059565,5594.142359677064,-338.54210561749915
5272.384328895699,5429.827809917171,-157.4434810214725
5289.5998960365705,4346.286211706755,943.3136843298153
5273.153523066239,4928.035319735548,345.11820333069136
5542.516534601119,5586.8896748261695,-44.37314022505052
5547.766432253624,5102.701994293272,445.0644379603518
5272.95752115896,5431.346638138087,-158.3891169791268
5255.422742055747,5295.174741910613,-39.75199985486597
5269.52841220165,5286.689607861708,-17.161195660058183
5264.735587914484,5086.272153862591,178.46343405189327
5269.9690332417995,4126.558828575358,1143.4102046664411
5260.120077531572,5299.603093277665,-39.48301574609286
5263.4622347481945,5304.486561551729,-41.02432680353468
5259.62659328276,4531.290784565269,728.3358087174911
4582.522403522483,5091.688223127199,-509.1658196047165
4604.720965020631,4633.155608849613,-28.43464382898128
4596.237460419412,4623.130303136442,-26.892842717030362
4587.766511824792,5300.1488114112135,-712.3822995864211
4600.579550231233,5109.91879312652,-509.3392428952866
4595.656117445378,5282.53279356639,-686.8766761210118
4598.333658423986,5415.503700066239,-817.1700416422527
3800.9830379714804,3822.297372871565,-21.31433490008476
3804.285424501885,3827.7564582324476,-23.471033730562795
3808.6750893262506,5277.915743054445,-1469.240653728194
3805.388910612114,5284.4515485664415,-1479.0626379543273
3828.7628720598937,4761.656107296711,-932.893235236817
3816.9804844516484,5311.408247984699,-1494.427763533051
3808.9984284892957,3829.088530618163,-20.09010212886733
3816.2483450290765,4612.746794075545,-796.4984490464685
3129.670293724511,5492.002656767747,-2362.332363043236
3116.1463928341277,5269.820630943703,-2153.674238109575
3123.885915186823,4525.623036344916,-1401.737121158093
3625.2256455463275,5091.543275588331,-1466.3176300420037
3611.790703358557,4522.412134848643,-910.6214314900863
3631.401590131477,4548.320358587635,-916.9187684561584
3621.0666417180805,5423.785559210822,-1802.7189174927412
3634.1892963051287,4348.922666410818,-714.7333701056896
4094.3972585960328,4505.839484489384,-411.44222589335095
4101.269342432833,4322.470569429263,-221.2012269964307
4110.096438705361,5102.267208404346,-992.1707696989852
4106.9831774666845,3832.705585085525,274.2775923811596
4114.361495885083,5603.982928910875,-1489.6214330257917
4586.497667653241,5272.264951593364,-685.767283940123
4583.193730002935,4116.093960275203,467.09976972773165
4586.710366500395,5312.56284845009,-725.8524819496952
4588.664062694885,5101.066192454278,-512.4021297593936
4585.07910607009,5099.890415120299,-514.8113090502084
4589.740868293167,5613.95879654482,-1024.2179282516527
5156.128363561924,3138.299025286959,2017.8293382749648
5163.528650651657,4607.734549118765,555.7941015328915
5163.72572015204,5298.664236955375,-134.938516803335
5156.584702234392,5296.758851631972,-140.17414939757964
5163.1304393895725,5278.374345333742,-115.24390594416946
5146.4168199186415,5086.342296372019,60.07452354662291
5163.570292853176,5416.632370317831,-253.06207746465498
5172.65349060416,5122.865833390078,49.787657214082174
5153.0889881951925,5289.856052308376,-136.76706411318355
3122.3231886065005,5116.009687611626,-1993.6864990051254
3130.3587735201513,5287.971527580835,-2157.6127540606835
3824.573806994042,5288.967549523322,-1464.3937425292802
3813.4585235264617,5580.479524529049,-1767.0210010025871
3828.580960812046,4542.131149398331,-713.550188586285
3802.8577594963726,3624.3696052428995,178.4881542534731
3811.6534778173163,5596.8840411069905,-1785.2305632896741
3812.6803483870663,3832.413988752011,-19.733640364944677
3808.4497612635823,5117.599606108228,-1309.1498448446455
3806.0887765747125,5089.619811706643,-1283.5310351319308
4588.107593025036,5602.988148324261,-1014.8805552992244
4592.836865350757,4612.510242244197,-19.673376893440036
4584.127224912296,5302.3432579915625,-718.2160330792667
4607.205390001608,5514.728594990343,-907.5232049887345
4583.046305261794,5401.580836237531,-818.5345309757367
4590.5211307321415,5100.974103532776,-510.4529728006346
4605.335085708178,3840.056516722767,765.2785689854109
5268.35117989786,4614.130614541879,654.2205653559804
5258.116178492608,3828.930315929375,1429.185862563233
5273.153523066239,4529.833938955112,743.3195841111274
5263.809249335505,5303.562098043875,-39.75284870837004
5251.124067941385,3821.1123656301384,1430.0117023112466
5277.8960526165065,5434.181887117103,-156.28583450059614
5261.171472940584,5494.63183237583,-233.46035943524566
5262.891690435931,5310.633748825768,-47.74205838983653
5562.047148725316,4621.187061708935,940.8600870163809
5553.278185829798,5281.792599018355,271.4855868114428
5272.1170735786045,4617.8486131734135,654.268460405191
5259.62659328276,4616.206860465448,643.4197328173123
5268.467540704685,5601.445994588711,-332.97845388402584
5270.802216188122,3842.7752388505082,1428.0269773376135
5263.517032683893,5485.324512122954,-221.80747943906044
5248.005521241907,5264.974350470004,-16.968829228096183
5262.263273134236,4333.022961227556,929.2403119066803
5262.128466649176,5279.4723261682775,-17.343859519101898
4594.769273291744,5110.320608933941,-515.551335642197
4592.85020194561,5589.90452184343,-997.0543198978203
4586.313563816476,5310.012902550299,-723.6993387338234
4603.93440790755,5313.576734420751,-709.6423265132007
4596.141684426504,3840.8334477443127,755.3082366821914
4582.8147418971275,5111.169922181951,-528.3551802848233
4573.973138929359,3822.266223190668,751.7069157386914
3806.3096212583623,4513.158098949719,-706.8484776913565
3813.9028824179136,5313.731768459793,-1499.8288860418793
3803.7074197556485,5278.668690087128,-1474.9612703314797
3808.6047828255087,5079.592108218862,-1270.9873253933538
3806.1335325571345,3825.300257344334,-19.166724787199655
3792.4217692255306,4591.415906594998,-798.9941373694674
3806.431579702065,3824.7484350255495,-18.31685532348456
3826.79417905045,5439.366963414237,-1612.572784363787
3111.144611615138,4514.999523692009,-1403.8549120768707
3111.9404740427194,4729.578801758304,-1617.6383277155842
3123.885915186823,4609.385191212989,-1485.4992760261666
3610.4548798384626,3137.7022308691508,472.75264896931185
3597.2144069468677,4112.763785527782,-515.549378580914
3621.5153634630974,5419.10272133425,-1797.587357871153
3606.649504675924,5269.705788037031,-1663.056283361107
3630.639228651455,5430.3340223202285,-1799.6947936687734
4117.657155004196,5427.55922964573,-1309.9020746415335
4114.278833964605,5309.274834259035,-1194.99600029443
4107.357504791671,5118.926293061654,-1011.5687882699831
4110.0073209999255,5427.625560229734,-1317.6182392298088
4101.598011794153,4121.8278623613305,-20.22985056717789
4593.101753504507,5423.97065995898,-830.8689064544733
4603.029072411036,3844.818151704763,758.2109207062736
4595.033252851998,4133.130678821187,461.9025740308116
4589.481048696311,5310.335131079071,-720.8540823827607
4595.827763242833,5312.430796087976,-716.6030328451434
4580.066047927593,5418.626662272857,-838.5606143452642
5183.449252887464,5324.134720036524,-140.68546714906006
5155.7078614999755,4733.591213417072,422.11664808290334
5158.629632893732,5588.139720483089,-429.5100875893568
5146.4168199186415,5594.928721569049,-448.5119016504077
5175.233769878521,5503.742844140124,-328.509074261603
5156.951489116282,5293.776496753786,-136.8250076375043
5181.737206869663,5124.183481485373,57.553725384290374
5165.010162045892,5313.652570499159,-148.6424084532673
5167.578723636298,4336.5974775364175,830.9812460998801
3128.938551835625,4430.65462381125,-1301.7160719756248
3126.37477701009,4621.39753156132,-1495.0227545512298
3834.3074830127034,4628.93846691942,-794.6309839067162
3804.0193563942225,4597.02161101475,-793.0022546205278
3812.6803483870663,5476.192571271641,-1663.5122228845748
3840.7010489828735,4156.884526680123,-316.18347769724915
3805.0162107259002,5596.944249234669,-1791.9280385087686
3824.7958614189984,5316.231616161318,-1491.4357547423197
3819.6299833104536,4538.684567549873,-719.054584239419
3833.159278331562,5301.436125778497,-1468.2768474469349
4597.542146810885,4754.474287482412,-156.93214067152712
4586.670202523081,5415.6179457052895,-828.9477431822088
4597.836865153448,5309.654808656787,-711.8179435033389
4614.369034155871,5449.397395919405,-835.0283617635341
4590.49407554899,5307.199179442165,-716.705103893175
4596.285053411934,4615.371446975144,-19.08639356320964
4601.619631957252,5504.730139372,-903.1105074147481
5266.959946378255,5284.534552997356,-17.57460661910045
5247.8133771740195,3629.6042143202885,1618.209162853731
5269.528412201649,5288.163281376505,-18.63486917485625
5260.558234093201,4610.754720036313,649.8035140568873
5275.200186048287,5520.977520085826,-245.77733403753882
5274.954113932225,4749.350668706752,525.6034452254726
5255.909900272243,3138.5664074653946,2117.3434928068486
5268.467540704686,5427.196802253323,-158.7292615486367
5536.234557901908,4927.255253026491,608.9793048754173
5550.207721659764,3834.2367844793444,1715.9709371804192
5256.160427239237,4614.174783624629,641.9856436146083
5265.685282035408,3146.644443450724,2119.040838584684
5279.951897211967,5503.395644194417,-223.44374698245065
5268.286435659293,5107.2423299887505,161.0441056705422
5255.660121895328,5078.044765633193,177.61535626213572
5263.622488968494,3833.993896497542,1429.6285924709514
5260.859677995898,4605.969779183752,654.8898988121464
5258.519686444158,4515.983329167046,742.5363572771121
4582.504375727144,4600.920177936895,-18.415802209750836
4585.629729242614,5409.948409985563,-824.3186807429483
4582.260122164545,3824.502151576259,757.7579705882854
4581.759123014272,5484.896233687891,-903.1371106736196
4577.6292919148145,5299.082085251366,-721.4527933365516
4601.6870150317,5311.388460735039,-709.7014457033392
4585.625010625714,4604.127981831892,-18.50297120617779
3808.161235553545,3828.5552342993956,-20.393998745850695
3811.1444491752127,3830.6364033367827,-19.491954161569993
3805.3145431545245,5075.539894436513,-1270.2253512819889
3800.0212957294666,3816.480492646772,-16.459196917305235
3807.1831120798884,5409.268847086296,-1602.0857350064075
3802.6260189609498,5275.647130461351,-1473.0211115004008
3821.1421055617657,5522.18986819612,-1701.0477626343545
3828.8670003725065,3847.574283396831,-18.707283024324624
3099.7992069707916,5080.738640950138,-1980.9394339793462
3125.047875783748,5299.642642703195,-2174.5947669194466
3123.885915186823,5478.486715526093,-2354.60080033927
3602.023187905659,5267.57710137888,-1665.5539134732207
3609.2483137840354,5298.1755793219145,-1688.927265537879
3604.0922111049385,4595.880167611198,-991.7879565062594
3626.833815719399,4523.87598684013,-897.0421711207314
3604.27316701775,5260.526553198653,-1656.2533861809034
4101.725982186768,4119.519402952175,-17.793420765407063
4119.3636548483955,4339.436940099954,-220.07328525155845
4100.061253517185,3135.16625618633,964.894997330855
4094.115528869698,3132.475539852166,961.6399890175321
4100.678046837107,5107.138214359207,-1006.4601675221002
4603.029072411036,5618.446441761771,-1015.4173693507346
4590.487721987658,5107.369180533278,-516.8814585456203
4604.227345512733,5119.305319341995,-515.0779738292613
4578.674430001626,5097.601496906245,-518.9270669046191
4587.318207128876,5301.780739802557,-714.4625326736814
4589.704648075667,4520.822825425107,68.88182265056003
5154.740886552789,5291.753345909274,-137.01245935648512
5175.768863734581,5428.458335781381,-252.6894720467999
5168.200888515042,4822.998329971058,345.2025585439833
5172.65349060416,5319.922380834287,-147.268890230127
5161.84845247071,4631.983940361937,529.8645121087729
5165.010162045892,5304.409195035547,-139.3990329896551
5163.818707898512,5611.617593609047,-447.7988857105347
5169.244145816886,4613.33381503974,555.9103307771456
5185.01525007756,5322.264951792278,-137.24970171471796
3131.6576864753147,5309.431724361194,-2177.7740378858794
3123.5936898979276,4126.885758910919,-1003.2920690129918
3803.6983505727553,5410.868486459676,-1607.170135886921
3801.3364436683146,4116.721104405871,-315.3846607375567
3808.8335560398973,5275.048132998126,-1466.2145769582285
3798.562756467395,5398.696953526337,-1600.134197058942
3794.795680935315,5470.8939495520235,-1676.0982686167085
3817.7267118046075,5096.331509074025,-1278.6047972694178
3838.1901118751316,4632.302698820279,-794.1125869451475
3820.058963292084,4136.833696936882,-316.77473364479783
4595.322766395919,5421.324964208381,-826.0021978124623
4596.708747634328,3145.3428859156998,1451.365861718628
4596.616842093594,4332.446748036783,264.17009405681074
4593.598765655257,4528.925237373563,64.67352828169442
4603.2638882151,5298.36303968089,-695.0991514657899
4594.923674041381,5304.840340904012,-709.9166668626312
4598.528608703431,5409.960242662468,-811.4316339590368
5268.637168519,5425.581188993307,-156.94402047430685
5274.954113932225,5117.270432576513,157.683681355712
5259.62659328276,4616.206860465448,643.4197328173123
5249.989705251537,4517.910643077331,732.0790621742062
5257.706818204227,5292.6022468861665,-34.89542868193985
5260.910066654122,5278.6805323308,-17.770465676678214
5293.214118232258,5309.760598550679,-16.546480318420436
5262.128466649176,4814.157073347104,447.9713933020712
5525.909954385772,5278.994587031345,246.91536735442696
5529.766528406901,4606.257561364029,923.5089670428715
5271.260045132648,5494.68621547211,-223.42617033946226
5289.239823174338,5445.370502345357,-156.13067917101853
5258.519686444158,4911.735567980713,346.78411846344443
5256.761955061959,3824.8728164102545,1431.8891386517048
5270.808619167725,4334.748083841336,936.0605353263891
5277.118826328162,3644.351618348753,1632.7672079794088
5259.423264000153,5297.279969544585,-37.85670554443186
5255.733608010008,3823.749492335272,1431.9841156747357
4607.208216277549,3846.2520351584703,760.9561811190783
4598.095238698411,5599.3639229800965,-1001.2686842816856
4584.587248698461,5412.578840062068,-827.9915913636069
4588.7371249006865,4617.388650935571,-28.651526034884228
4601.317953600918,5428.854017735229,-827.5360641343104
4584.839741512867,5294.332763151489,-709.4930216386228
4604.426962113445,5091.794448980246,-487.3674868668004
3817.439077775491,4132.435139638689,-314.99606186319807
3817.322887123081,4522.556725248359,-705.233838125278
3796.8435962651342,5406.343510923631,-1609.4999146584964
3814.056654811311,3834.095522688417,-20.038867877105986
3807.1548601992067,5610.090992937716,-1802.936132738509
3819.513707378719,4524.7320751940215,-705.2183678153024
3806.5819924493353,5099.015766664571,-1292.4337742152356
3816.972377991056,4337.491698429628,-520.5193204385719
3112.7795661148957,5297.621294734119,-2184.8417286192234
3118.7420694971056,5618.829238906859,-2500.0871694097536
3123.885915186823,5491.913813837975,-2368.027898651152
3609.015017965665,4610.463975175007,-1001.4489572093426
3615.1749247618627,5305.828403712733,-1690.6534789508705
3602.188132087991,5405.197325535071,-1803.0091934470802
3602.0666402650872,5073.138181301056,-1471.0715410359685
3620.390368095019,5303.486546952523,-1683.0961788575041
4096.696147409748,5406.208036430486,-1309.5118890207377
4098.738508834489,5306.88196226776,-1208.1434534332711
4104.5198931282775,5306.034176761128,-1201.5142836328505
4111.303632499819,5091.190039123878,-979.8864066240585
4108.682649930117,5104.713442031438,-996.0307921013209
4595.033252851998,5301.343662415179,-706.3104095631807
4604.227345512733,4624.507066618569,-20.27972110583596
4594.157631829266,4611.489281673031,-17.331649843764353
4609.410570439566,4546.951636068813,62.45893437075301
4583.141379513715,4519.442253557192,63.69912595652295
4601.648996436924,4533.288268091213,68.36072834571132
5156.9826017578325,5475.703273365923,-318.7206716080909
5165.743151871893,4923.3788480182975,242.36430385359563
5156.580143814318,4929.711705199605,226.86843861471334
5161.88965345595,5084.49447381777,77.3951796381798
5161.233811051555,5108.102487852989,53.13132319856595
5163.992449553988,5304.288012251705,-140.2955626977173
5174.904824872313,5496.2340760478655,-321.3292511755526
5174.188292397308,5289.23917309358,-115.05088069627163
5170.7322821546395,4615.911973676681,554.8203084779589
3126.322776774605,4541.540171098469,-1415.217394323864
3118.5340833379787,5418.414448314989,-2299.8803649770107
3816.6251138979055,5280.7046828400025,-1464.079568942097
3815.184272806651,5318.593898672886,-1503.4096258662353
3822.12630936577,5326.816808379103,-1504.6904990133335
3827.1278641909594,5431.314922542874,-1604.1870583519149
3812.680421932741,5077.181944359966,-1264.5015224272252
3824.3136491972937,5335.046827563606,-1510.7331783663121
3822.738107608023,5419.4410312230275,-1596.7029236150047
3802.5189945748634,4619.907570361008,-817.3885757861444
4593.598765655257,5420.864436358231,-827.2656707029737
4605.994943016053,5293.363809361334,-687.3688663452804
4598.224734396772,5115.720056988727,-517.4953225919553
4599.18274605158,4533.317770120133,65.86497593144668
4593.520974373728,5413.547698081766,-820.0267237080379
4574.793111422635,5284.472622881164,-709.6795114585293
4597.569238306314,5415.44773890623,-817.8785005999162
5274.601488460665,5428.740543442291,-154.13905498162603
5268.898648047268,4611.586865795723,657.3117822515451
5270.079049630093,4616.950482029716,653.1285676003772
5286.079032659957,5612.651986997401,-326.57295433744366
5263.2574810084225,3830.7277955783966,1432.529685430026
5242.734346956183,3819.392854124362,1423.3414928318207
5264.68708801618,5303.855943268222,-39.168855252042704
5270.619472680875,4615.35214143343,655.2673312474453
5553.26493302059,5420.5789284783095,132.6860045422809
5536.126829941763,5375.400598687457,160.72623125430619
5271.753403548043,5289.729718064922,-17.97631451687903
5281.000537153196,5502.469377295445,-221.46884014224906
5249.963455108826,5401.244130821384,-151.28067571255815
5249.40185720907,4596.93872584308,652.4631313659902
5278.650380640698,5318.886113907317,-40.23573326661881
5268.953139923559,4525.9251033067285,743.0280366168308
5272.385625675237,5233.129353884438,39.256271790798564
5274.58552989367,4747.888579576042,526.6969503176288
4609.634505989964,5610.112789243448,-1000.4782832534838
4575.490565440984,5596.111382336078,-1020.6208168950943
4608.043834636372,5599.991921806376,-991.9480871700043
4598.949871414742,5488.081875640346,-889.1320042256039
4590.863778925738,5296.259215246306,-705.3954363205676
4590.794093301867,4520.16037637229,70.63371692957753
4585.166362521187,5273.922898829173,-688.7565363079866
3815.3713124240353,3835.6809601070777,-20.309647683042385
3818.0987892870266,3838.438008422452,-20.339219135425537
3807.498462387098,5296.924308763146,-1489.425846376048
3816.1314205339377,3837.958156879973,-21.826736346035432
3803.8586135344494,4614.034850083431,-810.1762365489813
3818.6633227792668,5294.24672330329,-1475.5834005240235
3821.45910018734,5421.2233829414445,-1599.7642827541044
3815.552019582398,5233.303188825361,-1417.751169242963
3119.3756979474238,5482.375426374453,-2362.9997284270294
3114.453393748176,5299.556215900948,-2185.1028221527718
3123.885915186823,5297.752305089464,-2173.8663899026415
3615.668062860044,3835.178857826133,-219.51079496608918
3626.045267100129,4632.336949486777,-1006.2916823866476
3608.5857555830294,4130.239586194531,-521.6538306115012
3602.113279352179,4596.5280231586175,-994.4147438064388
3612.363527938914,5301.046898553154,-1688.6833706142402
4119.3636548483955,5316.656041002286,-1197.2923861538902
4100.6955532352795,5577.41447967027,-1476.7189264349909
4113.917491965682,4527.416641836275,-413.4991498705931
4093.139085187123,3821.9909781762035,271.1481070109194
4109.3285361123835,5278.93208215842,-1169.6035460460362
4589.481048696311,5310.335131079071,-720.8540823827607
4578.674430001626,5493.709829667725,-915.0353996660988
4609.410570439566,5520.973571404774,-911.5630009652077
4579.97176852235,5298.968535011404,-718.9967664890537
4587.92460751518,5613.358539738175,-1025.4339322229953
4602.281663438259,5130.282326982022,-528.000663543763
5163.667426591922,5418.423994944844,-254.75656835292193
5161.84845247071,5419.213217024054,-257.3647645533438
5158.009504521309,5600.711206197681,-442.70170167637207
5176.077262065603,4932.920245897584,243.15701616801834
5169.819035171418,5307.1612316397295,-137.34219646831116
5182.706482168,5122.8354931027825,59.870989065217145
5172.2507221221795,5497.257896424731,-325.0071743025519
5155.854952700625,4607.070494830382,548.7844578702434
5148.9904350411525,5288.455263094776,-139.46482805362302
3121.4413364374027,5422.725985082659,-2301.284648645256
3128.3913532555152,4926.379990133057,-1797.9886368775415
3816.4822978068914,5274.416641874113,-1457.934344067222
3823.574607543593,5319.696345266744,-1496.121737723151
3820.058963292084,4617.489868460836,-797.4309051687519
3808.442240018532,4524.410768799661,-715.968528781129
3827.5432035672216,5318.678138071742,-1491.1349345045205
3822.477128308339,4930.999264309191,-1108.5221360008518
3824.6213970851527,5107.250363076149,-1282.6289659909967
3812.0906306742622,4331.157978658955,-519.0673479846923
4598.528608703431,4530.027807661267,68.50080104216431
4584.646323627373,5585.730655444858,-1001.0843318174848
4585.702981633411,5405.575440890973,-819.8724592575627
4597.569238306314,5423.6698764771245,-826.1006381708103
4603.682233984032,4631.53825156157,-27.856017577538296
4602.0089475623,4537.073855364077,64.93509219822317
4615.594617700931,4545.879546024113,69.7150716768183
5255.4626517420675,5413.826767645486,-158.36411590341868
5268.286435659292,5302.1911281817975,-33.904692522505684
5262.379191361765,5310.012902550298,-47.6337111885332
5272.774412549793,4620.694660743373,652.0797518064201
5263.745607122919,3836.545228479423,1427.2003786434962
5256.76195506196,4602.077811404015,654.6841436579452
5258.832202211496,5275.7421227177,-16.90992050620389
5262.87052943425,4738.779574481437,524.0909549528133
5554.332492880489,5310.761247446893,243.57124543359532
5533.8357728857745,5288.946029584442,244.8897433013326
5283.470786808445,5124.0282370173945,159.44254979105062
5256.495283984535,4519.168703020794,737.3265809637405
5252.799046061705,5106.1819897785235,146.61705628318123
5263.553446846455,4610.871973439381,652.681473407074
5267.980827274772,5316.912493950123,-48.93166667535024
5277.164051783423,5295.13240247983,-17.96835069640656
5260.664190023166,4520.432236089582,740.231953933584
5252.234235853497,5501.325392457555,-249.0911566040577
4589.7477048043875,5421.867516006524,-832.1198112021366
4596.4006267820205,4530.388896181831,66.01173060018937
4594.930223736514,5603.785355929873,-1008.8551321933592
4590.032954042599,5116.297946896695,-526.2649928540959
4586.736511840115,5098.62096563516,-511.8844537950454
4592.422488669842,5421.2351599867825,-828.8126713169404
4597.864354179372,3837.1093693547837,760.7549848245881
3818.88684478575,5091.594270807432,-1272.7074260216818
3820.398026198623,3841.5465702727893,-21.14854407416624
3826.4962367729986,5429.534918513874,-1603.0386817408753
3815.230163366995,5309.05829022836,-1493.8281268613655
3823.645792378972,4535.846497027554,-712.2007046485814
3825.517419760931,5606.82909528057,-1781.3116755196393
3806.3600992371316,4513.784899941235,-707.4248007041037
3799.9215042184587,4316.624301462027,-516.702797243568
3112.490151730561,3133.9178206627666,-21.427668932205506
3113.168097091192,5419.754427119668,-2306.5863300284764
3123.885915186823,4525.623036344914,-1401.7371211580912
3610.756046609806,5273.530788502238,-1662.7747418924314
3631.401590131477,5131.731495821131,-1500.329905689654
3617.963468832331,5295.985585082914,-1678.0221162505836
3604.27316701775,5595.0033421499875,-1990.7301751322375
3621.873345153889,5083.390944660304,-1461.5175995064146
4106.9831774666845,5411.748400420067,-1304.7652229533824
4108.775926686791,5272.356522600016,-1163.5805959132258
4100.678046837107,5293.270171831886,-1192.5921249947787
4103.957701971981,5292.844645036669,-1188.8869430646882
4099.447542733378,5306.67669338365,-1207.2291506502715
4595.827763242833,5318.477730801417,-722.6499675585846
4587.318207128876,3833.334759248877,753.9834478799985
4583.141379513715,4606.008156546272,-22.866777032557366
4587.92460751518,4325.2527801358165,262.6718273793631
4596.3929204797,5289.6146097486735,-693.2216892689739
4597.334199250841,3142.8014509331133,1454.532748317728
5174.541041657756,5504.348107328708,-329.8070656709515
5173.1175751534765,4535.200096567372,637.9174785861042
5184.432605147258,4627.39519109245,557.0374140548083
5185.01525007756,5635.507441180182,-450.4921911026213
5163.317211946281,4611.222617526215,552.0945944200657
5160.698629499078,5414.588732666688,-253.8901031676096
5149.836162224767,5089.068169196772,60.767993027994635
5161.959915736244,5413.321393719145,-251.3614779829013
5168.866470148499,4624.943528226889,543.9229419216099
3125.4083198937797,5609.958419848927,-2484.5500999551477
3125.1156521262837,5606.154880368467,-2481.0392282421835
3820.058963292084,5425.530621647916,-1605.4716583558316
3811.2472273737644,5409.111539557953,-1597.8643121841883
3814.331760806858,5493.323081809792,-1678.991321002934
3817.5720792549632,4535.65613192517,-718.0840526702063
3822.5574850496846,5295.367262528303,-1472.8097774786188
3826.4490780573146,4532.830070889091,-706.3809928317764
3826.2304149777583,5604.397961481966,-1778.167546504208
3818.8905227985656,5317.245426365668,-1498.3549035671026
4597.7668826688805,5277.867829932046,-680.1009472631658
4600.1525795640455,5309.9314357491485,-709.778856185103
4593.880474189607,5089.301700869438,-495.4212266798304
4600.579550231234,5318.671506907137,-718.091956675903
4592.578077623336,4137.56560798231,455.01246964102575
4599.677387143217,5314.989460933964,-715.3120737907475
4586.313563816475,3827.808312246042,758.5052515704328
5258.603409060119,5589.578471305475,-330.97506224535664
5258.519686444159,5581.02249540443,-322.50280896027107
5274.286051188378,3835.5411472775277,1438.7449039108506
5264.984827647797,3145.523719995389,2119.461107652408
5261.287923550195,5302.0364264773625,-40.748502927167465
5255.733608010008,5595.912645924533,-340.179037914525
5253.0965218633,5269.585095257651,-16.48857339435108
5281.345777158099,4626.175179044338,655.1705981137611
5544.806196678871,4604.258850568461,940.5473461104102
5558.508187439446,4336.280718544386,1222.2274688950602
5268.629130286958,4612.456602595291,656.1725276916668
5263.855258910837,4532.478904435247,731.3763544755893
5279.718947245521,5327.5867474089155,-47.86780016339435
5252.234235853497,5073.453171431607,178.78106442188982
5277.632625315709,5292.832868791786,-15.200243476076139
5262.476509766392,5604.617130667924,-342.1406209015322
5267.272839969909,4615.421369817439,651.85147015247
5274.8058485444,5291.482399775568,-16.67655123116856
4582.614343014674,5402.477790119201,-819.863447104527
4603.715246806633,5296.687293247101,-692.9720464404672
4587.6805433443815,5416.800228908017,-829.1196855636354
4593.396758221427,3143.20403859813,1450.1927196232973
4603.937594147752,3150.870322146107,1453.067272001645
4600.459409390483,3145.5202850053133,1454.93912438517
4593.622136630038,4611.593145471621,-17.97100884158317
3795.792758654118,5282.270684107025,-1486.4779254529067
3805.1161370807545,5106.820888234895,-1301.704751154141
3799.9215042184587,4600.057692316595,-800.1361880981367
3809.9541430522263,5296.3967505131895,-1486.4426074609632
3815.537309886794,5305.356437760979,-1489.8191278741851
3829.7046484380753,4633.180614052759,-803.4759656146834
3809.6409927902246,5473.402533489936,-1663.7615406997115
3811.7765699368288,5618.495045151046,-1806.718475214217
3118.2001321670705,5413.403165558439,-2295.203033391368
3122.4302030180056,4137.60175465034,-1015.1715516323343
3123.885915186823,3832.801183488051,-708.915268301228
3610.904820968594,4607.474730961871,-996.5699099932767
3613.0907052741504,5103.924970414808,-1490.8342651406574
3626.833815719399,5584.440580743196,-1957.606765023797
3620.982152378126,3838.7325526577974,-217.75040027967134
3614.871032199341,4523.130868470391,-908.2598362710501
4100.061253517185,5293.266948567349,-1193.2056950501637
4113.917491965682,5416.598992965597,-1302.6815009999154
4091.495497096645,5484.656930113315,-1393.16143301667
4105.798193789393,4523.471867182213,-417.6736733928201
4105.595540482868,5308.090502454232,-1202.4949619713634
4580.066047927593,3829.48692106574,750.5791268618532
4589.704648075667,5606.5445129156005,-1016.8398648399334
4601.648996436924,5089.19549282029,-487.5464963833665
4602.281663438259,5613.04550229471,-1010.763838856451
4597.334199250841,5309.8754461208455,-712.5412468700042
4592.78438119847,4332.393202348198,260.3911788502719
5185.375626729039,5107.719380051456,77.65624667758311
5169.244145816886,4329.806376835835,839.4377689810508
5164.53891398871,4613.476162086684,551.0627519020263
5169.321541711797,5285.235371504972,-115.91382979317495
5155.854952700625,5102.471037489359,53.38391521126596
5153.5591734589,5290.895480025424,-137.3363065665244
5162.110003266549,5486.771845070526,-324.66184180397704
5151.903570813597,5291.993916587066,-140.09034577346938
5150.132122744315,4513.109832108479,637.0222906358358
3114.765234369093,4809.920470657232,-1695.155236288139
3121.6499122552036,5293.948095746855,-2172.2981834916513
3827.5432035672216,5317.821495540147,-1490.2782919729257
3812.9416552522125,5302.891752813443,-1489.950097561231
3822.5574850496846,4832.304691223512,-1009.7472061738276
3820.4056377155043,5322.857813988103,-1502.4521762725985
3816.9908765758455,5284.5957091335695,-1467.604832557724
3820.497509386578,5314.408345989873,-1493.9108366032951
3817.8073878833634,4333.667616131517,-515.8602282481538
3819.3727166849067,5304.726245251735,-1485.3535285668286
4587.766511824793,5416.640967839353,-828.8744560145597
4599.412063105227,5495.0862748461395,-895.6742117409121
4604.063063090885,5294.991566070705,-690.9285029798193
4577.691618085596,5260.395654396995,-682.7040363113992
4603.93440790755,5312.386842258973,-708.4524343514231
4591.820389171498,5289.784170257091,-697.9637810855929
4584.299273871845,4516.889187337369,67.41008653447625
5277.240866547188,5122.064514523308,155.1763520238792
5253.571082563979,3832.5445025553954,1421.0265800085836
5255.733608010008,5293.1237284167155,-37.390120406707865
5258.049856269962,5096.637279207277,161.41257706268516
5260.508936497823,5300.069019717158,-39.560083219334956
5259.234287713697,5415.614503623939,-156.38021591024153
5263.553446846454,5406.463528804923,-142.91008195846916
5283.512228140044,5514.775061803295,-231.2628336632515
5558.707096695106,5312.975348172593,245.73174852251304
5558.571753351325,4647.835759479301,910.7359938720247
5271.0200115406615,3144.28446461323,2126.7355469274316
5262.274835311873,3828.224771139248,1434.0500641726253
5259.051197062624,5085.366948420962,173.68424864166172
5259.863332193824,5506.196799424525,-246.333467230701
5258.719755743537,3826.2655253002604,1432.4542304432762
5270.118584070738,5125.891827080797,144.22675698994044
5260.61543447989,3636.274176855916,1624.341257623974
5263.355013284639,4608.462601180964,654.8924121036753
4580.422290436058,4607.661811610086,-27.239521174028596
4597.143638313705,3837.567537674735,759.5761006389703
4602.836485318933,5494.504837096914,-891.6683517779811
4581.327679640062,5411.131975785324,-829.804296145262
4595.024305171828,5609.21895180959,-1014.1946466377622
4596.59091262127,3833.0997926283917,763.4911199928783
4585.364777921015,4600.758398403998,-15.393620482983351
3816.157590450363,5321.745167894099,-1505.5875774437359
3818.2080113069233,4332.721573101737,-514.5135617948135
3802.4272004058803,5274.28611820844,-1471.8589178025595
3816.333208307115,4606.607120087851,-790.2739117807364
3824.8218381104584,5313.472340945867,-1488.6505028354081
3815.2108101309323,5312.026676323194,-1496.8158661922616
3812.7638805704564,4611.104305324909,-798.3404247544522
3802.579795808042,3824.086916884421,-21.507121076379008
3119.5404102535495,5490.338969218923,-2370.7985589653736
3128.8654137311596,4636.237790138125,-1507.3723764069655
3123.885915186823,4919.633704126608,-1795.747788939785
3608.547646649015,4595.191789275969,-986.6441426269544
3621.1295469613738,5435.687467803841,-1814.5579208424674
3626.0014520335294,5601.132336283417,-1975.130884249888
3618.939103462824,4131.959490547377,-513.020387084553
3609.6136233873467,4615.36238954329,-1005.7487661559435
4099.314745154713,5478.452960020332,-1379.1382148656194
4090.300788191895,5299.180298193867,-1208.879510001972
4119.454074618253,5323.713178980913,-1204.2591043626599
4116.393034071544,5515.347160837384,-1398.9541267658396
4103.763883013289,5216.408608432418,-1112.644725419129
4606.672854903317,3848.6211336417805,758.0517212615364
4585.894627811991,5580.604083299217,-994.7094554872256
4581.91440883651,5292.99780168494,-711.0833928484299
4586.331383963305,3829.178145965237,757.1532379980677
4604.279277729268,4750.80837380044,-146.5290960711718
4612.314969942045,3853.6113567460216,758.7036131960231
5164.030898925602,5477.9445208465695,-313.91362192096767
5183.010654389784,5299.215130890569,-116.20447650078495
5173.164696905764,4523.37634053041,649.7883563753539
5163.94050723498,5112.491670313334,51.448836921646034
5185.594753591704,4153.389130215097,1032.205623376607
5180.01914071471,3142.126683492939,2037.8924572217716
5169.174896444551,5482.923758635133,-313.74886219058135
5191.221346250516,5448.193639932132,-256.97229368161607
5167.17121790892,5089.644145772686,77.52707213623398
3126.4252568960833,5432.839811150707,-2306.4145542546235
3124.166932409212,5417.638513398795,-2293.471580989583
3824.6213970851527,5604.589001331201,-1779.9676042460483
3826.6896846332224,4619.634131758728,-792.9444471255051
3826.2304149777583,5606.539549554306,-1780.3091345765479
3816.610556005101,5284.971463661711,-1468.36090765661
3817.8073878833634,5500.428204425378,-1682.6208165420144
3810.504310207298,5410.126611469998,-1599.6223012627001
3820.44393461752,5302.627651530198,-1482.183716912678
3812.0591812066687,5497.7283476551465,-1685.6691664484779
4572.309169412798,5257.946996279782,-685.6378268669841
4613.6165602699675,4840.636642019431,-227.02008174946332
4589.457614298808,5295.86125011757,-706.4036358187623
4594.590192351488,3142.4732460036416,1452.1169463478468
4580.254542973317,5277.331627137914,-697.0770841645972
4582.412771586103,4512.836121476834,69.5766501092694
4605.572848333199,5287.3681122459975,-681.7952639127989
5241.179646668589,5087.039048377156,154.14059829143298
5269.730748611243,4126.924113608365,1142.8066350028785
5260.800320486115,5108.878561413158,151.92175907295677
5270.975548645934,4613.906847671645,657.0687009742896
5252.019097856977,5589.860146964532,-337.8410491075547
5273.081654775906,5602.953996888549,-329.8723421126433
5264.5460763797855,5494.211515813871,-229.66543943408578
5253.8086801992085,3812.0862671899968,1441.7224130092118
5552.409065942629,5493.078524821387,59.33054112124228
5559.018907148239,5311.098203323499,247.92070382474049
5259.288697738204,4916.456617761312,342.8320799768917
5248.783723992839,5283.523483531556,-34.7397595387165
5255.9995947844745,5577.682424674089,-321.68282988961437
5270.121934183509,4340.001181085748,930.1207530977617
5249.063058725726,5287.6325946289335,-38.56953590320791
5276.020970105018,5510.230706008075,-234.20973590305675
5277.708164959771,4347.528154951096,930.1800100086748
5243.201902946873,3815.57585137731,1427.626051569563
4589.11794273235,5091.4426411070635,-502.324698374714
4571.887979927055,5278.228727509304,-706.3407475822487
4583.214309284876,4513.62957909065,69.58473019422672
4596.490651699337,3838.372881638098,758.1177700612388
4587.709919052756,4606.087492946034,-18.377573893278168
4596.197860919592,4331.343898609162,264.8539623104298
4595.931128379156,4623.880879506084,-27.949751126928277
3822.4605849514937,5311.988594738434,-1489.52800978694
3803.847160798291,3823.931316138039,-20.084155339748122
3808.932262612739,5284.12116340685,-1475.1889007941113
3817.7217084662916,5301.270122630361,-1483.548414164069
3807.6510745007945,5305.434973432826,-1497.7838989320317
3817.360737593985,5614.840646426007,-1797.479908832022
3806.4305287915345,5297.545701938546,-1491.1151731470113
3830.703043416047,3653.32278936823,177.38025404781683
3114.0782089303398,3629.842582058989,-515.7643731286494
3119.165969078866,5307.160194867809,-2187.994225788943
3123.885915186823,4620.008471695079,-1496.122556508256
3625.9584103700627,5317.885169418885,-1691.9267590488225
3604.0922111049385,5577.121984279001,-1973.029773174062
3610.125841922895,4607.6548600577025,-997.5290181348078
3611.449921988553,3631.5825334384663,-20.132611449913384
3614.6430888814393,5417.881440814177,-1803.2383519327377
4094.115528869698,5108.337794810476,-1014.222265940778
4093.139085187123,5290.382299313664,-1197.2432141265408
4105.798193789393,4524.370896052539,-418.5727022631463
4106.6094975304095,5605.431467448704,-1498.8219699182946
4102.888054814344,5422.2728962306965,-1319.3848414163522
4584.227729264783,4517.94538891185,66.2823403529328
4605.954146186527,5597.121401917696,-991.1672557311686
4595.0900616805075,4527.9075376413275,67.18252403917995
4580.864697054475,5488.639152464906,-907.7744554104311
4601.081451217103,4534.509554863964,66.57189635313898
4595.539834207538,5308.214890836908,-712.6750566293704
5183.010654389784,5296.089574645279,-113.07892025549518
5161.179464802762,5104.471113564997,56.70835123776487
5167.725982553711,5303.448799178084,-135.72281662437308
5161.959915736244,5298.970825363344,-137.01090962710077
5167.054203490656,5592.077854006563,-425.0236505159073
5171.871659993169,5118.279976291988,53.591683701180955
5158.624887158998,5294.288120018433,-135.66323285943508
5174.5645377863675,5115.109772599451,59.45476518691612
5173.300782054477,4529.833938955112,643.4668430993652
3121.83883106477,5595.956124450023,-2474.1172933852527
3116.9709246122015,3820.6223218188425,-703.6513972066409
3822.7681376396704,5105.090268581864,-1282.3221309421933
3809.246142452204,4605.741415996436,-796.4952735442325
3812.405911028791,5298.160440506213,-1485.7545294774218
3830.8170243248696,4622.998671065899,-792.181646741029
3808.1163935342047,5300.1488114112135,-1492.0324178770088
3820.3927447386873,5420.339185937541,-1599.9464411988533
3800.983037971481,3820.6073797680506,-19.62434179656975
3808.6750893262506,4928.258929026497,-1119.5838397002462
4615.449033279393,4632.587936386829,-17.138903107435908
4586.941929775845,3825.0885306181635,761.8533991576815
4597.169724902019,4614.08151114326,-16.911786241241316
4604.503293570462,5316.842547485641,-712.3392539151791
4585.535364690574,5099.399209842832,-513.8638451522575
4603.314309971347,5116.771067514251,-513.4567575429037
4584.58724869846,4124.106904154235,460.48034454422486
5286.55345070573,3852.6485690323548,1433.9048816733753
5255.713973360694,5099.982375211599,155.73159814909468
5263.855258910836,5108.119530873349,155.7357280374872
5262.605036474251,4607.472801148538,655.1322353257137
5272.042930537909,5424.704327930152,-152.6613973922431
5262.274835311873,5610.090992937716,-347.8161576258426
5272.03258835576,3833.4419211443073,1438.5906672114525
5274.8058485444,4530.582414423252,744.2234341211479
5530.0003131843405,4596.67039661266,933.3299165716808
5539.841212647708,4603.828950545801,936.0122621019073
5265.59698510242,4605.439402992352,660.1575821100678
5261.395145204105,4524.118910381218,737.2762348228871
5271.821486261875,5311.333339493281,-39.51185323140544
5263.965601385912,3842.698937728427,1421.266663657485
5282.187702039995,3646.2687520258064,1635.9189500141888
5278.1329262364525,5485.61758783656,-207.48466160010776
5264.24096414581,4929.427948643425,334.8130155023846
5271.8280367441785,5386.326469976102,-114.49843323192363
4586.276581763759,5303.024265989665,-716.7476842259057
4600.151147279439,5308.252641520179,-708.1014942407401
4602.30329277332,4334.725305763448,267.57798700987223
4604.27675321729,5316.629464258556,-712.352711041266
4598.699675454203,3842.7698097049974,755.9298657492059
4594.800993592697,5508.742321697241,-913.9413281045445
4602.885261631585,5600.249086941321,-997.3638253097361
3807.6510745007945,5306.950546963286,-1499.2994724624914
3838.562525792209,5629.6633680379355,-1791.1008422457267
3812.946813560486,5296.12090802955,-1483.1740944690641
3811.380381539941,5288.296527815822,-1476.9161462758807
3812.377228555521,5480.013584611102,-1667.6363560555806
3818.0699650034553,5500.840499559212,-1682.7705345557565
3829.91279729546,5438.463531258183,-1608.550733962723
3804.6980181917415,3824.5119634481903,-19.813945256448733
3117.620323080099,5277.451238877359,-2159.8309157972603
3119.669212802856,3833.9067218987666,-714.2375090959108
3123.885915186823,5111.463771326591,-1987.5778561397683
3600.5613802133907,4592.167086173124,-991.6057059597329
3611.2535545217693,5305.30365810676,-1694.0501035849907
3613.945562935795,5490.69057855081,-1876.7450156150148
3611.5778876167346,5598.047969620919,-1986.470082004184
3612.551164548402,5103.113670963102,-1490.5625064146998
4099.3967522508065,4639.387974326356,-539.9912220755496
4110.824807922826,4527.686548887263,-416.86174096443665
4097.813802481616,5408.506920720527,-1310.6931182389108
4101.901579572432,5604.929678614478,-1503.028099042046
4106.581477401317,5417.014805311173,-1310.4333279098564
4584.352696487575,5079.121638821736,-494.7689423341617
4600.089276978321,5306.471729764274,-706.3824527859524
4584.154327475768,5489.830069365012,-905.6757418892439
4573.884917246114,4605.132795002399,-31.24787775628465
4604.634198861986,5437.091755619155,-832.4575567571692
4592.834387424706,5602.429052908848,-1009.5946654841418
5173.164696905764,3833.6684904653334,1339.4962064404303
5167.725982553711,5226.917350431467,-59.19136787775551
5143.94130433958,5584.269750527893,-440.32844618831314
5161.367441859284,5418.835414419701,-257.46797256041737
5151.482137460291,4511.005950374314,640.4761870859766
5170.018959720334,5110.905307171086,59.1136525492484
5157.37953680256,4123.696125137618,1033.6834116649425
5167.710424551496,5611.6596633383015,-443.94923878680584
5167.076808803665,5601.621640917128,-434.5448321134636
3114.9972745600626,5601.796482892793,-2486.799208332731
3110.434535804211,5499.66931273017,-2389.2347769259586
3807.407121759802,5290.788589672978,-1483.3814679131756
3810.836174505595,4605.081471607496,-794.2452971019006
3808.376335105205,5281.190195038122,-1472.8138599329168
3810.569483931364,5215.826329041926,-1405.2568451105622
3822.011881052515,5422.801493838779,-1600.7896127862637
3815.4821990453484,4423.55604282336,-608.0738437780119
3808.6680308128334,5408.339943399774,-1599.6719125869404
3812.2504295637004,4522.405949679364,-710.1555201156639
4597.169724902019,5310.493329372342,-713.3236044703226
4592.334548821583,5305.491144381321,-713.156595559738
4602.208393787082,3640.4259739803624,961.7824198067196
4608.697106349568,5433.1256358941855,-824.428529544618
4582.880301681354,5271.56174985377,-688.6814481724168
4594.605083368341,4608.544864834706,-13.939781466364366
4591.2793523323735,5424.3152509051715,-833.035898572798
5261.048183671732,4643.389610230051,617.6585734416803
5241.010240134337,5475.781274653757,-234.77103451941912
5277.632625315709,5608.52747423996,-330.89484892425025
5287.878279057033,4340.493764790381,947.3845142666523
5274.31402397958,5418.769728481688,-144.45570450210744
5258.719755743537,4601.800931963063,656.9188237804738
5280.153759630737,5504.072065113814,-223.91830548307644
5259.175177917371,5099.527472202399,159.6477057149723
5531.679290512504,5091.793647919875,439.88564259262876
5543.274642185185,5414.319326571067,128.95531561411826
5261.994000281961,4604.599153575507,657.3948467064538
5282.187702039995,4620.471441141396,661.7162608985991
5260.261230990396,5493.608396315898,-233.34716532550192
5244.992437206531,5293.42445128574,-48.432014079209694
5261.600215863998,5300.504184362014,-38.903968498016184
5252.267006328305,3821.3580044238374,1430.9090019044675
5277.533168520499,5314.903069459924,-37.36990093942495
5260.544850334513,5298.073528848366,-37.528678513852356
4578.368230080266,5285.068240004435,-706.7000099241695
4584.437296567643,4515.147854165994,69.28944240164856
4603.242782925461,3844.174519282842,759.0682636426191
4593.330288902903,5497.994072520858,-904.6637836179552
4589.970896134462,4609.305254481429,-19.334358346966837
4600.757074125056,4931.720048542242,-330.96297441718616
4593.735124485329,5107.801229723636,-514.0661052383075
3804.694033306751,4612.084661380444,-807.3906280736933
3802.6244655359637,5477.90095806452,-1675.276492528556
3814.937502489243,5110.681143090362,-1295.7436406011188
3805.513914367808,5272.91587856618,-1467.4019641983723
3811.000708549093,5297.835746521969,-1486.8350379728759
3802.112414436365,3823.9853556600665,-21.872941223701673
3809.998455336306,5301.444565016917,-1491.4461096806112
3812.094370028016,4926.391279342308,-1114.296909314292
3122.097932290325,5583.798211181866,-2461.7002788915406
3119.0450461959717,5303.938428655894,-2184.8933824599226
3123.885915186823,4125.576639198132,-1001.6907240113096
3611.790703358557,5473.804612292407,-1862.01390893385
3621.0666417180805,4529.423057357923,-908.3564156398429
3604.27316701775,5280.901410382595,-1676.6282433648448
3614.871032199341,5280.311395526118,-1665.440363326777
3626.6867832020653,3842.1132817524394,-215.42649855037416
4100.678046837107,5303.685117158948,-1203.0070703218407
4109.3285361123835,5103.207780526617,-993.8792444142337
4105.595540482868,5283.636406737282,-1178.0408662544141
4102.888054814344,5382.103553806436,-1279.2154989920919
4103.629315662643,5271.635260880406,-1168.005945217763
4577.236541974736,5282.906328237224,-705.6697862624887
4597.334199250841,5504.7565762373915,-907.4223769865503
4592.728771994653,5302.525956806717,-709.7971848120642
4597.3529905847545,5424.487034267098,-827.1340436823439
4608.819850477649,5407.768041748052,-798.9481912704032
4591.275791603651,4331.564756261905,259.7110353417456
5163.94050723498,4525.667074525138,638.2734327098424
5161.959915736244,5487.413031270992,-325.4531155347486
5161.367441859284,5594.935696032123,-433.56825417283926
5150.132122744315,3821.400132844215,1328.7319899001
5173.4079401398485,5310.75150512565,-137.3435649858011
5160.296387383274,5580.957234090761,-420.6608467074866
5164.091429355847,4922.285743654481,241.8056857013662
5178.112114185003,5327.0747133871,-148.9625992020974
5162.581673036532,4602.820529049593,559.7611439869397
3127.7456588638415,4621.585503726445,-1493.839844862603
3120.893318012042,3142.4697548019335,-21.57643678989143
3819.3727166849067,4534.737905792922,-715.3651891080153
3796.0882268562514,5286.824338348731,-1490.7361114924793
3815.340835597874,3836.966690966413,-21.62585536853885
3811.8254981036685,3637.876738042503,173.94876006116556
3818.4840645319814,4534.925645050359,-716.4415805183776
3801.075098764067,5296.698219041138,-1495.623120277071
3806.3096212583623,5299.319500765229,-1493.009879506867
3803.7074197556494,5279.648374673784,-1475.9409549181346
4585.535364690574,5297.026212837711,-711.4908481471366
4590.104186564212,4608.298657661838,-18.194471097625865
4582.880301681354,5289.030028934184,-706.1497272528304
4601.3179536009175,4617.096253451231,-15.778299850313488
4609.175042248094,5507.391342528275,-898.2163002801817
4583.84334773114,4912.341820186925,-328.4984724557853
4573.214325457514,3620.890010524116,952.324314933398
5269.706039232975,4615.8136131543415,653.8924260786334
5259.051197062624,5608.428686120438,-349.3774890578143
5274.8058485444,5614.8724827592505,-340.06663421485064
5256.389889467556,5099.415006308906,156.9748831586494
5273.397360590396,4135.479257790639,1137.9181027997565
5263.355013284641,5610.294560250165,-346.93954696552373
5284.78956285445,3843.2604201400763,1441.5291427143738
5279.903874172747,4131.815903283902,1148.0879708888451
5526.651531188893,4588.750619581844,937.9009116070492
5548.692018073393,5107.702972718129,440.98904535526435
5254.753343207465,5410.786567534339,-156.033224326874
5271.8280367441785,4618.0402764829905,653.7877602611879
5260.313845166699,4922.7495916981225,337.5642534685767
5255.0589669857045,4602.898914323086,652.1600526626189
5260.544850334513,5493.117805235998,-232.572954901485
5254.442943745757,5288.577527082166,-34.13458333640938
5259.702332859509,5599.411852616807,-339.70951975729804
5251.319443016988,4806.269513028808,445.04992998817943
4600.659190266648,5314.6424017054005,-713.9832114387527
4593.392456454978,5606.266513991164,-1012.8740575361862
4589.009221140014,5413.474663191468,-824.4654420514535
4584.578687244333,3827.0259392043863,757.5527480399469
4583.93780876011,5303.275951886401,-719.3381431262915
4604.636534005834,5530.622216768615,-925.9856827627809
4595.131145213286,5599.7368534461,-1004.6057082328143
3836.6408226307076,5444.129258420132,-1607.4884357894243
3817.680826521839,5307.13601227966,-1489.4551857578203
3822.6126998124205,5507.9036291792145,-1685.290929366794
3822.143314148881,3842.3323102643612,-20.188996115480222
3805.1250180741104,5604.4404395337715,-1799.3154214596611
3802.9600456727508,3823.891658261486,-20.931612588735334
3796.598619396287,4606.890969622756,-810.2923502264684
3806.379737300518,4320.711986669158,-514.3322493686401
3109.231182791477,5403.551759139526,-2294.3205763480496
3125.168721842455,4942.058987717123,-1816.8902658746683
3123.885915186823,3836.7377348860464,-712.8518196992236
3607.3760978460014,4809.65169335525,-1202.275595509249
3608.5857555830294,5274.057197724614,-1665.4714421415842
3617.197949521031,5301.501085807939,-1684.3031362869074
3628.678602515569,5433.351155908787,-1804.6725533932185
3614.3925774631875,5293.834674877591,-1679.4420974144036
4093.139085187123,5571.614785446662,-1478.4757002595388
4111.711765879768,5094.064067383406,-982.352301503638
4097.469030868826,4809.208416889901,-711.739386021075
4112.459451798778,5312.176511519968,-1199.7170597211898
4104.450400469219,3637.2568717057247,467.1935287634942
4604.155886562969,5322.4955020842135,-718.3396155212449
4580.864697054475,5309.988847987187,-729.1241509327119
4592.355587457827,5084.036864995542,-491.6812775377148
4599.35322521869,3843.461422619628,755.8918025990615
4591.473872188394,5309.239491836381,-717.7656196479866
4586.3224988525835,4521.637512873406,64.68498597917733
5185.594753591704,4835.4428608683,350.15189272340376
5167.054203490656,5315.649315030073,-148.5951115394173
5151.482137460291,5267.45465290075,-115.97251544045957
5173.4079401398485,5310.75150512565,-137.3435649858011
5189.678566455357,5522.689291162098,-333.0107247067408
5172.942613616318,4621.143181305136,551.7994323111825
5171.571372466214,4530.278848686924,641.2925237792897
5165.629846902719,5302.233392354634,-136.60354545191512
5169.3377922939035,5108.96161447773,60.37617781617337
3136.2895229481524,4132.429654895439,-996.1401319472866
3124.516672651611,5299.493095219992,-2174.976422568381
3835.2560819227965,5130.007978274003,-1294.7518963512066
3817.9940533393424,5112.988155977799,-1294.9941026384563
3808.6750893262506,5085.822987525612,-1277.1478981993614
3814.1145420981006,3835.029358243023,-20.914816144922497
3805.4539630065015,3825.933805099904,-20.479842093402567
3805.0313310535803,5293.056697790325,-1488.0253667367451
3820.9070239654097,4538.931454797401,-718.0244308319911
3800.8284064160625,4508.178945454307,-707.3505390382443
4584.58724869846,4603.671645655078,-19.08439695661764
4589.684051962008,5282.574608224514,-692.8905562625059
4591.2793523323735,5110.53033456054,-519.2509822281663
4608.043834636372,3647.0515398025364,960.9922948338353
4573.214325457514,5087.447105807821,-514.2327803503067
4577.252062142477,5479.843554191585,-902.5914920491077
4594.930223736512,4614.821977332556,-19.89175359604451
5266.526354943041,4609.441424979568,657.0849299634729
5270.088583509579,5287.497033888804,-17.408450379225542
5258.8507372629765,5404.333865047058,-145.48312778408126
5270.653712169729,5112.819885772212,157.83382639751744
5280.89670365748,4536.886635777171,744.0100678803092
5263.965601385912,5490.533568328023,-226.56796694211062
5262.596066497918,5083.091514459507,179.50455203841102
5249.32308802016,5286.671889847004,-37.348801826844465
5534.8847754180415,5094.706090069945,440.1786853480962
5551.833267821132,5415.591913008476,136.24135481265603
5261.242778717106,5502.345448906808,-241.1026701897017
5272.865324827864,5505.841092673512,-232.97576784564808
5271.138662376286,5309.287154088423,-38.148491712137
5250.092525316485,4515.717752333488,734.3747729829975
5275.163715270474,5490.6456038606775,-215.4818885902032
5266.885084206499,5112.465264226718,154.4198199797811
5250.029652907977,4636.3538952451145,613.6757576628625
5257.010405561268,3832.557813701195,1424.4525918600734
4587.9685314572935,4602.461207231386,-14.492675774092277
4579.820189332018,5596.235784299426,-1016.4155949674077
4586.644832395954,3833.595186298729,753.0496460972249
4595.1164030903565,5417.881853870721,-822.7654507803645
4597.3392603186185,5424.0765521442745,-826.737291825656
4596.047559493255,5420.654010789379,-824.6064512961239
4603.363245146339,3152.156783437649,1451.2064617086899
3810.081505268449,5301.467861968692,-1491.3863567002431
3806.478948741179,4527.859864550743,-721.3809158095637
3820.4680415920234,4621.5073683282035,-801.0393267361801
3802.8223989996313,4115.850674603596,-313.0282756039651
3821.955104494925,3838.545175773405,-16.59007127848008
3804.6824920493614,5302.795843743092,-1498.1133516937302
3802.1634138306927,5268.765518203485,-1466.6021043727924
3818.6441891787017,5314.579571513369,-1495.9353823346673
3127.166525564763,5304.919689408987,-2177.753163844224
3119.8024313812807,3141.1505307775565,-21.348099396275757
3123.885915186823,5491.687552606773,-2367.8016374199506
3597.2144069468677,5284.13187056267,-1686.9174636158023
3606.649504675924,5288.843341592333,-1682.1938369164086
3626.82023428782,5309.389592935657,-1682.569358647837
3619.5414954128137,5586.921626634524,-1967.3801312217101
3610.743304927333,5271.503070045207,-1660.759765117874
4117.459939971284,4623.003678868602,-505.5437388973178
4103.988399733708,4610.164616036505,-506.176216302797
4102.097083840007,3828.0464724637354,274.0506113762717
4098.955367303436,3826.6875379614203,272.26782934201583
4087.965823738823,4510.2143604980265,-422.2485367592035
4584.750783389243,5602.4175347300825,-1017.6667513408393
4593.496390038582,5605.655612438828,-1012.1592224002461
4593.860625375109,4333.294463639038,260.56616173607017
4611.487616217486,5122.8354931027825,-511.3478768852965
4589.272868105389,4609.092386562026,-19.819518456637525
4582.202783603443,4602.267842244008,-20.06505864056453
5180.01914071471,5426.7542352292685,-246.7350945145581
5171.871659993169,4528.106921990887,643.7647380022818
5170.018959720334,3837.5649288000395,1332.4540309202948
5160.296387383274,5598.40982179895,-438.11343441567624
5172.942613616318,5311.658733918899,-138.71612030258075
5149.775912549889,3130.571890522048,2019.204022027841
5161.525881891286,3830.369761830447,1331.1561200608394
5173.432333436513,4531.104320296589,642.3280131399233
5168.7182111234715,4132.05813314105,1036.6600779824212
3121.9871103679543,5594.123289501065,-2472.136179133111
3125.225196538786,5411.050507373523,-2285.825310834737
3820.4528442868746,5304.332716254137,-1483.8798719672627
3813.293819324911,4611.013949420579,-797.7201300956676
3801.075098764067,5293.9586676431445,-1492.8835688790773
3807.5749206241007,5484.077739557868,-1676.5028189337672
3810.3551375538423,5406.166946120776,-1595.8118085669335
3818.627511866084,3840.600400829905,-21.97288896382088
3808.1612355535435,3828.555234299395,-20.393998745851604
3805.3145431545245,5074.66677598467,-1269.352232830145
4584.839741512867,5472.851220209812,-888.0114786969452
4598.1040684263035,5110.714526168096,-512.6104577417927
4568.677056121453,5572.322826377944,-1003.6457702564912
4590.794093301867,5506.534640182044,-915.7405468801771
4588.100105862786,5300.596348241582,-712.4962423787956
4589.4032494788435,5489.814418885545,-900.4111694067014
4592.422488669841,4937.854085948099,-345.43159727825787
5252.040058550578,5265.62729453997,-13.587235989391957
5260.80071397252,5582.160218943343,-321.35950497082376
5271.821486261876,4138.396590211317,1133.4248960505593
5265.5753708716065,3639.4858676356416,1626.089503235965
5269.926121198277,4532.920764987752,737.005356210525
5266.027770607188,4820.397483471205,445.63028713598305
5262.682903120564,5500.923382668811,-238.2404795482471
5260.313845166699,5309.421335407781,-49.107490241081905
5554.182088108748,4624.363336545836,929.8187515629115
5544.392420128712,5280.50987723769,263.88254289102224
5265.8105170068375,3835.4952731767057,1430.3152438301317
5262.161243375188,5590.285623997958,-328.12438062277033
5265.2040943546,4526.235539253363,738.9685551012371
5276.1482735230575,4136.500752356049,1139.6475211670086
5272.905036717668,5311.745994247009,-38.84095752934081
5266.486505008148,3833.280423064388,1433.2060819437602
5265.999408688149,3148.317683782605,2117.681724905544
5280.13087660137,5438.668572138378,-158.5376955370084
4574.003566827213,4591.662871881437,-17.659305054224205
4582.961413715916,4610.867073916078,-27.905660200161947
4596.047559493255,4624.524050190741,-28.476490697486042
4597.243312480569,4526.993930578864,70.24938190170542
4596.791377184784,5313.506622782785,-716.7152455980004
4588.039810778802,5302.494526926868,-714.4547161480659
4594.019946278298,4527.354448154434,66.66549812386438
3823.3228780260893,4639.9384761360625,-816.6155981099732
3819.7322208943497,4620.562776660579,-800.8305557662297
3817.135319298126,5313.3957766861795,-1496.2604573880535
3798.755962181965,5464.8408597887055,-1666.0848976067405
3815.111907310619,4613.403261489772,-798.2913541791536
3825.2509513657837,5298.452331124182,-1473.2013797583982
3816.783415941375,5609.066648134297,-1792.2832321929218
3817.961139281137,5112.970485393498,-1295.009346112361
3123.793138738571,4530.362017131521,-1406.5688783929495
3126.5836381707495,4532.608944049962,-1406.0253058792123
3123.885915186823,3832.801183488051,-708.915268301228
3608.0110013023123,4924.12875573168,-1316.1177544293678
3631.629969006294,5388.022089172318,-1756.3921201660246
3603.098301115948,5270.014500906042,-1666.9161997900937
3600.269926780703,5200.393242245604,-1600.1233154649008
3605.1802576548253,4513.676799022618,-908.4965413677928
4116.67611754184,4136.877208715414,-20.20109117357424
4098.290393053361,5104.061662826757,-1005.7712697733959
4101.333250053051,3825.372565892451,275.9606841606005
4103.766416795017,5100.8788713232125,-997.1124545281955
4108.373744433565,4430.720027416404,-322.3462829828395
4607.994577772966,4627.042446551268,-19.047868778301563
4584.917508514132,5298.600999165158,-713.6834906510257
4599.46485423787,3829.8116617061983,769.6531925316717
4600.252405179933,5497.670817456835,-897.418412276902
4577.463492700279,5465.245011900986,-887.7815192007074
4590.254921850716,4611.877689583207,-21.62276773249141
5169.174896444551,4609.009679689739,560.1652167548127
5158.624887158998,5598.209185696532,-439.58429853753387
5157.37953680256,5273.9012443539505,-116.52170755139014
5164.091429355847,5304.430107738462,-140.3386783826145
5171.571372466214,4617.114203248867,554.4571692173467
5161.525881891286,5386.792334248502,-225.2664523572157
5167.631864268228,3824.9668195977697,1342.6650446704584
5151.600082691616,3824.291266172766,1327.30881651885
5154.8004335900905,5293.823517126961,-139.02308353687022
3138.8986399652586,5515.830564456119,-2376.93192449086
3116.2817665735142,4620.2156473309415,-1503.9338807574272
3812.9480451985028,4630.015437521024,-817.0673923225213
3785.9558232936924,3805.849378032552,-19.89355473885962
3813.902882417914,4615.78464090198,-801.8817584840663
3809.881901048154,4609.815207085452,-799.9333060372983
3805.449160071104,4119.885802127911,-314.43664205680716
3811.1444491752127,5101.759702231828,-1290.615253056615
3810.8405396455205,4613.906847671645,-803.0663080261243
3810.4499105225514,4614.161384478045,-803.7114739554936
4589.485120797547,5481.861141290736,-892.3760204931887
4573.111859043622,5398.505675608166,-825.3938165645441
4606.98220194715,5613.403239784958,-1006.4210378378075
4591.576555167562,5303.607352555552,-712.0307973879899
4581.018941949989,5273.352892359594,-692.3339504096048
4602.331316586078,5511.811045984084,-909.4797293980055
4597.974897382584,5310.255809799194,-712.2809124166106
5276.246508342173,4616.1083612200755,660.1381471220975
5265.5753708716065,3835.6097662349503,1429.9656046366563
5250.6129273453835,5476.312461892434,-225.69953454705046
5276.413092291616,5622.185894491137,-345.7728021995217
5258.481848311288,5276.378140690956,-17.89629237966801
5262.269768916259,5592.0719607065,-329.8021917902415
5259.649529272361,5489.354413900638,-229.7048846282769
5273.412697610478,5604.281632653184,-330.86893504270574
5542.820465747949,5084.7720631897255,458.04840255822364
5556.69817015673,4526.875408018275,1029.822762138455
5277.422111064386,4533.938101561046,743.4840095033396
5285.014825027715,5615.401797394451,-330.3869723667358
5277.406166954541,5294.652818036093,-17.246651081552045
5277.556656675218,5434.077438364505,-156.5207816892871
5258.142927826729,5414.5825337132765,-156.43960588654772
5268.193311563825,5304.642531088114,-36.44921952428922
5257.740275547165,4325.922324989192,931.8179505579728
5269.549771567966,4127.961705863114,1141.588065704852
4590.1174068061055,4523.8817583632,66.23564844290559
4589.615176964161,4815.636575283336,-226.0213983191752
4594.586502437792,5306.383920466816,-711.7974180290239
4585.348765968983,4604.61863260437,-19.26986663538719
4594.655807100334,4122.875818325662,471.77998877467144
4602.216458480889,4749.414456911347,-147.19799843045803
4606.862235715527,5431.5155470386835,-824.6533113231562
3803.9081087267964,3129.786677102409,674.1214316243872
3815.8793319876636,5427.206454367189,-1611.327122379525
3816.2037238700086,4616.370433532176,-800.1667096621677
3803.0377392308187,5280.369916127397,-1477.3321768965784
3803.166441524964,3136.018998037237,667.1474434877268
3827.174841443722,5618.831504435472,-1791.6566629917502
3827.9388063885845,5124.399229049468,-1296.4604226608835
3820.185274816543,4532.3732226538605,-712.1879478373176
3123.402866513156,5096.896712691884,-1973.4938461787283
3123.3845603199716,3632.425704781176,-509.04114446120457
3123.885915186823,5588.4959185759235,-2464.6100033891007
3609.2483137840354,5276.646433507397,-1667.3981197233616
3626.833815719399,5413.090864643326,-1786.2570489239274
3611.449921988553,4607.625530966558,-996.1756089780047
3609.3457583486825,5100.66185344491,-1491.3160950962274
3606.6278271372043,5378.380840374163,-1771.7530132369589
4105.798193789393,3831.893203734631,273.90499005476204
4097.469030868826,5376.075427559421,-1278.606396690595
4102.341339246173,5312.929976497845,-1210.5886372516716
4120.708810075102,4658.240911349853,-537.5321012747518
4110.20943555353,5112.818898676636,-1002.6094631231063
4593.496390038582,4526.307776855953,67.18861318262861
4595.539834207538,5599.193543807314,-1003.6537095997764
4602.339955385343,3649.0885886593624,953.2513667259809
4586.3224988525835,4519.818967938467,66.50353091411671
4586.381399061763,4816.31443085085,-229.93303178908718
4572.966422659253,5291.993916587067,-719.0274939278142
5191.221346250516,5330.636533601562,-139.41518735104637
5174.5645377863675,4615.384349722353,559.1801880640141
5167.710424551496,5106.671536626761,61.03888792473481
5178.112114185003,3843.2965242856408,1334.8155898993618
5165.629846902719,5107.088864733026,58.54098216969305
5173.432333436513,5526.613893553489,-353.18156011697647
5151.600082691616,5469.012208706595,-317.41212601497864
5161.4960492547225,5299.480216864312,-137.98416760958935
5161.794686153464,5418.639165267051,-256.8444791135871
3107.9310136951394,5586.857191526703,-2478.9261778315636
3139.4522737624247,3161.808357201415,-22.35608343899048
3805.4539630065015,5476.130950054779,-1670.6769870482772
3822.7746462164178,4536.729670682702,-713.9550244662842
3806.133532557135,5303.170663130157,-1497.0371305730218
3816.39940740677,5227.863945692367,-1411.4645382855974
3811.398447421641,3636.5117175889377,174.88672983270317
3807.1831120798884,4809.734932427633,-1002.5518203477445
3817.4390777754916,5112.1479939612445,-1294.708916185753
3796.8435962651333,5487.608732129345,-1690.765135864212
4590.176885890181,3829.444022856988,760.7328630331936
4583.740785098828,5288.818238369781,-705.0774532709529
4582.306621419851,4515.454985128348,66.85163629150247
4584.549735245189,5585.662524541538,-1001.1127892963486
4593.396758221428,5105.615591064674,-512.2188328432458
4595.793888985723,5413.679206972501,-817.8853179867774
4602.836485318933,3842.698937728427,760.1375475905061
5258.480589357669,3822.0302363400974,1436.4503530175712
5266.027770607188,5423.685252384591,-157.6574817774026
5271.828036744178,4529.12420058281,742.7038361613677
5262.269768916259,5086.401552663831,175.86821625242737
5261.084149075963,5309.50068948819,-48.41654041222682
5274.073677433612,3651.8194285381805,1622.2542488954314
5250.092525316483,5266.085832548044,-15.99330723156072
5251.319443016988,3825.8178273029034,1425.5016157140844
5549.806742767104,5108.730656862674,441.07608590443033
5559.013773331391,4934.601408820351,624.4123645110403
5276.338675057941,3833.1648067925457,1443.1738682653954
5260.6990152212475,5277.101810718338,-16.402795497090665
5280.13087660137,5118.034512910498,162.09636369087184
5267.164042379426,4611.030654146694,656.1333882327317
5255.525018346043,5299.977334594309,-44.45231624826556
5262.571798630008,3831.2613687407584,1431.3104298892495
5242.084760038719,5290.48578013431,-48.401020095590866
5259.821678143116,4603.533048591208,656.2886295519074
4582.023722818231,5080.392782096095,-498.3690592778639
4589.140818957362,5611.850431416902,-1022.70961245954
4603.758065743697,4621.218165892506,-17.460100148808124
4606.636905030982,5428.552047408077,-821.9151423770945
4583.718938218417,4323.387530512263,260.3314077061541
4593.835084185967,5313.674098597362,-719.8390144113946
4579.363683461818,5603.79447396164,-1024.4307904998213
3833.616276853178,5443.40959000613,-1609.7933131529521
3803.166441524964,3824.3638436048986,-21.197402079934818
3813.008087461293,5303.374429210592,-1490.366341749299
3801.8199299553257,5287.285317684905,-1485.465387729579
3813.5944956833605,4327.082038251537,-513.4875425681762
3795.74799910774,5284.588107665202,-1488.8401085574624
3810.825633223482,5094.875632554488,-1284.0499993310063
3808.542122152083,5105.796014408059,-1297.253892255976
3121.4175800298294,4819.624801453498,-1698.2072214236682
3119.8408668941893,5417.346023746221,-2297.505156852032
3123.885915186823,4525.623036344914,-1401.7371211580912
3609.0951274702084,5591.120306218303,-1982.0251787480947
3634.1892963051287,3654.910004120762,-20.720707815633432
3621.873345153889,4126.96216532308,-505.0888201691905
3626.6867832020653,5311.165432825178,-1684.4786496231127
3607.8604988910165,5291.670187329741,-1683.8096884387242
4099.447542733378,4323.653576707234,-224.20603397385548
4108.481352009382,5111.411903607814,-1002.9305515984315
4103.629315662643,4325.669314313467,-222.0399986508237
4108.404979668549,5292.354161146669,-1183.9491814781204
4099.879680396402,5290.233804791068,-1190.3541243946656
4599.613738748335,5612.678669285903,-1013.0649305375682
4608.819850477649,5509.883202727219,-901.06335224957
4596.361682361699,5113.034116015581,-516.6724336538819
4579.625731823855,5398.523689742672,-818.8979579188172
4594.295676167349,5308.640138664783,-714.3444624974345
4581.320111298521,3822.578275965954,758.7418353325666
5167.17121790892,5121.818346640425,45.35287126849471
5173.300782054477,4528.249400483231,645.0513815712466
5167.076808803665,5420.952627792591,-253.87581898892586
5162.581673036532,5604.438574784509,-441.85690174797674
5169.3377922939035,4617.26920179438,552.0685904995235
5168.7182111234715,3833.13787724931,1335.5803338741616
5154.8004335900905,3136.600073218806,2018.2003603712847
5161.794686153464,5312.193943552354,-150.39925739888986
5174.563983580269,5291.843493808128,-117.27951022785874
3123.521505431756,5308.420011348476,-2184.89850591672
3120.017522515545,5621.029662101939,-2501.012139586394
3803.7074197556494,4603.412246763289,-799.7048270076393
3808.1330282751633,3827.821171104787,-19.688142829623757
3826.7941790504515,5299.267671785203,-1472.4734927347513
3826.1206938719306,4621.825775892737,-795.705082020806
3822.621654999523,4948.461085317579,-1125.8394303180562
3828.8670003725074,4627.306775685524,-798.439775313017
3792.3419623895484,4594.808718167855,-802.4667557783064
3808.6872920419382,5503.283300176134,-1694.5960081341955
4598.871731058901,5324.701519787477,-725.8297887285762
4595.897580843005,5501.790406939561,-905.8928260965558
4587.872346489285,4521.001275900846,66.87107058843867
4603.937594147752,3838.734521728017,765.2030724197348
4607.987105818213,5318.992995403652,-711.0058895854381
4599.961102400932,4530.786405234104,69.17469716682808
4581.11269156236,4803.164039300545,-222.05134773818463
5276.167677441992,4624.298002720615,651.8696747213771
5260.313845166699,5276.835373331664,-16.521528164965275
5268.43167064725,5092.650567870182,175.78110277706764
5273.412697610478,5428.742545228971,-155.32984761849275
5268.368550465736,4623.638357329105,644.730193136631
5251.319443016988,4513.37658146216,737.9428615548277
5263.6007388733515,5311.606817144223,-48.00607827087151
5262.95135871297,3139.115100681058,2123.8362580319126
5563.613709242757,5437.305220444568,126.3084887981895
5547.8349361625,4929.328819791202,618.506116371298
5255.353191067864,3823.047988333323,1432.3052027345411
5254.61856422046,5398.894010106404,-144.27544588594355
5266.766176123002,5306.8801377829595,-40.11396165995757
5274.436958669757,5093.102769607495,181.33418906226143
5254.2654538068255,5269.828901219735,-15.563447412909227
5245.965210943406,3827.042768122341,1418.9224428210655
5255.503223327014,5499.854797888556,-244.3515745615423
5247.18351640696,5089.469246715392,157.714269691568
4598.521381564906,3834.554551465937,763.9668300989688
4592.20031085314,5587.043617599232,-994.8433067460919
4601.748970806203,5314.606592518307,-712.8576217121035
4594.897129166756,3841.6970011875796,753.2001279791762
4596.925837897067,3145.205202216487,1451.72063568058
4591.686592782611,4525.494558272804,66.19203450980694
4588.814474718073,5505.183190987759,-916.368716269686
3818.081846085852,5482.86048497583,-1664.7786388899785
3820.185274816543,5312.506881451395,-1492.3216066348523
3804.3584159694587,4594.7981731315995,-790.4397571621407
3818.721263583606,5527.158649942786,-1708.43738635918
3808.542122152083,3144.0151763610893,664.5269457909935
3793.1312250106157,5105.0695836345185,-1311.9383586239028
3818.986049091429,4132.923134414359,-313.9370853229302
3812.9302765909297,5285.70771970143,-1472.7774431105
3124.7198049567614,5421.710833640702,-2296.9910286839404
3117.68310145804,3140.5771080709214,-22.89400661288164
3123.885915186823,4610.599978979198,-1486.7140637923749
3615.1749247618627,4622.0982890560535,-1006.9233642941908
3602.0666402650872,3623.6367234318623,-21.57008316677502
3607.912896041418,5303.398277861724,-1695.4853818203055
3618.069747548978,5425.585559479332,-1807.5158119303542
3619.0032503704515,3147.265658177864,471.7375921925873
4122.2276684264025,3159.9941801600094,962.2334882663931
4125.972400803551,3853.2115346080373,272.7608661955137
4116.2297034767125,4135.107603545782,-18.877900069069256
4113.369495402935,5306.698217432868,-1193.3287220299326
4102.939414394994,5606.187427937915,-1503.2480135429214
4593.860625375109,5312.962896867579,-719.1022714924702
4602.339955385343,4536.4798448761085,65.8601105092348
4606.553484839165,5611.0820973705195,-1004.5286125313542
4589.223137937061,5302.233828654519,-713.0106907174577
4605.4791960383345,5603.311150028954,-997.8319539906197
4585.0666450074,5293.897072478989,-708.8304274715883
5175.378813850668,5113.0133612702275,62.36545258044043
5162.751248140325,5488.356459279231,-325.60521113890627
5168.580219194335,4617.25338336016,551.3268358341747
5167.278579238898,5421.672313188671,-254.39373394977338
5167.4100080037615,5303.604182074216,-136.1941740704542
5167.078856937934,4609.506144457487,557.5727124804471
5188.259241550623,5125.795597082452,62.46364446817097
5144.700000783896,4511.872126013864,632.8278747700324
5172.665731669112,5614.884588418704,-442.2188567495923
3107.806143135891,5080.178890264081,-1972.37274712819
3128.294340001481,5121.976569904882,-1993.682229903401
3801.0992331314915,5267.416883769925,-1466.3176506384339
3814.580077541869,5317.587743911305,-1503.0076663694358
3818.6019340734592,5311.302906060255,-1492.7009719867956
3796.5615771325856,5070.4814551821355,-1273.9198780495499
3816.2985474283464,5118.506917520881,-1302.2083700925346
3811.835501253774,3143.1407451543846,668.6947560993895
3815.3713124240358,5607.213924648181,-1791.8426122241453
3807.498462387099,5106.583871478276,-1299.0854090911766
4584.549735245189,3629.839215832367,954.7105194128226
4600.020076649914,5123.322111028257,-523.3020343783428
4588.792374815351,5222.884972369827,-634.092597554476
4603.026392387465,4619.7047585960545,-16.67836620858907
4595.024305171828,4431.569244928996,163.45506024283168
4592.653907900516,3832.777659246335,759.8762486541809
4593.488891335539,4611.664706127034,-18.175814791495213
5262.318840919269,5103.533690783558,158.78515013571086
5262.432583419903,5299.79423059996,-37.361647180057844
5265.709941131036,4132.780238805069,1132.9297023259678
5271.715594324773,4753.350226959097,518.3653673656754
5261.087716235763,5103.137357767087,157.9503584686754
5276.391947236203,4935.408803659829,340.98314357637446
5282.21499282359,5515.135458832686,-232.92046600909543
5264.577495859063,3630.989155137649,1633.5883407214137
5541.164068662528,5108.793008604307,432.3710600582208
5553.797306830767,5304.101965306486,249.6953415242815
5267.916979444128,4527.433300291262,740.483679152866
5266.261810774923,5418.362771887399,-152.1009611124755
5266.290410421666,5420.112806207375,-153.82239578570898
5253.970719288509,5268.455733324654,-14.485014036145003
5265.181341805608,4524.567016316505,740.6143254891031
5261.005855338124,5275.538178065834,-14.53232272770947
5276.227238204363,4618.011786954048,658.2154512503148
5256.966259178341,5273.705288010461,-16.73902883212031
4609.318525655249,5295.046584122571,-685.7280584673226
4593.509356453413,5608.932619493284,-1015.423263039871
4601.375349486577,5420.973716440947,-819.5983669543702
4602.984640738641,3840.487671409984,762.4969693286571
4586.0808903634015,4518.880605799146,67.20028456425553
4594.835222955389,3837.816326817555,757.0188961378344
4604.525684559135,4621.414459813343,-16.888775254207758
3813.213269500129,3133.2560236435265,679.9572458566026
3811.5060202989794,4615.691509707423,-804.185489408444
3796.4911139913843,5289.238307399675,-1492.747193408291
3818.9548711696175,4330.74256576772,-511.7876945981029
3816.622183262335,5583.094710375721,-1766.4725271133857
3818.8362101454754,3841.4657867659416,-22.629576620466196
3812.9541872862615,5308.274532501526,-1495.3203452152643
3811.6545111666637,5095.764179348695,-1284.1096681820309
3117.4934262136094,5487.061774677768,-2369.5683484641586
3118.6393660636772,5134.074745344169,-2015.4353792804918
3123.885915186823,4522.31396799064,-1398.428052803817
3622.770236235193,4617.095234699041,-994.3249984638478
3610.125841922895,5475.644529621739,-1865.5186876988441
3609.5839499490826,5292.82160121455,-1683.2376512654678
3603.048796797509,3822.2925621339227,-219.24376533641362
3616.5298752486783,4608.526788608271,-991.9969133595928
4106.6094975304095,5110.027533087305,-1003.4180355568951
4112.459451798778,4534.769457219656,-422.31000542087804
4120.708810075102,5233.374160743175,-1112.6653506680732
4117.787958814776,3839.768385970056,278.0195728447202
4114.4192275302,5287.971527580834,-1173.5523000506337
4591.817573465209,3836.7654438627987,755.0521296024099
4587.891587006422,3142.7168679249435,1445.1747190814785
4589.147156230601,4609.159085070226,-20.011928839625398
4593.4106710830865,3842.085089893633,751.3255811894537
4602.42316479524,5329.320499327769,-726.8973345325285
4593.596572432645,3839.3392891724175,754.2572832602277
5164.665112714968,4816.746902471071,347.9182102438972
5157.602950946415,5606.526231525504,-448.9232805790889
5168.1492421324665,5597.8192496138545,-429.670007481388
5161.806802173428,3832.5470714310463,1329.2597307423816
5159.512351053632,5408.046871892828,-248.53452083919547
5163.865490926074,5282.471926832286,-118.60643590621203
5165.615994977515,4325.065793116426,840.5502018610887
5188.591726807045,4144.049615525193,1044.5421112818522
5172.466260079048,5311.971540258028,-139.50528017897977
3128.294340001481,3146.6621020365874,-18.367762035106352
3123.970078065235,5620.6702792774,-2496.700201212165
3808.011280550892,5272.887494135033,-1464.8762135841412
3824.9133919804904,5500.538222372227,-1675.6248303917369
3810.7367989163777,3830.6079964135256,-19.871197497147932
3819.4914043316744,4619.763776493513,-800.272372161839
3807.154860199206,5301.737433073113,-1494.5825728739069
3813.232069839729,5304.524413117395,-1491.292343277666
3805.9806496974943,4596.609529878556,-790.6288801810615
3805.499355855412,5298.005529160705,-1492.506173305293
4592.8972472985,5279.324167276186,-686.4269199776863
4600.643971081092,5306.562475469638,-705.9185043885464
4602.148536744613,5614.666049866171,-1012.5175131215583
4593.5209382950425,4608.588852159837,-15.067913864794718
4600.6057448930715,5309.35643776098,-708.7506928679086
4591.119733834511,4610.588711027093,-19.468977192582315
4602.303292773319,3834.9974901482447,767.3058026250746
5259.43739241545,5418.820506886462,-159.38311447101205
5262.161243375187,5311.398698455749,-49.23745508056163
5279.704189489139,5327.519141521292,-47.81495203215309
5285.014825027715,5432.129926377603,-147.11510134988748
5249.078687537434,4804.933088972056,444.14559856537835
5260.6990152212475,5277.040943984234,-16.341928762986754
5253.424161171399,4605.803194813288,647.6209663581103
5254.618564220458,4117.357457621139,1137.2611065993196
5550.444494547162,5593.617910660661,-43.173416113499115
5550.275984870916,5283.894090726469,266.38189414444696
5272.635599225756,3835.623869480437,1437.011729745319
5266.279276453775,5421.32343762226,-155.0441611684846
5259.578703397932,4605.872142666724,653.7065607312079
5271.26922893771,4619.035247134531,652.2339818031787
5242.05984292663,5386.337713863158,-144.2778709365275
5260.387452545769,5417.450463285236,-157.06301073946725
5255.8070924687345,4603.729192176195,652.0779002925392
5260.86276890634,5411.112665962862,-150.24989705652206
4592.412319991328,5280.543838345271,-688.1315183539427
4596.082518049446,4333.8171316171365,262.26538643230924
4584.382907206686,4515.501041007395,68.88186619929093
4593.49933066477,5108.777028320767,-515.2776976559971
4592.8006920068165,5089.1108829497025,-496.31019094288604
4591.624144914588,5304.274697446349,-712.6505525317607
4583.710046275585,5592.187307322452,-1008.4772610468672
3813.275183886769,5315.735702373542,-1502.4605184867733
3818.4132437106437,4334.163003636284,-515.7497599256403
3820.5436859088313,5517.79873125831,-1697.2550453494787
3798.0773593601734,4506.833920998353,-708.7565616381798
3836.7311525760956,5615.584640917705,-1778.8534883416091
3825.6201653233607,5436.0591449141275,-1610.4389795907668
3823.9056810650604,3843.5954365597463,-19.68975549468587
3814.9459937054316,5301.021953578114,-1486.0759598726827
3133.283496963105,4621.114202506017,-1487.8307055429123
3117.423308140311,4608.387329405012,-1490.964021264701
3123.885915186823,5098.480291678212,-1974.594376491389
3626.045267100129,4622.867590036791,-996.8223229366617
3602.113279352179,4513.179026226333,-911.0657468741542
3628.678602515569,4622.2267714777045,-993.5481689621356
3621.912595519454,5276.544740820511,-1654.6321453010569
3616.355762021448,5301.03786248939,-1684.6821004679423
4097.469030868826,5406.590941304334,-1309.1219104355077
4096.853865145954,5409.350308124098,-1312.496442978144
4119.728491947986,5311.309682327481,-1191.5811903794947
4096.714916491609,4812.059221870472,-715.3443053788633
4119.650789593481,5622.5125507084485,-1502.8617611149675
4611.487616217486,5298.860522288763,-687.3729060712767
4586.3224988525835,4519.818967938467,66.50353091411671
4589.223137937061,4609.671074393215,-20.44793645615391
4589.339737229914,5412.15476797209,-822.8150307421756
4603.608891744905,5496.354608330728,-892.7457165858232
4608.8817697930845,5328.725072785184,-719.8433029920998
5165.530869206024,5422.454480493975,-256.92361128795073
5165.629846902719,5489.583790154185,-323.9539432514666
5152.239772072493,4603.323951891562,548.9158201809314
5170.203277756618,5284.9744506058705,-114.77117284925225
5191.394327122926,4547.559467056218,643.8348600667086
5169.475773615422,5420.32782792911,-250.8520543136874
5170.954621440461,5322.899210422593,-151.9445889821318
5156.597617401924,5106.839281221831,49.758336180093465
5161.893512034851,5592.519974582619,-430.6264625477688
3104.652358446389,4804.000517344201,-1699.3481588978125
3115.2062921840025,5401.629663007227,-2286.423370823224
3815.6417403061496,3834.419951029802,-18.77821072365259
3817.2695250755132,5316.848220678985,-1499.5786956034717
3796.8435962651333,5580.4301546706265,-1783.5865584054932
3808.454983939629,5421.047171792484,-1612.5921878528547
3810.815179599944,5297.615474222715,-1486.8002946227716
3817.4478971050457,5308.663631536855,-1491.2157344318093
3818.88684478575,5307.907607606675,-1489.020762820925
3826.496236772999,4342.018171765004,-515.5219349920048
4602.836485318933,5418.117829162518,-815.2813438435851
4581.6606119112685,5268.179981823734,-686.5193699124657
4574.012489350734,5398.378758442895,-824.366269092161
4593.488891335539,5278.928837008067,-685.4399456725278
4584.011383771654,5097.953321739268,-513.9419379676137
4584.968808223151,5270.617455254091,-685.6486470309392
4580.657561566347,5406.654817838828,-825.9972562724815
5278.193110707423,5603.577201297633,-325.3840905902098
5276.148273523058,5124.940307017166,151.20796650589273
5257.010405561268,3831.214678819534,1425.7957267417341
5277.556656675218,4535.038712703912,742.5179439713056
5269.399431278468,5304.4187823775555,-35.019351099087544
5267.164042379426,5386.866758480212,-119.70271610078635
5266.6466282949,5418.625665197024,-151.97903690212388
5274.436958669757,4532.840117015742,741.5968416540145
5533.080398093135,4608.738937560956,924.3414605321786
5539.754341986506,5288.246488486571,251.50785349993475
5246.86487178951,3131.2606428778463,2115.604228911664
5271.26922893771,5110.230628673425,161.03860026428538
5275.9945940336165,5625.214233066747,-349.2196390331301
5267.491322359965,5592.1528577390045,-324.6615353790394
5267.1287575665665,4134.901768992942,1132.226988573624
5278.734568734734,4622.374540712215,656.3600280225191
5276.588229762475,3640.150020473551,1636.4382092889236
5265.384331148383,5490.028017244358,-224.64368609597477
4599.472238627431,4616.184151841099,-16.711913213668595
4590.373068284478,5482.705602209949,-892.3325339254707
4588.30420694045,5301.460032845383,-713.1558259049325
4575.562591559708,5481.285214972359,-905.722623412651
4575.429272412781,4603.50758132159,-28.07830890880905
4590.047941100402,5279.324721503566,-689.2767804031646
4582.755257781749,5421.296824681178,-838.5415668994292
3810.8022373072067,4518.453017960166,-707.6507806529594
3822.0820639734943,5116.563324340241,-1294.4812603667465
3817.3766401999064,4627.099124324844,-809.7224841249372
3819.531986749946,5319.345747808813,-1499.813761058867
3807.2471620437545,3829.0590561778095,-21.81189413405491
3815.3310087767777,5278.045230319928,-1462.7142215431504
3811.3039877061983,4817.992576505685,-1006.6885887994868
3812.1373147371705,4611.848821083332,-799.7115063461615
3129.4637569545166,5286.047430368836,-2156.5836734143195
3126.908364634425,5286.550464131319,-2159.642099496894
3123.885915186823,4130.435554405168,-1006.549639218345
3604.98168902259,5261.41202595596,-1656.4303369333702
3633.086462979169,4146.908217517601,-513.8217545384318
3595.5857839532177,5280.424856213192,-1684.8390722599738
3626.125941605882,4630.025115380325,-1003.8991737744427
3622.2241565908025,5503.085324365508,-1880.8611677747058
4115.278600907264,5323.76945799785,-1208.4908570905855
4104.174476902333,5602.44425096968,-1498.2697740673475
4111.54685593875,4616.095496818794,-504.54864088004433
4101.49955154834,4614.59953448399,-513.0999829356506
4106.0000897708205,5460.216639157487,-1354.2165493866669
4577.3176300246905,3623.16833440322,954.1492956214706
4580.735101985434,5293.136669150658,-712.4015671652242
4590.394243031102,4133.360701377288,457.0335416538137
4599.678491470235,5318.37743484826,-718.6989433780254
4583.419173089576,5291.5808430421675,-708.1616699525912
4589.602698875477,5593.041611886757,-1003.4389130112804
5172.194693335727,5416.485722432845,-244.29102909711855
5162.300286422238,4126.996338245561,1035.3039481766773
5153.805260732666,4516.299349326883,637.5059114057831
5147.558622294353,5286.50349628452,-138.94487399016725
5172.365814982779,3147.399329613493,2024.9664853692857
5165.8026978591615,5088.228943095598,77.57375476356356
5147.407192226388,5472.743349946914,-325.336157720526
5179.299035218829,4339.386373501723,839.912661717106
5168.408770123364,4645.623319342468,522.7854507808961
3119.8055223434358,4529.016648241667,-1409.2111258982313
3126.6124200707845,5614.476278487786,-2487.863858417001
3817.2695250755132,5316.848220678985,-1499.5786956034717
3810.8260855487465,5286.108717563529,-1475.2826320147828
3812.7500098297473,5596.148737065048,-1783.398727235301
3805.1216627730378,5285.569266117729,-1480.4476033446913
3823.9565558400946,5114.345807201098,-1290.3892513610035
3817.2771726753626,4607.029637072481,-789.7524643971183
3818.325083943192,4533.92036281363,-715.595278870438
3800.178505356042,5289.134775184394,-1488.956269828352
4603.166192032967,3642.86336500494,960.302827028027
4586.536040435998,5095.723811653692,-509.1877712176938
4585.415213226639,5301.321184718622,-715.9059714919831
4580.457544771694,5287.222857240084,-706.7653124683893
4590.557135907275,5293.814520607604,-703.2573847003296
4612.155098499,3157.526203905076,1454.628894593924
4598.4498390740555,3843.0250207848926,755.4248182891629
5263.150307114779,4607.076374963796,656.0739321509827
5266.486505008147,4817.7485142433925,448.7379907647546
5257.694055616153,5101.6385628657235,156.05549275042904
5268.193311563827,4127.447882725387,1140.7454288384397
5276.346032663158,4622.251902095254,654.0941305679044
5262.571798630008,5614.488250153814,-351.91645152380624
5249.897171919087,3823.1599373388094,1426.7372345802773
5245.965210943406,5402.170033695198,-156.20482275179165
5552.567831117117,3835.434588642333,1717.1332424747839
5542.036479651885,5309.651806760259,232.384672891626
5275.60533423281,4441.595894745792,834.0094394870175
5260.387452545769,5279.42916104258,-19.041708496811225
5266.506136509502,5420.242439016296,-153.73630250679435
5278.734568734734,5314.639358711752,-35.90478997701757
5259.84104640461,3636.3455419576053,1623.4955044470048
5242.407411443215,5084.890653615338,157.51675782787697
5254.252856844875,4618.107986835325,636.1448700095498
5281.331554175737,4632.074119811762,649.2574343639753
4590.602585023771,5595.281997823616,-1004.6794127998446
4582.366805149322,4601.158804452143,-18.79199930282084
4587.736633800857,5405.204060932806,-817.4674271319491
4620.030523663535,5344.219225374504,-724.1887017109693
4598.175338003527,5292.18500102146,-694.0096630179332
4603.703414400604,4945.571149126307,-341.8677347257035
4592.895477036537,4328.78753923983,264.1079377967071
3804.58849664189,5589.252789729554,-1784.6642930876642
3827.444684833608,4148.940292115996,-321.4956072823884
3814.910037244106,5302.431600733388,-1487.521563489282
3827.7284532832923,4636.78835856248,-809.0599052791881
3805.783584696567,4514.958663194184,-709.175078497617
3814.2887059934556,4615.623402803896,-801.3346968104406
3818.2840556665915,5428.86118593726,-1610.577130270669
3811.4546204128874,5109.578852352418,-1298.1242319395305
3116.556248200847,4525.533617861271,-1408.9773696604234
3129.458845423539,5313.927523855411,-2184.468678431872
3123.885915186823,5584.775789393016,-2460.889874206193
3631.401590131477,5614.555791350501,-1983.154201219024
3604.27316701775,3624.2728037435363,-19.99963672578633
3614.6430888814393,5312.7944453417285,-1698.1513564602892
3606.6278271372043,3821.469198388126,-214.84137125092184
3607.452344260715,5600.987475469389,-1993.535131208674
4102.888054814344,5305.780739802557,-1202.8926849882127
4104.450400469219,5301.3223833100365,-1196.8719828408175
4110.20943555353,4528.8019387796085,-418.5925032260784
4114.4192275302,5287.971527580835,-1173.5523000506346
4120.925356219308,5125.283970024642,-1004.3586138053342
4589.272868105389,3833.046780718652,756.2260873867367
4586.381399061763,5506.4618041438,-920.080405082037
4605.4791960383345,4342.142862539783,263.33633349855154
4603.608891744905,5320.79843983909,-717.1895480941848
4594.929256867746,5094.677383946934,-499.74812707918863
4601.537694251827,5607.248039968543,-1005.7103457167159
5173.119384198624,3847.2369915142826,1325.8823926843415
5161.806802173428,5299.396975746564,-137.59017357313587
5162.322212704234,3633.209014413872,1529.1131982903617
5161.794686153464,3839.4014346983636,1322.3932514551002
5164.153845189479,4601.725749526448,562.428095663031
5159.731261303977,3627.4250205128674,1532.3062407911093
5167.053323539719,4334.761504266269,832.2918192734496
5157.625222353775,4517.915539770221,639.7096825835542
5181.040444345356,4937.226393909648,243.81405043570794
3132.0341965052735,4617.096253451231,-1485.0620569459575
3115.8906432074705,3137.2579838263555,-21.36734061888501
3796.8435962651333,4309.122585359086,-512.2789890939525
3812.7500098297473,4527.230687126426,-714.480677296679
3816.9723779910555,5119.751281918236,-1302.7789039271802
3820.561749670647,5514.442563200712,-1693.8808135300656
3806.5203307423108,5493.083035565191,-1686.5627048228798
3821.9578048745143,3843.781898618629,-21.824093744114634
3795.7927586541186,5389.359453397769,-1593.5666947436507
3799.9215042184587,5266.832812386761,-1466.9113081683026
4600.6057448930715,5319.403372474421,-718.7976275813498
4587.13626094009,5297.954008077341,-710.817747137251
4591.881884560241,5415.544753630777,-823.6628690705365
4598.699675454202,4530.994586271523,67.70508918267933
4578.425852157545,5075.549470310741,-497.1236181531958
4597.537573318463,4942.010931172231,-344.473357853768
4589.009221140014,4608.025854181414,-19.016633041399473
5257.3318261727945,5274.355106826866,-17.02328065407164
5280.13087660137,4932.969540408939,347.161336192431
5254.618564220458,4607.396140323539,647.2224238969193
5269.549771567967,5490.47284554798,-220.9230739800132
5273.990956653996,4320.403878143501,953.5870785104953
5259.821678143115,5414.987064257349,-155.16538611423402
5274.5347418915735,4830.563985475221,443.97075641635274
5247.183516406959,4602.0951452539,645.0883711530587
5559.3402778299105,5292.498619700938,266.8416581289721
5538.6160169192535,3829.9456770787438,1708.6703398405098
5252.956320230091,5109.059478251635,143.896841978456
5260.86276890634,5295.134419905388,-34.27165099904869
5260.92705387986,4134.878215867076,1126.0488380127845
5265.384331148383,5510.96627617966,-245.58194503127652
5255.600432947434,4115.382871141482,1140.2175618059518
5281.331554175737,5319.986170592182,-38.654616416444696
5281.82815290008,5299.9419588981045,-18.113805998024873
5257.471666565036,4525.241051106993,732.2306154580428
4589.783705713497,4609.227615568821,-19.44390985532482
4589.725595980416,4521.606387177137,68.11920880327943
4611.425838838382,3645.314592810554,966.1112460278282
4566.47430728328,5477.981098465275,-911.5067911819951
4584.740622510897,4323.166930848671,261.57369166222634
4611.0898579499135,5099.057866676281,-487.96800872636777
4602.883287835653,5432.689063639892,-829.8057758042387
3814.708798484974,5100.545754122312,-1285.8369556373382
3820.370844651909,4616.911227703489,-796.5403830515802
3812.1373147371705,3142.5798167177436,669.5574980194269
3822.502321618892,4620.094371686248,-797.5920500673565
3801.289064610664,5578.229062338206,-1776.939997727542
3826.850395081079,5124.5048754798245,-1297.6544803987454
3821.9007072446348,3842.334143540865,-20.43343629623041
3815.204588054251,5589.434291893344,-1774.2297038390934
3128.7975929112567,3147.8553833897645,-19.05779047850774
3126.733045124292,5410.177168992862,-2283.44412386857
3123.885915186823,5098.480291678212,-1974.594376491389
3617.787117651054,5290.394256279296,-1672.6071386282424
3607.407214309648,5475.762274856276,-1868.355060546628
3625.3667371985293,4832.044033564509,-1206.6772963659796
3610.7306924626455,4606.734852312466,-996.0041598498201
3615.172331927878,4529.829460106581,-914.6571281787028
4096.859843800528,5596.326556137162,-1499.4667123366335
4113.61516112156,5597.5167977255305,-1483.9016366039705
4088.2875593962904,4593.168603793413,-504.8810443971229
4105.915390726804,4524.0125941942915,-418.0972034674878
4092.3344836765214,5285.0387554594945,-1192.7042717829731
4613.832381053281,5623.549354934456,-1009.7169738811745
4572.035626957257,4310.147912257923,261.8877146993336
4604.068847130404,5312.632934664148,-708.564087533744
4593.460502382202,5289.861332466309,-696.4008300841069
4600.607012096837,5432.770352831501,-832.1633407346644
4598.802664739075,5311.208043685015,-712.4053789459394
5169.118989483822,5120.865393872621,48.25359561120058
5181.940794943663,4139.954874170578,1041.9859207730851
5156.78111950724,5303.581604663762,-146.80048515652197
5163.114942339301,4614.369803058012,548.7451392812891
5167.537491255564,4623.897328433544,543.6401628220201
5154.0777859413165,5274.068695815245,-119.9909098739281
5156.972234595287,5372.520992379541,-215.54875778425412
5167.647018523873,5106.4248975894525,61.22212093442067
5176.483687769005,5496.189711933373,-319.7060241643676
3113.967512670827,5070.727029234515,-1956.7595165636876
3127.7120791404413,5312.542569759399,-2184.830490618958
3808.454983939629,4617.483237856025,-809.0282539163959
3805.1216627730378,4314.901054590072,-509.77939181703414
3820.561749670647,4623.011682751122,-802.4499330804751
3816.7386474994846,5308.936854637608,-1492.1982071381235
3817.8000580093917,5308.3316202593105,-1490.5315622499188
3812.207351394281,5418.084899746733,-1605.8775483524519
3797.7864029041393,5288.275662222745,-1490.489259318606
3829.992576727151,4931.834466172073,-1101.841889444922
4600.15114727944,5111.916579638625,-511.76543235918507
4589.003726381041,5295.2468711919055,-706.2431448108646
4584.437296567642,5072.885523135387,-488.4482265677452
4594.589569592549,3830.5651855386627,764.0243840538865
4593.392456454979,5280.451641682877,-687.0591852278985
4599.684558934261,5412.113101152621,-812.4285422183602
4579.820189332019,5287.921821562388,-708.1016322303685
5252.990272585068,4803.907039569195,449.0832330158728
5247.981171917624,4610.867073916078,637.1140980015462
5269.142292743715,5500.906793889959,-231.76450114624367
5262.876429978182,4814.677578514866,448.1988514633167
5264.860447236449,5286.455365123907,-21.594917887457996
5262.479714158289,4609.182358938087,653.297355220202
5263.743893703049,5419.668483189648,-155.92458948659896
5261.427158686234,5275.484044053292,-14.056885367057475
5548.613969231054,5301.332292141526,247.28167708952878
5551.271902260074,5286.349380189576,264.9225220704984
5271.037726835452,5110.790914185644,160.2468126498079
5264.009336306612,5305.360650678935,-41.35131437232303
5276.063860836636,5293.884429527031,-17.820568690394794
5257.7469620395195,5494.405440906393,-236.65847886687334
5265.695176143716,5121.692968165932,144.00220797778366
5258.249634215046,4514.382687874176,743.8669463408705
5276.582551066745,5430.856555271092,-154.27400420434697
5264.721645111639,5421.305081382735,-156.5834362710957
4596.2858920317885,5413.80316564044,-817.5172736086515
4617.793581190116,4547.923066181358,69.87051500875805
4580.843086353886,4906.951757733202,-326.10867137931564
4575.348516621901,4723.751707527795,-148.403190905894
4613.5232560476525,4944.612257548379,-331.0890015007262
4590.813916407768,3635.544052556415,955.2698638513534
4588.39173536777,5612.565560359551,-1024.1738249917807
3808.80333414796,5283.6832104317655,-1474.8798762838055
3818.9741652315206,5498.312812142662,-1679.338646911141
3810.334200131254,5106.723532498752,-1296.3893323674984
3800.809163591653,5605.818799337453,-1805.0096357458
3809.032871636726,5103.447722648639,-1294.4148510119126
3802.8691501051894,5412.295326241014,-1609.4261761358243
3802.8684163697885,5302.063586944433,-1499.1951705746446
3820.000336410802,4617.709629437699,-797.7092930268968
3127.883412145397,5317.620985547004,-2189.7375734016073
3119.2058987457754,3835.504958110328,-716.2990593645527
3123.885915186823,5297.752305089464,-2173.8663899026415
3613.0907052741504,4604.508598579371,-991.4178933052208
3620.982152378126,5621.5762084362705,-2000.5940560581444
3609.3457583486825,3827.3503518060993,-218.00459345741683
3608.5627401322563,5273.111520623129,-1664.5487804908726
3611.9191655930967,4523.968165711599,-912.0490001185021
4102.341339246173,4818.885547800868,-716.5442085546947
4119.728491947986,5312.144954094811,-1192.4164621468244
4108.462085490026,5305.730485280277,-1197.2683997902514
4104.420033772201,5309.793643319599,-1205.3736095473978
4106.217719677842,5306.2467345618315,-1200.0290148839895
4582.202783603443,4600.093481607757,-17.89069800431389
4572.966422659253,5270.464770772549,-697.4983481132958
4585.0666450074,5293.616190930832,-708.5495459234317
4608.8817697930845,5318.678138071742,-709.7963682786576
4601.537694251827,5610.96816915145,-1009.4304748996228
4594.64047393466,4431.469785835354,163.17068809930606
5173.367629325111,4624.418677893788,548.9489514313227
5161.4960492547225,5480.556728217866,-319.0606789631438
5178.882555915092,5316.518612595564,-137.6360566804724
5171.755760841547,5323.623669134193,-151.86790829264555
5156.597617401924,5273.105216206496,-116.5075988045719
5153.245381036162,4599.424860459539,553.8205205766235
5157.0135121468675,4805.976079545249,351.0374326016181
5158.674945206368,4520.729927323206,637.9450178831621
5184.726882401186,4636.5024631590495,548.2244192421367
3129.5782862273927,4929.56109580888,-1799.9828095814873
3108.2354918068904,5416.431679130586,-2308.196187323696
3810.815179599944,5297.998355770871,-1487.1831761709273
3823.9565558400946,5308.622799582354,-1484.6662437422592
3806.5203307423108,5311.976144805496,-1505.4558140631852
3817.8000580093917,5308.3316202593105,-1490.5315622499188
3805.1139852954607,4512.537081822435,-707.423096526974
3813.7674593582856,5305.511422441656,-1491.74396308337
3816.157590450364,4335.83649358394,-519.6789031335761
3802.4272004058807,4603.589456026495,-801.1622556206144
4604.27675321729,3846.2978845739867,757.9788686433035
4595.248789672467,5286.138698728299,-690.8899090558316
4593.330288902902,5118.362166525395,-525.0318776224931
4605.94556836319,5097.183792568275,-491.2382242050844
4584.578687244333,4604.87830816026,-20.299620915926425
4578.081977328131,4312.953994265561,265.1279830625699
4595.116403090357,5109.13002088509,-514.0136177947325
5270.15907868213,4633.466397727991,636.6926809541392
5267.873084552239,4624.616394799355,643.2566897528841
5259.821678143115,5298.494907829209,-38.6732296860946
5259.674306706047,5276.673396188847,-16.999089482799718
5270.386320130158,4618.9272708570925,651.4590492730658
5276.406969434497,3847.270372408354,1429.1365970261431
5267.491322359966,5302.522107661437,-35.03078530147104
5272.735707772003,4943.61499433106,329.1207134409424
5571.825042541336,5304.484752523123,267.34029001821364
5566.527560543407,5483.4096364923935,83.11792405101369
5262.82540981785,4608.116918321187,654.7084914966636
5270.656991181082,4329.243472574962,941.4135186061203
5267.472132695075,4612.979013341818,654.4931193532566
5244.165823107995,4915.303137835576,328.8626852724183
5265.203463844762,5286.861741881732,-21.658278036969932
5296.385550437358,5334.172290661063,-37.78674022370524
5275.727794082859,4614.405546132437,661.322247950422
5238.265764690761,5278.841860510507,-40.576095819746115
4580.336099165888,4596.05816325288,-15.72206408699185
4575.348516621901,5586.178049257402,-1010.829532635501
4586.001952235683,5273.412900348257,-687.4109481125734
4594.5564568230975,5306.349739874146,-711.7932830510481
4596.035870019951,3142.5677832089614,1453.46808681099
4603.675275422397,5119.580074245856,-515.9047988234588
4586.45477214937,4601.731443703925,-15.276671554554923
3807.494218127146,4811.327418958414,-1003.8332008312677
3814.526707285823,5306.733619098912,-1492.206911813089
3801.032776674904,5285.122149587667,-1484.0893729127629
3816.730406483375,5281.466811464621,-1464.7364049812459
3795.8675214133605,5306.282944223943,-1510.4154228105822
3815.680691161216,4326.810690284476,-511.1299991232595
3820.142458332263,3639.9991296657986,180.14332866646419
3814.4116911356227,3838.142668835707,-23.730977700084168
3123.3621795870736,3835.9171264763177,-712.5549468892441
3107.719856890513,5265.961122407392,-2158.2412655168796
3123.885915186823,4620.008471695079,-1496.122556508256
3621.5153634630974,4526.570575006758,-905.0552115436608
3626.82023428782,5309.389592935657,-1682.569358647837
3617.2897856233767,5320.01850706445,-1702.7287214410735
3626.9954011682703,4620.975564617191,-993.9801634489204
3620.3106078175633,5626.233855291513,-2005.9232474739492
4098.955367303436,5467.273628516707,-1368.3182612132705
4123.4834276380125,5291.310248645155,-1167.8268210071428
4112.328583886788,3839.9949204275563,272.3336634592315
4110.305323059219,4526.684422696359,-416.3790996371408
4104.628864533856,4121.271971546387,-16.64310701253089
4605.104752003635,4635.0292588619905,-29.924506858355016
4595.815952847612,3841.0572735958485,754.7586792517632
4612.642840192598,5529.671114564861,-917.0282743722637
4599.893437993978,5310.572140502157,-710.6787025081785
4597.423480778303,5426.1845836191615,-828.7611028408583
4598.933839602729,5430.9005024180115,-831.9666628152827
5156.686614212184,4520.444067845467,636.2425463667178
5163.865490926074,5102.110013996779,61.75547692929467
5157.840330785996,4605.100269091851,552.740061694145
5159.731261303977,5296.69821904114,-136.96695773716328
5151.676345796895,4917.346478648407,234.3298671484872
5175.632700913958,4628.99847376655,546.6342271474077
5161.82701183788,4425.70212142901,736.1248904088698
5154.166798025505,3827.348348315384,1326.818449710121
5181.899156136191,5608.403257632521,-426.5041014963299
3121.1451213288033,5104.926070034507,-1983.7809487057034
3114.0970505510104,3831.6617556723227,-717.5647051213123
3817.4478971050457,4525.987591370054,-708.5396942650086
3817.2771726753626,4607.596760805046,-790.3195881296833
3821.9578048745143,4531.189012036864,-709.2312071623501
3812.207351394281,3832.888500737779,-20.681149343497964
3813.7674593582856,4936.937883277593,-1123.1704239193073
3815.708511003807,5296.148370844896,-1480.439859841089
3814.998467616333,3835.0816627604877,-20.083195144154615
3819.831055150773,5109.709641989102,-1289.8785868383293
4594.800993592697,4427.8345228212675,166.96647077142916
4599.5043185779405,3843.0766599020717,756.4276586758688
4600.7570741250565,5497.0259687943135,-896.268894669257
4608.94437953631,5396.705728831602,-787.7613492952914
4604.636534005834,3150.3746956302966,1454.261838375537
4581.6479381093295,5105.659860027481,-524.0119219181515
4596.047559493255,3143.34616259964,1452.7013968936149
5257.734051093612,4417.524850702527,840.2092003910848
5263.104776553074,5422.149806667699,-159.04503011462475
5259.578703397933,3823.4905668076476,1436.0881365902856
5278.853207948041,5296.116249740098,-17.263041792057265
5276.017678315792,3839.420654859638,1436.5970234561541
5271.400209802466,4525.982156719266,745.4180530832
5264.348782846852,5387.039537125605,-122.69075427875305
5260.92705387986,4611.828194568837,649.0988593110233
5554.934148181641,4618.2929097188235,936.6412384628175
5548.225282241996,4622.498056872861,925.7272253691353
5254.364284692568,5411.725089231497,-157.3608045389292
5265.317674077751,4608.406577518066,656.9110965596847
5257.084685862707,4603.315517297028,653.7691685656791
5263.809057455741,5593.263314356501,-329.4542569007599
5257.459315421692,5305.1645747632965,-47.70525934160469
5282.6080514019895,5437.066202359672,-154.45815095768285
5260.120893226536,4519.802789562845,740.3181036636915
5279.264603003202,4830.518357129497,448.74624587370454
4590.9959813899995,4137.971314654671,453.02466673532854
4590.813916407768,5598.405952916059,-1007.5920365082902
4590.074672828732,5479.492122589771,-889.4174497610384
4603.675275422397,5323.079606501076,-719.4043310786792
4592.141607271313,5605.860584230536,-1013.7189769592233
4600.926525186804,5312.012784546743,-711.0862593599395
4591.215266005741,5304.278701886992,-713.0634358812513
3825.153406592463,5306.769241651196,-1481.6158350587334
3814.7355812552,3836.3446622042625,-21.609080949062445
3820.199918729106,5280.8731728705125,-1460.6732541414067
3823.212083502661,5295.830677366601,-1472.61859386394
3800.00096690891,5588.212328600239,-1788.2113616913289
3817.87339900962,5277.5763763394425,-1459.7029773298227
3812.3629748827143,5607.1930342949345,-1794.8300594122202
3801.254712680271,5271.5375414024,-1470.2828287221291
3127.682077462614,5436.410212326912,-2308.728134864298
3104.9599217062514,5097.352921504265,-1992.392999798014
3123.885915186823,5297.752305089464,-2173.8663899026415
3621.1295469613738,5617.5839130119375,-1996.4543660505637
3618.939103462824,5311.642485058966,-1692.7033815961418
3606.8431123586256,4517.118105776817,-910.2749934181916
3627.4924824861414,4140.0661341355735,-512.5736516494321
3611.586341412175,4609.087887388794,-997.5015459766191
4107.672838251269,5270.224200094756,-1162.551361843487
4100.302412232633,4521.064010036718,-420.7615978040849
4126.4149086298585,3849.611356746023,276.80355188383555
4120.088259977704,5524.531068967783,-1404.4428089900784
4102.621948637486,5416.372816055014,-1313.7508674175278
4604.851969939664,5512.44900917862,-907.5970392389563
4613.230998336571,5340.683468315003,-727.4524699784315
4596.42428704817,4528.532804093931,67.89148295423911
4597.14197874687,4335.88701045273,261.2549682941408
4602.915611494585,4532.2709858087555,70.64462568582985
4595.1787945326105,4615.3187804690315,-20.139985936421
5168.422092235457,3639.334809092553,1529.0872831429042
5141.33222934303,5255.725454576373,-114.39322523334249
5159.49527943943,4607.094751180223,552.400528259207
5160.542742870997,5379.843170242729,-219.30042737173153
5172.708915159917,4623.0655306975805,549.6433844623361
5168.700409335441,5094.205732542361,74.49467679307963
5169.647926086014,4613.193080374901,556.4548457111132
5173.228913764141,5313.627986342502,-140.39907257836057
5151.988889089876,4596.3949550715415,555.593934018334
3124.4105792449063,4615.234162821351,-1490.8235835764444
3115.52422797608,4115.496823661229,-999.9725956851494
3818.88684478575,5389.495377762611,-1570.6085329768607
3818.325083943192,3840.870132023841,-22.54504808064894
3795.7927586541186,4590.83134092008,-795.0385822659614
3797.7864029041393,4794.341917654187,-996.5555147500472
3816.157590450364,3144.587936955588,671.569653494776
3814.998467616333,4331.343898609162,-516.3454309928293
3822.4605849514933,5290.52031565802,-1468.0597307065268
3808.932262612738,5284.464876405595,-1475.5326137928564
4592.684686906964,5284.864083227993,-692.1793963210293
4587.190067315594,4521.299123222628,65.89094409296649
4591.63597892704,5421.46029681036,-829.82431788332
4584.3924900299135,5413.737807817271,-829.3453177873571
4616.425479803854,4546.024528422911,70.40095138094239
4583.290457632918,5289.7392034102195,-706.4487457773012
4589.244791625153,3637.2991869283715,951.9456046967816
5277.255175276339,4543.888400489405,733.366774786934
5285.351570024514,5130.161959072548,155.18961095196664
5274.688577083052,5324.013833494795,-49.325256411742885
5251.0857206023575,5094.08139407872,157.00432652363725
5238.786914764081,4593.140773296742,645.6461414673395
5285.982506193326,5439.126413861451,-153.14390766812448
5255.791591654137,3129.039284787144,2126.752306866993
5260.22146191704,5298.63794475195,-38.41648283491031
5547.531738427692,5594.632954546374,-47.101216118681805
5543.731281684512,4613.28792294794,930.443358736572
5264.478044927644,5302.177578362478,-37.69953343483394
5275.319517298135,5605.853552763689,-330.53403546555364
5277.412211645706,5327.485464981993,-50.07325333628705
5255.227934824845,5583.070750951857,-327.84281612701216
5294.889417095831,5117.272592741702,177.61682435412877
5261.099810888697,3824.705474889029,1436.3943359996679
5250.740920525422,4904.622262454602,346.11865807081995
5277.937614701569,3834.841139526566,1443.096475175003
4580.954695845576,5414.811810064364,-833.8571142187884
4592.196354993951,3141.1413597374612,1451.0549952564897
4594.367396511517,4612.2560195128135,-17.888623001296764
4584.597555908823,3828.751213766489,755.8463421423339
4588.1465882496095,5307.360206069236,-719.213617819626
4599.022036536107,5112.466651494142,-513.4446149580344
4580.911880197943,4510.872939518434,70.03894067950932
3809.530664283014,5496.862790617188,-1687.3321263341736
3801.550270983356,5594.031177945292,-1792.4809069619364
3808.95466927673,5501.109475334468,-1692.154806057738
3812.326468278947,3635.8113278375477,176.51514044139913
3816.7098633097025,5297.19672336829,-1480.4868600585874
3820.6459941313847,3844.8683385991494,-24.222344467764742
3818.722783041215,5304.045242534557,-1485.3224594933417
3812.834311080232,5407.613383413453,-1594.7790723332214
3110.693277655125,5303.332356171815,-2192.6390785166905
3114.45036767359,5086.301394485167,-1971.8510268115774
3123.885915186823,3639.3546318932767,-515.468716706454
3636.647922786519,5315.918042104188,-1679.2701193176695
3612.363527938914,5308.314922848112,-1695.9513949091975
3614.3925774631875,4606.406293348361,-992.0137158851735
3616.355762021448,4608.738413079987,-992.3826510585395
3619.6700394465665,5297.459668334633,-1677.789628888066
4104.450400469219,4817.253267736163,-712.8028672669443
4097.367041363368,4597.244326566794,-499.87728520342625
4119.650789593481,5501.179445507828,-1381.528655914347
4105.448923995152,5300.6252306377355,-1195.1763066425838
4096.526332205449,5299.310395227956,-1202.7840630225073
4614.576517588924,3851.2055453328708,763.3709722560529
4603.608891744905,4136.833696936882,466.7751948080231
4590.354674380218,4524.733461496046,65.62121288417165
4594.0413998140175,3831.814875804002,762.2265240100155
4597.620552942278,3839.253579666255,758.3669732760227
4601.956040020759,5415.597960019542,-813.6419199987831
5170.442864156691,3638.1026006292354,1532.3402635274556
5164.153845189479,3628.371710018225,1535.7821351712546
5163.193761113818,5412.289543551578,-249.09578243776014
5161.893512034851,3136.911578382553,2024.9819336522974
5155.276730753967,3820.3925720696316,1334.8841586843355
5154.796708401671,4600.797863376607,553.9988450250639
5158.213100727952,5096.873270319525,61.33983040842759
5150.918894961932,5575.924472922994,-425.00557796106204
5156.125849541585,5483.5851619945915,-327.45931245300653
3114.2400744106744,5294.34243782861,-2180.1023634179355
3111.6249964609533,4606.831004933969,-1495.2060084730156
3826.496236772999,3843.3212868741803,-16.825050101181205
3800.178505356042,5405.175411894469,-1604.996906538427
3799.9215042184587,5483.439408471224,-1683.5179042527652
3829.992576727151,5602.633298325184,-1772.640721598033
3802.4272004058807,3824.991139930299,-22.5639395244184
3819.831055150773,5310.504967282306,-1490.6739121315331
3808.932262612738,5482.723942472185,-1673.7916798594465
3808.6232915417063,5311.606817144222,-1502.9835256025158
4589.009221140014,5306.167842742992,-717.1586216029782
4584.128091850871,5300.115846824149,-715.9877549732782
4598.165600446565,5521.257493694317,-923.0918932477525
4597.339260318619,3838.5100970415538,758.8291632770656
4601.7300254307675,3842.808604532786,758.9214208979815
4602.2501147191515,5095.374937162546,-493.1248224433948
4605.9050764781,3841.710649313708,764.1944271643924
5264.781698626049,4612.518140929927,652.263557696122
5275.994594033617,5291.869415245085,-15.87482121146786
5275.721513617269,5609.16459497403,-333.44308135676056
5262.413736759744,5300.43384135857,-38.02010459882604
5262.066054345092,5304.637697550213,-42.57164320512038
5265.384331148384,3831.741426036212,1433.6429051121722
5266.567189511553,4817.232670425976,449.3345190855771
5248.353553601909,4513.024492070898,735.3290615310107
5549.315995636814,3836.1109309481567,1713.2050646886569
5538.075031746957,5292.642895472013,245.43213627494424
5264.969830688414,5596.2973729850955,-331.3275422966817
5283.943675547192,5315.803382377342,-31.85970683015057
5263.480603386728,5299.462796389869,-35.98219300314122
5272.381526413909,5113.693267139725,158.68825927418402
5255.852511033862,5400.115111316095,-144.2626002822326
5267.0149515818375,3830.082201194632,1436.9327503872055
5271.57559493099,3150.419588700026,2121.1560062309636
5264.901077652037,5314.573188565236,-49.672110913198594
4603.096935094503,4652.979563581553,-49.88262848704926
4588.168950600744,3830.5976136131953,757.5713369875489
4583.810695267236,5293.334889388368,-709.5241941211316
4580.2330135809,3821.962788191576,758.270225389324
4582.057002926422,4601.062248817014,-19.00524589059205
4598.025551155123,3841.5186574891395,756.5068936659836
4585.8332240332875,3826.035975679,759.7972483542876
3808.95466927673,5492.339842623324,-1683.3851733465945
3812.297471225894,5107.735187757562,-1295.4377165316682
3805.6162708761667,5414.6981185191435,-1609.0818476429768
3831.8917257048347,3160.3708201351856,671.5209055696491
3817.580593185396,5120.189028318139,-1302.6084351327431
3800.2187677262514,4606.888918175528,-806.6701504492762
3813.558909825656,5318.323635214876,-1504.76472538922
3830.9519684626234,4142.132140808917,-311.1801723462936
3122.6804930454673,5618.424793534829,-2495.744300489362
3111.6219163052588,5110.239522953661,-1998.6176066484027
3123.885915186823,5295.239473638876,-2171.353558452053
3604.0922111049385,5287.855338794575,-1683.7631276896363
3611.449921988553,5296.250688740845,-1684.8007667522925
3603.048796797509,3819.726167294446,-216.67737049693687
3615.4896016572816,5409.389718222767,-1793.9001165654859
3613.445393408923,5606.080580443849,-1992.6351870349258
4120.708810075102,5291.1987358624765,-1170.489925787375
4096.714916491609,3138.4315004260307,958.2834160655784
4104.420033772201,3829.1082255264455,275.31180824575586
4106.8472827857295,5415.929737339293,-1309.0824545535634
4099.2346461891975,5297.808993912757,-1198.5743477235592
4595.815952847612,5485.821612340116,-890.0056594925045
4593.596572432645,5128.285069590882,-534.6884971582367
4591.872571691984,5302.230691857754,-710.3581201657698
4596.8024147401575,5416.606204088682,-819.8037893485243
4596.040688705607,5299.396975746564,-703.3562870409569
4586.04031786152,5404.404485526548,-818.3641676650286
5141.33222934303,5476.611300030089,-335.2790706870592
5188.591726807045,5325.64600117531,-137.0542743682645
5172.988828058392,5503.2763268649105,-330.28749880651867
5157.625222353775,5293.1237284167155,-135.49850606294058
5158.675492875201,5401.629663007227,-242.95417013202587
5154.166798025505,3134.383483655999,2019.7833143695061
5164.5706903019645,5417.178742680263,-252.60805237829845
5164.45504420254,3828.1639044051444,1336.2911397973958
5175.885225984478,3841.2283776019253,1334.6568483825527
3112.9194046936905,5271.807072181861,-2158.887667488171
3122.9205085479794,5498.10290534992,-2375.1823968019403
3823.6457923789726,5587.341934297174,-1763.6961419182012
3818.1376761273,5310.564795578608,-1492.427119451308
3815.537309886793,5092.326396688674,-1276.7890868018812
3819.1849492968577,5597.08455191432,-1777.8996026174627
3824.8218381104584,4633.58184325922,-808.7600051487611
3813.914145226686,4615.109999888464,-801.195854661778
3807.6510745007945,3831.4242965098415,-23.773222009047004
3812.9468135604866,4605.089309246475,-792.1424956859883
4593.099476125007,5415.414784698771,-822.315308573764
4617.1807389601245,4551.570486124473,65.61025283565141
4588.8278817346745,4608.358181233885,-19.53029949921074
4596.574610170966,5613.3108125173685,-1016.7362023464029
4582.3214831082405,4605.696880041795,-23.37539693355484
4586.323576864463,5304.330105876551,-718.0065290120883
4603.758065743699,3837.5412547413016,766.2168110023977
5278.197208415886,5620.761353315249,-342.5641448993629
5271.400209802466,4526.119959299526,745.2802505029395
5260.862768906339,3831.6224246895717,1429.240344216767
5264.029442207817,5418.732569085242,-154.70312687742535
5254.333958832006,4125.920734325531,1128.4132245064748
5270.656991181082,5520.292976950269,-249.63598576918685
5262.084496470191,3829.1326586844307,1432.9518377857603
5257.471666565037,5492.044238595962,-234.57257203092558
5558.038141611897,3143.6310448178006,2414.4070967940966
5535.139859650488,5096.657154605573,438.48270504491484
5274.275322938698,5115.845325645984,158.42999729271378
5279.020888908319,5327.325450089969,-48.30456118165057
5279.264603003202,5326.468477597976,-47.20387459477388
5255.239104843442,4603.5878619919085,651.6512428515334
5270.725258372877,5319.888245892449,-49.1629875195722
5258.0689261705675,5306.539528670307,-48.47060249973947
5270.672002641597,5604.284685634787,-333.61268299319
5246.43598869054,3132.836469533297,2113.5995191572433
4584.127494534634,5100.739092039523,-516.6115975048888
4591.972623236375,5595.207895361452,-1003.2352721250772
4604.292287522946,4141.345746717585,462.9465408053611
4581.646552632172,4598.727155356233,-17.080602724061464
4573.968498149418,4507.776869024289,66.19162912512911
4573.342982619248,4587.192539076006,-13.849556456758364
4598.109018679638,4331.9964336690355,266.11258501060274
3816.7098633097025,5112.127364591682,-1295.4175012819792
3826.077349579053,5310.578544463243,-1484.5011948841898
3817.580593185396,5302.8641896750105,-1485.2835964896144
3808.6898740794923,5495.22168950725,-1686.5318154277575
3798.9962592006414,4596.73587431637,-797.7396151157291
3820.132079044342,3143.744888440502,676.3871906038398
3813.689453720008,4530.385429503634,-716.6959757836266
3834.603143909059,5442.866613339409,-1608.2634694303501
3118.839309246093,5096.890382954193,-1978.0510737081004
3127.5751636697128,5415.209275627119,-2287.634111957406
3123.885915186823,4525.623036344914,-1401.7371211580912
3609.395690928879,5299.752571373302,-1690.356880444423
3613.082901457975,4322.960953996689,-709.8780525387137
3612.7212358004995,4601.784741416103,-989.0635056156038
3619.4481881904303,4335.367884019318,-715.9196958288876
3614.3884736828927,3829.751766132174,-215.3632924492813
4111.05295486212,4613.458256601244,-502.4053017391243
4111.235282254438,5122.699135692113,-1011.4638534376745
4119.015058597308,5450.705772251984,-1331.690713654676
4113.745480486317,5316.180739052591,-1202.4352585662737
4107.323807495036,4622.557176957638,-515.2333694626022
4584.944008559807,4322.48712517167,262.4568833881367
4594.982553671054,3145.3428859156998,1449.6396677553544
4604.26874905278,5294.388349448979,-690.1196003961995
4582.9201296641,4519.440207460288,63.47992220381275
4598.426385600773,4531.72211898359,66.70426661718284
4597.685869141955,3639.080009093712,958.6058600482429
5187.946656452617,5321.995063756745,-134.04840730412798
5162.731848846963,5301.976245542898,-139.2443966959354
5163.633279035082,4427.638021242761,735.9952577923204
5169.224367072717,4817.014314751043,352.2100523216741
5166.688242861829,4611.115917144875,555.5723257169539
5172.388637930722,3841.3460963222083,1331.042541608514
5148.289209009393,4622.285714259148,526.0034947502445
5151.622319993959,3634.068642133543,1517.5536778604155
5168.8807448943235,5227.923620608513,-59.042875714189904
3131.077310447585,5521.305179259899,-2390.227868812314
3123.715788276568,5414.017404745366,-2290.3016164687974
3806.3600992371316,5299.756062351692,-1493.3959631145603
3810.743648800681,5409.393282809232,-1598.649634008551
3809.6409927902246,4604.781150441548,-795.1401576513231
3810.664854763654,5271.220804345284,-1460.5559495816296
3812.7638805704555,5501.323425033444,-1688.559544462989
3818.022937358999,5587.25950943701,-1769.2365720780108
3806.4305287915345,3827.5357289530234,-21.105200161488938
3801.206172831968,5268.600633030294,-1467.3944601983262
4617.1807389601245,5622.048167411454,-1004.8674284513299
4586.128280825273,5095.937894661807,-509.8096138365345
4590.1550399524385,5303.47567285514,-713.3206329027016
4592.284795322202,5279.372974685638,-687.0881793634362
4579.290538140707,4109.087018964636,470.2035191760715
4606.818228287096,4537.354379569791,69.46384871730515
4580.374364415975,3826.364116215539,754.0102482004359
5255.250087387147,4606.264956366638,648.9851310205086
5267.867494675647,5425.647639537312,-157.78014486166467
5260.700337825424,5300.379921736983,-39.67958391155935
5279.419098053378,5507.101486088852,-227.6823880354741
5271.113588996,5112.975689879199,158.13789911680033
5251.979974239247,4517.887163133145,734.0928111061021
5276.134406969994,5126.711933321832,149.42247364816285
5269.517658679306,3640.6233839219,1628.894274757406
5554.350192095433,5109.669963457628,444.68022863780516
5549.840296944919,4616.151600245969,933.6886966989496
5282.344758907064,5133.906413197773,148.43834570929084
5279.112997857986,5295.4457069474265,-16.33270908944087
5272.358411020514,3144.967202067165,2127.3912089533487
5263.208971092624,5414.623305933072,-151.41433484044774
5241.389219707853,5468.279114715031,-226.88989500717798
5272.172592747322,5094.997180551022,177.17541219629948
5255.225658483151,5095.493565026254,159.73209345689702
5279.574228000152,5297.926639787743,-18.352411787590427
4583.843582073023,3629.1187697567575,954.7248123162653
4587.065399347596,5107.031279149831,-519.9658798022347
4573.43484644531,4309.810599999088,263.62424644622206
4600.089595723664,5321.423489370013,-721.3338936463488
4589.935820309263,3837.8772977401295,752.0585225691339
4595.7119930078425,5304.572658413292,-708.8606654054493
4591.317206964919,5617.412284777036,-1026.0950778121169
3818.722783041215,3640.746850106436,177.97593293477894
3824.711283156808,4947.735113540171,-1123.0238303833635
3813.558909825656,5310.83677946933,-1497.2778696436744
3816.2924334122167,4927.997097815155,-1111.7046644029383
3813.689453720008,4924.0396858547765,-1110.3502321347687
3800.7701708987506,3822.8885563573576,-22.11838545860701
3821.283021953682,5313.794911842825,-1492.5118898891433
3820.106345405946,5302.503815094701,-1482.3974696887553
3119.183731021166,5303.036797196345,-2183.8530661751793
3115.7620919939977,3832.4619654019043,-716.6998734079066
3123.885915186823,5405.529957977558,-2281.6440427907355
3611.2535545217693,4121.623158146739,-510.36960362496984
3611.5778876167346,5307.2056085666345,-1695.6277209498999
3614.073074687741,4607.811893798397,-993.7388191106561
3612.3867972781304,5292.014764292389,-1679.627967014259
3615.1389833629723,3832.819446416842,-217.68046305386952
4116.123880838559,3644.085911372097,472.0379694664616
4093.9840971993,4313.961143054915,-219.97704585561496
4106.80532538842,3832.2845547726142,274.52077061580576
4102.924412934225,5616.308953098791,-1513.3845401645658
4101.767890668939,5418.835414419701,-1317.0675237507621
4596.110671190175,5604.857464965959,-1008.7467937757838
4594.890648130321,4530.346207304117,64.54444082620375
4596.498540433498,5286.822253813956,-690.3237133804578
4583.976787670137,5300.835524386421,-716.8587367162836
4592.154280226334,4922.340813958206,-330.18653373187226
4602.336869127612,4632.823404444971,-30.486535317359085
5159.49527943943,5099.052137655151,60.44314178427976
5172.988828058392,5617.62689522071,-444.6380671623183
5177.214556896864,5293.068531559765,-115.85397466290033
5152.847396972338,5289.030028934184,-136.1826319618458
5167.6234879989715,4323.553354619322,844.0701333796496
5143.190449025004,5257.653553785647,-114.46310476064264
5186.525938165468,4538.243322848212,648.2826153172555
5158.657054215721,4600.519792492728,558.1372617229927
5159.146318453764,3137.0235848247303,2022.122733629034
3119.3756979474238,3139.9874908403344,-20.61179289291067
3129.005818486304,4620.471441141396,-1491.465622655092
3796.9950476429053,5086.327048095984,-1289.3320004530783
3803.465353786211,5294.374260618801,-1490.9089068325898
3809.2715845968805,5276.544383033848,-1467.2727984369676
3798.98920786917,4739.308346621615,-940.3191387524448
3812.216735444781,4611.884762937982,-799.6680274932005
3820.139542352416,5621.562389866518,-1801.4228475141022
3804.6940333067505,5590.425406084076,-1785.7313727773253
3814.9375024892424,5284.893802850983,-1469.9563003617404
4588.8278817346745,5605.854946811605,-1017.0270650769307
4590.1550399524385,5118.875077174844,-528.7200372224052
4587.058622595033,5272.825021314803,-685.7663987197702
4592.039207481922,5409.7883517281825,-817.7491442462606
4581.797002831011,3820.916111421485,760.8808914095262
4588.757826043279,5588.398262179548,-999.6404361362684
4592.4175994147845,5115.8891085167725,-523.471509101988
5275.034412905664,5130.954900632375,144.07951227328886
5268.576237721592,4615.2780930317,653.2981446898921
5255.600432947434,4603.68779944844,651.9126334989933
5255.9740502306495,4916.297970857943,339.6760793727062
5257.245792215244,4515.1719953691445,742.0737968460999
5265.203463844762,5308.397640178942,-43.194176334180156
5260.894460670756,5584.332515348654,-323.4380546778975
5267.120819572932,3833.884634622601,1433.2361849503313
5579.524051104178,5327.265982692926,252.25806841125268
5546.164991283931,5419.188618252381,126.97637303154988
5236.49301447984,4792.612349665142,443.8806648146983
5270.725258372877,4823.024112708978,447.7011456638993
5267.325121030733,4818.133355155949,449.1917658747834
5268.676786060389,4622.783991436436,645.8927946239528
5264.427168225853,5302.763492963498,-38.336324737644645
5272.318123698465,5312.549713111542,-40.23158941307702
5261.704992974142,5103.534685530428,158.1703074437146
5268.751843825499,4528.365774538512,740.3860692869875
4578.251001627967,5497.589450764641,-919.3384491366742
4605.155026686371,5621.481032120286,-1016.3260054339153
4593.675820327102,3641.5809137479264,952.0949065791756
4594.810925744497,4622.0261996079,-27.215273863403127
4590.019101386495,5410.960239597176,-820.941138210681
4613.968699335811,4344.27110409999,269.6975952358207
4577.037258788717,5262.624346283614,-685.5870874948969
3807.7478235673407,3134.5162722240925,673.2315513432482
3809.802015488067,5604.031991180042,-1794.2299756919747
3819.334096698337,5305.75446573412,-1486.4203690357826
3798.1309021336892,5482.0297010699,-1683.8987989362104
3815.2816183318587,4649.782961124613,-834.5013427927547
3806.71218291893,5403.203465648188,-1596.4912827292583
3814.2421282838077,4920.505431682665,-1106.2633033988577
3820.080869983709,5430.542736129317,-1610.461866145608
3109.2066932449325,5274.491583970362,-2165.2848907254292
3132.335971220792,5315.959893958543,-2183.623922737751
3123.885915186823,3833.4286665317723,-709.5427513449495
3602.188132087991,5097.243618386008,-1495.055486298017
3607.912896041418,5581.820415524173,-1973.9075194827547
3620.7440216003383,3839.534808926175,-218.79078732583685
3629.7675932006996,4624.446199884465,-994.6786066837658
3606.880014150961,4124.087950099936,-517.2079359489753
4113.369495402935,5305.701267530438,-1192.3317721275025
4107.689254577932,4920.471032110139,-812.7817775322073
4118.110430155307,5289.300039827682,-1171.189609672375
4105.363746484179,5408.356231776201,-1302.9924852920221
4118.436789745747,3150.444927018475,967.9918627272718
4612.642840192598,5527.428097359238,-914.7852571666399
4591.872571691984,5108.477034687382,-516.6044629953976
4597.456552088307,5612.472081578071,-1015.015529489764
4595.843044343041,5515.588808108618,-919.7457637655771
4598.8533562679595,5599.295214433038,-1000.4418581650789
4575.965424122323,5285.924800211512,-709.9593760891885
5166.2049629679705,5411.465840099505,-245.26087713153447
5182.77519098091,4622.080789831553,560.694401149357
5177.648442209194,5615.265466516925,-437.6170243077304
5176.588183721385,5604.314353205908,-427.7261694845238
5175.25588187898,5322.579218796176,-147.32333691719577
5163.302382295456,5311.090710127951,-147.78832783249527
5164.749680917271,4606.275458431407,558.4742224858637
5155.406802071907,5413.828374424517,-258.4215723526104
5173.719849423721,3835.7751663724885,1337.9446830512325
3135.059392315732,5288.695842116819,-2153.636449801087
3125.6210257308226,4612.472713549538,-1486.8516878187152
3805.0143004674715,5106.697029925274,-1301.682729457803
3803.7919889760215,5287.222857240083,-1483.4308682640612
3819.918507115915,5302.496223098099,-1482.5777159821841
3810.4557268454882,5309.566403360844,-1499.1106765153554
3826.54257083463,5507.9777533862125,-1681.4351825515823
3821.0470128843094,5316.5494740412405,-1495.502461156931
3809.1159448977296,5077.277794810451,-1268.1618499127217
3817.859789715406,5600.823891801831,-1782.9641020864256
4596.574610170966,5304.1732531320595,-707.5986429610939
4592.284795322202,5610.711037303742,-1018.4262419815404
4592.039207481922,5420.253281265717,-828.2140737837954
4595.101762215259,4325.636513128028,269.4652490872313
4583.718938218416,4601.851243438169,-18.132305219753107
4595.31187533503,5595.959429473793,-1000.6475541387626
4601.375349486579,5312.560855952922,-711.1855064663432
5258.4452796811875,5293.222280014986,-34.77700033379824
5265.376011209761,5282.195076023718,-16.819064813957084
5269.12680997792,3830.8201637472635,1438.3066462306565
5261.653939772364,3137.5833888251673,2124.0705509471964
5264.534226366378,5302.514258616409,-37.9800322500314
5254.776062425627,5464.614485593307,-209.83842316768005
5264.708561276965,5108.7202698271985,155.98829144976662
5255.23747427225,5293.128788214381,-37.89131394213018
5557.577042464576,5312.179189903276,245.39785256130017
5561.929134486386,5315.707174828527,246.22195965785886
5269.902099687325,5424.661947261762,-154.75984757443712
5259.525625146129,4598.281217828176,661.2444073179531
5262.980878764342,5595.813649517096,-332.8327707527533
5255.71321220213,3137.1649416999253,2118.548270502205
5263.945880569833,5421.169381436478,-157.22350086664483
5262.757365465004,3632.689629074557,1630.067736390447
5273.299968762421,4625.952722521374,647.3472462410464
5237.441924560143,4900.069710441178,337.3722141189646
4568.153755984871,3615.107782932927,953.0459730519442
4589.598218044947,3823.708936398501,765.8892816464463
4600.305393185008,5329.371207494531,-729.0658143095225
4614.833762258207,4767.191304878413,-152.357542620206
4600.094569737755,5290.616196134504,-690.5216263967495
4592.9147914481155,5097.786665724365,-504.8718742762494
4602.585237216699,5304.106675924405,-701.5214387077058
3811.3136896116075,4618.238986649701,-806.925297038093
3807.378715028317,5112.986316723074,-1305.6076016947572
3803.7879314388047,5402.799860521427,-1599.0119290826224
3820.378948081318,5309.415257338303,-1489.0363092569846
3822.39267999467,4650.737176532056,-828.344496537386
3823.121015494242,5497.562053995927,-1674.4410385016854
3829.881032605639,5326.11732183869,-1496.2362892330511
3816.7033514673026,5595.6365784256295,-1778.933226958327
3123.0310531459263,4332.757819650977,-1209.7267665050504
3127.955503534282,4616.701713226027,-1488.7462096917452
3123.885915186823,5294.44323673519,-2170.5573215483673
3621.0666417180805,3837.6664114478162,-216.59976972973573
3614.871032199341,3139.84006526042,475.03096693892076
3606.6278271372043,5470.262339601267,-1863.6345124640625
3611.9191655930967,4619.451137917879,-1007.5319723247826
3616.0047325283886,5271.635260880407,-1655.6305283520187
4110.20943555353,5114.32431172295,-1004.1148761694203
4119.650789593481,5600.754133837356,-1481.1033442438747
4106.217719677842,4526.154937015177,-419.9372173373349
4099.2346461891975,5478.1482011660855,-1378.913554976888
4096.331605943263,4513.109832108479,-416.77822616521644
4588.767881585716,4320.951125108889,267.8167564768273
4601.537694251827,5524.643209401197,-923.1055151493701
4591.794780410454,4817.672852489971,-225.87807207951664
4601.956040020759,5593.623614652753,-991.6675746319934
4590.851883660062,5086.730386170878,-495.87850251081545
4602.208213944276,4621.620749820865,-19.412535876588663
5160.542742870997,5100.807358774119,59.73538409687808
5157.625222353775,4910.8735640649675,246.75165828880745
5152.847396972338,4514.996661966454,637.8507350058844
5184.726882401186,5317.464159027895,-132.737276626709
5150.918894961932,4594.7375746726275,556.1813202893045
5161.231405953294,5299.041437823098,-137.81003186980433
5156.53899052,5077.913110248117,78.62588027188303
5163.024074853138,3829.710067018593,1333.314007834545
5181.795488516514,5134.4282972405335,47.367191275980076
3120.4262201048796,4334.644996952287,-1214.2187768474078
3122.4280980529975,5502.142169699282,-2379.7140716462845
3802.4272004058807,5100.143153189855,-1297.7159527839744
3812.710831777163,5478.955838955285,-1666.2450071781218
3802.5797958080425,4920.620081384608,-1118.0402855765656
3808.864071546269,5296.162091586835,-1487.2980200405664
3807.8092173629116,5599.147019174838,-1791.337801811926
3824.988950730984,3845.310616212538,-20.32166548155419
3836.640822630707,4546.024528422911,-709.3837057922042
3822.6126998124205,4930.596543795363,-1107.9838439829423
4582.3214831082405,5297.506348579381,-715.1848654711403
4579.290538140707,5464.072629564504,-884.7820914237964
4581.797002831011,5094.405881103497,-512.6088782724864
4583.718938218416,4808.374415648141,-224.65547742972467
4594.897129166755,5321.89991614153,-727.0027869747755
4578.693305563151,5296.765214635003,-718.0719090718521
4591.724877916525,5313.421363924034,-721.6964860075095
5254.198192209113,4727.06593534762,527.1322568614924
5267.472132695075,5424.310244906708,-156.83811221163342
5257.471666565037,5409.167275709913,-151.69560914487647
5268.511646687917,3826.532194743072,1441.979451944845
5272.065269355205,4755.618332375318,516.4469369798871
5238.265764690761,5278.841860510506,-40.576095819745206
5272.381526413909,3835.2325350266033,1437.148991387306
5250.242159029844,5409.02674207857,-158.78458304872674
5561.905698927686,5605.180019029688,-43.27432010200209
5544.265306533881,3832.697618248861,1711.5676882850198
5283.3160929033265,5323.420157001892,-40.104064098565686
5246.43598869054,5295.269020105777,-48.83303141523629
5245.444268682044,4502.723469490843,742.720799191201
5245.738584515696,4596.108408154906,649.6301763607898
5268.751843825499,5111.2395619054405,157.51228192005874
5260.083919148033,3835.553689485034,1424.5302296629989
5254.705758828542,4928.303074696402,326.40268413213926
5263.604895992189,4528.41930528972,735.1855907024692
4601.900800500004,5313.267460848913,-711.3666603489091
4583.572433584646,5270.470365086707,-686.8979315020606
4595.558041142847,5412.692789719612,-817.1347485767647
4604.623731151665,3840.6368440368137,763.9868871148515
4608.128945519379,5103.615078643498,-495.4861331241191
4592.747816698183,5498.261794248237,-905.5139775500538
4589.370988544552,5311.737763263147,-722.3667747185946
3797.002621262301,4591.885899553708,-794.8832782914074
3811.2461326796647,5302.631789229522,-1491.3856565498572
3825.6171877216425,4347.42990568219,-521.8127179605476
3807.3784854750043,5219.594977456512,-1412.2164919815082
3813.9265801455504,3832.224458264569,-18.297878119018606
3815.776506640769,5508.721263131881,-1692.9447564911115
3803.0340674486233,5099.653136781189,-1296.6190693325652
3808.7765855544094,5406.39439821635,-1597.6178126619407
3114.763351076617,5270.355958671152,-2155.592607594535
3125.277069200708,5315.530426186271,-2190.253356985563
3123.885915186823,5294.443236735189,-2170.5573215483664
3632.061198811123,5319.9401567936175,-1687.8789579824943
3613.65031331276,5278.11045738256,-1664.4601440697998
3621.0603607797057,4615.621057268514,-994.5606964888084
3598.2746047606324,5285.065213724824,-1686.790608964192
3615.0034640243775,5097.235037785883,-1482.2315737615054
4097.137512407572,4920.045064482161,-822.9075520745891
4124.181096136957,4545.644386326486,-421.4632901895284
4096.563966879424,5420.354390271399,-1323.7904233919753
4110.5053882277225,5301.664133051522,-1191.1587448237997
4108.157685680027,5281.222158570988,-1173.064472890961
4594.558859448661,5306.115551245524,-711.5566917968636
4593.197480078107,4922.793779425102,-329.5962993469948
4573.066917459361,5461.356742840661,-888.2898253813
4600.282753599027,5312.711675753738,-712.4289221547106
4597.951193179943,5417.151506503983,-819.2003133240396
4590.094195208225,4619.138902342035,-29.044707133810334
5158.846912771916,5108.931461619032,49.91545115288409
5173.215096745473,4928.800708737642,244.4143880078309
5165.201381359786,3833.2233861004934,1331.9779952592926
5154.598780118639,5094.212207847672,60.38657227096701
5148.470286904985,5284.665804611131,-136.19551770614544
5158.003582079575,3827.6538535706677,1330.349728508907
5176.581032743305,5622.735837679674,-446.15480493636915
5162.512171949683,5309.375573330144,-146.86340138046126
5167.890203430877,5314.47370042485,-146.5834969939733
3121.962836465035,5424.1454203011135,-2302.1825838360787
3115.2944677254627,5298.538938074689,-2183.2444703492265
3810.471383830495,5404.294714617964,-1593.8233307874689
3832.9805739112066,4545.946588327212,-712.9660144160057
3806.5927489233063,4530.754344189511,-724.161595266205
3815.7488452027956,4331.948266106616,-516.1994209038203
3802.3742086518046,5101.885829466717,-1299.5116208149125
3807.4503026216626,4513.652213632445,-706.2019110107822
3811.0764679971153,5290.453598249698,-1479.377130252583
3825.900364521833,5311.970746636697,-1486.070382114864
4586.323576864463,3141.313020188516,1445.0105566759466
4606.818228287096,5397.352423419614,-790.5341951325181
4588.757826043279,4605.558920698947,-16.80109465566784
4595.31187533503,5500.3487058614255,-905.0368305263955
4578.693305563151,4416.16260839192,162.5306971712307
4600.953500920543,3834.4211488559977,766.5323520645452
4572.131551902031,5281.469459246356,-709.3379073443248
5257.093584931201,3143.8068142285492,2113.2867707026517
5257.962536816782,4321.970185735011,935.9923510817707
5266.77095348166,5422.696179659121,-155.9252261774609
5246.95185582428,4596.539113364076,650.4127424602038
5261.632969529761,5115.439594847419,146.19337468234153
5257.942533606033,4421.852514685023,836.0900189210097
5257.369625340269,5079.304530642278,178.0650946979904
5268.108274507595,5309.141463024538,-41.03318851694348
5560.085201095823,5126.550281137847,433.53491995797594
5531.577498249519,5264.137719002363,267.43977924715546
5270.676085415636,4334.574209430239,936.1018759853978
5255.279257356458,3823.844795500541,1431.4344618559176
5273.833119759426,5131.099355789617,142.73376396980893
5260.108500133241,5409.954527855616,-149.84602772237486
5290.86860579774,5446.063489965915,-155.19488416817512
5260.639823869977,5273.819769825196,-13.17994595521941
5250.45855068815,5268.397239244367,-17.93868855621622
5263.261677141639,5300.8946295014575,-37.63295235981877
4588.251774267513,4815.147493903908,-226.89571963639537
4584.6299733883425,5511.777567548664,-927.1475941603212
4583.984529542256,5457.217575189692,-873.2330456474365
4586.056484658085,4597.1371809812135,-11.080696323128905
4582.6377353605485,4601.1484876373925,-18.51075227684396
4594.402780979827,3835.8504196922922,758.552361287535
4620.506431293401,4763.417322348915,-142.91089105551418
3798.0144503603997,5294.583694333309,-1496.5692439729091
3803.175669296668,5402.280071997391,-1599.1044027007233
3813.98399855441,5421.923625339595,-1607.9396267851848
3803.914970015475,4511.121812798183,-707.206842782708
3799.0668138996944,5262.2312159548355,-1463.1644020551412
3811.0908203378144,5588.95058050257,-1777.8597601647557
3825.2947483850444,5307.9529596186385,-1482.658211233594
3816.804477582391,3834.765414665521,-17.96093708312992
3137.9126705091603,5428.879562063853,-2290.9668915546927
3126.8387447586874,5086.8308758335725,-1959.992131074885
3123.885915186823,5596.964312178798,-2473.078396991975
3608.5857555830294,5274.118064458717,-1665.5323088756872
3628.678602515569,4535.655242128228,-906.9766396126588
3602.225854415359,3819.4811467256154,-217.2552923102562
3606.588284518059,5486.429197924561,-1879.8409134065018
3616.5028584346755,5420.395647576397,-1803.8927891417216
4096.714916491609,5098.001569723836,-1001.2866532322269
4116.907957897276,3846.3332540702154,270.5747038270606
4102.58650907633,5302.978512262286,-1200.3920031859561
4111.626853332579,5122.620455863449,-1010.9936025308698
4117.736845408025,3839.145757826886,278.59108758113916
4599.893437993978,5310.572140502157,-710.6787025081785
4596.8024147401575,4616.493425264855,-19.69101052469796
4595.843044343041,5608.043003525954,-1012.1999591829135
4613.868423737658,3157.521314374746,1456.3471093629123
4584.587369853201,3137.238957910001,1447.3484119432005
4582.573079908571,5294.674803240926,-712.1017233323546
5172.708915159917,4623.8475306975815,548.8613844623351
5158.675492875201,5296.08668363393,-137.4111907587294
5167.6234879989715,5285.336413422164,-117.71292542319225
5150.918894961932,4600.206934122612,550.7119608393195
5172.821689408205,3832.1773201842175,1340.6443692239877
5168.268792400245,3833.569391577021,1334.6994008232236
5172.833921060396,3841.5465702727893,1331.287350787607
5166.14581027658,5418.117829162518,-251.97201888593827
5150.6042680405,4601.069596757627,549.5346712828732
3115.281336395788,5300.007671137879,-2184.726334742091
3119.670436242874,5286.582422443389,-2166.911986200515
3805.2764956835117,5300.20959612413,-1494.9331004406185
3823.9114610866413,3841.8408826717027,-17.92942158506139
3812.9468135604866,4605.150175980579,-792.2033624200922
3803.43746795516,5266.392675747869,-1462.9552077927092
3818.4673901282517,4332.334594204748,-513.8672040764964
3813.259274779682,5305.291884572525,-1492.0326097928432
3810.0815052684497,5291.420927255251,-1481.339421986801
3820.4680415920225,5314.23090316856,-1493.7628615765375
4603.758065743699,5489.793064092327,-886.0349983486276
4580.374364415975,5268.332514971957,-687.9581505559818
4592.4175994147845,5304.919689408987,-712.5020899942028
4601.375349486579,5431.661567010586,-830.286217524007
4591.724877916525,5423.866585638731,-832.1417077222059
4572.131551902031,4309.311609709722,262.8199421923091
4588.30420694045,3627.81679956907,960.48740737138
5274.53063011986,5316.10250450746,-41.571874387600474
5263.809057455742,5300.853867318082,-37.04480986234012
5283.943675547192,4638.802623763975,645.1410517832164
5279.01106335631,5620.280728053968,-341.2696646976583
5286.142230131462,3846.110415202405,1440.0318149290574
5255.239104843443,4518.610919357626,736.6281854858171
5262.840479835376,5099.421402356101,163.41907747927507
5264.901077652037,5425.018410279933,-160.11733262789585
5549.597187003704,4328.1163672980965,1221.4808197056072
5536.213406554154,5601.113028697402,-64.89962214324805
5243.476755788103,4311.499849610087,931.9769061780162
5280.703808845778,5104.396397483575,176.3074113622033
5265.123258587343,4141.53786796935,1123.5853906179927
5257.832227440034,5483.8960450131135,-226.06381757307918
5270.966158560951,5119.102858063,151.86330049795106
5274.235949329249,5431.417017176597,-157.18106784734846
5294.906550997721,5311.743861688074,-16.83731069035275
5264.048012733317,4612.1313197873305,651.9166929459861
4586.151409830134,4602.991642601986,-16.840232771852243
4580.408196629397,5288.307183524364,-707.8989868949666
4601.594886329073,4619.170919460508,-17.576033131434997
4576.1060416019955,3818.9599852523606,757.1460563496348
4577.903713041248,5473.631728752396,-895.7280157111481
4596.196205903485,4746.603506548487,-150.40730064500167
4595.921847023447,3149.5465893729306,1446.3752576505167
3820.5860195449027,4629.383314171266,-808.797294626363
3808.5568151274806,4606.480793534994,-797.923978407513
3815.7811539790796,3837.80525806143,-22.024104082350277
3810.2970646080735,4614.418160732326,-804.1210961242527
3812.301197773703,4525.507057910675,-713.2058601369722
3829.703196748958,4829.0201655802775,-999.3169688313196
3818.9795057987644,5589.103064627508,-1770.1235588287432
3810.0171464729087,5592.578147731879,-1782.56100125897
3130.3447515162325,5421.968617548236,-2291.623866032003
3125.7480772292133,5506.577910823191,-2380.8298335939776
3123.885915186823,3142.278266545709,-18.392351358886117
3609.390260720562,4602.938977200811,-993.5487164802489
3620.7170021009583,4526.291808294773,-905.5748061938143
3618.3215918039596,4616.042208156616,-997.7206163526562
3621.7849673075934,4438.368128620682,-816.5831613130886
3612.735394295831,4612.445188846993,-999.7097945511618
4121.030708929549,5332.845293478379,-1211.8145845488298
4100.814305344738,5412.994308804385,-1312.1800034596463
4108.908995221784,5106.275245431319,-997.3662502095349
4100.357254241629,5307.466002846943,-1207.1087486053148
4114.786693455115,4138.9371588260265,-24.15046537091166
4599.432637675407,5116.433788394181,-517.0011507187737
4593.177423127805,5283.6207534847545,-690.4433303569494
4601.373684078648,5313.804459507485,-712.4307754288375
4585.999763059256,4614.973406520912,-28.97364346165614
4584.497649442772,5272.804485714433,-688.3068362716613
4598.042230714583,4620.578958704667,-22.53672799008382
5142.460024108667,4590.861766359171,551.598257749496
5187.091709693966,3657.6807099169937,1529.410999776972
5162.1658524747545,5301.309005186031,-139.14315271127634
5170.190535124899,3836.228833625901,1333.9617014989976
5168.706563833707,4623.064648889526,545.6419149441808
5153.031593926449,4319.090913910596,833.9406800158531
5175.735648878565,5293.584425364972,-117.84877648640668
5159.485848345904,4806.134997130448,353.3508512154558
5175.339660042592,5420.928934369638,-245.58927432704604
3120.9205895444798,4604.603778885287,-1483.6831893408075
3107.6381651409306,5276.799204643806,-2169.161039502875
3823.0245024492597,4533.935758266552,-710.9112558172919
3807.3220413087797,3634.4062899284395,172.91575138034023
3810.746288851263,4518.500318842109,-707.7540299908455
3795.3539095542205,5412.214843843333,-1616.8609342891127
3822.3066286706185,5390.646522545032,-1568.3398938744135
3807.155923680291,5483.360076088443,-1676.204152408152
3832.2065149463415,4539.888400489405,-707.6818855430638
3820.636568416937,3839.5566310948125,-18.92006267787565
4605.4994197032765,5608.572830529469,-1003.0734108261922
4587.894756052092,5581.535516505722,-993.6407604536298
4606.508903376479,5324.390824659357,-717.8819212828785
4590.162936600045,3825.289757837507,764.8731787625384
4581.343551515402,4514.237734259626,67.10581725577595
4588.171085532341,5272.207221880059,-684.0361363477177
4596.893116151752,5616.893422863389,-1020.0003067116368
5250.320300981229,5267.834007246074,-17.513706264845496
5255.986156408901,3826.1815751712675,1429.804581237633
5260.242112678052,4932.256390230693,327.98572244735897
5270.599774170012,3830.438832515345,1440.160941654667
5259.191658717054,5082.780714360421,176.41094435663308
5272.315076102114,4615.452600235009,656.8624758671049
5274.722994745018,5292.406582854975,-17.683588109956872
5259.097076665749,5415.599149421447,-156.50207275569755
5547.251756946151,5587.440878052491,-40.18912110634028
5564.410337363294,5139.515311873642,424.89502548965265
5274.414943342813,5426.772398077601,-152.357454734788
5269.495791143238,4531.713140617206,737.7826505260327
5258.455534664899,5417.083368710141,-158.6278340452427
5267.133182738247,5595.823940699187,-328.69075796093966
5283.1487731484285,4150.325297665826,1132.8234754826026
5255.239351600303,5605.499492504997,-350.2601409046938
5269.605194726127,5091.218923095397,178.38627163072942
5254.611030538002,3824.9323349284637,1429.678695609538
4612.058409515297,5123.901100565718,-511.8426910504204
4602.696502486365,4620.286690968675,-17.590188482310623
4578.4171796773935,5295.376362000387,-716.9591823229939
4600.93221054348,5315.524757038471,-714.5925464949905
4595.341154943536,4331.344976640485,263.99617830305124
4606.022705911869,4538.013390479298,68.00931543257047
4599.998724682426,5306.969616149906,-706.9708914674802
3825.5749409067885,5291.008625388178,-1465.4336844813897
3823.070530064425,5423.4199279190925,-1600.3493978546676
3815.4229716686496,4331.773769600911,-516.3507979322612
3811.637946046978,3835.229412545397,-23.591466498418868
3814.2280724342813,4612.136668372671,-797.9085959383897
3819.2570223097055,5609.6126665329575,-1790.355644223252
3804.128921252398,4605.486726718454,-801.3578054660557
3806.0703834257833,5302.159224815807,-1496.0888413900234
3123.8410076841255,5311.8113097984,-2187.970302114274
3111.647949398852,5078.853941647447,-1967.205992248595
3123.885915186823,3832.8620502221547,-708.9761350353319
3606.649504675924,4512.193811196965,-905.5443065210407
3619.5414954128137,5283.944544998191,-1664.4030495853776
3626.9954011682703,3155.7518441233747,471.2435570448956
3613.2257631983684,4928.660468191884,-1315.4347049935159
3603.5242641941727,4310.680378730391,-707.156114536218
4112.328583886788,5412.9847229972365,-1300.6561391104487
4126.207573162004,5525.554991167406,-1399.3474180054018
4094.724382130781,5108.432273903885,-1013.7078917731042
4115.166722986011,5426.148918000614,-1310.9821950146024
4098.295396536355,3829.7358585518195,268.5595379845354
4582.004443726539,4416.61153851872,165.39290520781833
4598.933839602729,5292.879200175356,-693.9453605726276
4591.750660496723,5589.617607753431,-997.866947256708
4598.609162512132,5316.024194286752,-717.4150317746207
4581.088547933854,5597.716699937846,-1016.628152003992
4580.032929050998,5108.117544011967,-528.0846149609688
5168.700409335441,5598.18408628703,-429.4836769515896
5154.166798025505,5487.324586958995,-333.1577889334894
5143.190449025004,3810.5171771980067,1332.6732718269977
5161.231405953294,5487.533412370403,-326.3020064171096
5168.268792400245,3837.5693915770203,1330.6994008232246
5162.9809228631875,5115.500049241324,47.48087362186379
5167.755579762273,4331.500692223176,836.2548875390967
5168.207979497856,5421.543664312252,-253.3356848143958
5162.494054057366,4130.933407612203,1031.560646445163
3120.4516283824555,4923.186407061863,-1802.7347786794076
3120.4534265732477,5104.534374233888,-1984.0809476606405
3824.5779575693728,5493.053822784252,-1668.475865214879
3813.0690632977617,5610.89450443717,-1797.8254411394087
3824.988950730984,4620.425661526171,-795.4367107951871
3805.307206812713,3629.1687520853193,176.13845472739376
3818.9132145731164,4617.245311737005,-798.3320971638886
3810.0282960056034,5589.351323730014,-1779.3230277244106
3823.3228780260897,4345.73330120267,-522.4104231765805
3817.135319298125,4654.481187541989,-837.3458682438641
4593.835084185967,5113.16603025275,-519.3309460667824
4594.548395882592,4331.0410307383245,263.50736514426717
4598.373644088859,3839.250256212223,759.1233878766357
4594.835222955389,5418.013923459929,-823.1787005045398
4594.524472178763,3635.813272548886,958.7111996298772
4590.345749692568,4608.632991523831,-18.2872418312636
4590.047941100403,5279.378835754977,-689.3308946545749
5255.986156408901,3632.7456511442847,1623.2405052646159
5254.493077897905,3827.539016603648,1426.954061294257
5279.264603003203,4345.8851471241815,933.3794558790214
5263.367657006755,4609.15745486994,654.2102021368146
5259.995897089511,4816.890959515031,443.1049375744806
5274.6521363950405,4339.790873106673,934.8612632883678
5268.881843763128,5308.079609945836,-39.19776618270771
5245.444268682044,3815.0551957384614,1430.3890729435825
5551.058592225979,3848.7135918241497,1702.345000401829
5532.470913783489,4518.740905139447,1013.7300086440418
5268.268191103224,3837.551525437111,1430.716665666113
5245.382397769491,5390.61918243236,-145.23678466286856
5270.209893853354,5501.517184796001,-231.30729094264734
5245.428280010253,4797.7925786316455,447.63570137860734
5287.222448564474,3146.7256583464537,2140.49679021802
5258.5633731052385,4121.0553523926565,1137.508020712582
5246.645674332294,5087.825670474253,158.82000385804167
5265.711286793287,4528.075435515641,737.635851277646
4579.4120067934855,5088.759359515414,-509.3473527219285
4584.765496798162,5598.988265872175,-1014.2227690740137
4596.196205903485,5316.442977472504,-720.2467715690191
4600.825355650562,5097.505555784733,-496.68020013417026
4589.0936053544065,5487.359737148718,-898.2661317943111
4576.949863048668,5264.308096996851,-687.3582339481836
4593.79530531455,5087.635839600854,-493.8405342863034
3795.046860992522,5255.1271255557795,-1460.0802645632575
3808.3278570999173,5299.2407694785525,-1490.9129123786352
3819.8016151129236,5325.5773608997115,-1505.7757457867879
3794.5089842269344,5302.775770717389,-1508.2667864904543
3780.845864454369,5565.655981326185,-1784.8101168718158
3825.7463824189254,4624.290844985983,-798.544462567058
3803.867602582106,5578.370884036583,-1774.5032814544775
3820.064473720942,5111.588312006036,-1291.5238382850944
3123.3564897591327,5306.346852238294,-2182.990362479161
3118.6481798087975,5465.423831875689,-2346.7756520668913
3123.885915186823,4815.558990030471,-1691.6730748436485
3617.963468832331,5602.660223009932,-1984.6967541776016
3614.6430888814393,3832.3707199671862,-217.7276310857469
3616.5298752486783,4522.595177467739,-906.0653022190604
3613.445393408923,5606.080580443849,-1992.6351870349258
3615.8332227041606,5096.839384612897,-1481.0061619087369
4114.4192275302,5611.3689674859415,-1496.9497399557413
4105.448923995152,4613.02016271977,-507.5712387246185
4099.2346461891975,5405.920252419611,-1306.6856062304132
4111.841787611471,5425.517941114787,-1313.6761535033165
4110.998918418766,5112.498290621342,-1001.4993722025756
4597.423480778303,5108.641241576905,-511.2177607986014
4596.040688705607,4647.7829409934075,-51.74225228780051
4598.8533562679595,5599.295214433038,-1000.4418581650789
4584.587369853201,5113.770880141189,-529.1835102879877
4595.2955671847,4624.082740240724,-28.787173056023676
4583.809170727301,3823.749492335272,760.0596783920287
5159.732263602768,4520.656313140161,639.0759504626076
5165.41091273855,4532.478904435247,632.9320083033026
5177.5380027557885,5296.77200205768,-119.23399930189134
5175.885225984478,5622.807247872198,-446.9220218877199
5160.964035735159,5493.634764934233,-332.67072919907423
5174.001695152542,5321.380274206722,-147.37857905417968
5152.7931362360505,4121.061749226137,1031.7313870099133
5172.385708778729,4619.478105187655,552.9076035910739
5170.429332987214,4331.264234779446,839.1650982077681
3128.39992856381,5614.767404209687,-2486.3674756458768
3138.1439212847863,5631.648641911308,-2493.5047206265217
3812.9468135604866,4124.260655686327,-311.31384212584
3812.627557292963,5411.257044634885,-1598.6294873419215
3804.6980181917406,5295.44135721831,-1490.7433390265696
3815.2845670524807,5505.851973077334,-1690.5674060248534
3805.1250180741104,4603.533048591208,-798.4080305170978
3804.5142549859984,5593.3800292227115,-1788.8657742367132
3822.9905874945607,4616.8184136028285,-793.8278261082678
3818.644189178701,5293.07744670379,-1474.4332575250892
4590.014853229634,4919.96645297338,-329.95159974374565
4590.736004438867,5087.477288455331,-496.7412840164643
4586.517169558283,5292.67160577927,-706.154436220987
4592.800692006816,5318.606859382311,-725.8061673754955
4591.577621822868,4931.454793202345,-339.87717137947675
4595.489603914959,4611.995488352261,-16.505884437302484
4611.425838838383,4629.10147234735,-17.675633508966712
5260.242112678052,5415.595702318827,-155.35358964077477
5279.264603003203,5313.635710948341,-34.37110794513774
5262.522333445968,5311.0688882915565,-48.546554845588616
5275.271569632538,5432.815314272258,-157.54374463972
5267.26532530625,3137.3811184890214,2129.8842068172285
5246.43598869054,5403.830033787112,-157.39404509657197
5255.214718809531,4516.92092051901,738.2937982905214
5261.788193033326,5300.820182071194,-39.03198903786779
5541.026676191765,3143.085194474145,2397.94148171762
5522.976350535131,3128.958692871445,2394.0176576636864
5268.032475216459,3833.3363892478283,1434.6960859686305
5278.819440697608,5516.316941639333,-237.49750094172487
5258.097803287736,4609.284689205311,648.8131140824244
5264.048012733317,5616.484650902871,-352.4366381695545
5264.901671697471,4602.485365436828,662.4163062606431
5253.873294729147,5449.915150634966,-196.04185590581892
5261.559252579859,5383.586299845096,-122.02704726523643
5289.574851879062,5511.848295918551,-222.27344403948882
4588.829445678791,4424.515159349778,164.31428632901316
4584.123812957672,3826.704204928516,757.4196080291563
4586.820794787938,5592.368071107961,-1005.5472763200232
4593.284840624965,5414.29926338704,-821.0144227620749
4596.0370033075515,5305.440677345073,-709.4036740375213
4580.065395470541,5295.183986255707,-715.1185907851659
4587.060146517765,4123.908845464279,463.15130105348635
3821.6086566165877,4924.884551861224,-1103.2758952446366
3810.411234833231,5489.281125199216,-1678.8698903659852
3810.0171464729087,4518.1501866532335,-708.1330401803248
3800.625752638413,4114.421811050869,-313.7960584124562
3813.90526564179,3142.1115995151345,671.7936661266554
3811.78029996831,5103.2458983736315,-1291.4655984053215
3820.7335793486754,5304.149508879596,-1483.415929530921
3817.0722700208585,5282.793485444632,-1465.7212154237736
3112.116091139675,5276.454770472093,-2164.3386793324175
3106.6024346250597,5295.927659845598,-2189.3252252205384
3123.885915186823,4610.539112245094,-1486.653197058271
3631.629969006294,5618.734513287895,-1987.1045442816016
3600.269926780703,5092.089608603246,-1491.8196818225433
3626.9356209960624,5109.150695019624,-1482.215074023562
3609.609416866688,4609.9990813326385,-1000.3896644659503
3621.9501026396206,4527.896375204454,-905.9462725648332
4101.1460026732675,5102.750164719691,-1001.6041620464239
4114.487540801877,5322.944624048866,-1208.457083246989
4107.983900022476,5419.866943782354,-1311.883043759878
4099.746201572599,4606.839621916101,-507.09342034350266
4109.838101146803,4614.769795693341,-504.931694546538
4588.721471439263,5606.766585510347,-1018.0451140710838
4582.334048141822,5089.619589549082,-507.2855414072601
4612.546361705092,5302.5706465766425,-690.0242848715507
4598.258315111833,3834.5723548025594,763.6859603092739
4594.856915427557,4924.920958445052,-330.06404301749444
4582.273537822657,4514.689908301623,67.5836295210338
5169.647926086014,4613.906847671645,555.7410784143694
5164.5706903019645,5310.733520965567,-146.1628306636021
5186.525938165468,5502.6295419248645,-316.1036037593967
5156.53899052,5277.352892359594,-120.81390183959411
5172.833921060396,3841.6074370068927,1331.2264840535036
5167.755579762273,3838.176849403279,1329.5787303589937
5176.121753015816,4620.5827030135015,555.5390500023141
5164.449977806927,5278.552634677868,-114.10265687094125
5172.410759178973,5288.096686741025,-115.6859275620518
3125.7693453123456,4138.074021492428,-1012.3046761800824
3140.991876911564,3857.273219078531,-716.2813421669671
3823.810303091839,5608.504724720334,-1784.6944216284946
3814.001495111046,5599.806396612981,-1785.804901501935
3817.6808265218397,5490.47284554798,-1672.7920190261402
3813.0020115941006,3830.9038883750945,-17.901876780993916
3805.396151994608,3821.470833736626,-16.07468174201813
3819.7322208943497,5619.52303300984,-1799.7908121154906
3803.9081087267964,5289.345081460377,-1485.4369727335802
3816.2037238700086,5414.78440971437,-1598.5806858443611
4589.240250143477,3629.317009159433,959.9232409840442
4612.045776923574,5316.867109922605,-704.8213329990313
4589.604986285373,5410.195652349265,-820.5906660638921
4587.618347755396,5084.765107485101,-497.1467597297051
4590.786559202904,5422.719971310942,-831.9334121080383
4581.521565638806,3136.3064058237433,1445.215159815063
4605.885205370391,5294.261669397803,-688.3764640274121
5270.599774170012,5318.200823732264,-47.60104956225223
5263.367657006755,4610.879494353887,652.4881626528677
5275.271569632538,5314.21136587748,-38.939796244942045
5286.466715855842,5304.562746666998,-18.096030811155288
5275.250245255297,5428.160964759035,-152.9107195037377
5265.889013953291,4615.27890206124,650.6101118920515
5265.537692459289,5313.569347286669,-48.0316548273795
5263.319428459012,5086.219737725775,177.09969073323646
5538.533467252993,5404.37119705011,134.16227020288352
5554.013802678798,5500.262504316073,53.75129836272481
5257.396160438854,4606.482474704538,650.9136857343165
5273.073125903332,5496.670188860389,-223.59706295705746
5259.15242100555,4517.016730323678,742.1356906818728
5283.33222299069,4837.191652588806,446.14057040188345
5263.134727581267,3827.759954571929,1435.3747730093378
5272.920050743419,5322.127408807815,-49.20735806439643
5258.538818074356,5293.3909379445395,-34.85211987018374
5264.130455649846,4614.51535459818,649.615101051666
4602.871743656219,4619.331586479675,-16.4598428234558
4607.250543060024,4622.939207578167,-15.688664518143014
4587.296360259665,4519.408376582673,67.88798367699201
4586.177568166116,4911.866422852647,-325.68885468653116
4592.963283699407,4611.144702547731,-18.18141884832403
4592.086551782748,5413.591337834351,-821.5047860516033
4598.799641291587,5609.314962039179,-1010.5153207475914
3805.646997015525,5408.862753533096,-1603.2157565175712
3825.045927801807,5122.588672690542,-1297.542744888735
3814.2573393584457,4617.308775489275,-803.0514361308292
3818.8877624977576,3642.097066295529,176.79069620222845
3806.9180462428712,5303.726675175404,-1496.8086289325329
3823.4621157459014,5315.7816273289955,-1492.319511583094
3815.538169393801,5428.425981343876,-1612.8878119500746
3821.1035925101405,5408.468595746738,-1587.3650032365977
3118.0792367150502,5420.271701834041,-2302.1924651189906
3118.4932215579447,4618.251609202749,-1499.7583876448043
3123.885915186823,5297.752305089464,-2173.8663899026415
3619.8169516451494,4616.475115087559,-996.6581634424097
3611.026374405144,5311.366256489215,-1700.3398820840707
3609.529417988844,5405.42632748461,-1795.8969094957656
3609.5134957536693,5301.110737781058,-1691.5972420273883
3614.504144179313,5494.057889783186,-1879.5537456038728
4116.173153202465,5315.547238865822,-1199.3740856633567
4105.425666587018,5413.7648025025765,-1308.3391359155585
4102.741467179055,5280.841768412013,-1178.1003012329584
4100.4477836382675,5278.140402956349,-1177.6926193180816
4093.2182814238913,5267.821196588419,-1174.602915164528
4600.664194374547,3843.4957310666214,757.1684633079258
4586.009428706593,5379.078512353574,-793.0690836469812
4589.1792977060795,5590.903150493726,-1001.7238527876461
4587.957415544511,4521.9438766633375,66.01353888117319
4588.729014075879,5100.9311964821345,-512.2021824062558
4585.388882208767,3135.102864791805,1450.2860174169623
5153.532756965413,3829.511283351068,1324.0214736143448
5174.223139428577,5418.871728334029,-244.64858890545202
5173.433689551072,5117.76923024878,55.664459302292016
5174.926895966266,5290.466299732076,-115.53940376580977
5183.076912548149,4146.563003835388,1036.513908712761
5168.106330088945,5486.303388307801,-318.197058218856
5159.605423171108,3829.632179312052,1329.9732438590559
5162.5117634197295,5278.555307144923,-116.04354372519356
5169.8191998795855,3835.496199199999,1334.3230006795866
3119.407075470319,5106.770810088859,-1987.3637346185405
3116.6696322299217,4909.810271331541,-1793.1406391016194
3816.7893885221347,5605.157456507125,-1788.3680679849904
3816.3079924938006,4127.9431776212205,-311.63518512741985
3809.185192874829,4641.050696802737,-831.8655039279074
3811.1039547069554,5307.143442584149,-1496.0394878771936
3822.714098485272,5318.538932933468,-1495.8248344481954
3820.4670973871175,3839.420654859638,-18.953557472520515
3793.947474038788,5563.301660635503,-1769.354186596715
3818.017327973314,5615.082290378336,-1797.0649624050225
4589.283159530584,4423.468257695444,165.81490183514052
4597.004939093308,4823.897119922647,-226.89218082933894
4582.518310861965,5093.490524530466,-510.97221366850135
4589.378596533404,5595.763245139424,-1006.3846486060202
4599.239715011482,5114.418558698792,-515.1788436873103
4592.184947603231,5595.123794479002,-1002.9388468757707
4608.482360835193,3845.3131508555334,763.1692099796592
5259.191658717054,5298.928578321195,-39.736919604140894
5259.995897089511,4523.901391382736,736.0945057067756
5267.26532530625,4607.628651976916,659.6366733293335
5275.250245255297,4617.58074233707,657.6695029182274
5267.989046147013,4328.436613846107,939.5524323009058
5245.808300810833,3816.1071512079543,1429.701149602879
5263.138457844795,4640.309264350817,622.829193493978
5259.235164611261,4529.092424096844,730.1427405144168
5552.578339483145,5304.345479595113,248.23285988803218
5552.538919859223,4821.90987161172,730.6290482475033
5266.4710062088425,4609.194375780619,657.2766304282231
5252.681865871624,5486.084433454713,-233.40256758308897
5262.35731208956,5418.807654739474,-156.4503426499141
5264.608074652401,5592.334340852186,-327.72626619978473
5276.543080501206,4537.511122398495,739.0319581027106
5262.438869748601,5420.0534541689985,-157.61458442039748
5280.982997895292,5516.33538886636,-235.3523909710675
5254.681131734122,4602.162505186956,652.5186265471657
4595.444426108097,5105.05715750743,-509.6127313993329
4596.340317796394,3834.246080986106,762.0942368102878
4590.532166428009,3834.161596589806,756.3705698382032
4589.996037922676,5406.00525424846,-816.0092163257841
4596.811393436411,4615.898313318666,-19.086919882254733
4612.888250178278,5317.687742090803,-704.7994919125249
4600.437075069856,5434.934662141682,-834.4975870718254
3806.6150463448585,5501.991156925858,-1695.376110581
3806.291144726548,4324.270173970117,-517.9790292435691
3803.3329239383415,5470.059027986608,-1666.7261040482667
3804.7480448290644,3825.473462852577,-20.725418023512702
3817.108831171925,4618.140953579821,-801.0321224078962
3818.198583811383,5288.263632023206,-1470.065048211823
3811.87360959476,5418.191622738746,-1606.3180131439863
3823.568102892514,4621.869176148387,-798.3010732558728
3116.2484523929206,5288.254498783615,-2172.006046390695
3121.083981005029,3145.2889447806624,-24.204963775633587
3123.885915186823,5297.752305089466,-2173.8663899026433
3626.833815719399,4620.702986840129,-993.8691711207298
3609.3457583486825,5292.875790631557,-1683.5300322828743
3615.4896016572816,4524.370896052539,-908.8812943952576
3612.8387170363394,5296.741453712064,-1683.9027366757246
3620.430402201507,5112.818898676636,-1492.3884964751292
4104.420033772201,3828.084909654863,276.3351241173382
4102.58650907633,5302.978512262287,-1200.392003185957
4084.9562984595777,5266.46477077255,-1181.5084723129721
4107.993916573558,5509.287311320288,-1401.29339474673
4115.022367165625,4622.362611579473,-507.34024441384827
4598.933839602729,5097.80372332184,-498.8698837191114
4586.04031786152,5586.377532618453,-1000.3372147569335
4575.965424122323,5291.971734924954,-716.0063108026307
4582.573079908571,4810.253357661958,-227.6802777533867
4583.809170727301,4612.3009751203845,-28.49180439308384
4587.010930937414,5299.568222269396,-712.557291331982
5173.228913764141,5315.116936244932,-141.88802248079082
5164.45504420254,5301.737433073113,-137.2823888705725
5158.657054215721,4601.800931963063,556.8561222526578
5163.024074853138,5280.400064277537,-117.37598942439945
5166.14581027658,4619.655762007981,546.4900482685989
5168.207979497856,5305.511422441656,-137.30344294379938
5164.449977806927,5416.573936920524,-252.12395911359727
5176.25388632428,4136.828793733365,1039.4250925909146
5153.499651907654,5301.327052362107,-147.8274004544528
3128.9537852454373,4622.840272462138,-1493.886487216701
3119.026890871602,4522.258615989069,-1403.2317251174668
3818.4673901282517,4129.123629783655,-310.65623965540317
3813.3696743049236,3830.011908828403,-16.6422345234796
3805.1250180741104,5309.337879216996,-1504.2128611428857
3805.2668743495306,5593.868731590513,-1788.601857240982
3826.437950925809,5291.469381222455,-1465.0314302966458
3815.1119073106192,5507.2575495392275,-1692.1456422286083
3833.6162768531785,5326.013898337639,-1492.3976214844606
3813.008087461293,5303.374429210592,-1490.366341749299
4593.49933066477,5429.5282166141105,-836.0288859493403
4585.279655183446,4613.283232514158,-28.003577330711778
4594.872105305015,5493.13384608659,-898.2617407815751
4591.195362425368,5409.7912533174,-818.595890892032
4566.47430728328,5278.025604900821,-711.5512976175414
4587.755545422183,4517.941991538538,69.813553883645
4586.001952235683,5603.11964706972,-1017.1176948340362
5272.315076102114,4940.988653429329,331.32642267278516
5274.6521363950405,5313.032671787635,-38.38053539259454
5246.43598869054,4805.6930118372065,440.74297685333386
5265.889013953291,4615.27890206124,650.6101118920515
5245.808300810833,4108.896065214626,1136.9122355962072
5256.9808160213215,5589.957595177715,-332.9767791563936
5257.832227440034,4914.13491573141,343.6973117086245
5263.604895992189,5305.3330344821,-41.728138489910634
5544.177958399112,3837.2853531877736,1706.8926052113384
5565.541559971231,5128.988003185007,436.55355678622436
5251.594162049045,5584.863291055079,-333.26912900603384
5247.232486439418,5295.56514532027,-48.33265888085225
5265.711286793287,5091.40585258098,174.30543421230777
5243.4966710015415,3819.0208519864645,1424.475819015077
5272.658970707842,5116.099658343676,156.55931236416563
5268.32457102305,4642.938895195542,625.3856758275087
5259.293049479436,5277.535680412382,-18.242630932945758
5259.346527962411,5412.1576753147,-152.81114735228948
4600.231889434593,3637.8400152348618,962.3918741997309
4609.643671163022,4444.972391268213,164.67127989480923
4593.161040638996,5277.877286010244,-684.7162453712472
4599.3365743653385,5517.877864943886,-918.5412905785479
4584.290798656387,3633.7551675268355,950.5356311295513
4553.936128156689,4573.294408038358,-19.35827988166875
4602.630943425951,4534.501831104781,68.1291123211704
3830.583363240783,4633.826961051343,-803.2435978105595
3806.9180462428712,5420.861796544963,-1613.9437503020918
3820.6567807202687,5304.263703138417,-1483.6069224181488
3800.1662478966373,5606.21578624036,-1806.0495383437228
3810.5115136621903,4732.285798944479,-921.7742852822889
3809.765219700335,4524.186013733959,-714.4207940336241
3820.764906395436,5416.263140602126,-1595.4982342066905
3814.1352176315495,5109.940044811736,-1295.8048271801863
3122.5685421005032,3639.5500347694674,-516.9814926689642
3109.892717665657,5296.942447204548,-2187.0497295388914
3123.885915186823,3835.727100855197,-711.8411856683742
3616.3839759084044,4613.431903021871,-997.0479271134668
3608.5561707522925,5095.126689621309,-1486.5705188690167
3618.5968327228825,5317.152190441454,-1698.5553577185715
3607.166063128536,3825.142838893059,-217.97677576452315
3607.7912485799884,5589.198944232851,-1981.407695652863
4116.907957897276,4136.462062337728,-19.554104440451738
4102.623031826431,4613.312919580173,-510.68988775374237
4108.371239306616,5602.572464953995,-1494.201225647379
4125.753330464675,4632.54495350299,-506.79162303831527
4106.500496437621,5415.031552980168,-1308.531056542547
4587.769670537291,5098.67168701169,-510.9020164743988
4613.868423737658,5309.760598550679,-695.8921748130206
4588.69756530252,5304.1817260258795,-715.4841607233593
4588.614400117165,5602.060130661744,-1013.4457305445785
4576.004529007224,5598.62967181394,-1022.6251428067162
4592.007884624038,4327.455859458053,264.55202516598456
5164.730098464336,5492.317817356328,-327.58771889199215
5172.821689408205,4334.82784761814,837.9938417900648
5181.92725552266,3844.144268933709,1337.7829865889507
5185.168228425943,4626.239945229663,558.9282831962801
5160.776275388587,4521.103763265879,639.6725121227082
5163.672580002409,3824.2216368923896,1339.4509431100191
5157.829738163028,4738.721060597664,419.1086775653639
5151.939021208408,5290.162661410688,-138.22364020227997
5164.206839925796,5301.559882430782,-137.35304250498575
3131.1695094172183,4633.287874352999,-1502.1183649357808
3121.3371631572327,5402.801568966855,-2281.464405809622
3817.6940690678953,3835.854392246435,-18.160323178539784
3802.7470121155493,5266.838253165391,-1464.0912410498413
3820.4680415920225,5314.23090316856,-1493.7628615765375
3812.965762456421,5409.107514168166,-1596.1417517117447
3820.205196732287,5111.794016662194,-1291.588819929907
3811.2367927750624,5110.165409788044,-1298.9286170129812
3800.0064366480237,5294.565287245582,-1494.5588505975584
3814.82441159632,5498.9963897830985,-1684.1719781867787
4588.30420694045,5279.991753764969,-691.6875468245189
4603.387104096898,5604.022021147172,-1000.6349170502745
4590.004928684435,4605.012613460698,-15.007684776262977
4595.4696001114935,5090.091722708751,-494.62212259725766
4599.252844620487,4330.529386683104,268.7234579373826
4586.665944279567,5502.328900070685,-915.6629557911183
4593.197277130047,4609.1239289615605,-15.926651831513482
5274.722994745018,5431.221418722218,-156.49842397720022
5268.881843763128,5309.340058547841,-40.458214784713164
5255.214718809531,4633.413076947149,621.801641862382
5265.537692459289,4528.164683839088,737.3730086202013
5263.138457844795,5302.7017149345775,-39.56325708978238
5257.832227440034,5098.743118685102,159.08910875493257
5247.506668799294,5404.355506692205,-156.84883789291143
5256.896731278994,5296.933249092262,-40.03651781326789
5545.619519748465,5410.6515968099,134.9679229385647
5536.783075093181,5583.872915064574,-47.0898399713933
5250.495397313682,4595.3871650204965,655.1082322931852
5274.888718914686,5431.514569867781,-156.6258509530944
5255.442417679977,5294.745383201739,-39.30296552176242
5282.387994600581,4633.248961152398,649.139033448183
5256.493622930573,3826.6662820675624,1429.8273408630107
5258.803163762389,5275.057186525085,-16.254022762695968
5264.603422702471,3634.671516445247,1629.931906257224
5269.186581410887,4524.201232533302,744.9853488775852
4601.082380899212,4336.606846690193,264.4755342090184
4584.091855477383,5483.834795923097,-899.7429404457134
4593.673525005312,4523.7398415982525,69.9336834070591
4589.5700758792,5295.689300972319,-706.119225093119
4572.494949138908,5473.356419717564,-900.8614705786558
4590.8598801421995,4523.272687879589,67.58719226261019
4610.672730144965,4836.175689554978,-225.50295941001332
3820.500333279678,5108.56437736031,-1288.0640440806314
3802.449208717738,5301.250900217204,-1498.8016914994655
3805.458953123837,5307.508738167803,-1502.049785043966
3819.56452227769,4130.835974841971,-311.27145256428093
3822.8657945132195,4536.977937604079,-714.1121430908593
3807.612241566558,5277.422754491367,-1469.8105129248092
3824.772025130511,5419.9240522256805,-1595.1520270951696
3821.0661026979155,3840.617272623692,-19.55116992577632
3115.491912055283,5283.575329448235,-2168.0834173929516
3130.22436279226,5500.2980538328575,-2370.0736910405976
3123.885915186823,5272.914090920672,-2149.028175733849
3634.1892963051287,3157.8299927514513,476.35930355367736
3626.6867832020653,3647.164663580412,-20.477880378346526
3607.452344260715,5081.611333421915,-1474.1589891612002
3616.0047325283886,5413.656563123064,-1797.6518305946756
3608.0859778912686,5267.753669590172,-1659.6676916989031
4120.925356219308,5441.887255542587,-1320.9618993232789
4096.526332205449,5299.310395227956,-1202.7840630225073
4096.331605943263,5267.582732276957,-1171.2511263336946
4110.998918418766,5508.701043105876,-1397.70212468711
4096.024994854727,4600.693375314234,-504.6683804595068
4593.348554983339,5619.4276944151,-1026.0791394317603
4590.851883660062,5088.489637888619,-497.63775422855633
4594.4154904632305,5517.041610800237,-922.6261203370068
4583.412064438742,4915.156248298332,-331.7441838595896
4601.679458710794,5128.5088041910985,-526.8293454803043
4607.44884828482,5517.592948314605,-910.1441000297846
5151.988889089876,4919.392294781511,232.59659430836473
5175.885225984478,3838.0394030295993,1337.8458229548787
5159.146318453764,5297.3140526559955,-138.16773420223126
5181.795488516514,5124.453911153192,57.34157736332145
5150.6042680405,4316.624301462027,833.9799665784731
5162.494054057366,5299.37440069434,-136.88034663697363
5172.410759178973,5417.974210238339,-245.56345105936543
5153.499651907654,5401.234720439191,-247.73506853153685
5165.131567603638,4130.917669076406,1034.2138985272322
3115.550693835436,4814.2177016531705,-1698.6670078177344
3113.274831324822,5080.361182233247,-1967.0863509084247
3822.6126998124205,5114.427890789826,-1291.8151909774056
3805.7227886198857,3826.981901388237,-21.259112768351315
3806.379737300518,5091.148404651183,-1284.768667350665
3811.542003219327,5491.813792740648,-1680.271789521321
3821.033281086795,4525.004457495779,-703.9711764089843
3817.961139281136,5299.744964697116,-1481.7838254159801
3818.081846085852,5417.001774694885,-1598.9199286090334
3804.3584159694587,5099.3549795352665,-1294.9965635658077
4591.577621822868,3828.822809942074,762.7548118807945
4597.526921194423,5609.233551432829,-1011.7066302384055
4594.493246972504,4523.581159285073,70.91208768743036
4584.740622510898,5290.987200142041,-706.2465776311428
4579.112640480302,5076.45940743384,-497.34676695353846
4597.255021682198,5285.579646441145,-688.3246247589468
4592.317514310459,3637.589333538045,954.7281807724139
5259.097076665749,5409.540932882657,-150.443856216908
5245.444268682044,4802.726917122101,442.7173515599425
5261.788193033326,3836.5169692388167,1425.2712237945093
5263.319428459012,4742.902074090272,520.4173543687393
5259.235164611261,5298.256710675851,-39.02154606458953
5263.604895992189,4528.41930528972,735.1855907024692
5256.896731278994,5586.811073950845,-329.91434267185105
5262.275316447775,5102.548458957342,159.72685749043376
5545.914455348176,5412.75169600832,133.16275933985526
5570.985951451828,5443.393005061838,127.59294638999017
5235.992276587943,3813.8525710316517,1422.1397055562911
5289.574851879062,5247.43225913817,42.142592740892724
5258.163287572386,4600.834114979499,657.3291725928875
5283.047493281454,5106.542482375853,176.505010905601
5273.934315921893,5616.403823694199,-342.4695077723054
5255.126071793923,5270.574014461923,-15.447942667999996
5268.3368643669355,5490.3700889052625,-222.03322453832698
5260.477188143754,4912.862678151242,347.61450999251156
4601.591648524617,4616.015032719485,-14.42338419486805
4593.11926958729,4610.430102802513,-17.310833215223283
4584.980978197979,4910.557292423309,-325.57631422532995
4589.755784814959,3827.3801060964797,762.3756787184793
4602.300201282853,5322.068395725198,-719.7681944423448
4595.908309163146,5124.68079327018,-528.772484107034
4601.883465893261,5417.786225255624,-815.9027593623632
3834.041025854753,4351.378461612655,-517.3374357579019
3821.1035925101405,4135.622296561295,-314.5187040511546
3834.2044918104734,5326.8020177586195,-1492.597525948146
3816.153385490638,5289.98688863856,-1473.8335031479223
3814.1352176315495,5315.06205087433,-1500.926833242781
3841.664232229811,4654.40878253828,-812.7445503084691
3811.547070004294,4330.895071927352,-519.3480019230578
3803.6014200636937,4317.484815710987,-513.8833956472936
3124.9423889238547,5292.625371443024,-2167.6829825191694
3125.1799800072454,5293.941761968075,-2168.76178196083
3123.885915186823,5099.27524854081,-1975.3893333539872
3626.0014520335294,5413.966165904559,-1787.9647138710293
3606.8431123586256,5478.452960020332,-1871.6098476617067
3620.664734945507,4531.518395096528,-910.8536601510214
3613.408776028919,3138.4631420053297,474.94563402358926
3632.5785443980394,5423.232312992071,-1790.6537685940311
4120.088259977704,4146.483742854761,-26.395482877056565
4128.205484333017,5634.497805466075,-1506.292321133058
4130.275444013903,5340.683468315005,-1210.4080243011012
4113.402942296647,5589.0312628985075,-1475.6283206018607
4119.668817086569,4826.453620196265,-706.7848031096955
4586.359837843188,3829.418738018065,756.9410998251228
4570.582975449525,5573.419665999242,-1002.8366905497169
4592.863998388215,4923.978926737853,-331.1149283496379
4603.846654369926,4538.931454797401,64.91519957252513
4585.224568489352,4125.404750421818,459.81981806753447
4594.909779938245,5092.681284706574,-497.77150476832867
5165.884650519534,5305.914220046682,-140.02956952714794
5150.963932883507,4511.693453978376,639.2704789051313
5150.924278230015,4111.474018221755,1039.4502600082606
5141.382111837539,5282.152366186251,-140.77025434871211
5151.592691983176,5291.161154275497,-139.56846229232087
5169.161868031391,5610.872283576363,-441.7104155449715
5164.198383273116,4619.687683913961,544.5106993591544
5167.223699512918,4613.410422829383,553.8132766835352
5184.505368425871,3653.32278936823,1531.1825790576409
3117.191645293117,5489.232011133718,-2372.0403658406008
3124.658277397851,5280.492054252524,-2155.833776854673
3810.0815052684497,5397.014323825426,-1586.9328185569761
3815.1024559318093,5283.786827141593,-1468.6843712097834
3822.9905874945607,4934.513881751775,-1111.5232942572147
3811.5764887833216,5596.9803794353575,-1785.403890652036
3833.6162768531785,5615.536746586209,-1781.9204697330306
3815.4838936857436,4529.376833818645,-713.892940132901
3807.2874931222796,5085.13905366151,-1277.8515605392304
3813.8992350592516,4527.651648904865,-713.7524138456138
4599.206003357395,3834.5224621253483,764.683541232047
4597.4175615882305,5307.419521515459,-710.0019599272282
4621.475760441721,4639.4056050801255,-17.929844638404575
4598.965834001543,5432.046138298055,-833.0803042965117
4601.536738508815,4131.811051270613,469.7256872382022
4598.281872320377,5290.839041569676,-692.5571692492986
4594.367396511516,5282.467352166648,-688.0999556551324
5261.77641755964,3835.458414114617,1426.3180034450234
5270.423958217631,4926.109185137671,344.3147730799592
5260.267878966905,3834.2431156529105,1426.0247633139948
5250.089591010368,5287.936599823985,-37.84700881361641
5265.249442693821,3832.789987440556,1432.4594552532649
5259.664272194134,4132.274332691881,1127.3899395022536
5258.443345652471,5404.398567726141,-145.95522207366957
5258.627284511078,4606.894892303798,651.7323922072801
5556.13741404651,5122.990012853124,433.1474011933851
5551.004433325925,5502.121890906259,48.8825424196657
5258.2558502997645,5486.7523069472045,-228.49645664744003
5261.127107986788,4127.92675805837,1133.2003499284183
5261.442789587832,4518.37320504058,743.0695845472519
5271.517021920756,5111.91693032147,159.6000915992854
5261.328049352929,4521.806814953457,739.5212343994717
5268.499888334004,5284.798602794287,-16.29871446028301
5268.861413649021,4605.03454853957,663.8268651094513
5264.199085453034,4131.292350485193,1132.9067349678407
4587.781391587851,5280.842183419215,-693.0607918313635
4601.7896769712015,5302.107082454051,-700.3174054828496
4594.367175404469,5304.056331700342,-709.6891562958726
4617.978619084028,5508.670929435093,-890.6923103510653
4612.31798704515,4641.252224203338,-28.934237158187898
4598.77239696274,4530.767680694806,68.00471626793387
4615.045103746658,4642.197734338388,-27.152630591729576
3805.0845499513844,4600.371148065727,-795.2865981143423
3815.244951923427,5313.142162509875,-1497.8972105864477
3803.8629481317685,5413.715611289123,-1609.852663157355
3809.2123873981614,5289.846197993909,-1480.633810595748
3811.3472373370378,5419.592088244822,-1608.244850907784
3818.364862693044,5287.76218418426,-1469.3973214912162
3798.0628287535455,5288.256946082755,-1490.1941173292098
3812.2154180623347,5481.26980150364,-1669.0543834413056
3100.608991869916,4588.019124039468,-1487.410132169552
3126.006824365371,5301.8382958324255,-2175.8314714670546
3123.885915186823,5218.155687793436,-2094.2697726066135
3602.0666402650872,4315.533595609535,-713.4669553444478
3618.069747548978,4126.058074494868,-507.98832694589055
3629.7675932006996,5435.987519878278,-1806.2199266775788
3624.186424853822,3842.282889979255,-218.09646512543304
3616.259091218555,5492.536383487058,-1876.2772922685026
4118.110430155307,5289.239173093579,-1171.128742938272
4108.028798594108,5493.139040105512,-1385.1102415114046
4103.838769318995,5077.181944359966,-973.3431750409709
4108.363105384936,4528.925237373563,-420.5621319886268
4108.078076741483,4333.186569085841,-225.10849234435864
4591.750660496723,5421.453097165677,-829.7024366689539
4575.965424122323,4511.872126013864,64.09329810845975
4585.308613182794,5290.405479861353,-705.0968666785593
4577.8429502695535,5482.722763810429,-904.8798135408751
4599.591759637644,5289.927393146429,-690.3356335087847
4597.2236774514695,5322.356323939534,-725.1326464880649
5170.515210975824,4530.889897840924,639.6253131348994
5155.406802071907,5487.054111077191,-331.6473090052841
5160.693957756549,5310.015692928709,-149.3217351721596
5167.615006029395,3639.2391617511303,1528.3758442782646
5164.429374228976,5492.111233757525,-327.68185952854947
5162.641079311825,4817.5950090758015,345.0460702360233
5172.930248585914,4622.939872238766,549.9903763471484
5174.57215612687,4946.749314584598,227.82284154227182
5166.757704749732,4321.774949774568,844.9827549751635
3120.6618406709517,5108.2947325515215,-1987.6328918805698
3122.1283029371457,5497.143491678878,-2375.015188741732
3805.1481808368208,5408.898064437636,-1603.7498836008153
3815.698331716674,5086.371659032318,-1270.6733273156442
3812.0380954713546,5295.080720826232,-1483.0426253548776
3814.9188424792387,4622.645353845251,-807.7265113660119
3821.9798521624757,3642.460915932413,179.51893623006254
3817.982536478487,4528.112621522695,-710.130085044208
3813.2132695001287,5583.089570613283,-1769.8763011131546
3796.491113991384,4110.360233050702,-313.8691190593181
4591.195362425368,5486.213643072527,-895.0182806471585
4599.354039777778,5286.646525394881,-687.292485617103
4587.047763883651,5104.089864282464,-517.0421003988131
4603.249205617707,4654.696106094448,-51.446900476740666
4596.03587001995,5587.537203752197,-991.5013337322462
4580.26842834929,3825.0928799263256,755.1755484229643
4585.945485142245,3631.4905991682167,954.4548859740285
5281.9569873631635,5320.06074197506,-38.103754611896875
5249.048279775142,4635.2330615675855,613.8152182075564
5237.441924560145,5286.307175475518,-48.86525091537351
5266.417552873805,5305.906793605013,-39.489240731208156
5270.259409635618,5608.80414967592,-338.5447400403018
5284.084525842684,5104.496733770341,179.5877920723433
5248.044889686836,5401.4219781098345,-153.3770884229989
5284.453798871438,5441.2514169894985,-156.7976181180602
5551.004433325925,5302.43957349799,248.56485982793492
5549.177276936713,5308.533125009578,240.64415192713477
5256.784154293192,4737.202559252744,519.5815950404476
5268.218211048079,4823.735497932908,444.48271311517055
5262.532497493683,3143.003207872824,2119.529289620859
5253.688379375985,4598.09569022723,655.5926891487552
5258.370828707171,5307.299344263112,-48.928515555940976
5280.864601790932,5504.426242767409,-223.56164097647707
5250.410976987742,5075.188175438655,175.2228015490873
5259.73618425576,5404.333465709693,-144.59728145393274
4594.479485193152,4610.085702775084,-15.60621758193247
4591.194142919477,5589.006123898565,-997.8119809790887
4598.858332084048,5091.70373040806,-492.8453983240124
4588.18190507497,4126.827712185847,461.3541928891227
4596.484182211498,5084.166224862747,-487.6820426512495
4596.78690306647,5612.796271560749,-1016.0093684942794
4575.306133782134,3127.5006573759993,1447.8054764061344
3815.0185594118225,4529.29133987068,-714.2727804588571
3810.43087446964,5280.851605869992,-1470.4207314003525
3796.2871186739267,5280.488535818286,-1484.2014171443598
3807.513313653834,4125.631339305201,-318.1180256513676
3817.050248960313,4134.639797403976,-317.58954844366326
3819.639441395271,5292.745770304132,-1473.1063289088606
3813.325322668189,5304.493300510697,-1491.1679778425078
3819.8120219835628,4930.917207469571,-1111.105185486008
3127.7927928427134,3834.3369402551493,-706.5441474124359
3129.3679384250204,5329.255399318074,-2199.8874608930532
3123.885915186823,4612.694259567265,-1488.8083443804426
3618.646794931014,5493.487316512634,-1874.8405215816197
3614.3422549453135,4638.124226957502,-1023.7819720121888
3625.4225787295613,3844.9151081959344,-219.49252946637307
3618.826082625799,5617.175851554018,-1998.349768928219
3605.407679236684,4113.429989746597,-508.02231050991304
4115.827155575372,5427.046539185904,-1311.2193836105325
4117.920151872365,4829.443990997644,-711.5238391252788
4104.108128052233,5493.392659313993,-1389.28453126176
4117.271784741342,5599.595510555932,-1482.32372581459
4115.416699413007,4616.944654695049,-501.52795528204206
4585.386511998594,5303.893949592338,-718.5074375937438
4590.5757881704985,5616.422032541317,-1025.8462443708186
4597.54263100689,5428.128866572219,-830.5862355653289
4603.1005517679605,5301.644092096385,-698.5435403284246
4590.646298164773,5425.408673192481,-834.762375027708
4592.6619327928365,5503.638163974754,-910.9762311819177
5161.46890662887,5605.201934692809,-443.73302806393895
5163.852244090655,5282.765561388938,-118.91331729828289
5164.174209172629,5109.46270160344,54.71150756918905
5156.124720647545,5290.294411106201,-134.16969045865608
5163.422987607774,4818.98507253516,344.4379150726145
5165.434176115272,5304.048229010621,-138.61405289534923
5177.6061331489345,5289.095437879839,-111.48930473090422
5176.48133578214,4749.254630686649,427.2267050954915
5157.533399958532,3825.7129867175577,1331.8204132409742
3122.117569488995,4925.210957459333,-1803.0933879703384
3120.4404841534542,5506.766113677017,-2386.3256295235624
3802.7355057382565,4905.209655622786,-1102.4741498845297
3829.655824165843,5314.720577338669,-1485.0647531728255
3809.09792774811,4609.747762635716,-800.6498348876057
3823.3582911025173,4434.169514672289,-610.8112235697713
3811.69517380352,5490.250216981954,-1678.5550431784336
3810.737232030524,4927.152289990002,-1116.415057959478
3813.26129571286,5302.177578362478,-1488.916282649618
3806.6541133144915,5313.836851096788,-1507.182737782297
4605.73670597966,5119.478777967756,-513.7420719880965
4603.71541655002,5122.109867136952,-518.3944505869322
4568.168423883699,3813.5841190293563,754.5843048543425
4597.612936926742,5487.382858360049,-889.769921433307
4610.24183153831,4760.235359431167,-149.99352789285695
4595.7678319160095,4612.9262093574,-17.158377441390257
4576.586285259569,5257.944137212982,-681.357851953413
5274.414943342812,4622.608110199198,651.8068331436143
5268.268191103224,3147.369597992534,2120.89859311069
5268.032475216458,5306.267791604878,-38.23531638841996
5257.396160438854,4604.280019898094,653.1161405407602
5266.471006208844,3140.9921202849437,2125.4788859239006
5251.594162049045,4512.462569831974,739.1315922170706
5250.4953973136835,5267.38960252814,-16.894205214456633
5235.992276587943,4791.471909939088,444.5203666488551
5545.40536052337,4607.591786434578,937.8135740887919
5542.4891884217395,4516.8114073521565,1025.677781069583
5263.95530692035,5108.6649033894855,155.29040353086475
5267.2994698502625,5606.2235927673255,-338.92412291706296
5275.52366683375,3834.1314529610663,1441.392213872684
5279.793355169938,5433.537285703194,-153.7439305332564
5253.386583929456,4609.864196605522,643.5223873239338
5268.378416841515,4922.747540894294,345.6308759472213
5267.469635711258,5420.331281280094,-152.86164556883614
5265.088510196097,4645.47820631491,619.6103038811871
4582.793188237161,4513.106511294588,69.68667694257329
4598.516887828493,5114.28869633358,-515.7718085050874
4590.3389053137125,5594.418074797169,-1004.0791694834561
4599.565727662376,4615.877319897237,-16.311592234860655
4587.488199277974,5117.834770623111,-530.3465713451369
4581.83368207863,5093.937028156769,-512.1033460781391
4602.356602410994,5325.316482667098,-722.959880256104
3807.8574936930313,4599.89875269829,-792.0412590052588
3825.1389991047704,4928.241164249997,-1103.102165145227
3816.3245493754525,3840.7360756534604,-24.41152627800784
3817.6224714055847,3837.3311160222497,-19.70864461666497
3795.634185770651,4620.765156825863,-825.1309710552123
3828.506446591101,3650.658346239639,177.8481003514621
3807.563588992271,4519.722319013482,-712.1587300212109
3806.330332202441,5306.763089927744,-1500.432757725303
3129.885440665319,5428.633846399992,-2298.748405734673
3136.16953027889,3847.805258202697,-711.6357279238073
3123.885915186823,5412.102873445263,-2288.21695825844
3610.125841922895,5587.391359447233,-1977.2655175243385
3603.048796797509,4924.941113160959,-1321.8923163634495
3615.902489070584,4612.607568086924,-996.7050790163403
3631.142392497222,4934.677067833482,-1303.5346753362605
3627.578317400079,5493.641365985942,-1866.0630485858628
4106.8472827857295,5588.333905229722,-1481.486622443993
4111.626853332579,3842.085089893633,269.5417634389464
4107.993916573558,5499.255787391003,-1391.261870817445
4093.6850841204214,5484.398354206581,-1390.7132700861594
4106.116519555198,5108.357968801001,-1002.2414492458038
4593.929923482105,3840.254981794783,753.6749416873217
4613.72283931612,5307.024171232375,-693.3013319162546
4602.777099607189,4621.914340694075,-19.137241086886206
4582.861054735187,4129.881944548345,452.97911018684226
4597.437904746588,5599.212835002992,-1001.7749302564034
4588.450691926908,5311.784367786554,-723.3336758596461
5150.963932883507,5073.996295186948,76.967637696559
5162.444246256549,5279.324167276186,-116.87992101963664
5180.367910930663,5317.47512050813,-137.10720957746707
5172.385708778729,3641.2371000554153,1531.1486087233138
5172.266623300047,5113.3883685875135,58.87825471253382
5163.075778751058,5085.549915242448,77.5258635086102
5186.977360403587,5334.410247686898,-147.43288728331117
5162.879224111914,3831.794749577725,1331.0844745341888
5156.798773111124,5411.933513646449,-255.13474053532445
3122.1283029371457,5107.436772426358,-1985.3084694892127
3116.9457804096483,5421.32343762226,-2304.3776572126117
3821.9551044949253,5283.779786924869,-1461.8246824299436
3812.2036878700696,4521.554106466821,-709.3504185967518
3812.03506147181,3835.6224246895717,-23.587363217761776
3814.1311072634467,5312.9164958108595,-1498.7853885474128
3813.594495683361,5419.470000075322,-1605.875504391961
3812.382346857269,5480.628667795991,-1668.2463209387215
3813.275183886768,5315.735702373543,-1502.460518486775
3820.543685908832,5321.713178483041,-1501.169492574209
4611.369570310758,4639.002686802069,-27.63311649131083
4605.829095082587,4537.222252176791,68.60684290579593
4602.0920191267705,5309.841311179007,-707.7492920522363
4579.786609682657,5591.938926142474,-1012.1523164598166
4578.699159336457,5586.697455941078,-1007.9982966046209
4587.5814780999435,3133.258179080254,1454.3232990196893
4604.292287522944,4831.747274883761,-227.45498736081663
5269.495791143238,4620.6292165173845,648.8665746258539
5245.382397769492,5291.9428874320365,-46.56048966254457
5278.819440697607,4137.990929687843,1140.828511009764
5273.073125903331,5430.4018876975,-157.3287617941687
5252.681865871624,5268.600552363128,-15.918686491504559
5247.2324864394195,5402.010367034967,-154.77788059554769
5274.888718914685,5488.955354918957,-214.06663600427146
5289.574851879062,5440.725025267069,-151.1501733880068
5546.533748458194,4609.995910581392,936.5378378768019
5550.420918691422,5306.058494594144,244.36242409727856
5267.2994698502625,5284.102740817115,-16.803270966852324
5279.0610051731965,4532.73847485634,746.3225303168565
5253.024857001219,5473.234164638709,-220.20930763749038
5261.007937217198,4125.124666121849,1135.8832710953484
5267.715428678984,5090.267137941696,177.4482907372876
5264.442548954191,4618.95970855047,645.4828404037207
5257.671104011049,4637.009079916406,620.6620240946422
5261.269101494922,5591.265485487838,-329.996383992916
4589.280137821462,3626.7651047419436,962.5150330795182
4585.457228369891,5295.920111671064,-710.462883301173
4591.790803099388,4323.451731571695,268.3390715276928
4585.46396485117,5213.183559895868,-627.7195950446976
4591.142239495082,5481.195967992053,-890.0537284969705
4600.606963258524,4532.042154206869,68.56480905165517
4576.154331293737,5372.377771855014,-796.2234405612762
3811.3472373370378,5421.733676317162,-1610.3864389801238
3807.085927180978,5400.477582094311,-1593.3916549133332
3805.360281579637,5491.669619817995,-1686.3093382383581
3808.671879311133,5089.127998492782,-1280.4561191816492
3812.384439045282,5587.545516964402,-1775.16107791912
3807.300059316521,4513.726734201147,-706.4266748846262
3810.4305393081986,5304.371497630841,-1493.9409583226425
3813.569202969973,4428.722682790919,-615.1534798209459
3115.3921370455514,3833.8908161476033,-718.4986791020519
3123.600218714377,5491.37640376456,-2367.7761850501824
3123.885915186823,5113.465341152334,-1989.5794259655113
3630.639228651455,5115.953486997291,-1485.3142583458362
3610.743304927333,3826.0337759291638,-215.2904710018306
3620.3106078175633,5494.363737567291,-1874.0531297497273
3603.5242641941727,3620.8666261868966,-17.34236199272391
3623.699944206432,5108.216277146077,-1484.516332939645
4104.628864533856,5296.705614528657,-1192.0767499948006
4124.843949668219,5301.496992512599,-1176.6530428443803
4098.295396536355,5413.644401156862,-1315.349004620507
4117.532211432756,5424.042995546823,-1306.5107841140662
4107.339376349466,5306.704645825183,-1199.3652694757175
4603.279918925138,5434.804421999424,-831.5245030742863
4581.088547933854,5104.756439790281,-523.6678918564266
4575.903097951542,5405.527306966063,-829.6242090145215
4582.756610828191,3824.9960466767134,757.7605641514774
4607.853585699183,5327.5867474089155,-719.7331617097325
4586.373911899514,3827.250603913355,759.1233079861586
5154.179803675142,4317.360708455384,836.8190952197574
5174.001695152542,5310.410286661294,-136.40859150875167
5160.076899793417,5493.608396315898,-333.53149652248067
5162.494054057366,5276.835373331664,-114.34131927429826
5173.318871266954,5501.171573572777,-327.8527023058223
5164.444761541858,4522.857431415139,641.5873301267184
5178.252838989091,5525.77414108339,-347.52130209429833
5178.936293525398,5319.338307872016,-140.40201434661867
5164.946385013669,4525.636503069258,639.3098819444112
3127.438078107024,5305.762237851575,-2178.3241597445513
3115.3356883047786,5379.8345476609065,-2264.498859356128
3817.135319298125,3838.5041959126943,-21.368876614569217
3816.4234237420715,5607.463695248031,-1791.04027150596
3817.961139281136,5301.666975310737,-1483.705836029601
3824.773436441421,4620.933300470512,-796.1598640290913
3815.091944479449,3635.813272548886,179.27867193056318
3810.4619008563004,5292.130518998403,-1481.6686181421028
3823.5643840913917,3849.1980158930396,-25.63363180164788
3811.213786446035,5283.155034331467,-1471.9412478854315
4611.089857949913,5326.468477597976,-715.3786196480632
4597.126395148672,4924.780118184498,-327.65372303582626
4591.236284321923,4524.918135457886,66.31814886403754
4592.141607271313,4935.5726050194835,-343.43099774817074
4573.50630695373,5284.1144160301665,-710.6081090764364
4610.398625180492,5315.180052098479,-704.7814269179871
4598.025551155123,5090.84059582186,-492.81504466673687
5258.455534664899,5495.608353012169,-237.1528183472701
5270.209893853354,5490.056544805769,-219.84665095241508
5258.0978032877365,4617.6974146244465,640.40038866329
5259.1524210055495,5599.915257702864,-340.7628366973149
5262.357312089558,5310.560889705603,-48.20357761604464
5265.711286793289,3834.177211860829,1431.53407493246
5255.442417679977,4519.4065686032145,736.0358490767621
5258.163287572386,5416.563418293497,-158.40013072111105
5548.972852586706,3635.0481848084837,1913.924667778222
5545.28772904197,5601.282297037662,-55.994567995691796
5275.52366683375,4335.474673110337,940.0489937234133
5253.024857001219,4600.531207537942,652.4936494632775
5257.146786896154,3828.311551140699,1428.8352357554545
5277.062691925106,3839.876662552891,1437.1860293722152
5272.480718444244,4823.35574821176,449.124970232484
5265.51542708283,5300.748119888663,-35.23269280583281
5250.443488047647,5463.362620178119,-212.91913213047155
5268.001524308983,5305.995664131878,-37.994139822894795
4591.1484955290125,3145.5255007023065,1445.622994826706
4590.534897043656,4618.4225648101865,-27.887667766530285
4576.973793061796,5282.372893681569,-705.399100619773
4596.535085535094,4526.253048621741,70.2820369133533
4596.9588939103105,4530.044532848289,66.91436106202127
4595.5894649423335,5514.819443434249,-919.2299784919151
4603.104642540225,5292.785891039449,-689.6812484992242
3813.794011484686,3634.192696499269,179.60131498541705
3814.5554919607607,5094.073518904335,-1279.5180269435746
3818.4727953858,5506.72664200858,-1688.2538466227797
3815.772073716303,5105.3700891730305,-1289.5980154567274
3813.584686543606,3138.5739069033243,675.0107796402817
3801.6867722159645,4800.252112700455,-998.5653404844902
3814.447522624328,3836.3890866156694,-21.941563991341354
3814.1597766466293,3832.001853526864,-17.8420768802348
3095.0223948500147,5362.867578163117,-2267.8451833131026
3123.184374373771,5081.873698133762,-1958.6893237599916
3123.885915186823,5305.286408352318,-2181.4004931654954
3602.113279352179,3820.2765860259115,-218.16330667373268
3621.912595519454,4935.244500098666,-1313.3319045792123
3606.588284518059,4414.239670240756,-807.6513857226969
3629.6673112737935,5603.818725517061,-1974.151414243267
3625.4744675310135,5314.05309437775,-1688.5786268467368
4102.58650907633,5584.193876214803,-1481.607367138473
4108.371239306616,5218.814220490171,-1110.4429811835544
4124.8637837066,4753.758163414546,-628.8943797079464
4111.490198918644,4920.028898694525,-808.5386997758815
4117.172144918121,4622.068892111585,-504.89674719346385
4598.609162512132,5304.645546574568,-706.0363840624359
4582.573079908571,5304.681296734455,-722.1082168258836
4577.8429502695535,3818.189851951564,759.6530983179896
4592.007884624038,4525.895030805097,66.1128538189405
4571.48813149424,4918.742756446804,-347.254624952564
4588.306760079326,5276.086328408198,-687.7795683288723
5171.642114203849,3838.8666776523582,1332.7754365514907
5166.14581027658,5302.793350388236,-136.64754011165587
5144.757735678713,4308.610595436307,836.1471402424058
5156.087344425784,5295.638500926643,-139.55115650085918
5151.939021208408,5581.136196980333,-429.1971757719248
5178.328482413725,5133.197906704317,45.13057570940873
5177.745113083191,4539.038712703912,638.7064003792793
5167.912301367663,3838.102678394406,1329.8096229732564
5173.597020238253,5114.427890789826,59.16912944842716
3109.7700973965693,4604.179555127966,-1494.4094577313963
3130.140916225924,5305.308932739387,-2175.1680165134635
3820.205196732287,5302.522107661438,-1482.3169109291512
3827.5156806601626,5428.98992706755,-1601.474246407387
3813.008087461293,5303.478400340266,-1490.4703128789724
3810.589600665679,5104.911574361705,-1294.321973696026
3803.404369195591,4115.7163724963475,-312.3120033007567
3810.2198889014626,3139.8606471061726,670.35924179529
3810.8022373072067,5076.863607528235,-1266.061370221028
3817.3766401999064,5605.113772696913,-1787.7371324970063
4586.001952235683,5411.434202590912,-825.4322503552285
4591.715621550732,4125.512943494325,466.2026780564074
4594.947424289113,5285.608717370092,-690.6612930809788
4585.945485142245,3137.043208231718,1448.9022769105272
4580.233013580901,4920.728851516218,-340.49583793531747
4587.452565042306,4607.548377995348,-20.095812953042696
4583.030945045024,4601.035882552749,-18.004937507725117
5267.133182738247,5424.028906299591,-156.8957235613434
5245.428280010253,3817.265372888059,1428.1629071221937
5264.0480127333185,5300.0502328875955,-36.00222015427698
5283.332222990689,4841.0941370098,442.2380859808891
5264.608074652401,5302.51899208866,-37.91091743625839
5243.496671001542,5399.001845794368,-155.50517479282553
5282.387994600583,5602.472858247797,-320.08486364721466
5283.047493281454,5321.652649282093,-38.605156000639
5557.122690080152,3841.1328243876196,1715.9898656925325
5535.836016615862,5095.797414595285,440.03860202057695
5279.793355169938,4537.581378580629,742.2119765893094
5261.007937217198,4816.403899199076,444.6040380181221
5277.062691925106,5517.03621875345,-239.9735268283439
5257.178800388099,4322.512458173549,934.6663422145502
5270.5967736416005,5426.251793692915,-155.65502005131475
5266.551117008428,5286.262524608619,-19.711407600190796
5254.8018529952,5409.559474614946,-154.75762161974671
5265.603828943389,5416.313840447506,-150.71001150411666
4595.315804475428,5120.762492891685,-525.4466884162566
4584.460304109657,4607.45206680935,-22.991762699693027
4604.073422816041,5292.517842569982,-688.4444197539415
4579.904187458208,5583.755941844961,-1003.8517543867529
4572.2875848382155,4106.753596142485,465.53398869573084
4591.387265221006,5081.453179892047,-490.06591467104136
4607.09629277645,5319.0311549056005,-711.9348621291501
3811.8255683417,3836.2656676019556,-24.440099260255465
3807.6922461177633,5492.0559753391535,-1684.3637292213903
3806.7116745157473,5481.8005906763965,-1675.0889161606492
3806.4709985429063,5300.089314553801,-1493.618316010895
3804.267479903565,5479.99489377488,-1675.7274138713155
3798.5321836324533,5611.876792420388,-1813.3446087879342
3833.711599747133,5538.162648973442,-1704.451049226309
3805.639506476117,4516.439475929368,-710.7999694532514
3123.7863326457395,5112.760382345012,-1988.9740496992722
3124.2752865381713,4915.158453982447,-1790.8831674442758
3123.885915186823,5273.771194558462,-2149.8852793716396
3613.945562935795,3137.2984820602833,476.6470808755116
3614.073074687741,5312.206659667035,-1698.1335849792936
3614.6878833192327,4517.559472648587,-902.8715893293543
3619.123455640094,5119.794963246883,-1500.6715076067885
3622.6523626848957,5105.694109788883,-1483.0417471039873
4102.924412934225,4923.97825913754,-821.0538462033146
4095.4433608715476,3825.64058731259,269.8027735589576
4114.583546610087,5284.3127632324795,-1169.7292166223924
4105.904432139271,5318.510161551862,-1212.6057294125912
4103.791404027264,4333.584771421098,-229.79336739383325
4585.235520213774,4605.100269091851,-19.86474887807708
4595.4435309387445,4618.018062541256,-22.574531602511342
4606.970912386294,4628.838970189304,-21.868057803009833
4589.5531583691,5108.3887464882,-518.8355881191001
4602.6959889975,5296.77200205768,-694.0760130601802
4580.580427456578,5606.925657818344,-1026.345230361766
5150.924278230015,5578.500136625321,-427.57585839530566
5180.367910930663,4622.329853069056,558.0380578616068
5163.682909175658,3135.716307437501,2027.966601738157
5162.718306742489,5586.206042022244,-423.4877352797548
5173.848374378909,5310.273325057861,-136.42495067895197
5174.824453641695,3839.216488029864,1335.6079656118309
5158.790593398221,5491.4366707131385,-332.6460773149174
5156.70827733428,4609.984933716578,546.7233436177021
5155.038515375322,5603.183706140091,-448.1451907647688
3124.101626903374,4522.061468150037,-1397.9598412466635
3104.705103729191,5060.472769153922,-1955.7676654247311
3817.8134324289585,5594.780069155715,-1776.9666367267564
3812.351485858823,4128.676265892232,-316.32478003340884
3806.0321896170694,5501.426880645019,-1695.3946910279496
3821.6250041107937,4132.218544453621,-310.59354034282705
3811.1160013428716,4614.754333244415,-803.6383319015431
3807.005207842153,4609.221443066426,-802.2162352242731
3837.3516860716945,5447.758139121063,-1610.4064530493688
3811.748667535337,4608.281880674921,-796.533213139584
4602.0920191267705,5309.841311179007,-707.7492920522363
4575.101616185594,4603.001277627852,-27.89966144225764
4593.639081659874,5107.75402884887,-514.1149471889958
4595.581838820702,5312.014609939551,-716.4327711188489
4594.584862540444,5307.54270115063,-712.9578386101857
4615.169747861688,4544.862530274664,70.30721758702384
4593.675820327103,5093.839195721606,-500.1633753945034
5283.1487731484285,5518.307496546065,-235.1587233976361
5287.222448564473,4542.273809479992,744.9486390844804
5264.901671697471,5224.863060880019,40.038610817452536
5263.134727581265,4122.069803666979,1141.0649239142858
5276.543080501206,5489.908778977925,-213.36569847671944
5272.658970707843,5321.23105878751,-48.57208807966708
5256.493622930572,3828.336830234029,1428.156792696543
5273.934315921892,5509.239339895255,-235.30502397336295
5547.368680129748,4130.145415018199,1417.2232651115492
5545.893733770254,5307.299344263113,238.59438950714048
5253.386583929456,5270.534999624078,-17.1484156946226
5267.715428678984,5280.550438355599,-12.8350096766153
5272.480718444244,5314.140189785231,-41.659471340986784
5270.5967736416005,5309.759637264777,-39.162863623176236
5263.683909272085,5606.067503674977,-342.3835944028924
5265.789274370025,4429.4779970404115,836.3112773296134
5258.424330847434,5415.268880399561,-156.8445495521264
5258.370570343059,5297.98391628661,-39.613345943551394
4606.077225874411,5320.555601326604,-714.4783754521932
4592.337454957456,5312.115618557547,-719.7781636000909
4584.718963334618,5303.865084054239,-719.1461207196207
4601.845268868753,5290.076190671397,-688.2309218026439
4592.063950242557,5279.679939306706,-687.6159890641484
4599.567687879464,4338.413858239104,261.1538296403596
4588.065780302776,5275.895662448234,-687.8298821454582
3789.8092914223503,4798.33911824105,-1008.5298268186993
3811.059029552117,5105.741885218104,-1294.6828556659866
3801.119768850672,5493.577202217846,-1692.4574333671744
3806.2520569318945,5299.014551313634,-1492.7624943817395
3810.701157464429,5516.167430401454,-1705.4662729370252
3813.497342597248,4605.212296230277,-791.7149536330294
3808.842996822461,5305.13925342415,-1496.2962566016895
3820.7811507422443,5500.098319535519,-1679.317168793275
3121.7584163737197,5121.385909352902,-1999.627492979182
3126.2060597053533,5321.636747776362,-2195.430688071009
3123.885915186823,5273.7103278243585,-2149.8244126375357
3633.086462979169,5323.249715676041,-1690.163252696872
3626.125941605882,3152.2132809264845,473.9126606793975
3625.732564757141,5313.800972583143,-1688.0684078260024
3621.145625166988,4618.89818285996,-997.752557692972
3615.4583935176206,4603.896184062499,-988.4377905448782
4097.64958512258,5488.83433148946,-1391.18474636688
4116.523171738758,5609.719829570296,-1493.1966578315378
4105.82722149657,5302.891752813443,-1197.0645313168734
4101.930389160023,5299.603093277665,-1197.6727041176418
4088.810288135225,5473.040665020038,-1384.2303768848133
4590.815925801983,5118.344598374061,-527.528672572078
4602.838573291964,5119.894627323142,-517.0560540311781
4593.712730331151,5500.029921057702,-906.3171907265514
4607.4105685537115,3839.046105779121,768.3644627745907
4594.258691947595,5417.252441607477,-822.9937496598814
4600.789836682776,5424.319238872689,-823.5294021899135
5174.201178995685,4537.920362813631,636.280816182054
5176.3131351271195,4947.558035481931,228.75509964518824
5154.335502220226,4603.048512922601,551.286989297625
5155.191202733992,5096.154385091055,59.03681764293742
5169.0652930971655,5284.799456851516,-115.73416375435045
5166.110164116582,3833.280423064388,1332.8297410521945
5169.166983598377,3837.4126277438077,1331.754355854569
5163.375465817266,4325.018611758094,838.3568540591714
5148.145419834073,4608.549482505608,539.5959373284659
3120.690753003315,5296.77149200784,-2176.0807390045247
3126.2267236034495,5300.958306857096,-2174.731583253647
3827.5156806601626,4622.313673978112,-794.7979933179495
3801.349436830031,5280.83772496449,-1479.4882881344588
3823.629923846224,5494.781555195533,-1671.151631349309
3803.886657144302,5275.378866234677,-1471.4922090903751
3830.145140565528,5117.208790645306,-1287.0636500797782
3816.787310871892,5322.715634003874,-1505.9283231319819
3804.58849664189,5083.980104199092,-1279.3916075572024
3814.9100372441058,5281.949691822558,-1467.039654578452
4581.544940734949,4609.344098544348,-27.79915780939882
4604.087757168672,5308.369029509122,-704.2812723404495
4593.7862538915315,4613.25423546486,-19.46798157332887
4593.716959362486,5299.144272276573,-705.4273129140875
4592.301953831999,4610.446205746892,-18.144251914893175
4586.337206910939,5099.8443314439255,-513.5071245329864
4607.127598868324,5126.708570326125,-519.5809714578008
5255.239351600303,3822.1279727181504,1433.1113788821526
5258.5633731052385,5586.126219972459,-327.5628468672203
5253.8732947291455,5408.55363329536,-154.68033856621423
5272.920050743419,4629.1825511184725,643.7374996249464
5262.4388697486,5105.888473909016,156.55039583958387
5268.32457102305,5613.815020405978,-345.4904493829281
5258.80316376239,5416.719611420016,-157.91644765762612
5255.126071793923,3825.678604903263,1429.44746689066
5552.467972560121,5306.063575697705,246.40439686241552
5566.804782349983,3850.8673786641502,1715.9374036858326
5268.378416841515,5315.806339598684,-47.427922757168744
5264.442548954191,5417.069149834471,-152.62660088028042
5265.51542708283,5496.036325884334,-230.5208988015038
5266.551117008428,5087.322573709238,179.22854329919028
5265.789274370025,4429.4779970404115,836.3112773296134
5283.539625070096,4542.161938307556,741.3776867625402
5261.805201844384,4322.282271119457,939.5229307249274
5264.097934358659,5493.935385882582,-229.83745152392294
4610.325427198497,3844.783120102728,765.542307095769
4602.1010057840995,4621.752823562781,-19.651817778681107
4589.73776496208,5502.371363875055,-912.6335989129748
4585.012252864767,4323.192906845987,261.8193460187804
4593.928722041359,5087.235684951252,-493.3069629098927
4580.145968721661,5093.766202982551,-513.6202342608894
4597.177626346232,4530.668822701272,66.5088036449597
3816.2558408877803,3835.7513128758856,-19.495471988105237
3811.008540327864,5423.782012705644,-1612.7734723777799
3830.9070937440897,5325.226853011664,-1494.3197592675747
3834.550580117918,5442.534091583821,-1607.9835114659027
3824.4775895363946,5607.407068380746,-1782.9294788443513
3816.4331176818973,3836.3068890848544,-19.873771402957118
3817.3037125021037,5606.299450741972,-1788.995738239868
3811.0000833139557,5588.791624628482,-1777.7915413145265
3128.4821983847855,3148.968214105397,-20.48601572061125
3118.0736741288424,5387.626276813067,-2269.552602684225
3123.885915186823,4610.552671494926,-1486.6667563081028
3623.2104248418123,5494.959505905664,-1871.7490810638515
3613.5741412458196,5609.37857402739,-1995.80443278157
3611.877403027173,5497.835196881084,-1885.957793853911
3633.4660262950697,5304.209112199807,-1670.7430859047377
3625.217316986755,5423.042398442747,-1797.825081455992
4098.263063526805,5081.308128630878,-983.0450651040728
4096.340300593192,5288.208240300972,-1191.8679397077794
4098.906518192265,3138.230344604517,960.676173587748
4106.907176115948,4425.90001675,-318.9928406340523
4108.359056613759,5277.86645546148,-1169.5073988477207
4588.508958781533,5114.358056189235,-525.8490974077022
4589.332975197144,4812.383610603965,-223.05063540682113
4597.902358099468,5617.297450404042,-1019.3950923045741
4585.9365216031,5298.152813809229,-712.2162922061289
4594.987758203987,5616.564629374542,-1021.576871170555
4586.3119726885425,5082.271342876559,-495.9593701880167
5179.159581883799,5123.830499012398,55.329082871400715
5162.421173036477,5103.265287343002,59.155885693475284
5178.354838939286,5396.842264458131,-218.48742551884425
5161.882541750177,5307.839967351515,-145.9574256013384
5151.38932978982,5097.047996043151,54.34133374666908
5168.179617578816,5421.05337385911,-252.8737562802944
5157.465934655599,3835.246837524822,1322.2190971307773
5144.264968929386,5571.897622283254,-427.6326533538686
5156.7748824354485,4915.361377583249,241.41350485219937
3124.0052258184437,4823.885588322514,-1699.8803625040705
3111.072539577929,5492.087413353578,-2381.014873775649
3818.1683286253406,5294.1417207726345,-1475.973392147294
3809.690709753772,4929.627562507693,-1119.9368527539214
3831.958895436205,4541.324355747511,-709.3654603113059
3815.8227344845513,4136.363652000734,-320.5409175161826
3812.9572858724573,3832.556784987954,-19.599499115496656
3806.0421368107195,5308.5526847923375,-1502.510547981618
3794.4666200577094,4512.27347436681,-717.8068543091003
3822.3331091526647,5306.456300029797,-1484.123190877132
4603.453775913235,4928.832977716751,-325.37920180351557
4582.630724980861,4517.270271064364,65.36045391649623
4588.177116781385,4518.722901392394,69.45421538899063
4597.828604167987,5322.095531806149,-724.2669276381621
4582.986724699995,5297.5197676073285,-714.5330429073338
4589.5367110088055,3829.9938571513917,759.5428538574138
4619.346945859699,3853.090461077401,766.2564847822982
5269.605194726127,5286.592410562533,-16.987215836405994
5246.645674332294,5090.132337514486,156.51333681780852
5261.559252579859,5099.178445137037,162.38080744282252
5258.538818074355,4118.111129242476,1140.427688831879
5280.982997895292,5618.447048325562,-337.4640504302697
5259.293049479436,4324.9717121599615,934.3213373194749
5264.603422702471,5488.62094628403,-224.01752358155863
5268.336864366936,4620.821332352554,647.5155320143822
5553.278289841778,5109.140789430475,444.13750041130334
5538.870842566878,4803.420356966643,735.450485600235
5267.469635711258,5284.471760329085,-17.002124617826667
5257.671104011049,5110.851342560653,146.81976145039516
5250.443488047647,3831.0522006278884,1419.391287419759
5254.8018529952,4926.350830290888,328.451022704312
5258.424330847434,5489.339123962675,-230.91479311524108
5261.805201844384,5099.6154937421925,162.18970810219162
5247.573877920658,5089.449878899776,158.12399902088146
5277.29749466483,5614.850163606824,-337.55266894199394
4585.6210869205415,3824.9036006803376,760.7174862402039
4595.402231877071,5087.851275080199,-492.449043203128
4590.168078749552,5273.041993781025,-682.8739150314732
4604.646691104285,3841.220133909489,763.4265571947963
4596.080574069508,5289.961285798539,-693.8807117290316
4599.830291040823,4825.164141325295,-225.33385028447174
4586.437943097644,5277.179303919916,-690.7413608222714
3811.816414826398,5097.571139180772,-1285.7547243543736
3812.3650624713387,4125.64831138669,-313.2832489153511
3810.9388312231786,4117.831899560602,-306.89306833742376
3813.487936406456,5498.119778302995,-1684.6318418965388
3810.4373895747067,5598.563103196665,-1788.1257136219583
3808.329057476069,5597.532230788625,-1789.2031733125564
3811.525321636699,5508.590546520102,-1697.065224883403
3818.5050341910387,5310.616396997355,-1492.1113628063163
3120.901479576784,5101.839988098659,-1980.938508521875
3120.824879127006,5494.616581212401,-2373.7917020853947
3123.885915186823,3833.4286665317723,-709.5427513449495
3604.27316701775,4591.713092398388,-987.4399253806378
3606.6278271372043,5293.270171831886,-1686.6423446946815
3613.445393408923,4518.757606484484,-905.3122130755614
3620.430402201507,5600.894536753443,-1980.4641345519362
3631.3633542225425,3650.0665046439085,-18.70315042136599
4099.2346461891975,4518.503221766409,-419.2685755772118
4117.736845408025,5500.580419261268,-1382.8435738532426
4115.022367165625,3844.63051367202,270.39185349360514
4106.116519555198,5308.207375219654,-1202.0908556644563
4111.065414121486,4524.860724583579,-413.79531046209286
4581.088547933854,4600.474537575343,-19.385989641488777
4583.809170727301,5488.494298280168,-904.685127552867
4599.591759637644,3838.1012711335907,761.4904885040532
4571.48813149424,5287.82024665727,-716.3321151630298
4597.145537095627,5313.011545590087,-715.8660084944595
4591.670564258155,5418.421366520193,-826.7508022620386
5141.382111837539,3815.514984643205,1325.867127194334
5172.385708778729,4649.616357010949,522.7693517677799
5162.718306742489,5299.052597202638,-136.33429046014862
5153.499651907654,5406.3224779711045,-252.82282606345052
5159.190614451936,5079.958969489936,79.23164496200025
5178.936293525398,5118.52668145991,60.409612065487636
5169.083445218281,5309.314034675427,-140.23058945714638
5160.936937131351,5479.440137020066,-318.50319988871433
5149.363725297627,5072.472408395258,76.891316902369
3123.6444128730905,4600.060124986327,-1476.4157121132362
3120.6076841090053,5411.112665962862,-2290.5049818538564
3813.008087461293,5307.374429210592,-1494.366341749299
3823.629923846224,5240.508838196039,-1416.8789143498147
3808.5421221520833,4525.241051106993,-716.6989289549097
3804.769476099122,5311.659316348864,-1506.889840249742
3795.0362624803097,5276.5197314450415,-1481.4834689647319
3832.323050036753,4628.152928404362,-795.8298783676087
3814.7087984849754,5509.950194171104,-1695.2413956861287
3812.1373147371714,5282.997108037277,-1470.8597933001056
4578.699159336457,5452.453808175048,-873.7546488385906
4605.346089695782,3147.7917785750146,1457.5543111207676
4594.584862540444,5093.289641871487,-498.704779331043
4573.968498149419,5079.315541856637,-505.3470437072174
4594.589259449042,4644.911461717858,-50.322202268816
4593.978164841473,5300.8946295014575,-706.9164646599847
4595.558041142848,5419.589299734218,-824.0312585913698
5254.611030538001,5488.159264885337,-233.5482343473359
5265.711286793289,4525.51888573341,740.1924010598796
5289.574851879062,5140.389074097816,149.18577778124654
5264.130455649847,5501.912760280117,-237.78230463027012
5254.681131734121,5408.680125391567,-153.9989936574466
5259.346527962411,3832.3030671148585,1427.043460847552
5269.186581410887,4937.864603862078,331.3219775488087
5260.477188143753,5416.45261475514,-155.97542661138687
5549.0885827753345,4819.925083877755,729.1634988975793
5542.719891899104,5308.554984438727,234.16490746037744
5265.088510196097,5090.243866425449,174.84464377064796
5261.269101494922,5591.265485487838,-329.996383992916
5268.001524308983,3842.0800994724837,1425.9214248364992
5265.603828943389,4613.856054219409,651.74777472398
5258.370570343059,5296.8230058681265,-38.45243552506781
5264.097934358659,5312.66759698366,-48.569662625001
5277.29749466483,3154.873159328125,2122.424335336705
5266.285609005873,4530.506830986521,735.7787780193521
4591.866254079933,3835.3996417769918,756.4666123029415
4602.060374846448,4336.883265234473,265.17710961197554
4585.724705155554,4605.0985670250875,-19.373861869533357
4595.76524894807,5312.392912451556,-716.6276635034865
4599.583392155455,5094.266594287768,-494.68320213231345
4587.86195905516,3138.337630515691,1449.5243285394686
4586.021065218489,5295.556311006838,-709.5352457883491
3815.3594661432644,5424.2639962625835,-1608.9045301193191
3810.1051940185407,5298.790516104638,-1488.6853220860976
3805.639506476117,5289.961185946007,-1484.3216794698906
3818.1022206675448,5112.425460204799,-1294.3232395372538
3829.363239038022,5291.983307847456,-1462.6200688094336
3819.370077380999,5131.754472179315,-1312.3843947983155
3804.061366863975,5278.650696393521,-1474.589329529546
3806.3884504961793,5474.86577854088,-1668.4773280447002
3109.3625596939487,5396.589595413656,-2287.227035719707
3120.0040169866365,5416.373456218073,-2296.369439231437
3123.885915186823,5412.102873445263,-2288.21695825844
3615.9926144991787,3142.760149312211,473.2324651869676
3609.4597217424757,5308.166380212482,-1698.7066584700065
3609.7357146177505,5614.129535389756,-2004.3938207720053
3604.8404030419156,4810.4754006188905,-1205.634997576975
3607.5720890723996,5575.829884553035,-1968.2577954806357
4087.1290311806647,3814.989990893592,272.1390402870725
4120.304760282324,5308.41321661538,-1188.108456333056
4112.462640790141,3838.235771820412,274.22686896972937
4091.6541694742637,4512.667485857839,-421.01331638357533
4109.195123031346,5303.2191640459705,-1194.0240410146243
4580.778181763869,4600.920177936895,-20.1419961730262
4605.482022314273,4146.948623104497,458.5333992097767
4607.9083120266905,5296.2122274297835,-688.303915403093
4588.021510841115,5606.574840475091,-1018.5533296339763
4580.8881490513995,4811.592184610445,-230.70403555904522
4578.696096472784,5475.906548238109,-897.2104517653252
5166.410184621406,4611.9397379325965,554.4704466888097
5156.37569525927,5093.0744460229025,63.30124923636777
5147.033959808159,5393.105129796217,-246.0711699880576
5178.071393801914,5120.173644403572,57.89774939834206
5162.541151059279,5116.9017060517,45.639445007579525
5143.286412261028,3622.6845825298574,1520.6018297311707
5162.935473632824,5484.000364207291,-321.0648905744665
5158.39606680655,5298.421871650205,-140.02580484365444
5170.444577457087,5501.787384554153,-331.3428070970658
3128.989565503198,3846.7075194693834,-717.7179539661856
3118.326036830412,5278.038290178803,-2159.7122533483916
3816.7838723676105,5496.4842133730335,-1679.700341005423
3814.3524718252816,5082.61534579965,-1268.2628739743682
3813.957357013652,3835.0415827405586,-21.084225726906425
3822.6804105678416,4612.756623225822,-790.0762126579807
3805.5529615359956,5293.471355788046,-1487.9183942520503
3821.9484029624437,5608.612614441466,-1786.664211479022
3798.3698209467925,5296.987940637481,-1498.6181196906887
3821.266688918478,4622.873414699319,-801.6067257808413
4584.127494534633,3140.9694180670494,1443.1580764675837
4583.843582073022,5295.935415732065,-712.091833659043
4578.251001627967,5303.044365309555,-724.7933636815887
4568.15375598487,5257.150713411646,-688.9969574267761
4601.900800500003,3843.557526260987,758.3432742390164
4588.251774267513,5282.119904449748,-693.8681301822353
4586.151409830134,5212.909425341891,-626.7580155117566
5283.5196011213975,5123.901100565718,159.61850055567993
5251.676148090892,4597.470093655072,654.2060544358201
5261.504658970372,5412.961363177735,-151.45670420736315
5282.424109432992,3841.871644023083,1440.552465409909
5263.831036526841,5107.198745579769,156.63229094707185
5267.248163964215,4618.681420317422,648.5667436467929
5274.472683772308,5323.569318705952,-49.096634933644054
5264.199398622445,4823.8756066539145,440.3237919685307
5549.92232549876,5082.311796147217,467.61052935154294
5545.431763415098,3149.687791163333,2395.7439722517656
5257.449664098594,5272.7526970870495,-15.303032988455016
5260.063118648279,5308.191098477007,-48.1279798287278
5260.707416080378,4521.458247565083,739.2491685152945
5267.3898247861935,3842.4775738425847,1424.9122509436088
5282.778058460024,5242.041944546629,40.73611391339546
5286.059413569337,3844.783120102728,1441.2762934666093
5252.745545705296,4514.726352568098,738.0191931371974
5266.494155019821,5421.6564864499705,-155.1623314301496
4584.599972339142,5292.929789562571,-708.329817223429
4576.927727409925,5370.278442058455,-793.3507146485299
4596.331569966387,3149.2838240380675,1447.0477459283197
4596.953392992363,5304.360623084044,-707.4072300916814
4584.3485024988895,4517.698804666673,66.64969783221659
4587.816541741212,5482.982888129249,-895.1663463880368
4587.201013763003,5583.909317736014,-996.7083039730105
3824.723760491142,3642.876396867288,181.8473636238541
3834.9483582259786,5629.356223506304,-1794.407865280325
3821.943742302185,3844.3064823852096,-22.36274008302462
3820.1069499161017,5421.346736929287,-1601.239787013185
3816.253428784802,4622.220500472076,-805.9670716872743
3808.088763895516,5415.057579328489,-1606.9688154329729
3810.2391463804715,3830.063345732947,-19.82419935247526
3825.676293203551,5319.802963366246,-1494.1266701626955
3126.904086668056,5500.68088886849,-2373.776802200434
3127.231960863244,5284.223804760258,-2156.991843897014
3123.885915186823,5272.347474611055,-2148.4615594242323
3607.407214309648,5280.762338020411,-1673.355123710763
3610.7306924626455,5110.755146069955,-1500.0244536073096
3610.8484156090262,5583.3796501766055,-1972.5312345675793
3603.916644496111,4901.3099310832495,-1297.3932865871384
3604.035421454172,5207.451930130106,-1603.416508675934
4087.5384411635973,4602.274231124383,-514.7357899607855
4106.269605178194,4623.373779413283,-517.104174235089
4114.851314137949,3840.5485344197746,274.3027797181744
4120.389719634694,5319.4416982200055,-1199.0519785853112
4106.186251154145,4614.369803058012,-508.1835519038668
4583.90353527934,5290.966027267359,-707.0624919880192
4596.369044735137,5281.299576028706,-684.9305312935685
4573.7643714777105,3819.682702772491,754.0816687052193
4594.674432818747,4821.34455020332,-226.67011738457313
4601.98905284336,5430.425419345079,-828.436366501719
4595.417444350433,5514.906629351047,-919.4891850006143
5140.4398029536005,5575.8610534436375,-435.421250490037
5170.76660130255,3147.6323477797896,2023.1342535227604
5153.322912479861,5269.3163929156335,-115.99348043577265
5163.733503722645,5280.512508416982,-116.77900469433735
5150.435643355129,5089.9883664456165,60.447276909512766
5149.118848799468,5262.239522926626,-113.12067412715805
5163.224649482469,5280.557268432754,-117.332618950285
5163.098381345549,5302.047372213366,-138.94899086781697
5162.403536126314,5309.269192935526,-146.86565680921194
3121.6470723509606,5116.857367930017,-1995.2102955790565
3120.2237010029485,3834.5986452330562,-714.3749442301078
3810.589600665679,5482.211991743894,-1671.622391078215
3803.886657144302,5296.4052595665025,-1492.5186024222007
3804.769476099122,5311.659316348864,-1506.889840249742
3831.8966937735863,4548.423500504784,-716.5268067311977
3803.179182480122,3824.0631436413787,-20.883961161256593
3808.730540181187,5276.972326204834,-1468.241786023647
3808.803334147959,5307.901897949693,-1499.0985638017341
3810.334200131253,4521.875972310923,-711.5417721796703
4591.972623236375,5107.4895370110435,-515.5169137746689
4587.065399347597,4519.875307969821,67.1900913777763
4605.155026686371,3643.5443423809793,961.6106843053913
4589.598218044947,5410.406202400426,-820.8079843554788
4583.572433584646,4611.873976462996,-28.30154287835012
4584.629973388342,3825.8715463031867,758.7584270851548
4580.408196629397,5409.372474575544,-828.9642779461474
5269.886331552089,5426.174114847393,-156.2877832953036
5258.7068948218575,5099.611123328343,159.0957714935148
5261.594114453495,5278.604115515428,-17.0100010619326
5279.050607218733,5513.349671543264,-234.29906432453117
5268.618915577382,5306.6393599130115,-38.02044433562969
5274.398766513424,4146.291667655401,1128.1070988580223
5251.819946193925,5591.567271747105,-339.7473255531804
5264.233897371071,4610.987260738304,653.2466366327671
5554.075304085622,5422.599238882188,131.4760652034338
5540.170034090099,4521.588471139281,1018.5815629508179
5270.916829629601,5312.019846450752,-41.10301682115096
5259.027573064489,5414.2706800268625,-155.24310696237353
5252.614234095169,5582.376777807748,-329.7625437125789
5261.372487153638,3825.4844629901104,1435.8880241635275
5263.3810340483105,3836.900778321192,1426.4802557271187
5269.343834849823,5310.228705418853,-40.88487056902977
5265.478335034121,3834.1395007716424,1431.338834262479
5274.680116432025,5114.9944278202465,159.68568861177846
4576.927727409925,4506.192864711149,70.73486269877594
4578.268251611228,5402.908459313516,-824.6402077022876
4583.89047307534,4633.489511227536,-49.599038152196044
4605.476614143908,5431.173939859616,-825.6973257157088
4611.878420290591,5632.304355404905,-1020.4259351143146
4601.446913024145,4621.710963383254,-20.264050359109206
4583.600246497629,3143.1982761771455,1440.4019703204835
3810.018491907847,5079.167632936532,-1269.1491410286849
3810.9891848365537,3136.595700957095,674.3934838794589
3813.590375310557,5600.426358622616,-1786.835983312059
3804.5822997763034,5587.820788063894,-1783.2384882875904
3818.2185272641905,4535.820841798306,-717.6023145341155
3810.0817622012682,4526.745535363241,-716.663773161973
3823.213970045622,5104.9597494799455,-1281.7457794343236
3814.8263154728297,5510.762078280737,-1695.9357628079074
3111.0600708542024,5301.177013375731,-2190.1169425215285
3115.9005609613782,5117.032288944533,-2001.131727983155
3123.885915186823,5294.443236735189,-2170.5573215483664
3617.197949521031,4819.281997277504,-1202.084047756473
3602.225854415359,5290.382299313664,-1688.1564448983045
3619.004827564812,4621.031404054372,-1002.0265764895598
3609.257538370309,5299.225510813683,-1689.9679724433745
3616.1359534283197,5277.724278042528,-1661.588324614208
4111.626853332579,4926.379990133057,-814.7531368004775
4125.753330464675,4344.077161609187,-218.32383114451204
4111.490198918644,5279.2439306685355,-1167.7537317498918
4110.151873981333,5098.58526557195,-988.4333915906172
4100.4358529903475,5416.569837263742,-1316.1339842733942
4580.533928201271,3138.1893200648706,1442.3446081364004
4582.861054735187,5484.764464962607,-901.90341022742
4606.317640673098,5291.003138268216,-684.6854975951182
4593.20402977324,5506.649316445926,-913.445286672686
4585.954349381108,5299.007043609553,-713.052694228445
4601.11029135566,4140.356204233788,460.75408712187163
5151.592691983176,4912.25943367846,239.33325830471676
5172.266623300047,3141.6533588208704,2030.613264479177
5173.848374378909,3844.0208062840984,1329.8275680948109
5159.190614451936,5415.6162512638075,-256.4256368118713
5154.423459643583,5272.219016599215,-117.79555695563249
5168.371092788808,4612.97396940252,555.3971233862876
5167.047175607367,3632.872778598909,1534.1743970084576
5173.315487925946,5615.364603616373,-442.04911569042633
5174.476693637609,4929.0777987197025,245.39889491790655
3119.7785721602113,4338.915075692229,-1219.1365035320177
3108.8869820973528,3129.44153654015,-20.554554442797325
3808.149809130436,5512.915876210865,-1704.7660670804285
3814.0385901141676,5274.353373971867,-1460.3147838576992
3820.543685908832,4638.802623763975,-818.2589378551434
3804.4948540230107,5578.910701032843,-1774.4158470098319
3807.247162043754,3826.412520937457,-19.165358893702887
3812.4129542476644,3829.4189373091476,-17.00598306148322
3815.4972567825625,4610.175298174577,-794.6780413920142
3803.930294386948,4599.295748901884,-795.3654545149357
4604.292287522944,5118.264940462963,-513.9726529400186
4573.43484644531,4507.84627192477,65.58857452053962
4593.675820327103,5115.469405741229,-521.793585414126
4600.305393185007,3153.6266408119677,1446.6787523730395
4595.558041142848,5616.484650902871,-1020.926609760023
4583.9845295422565,5406.017879345098,-822.0333498028413
4601.594886329073,3838.901487658389,762.693398670684
5247.717549527493,5295.376362000387,-47.65881247289417
5267.613517143765,5414.230864196569,-146.61734705280378
5261.412144788069,3830.3148131974867,1431.0973315905821
5251.356648829374,3828.0084404645913,1423.3482083647823
5254.5083113653145,5293.893657422598,-39.38534605728364
5261.007937217198,5589.191938524077,-328.1840013068795
5264.949521293044,5419.434850059668,-154.48532876662375
5255.199248796785,4121.750903774049,1133.4483450227353
5551.557541353677,5303.153574608848,248.40396674482872
5559.578175063535,5498.399459725454,61.17871533808102
5260.383602370804,3833.909226513116,1426.4743758576874
5262.689800031672,5300.409984371566,-37.72018433989342
5247.12061894586,5572.422069849723,-325.30145090386304
5276.493607237295,3153.5968069736837,2122.896800263611
5255.01647652876,5105.898604964302,149.11787156445826
5258.618583414184,5600.483023334256,-341.8644399200721
5257.603311269299,4130.043535042209,1127.55977622709
5256.591478868046,4518.100832424165,738.4906464438809
4596.331569966387,5308.56426507532,-712.2326951089326
4583.89047307534,4514.072404896967,69.81806817837332
4605.26309979324,4623.634742809657,-18.371643016416783
4584.156342114727,4611.876592336424,-27.720250221697825
4581.582754312485,4121.784770205987,459.797984106498
4592.725473291018,4610.869377207186,-18.1439039161678
4585.783054023006,5294.456239603239,-708.6731855802327
3827.973007451196,5611.474237839165,-1783.501230387969
3814.1831725421034,5419.733068815826,-1605.5498962737229
3810.6497621705416,4610.831132554541,-800.1813703839994
3820.4177481353063,5512.656977165639,-1692.2392290303324
3798.5117955920246,3819.044059769276,-20.532264177251363
3816.0739833405923,3835.852722840037,-19.778739499444782
3823.4168769617936,5099.43346756417,-1276.0165906023767
3825.152220000253,5419.7559865625535,-1594.6037665623007
3116.174959126339,5291.894167246609,-2175.7192081202697
3101.2169100424007,5252.583397000091,-2151.3664869576905
3123.885915186823,5295.239473638876,-2171.353558452053
3620.982152378126,3838.005136141463,-217.02298376333692
3608.5627401322563,5080.792779908348,-1472.2300397760919
3612.8387170363394,5378.052518936571,-1765.2138019002314
3614.3972543551654,3636.3605853084173,-21.963330953251898
3616.0370783421376,3832.933446989359,-216.89636864722115
4084.9562984595777,5582.640779377516,-1497.6844809179383
4124.8637837066,5608.306954522681,-1483.443170816081
4111.959652519198,5108.914956335223,-996.9553038160248
4102.705751583949,4607.219770212336,-504.514018628387
4114.500194165231,4623.479161748525,-508.97896758329443
4580.032929050998,3831.8027789430303,748.2301501079678
4587.010930937414,5098.3041432612945,-511.29321232388065
4597.2236774514695,5322.356323939534,-725.1326464880649
4588.306760079326,5108.114289518759,-519.807529439433
4591.670564258155,5297.929210092055,-706.2586458339001
4579.60148567679,3827.509732622046,752.0917530547435
5170.622193976561,5310.0512465402,-139.42905256363883
5176.25388632428,5508.6737796719,-332.41989334762
5165.4528718441015,5106.173643739614,59.27922810448763
5159.438227683488,3630.3568135572327,1529.081414126255
5167.912301367663,4615.385246419465,552.5270549481975
5169.269540960213,5414.2296167372715,-244.9600757770586
5158.724368274543,5504.294709030891,-345.57034075634783
5176.755188938783,3846.2798760050896,1330.4753129336937
5173.755006244186,5311.386145838442,-137.63113959425573
3118.1440360871916,4535.296636883998,-1417.1526007968064
3118.532819548154,4611.153826453014,-1492.6210069048598
3803.404369195591,5287.884849003209,-1484.480479807618
3830.145140565528,4153.974151600347,-323.8290110348189
3795.0362624803097,5390.570937108406,-1595.5346746280961
3803.179182480122,5263.465546525857,-1460.2863640457344
3815.3463695292653,3835.6460288551693,-20.29965932590403
3823.0456625804904,5431.516580698466,-1608.4709181179755
3807.4942181271454,5477.581278131066,-1670.0870600039207
3801.032776674904,5103.734730099868,-1302.701953424964
4581.646552632172,5410.345216084026,-828.6986634518544
4600.089595723664,4615.423524817913,-15.33392909424856
4594.810925744498,4327.675692908581,267.1352328359162
4614.833762258206,4662.052879269416,-47.21911701121007
4604.623731151665,5321.104920641382,-716.4811894897166
4586.056484658085,5472.0324940229975,-885.9760093649129
4576.106041601996,5474.332964352249,-898.2269227502529
5277.781012404512,5317.813112394001,-40.032099989489325
5276.559213586612,3644.460232193897,1632.098981392715
5259.346527962411,4121.815831697991,1137.53069626442
5254.05763647308,5586.855114851531,-332.79747837845116
5257.802673360722,5276.378455545849,-18.575782185126627
5270.529991778208,5481.860352394418,-211.33036061621078
5257.1788003881,5401.026705621316,-143.8479052332159
5257.160610699022,4914.5663978916755,342.5942128073466
5577.604417466415,5110.583623418675,467.0207940477394
5543.029669231631,3827.8765959731923,1715.1530732584383
5265.393499734045,4125.231091601532,1140.1624081325126
5255.314727924983,5594.34431662809,-339.02958870310704
5266.106575963466,5600.291126733962,-334.18455077049657
5253.583980321382,4116.030040749465,1137.553939571917
5272.608640096126,5308.815823194594,-36.207183098467794
5264.121439240014,5302.803502662924,-38.68206342290978
5272.418840666828,5310.474532792762,-38.055692125934
5262.266625286285,5610.009710504266,-347.7430852179814
4596.953392992363,5424.852779512183,-827.8993865198199
4605.476614143908,5324.972277346931,-719.4956632030235
4584.156342114727,4602.885665297116,-18.729323182389635
4602.425492728418,5430.115218137627,-827.6897254092091
4610.713641069206,5297.9319437216545,-687.218302652449
4595.070579940524,4130.66702304462,464.40355689590433
4581.080048935299,5306.317982931609,-725.23793399631
3811.203222745146,4812.826718201123,-1001.6234954559773
3805.4723754627544,3826.1764189743258,-20.7040435115714
3808.73802571714,5593.126378322911,-1784.3883526057707
3826.177669003557,5131.003661541505,-1304.8259925379475
3814.1618158522524,3144.520220095156,669.6415957570962
3808.924771440017,5493.585112178494,-1684.6603407384764
3810.171864175353,5274.9347250422725,-1464.7628608669193
3840.9281348421027,5344.715402885927,-1503.787268043824
3113.0170686218544,5100.961748627882,-1987.9446800060277
3107.7762311043816,4589.412049104115,-1481.6358179997333
3123.885915186823,5403.997414658384,-2280.111499471561
3620.390368095019,3837.603746258608,-217.21337816358937
3619.0032503704515,3831.740402456221,-212.7371520857696
3606.880014150961,5305.45789298174,-1698.577878830779
3616.259091218555,5302.186441227711,-1685.9273500091558
3619.750549752069,5309.206444815119,-1689.4558950630494
4118.436789745747,4831.713627632864,-713.2768378871169
4100.760629659102,5383.482415017756,-1282.7217853586535
4108.078076741483,4609.566485844675,-501.4884091031927
4106.560739407213,5505.690039409065,-1399.1293000018522
4112.728461661267,4527.2026538642085,-414.4741922029416
4575.903097951542,5577.62346677767,-1001.7203688261279
4599.591759637644,3644.3206587777577,955.2711008598862
4589.137584962466,5273.821519649557,-684.6839346870911
4585.010317876842,5217.258651983169,-632.2483341063271
4602.211400184479,3836.006666898948,766.2047332855313
4593.298111208555,4130.935251178174,462.36286003038094
5163.25510553871,4606.087492946034,557.167612592676
5163.890150021703,5282.548191548547,-118.65804152684359
5160.768938988015,3636.891024250081,1523.8779147379341
5166.757704749732,5303.275951886401,-136.51824713666974
5168.58777673474,5600.823891801831,-432.2361150670913
5166.311827345692,5103.376837452679,62.93498989301315
5166.53378943132,5105.648263741285,60.88552569003514
5155.852399714734,4611.3626028881545,544.4897968265795
5171.46443096628,5319.285902274024,-147.8214713077441
3109.0451705415044,5304.566630146282,-2195.521459604777
3119.572947992007,5306.709974766439,-2187.137026774432
3796.491113991384,5069.52159234052,-1273.0304783491365
3816.085208885885,4331.943358718768,-515.8581498328826
3811.6545111666655,4126.642107016825,-314.9875958501598
3837.7634846254023,5134.307955285295,-1296.5444706598928
3811.4578143423682,4613.502210732692,-802.044396390324
3817.320148003511,5593.672061444756,-1776.351913441245
3807.6748287822625,3831.890440028162,-24.21561124589971
3806.27404377671,4118.78829508238,-312.5142513056694
4573.968498149419,5276.260240762077,-702.2917426126578
4589.935820309263,5104.759829796667,-514.8240094874036
4590.019101386496,5272.938937354519,-682.9198359680231
4600.094569737755,4335.518776695411,264.5757930423433
4608.128945519378,5504.833790113015,-896.7048445936371
4582.6377353605485,4732.13461979893,-149.49688443838113
4577.903713041247,3133.846539001049,1444.0571740401979
5268.127566376644,3834.989620290774,1433.1379460858698
5262.532497493684,5310.673790338345,-48.14129284466071
5267.366407360875,3144.250130162352,2123.116277198523
5264.427091537888,4526.126587163604,738.3005043742842
5272.539362927819,3639.8926580065554,1632.6467049212633
5259.736184255761,3828.5717692690464,1431.1644149867147
5249.732439106484,5267.063583575084,-17.331144468599632
5273.626422941615,5311.645905948803,-38.01948300718868
5571.261361717732,3846.422266109106,1724.839095608626
5547.474545839588,5593.8056848572405,-46.331139017652276
5262.330779957223,4930.785747004976,331.5450329522473
5263.650284314487,4814.643063280763,449.0072210337239
5266.480345263104,5593.813947760508,-327.3336024974042
5241.066700222344,4898.053488788225,343.0132114341186
5266.138867995822,4620.260775973691,645.8780920221307
5264.348214008259,5500.8074697878155,-236.45925577955677
5270.459018959244,4529.529396055057,740.9296229041865
5268.151019700746,5422.6026162903945,-154.45159658964894
4584.3485024988895,5597.004504695967,-1012.6560021970772
4611.878420290591,5612.181067506175,-1000.3026472155843
4581.582754312485,3629.8524570213685,951.7302972911166
4610.713641069206,3155.267923645231,1455.4457174239747
4578.552104268957,4596.139668758265,-17.587564489307624
4588.092661892458,5077.11669651186,-489.0240346194023
4599.567783321347,5600.7114063283225,-1001.1436230069758
3816.9747559855114,4926.328085226142,-1109.353329240631
3831.762313747297,5101.493836130294,-1269.731522382997
3828.2635780701344,5120.215044640468,-1291.9514665703332
3798.05830526572,5094.880238140008,-1296.8219328742884
3791.5491593988595,5294.794702626195,-1503.245543227336
3815.997104250703,4135.18652678837,-319.18942253766727
3808.077975698737,5487.708808465341,-1679.6308327666034
3831.037812534157,5430.634878030758,-1599.5970654966009
3132.04303435678,5321.298014785673,-2189.2549804288933
3114.8356318172478,5413.5144336871335,-2298.678801869886
3123.885915186823,4815.558990030471,-1691.6730748436485
3626.82023428782,4530.484233885491,-903.6639995976716
3626.9954011682703,5419.930484522434,-1792.935083354164
3611.1291101687784,5478.535146005692,-1867.4060358369134
3624.941087341012,5281.249332035408,-1656.3082446943959
3616.4998918930223,5591.65953028004,-1975.1596383870174
4115.166722986011,5287.77806759149,-1172.6113446054787
4113.248520025833,5612.043085750143,-1498.79456572431
4116.368509954363,5310.408345989874,-1194.0398360355111
4109.11480601766,4611.797317291655,-502.68251127399526
4092.4233468491584,5598.475083112622,-1506.0517362634637
4599.960821068425,5309.232421251091,-709.2716001826666
4583.113547549593,5304.379697864932,-721.2661503153386
4589.067899338594,4608.654264597186,-19.586365258592195
4590.696294706568,5287.1344857223385,-696.4381910157708
4598.73321542721,3146.155821053782,1452.577394373428
4594.8647186579965,5105.967170760947,-511.10245210295034
5169.161868031391,5429.496145913913,-260.33427788252175
5163.075778751058,5114.58130894733,48.49446980372795
5174.824453641695,5313.366686912486,-138.54223327079126
5178.936293525398,4932.969540408939,245.96675311645868
5168.371092788808,5599.703342921294,-431.3322501324865
5161.284985443742,3635.203017140498,1526.0819683032437
5178.194858977657,5294.420536741352,-116.22567776369578
5173.580418693133,5313.674098597362,-140.09367990422925
5161.618312868096,5420.237121125255,-258.6188082571589
3119.263347051958,4331.916232014276,-1212.6528849623178
3121.8761348348494,4922.672206609397,-1800.7960717745477
3810.2198889014626,5493.174316644184,-1682.9544277427212
3816.787310871892,4537.363902498999,-720.5765916271071
3832.323050036753,3652.2503107156317,180.0727393211214
3808.730540181187,4524.506961038216,-715.7764208570293
3823.0456625804904,5429.374992626126,-1606.3293300456357
3815.7891817363084,5230.928998701303,-1415.1398169649942
3825.1534065924625,5283.977006255163,-1458.8235996627009
3820.199918729106,4927.021856718405,-1106.821937989299
4573.342982619249,4500.846592241291,72.49639037795805
4595.7119930078425,5317.734136445906,-722.0221434380637
4613.968699335809,3846.4143691183135,767.5543302174956
4592.9147914481155,5081.815506251925,-488.90071480380993
4592.747816698184,4935.0471441681775,-342.29932746999384
4594.402780979827,3839.9112864263952,754.491494553432
4596.196205903486,5121.149492352939,-524.9532864494531
5277.113303429305,4620.885032525795,656.2282709035098
5246.452344964789,4802.833015929251,443.6193290355377
5253.024857001219,5293.042398183368,-40.017541182149216
5260.465282754705,4128.768051057367,1131.6972316973379
5283.92609383575,5606.806059027281,-322.8799651915306
5236.136806929706,5565.655981326185,-329.5191743964788
5256.20446933601,4324.332074368788,931.8723949672221
5268.001524308983,5305.818352880603,-37.816828571620135
5554.566235264811,4333.427291619815,1221.1389436449963
5550.262134858113,5109.115070302418,441.1470645556956
5254.883778772623,5304.1299157675185,-49.246136994895096
5278.145782484593,3840.339496328368,1437.8062861562248
5278.153283880042,3835.2481423068257,1442.9051415732165
5260.441090424526,4523.172963675222,737.2681267493044
5277.0031773888,5314.295217102487,-37.29203971368679
5251.953819563978,4113.5210034684715,1138.4328160955065
5273.746893693914,5316.089759354565,-42.342865660651114
5256.805681029259,5212.939933776126,43.86574725313312
4587.816541741212,5296.305386903709,-708.4888451624975
4601.446913024145,4535.892031362593,65.55488166155192
4592.725473291018,5471.823915359582,-879.0984420685645
4595.070579940524,5424.900843979254,-829.8302640387301
4588.092661892458,3140.338114392904,1447.7545474995536
4586.866107282109,5300.8835909245145,-714.0174836424058
4587.760422381124,5297.806776377887,-710.0463539967632
3813.1493694989003,4924.407578763805,-1111.2582092649045
3808.344833000324,4521.587894792507,-713.2430617921827
3807.3937245269685,5099.693688126149,-1292.2999635991805
3811.217150121132,5483.948759276632,-1672.7316091554999
3812.371325461053,5297.5321835826035,-1485.1608581215505
3821.348112639251,5116.724406069026,-1295.3762934297752
3793.8491126345916,5260.876782905557,-1467.0276702709652
3822.4417208976492,3643.648392633221,178.79332826442806
3128.375638603089,4618.30576172012,-1489.9301231170311
3118.160003066706,3639.592766947111,-521.4327638804052
3123.885915186823,5412.102873445263,-2288.21695825844
3615.7954980251866,5305.6888303788355,-1689.893332353649
3606.2744187551352,3129.8584239905394,476.4159947645958
3615.112546822174,4126.876505724543,-511.7639589023688
3619.763754493858,4828.097490895968,-1208.33373640211
3606.9027543817533,5298.505434234642,-1691.6026798528887
4114.008576312657,5520.313087240053,-1406.3045109273962
4103.879601344612,3632.800403318025,471.0791980265867
4098.30088157028,5478.456220390141,-1380.1553388198618
4111.615295310303,4626.797745257107,-515.1824499468039
4091.4089171082173,5281.012165299444,-1189.6032481912266
4583.898816662441,5378.908237021283,-795.0094203588415
4602.700768150173,5125.06455493588,-522.3637867857069
4583.440168557913,5095.435012778485,-511.9948442205714
4596.138160216098,5286.713256596899,-690.5750963808005
4591.895942666764,4326.357576425232,265.53836624153246
4583.6385839577415,5289.441036185416,-705.8024522276746
5170.848877334967,4617.659785830114,553.1890915048534
5169.631506480247,5419.058166737066,-249.42666025681956
5164.247952120676,5280.665387064919,-116.41743494424281
5169.978317804224,5495.35777473188,-325.37945692765607
5178.408950901067,4534.137370748872,644.2715801521954
5162.0977566172205,4645.6605544850045,516.437202132216
5174.799345496213,4829.8492231122145,344.95012238399886
5161.255405163068,5276.231568575098,-114.97616341203047
5161.060467213064,5298.210645039908,-137.1501778268439
3131.4246389761342,5326.960458988542,-2195.535820012408
3114.9264906054245,5306.646847629844,-2191.7203570244196
3807.6896352452536,4600.161407002217,-792.4717717569633
3810.213588292601,3831.5166040152544,-21.303015722653527
3824.2726948935842,5606.787194213009,-1782.5144993194244
3811.1056268466946,4121.975477859958,-310.86985101326354
3805.537171945219,5405.273082576171,-1599.7359106309518
3814.0634587371324,5594.549304642387,-1780.4858459052548
3795.1739678892127,5408.983249037378,-1613.8092811481656
3806.021480970699,4735.560001406956,-929.5385204362569
4598.109018679637,5309.120111149924,-711.0110924702867
4591.31720696492,4525.263282488008,66.05392447691156
4577.037258788717,4509.1149132209575,67.9223455677593
4602.585237216698,4138.770550969831,463.8146862468675
4589.370988544553,4745.6669266355875,-156.29593809103426
4620.506431293401,5330.304800791469,-709.7983694980676
4595.921847023447,5303.234739551056,-707.3128925276087
5271.598345714789,5096.841655227832,174.75669048695636
5265.378621138822,5277.464635990909,-12.086014852086919
5259.554190851565,5300.873970459851,-41.3197796082859
5278.844397902342,5293.186677532185,-14.342279629842778
5277.219448584914,5489.890447192859,-212.67099860794497
5272.564877148237,4533.643515233199,738.9213619150387
5287.829855759155,5641.444050507832,-353.6141947486767
5266.303723057843,4619.868995728422,646.4347273294206
5565.789299717004,3852.825750788324,1712.9635489286798
5529.940677489734,3817.7625954341966,1712.1780820555377
5275.862813245012,5095.057782163886,180.8050310811259
5248.499512075093,4507.511338062874,740.9881740122191
5273.668323414612,5604.116934702995,-330.4486112883833
5280.525811325993,5319.792194389549,-39.26638306355562
5259.26154865731,5080.657900456343,178.60364820096765
5272.187414362112,5310.940595528162,-38.753181166050126
5259.902816544478,4606.859115298229,653.0437012462489
5258.458509674796,5413.9068793626375,-155.44836968784148
4587.201013763003,5097.969658431964,-510.7686446689604
4583.600246497629,5306.878034496934,-723.2777879993046
4585.783054023006,5271.080122659047,-685.2970686360413
4581.080048935299,4311.7657967347695,269.31425220052915
4599.567783321347,5414.749731680131,-815.1819483587842
4587.760422381124,4604.084986896751,-16.324564515626662
4599.209500781307,5318.939548186806,-719.7300474054991
3805.8909802445746,5264.5432304837905,-1458.6522502392158
3806.423549251926,5101.163501835652,-1294.7399525837259
3800.9741872967043,5303.535240078682,-1502.561052781978
3814.4633178899317,5118.838217828901,-1304.3748999389695
3816.072062073983,5109.325158343117,-1293.2530962691344
3828.675784770387,3849.7459348415414,-21.07015007115433
3810.3274214539747,5281.356177136167,-1471.0287556821927
3808.5079532098475,5304.6458599565185,-1496.137906746671
3122.732356567419,3830.9163395655223,-708.1839829981031
3117.557037320736,5497.979660926428,-2380.4226236056916
3123.885915186823,4620.008471695079,-1496.122556508256
3618.939103462824,5323.281272450237,-1704.3421689874135
3627.4924824861414,5323.713178980913,-1696.2206964947713
3613.408776028919,5271.132287302728,-1657.7235112738094
3639.8792102752877,4628.066972333852,-988.1877620585647
3614.759531059604,3830.5266373451186,-215.76710628551473
4130.275444013903,3859.4010688129542,270.8743752009491
4115.534684654192,3845.7059251240717,269.8287595301199
4110.942535800684,5305.325619809248,-1194.3830840085639
4093.945724360683,5389.7011108539755,-1295.7553864932925
4096.183513987923,4511.958464918871,-415.77495093094785
4595.6387317569415,5489.791409805886,-894.1526780489448
4594.909779938245,4612.996596251152,-18.086816312907104
4596.919358384854,5315.098203323499,-718.1788449386449
4602.242477239456,5318.602255318861,-716.3597780794053
4571.023236839302,5282.152366186251,-711.1291293469494
4594.764457736063,5615.790928702727,-1021.0264709666635
5176.358905163894,5611.5623937944065,-435.20348863051277
5167.223699512918,5307.576561505166,-140.3528619922481
5168.425173491818,3828.412039710559,1340.013133781259
5187.812851455106,3856.796263021526,1331.0165884335802
5154.073987517335,3834.5155764367905,1319.5584110805444
5186.313144884333,3645.78031560907,1540.5328292752633
5151.057821654803,4320.279319245266,830.7785024095365
5186.787686213666,5507.894207959635,-321.1065217459691
5161.189109715124,5417.001774694885,-255.8126649797614
3114.0056103917323,3832.911999542539,-718.9063891508067
3118.983676997704,4621.289127052968,-1502.305450055264
3810.8022373072067,5411.7415480028485,-1600.9393106956418
3804.58849664189,4516.030528737167,-711.4420320952768
3814.7087984849754,5315.500247724881,-1500.7914492399054
3808.803334147959,5501.313902021179,-1692.5105678732202
3807.4942181271454,5274.966004031117,-1467.471785903972
3825.1534065924625,4143.589393569864,-318.4359869774016
3809.5306642830146,5597.7404618443,-1788.209797561285
3808.9546692767294,5403.227013191796,-1594.2723439150664
4591.204050798672,4424.625011437976,166.5790393606958
4595.412437193959,4934.427097513241,-339.0146603192825
4593.250244755836,4524.628473940807,68.62177081502887
4590.24959058493,5089.291478238601,-499.0418876536705
4572.54353890393,5490.615942687167,-918.072403783237
4580.471724004421,4511.739635882435,68.73208812198573
4601.48689054024,4134.862172070857,466.62471846938297
5273.832762669965,4631.459249554388,642.3735131155763
5237.44020362405,4505.792834076333,731.6473695477171
5264.199085453035,4925.79612284333,338.40296260970536
5257.723484645548,5489.447563957173,-231.72407931162525
5259.10700360919,5104.017286417524,155.08971719166584
5287.901275499644,4636.437908207852,651.4633672917917
5272.5391966008065,5110.70596543265,161.8332311681561
5281.381949887318,5303.063923284176,-21.681973396857757
5545.462861196531,5079.491466190311,465.9713950062196
5555.670290386337,5427.630979081547,128.03931130479032
5251.739325345732,5301.268665811862,-49.529340466129725
5265.340206864437,5305.241519889023,-39.90131302458576
5265.158862653666,5420.364056813637,-155.20519415997114
5266.130480339569,5501.459578251586,-235.32909791201746
5241.231393026995,5280.180271249679,-38.94887822268447
5269.424678279441,5287.126367051646,-17.70168877220567
5273.4248552180015,5503.188389403042,-229.76353418504004
5268.447733299418,4646.036615951172,622.4111173482461
4596.375163634056,5305.70757267512,-709.3324090410642
4587.784431668386,5113.822398128384,-526.0379664599977
4606.251200994854,5620.701014616815,-1014.4498136219609
4589.51924245867,5300.023781628236,-710.5045391695658
4599.265095671312,5423.678216742347,-824.4131210710348
4593.458532556467,3832.9254282360926,760.5331043203742
4582.197781508363,4514.293507426842,67.90427408152118
3801.6172446380046,4925.284159940042,-1123.666915302037
3824.2573842794104,5293.869819050902,-1469.6124347714917
3821.6195679123084,4532.275032508075,-710.6554645957667
3818.383851539802,5104.156807491008,-1285.7729559512063
3809.610761625596,5414.38464521565,-1604.7738835900545
3802.6958058078494,5598.608243999373,-1795.912438191524
3804.7757804937005,5601.168925792767,-1796.3931452990669
3818.862106369272,4337.62808447282,-518.7659781035477
3107.6764178219287,3818.9730109601683,-711.2965931382396
3112.0267943860176,4595.281920948704,-1483.2551265626867
3123.885915186823,3832.8620502221547,-708.9761350353319
3603.098301115948,5583.94473809738,-1980.846436981432
3626.9356209960624,5310.173705657587,-1683.2380846615242
3613.2804270276365,5277.607577741124,-1664.3271507134878
3610.0073444993754,3633.250986301666,-23.243641802290767
3610.3365568635263,4594.525410317004,-984.1888534534773
4099.746201572599,4604.698033843762,-504.95183227116286
4111.250464762814,5616.813250184615,-1505.562785421801
4095.832247706485,4603.145708363889,-507.313460657404
4100.139425069668,5281.888281098416,-1181.7488560287484
4111.9714486622715,4529.004575615422,-417.0331269531507
4591.832938262376,4525.711305303816,66.12163295856044
4587.7589268342745,5084.111846509521,-496.3529196752461
4589.85036120429,4816.661641713236,-226.81128050894677
4596.248703419311,4615.402404246929,-19.153700827618195
4581.549151833693,5267.106623895697,-685.5574720620043
4593.054294198798,3644.1914120348715,948.8628821639263
5164.198383273116,5115.825983545473,48.372399727642915
5186.977360403587,5128.568127359339,58.40923304424814
5158.790593398221,5220.01555609481,-61.22496269658859
5169.083445218281,3837.2471807184675,1331.8362644998133
5167.047175607367,5304.799381994935,-137.75220638756855
5178.194858977657,5325.996617269313,-147.80175829165637
5167.071832978862,3151.343517295295,2015.7283156835674
5162.682266872625,5105.2771044042665,57.40516246835887
5165.655449953211,5300.95017302802,-135.29472307480864
3115.843127329804,5490.647296501419,-2374.8041691716153
3125.740438221613,4532.482582052192,-1406.7421438305787
3822.0820639734948,5433.3455117281055,-1611.2634477546108
3827.4446848336074,5304.159534980873,-1476.7148501472657
3820.3708446519095,4618.805547886889,-798.4347032349797
3818.9741652315215,5097.761269386579,-1278.787104155058
3814.5267072858223,5389.582780379498,-1575.0560730936759
3814.7355812551996,3835.7282454929914,-20.992664237791814
3801.550270983356,5093.884620132983,-1292.3343491496275
3812.2974712258947,5606.174999629313,-1793.8775284034182
4604.737038854056,5624.4360153856915,-1019.6989765316357
4605.17960043303,5325.703023978917,-720.5234235458875
4591.234537105324,3635.5635809740384,955.670956131286
4585.068468193863,4519.466077982245,65.6023902116176
4591.272389680436,4642.030568392036,-50.75817871159961
4588.640397570012,5294.094471952788,-705.4540743827756
4587.296360259665,3829.029975704942,758.2663845547227
5270.626113555265,5229.091380437173,41.534733118091935
5260.465282754705,5415.732925906691,-155.2676431519858
5262.85584678372,3830.176938466183,1432.6789083175372
5284.096189677238,5319.499260104307,-35.403070427069
5261.484352594897,4520.443008415583,741.0413441793144
5267.311151825645,4518.120115229167,749.1910365964777
5253.666123947137,4507.883749144466,745.7823748026713
5262.400675369918,4610.4666901837545,651.9339851861632
5547.555122767949,5087.797301783187,459.75782098476157
5546.185911911821,5277.8717739338,268.3141379780209
5273.6516452881615,5289.836321785771,-16.18467649760987
5247.265180689228,4607.942248648533,639.3229320406954
5273.018716648553,5432.860272650069,-159.84155600151644
5260.480395046688,5587.56952604042,-327.0891309937324
5262.966837494954,4603.728656526583,659.2381809683711
5270.43366136037,5318.695017233196,-48.26135587282624
5258.709891861414,4608.041680505192,650.668211356222
5258.442689516261,5109.3464893364735,149.09620017978796
4612.007336093191,5303.036159335858,-691.0288232426674
4594.997737886305,5306.840198824836,-711.8424609385311
4586.503125228757,5299.315962485257,-712.8128372564997
4587.137498117339,4325.575354895632,261.56214322170763
4609.680441249175,3849.9105180192632,759.7699232299115
4590.4690888709365,3832.6285804758872,757.8405083950493
4585.85737224475,5277.650606946621,-691.7932347018714
3824.2573842794104,5510.918488770362,-1686.6611044909519
3817.6650033535716,5121.216612006317,-1303.551608652745
3804.3776227474605,5401.834213439055,-1597.4565906915946
3808.697485804091,5305.949235649587,-1497.2517498454959
3806.8098103617813,5317.531673298267,-1510.721862936486
3809.777309529275,4612.567629033001,-802.7903195037261
3801.263378326262,5298.863345940403,-1497.5999676141405
3807.594477791132,4517.116802982604,-709.5223251914722
3110.690223916748,5299.031688376369,-2188.341464459621
3123.833402072579,5585.836096346068,-2462.0026942734894
3123.885915186823,5294.443236735189,-2170.5573215483664
3612.363527938914,5299.232948650722,-1686.8694207118083
3616.355762021448,3837.2898323148775,-220.9340702934296
3616.5028584346755,5278.435212067845,-1661.9323536331694
3625.4744675310135,4532.353606908982,-906.8791393779688
3607.7970531491283,5398.523689742672,-1790.7266365935438
4117.736845408025,5307.180053292117,-1189.4432078840919
4106.500496437621,5309.396206339066,-1202.8957099014451
4117.172144918121,4942.998541727188,-825.8263968090669
4100.4358529903475,4602.677194477051,-502.2413414867033
4095.812578259225,4603.351380029185,-507.5388017699597
4582.756610828191,4516.604124575252,66.15248625293862
4571.48813149424,5093.2221462019315,-521.7340147076911
4585.010317876842,3827.8501571774336,757.1601606994086
4605.049754705431,4536.319987781328,68.72976692410339
4579.386497599086,5464.7808154319755,-885.3943178328891
4582.285189808381,5371.2470988183395,-788.9619090099586
5169.585691582396,5501.038822512688,-331.453130930292
5159.190614451936,3833.4778250115464,1325.7127894403898
5172.96530663703,5288.318831721311,-115.35352508428059
5173.597020238253,4336.947688456804,836.6493317814493
5175.544119331653,5513.514821912979,-337.9707025813259
5176.625266068167,3838.5041959126943,1338.1210701554724
5164.593945650412,4618.361541370401,546.232404280011
5164.031990256819,5285.298728333121,-121.26673807630232
5147.038212710344,3823.7209853790787,1323.3172273312653
3107.6881651833687,5088.301029394434,-1980.6128642110657
3131.095322413678,3840.091427256021,-708.9961048423429
3817.3766401999064,5293.114199150975,-1475.7375589510684
3814.9100372441058,5314.687603801106,-1499.7775665570002
3812.1373147371714,5595.107490731139,-1782.9701759939671
3810.334200131253,4812.084551753571,-1001.7503516223178
3801.032776674904,5594.231390566596,-1793.1986138916918
3820.199918729106,5420.235385531651,-1600.0354668025457
3808.9546692767294,4608.722021251455,-799.7673519747254
3805.6162708761663,5299.0748371646005,-1493.4585662884342
4595.558041142848,5312.911124388451,-717.3530832456026
4593.447420806793,5289.307633654813,-695.8602128480197
4595.945347260858,5610.490028421881,-1014.5446811610227
4577.903713041247,4120.554185156899,457.3495278843484
4610.548700826651,5128.5186095241315,-517.9699086974806
4601.632593784162,5313.068656579919,-711.4360627957567
4591.27965273083,4526.686498307316,64.59315442351453
5261.192112491382,4816.4519133259555,444.74019916542693
5277.062691925106,3839.815795818787,1437.2468961063191
5255.199248796785,5487.543970832188,-232.34472203540372
5268.9967295253755,4128.585557893375,1140.4111716320003
5251.150631159438,4600.1522031828345,650.9984279766031
5265.60382894339,5307.557771492692,-41.953942549302155
5265.815993794988,4619.215183210245,646.6008105847422
5291.581698046621,5340.848952472062,-49.267254425441024
5549.0199301434795,5510.050140875906,38.969789267573105
5527.831050222472,5063.5689408904245,464.26210933204766
5260.779150154097,5310.681618150144,-49.90246799604665
5256.591478868046,5098.197935876359,158.39354299168645
5278.4350378743675,4626.3729842712155,652.062053603152
5254.721612876512,3826.7423421520957,1427.9792707244164
5258.742262929874,5412.498128216858,-153.75586528698386
5275.589265999316,5119.5925747483125,155.99669125100354
5252.09867922846,4731.7418239899125,520.3568552385477
5253.117441655222,5093.903157312332,159.2142843428901
4606.618048242998,5606.827600841214,-1000.2095525982159
4598.659021173354,4132.545728831853,466.1132923415007
4593.216088707923,3634.919661005642,958.2964277022807
4583.8779347692835,4320.963855353439,262.91407941584475
4607.67200779569,5295.532367302265,-687.8603595065752
4586.338535918772,3827.588538818459,758.7499971003135
4581.3603593521275,3818.723466580837,762.6368927712906
3821.6195679123084,5280.253996857765,-1458.6344289454564
3804.3776227474605,5093.228322038542,-1288.8506992910811
3802.4609054187363,5478.132979257325,-1675.6720738385889
3836.95635788319,5447.837420131867,-1610.8810622486767
3821.140230054009,5592.109146737115,-1770.9689166831063
3807.7829769844257,5303.9986467108865,-1496.2156697264609
3800.587208780083,5286.833012395397,-1486.2458036153143
3812.4822763856446,4610.525699269909,-798.0434228842641
3126.4236435266284,5595.610310164515,-2469.1866666378864
3120.056222941768,4603.624009813653,-1483.5677868718853
3123.885915186823,3638.352043562318,-514.4661283754954
3609.578996190817,4909.460545134026,-1299.8815489432086
3623.7069332308088,5282.854140446373,-1659.1472072155643
3608.805879267929,5219.704963752942,-1610.8990844850127
3617.519155989341,5112.132967005303,-1494.6138110159618
3613.5878060346586,5301.809685278999,-1688.22187924434
4109.56568321332,4610.137683811218,-500.5720005978983
4097.900268863636,4597.704780421767,-499.8045115581317
4092.6660769827618,5482.378833911066,-1389.7127569283043
4099.014507131442,5316.027629094401,-1217.0131219629593
4102.222135755784,5588.326751840123,-1486.1046160843389
4571.560316995332,5279.961783722946,-708.4014667276142
4592.103823637839,3139.492263291851,1452.611560345988
4591.493117441029,5104.630635459713,-513.1375180186833
4595.277338724944,4613.505086945179,-18.2277482202353
4585.5717457439405,5306.443685226631,-720.8719394826903
4587.5633126415705,5492.667350128486,-905.1040374869153
5163.429966592537,5408.172141487606,-244.74217489506827
5170.348757616239,3832.9431757368225,1337.4055818794163
5154.696002038207,4516.332911906306,638.3630901319002
5165.805274566827,5109.959595475261,55.845679091566126
5153.671078668255,5293.212366364654,-139.5412876963992
5150.438509792088,5266.575232407228,-116.13672261514057
5162.851904452904,3823.603444216973,1339.248460235931
5152.337223782328,5091.707805585582,60.62941819674597
5175.305003768483,5512.019860549112,-336.7148567806289
3114.8999768231674,4821.991004137104,-1707.0910273139366
3098.945975915315,5262.680607317276,-2163.7346314019605
3819.5319867499456,5611.684853046972,-1792.1528662970268
3827.7284532832923,5236.073546734354,-1408.3450934510615
3822.502321618892,3642.122105649467,180.38021596942508
3800.809163591654,4114.951347328694,-314.14218373704034
3816.7304064833756,5298.817914141737,-1482.0875076583611
3823.2120835026612,5117.48307922034,-1294.270995717679
3812.3264682789463,5420.9464012868575,-1608.6199330079112
3831.8917257048333,5425.903638828111,-1594.0119131232777
4588.205346495716,3627.892554524646,960.31279197107
4595.57010951399,5423.824214748557,-828.2541052345669
4582.339477107412,5295.9551689499,-713.6156918424886
4601.712641218525,5112.580612220198,-510.86797100167314
4592.393892332743,5587.311732619085,-994.9178402863417
4582.139042333999,5368.8128350825355,-786.6737927485365
4597.802744161123,5285.7986666077995,-687.9959224466766
5263.899133132444,4325.284857133032,938.6142759994118
5255.062605150221,4514.176284619829,740.8863205303924
5256.827694714004,4604.204520710848,652.6231740031562
5284.334978376315,4621.636259602537,662.6987187737777
5251.8468497105005,5403.568514571518,-151.72166486101742
5254.913966480262,5216.38742969926,38.526536781002505
5272.36241005528,4934.198123526894,338.1642865283857
5272.341490127008,5308.824966098803,-36.48347597179509
5530.697300531055,5407.380886430871,123.31641410018347
5545.8480285228825,4524.34879741685,1021.4992311060323
5262.949630512391,5594.439164299462,-331.4895337870712
5262.838545212522,3829.4712790518506,1433.3672661606715
5260.111867723125,5309.166581944303,-49.054714221178074
5261.3342680637315,4915.237387105741,346.09688095799083
5261.6183686664035,3825.1946860238254,1436.4236826425781
5283.078095276985,5104.713496012369,178.3645992646152
5260.960457976404,4607.782504693374,653.1779532830296
5267.687978224702,5112.425460204799,155.26251801990384
4597.761453276653,5506.441220948732,-908.6797676720789
4589.787244384134,5102.766606232177,-512.9793618480426
4602.369804484809,4830.466695091546,-228.09689060673736
4602.428533724458,3843.851581221644,758.576952502814
4577.846039382629,5106.571879337874,-528.7258399552447
4591.860061222467,5298.250949561602,-706.390888339135
4602.059270140848,5430.976674726239,-828.9174045853915
3818.383851539802,5274.361792082445,-1455.9779405426434
3808.697485804091,5608.713586429747,-1800.0161006256562
3836.95635788319,5308.243442919905,-1471.2870850367149
3825.381638000135,4532.462677332757,-707.0810393326224
3817.5218436587256,5108.439093469946,-1290.9172498112202
3814.1207855495104,5100.109950439584,-1285.9891648900739
3804.2817044859667,4118.154573450007,-313.8728689640402
3804.67468137179,5295.920037448549,-1491.245356076759
3103.6668170857706,5083.238120838398,-1979.571303752627
3109.2237911096468,3621.5055074058746,-512.2817162962278
3123.885915186823,5584.775789393016,-2460.889874206193
3611.449921988553,5293.341223981196,-1681.891301992643
3615.4896016572816,4640.863052480678,-1025.373450823396
3631.142392497222,3651.475663153685,-20.333270656463355
3612.090982163472,5491.830875997835,-1879.7398938343636
3612.2623759334874,4323.41284077024,-711.1504648367527
4107.993916573558,5602.375548106532,-1494.381631532974
4111.490198918644,4432.048249093934,-320.5580501752902
4102.705751583949,5115.165595807607,-1012.4598442236584
4124.0295103756625,3161.7474904673118,962.2820199083508
4100.757375189128,5297.123728416716,-1196.3663532275887
4583.113547549593,5294.332763151489,-711.2192156018964
4588.450691926908,5301.737433073113,-713.2867411462048
4582.823541281916,5492.574287755294,-909.7507464733781
4601.11029135566,3153.6868787446365,1447.4234126110232
4598.879550929798,3145.823498289767,1453.0560526400309
4602.550559254017,5313.129395904283,-710.5788366502666
5167.223699512918,5499.005576305664,-331.7818767927465
5162.879224111914,5084.003743518352,78.8754805935614
5156.70827733428,5306.612200953475,-149.90392361919476
5160.936937131351,4118.540505640263,1042.3964314910882
5173.315487925946,5425.213157521799,-251.89766959585268
5173.580418693133,4331.54253030716,842.037888385973
5162.682266872625,5298.240412657105,-135.55814578447917
5168.837200071748,5427.386628541771,-258.5494284700226
5159.105320392751,5413.291875306038,-254.18655491328627
3126.40135657343,5579.374581192815,-2452.973224619385
3139.585273452067,5295.7493695620105,-2156.1640961099433
3807.247162043754,4518.610919357626,-711.3637573138717
3805.783584696566,5492.721519757185,-1686.937935060619
3801.2890646106625,5494.610637317638,-1693.3215727069755
3809.0328716367258,5419.780448916752,-1610.7475772800262
3795.86752141336,5276.60708998605,-1480.7395685726897
3800.00096690891,4715.155624779872,-915.1546578709617
3816.709863309703,5297.19672336829,-1480.486860058587
3817.580593185397,5596.361363004142,-1778.7807698187448
4578.544019575844,3621.5802874972896,956.9637320785541
4597.028184528152,4625.541735788336,-28.513551260183704
4599.775596657311,5311.184124074068,-711.4085274167564
4600.196047854066,4617.225775932083,-17.029728078016888
4593.284840624965,5414.29926338704,-821.0144227620749
4576.821903991628,5582.502241029824,-1005.6803370381967
4593.161040638996,5474.260988617422,-881.0999479784259
5269.102961616512,3833.822112710885,1435.2808489056274
5236.136806929706,5275.588956238258,-39.45214930855218
5261.269101494922,5309.692649000618,-48.42354750569575
5267.311151825645,4615.386737385448,651.9244144401964
5279.468866076746,4619.771057217612,659.697808859134
5255.314727924983,5075.709619435486,179.60510848949707
5276.493607237296,4536.977937604079,739.5156696332169
5266.285609005874,5284.3183711906695,-18.0327621847955
5549.142608866261,5281.467266236283,267.67534262997833
5555.4226749239815,5619.832537516708,-64.40986259272631
5240.584495916763,4504.273000397725,736.3114955190385
5260.126448320179,5307.792983030141,-47.666534709961525
5256.805681029259,5271.62157057552,-14.815889546261133
5256.180173084575,5583.498772942251,-327.3185998576764
5272.810982781177,5503.996220291013,-231.18523750983604
5279.325831997595,4345.285792533517,934.0400394640774
5264.498169105705,5312.919581308358,-48.4214122026533
5274.911984417971,4624.233559238287,650.6784251796844
4594.290686729417,4917.733722317351,-323.443035587934
4606.047094159092,4830.6431603641,-224.59606620500836
4575.329502665495,5295.066829763419,-719.7373270979242
4585.17314002727,4324.852095513448,260.321044513822
4571.348231522446,4504.5802782335395,66.76795328890694
4590.425362657316,3831.4333238728086,758.9920387845077
4595.2898942074235,5115.100198737228,-519.8103045298049
3809.610761625596,5222.0260972392525,-1412.4153356136567
3806.8098103617813,4640.662571707112,-833.8527613453307
3821.140230054009,3646.387193265562,174.75303678844693
3817.5218436587256,5308.961838333896,-1491.43999467517
3816.567460427259,3149.5192695566175,667.0481908706415
3813.276486382867,4744.102446741336,-930.8259603584693
3803.246251239117,5577.041647991098,-1773.7953967519811
3826.9318971620937,5312.629466028339,-1485.6975688662455
3114.2208803184285,5602.846230085613,-2488.625349767184
3125.4068222507804,4615.671615964971,-1490.264793714191
3123.885915186823,4522.31396799064,-1398.428052803817
3615.538283483617,5126.23541303662,-1510.6971295530034
3613.3234098402336,5486.516147152231,-1873.192737311997
3617.1538305905583,4742.736574886122,-1125.5827442955638
3612.4825030509696,5306.44934543058,-1693.9668423796106
3617.084873999673,5607.033278990524,-1989.948404990851
4118.739567876735,5422.101537688542,-1303.3619698118064
4100.857915032143,5297.267626866853,-1196.40971183471
4106.3448356189465,5114.008195550362,-1007.6633599314155
4110.588366567589,5322.777007674165,-1212.1886411065761
4083.9454144377837,4620.5949370253875,-536.6495225876038
4587.590919240172,5590.486585555445,-1002.895666315273
4593.706908937776,4623.117510544185,-29.410601606409728
4587.992834904374,5270.191251003568,-682.1984160991942
4599.397997219909,5509.457682349645,-910.0596851297369
4609.871852842792,5319.849946900566,-709.9780940577739
4598.120105224824,3836.850950301542,761.2691549232823
5165.931879051721,5496.570698031229,-330.63881897950796
5167.054933983518,3838.7733102939396,1328.2816236895783
5157.093483927295,4319.283779667322,837.8097042599729
5147.104708264697,4593.716345174127,553.3883630905702
5163.294210598627,3825.940539425073,1337.3536711735537
5182.812596211689,5118.837008235397,63.975587976292445
5186.432333001326,5127.026176897348,59.40615610397799
5138.694420212007,5092.249158917061,46.44526129494534
5152.261723467014,4507.47599589917,644.7857275678443
3125.9238216583854,5294.634255442529,-2168.710433784144
3141.2550826048973,4337.5285198938145,-1196.2734372889172
3815.331008776776,5603.118753393363,-1787.7877446165867
3814.2887059934546,5226.427901894082,-1412.1391959006278
3826.850395081079,4613.121839815554,-786.2714447344752
3802.86915010519,4905.932729073494,-1103.0635789683038
3815.680691161216,4527.007942623549,-711.3272514623327
3817.8733990096202,4532.338670170551,-714.465271160931
3820.6459941313847,5422.217717515886,-1601.5717233845012
3800.21876772625,5095.081544944294,-1294.8627772180444
4595.9807475529,5280.365632698917,-684.384885146017
4580.017717002147,3624.608542460498,955.409174541649
4581.21928131199,5481.906120281397,-900.6868389694073
4602.492920906486,5319.751191484509,-717.2582705780233
4592.091214344914,5493.8494225895565,-901.7582082446424
4585.818136892249,5303.839939547399,-718.0218026551502
4608.333427030641,4628.162347101449,-19.828920070807726
5264.496736473152,4617.0006626033555,647.4960738697964
5279.709279679977,3149.988183326665,2129.721096353312
5259.555050390489,5492.909951244492,-233.35490085400306
5276.379144357544,3643.844973812898,1632.5341705446458
5267.468833212623,4616.206229347154,651.2626038654698
5266.8565332891,5516.4403264702005,-249.5837931811002
5261.086975824531,4325.0675165591765,936.0194592653543
5295.008794926838,4556.0233471881165,738.9854477387216
5560.593508941958,5287.937577841402,272.6559311005558
5558.863070797376,5498.099693757559,60.76337703981699
5275.658093536745,5098.774315035479,176.88377850126562
5249.128169406049,4598.642810101327,650.4853593047219
5249.770745671621,5298.979142942865,-49.208397271244394
5257.262408048072,5291.93214514451,-34.66973709643844
5260.503264827736,5472.172294185949,-211.66902935821327
5272.195268921007,4131.699778097282,1140.4954908237241
5250.303086310017,5470.239020037466,-219.93593372744908
5275.811783707872,4132.9025644817475,1142.9092192261242
4587.160571597553,3829.089384000155,758.071187597398
4593.8397098433825,5080.613792824847,-486.77408298146474
4599.867855007848,5319.688644926656,-719.8207899188073
4594.9474182380345,5302.832835790858,-707.8854175528231
4596.015820322031,5501.375390432665,-905.3595701106342
4604.900574008425,5092.8579720668895,-487.9573980584646
4605.371517866215,4832.536587546556,-227.16506968034082
3802.6958058078494,5581.355508875913,-1778.6597030680637
3809.777309529275,5413.900950934878,-1604.123641405603
3807.7829769844257,5303.543363848692,-1495.7603868642664
3814.1207855495104,5416.25285591855,-1602.1320703690399
3813.276486382867,4123.793556685379,-310.51707030251237
3816.468400925761,4335.061627146917,-518.5932262211559
3804.0847799791723,5273.982598225708,-1469.8978182465357
3809.0120171400904,5306.411473943055,-1497.3994568029648
3131.207586380954,3648.7652355904856,-517.5576492095315
3127.6018310997756,5426.701165859438,-2299.0993347596627
3123.885915186823,5272.914090920673,-2149.02817573385
3613.082901457975,5279.776044415779,-1666.6931429578044
3619.4481881904303,5311.146184678941,-1691.6979964885104
3621.2597085795746,3643.311574447874,-22.0518658682995
3632.5968536615874,3847.8718456433876,-215.2749919818002
3617.7078470812794,5319.8785437341885,-1702.170696652909
4106.322041417001,3144.087793910772,962.2342475062292
4097.7909392864485,4909.090744563061,-811.2998052766125
4112.574204693378,4333.793643482345,-221.21943878896673
4101.840703370711,4605.452582767235,-503.6118793965243
4099.144619753798,5109.793127454845,-1010.6485077010466
4596.37787446303,4612.60687658106,-16.22900211802971
4582.014591135555,5073.343047227075,-491.3284560915199
4598.293882686641,5613.602256225392,-1015.3083735387509
4579.934417947995,5289.709127638251,-709.7747096902558
4585.410066976817,5485.506824688856,-900.0967577120391
4593.522595709193,3836.787729881444,756.7348658277492
5156.866683305049,5490.730287605758,-333.8636043007091
5182.834895368359,5330.34082926155,-147.50593389319147
5163.6167743165015,3830.69586188814,1332.9209124283616
5147.038782317449,5576.840448776375,-429.80166645892587
5153.881483702625,5093.799513700952,60.081970001672744
5169.9091485033605,5106.468318722295,63.44082978106508
5177.613883234239,5319.882879048548,-142.26899581430825
5152.127233227482,5290.588298450544,-138.46106522306218
5171.697867569974,5288.461082657395,-116.76321508742149
3119.5703984655397,5590.018453509288,-2470.448055043748
3127.1579529281594,5327.021787475386,-2199.863834547227
3811.303987706198,5280.095412538349,-1468.7914248321508
3818.284055666592,5308.717040122742,-1490.4329844561503
3821.9007072446357,3840.3161435408642,-18.415436296228563
3802.868416369789,5495.232407219025,-1692.363990849236
3820.1424583322632,5289.847408842054,-1469.7049505097912
3812.362974882714,4822.595919447249,-1010.232944564535
3818.722783041216,3838.121907399315,-19.399124358099016
3813.5589098256564,5286.747554686917,-1473.1886448612609
4597.028184528152,5312.746695338449,-715.7185108102967
4601.207040893239,4619.909380692236,-18.702339798996945
4589.790865385132,5408.768107416533,-818.9772420314011
4614.080441775872,4632.866416431884,-18.785974656012513
4589.623272983175,3825.440078918217,764.1831940649586
4602.034883541187,5501.153410982431,-899.1185274412437
4596.781242450472,4529.078055447801,67.70318700267126
5253.433297840035,4319.847294764172,933.5860030758631
5249.02758640427,5297.474379790429,-48.4467933861597
5268.382071104451,5420.641665307735,-152.259594203284
5271.870787943544,4533.777137766914,738.09365017663
5266.180494113452,4423.460677041719,842.7198170717338
5269.359763253505,5091.006276987217,178.3534862662882
5270.071068533705,5287.960966521814,-17.889897988108714
5271.31125286196,5321.035456215849,-49.7242033538887
5533.10842347775,5088.28372098469,444.8247024930597
5552.118258877714,5302.351712438357,249.76654643935672
5259.766837696782,5509.313164940883,-249.54632724410112
5264.9321398460415,5282.9032185504275,-17.971078704385945
5264.193703916099,5613.953167667533,-349.75946375143394
5287.419146760942,5303.990511093997,-16.5713643330555
5256.785834740973,3828.756793970998,1428.029040769975
5269.799513904896,3145.9458502050943,2123.853663699802
5263.506422372179,3138.9800074512805,2124.526414920899
5262.2663581181,4617.742412140571,644.5239459775285
4586.620686231934,5597.561763916193,-1010.9410776842587
4604.961243015413,3843.289711659999,761.6715313554141
4606.626984879561,5428.29712314572,-821.6701382661595
4588.596446503801,5406.489826256922,-817.8933797531208
4585.396702356318,3829.049356493302,756.347345863016
4575.987534281326,5277.598330034114,-701.6107957527884
4591.626399779427,4619.653057468132,-28.0266576887052
3804.7757804937005,5270.722702518007,-1465.9469220243068
3801.263378326262,5608.065469359154,-1806.802091032892
3800.587208780083,4113.708051875912,-313.12084309582906
3804.2817044859667,5410.275658207396,-1605.9939537214295
3803.246251239117,5297.75073445597,-1494.5044832168528
3804.0847799791723,3823.063624095823,-18.978844116650635
3817.816467956228,5110.215346588461,-1292.3988786322334
3803.683394121757,5271.761110907323,-1468.0777167855663
3127.860863186998,5426.07400794251,-2298.2131447555125
3123.727479168689,4531.776605766333,-1408.0491265976439
3123.885915186823,5501.671027179945,-2377.785111993122
3621.873345153889,5309.396279194364,-1687.5229340404749
3607.452344260715,3827.1388370233317,-219.68649276261658
3615.8332227041606,5392.46450772572,-1776.6312850215595
3631.3633542225425,3849.29315572591,-217.92980150336734
3622.9280187970994,4614.901575360162,-991.9735565630622
4110.998918418766,4329.529871245857,-218.5309528270909
4114.754967895026,4648.85203480503,-534.0970669100034
4111.065414121486,5297.073875831634,-1186.0084617101475
4109.188079822847,5290.442394443509,-1181.2543146206626
4117.578120983605,4626.236045778442,-508.6579247948366
4607.853585699183,5317.539812695473,-709.6862269962903
4597.145537095627,5314.174624557982,-717.0290874623543
4602.211400184479,4534.38779615232,67.82360403215898
4579.386497599086,3127.1140946115015,1452.2724029875849
4594.384123424951,5289.8094621317,-695.4253387067483
4576.699658194271,5599.419783689862,-1022.7201254955908
5184.505368425871,5330.859998729871,-146.35463030400024
5156.798773111124,3134.9626721857016,2021.8361009254227
5155.038515375322,4520.725570256343,634.3129451189789
5149.363725297627,3133.4866109221184,2015.8771143755084
5174.476693637609,5293.980981944143,-119.50428830653436
5161.618312868096,5280.13782949622,-118.51951662812371
5165.655449953211,5300.95017302802,-135.29472307480864
5159.105320392751,5601.3600130859295,-442.2546926931782
5168.612562652282,5610.243924957975,-441.6313623056931
3119.9842808875396,5293.128788214381,-2173.144507326841
3121.7469949472243,5086.190464175979,-1964.443469228755
3812.1373147371714,3145.2448998860714,666.8924148511
3811.454620412888,4526.764163995731,-715.3095435828432
3815.2045880542496,5299.820188534251,-1484.6156004800018
3820.0003364108015,4138.740091983216,-318.73975557241465
3814.4116911356223,4128.78032724625,-314.36863611062745
3801.2547126802715,4520.129831952111,-718.8751192718396
3812.8343110802302,5590.495391021409,-1777.6610799411787
3830.9519684626234,4623.205115074387,-792.2531466117639
4613.107660706391,5511.848295918551,-898.7406352121607
4594.821846692496,3147.0754731383695,1447.7463735541269
4602.1267795465155,5428.401148056977,-826.2743685104615
4596.037003307551,5301.8086879586945,-705.7716846511439
4584.538093304017,3828.317765326241,756.2203279777759
4590.65878721553,5083.509912161887,-492.85112494635723
4584.980978197978,5272.122132088174,-687.1411538901957
5263.133338454856,5302.93423956618,-39.80090111132358
5268.001524308983,5308.508495582465,-40.50697127348212
5263.24219820143,5281.417553798907,-18.175355597476482
5262.400675369918,4129.847256167184,1132.5534192027335
5273.489409559985,4634.855246309434,638.634163250551
5266.285609005874,3140.8493861276775,2125.4362228781965
5270.050231820424,5493.882008383275,-223.8317765628508
5251.360412236853,4605.289228487218,646.0711837496356
5541.190714452182,4607.269612782676,933.9211016695062
5551.873477080859,5416.8275758962845,135.04590118457418
5257.996629122897,4320.8917384403885,937.1048906825081
5269.659663345433,5115.02930783887,154.6303555065624
5273.257597263461,5285.875647561054,-12.618050297593072
5253.117441655222,4603.8666991517175,649.2507425035046
5263.471542527495,5280.6020968022995,-17.130554274804126
5254.084975242109,5602.324230569037,-348.2392553269283
5273.102579377959,4646.877276355007,626.2253030229522
5252.21660725681,5290.078005774998,-37.86139851818825
4605.874971168203,3649.0032132949086,956.8717578732944
4596.846517792041,4614.3064952487775,-17.45997745673685
4598.110994442908,5516.080711023031,-917.9697165801226
4623.207983046859,4357.365111360606,265.8428716862536
4604.516297229634,3850.6340615455124,753.8822356841215
4603.601187139175,5318.688059400033,-715.0868722608584
4594.091676227528,4612.151247475669,-18.059571248140855
3818.862106369272,5088.504703593599,-1269.6425972243264
3807.594477791132,5605.096559984899,-1797.502082193767
3812.4822763856446,5276.955320540764,-1464.4730441551192
3804.67468137179,4324.491073663135,-519.8163922913445
3826.9318971620937,5322.88324280599,-1495.9513456438967
3809.0120171400904,4622.909790000951,-813.8977728608606
3803.683394121757,5402.859580837047,-1599.1761867152904
3823.4110899352518,4618.923829288206,-795.5127393529547
3127.7903806090594,3144.4389245517996,-16.64854394274016
3116.8669408561873,3833.597872149589,-716.7309312934017
3123.885915186823,4327.63457314932,-1203.7486579624974
3611.5778876167346,4522.292461242155,-910.7145736254201
3612.3867972781304,5270.485618477872,-1658.0988211997415
3619.123455640094,5422.963886192411,-1803.8404305523172
3618.8455773446512,5379.933880614896,-1761.088303270245
3615.0425019613854,4602.772164831913,-987.7296628705276
4114.583546610087,5601.612728624861,-1487.029182014774
4101.66172635795,5409.858617035653,-1308.1968906777029
4119.510150167604,4537.399429007161,-417.88927883955785
4118.091774884519,3846.6665489754537,271.4252259090649
4096.017332002509,4610.61863255697,-514.601300554461
4566.950862158179,4900.147258136684,-333.1963959785053
4580.580427456578,3822.7549402008317,757.8254872557463
4587.066180852077,5591.769202022156,-1004.7030211700785
4572.28629538746,5282.55712173282,-710.2708263453596
4590.155690596967,3634.915943464239,955.2397471327286
4591.604094939629,5595.188044701611,-1003.5839497619818
5168.425173491818,5425.743472955039,-257.3182994632207
5156.70827733428,4608.358181233884,548.3500961003956
5155.771221430575,5273.408957160962,-117.63773573038725
5153.501890036457,5295.717282394061,-142.2153923576043
5165.933937586906,4522.253438607973,643.6804989789325
5170.75644661226,3840.3863991727053,1330.370047439555
5157.848348702834,4518.607662793467,639.2406859093671
5165.705801800893,5610.283999332858,-444.5781975319651
5167.663489991719,4922.95304274321,244.7104472485089
3117.49342621361,3834.425697265047,-716.932271051437
3133.283496963106,5115.052476733541,-1981.7689797704352
3813.460405349555,5424.068732611493,-1610.608327261938
3815.3440264079477,5428.088954982138,-1612.74492857419
3818.1022319000695,5286.074422070215,-1467.972190170146
3823.18292549752,5505.439297193135,-1682.2563716956147
3818.1129356752654,5491.490557869815,-1673.37762219455
3827.5528672023697,5109.240467163845,-1281.6875999614754
3807.74782356734,5107.445855596277,-1299.6980320289372
3819.3340966983365,5229.525995063533,-1410.1918983651963
4599.775596657311,4614.540593595399,-14.764996938087279
4589.790865385132,4324.06451940223,265.7263459829019
4563.909770421682,4614.515708022162,-50.60593760047959
4593.877376224219,4527.2004571101315,66.67691911408747
4586.248481487264,4519.23401644037,67.01446504689375
4605.186219246844,3851.2166674683717,753.9695517784726
4599.555340495645,3843.7394378167533,755.8159026788921
5272.876429333168,5491.599266089001,-218.72283675583276
5268.935515002803,4614.1396593939235,654.7958556088797
5258.370570343059,4521.460757667967,736.9098126750914
5265.699496552221,4618.955784439119,646.7437121131015
5255.768382810343,5293.655392113917,-37.887009303573905
5272.608640096126,5310.7522958196305,-38.14365572350471
5268.734651343588,5420.004523900487,-151.26987255689892
5276.912811353178,5524.081475332673,-247.16866397949525
5526.150466639491,5397.21118016051,128.93928647898156
5565.7394167201,4822.947648635439,742.7917680846613
5277.191657401145,3645.027974464296,1632.1636829368485
5272.810982781177,5414.585591589828,-141.77460880865146
5238.508140749003,5285.783154176233,-47.27501342723008
5270.736093356223,5492.0652414353535,-221.3291480791304
5267.238560293847,4607.3563744912935,659.8821858025531
5276.214138732727,4618.831911317846,657.3822274148815
5260.513318014335,3143.393313456575,2117.12000455776
5249.983327591836,4596.205141883824,653.7781857080126
4598.899470310162,4618.227035893207,-19.327565583045725
4593.62994033813,4612.649451253445,-19.01951091531464
4596.342183702495,5117.95712835717,-521.6149446546751
4587.802931326996,5418.277015889122,-830.4740845621254
4612.178136577645,5321.298014785672,-709.1198782080273
4600.331303727237,5597.517563467673,-997.1862597404361
4586.508390145649,5615.564969083396,-1029.056578937747
3794.532489468533,5295.0179763063625,-1500.4854868378293
3802.878815317731,4599.9826014191085,-797.1037861013774
3817.328697229697,5309.242399770374,-1491.9137025406767
3793.1919143711725,5279.691693199617,-1486.499778828444
3806.396853174536,5294.996195102355,-1488.5993419278193
3823.74288549996,5104.235338998123,-1280.4924534981628
3818.990798871652,5311.723439586713,-1492.7326407150608
3818.786491111246,5499.399897514361,-1680.6134064031153
3132.6683131886466,5499.34702828415,-2366.6787150955033
3113.1406190449147,5487.878976295769,-2374.738357250854
3123.885915186823,4609.385191212989,-1485.4992760261666
3621.475091975524,5424.959392001212,-1803.4843000256883
3608.0959867646293,4326.1292076219615,-718.0332208573323
3629.0825445786954,5595.682732255944,-1966.6001876772484
3632.6172528087245,5320.389668103281,-1687.7724152945566
3631.539782353571,5303.408096908169,-1671.8683145545979
4113.248520025833,4618.8225142649,-505.57399423906645
4104.619587997861,4810.483779956314,-705.8641919584525
4111.472351224684,5228.8934737278705,-1117.4211225031868
4096.246727618368,5291.349776758221,-1195.1030491398533
4097.489686224554,3824.9960466767134,272.49363954784076
4586.826835863751,4812.10478409147,-225.2779482277192
4590.696294706568,3636.133467550038,954.5628271565297
4581.846179428419,3831.085945327918,750.7602341005013
4586.317765229754,4518.95042780586,67.36733742389333
4596.590510281826,4527.455250630173,69.13525965165263
4605.444064096312,5624.711890908016,-1019.2678268117043
5157.872830111382,3827.205700317455,1330.6671297939274
5168.371092788808,5422.795598861718,-254.42450607290994
5170.265503951688,4615.6194423266925,554.6460616249951
5176.625266068167,5313.802363639864,-137.17709757169723
5165.249318222723,4528.340950058654,636.9083681640686
5168.496540550343,4619.557969852573,548.93857069777
5157.69076952342,3826.300341806903,1331.3904277165175
5165.98926634641,5300.84711483539,-134.85784848898038
5161.660812277396,3834.77795697216,1326.8828553052358
3118.6393660636772,5317.073590829455,-2198.4342247657773
3117.4233081403104,3829.6399767930952,-712.2166686527848
3822.311969880558,3843.1170492420697,-20.805079361511616
3823.2421254166743,4617.407781228808,-794.1656558121335
3820.199918729106,4614.470930906174,-794.2710121770679
3814.5757210456254,5129.909576850808,-1315.3338558051823
3797.476006585978,4593.988266284352,-796.5122596983738
3795.526299121482,3622.8584523542177,172.66784676726456
3807.354485105944,4123.680159863134,-316.3256747571895
3805.242231854084,4519.67012366617,-714.4278918120863
4596.196205903486,5482.481254596383,-886.2850486928974
4592.483583932563,3833.094713522909,759.3888704096544
4602.226855230413,5432.452050386681,-830.2251951562675
4598.250664669513,5595.994874794945,-997.7442101254319
4603.0638038340985,5599.624505129825,-996.5607012957262
4593.575743952632,4612.224519590811,-18.64877563817845
4590.8598801421995,5272.872710616794,-682.0128304745949
5254.418736328939,5468.55699971313,-214.1382633841904
5250.483361833289,5290.829867989104,-40.346506155815405
5247.12061894586,4408.3007746823905,838.8198442634693
5257.581864293567,5277.187091794472,-19.60522750090422
5276.433289829803,5313.768441191585,-37.335151361782664
5260.441090424526,4522.608963675221,737.8321267493047
5269.796337277621,4619.8138186090755,649.9825186685457
5278.435037874368,4333.160499690807,945.2745381835612
5548.73608365088,4326.1836186399,1222.55246501098
5560.700850960673,5499.001105023651,61.69974593702227
5277.708810696442,5326.201562229798,-48.49275153335566
5263.69936451126,5608.781005264558,-345.0816407532984
5257.536700499838,5377.338431771381,-119.80173127154285
5262.964987867427,5419.439735328254,-156.47474746082662
5273.597701977872,5290.121533982508,-16.52383200463555
5268.720716737551,5308.251734996393,-39.53101825884187
5258.611452784257,4910.456841807061,348.15461097719617
5261.636838161196,5599.563543782956,-337.92670562176045
4600.9076719343975,5496.142640033572,-895.2349680991747
4590.766236910271,5278.95299917766,-688.186762267389
4564.236299500703,4584.279969645273,-20.04367014456966
4570.243430722283,5471.812560539091,-901.5691298168076
4584.602733475269,5409.231257542455,-824.6285240671859
4592.147659354253,5110.5865386772775,-518.4388793230246
4585.781782729252,5082.266349361762,-496.48456663251
3803.1668531313167,4604.75128039869,-801.5844272673735
3810.808427050389,5271.147537763933,-1460.3391107135435
3807.2056414316517,4615.174090601874,-807.9684491702224
3796.7434688606177,3820.234949732726,-23.49148087210824
3822.2691418729305,3840.4634924685874,-18.194350595656942
3822.107777423109,5292.963039761462,-1470.855262338353
3814.2531234904,5098.835235787252,-1284.5821122968518
3813.06244957214,5120.985818285682,-1307.9233687135425
3113.1406190449147,5080.976270045848,-1967.835651000933
3120.1074440476827,4526.420328209659,-1406.312884161976
3123.885915186823,5295.610717017126,-2171.7248018303035
3607.912896041418,5076.360770577818,-1468.4478745363995
3629.7675932006996,5525.970923417951,-1896.2033302172513
3625.6214726645335,4333.965990197117,-708.3445175325837
3628.4667339021084,5289.239173093579,-1660.7724391914703
3624.555527763796,3841.7276401028303,-217.17211233903436
4108.363105384936,5613.937824276413,-1505.5747188914775
4113.172669233275,5415.44773890623,-1302.2750696729554
4089.9556082260733,5068.807611866906,-978.8520036408327
4115.9564619549365,4631.322833409957,-515.3663714550203
4114.553353045516,5322.585355222544,-1208.0320021770285
4589.067899338594,3831.6482338366122,757.4196655019814
4582.823541281916,5581.1568427939055,-998.3333015119897
4601.300198424192,5511.654438605502,-910.3542401813102
4591.762697372265,5281.853786910498,-690.0910895382322
4596.973481490929,5314.124272076507,-717.1507905855779
4604.219374399917,5292.729830709311,-688.5104563093937
5155.0681865756615,5296.341056842231,-141.27287026656995
5167.711464602637,5087.486038501794,80.22542610084292
5166.650561309895,5410.195064726928,-243.5445034170325
5155.852399714734,5295.080720826232,-139.2283211114982
5175.098939809867,5605.288798829921,-430.1898590200535
5165.525678397018,5605.193872193839,-439.66819379682056
5161.150277728497,4423.61668708526,737.5335906432365
5155.959321413863,3147.911362516864,2008.0479588969993
5157.279128099965,4922.577621244034,234.70150685593126
3123.6273218053334,5607.605510940744,-2483.978189135411
3113.637612765215,5591.938926142475,-2478.3013133772597
3806.8918191684866,5273.309580287543,-1466.4177611190566
3808.8531539481346,5301.800559277828,-1492.9474053296935
3792.796952531627,4602.162304374455,-809.3653518428277
3803.496220332632,3823.708936398502,-20.2127160658697
3833.8410997271,5104.496733770341,-1270.6556340432412
3809.2230781748885,4324.388097027386,-515.1650188524973
3811.313689611609,3830.1905606700184,-18.876871058409506
3803.7879314388056,5284.848951610597,-1481.0610201717918
4600.196047854066,4617.942461973248,-17.74641411918219
4614.080441775872,5120.492875025926,-506.41243325005416
4593.877376224219,5496.850210275677,-902.9728340514575
4610.952436152934,3652.1434234299336,958.8090127230003
4584.290798656388,5308.554984438727,-724.2641857823392
4595.21777777144,5425.364728983208,-830.1469512117683
4598.858332084048,5108.450563458978,-509.5922313749297
5291.983469716426,3657.9982586688316,1633.9852110475945
5265.515957530591,5302.911954845453,-37.39599731486214
5263.650284314488,5594.758336289427,-331.10805197493846
5260.112580365642,5299.4009197483165,-39.28833938267417
5250.712216376601,5095.3140439885265,155.39817238807427
5270.80687769912,5426.521634741311,-155.71475704219029
5271.201127576823,5288.151663939926,-16.95053636310331
5268.151019700746,4530.591978112,737.5590415887455
5565.445889903063,5436.131672635297,129.31421726776625
5555.536175649125,5314.552040952885,240.98413469623938
5255.09077523257,5096.512177894329,158.5785973382408
5264.421198746906,5417.543657267692,-153.12245852078559
5254.333816115981,3827.876520925576,1426.4572951904047
5277.506237604941,5609.7088661291955,-332.2026285242546
5252.480884577399,5076.151944541704,176.32894003569436
5261.375996576198,5102.539745486574,158.83625108962406
5257.616600309747,5295.893782273861,-38.27718196411388
5253.815800169557,3813.066587268092,1440.7492129014654
4581.548579602219,5307.497859660183,-725.9492800579637
4593.899786322247,4924.5656677997495,-330.6658814775028
4590.07130277772,5607.039118187574,-1016.9678154098538
4575.479422212691,5267.267742442968,-691.7883202302764
4583.146977025152,3823.745401823519,759.4015752016335
4592.079793457724,4609.522416773058,-17.44262331533355
4573.6899430858475,5464.0768917648265,-890.386948678979
3800.7895723068214,5262.2602023213785,-1461.4706300145572
3818.312350736498,4611.36461347912,-793.0522627426217
3814.993884805355,5493.556359882049,-1678.5624750766942
3815.9664236822036,4534.2283421528855,-718.2619184706818
3802.8776412547218,4324.50501648227,-521.6273752275479
3809.3641221049597,4607.804994556916,-798.4408724519567
3804.5969488061783,5577.675655202435,-1773.078706396257
3809.0071490963915,5295.327354790115,-1486.320205693724
3129.068648147968,4629.436424852543,-1500.3677767045747
3122.059055514763,3834.1685487889517,-712.1094932741889
3123.885915186823,5113.465341152334,-1989.5794259655113
3622.9147623886474,5618.572952696421,-1995.658190307774
3629.9394405399726,4634.67239300472,-1004.7329524647475
3612.6996783356635,3632.3325815155254,-19.63290317986184
3613.8735428592677,5279.040920374769,-1665.167377515501
3615.4260865678725,3833.993554239956,-218.5674676720837
4113.072514246352,4921.51165570769,-808.4391414613383
4106.848062666897,4618.811654235294,-511.9635915683966
4117.289020217523,4337.904196512077,-220.61517629455375
4099.912864847102,5586.253260592153,-1486.340395745051
4101.74183239247,5270.432460356529,-1168.6906279640589
4585.421748523558,5299.729073702268,-714.30732517871
4590.755556066529,5411.857763032888,-821.1022069663595
4591.53818986534,5417.942950346729,-826.4047604813886
4600.764873742284,4619.040237981837,-18.2753642395528
4584.265797928414,5103.318053170629,-519.0522552422153
4606.093360537191,4634.758553208354,-28.665192671162913
5167.502179567985,3143.5963755596736,2023.9058040083114
5171.579380415577,4137.132798745756,1034.4465816698212
5173.588304878222,4627.323379826587,546.2649250516342
5158.842024578425,3827.6348090728475,1331.207215505577
5147.205266679935,4594.12977670097,553.0754899789654
5155.315414884117,5276.311119339025,-120.99570445490826
5166.867696207782,5301.113957301916,-134.24626109413475
5189.134372477525,5337.323368427848,-148.18899595032326
5171.222133678765,4526.35679165404,644.8653420247256
3107.6507530236845,4498.103420715862,-1390.4526676921773
3117.313092730571,4624.704747114691,-1507.3916543841196
3814.9432348637633,5488.9418017529015,-1673.9985668891381
3812.5375887265623,5291.699751260156,-1479.1621625335933
3841.608781959169,4645.3186319218685,-803.7098499626995
3823.2013404953464,5433.823183187877,-1610.6218426925302
3804.2815204926465,5606.2240614991415,-1801.942541006495
3813.314366199026,5418.62366518887,-1605.3092989898441
3815.858705574859,5498.006970888785,-1682.148265313926
3822.2691197976255,5628.779450212972,-1806.5103304153463
4590.1052865477195,5585.534283246475,-995.4289966987553
4578.213187918054,3824.539285050888,753.6739028671664
4604.021668923076,5311.2174576082925,-707.1957886852169
4601.212932289887,5610.40216717798,-1009.1892348880929
4574.504175350317,5289.1985343782835,-714.6943590279661
4590.535152120902,3636.672358047774,953.862794073128
4591.132651567867,5298.355954478524,-707.2233029106574
5265.232633561033,5286.266770101891,-21.034136540857617
5257.281604038576,4426.420425638997,830.8611783995793
5282.065374240628,5330.702948759369,-48.63757451874062
5262.994056014548,3836.0207695888935,1426.9732864256544
5269.251741123194,3635.0455547075026,1634.2061864156913
5255.467622621129,5080.18113615992,175.28648646120837
5260.477152453624,5298.75220295057,-38.27505049694628
5270.054651236757,3830.1813830184783,1439.873268218279
5530.215727270627,4112.701561352635,1417.5141659179926
5541.211603674027,5493.81942045838,47.39218321564749
5257.18105739173,5296.662635337943,-39.48157794621329
5272.756038826563,5615.400751001844,-342.6447121752808
5256.317547021323,5079.576445183427,176.74110183789617
5281.2360546079435,5320.747474266729,-39.5114196587856
5266.510872331275,5597.099703777392,-330.5888314461172
5265.071652661634,4822.385996536867,442.68565612476687
5252.541599747908,5301.795262688043,-49.253662940135655
5262.504645960113,4609.392979252564,653.1116667075485
4600.151369228427,5090.725543552246,-490.5741743238186
4587.6465802609055,5214.538831954785,-626.8922516938792
4599.497108831863,5281.825854809348,-682.3287459774847
4583.424370583893,5586.0885198673595,-1002.6641492834669
4586.912775837143,5296.769855842063,-709.8570800049201
4595.87765030422,5424.111456588,-828.2338062837798
4593.109956237847,4611.823801834126,-18.713845596279498
3822.101902166269,5230.898321620438,-1408.7964194541687
3807.623548113883,3828.4729613953195,-20.849413281436682
3820.484759134801,3840.485081039173,-20.00032190437196
3822.4307592950654,5311.202215618983,-1488.7714563239178
3808.363026143863,4606.212236456063,-797.8492103121998
3811.611349319802,4639.580917706518,-827.9695683867167
3817.143018527777,4933.133043821232,-1115.990025293455
3818.485343724793,5500.775305693163,-1682.2899619683703
3111.761850398793,5293.334300729911,-2181.572450331118
3108.9732639405825,5274.244192578486,-2165.2709286379036
3123.885915186823,5414.244461517603,-2290.35854633078
3614.871032199341,4521.339918567959,-906.4688863686183
3611.9191655930967,5283.636406737282,-1671.7172411441857
3620.430402201507,4528.8019387796085,-908.3715365781013
3616.0370783421376,5492.03767102983,-1876.000592687692
3608.0514988790064,3822.949132844215,-214.89763396520857
4115.022367165625,5424.906720178772,-1309.8843530131471
4117.172144918121,5598.129296400385,-1480.9571514822637
4114.500194165231,5602.934710330145,-1488.4345161649144
4100.757375189128,4806.796550304763,-706.0391751156349
4117.426186173799,3842.1808990661793,275.24528710761933
4586.373911899514,4604.843431746482,-18.46951984696807
4591.670564258155,5474.424442525943,-882.7538782677884
4593.298111208555,5596.249392830809,-1002.9512816222532
4582.285189808381,5295.638500926643,-713.3533111182624
4576.699658194271,5214.196331803226,-637.4966736089546
4582.852493281061,5305.013020869679,-722.1605275886186
5187.812851455106,3856.8571297556296,1330.9557216994767
5160.936937131351,3825.8396913953,1335.0972457360513
5153.501890036457,5292.686293007681,-139.1844029712247
5173.755006244186,3151.8629056791974,2021.8921005649886
5164.031990256819,5597.493817458067,-433.4618272012476
5165.652341585742,4610.837425269479,554.8149163162625
5166.691855578585,5284.698669068285,-118.00681348970011
5140.445973581429,5085.405936483524,55.04003709790504
5152.422367920511,4411.612465954526,740.8099019659849
3123.9687966967813,5113.284593426554,-1989.315796729773
3110.946916530962,5470.072860904137,-2359.125944373175
3801.032776674904,4514.6066333258095,-713.5738566509053
3812.032776956649,5478.431931871555,-1666.3991549149064
3814.4116911356223,4613.335381189899,-798.9236900542764
3803.490924169406,4910.353465001319,-1106.862540831913
3821.3194708694973,5311.05798592794,-1489.7385150584423
3812.8503377690345,4613.442061120816,-800.5917233517816
3797.002621262301,3813.2935058170215,-16.290884554720378
3825.6171877216425,5332.1200002733785,-1506.502812551736
4593.284840624965,5307.854041672342,-714.5692010473767
4589.623272983175,4519.238418712376,70.38485427079922
4586.248481487264,3633.1446304862393,953.1038510010249
4584.290798656388,5300.187078595612,-715.8962799392239
4589.755784814959,4116.996712096959,472.7590727180004
4592.4129242686195,5406.71324144936,-814.3003171807404
4597.107691821604,5417.991711382041,-820.8840195604371
5243.61183601061,3812.2825605662943,1431.329275444316
5266.106575963466,5281.867712125026,-15.761136161559989
5266.285609005874,5600.624464502491,-334.3388554966168
5280.644340980018,5614.650753637606,-334.00641265758804
5254.712913317589,5483.975014685581,-229.26210136799273
5262.2666252862855,4526.834656072837,735.4319692134486
5254.721612876512,5271.012104345422,-16.29049146890975
5262.1226364753375,4609.27479749529,652.8478389800475
5557.246914750136,5317.5393337499,239.70758100023613
5562.110695100148,5436.259156382794,125.85153871735474
5258.932450143016,4738.435516072932,520.4969340700836
5274.911984417971,5500.052438822901,-225.1404544049301
5267.2767399596105,5305.230971500253,-37.95423154064247
5253.860444586828,5409.608652588121,-155.74820800129328
5249.983327591836,5395.040053710246,-145.05672611840964
5243.157979481053,5583.044426090169,-339.8864466091154
5285.389458167903,4346.661376871676,938.7280812962272
5296.513369537899,5313.139322357968,-16.62595282006896
4608.928834294414,3848.7582512191257,760.170583075288
4580.693989093495,5113.685249193446,-532.9912600999514
4601.775802731426,5425.200731696824,-823.4249289653981
4586.937740041975,4606.321465815682,-19.38372577370683
4598.0813093518755,5305.149925289247,-707.0686159373718
4604.870493683547,5506.70133507626,-901.8308413927134
4581.827061882228,5096.462785987406,-514.6357241051783
3812.359182226299,5103.663109505438,-1291.3039272791393
3791.354120702802,3811.3426969787306,-19.988576275928608
3833.143890293152,5319.856483774142,-1486.7125934809906
3818.1987692667863,4621.200208025244,-803.0014387584579
3802.8781387275026,5596.502929778979,-1793.6247910514762
3814.9529124262986,3835.33774016871,-20.38482774241129
3818.4905506019027,5108.203436007949,-1289.712885406046
3823.106332883668,5315.430019605263,-1492.3236867215946
3117.9563897167986,3825.442396985623,-707.4860072688243
3141.9419635272507,3852.7355022117426,-710.793538684492
3123.885915186823,5099.27524854081,-1975.3893333539872
3609.5839499490826,4117.063847779391,-507.47989783030835
3615.902489070584,5420.8442080893265,-1804.9417190187423
3623.623658531212,4939.456199850622,-1315.8325413194102
3622.3988044966595,5104.031361082305,-1481.6325565856455
3619.637999675385,5117.731023644679,-1498.0930239692943
4093.6850841204214,3824.6831885529464,269.001895567475
4110.151873981333,5407.487950860723,-1297.33607687939
4124.0295103756625,5322.784203215355,-1198.7546928396923
4113.604380745063,5311.8311995294725,-1198.2268187844093
4109.567948449465,5105.977942801009,-996.4099943515439
4596.233189437854,5421.016569545533,-824.7833801076786
4591.171053335226,4641.922608512766,-50.75155517753956
4591.794744331769,5304.738106477859,-712.9433621460903
4600.577098810047,5615.15686716348,-1014.5797683534329
4605.586030185021,5607.019672264945,-1001.4336420799245
4591.373282161733,4130.205115647549,461.1681665141841
5163.840139835256,5597.338039843567,-433.49790000831035
5164.459485344442,5302.031331291691,-137.57184594724822
5140.240051817297,5290.638563439083,-150.39851162178547
5160.680146346419,5277.435406598988,-116.75526025256931
5154.978667906276,5272.842144811555,-117.86347690527873
5164.718735646248,5480.628667795991,-315.9099321497424
5166.951715398086,5308.716808133444,-141.76509273535794
5179.800560942871,4542.584498969211,637.2160619736596
5164.702542336634,5086.190464175979,78.51207816065471
3113.637612765215,5111.364590129328,-1997.7269773641124
3125.9111323075504,4610.839684701821,-1484.9285523942708
3827.519223528049,3149.906831930882,677.6123915971671
3811.332751364672,5409.016349043892,-1597.68359767922
3818.10045519863,5426.033538531484,-1607.933083332854
3823.9439268103465,5513.4399941334095,-1689.496067323063
3798.9962592006423,3820.726458683079,-21.730199482436547
3806.2926431497044,5406.711891900017,-1600.4192487503124
3814.227953516152,4813.968684967471,-999.7407314513189
3812.989308962304,5082.966225013228,-1269.9769160509236
4602.066246946677,5611.207215080373,-1009.1409681336963
4584.944765582977,4913.040081454635,-328.0953158716575
4601.321610226881,5284.474995331299,-683.1533851044187
4589.155810368047,5411.846244171761,-822.6904338037139
4591.679801614861,5301.049715902939,-709.3699142880778
4598.552650657321,5320.046875110501,-721.4942244531803
4591.7908030993885,4618.8864774623835,-27.09567436299494
5259.522930685002,5083.223650051147,176.29928063385523
5278.145782484593,5295.118826485705,-16.973044001111703
5286.1010963414765,4650.633152229896,635.4679441115804
5247.265180689228,5285.309142803976,-38.043962114747956
5241.037478304652,4586.5380575161,654.499420788552
5260.126448320179,5080.26195806586,179.8644902543192
5278.223916246018,5501.923755599117,-223.69983935309847
5269.659663345433,4613.794081051475,655.8655822939581
5560.781782967936,4753.547365174201,807.2344177937348
5547.798402146654,4527.450650147233,1020.3477519994203
5269.125900157906,3839.864321576946,1429.2615785809594
5245.000625357933,4597.923822465229,647.0768028927041
5243.808005462899,4908.767511559116,335.0404939037826
5246.034077317426,5266.8282974019285,-20.79422008450274
5270.784464494443,5508.422953704579,-237.63848921013687
5253.349773464434,5288.633047463066,-35.28327399863156
5275.183377659521,5292.017792480799,-16.834414821277278
5263.508061723474,4610.006511631038,653.5015500924364
4588.354327213821,4521.461100275939,66.89322693788199
4581.701033762976,4908.727276615482,-327.0262428525057
4598.172403313427,4528.079992636879,70.09241067654784
4590.212554644945,5472.807993431897,-882.5954387869515
4587.720851457545,5588.852446766807,-1001.1315953092617
4586.175512207521,3138.2153122049017,1447.9602000026193
4573.27500735355,5282.4323800250295,-709.1573726714796
3812.2470603783413,5108.061930761823,-1295.8148703834813
3823.6402679640996,5593.826547854394,-1770.1862798902948
3807.378896171946,5301.059752997485,-1493.6808568255387
3816.9106609680775,3837.131694070366,-20.221033102288402
3808.7890955472085,5269.296529629416,-1460.5074340822075
3817.2724321394035,5303.686401188652,-1486.4139690492484
3819.525269716,5288.134599938867,-1468.609330222867
3809.5473448399903,5619.7636271679585,-1810.2162823279682
3129.3789985780822,3152.104371190472,-22.725372612389947
3108.4969140479034,5269.344163436078,-2160.8472493881745
3123.885915186823,5297.752305089464,-2173.8663899026415
3613.65031331276,4610.372623231051,-996.7223099182911
3598.2746047606324,3815.776742116967,-217.50213735633452
3605.7368535369496,4608.391992788455,-1002.6551392515057
3607.0649547546436,3133.909577197929,473.1553775567145
3616.0783364564204,4133.278928496029,-517.2005920396086
4110.504072380878,5600.297805502404,-1489.7937331215262
4111.684624824232,4632.0977327118035,-520.4131078875716
4104.12227193199,4523.320793477073,-419.19852154508226
4116.917310725445,3842.7346085710465,274.18270215439816
4100.0638139914845,5270.697125044868,-1170.6333110533833
4587.677055515571,5477.162531707297,-889.4854761917259
4594.067695022451,4332.162518996868,261.9051760255825
4590.927713937243,5316.35932765188,-725.431613714637
4583.242614259878,3139.236306061866,1444.006308198012
4595.811379355189,4531.512248630544,64.29913072464569
4576.355783364858,5405.274806658985,-828.9190232941264
5152.846431885083,5097.171389956136,55.675041928946484
5156.990338968694,5585.889075486699,-428.8987365180046
5159.381746294425,5493.168437320964,-333.7866910265384
5148.667892868345,5405.36922831634,-256.701335447995
5146.716327143501,4590.8815907495045,555.8347363939965
5160.142745707449,4814.286696636601,345.8560490708478
5147.191524627302,5086.784052240051,60.40747238725089
5156.122742496699,5271.678078268329,-115.55533577162987
5170.288483398263,5090.794090619736,79.49439277852707
3111.083644809289,3825.8234349892796,-714.7397901799905
3111.7480710793566,4518.694504656638,-1406.9464335772814
3804.1504162906845,5310.345117226609,-1506.1947009359242
3812.854476561034,4614.42178870378,-801.5673121427462
3814.8621204580536,5298.266958274346,-1483.404837816292
3805.4374617104763,3824.3308769888217,-18.8934152783454
3809.9802470715454,4517.061664283046,-707.081417211501
3816.8057209131894,3835.8504196922922,-19.044698779102873
3798.014450360399,5296.1006153654125,-1498.0861650050133
3813.98399855441,4534.802878209004,-720.8188796545942
4576.821903991628,5284.768960503131,-707.9470565115034
4602.034883541187,5288.537897122202,-686.5030135810148
4605.186219246844,4944.167122709452,-338.9809034626078
4595.21777777144,5291.6266028852315,-696.4088251137919
4592.4129242686195,5490.855442290178,-898.4425180215585
4593.394142001037,5124.094726803427,-530.70058480239
4596.315992288456,4925.897833169082,-329.58184088062626
5249.88764998097,4607.437489886247,642.4501600947233
5261.341862818063,5420.013214759495,-158.67135194143157
5274.636863587826,5122.201145323097,152.43571826472908
5241.286245155233,5390.8849216757735,-149.59867652054072
5271.669583531723,4621.937237259782,649.7323462719414
5279.77941389841,3846.4475958998414,1433.3318179985686
5268.253939064141,5425.081205763188,-156.82726669904696
5272.8804786107785,5308.830351837014,-35.94987322623547
5545.96695128408,4919.7396544221965,626.2272968618836
5528.397025676686,5083.753983975334,444.64304170135165
5272.584448156741,4924.385487552045,348.19896060469637
5245.613620937275,5396.079249603737,-150.46562866646127
5257.554805842009,3826.8707247307543,1430.6840811112547
5260.071788090035,3831.5814038835397,1428.490384206495
5269.621269121531,5425.4645493230055,-155.84328020147404
5265.039153268223,5313.012040765774,-47.9728874975508
5274.546039561764,5290.88996975866,-16.34393019689651
5247.322378262714,3823.9362283233636,1423.3861499393502
4583.06031579666,5289.289382289193,-706.2290664925331
4584.8081715112,4612.255564225482,-27.447392714281705
4603.358220308342,4623.532519180393,-20.174298872050713
4586.093993683195,5088.075102473981,-501.9811087907865
4598.487884538329,3832.485624483487,766.0022600548423
4603.090325463002,5098.31291708414,-495.22259162113824
4587.692356223,5588.946293803519,-1001.253937580519
3801.182709416838,5094.127177160103,-1292.9444677432652
3811.5635302291917,4521.974900854328,-710.411370625136
3808.115493821717,5295.17811881925,-1487.062624997533
3820.134447774398,5426.22982500611,-1606.0953772317125
3803.930336884093,4118.716522081742,-314.7861851976495
3818.70273926153,5592.35787978979,-1773.6551405282598
3808.414649551446,5120.136042827498,-1311.7213932760524
3822.689334892375,4136.372946405249,-313.68361151287445
3111.7327902665083,5403.398126865805,-2291.665336599297
3113.386914697608,5095.581545787787,-1982.194631090179
3123.885915186823,5272.914090920673,-2149.02817573385
3594.9985996515306,5275.493190051526,-1680.494590399995
3610.669887270352,4605.184689500774,-994.514802230422
3615.2311076472074,4524.37026334166,-909.1391556944523
3608.412803895174,5581.083638206416,-1972.6708343112423
3610.6829230128337,5311.01316610505,-1700.3302430922163
4106.716091390325,4621.029791414278,-514.3137000239531
4085.079624580573,5282.260913925924,-1197.1812893453507
4101.938456819713,5273.788317075029,-1171.8498602553163
4109.460521801663,4626.870537195278,-517.4100153936151
4116.650093533883,5317.916846569873,-1201.2667530359904
4570.072664025446,5296.447268642658,-726.3746046172118
4585.359469394556,4810.960040415248,-225.60057102069186
4603.5324190455685,5312.599154548112,-709.0667355025435
4601.331669502159,3842.0849372460193,759.2467322561392
4583.545545022621,5306.701772986424,-723.1562279638028
4576.07983696732,5398.030359285901,-821.9505223185806
5162.960967145648,5417.266729555483,-254.30576240983464
5171.109321140531,5112.099247490438,59.010073650093545
5157.5040176641805,5584.038852308106,-426.534834643925
5158.852827251523,5404.903281270261,-246.05045401873758
5167.500267270934,4613.716029772387,553.7842374985476
5146.31212694575,5473.500042582137,-327.1879156363875
5172.801567274227,4751.747127588342,421.054439685885
5196.689045777637,5632.07771466246,-435.38866888482244
5170.576555966991,4819.196551043351,351.3800049236397
3126.86611146408,4615.425024486504,-1488.5589130224243
3116.2359028703477,5085.506305144986,-1969.2704022746384
3813.727630639733,5281.590056358537,-1467.8624257188044
3820.8808523810785,5311.950242802829,-1491.0693904217505
3816.155507869805,5325.601920098623,-1509.4464122288177
3812.353748040928,5311.968837313376,-1499.6150892724477
3826.016274647996,4341.032921495881,-515.0166468478851
3800.86731334714,5591.792143622669,-1790.9248302755286
3816.1917065106336,5115.833378314992,-1299.6416718043583
3834.794075281816,5520.953899442106,-1686.1598241602906
4585.332414640684,5601.533027020964,-1016.2006123802803
4593.12101226898,4525.7245743761905,67.39643789278944
4577.877503426937,5595.409572624882,-1017.5320691979441
4577.158936880229,3137.7530221680568,1439.405914712172
4590.166934594674,5414.053706212055,-823.8867716173809
4588.933192069119,3834.788802526743,754.1443895423763
4585.904432757796,5294.771881222808,-708.8674484650119
5284.0476299446045,5301.40798379491,-17.360353850305728
5277.493909728942,5315.689578070508,-38.19566834156649
5282.111888977187,5615.2278669568195,-333.1159779796326
5281.2704755500035,5296.811157085485,-15.54068153548178
5288.200749158998,5326.527243529455,-38.3264943704562
5257.534259757064,4640.989917209889,616.5443425471749
5254.372982777278,5303.490015195079,-49.117032417801056
5255.2408582308035,5469.134491219071,-213.8936329882672
5534.710977699416,5291.402910491019,243.308067208397
5548.056838102163,5109.254299787964,438.8025383141994
5264.351861431235,3826.448213743303,1437.9036476879323
5246.045568001395,4796.505808915285,449.53975908610937
5255.825062702017,4514.570194191299,741.2548685107176
5275.054529050786,4828.202058573762,446.8524704770243
5259.515549700867,4608.691442880959,650.8241068199086
5264.302693420639,4738.92062796235,525.3820654582887
5266.734609546403,4525.192421560324,741.5421879860787
5260.02680210777,5597.640738702193,-337.61393659442274
4586.567715448673,4601.398786605816,-14.831071157143015
4583.119255873938,5270.408044992996,-687.2887891190585
4571.661667651576,5584.2346902405925,-1012.5730225890165
4572.536377439239,5577.1623143870665,-1004.6259369478275
4595.892486800667,5429.238712291168,-833.3462254905007
4581.503220918318,5099.673391450273,-518.1701705319547
4577.3347081729635,5074.439866922589,-497.10515874962584
3810.556408055647,4614.993242112446,-804.436834056799
3812.95999504979,4131.088097479694,-318.1281024299037
3815.195746038701,4131.7365207397315,-316.5407747010304
3814.8295825879395,5309.3325824497915,-1494.502999861852
3802.4529005238546,3134.778036203732,667.6748643201227
3812.4698703598965,3831.3922566135443,-18.9223862536478
3806.822216412025,5591.731565815586,-1784.9093494035606
3810.0780613245747,4615.533125067154,-805.4550637425796
3133.4370656365763,5299.694012424984,-2166.2569467884077
3111.9015442577465,4610.606861345203,-1498.705317087456
3123.885915186823,5295.239473638876,-2171.353558452053
3628.678602515569,5433.351155908788,-1804.6725533932195
3606.588284518059,5482.13947864954,-1875.5511941314812
3609.257538370309,5604.813926876005,-1995.5563885056963
3608.1895754338384,4606.614455507691,-998.4248800738524
3622.9512761189194,3149.40568128312,473.5455948357994
4111.490198918644,5312.8412086162325,-1201.3510096975888
4126.953721854327,4631.13495209064,-504.18123023631233
4095.5095611415913,4810.253357661958,-714.7437965203667
4103.808893227862,5306.13361834737,-1202.324725119508
4085.9694889946945,4726.519728730768,-640.5502397360738
4590.696294706568,5505.884528466849,-915.188233760281
4601.11029135566,5418.117829162518,-817.0075378068586
4591.762697372265,5087.55534954093,-495.792652168665
4578.931367603073,5268.633515596171,-689.7021479930972
4587.283027176742,3833.4778250115464,753.8052021651952
4593.390209127084,5305.672873587262,-712.2826644601782
5154.073987517335,5101.6184555500395,52.45553196729543
5173.315487925946,4624.63023424678,548.6852536791666
5165.933937586906,5384.355263522455,-218.42132593554925
5164.031990256819,5307.374429210592,-143.34243895377313
5161.426147499803,5487.3565645570125,-325.9304170572095
5165.98926634641,5408.82628540386,-242.83701905745056
5178.424124924807,4621.837408679648,556.5867162451586
5154.411087444045,5292.858017292446,-138.44692984840094
5166.2306525118565,3830.158750575509,1336.0719019363473
3114.996838233557,4517.655640430306,-1402.6588021967495
3126.9701827784634,5505.2657023672755,-2378.295519588812
3803.4486579665327,5305.917102353981,-1502.4684443874485
3822.8347202524037,5314.92486074846,-1492.090140496056
3817.580593185397,5483.956464824375,-1666.375871638978
3800.948304653933,4598.982681904517,-798.0343772505844
3800.1749464404647,4593.6885959928995,-793.5136495524348
3818.804464404484,3839.1943031985843,-20.389838794100342
3820.586019544903,4617.834038969898,-797.2480194249947
3815.7811539790796,3837.744391327326,-21.963237348246366
4593.161040638996,5299.406431824761,-706.2453911857647
4596.781242450472,5606.355799750968,-1009.574557300496
4599.555340495645,5610.510719089264,-1010.9553785936187
4598.858332084048,5490.014643491433,-891.1563114073851
4597.107691821604,5613.442398660488,-1016.3347068388839
4596.315992288456,5284.987362243089,-688.6713699546326
4604.073422816043,3646.763193112756,957.3102297032865
5236.464920073208,4909.779285862699,326.6856342105093
5260.441090424526,3828.1548278249047,1432.2862625996213
5256.5914788680475,4320.366828221892,936.2246506461552
5260.480395046688,4815.259290527884,445.22110451880326
5271.615265700015,5503.241853125998,-231.62658742598342
5256.1801730845755,4812.218545233733,443.9616278508429
5258.364141805851,4119.249053047319,1139.1150887585327
5253.117441655222,5103.950092025772,149.16734962944975
5562.933315276191,4833.365700119072,729.5676151571188
5565.263729621709,5294.9918597868555,270.27186983485353
5247.57647298237,4630.786477264988,616.7899957173822
5246.034077317426,5498.9324523081805,-252.89837499075475
5261.636838161196,5299.016764549584,-37.37992638838841
5265.0402269628075,5313.506874449584,-48.46664748677631
5270.361770872171,4528.244751694062,742.1170191781093
5268.229225027193,4622.687816393678,645.541408633515
5251.34631819337,5095.586227121924,155.76009107144637
5270.204947668732,5307.341388462568,-37.1364407938363
4577.384474921636,4596.6645805699145,-19.28010564827855
4597.103848549856,4525.821131017961,71.28271753189438
4584.410480998745,4603.6107890998655,-19.200308101120754
4588.974379252988,5499.77398790519,-910.7996086522016
4595.293423526659,4134.163886953321,461.12953657333856
4600.378517325545,5283.413089963525,-683.0345726379801
4583.252042883388,5275.9652828537755,-692.7132399703878
3800.4010022911425,5302.427076744922,-1502.026074453779
3815.5893492361324,5514.744255198264,-1699.1549059621316
3840.3627075058707,5324.867756321502,-1484.5050488156317
3828.3210313222535,3149.6816744451553,678.6393568770982
3815.7266272931884,3834.3136379458088,-18.587010652620393
3828.9475315068585,5317.353687705869,-1488.4061561990102
3810.3816739626686,4518.9831643055,-708.6014903428318
3820.931920422474,4638.032492747397,-817.1005723249227
3113.6664691206647,5278.336916495201,-2164.6704473745363
3107.536639312398,3127.3852192640898,-19.84857995169159
3123.885915186823,4639.973604700714,-1516.0876895138908
3609.6136233873467,3824.9583586415793,-215.34473525423255
3611.586341412175,5273.79523784972,-1662.2088964375453
3632.5785443980394,4142.641925005391,-510.063380607352
3614.759531059604,4642.159230953275,-1027.3996998936714
3618.259519759443,4613.7677704429225,-995.5082506834797
4119.668817086569,5287.703976008367,-1168.035158921798
4105.897210644779,4613.4221141695125,-507.5249035247334
4096.183513987923,4809.43712241038,-713.2536084224566
4100.207602736133,3136.791356628261,963.4162461078718
4087.2016076018026,5291.945671820854,-1204.7440642190513
4578.021810946848,5595.157665400504,-1017.1358544536561
4571.023236839302,3813.093783023035,757.9294538162667
4585.983725089482,5280.550878282108,-694.5671531926264
4593.616783996696,5422.48617864825,-828.8693946515541
4611.069457658511,5620.001823588455,-1008.9323659299444
4614.69928584058,4635.001471057193,-20.302185216612997
5162.686320714367,4607.609154688167,555.0771660261998
5172.868785973719,4531.658545736008,641.2102402377113
5169.3399516913405,4620.385599191904,548.9543524994369
5161.189109715124,5098.756326625106,62.43278309001744
5167.831062560712,3639.7181409951863,1528.1129215655255
5176.442233730256,3649.790378867313,1526.6518548629429
5156.535812391634,5302.49243872604,-145.95662633440588
5178.776952657702,4334.083409076674,844.6935435810283
5169.81973318741,5287.477176284059,-117.65744309664933
3113.1854416975034,4818.356624989115,-1705.1711832916112
3121.6984251774575,5501.916914053531,-2380.218488876074
3808.9546692767294,5112.160080009384,-1303.2054107326544
3809.6903904665605,5086.503276004684,-1276.8128855381237
3812.8343110802302,5083.935831469692,-1271.1015203894617
3823.773468689586,5622.250564618479,-1798.477095928893
3797.002621262301,5259.500887976052,-1462.4982667137506
3811.5857963095727,3830.6945150103543,-19.108718700781537
3808.1040527621763,5272.294376518848,-1464.1903237566721
3805.2732098739157,5098.331113288205,-1293.0579034142897
4595.931840951266,3841.4269206273425,754.5049203239237
4586.356345931151,5296.153576179556,-709.797230248405
4603.276790955337,4929.433256621724,-326.1564656663868
4612.31798704515,5306.285932010494,-693.967944965344
4615.766924754071,5323.863509621875,-708.0965848678043
4595.284493376428,3829.7315746018,765.5529187746283
4589.1677346065635,5485.111881940605,-895.9441473340412
5272.601029999846,5313.6478033321655,-41.04677333231939
5265.158862653664,4610.670661516888,654.4882011367763
5256.25507559654,4603.815063000445,652.4400125960956
5273.694649864462,3138.353742096684,2135.340907767778
5267.834661844659,5480.494246292644,-212.65958444798434
5268.447733299418,5089.387067034639,179.06066626477968
5269.089821344448,3840.022554380582,1429.0672669638661
5270.079545102972,5287.6444714962845,-17.564926393312817
5557.690551436006,4619.556373855763,938.134177580243
5555.241415912007,5598.415860489345,-43.174444577337454
5248.354792645383,5403.020601322408,-154.66580867702487
5262.234449921877,5295.728516575857,-33.494066653979644
5276.377284384991,5312.818773147612,-36.44148876262079
5266.589264327155,5283.712025728091,-17.122761400935815
5270.264246034098,3151.55512156989,2118.7091244642074
5239.313767613828,4303.259724280206,936.0540433336218
5252.096519121539,5485.697971340228,-233.6014522186888
5263.810264284872,5301.987798156258,-38.177533871386004
4591.240735380026,5589.77038004711,-998.5296446670836
4602.173812279137,3145.804921347076,1456.3688909320608
4596.26360181157,5420.419958355257,-824.1563565436873
4591.259905951892,5415.219825198803,-823.9599192469113
4610.315304870237,5131.178162165377,-520.8628572951402
4587.1925454145385,5277.232980768628,-690.0404353540898
4590.15984902734,5311.573910052313,-721.4140610249733
3813.1669465132345,5098.355801998072,-1285.1888554848374
3822.6689023196886,5599.923878218302,-1777.2549758986133
3829.432318758545,5428.147013126017,-1598.7146943674716
3807.285110997127,4521.335181312081,-714.0500703149537
3811.7449501230967,5493.394936237711,-1681.649986114614
3824.1450029182038,5614.4802398778675,-1790.3352369596637
3812.3384061603924,5383.340189361919,-1571.001783201527
3804.2008149228463,5090.222640196056,-1286.0218252732097
3121.0513136004565,5500.48864642354,-2379.437332823083
3122.0578059189065,5307.267202687881,-2185.2093967689743
3123.885915186823,4124.660514011058,-1000.774598824235
3620.7170021009583,5114.21709600704,-1493.5000939060815
3621.7849673075934,4636.585383653523,-1014.80041634593
3630.6285339943165,4145.400749902343,-514.7722159080263
3622.670623352417,5621.71551916917,-1999.044895816753
3628.055315819421,5224.936207752244,-1596.8808919328226
4108.855203879827,5423.439600920967,-1314.5843970411397
4100.7526398284845,3823.4489844694904,277.3036553589941
4113.112572754124,5597.968309460485,-1484.8557367063613
4130.544693233308,5427.114530073301,-1296.5698368399926
4112.405450529713,5493.045621072377,-1380.6401705426642
4580.437576936632,5300.084561874047,-719.6469849374153
4583.413045394265,5099.204406377918,-515.7913609836523
4584.320680457625,5489.600954919306,-905.2802744616811
4600.477310426101,4531.354182437153,69.123127988948
4585.958188672247,5100.459777216403,-514.5015885441562
4602.611508183395,4537.144848642488,65.46665954090713
5179.435384167006,5326.2509614042965,-146.8155772372902
5180.377417306554,5298.892365243677,-118.514947937123
5177.21462179633,5524.220017489495,-347.00539569316516
5155.513865859428,5504.697487307926,-349.18362144849834
5176.710839010528,5312.9203571852895,-136.2095181747618
5158.166365299567,5075.2042542702675,82.9621110292992
5172.090431662683,3830.4388325153445,1341.6515991473384
5172.872748136664,5310.756569859587,-137.88382172292313
5157.8797390057125,5601.088802662904,-443.2090636571911
3133.704553961719,5437.394887789578,-2303.6903338278594
3130.521665967733,5596.4570454946925,-2465.9353795269594
3816.013685649571,5284.619163258947,-1468.605477609376
3802.125938762803,5482.199364922843,-1680.0734261600405
3804.552758531997,5602.509833241137,-1797.9570747091402
3820.3792530626233,5229.322917413422,-1408.9436643507988
3822.7915342194033,5606.8200951883755,-1784.0285609689722
3825.7353821204106,5316.303764774387,-1490.5683826539762
3825.5749409067885,4933.970075811028,-1108.39513490424
3815.4229716686486,5282.601369333195,-1467.1783976645465
4592.454866776774,5093.495167907051,-501.04030113027693
4584.17390902532,5491.748578270349,-907.5746692450284
4600.060213753903,4824.171063332174,-224.11084957827097
4620.58755674209,5250.2726268006745,-629.6850700585846
4575.564035068614,5291.383347856861,-715.8193127882469
4579.1749942620845,5090.628165275894,-511.4531710138099
4567.585796363144,5060.51023765375,-492.9244412906055
5257.061714263109,5408.379884482847,-151.31817021973802
5279.348688647646,4540.810735948253,738.5379526993929
5286.412940561093,4339.576045879622,946.8368946814708
5259.837333273413,3639.2312618293704,1620.6060714440423
5268.131588720081,5424.04936962319,-155.9177809031089
5259.5246812352725,5587.481456265562,-327.95677503028946
5258.541261470943,5307.460657191529,-48.91939572058618
5266.850565968272,4613.770146723045,653.080419245227
5541.958175608309,5275.172615613635,266.78555999467426
5544.673593869569,5313.412300286643,231.26129358292656
5250.955134454338,3824.0917090869657,1426.8634253673722
5263.081164874713,4428.842028646907,834.2391362278058
5260.299271298682,5302.358483437767,-42.0592121390855
5253.538406519137,5102.48002240018,151.0583841189573
5262.275715715845,5594.615593788644,-332.33987807279937
5269.577160912887,4528.235598838505,741.3415620743817
5259.308325703939,4523.380124478982,735.9282012249569
5255.668456022761,5294.840094013373,-39.171637990612
4587.8646434431985,5483.864246402806,-895.9996029596077
4569.3594549239715,5569.14881221653,-999.7893572925586
4597.666871506012,5082.885333355605,-485.21846184959304
4596.926250960913,4615.673334382807,-18.747083421893876
4587.393195559677,4521.131868257737,66.26132730194058
4595.382725009884,3151.286397125231,1444.096327884653
4590.6913275578645,4607.857614407345,-17.166286849480457
3821.3240490605476,3643.5693361166336,177.754712943914
3822.9925930269583,5621.907719860846,-1798.9151268338874
3826.666532677983,3843.790182749515,-17.12365007153221
3814.3700462997645,5426.229496663158,-1611.8594503633935
3841.8318304147488,5138.052637775218,-1296.2208073604688
3812.634059382428,5296.634649168469,-1484.000589786041
3813.3361500342517,4130.441891738532,-317.10574170428026
3802.64569199717,5290.803214682692,-1488.1575226855216
3108.904540539921,5482.928208894775,-2374.0236683548537
3109.417907545707,5285.713484339641,-2176.295576793934
3123.885915186823,5295.239473638876,-2171.353558452053
3595.5857839532177,5397.557611375108,-1801.9718274218899
3625.732564757141,5292.646456437787,-1666.9138916806455
3611.8948589600964,5597.347222245535,-1985.4523632854384
3602.4336523717543,5293.136669150658,-1690.703016778904
3616.38291861026,5398.119549309229,-1781.7366306989693
4101.930389160023,5298.704374946022,-1196.7739857859988
4110.441211842918,5615.650449041649,-1505.209237198731
4120.815567816306,5496.686610146048,-1375.8710423297425
4121.475511000117,5435.8341441018,-1314.3586331016832
4103.625099979048,5407.150023983992,-1303.5249240049434
4587.440448593513,5270.674694715955,-683.2342461224425
4601.4399980696935,5316.706383650947,-715.2663855812534
4578.731350808422,5403.715013668221,-824.9836628597996
4596.723645110783,3650.113788965149,946.6098561456338
4588.212452752259,5275.377330464567,-687.1648777123082
4587.672140337956,4604.384712865483,-16.7125725275273
5168.710495580952,5107.880048929128,60.83044665182388
5162.567661436436,4604.389461028764,558.1782004076713
5161.806700232323,5085.196950571027,76.60974966129652
5179.511763066404,4934.769280526699,244.74248253970472
5155.2535261007115,4520.388926367331,634.8645997333806
5180.7882602926575,5499.694122033891,-318.9058617412338
5188.607984740108,4343.473752999094,845.1342317410135
5159.012599820882,5415.45629855147,-256.44369873058804
5169.101948323108,4610.503053798027,558.598894525081
3114.7937760997247,5102.730140413477,-1987.9363643137522
3122.377906630184,5099.08826858877,-1976.710361958586
3822.8347202524037,5314.92486074846,-1492.090140496056
3808.900040433002,5296.491816179814,-1487.5917757468123
3807.673269968526,4515.744771672817,-708.0715017042908
3821.19494259747,4626.183705312389,-804.9887627149192
3817.5408536217606,3641.874573786302,175.66627983545868
3804.3474850104767,4597.411598339327,-793.06411332885
3817.076412181902,5317.383223409892,-1500.3068112279898
3813.784364063687,4607.570314107422,-793.7859500437348
4591.602701581893,5484.156221678154,-892.5535200962613
4604.679086474166,3851.50812934734,753.1709571268261
4594.600247137963,4133.647414772318,460.952832365645
4601.265531443048,4620.242394094335,-18.976862651287774
4589.633709034939,5312.66759698366,-723.0338879487208
4592.1733217794435,5281.085340763215,-688.9120189837713
4589.737764962081,4519.705252465757,70.03251249632376
5278.544936127349,3841.879610508302,1436.6653256190466
5251.95381956398,4907.114636172581,344.83918339139836
5263.251484011356,5406.753742909491,-143.50225889813464
5270.433661360369,3830.830274666051,1439.603386694318
5281.285635509747,5318.935346945784,-37.64971143603634
5279.325831997595,5627.530356279476,-348.2045242818813
5265.9500552261925,5111.378787727899,154.5712674982933
5254.084975242107,4322.1165733107455,931.9684019313618
5554.38093239196,5115.234570906566,439.14636148539466
5548.148969993556,3142.455125315251,2405.6938446783056
5249.547803342405,3825.117572458273,1424.430230884132
5253.349773464434,5078.65286973208,174.69690373235426
5261.165455314813,5279.310717460326,-18.14526214551279
5268.229225027193,4825.725239760856,442.5039852663367
5270.786257378333,5506.432201285224,-235.64594390689126
5248.045530969755,5296.633980891096,-48.588449921340725
5264.500743763311,5420.274668298662,-155.7739245353505
5273.441242210107,4538.018989344108,735.4222528659984
4602.982009067445,5117.838809479655,-514.8568004122099
4587.843446734194,5601.1036430883105,-1013.2601963541165
4577.715026488538,4919.703429097834,-341.9884026092959
4587.008752983731,3133.9712536149545,1453.0374993687765
4589.968984524007,4816.939766404083,-226.97078188007526
4593.190965356986,5416.437641843497,-823.2466764865103
4599.005128629446,5425.584295678861,-826.5791670494154
3815.1618600589522,4333.316870575519,-518.1550105165666
3815.5855771622887,5419.791023578376,-1604.205446416087
3816.632330968595,5309.394791346393,-1492.7624603777977
3826.049219600029,5121.462562285772,-1295.413342685743
3811.060251195625,5605.0645051158,-1794.004253920175
3805.8896051323914,4511.997302269334,-706.1076971369425
3829.6324806327084,5133.006262182931,-1303.3737815502227
3811.9292522180817,5083.567931574561,-1271.6386793564793
3117.0147819357876,4118.388886724113,-1001.3741047883254
3128.873210813537,5313.642283781754,-2184.7690729682167
3123.885915186823,4620.008471695079,-1496.122556508256
3619.5414954128137,5595.147437565064,-1975.6059421522505
3613.2257631983684,5594.822503439594,-1981.5967402412252
3624.941087341012,5313.652570499158,-1688.7114831581462
3608.6164307396903,5407.955598163455,-1799.3391674237646
3609.472007828803,5275.623098914207,-1666.151091085404
4116.368509954363,5430.9005024180115,-1314.5319924636487
4111.472351224684,3644.684651177826,466.78770004685794
4100.359381030132,5410.450122265455,-1310.0907412353235
4104.221594075629,5094.207334817489,-989.9857407418604
4103.105663781208,4742.555135303177,-639.4494715219689
4585.765937278495,4324.333205501944,261.432731776551
4594.8647186579965,5285.663950141934,-690.7992314839375
4595.003972043761,3835.4731905946637,759.530781449097
4605.444064096312,4540.861483853424,64.58258024288807
4602.910340042561,3842.411641640211,760.4986984023499
4595.517118517297,3838.457253313499,757.0598652037975
5186.313144884333,5323.846591959216,-137.53344707488304
5173.580418693133,5430.1662550255,-256.58583633236685
5170.75644661226,5113.246553096438,57.509893515822114
5165.652341585742,5612.797027331072,-447.1446857453302
5165.98926634641,4916.450231232965,249.5390351134447
5153.85798153061,5215.076538477633,-61.21855694702299
5163.041955478939,5311.720911736114,-148.67895625717574
5176.832345285708,4343.609941460947,833.2224038247605
5147.62447757271,5283.671376546219,-136.0468989735091
3112.915825801938,5266.518665120732,-2153.6028393187944
3107.5577657386025,5279.1304992692985,-2171.572733530696
3797.476006585978,5477.975698158838,-1680.4996915728598
3811.020148662254,5307.348003342114,-1496.3278546798597
3812.8503377690345,4615.182737705886,-802.3323999368517
3801.908897562914,5412.547915872045,-1610.6390183091316
3819.297508006339,5291.034190574039,-1471.7366825677
3806.802872979437,4508.4577421281265,-701.6548691486896
3795.0468609925215,4622.284990504472,-827.2381295119508
3819.8016151129245,3836.879673166512,-17.078058053587483
4553.936128156689,5381.853846030039,-827.9177178733498
4575.466345134028,5093.340847535209,-517.8745024011805
4594.573846843406,5386.011479000316,-791.4376321569107
4596.786903066468,5314.403642041588,-717.6167389751199
4596.5350855350935,5314.881419090618,-718.3463335555243
4588.737184045045,5302.872266364715,-714.1350823196699
4591.387265221006,5296.942447204548,-705.5551819835428
5279.348688647646,5506.158174638702,-226.80948599105614
5267.979868210633,5306.473729890958,-38.4938616803247
5256.80568102926,5396.4576595109165,-139.65197848165644
5259.621940978518,4604.311492119708,655.3104488588097
5271.506397683921,4127.733160682126,1143.7732370017948
5266.473645909934,5424.900843979254,-158.42719806932018
5262.964987867427,3833.8412456439387,1429.1237422234885
5267.2767399596105,5283.7018256857355,-16.425085726124962
5548.580436993743,3834.1331560488893,1714.447280944854
5549.970649781297,5308.91915019708,241.0514995842168
5251.058367372887,5596.753663092532,-345.6952957196454
5260.016631615547,5104.570182403368,155.4464492121797
5256.424920369003,5113.594826671635,142.83009369736828
5239.349447579215,5064.030421724268,175.31902585494663
5271.905835178084,3837.9186018940813,1433.9872332840027
5252.145869246551,5270.3164750241,-18.1706057775491
5263.938909742838,5609.443610941575,-345.50470119873626
5278.562607937516,3848.9438606953227,1429.6187472421934
4602.457226285413,4533.19065770835,69.26656857706257
4599.191380004026,5287.819970498548,-688.6285904945225
4600.378517325545,4615.671615964971,-15.293098639426717
4593.423834130751,5284.138747637468,-690.7149135067175
4570.446105646435,5291.352079383479,-720.9059737370435
4606.604582943508,4625.0458782817,-18.441295338192504
4576.771244932444,3823.844016841561,752.9272280908826
3807.092988486979,4518.797124997312,-711.7041365103328
3806.7753242389244,5600.031109331892,-1793.255785092968
3834.040763249954,5301.624810955773,-1467.5840477058186
3831.047824029497,5120.865174055773,-1289.8173500262765
3821.821941089788,5322.691957040233,-1500.8700159504451
3832.4989115401627,5299.341576835526,-1466.8426652953635
3803.062525087114,5282.089116593742,-1479.026591506628
3817.0948484693126,5297.859032493319,-1480.7641840240067
3116.1614032107373,3631.543754173562,-515.3823509628246
3135.5951688686796,5299.831357117402,-2164.2361882487226
3123.885915186823,4610.552671494926,-1486.6667563081028
3623.087402112634,3149.3140973244767,473.7733047881575
3610.387210024216,3630.8088596974703,-20.42164967325425
3622.6152569582487,3643.8704851651905,-21.255228206941865
3612.0404189700043,4926.699286492414,-1314.6588675224098
3606.1678660281573,4598.130166476337,-991.9623004481796
4120.321037305217,4139.190001756813,-18.868964451596185
4112.431178025895,4525.3014995135445,-412.87032148764956
4097.399628295135,5494.223908451258,-1396.8242801561228
4105.32886780604,5425.182201785939,-1319.8533339798987
4108.6248207878725,5313.25056266919,-1204.6257418813175
4584.253381017133,5294.2437679171435,-709.9903869000109
4595.887942066896,4530.279881099456,65.60806096744
4584.2325020686885,4419.886291762064,164.34621030662493
4599.8415113051315,5621.722802630317,-1021.8812913251859
4597.029709455151,5423.050614341315,-826.0209048861643
4580.922892574382,5077.919510761838,-496.9966181874561
5176.2394820911995,5290.31239722102,-114.0729151298201
5179.415260223736,5319.684110666834,-140.26885044309802
5174.194860481697,3144.0726942722245,2030.1221662094727
5153.822946428286,4602.326582956888,551.4963634713977
5174.085380764786,5313.691985683927,-139.6066049191404
5155.821765734277,5293.302787504514,-137.48102177023702
5147.6364015787985,3815.1819802240084,1332.4544213547902
5165.684908651848,4135.509843593303,1030.1750650585445
5170.4144941245595,5501.65323001199,-331.23873588743027
3102.319263738522,3821.350542459008,-719.0312787204862
3127.2549857733275,5439.473035449792,-2312.218049676465
3812.2830172093586,4914.779040585483,-1102.4960233761244
3812.392799584223,4523.2242964072375,-710.8314968230143
3803.401549421936,5096.727608198026,-1293.3260587760901
3819.168555243774,5308.098853069142,-1488.9302978253681
3819.620375184842,4617.103486020398,-797.4831108355561
3799.881295423858,4599.819559359861,-799.9382639360033
3817.574016009998,5307.266422966212,-1489.6924069562142
3817.194151491736,3146.0166294105106,671.1775220812256
4607.273881389249,4624.816276806189,-17.542395416940053
4606.038303275451,3841.1931299710755,764.8451733043753
4610.384138454772,5333.652679047068,-723.2685405922957
4591.956477679153,4611.189539065853,-19.233061386699774
4592.87105751837,5283.109358379899,-690.2383008615288
4589.943328165674,4329.5841185489635,260.35920961671036
4582.606385207982,4601.512453444437,-18.906068236454303
5278.283517473108,4627.135391535438,651.1481259376696
5257.479964430818,4522.935213909999,734.5447505208185
5286.98420392366,4628.417389232457,658.566814691203
5279.037101722094,4336.6682281161575,942.3688736059366
5249.072709877643,5266.507847300633,-17.43513742299001
5270.804820586272,5309.402037231067,-38.59721664479457
5267.478935886546,4328.682760809256,938.7961750772902
5260.009659328349,5295.9900177459895,-35.98035841764067
5527.849350041198,5059.738441276862,468.11090876433536
5541.71641487421,5587.793435257083,-46.07702038287243
5273.938780606902,5496.95033030132,-223.01154969441814
5257.792223591051,5606.899832689513,-349.1076090984616
5264.271370819791,5303.914286837806,-39.64291601801506
5291.4999668562505,5330.385443498737,-38.88547664248654
5255.880759344358,5273.8119485429015,-17.931189198543507
5273.1000368111845,5417.171927398395,-144.07189058721087
5253.847102167138,5269.011732850096,-15.164630682958887
5282.543251730482,5332.66347286481,-50.12022113432795
4585.694349335663,3828.1859212467853,757.5084280888777
4595.854853454345,5284.125562033076,-688.2707085787306
4602.597901202971,5318.3282799655335,-715.7303787625624
4599.626142857258,4940.974278347099,-341.3481354898413
4579.165850208459,5588.428471950875,-1009.2626217424158
4588.590683782987,5109.123353509574,-520.5326697265873
4595.692295625213,5613.548098979698,-1017.855803354485
3832.3151580934004,4947.656181532013,-1115.3410234386124
3808.31129774538,5411.03307747869,-1602.7217797333096
3808.8130742723515,5101.192418930326,-1292.3793446579748
3804.098754890096,4602.379132027972,-798.2803771378763
3815.813291091425,4613.304563176377,-797.491272084952
3822.8799807021032,5496.08396825339,-1673.2039875512864
3807.814463144045,5275.343440621405,-1467.5289774773596
3812.051308087396,5294.824198063536,-1482.7728899761396
3111.5029624721988,5268.594011151527,-2157.0910486793287
3109.3432517782508,4319.191254468346,-1209.8480026900957
3123.885915186823,5101.41683661315,-1977.530921426327
3614.6430888814393,5605.757890278775,-1991.1148013973361
3613.445393408923,3833.395625982981,-219.9502325740582
3627.578317400079,4629.585531917537,-1002.0072145174581
3612.2623759334874,5277.441679548828,-1665.1793036153404
3617.6282648288666,4617.16547638341,-999.5372115545438
4106.116519555198,5298.160440506212,-1192.0439209510141
4100.4358529903475,5416.569837263742,-1316.1339842733942
4100.757375189128,4124.629147266923,-23.871772077794958
4109.567948449465,5304.4195548982225,-1194.8516064487576
4115.334604848905,5312.033036485642,-1196.698431636737
4598.73321542721,5504.009955802899,-905.2767403756889
4598.879550929798,5117.931429199652,-519.0518782698537
4596.973481490929,4617.034068993452,-20.06058750252305
4587.283027176742,5079.569192337349,-492.2861651606072
4583.591180266849,4605.254552251199,-21.663371984350306
4580.595289144967,4633.272960569755,-52.67767142478806
5172.868785973719,5324.013833494793,-151.14504752107405
5160.680146346419,5277.374539864884,-116.6943935184654
5157.7806418381015,4600.587630899029,557.1930109390723
5159.105320392751,3830.904835369748,1328.2004850230032
5184.363092471219,5613.260348083536,-428.89725561231717
5180.379861991439,5326.468477597976,-146.08861560653713
5177.451778523204,4531.9951518033085,645.4566267198952
5148.1336425182535,5401.6884457147735,-253.55480319651997
5163.968401923994,5281.63558280738,-117.66718088338621
3107.0369203689716,5462.762983738596,-2355.726063369624
3122.141690836678,4627.749162586034,-1505.6074717493557
3817.580593185397,3835.894137603892,-18.313544418494985
3807.673269968526,4120.838283133817,-313.16501316529093
3834.603143909059,4545.781998065393,-711.1788541563342
3806.3505679229856,5601.168143554246,-1794.8175756312603
3813.92658014555,4127.590872092102,-313.66429194655166
3800.126122312127,5301.350369571153,-1501.2242472590265
3821.608656616589,3838.271457483458,-16.66280086686902
3810.0171464729083,5272.700836497432,-1462.6836900245235
4591.679801614861,4610.614420051777,-18.934618436916026
4599.602163964808,5109.572588991673,-509.9704250268651
4586.857357051477,4604.29611222991,-17.438755178432984
4591.142239495082,5606.946859075208,-1015.8046195801253
4596.787269158569,4613.256291573354,-16.469022414785286
4599.370621425919,5486.298297847086,-886.9276764211672
4585.724705155555,5274.469197615843,-688.7444924602878
5286.412940561093,5300.907532057226,-14.49459149613267
5256.80568102926,5581.842628780946,-325.03694775168606
5269.659663345433,3829.856690088078,1439.802973257355
5258.442689516261,4812.50058987168,445.9420996445815
5256.148751976493,5270.761626869435,-14.612874892941363
5274.9119844179695,5316.854385307699,-41.94240088972947
5262.832738202244,5102.397815673133,160.43492252911165
5252.21660725681,4116.263105503597,1135.9535017532125
5542.413207662789,5295.777970721884,246.6352369409051
5542.391586780797,5402.278902473362,140.1126843074353
5236.780797531425,3128.9651404485276,2107.815657082898
5263.508061723474,5106.739755764976,156.7683059584988
5278.522629494111,4536.422529243157,742.1001002509538
5270.204947668732,4142.313626967405,1127.8913207013265
5255.927228235764,5508.561226835043,-252.63399859927904
5273.441242210107,4438.514086493105,834.9271557170014
5275.328416141677,3846.343635689435,1428.984780452242
5274.601078190563,5293.898097366409,-19.29701917584589
4602.675115411177,4621.417182447906,-18.742067036729168
4608.299316267884,5101.480443866161,-493.18112759827727
4582.790577801555,4601.661985156889,-18.871407355334668
4579.346879230233,5580.662818024928,-1001.3159387946953
4584.111142449329,5295.327354790115,-711.2162123407861
4589.83816166759,5415.077421966583,-825.239260298993
4583.616590714444,5293.186234333578,-709.5696436191338
3811.7449501230967,4519.60502074732,-707.8600706242232
3806.5150345988623,4912.4909016574475,-1105.9758670585852
3820.931920422474,5099.249090720009,-1278.317170297535
3806.934202883822,5287.205089142192,-1480.2708862583704
3819.261474969646,4526.454210770258,-707.1927358006124
3812.12131263847,5313.991489630091,-1501.8701769916206
3817.114224556777,5318.005226220128,-1500.8910016633508
3812.1518274891955,5218.379288552396,-1406.2274610632007
3118.1517173935968,5500.788585381901,-2382.636867988304
3122.1148135881067,3145.2296426602024,-23.114829072095745
3123.885915186823,5099.27524854081,-1975.3893333539872
3613.382117839252,5296.835027554318,-1683.4529097150662
3631.7020621935667,5303.752777793335,-1672.050715599768
3616.9736335754924,5488.532558242109,-1871.5589246666168
3618.9348836939266,4618.882573572155,-999.9476898782282
3606.5953383733954,5602.317209677853,-1995.7218713044572
4113.172669233275,5303.780173498282,-1190.6075042650073
4106.317730280398,5301.792489122194,-1195.4747588417958
4097.130362764739,5091.223894067893,-994.0935313031532
4117.936647715187,4626.065705369375,-508.1290576541878
4099.257611920184,4603.038380199914,-503.7807682797302
4581.846179428419,5103.6158381363075,-521.7696587078881
4591.762697372265,3828.7695643964466,762.9931329758188
4599.28296285875,5390.907733139108,-791.6247702803585
4609.855822233932,4633.227007618896,-23.37118538496452
4595.613066355346,3642.0207474505105,953.5923189048353
4584.112041870588,4602.649253312657,-18.537211442068838
5150.171910892188,4121.671649737329,1028.500261154859
5175.098939809867,5498.87503810016,-323.7760982902928
5164.574536336086,3635.4596528732127,1529.114883462873
5148.829605013512,5299.399149721994,-150.56954470848177
5165.989741297305,5281.9264592231,-115.93671792579516
5179.02925027743,4615.759345237117,563.2699050403135
5151.0125149061905,5262.683610384093,-111.67109547790278
5157.893421092797,3137.104074965822,2020.7893461269755
5160.260454703094,5081.146580526078,79.11387417701644
3106.1453337761313,3821.870549868911,-715.7252160927796
3132.643031217451,5103.503252985895,-1970.8602217684443
3802.1654652893126,5287.2814545072,-1485.115989217887
3814.845705743471,4610.699294759662,-795.8535890161907
3803.7879314388056,5095.42602267758,-1291.638091238774
3827.7554587439668,4627.952977364394,-800.1975186204277
3800.0312237230128,5095.797414595285,-1295.766190872272
3820.2881534000157,5482.929134550967,-1662.6409811509516
3825.233128397591,4539.497063334708,-714.2639349371175
3803.1341725948837,4593.638046580212,-790.5038739853285
4598.858332084048,4618.668944766401,-19.810612682353167
4593.291286421863,4525.597582907701,67.69370351416273
4603.263782659522,5305.754545835118,-702.4907631755959
4590.061269169217,4521.279288084107,68.78198108510969
4572.2875848382155,3815.6642321651575,756.623352673058
4602.6062894383895,4931.915736896797,-329.3094474584077
4596.611101960526,5307.975399701165,-711.3642977406389
5278.145968803628,5317.068634049204,-38.922665245575445
5279.839132703708,5425.168851718712,-145.32971901500423
5252.280816181202,4121.784770205987,1130.4960459752147
5272.563558370642,4618.16392373071,654.3996346399317
5267.178215880127,4532.407425235085,734.7707906450423
5277.506237604941,5436.731843461874,-159.22560585693282
5256.348756491218,5305.034768010281,-48.68601151906296
5277.528228757723,5623.945915660146,-346.41768690242316
5558.38602514205,4634.069519789349,924.3165053527009
5533.407330258788,5289.552450247234,243.85488001155318
5245.624969090972,4319.3786379211915,926.2463311697802
5260.540186838174,5298.572001243383,-38.031814405208934
5256.701491216181,5586.422177746709,-329.7206865305279
5263.037662947213,4611.0239999735395,652.0136629736735
5258.120071634542,5294.092747309973,-35.972675675430764
5258.622286628875,4604.434503181709,654.1877834471661
5266.559341152403,3639.287627438866,1627.2717137135373
5268.655945360158,5308.0240523607445,-39.36810700058686
4589.87807530099,5315.477494397838,-725.5994190968486
4585.461157789509,5295.638843210044,-710.1776854205345
4583.393119543012,4604.889963943001,-21.49684439998873
4586.227262791424,3825.1363513029264,761.090911488498
4585.686842566389,4811.029440979288,-225.34259841289895
4599.355304572191,5592.554736194371,-993.1994316221799
4583.816390624699,5414.048282667429,-830.2318920427297
3818.267746070393,3839.8770472727183,-21.60930120232524
3809.9470522172214,3826.949596365512,-17.00254414829078
3817.281211665613,5617.2012765950485,-1799.9200649294357
3801.6321653987247,5095.694549537081,-1294.0623841383563
3809.019816836883,4612.485267764871,-803.4654509279885
3808.670956543314,5600.803053074977,-1792.1320965316627
3807.8906051090394,5107.077850776573,-1299.1872456675333
3808.087069345968,5090.921462925038,-1282.8343935790704
3115.0018582343846,5421.356862069718,-2306.3550038353333
3114.995356623463,4607.320334683755,-1492.3249780602923
3123.885915186823,5099.27524854081,-1975.3893333539872
3600.269926780703,5585.117179213652,-1984.847252432949
3609.609416866688,5412.114434878134,-1802.5050180114454
3610.0073444993754,4812.0027062663185,-1201.995361766943
3614.8268275948753,5299.920237571983,-1685.093409977108
3613.793578934862,5225.43759596816,-1611.644017033298
4095.832247706485,5095.394629943192,-999.562382236707
4106.693074636614,4629.437862257566,-522.7447876209517
4099.801515994419,5611.378845490407,-1511.5773294959881
4106.044948402054,5310.733520965567,-1204.688572563513
4097.699703027109,5601.713915008403,-1504.0142119812945
4591.637626279436,5304.785220044341,-713.1475937649057
4593.054294198798,4814.954262000212,-221.89996780141428
4592.073779762563,5321.52693752804,-729.453157765477
4604.265551805296,5313.585281936367,-709.3197301310711
4594.1974667933755,5309.564837255687,-715.3673704623116
4583.622572005708,5273.543248866677,-689.9206768609683
5151.057821654803,3822.2704658117445,1328.7873558430583
5162.682266872625,4818.13956331804,344.5427035545854
5157.848348702834,5606.709720655722,-448.86137195288757
5166.691855578585,4523.492782070728,643.1990735078571
5178.424124924807,3840.4082622742053,1338.0158626506018
5163.041955478939,4814.255549489289,348.7864059896501
5188.64692474651,4353.984247102484,834.6626776440262
5167.549628297056,4330.88935396761,836.6602743294461
5163.325963834883,4614.50735640475,548.8186074301329
3111.730917323028,4518.092174785655,-1406.3612574626268
3133.006443922252,4144.495042664906,-1011.4885987426537
3829.9832345597233,5511.892340535873,-1681.9091059761495
3816.215689208325,3836.9225590039778,-20.706869795652892
3811.2461326796647,4614.51535459818,-803.2692219185155
3830.562965340377,5432.558501486199,-1601.995536145822
3803.1520144196343,4516.331697330301,-713.1796829106665
3808.3278570999173,5609.449383745043,-1801.1215266451254
3805.6469970155244,5489.447563957173,-1683.8005669416484
3814.257339358445,5307.060123981752,-1492.8027846233076
4587.249002449414,4518.120115229167,69.12888722024672
4604.124582977899,5111.280611549946,-507.15602857204703
4592.168840109237,5493.76105659888,-901.5922164896429
4589.887007041116,5383.668170413172,-793.7811633720567
4605.7136503611755,3658.1310867001234,947.5825636610521
4577.175200385697,5258.921835971906,-681.7466355862089
4592.271024277553,4920.339307569486,-328.06828329193286
5259.837333273413,4612.096954609917,647.7403786634959
5259.621940978518,5415.279674755553,-155.657733777035
5258.442689516261,5495.399556639666,-236.95686712340466
5284.8602825383505,5333.629282436802,-48.76899989845151
5269.832755837514,5307.801588448431,-37.96883261091716
5255.816786278678,5305.021318058993,-49.20453178031494
5269.516504980846,5285.718589936008,-16.202084955162718
5256.691446148796,5305.875401985444,-49.18395583664824
5559.912091530185,3844.1867776718395,1715.725313858345
5559.530523674674,5430.032901004974,129.49762266970083
5259.314882240377,5477.587777269741,-218.272895029364
5268.127490158188,5303.484738584827,-35.35724842663876
5275.82516044289,3643.812543482123,1632.0126169607665
5258.094684845225,5597.323025514246,-339.22834066902124
5249.927213343736,5290.467872114771,-40.54065877103494
5261.138646125641,5482.143599803879,-221.00495367823805
5244.663520067094,4109.908607999968,1134.7549120671265
5237.6274853081695,5090.544022740502,147.08346256766708
4600.505919731722,4334.244319127778,266.2616006039443
4595.663555853634,3839.0159382114307,756.6476176422029
4600.259665790567,5400.253459419006,-799.9937936284387
4590.470164356823,5283.044332544176,-692.5741681873524
4573.741058632571,3136.843292426448,1436.8977662061234
4587.958901286651,4522.247639743227,65.71126154342346
4589.985608623603,4522.792476949426,67.1931316741775
3809.8794238922305,5383.99082794264,-1574.1114040504094
3808.9416903279794,4604.0253086661105,-795.0836183381311
3810.2514490345106,4328.364192852977,-518.1127438184662
3819.6638288691215,5315.458751090406,-1495.7949222212842
3819.1282228586415,5085.348978419999,-1266.2207555613577
3812.0080835965878,4938.856316931638,-1126.8482333350498
3802.6379160898605,5408.746293097419,-1606.1083770075584
3829.0525200937113,5509.881716938057,-1680.829196844346
3125.165525291917,5443.348195015295,-2318.1826697233773
3114.9213280135623,3826.7932655203404,-711.8719375067781
3123.885915186823,4620.008471695079,-1496.122556508256
3625.3667371985293,4341.458956791409,-716.0922195928797
3610.8484156090262,4803.889306789532,-1193.0408911805062
3619.8240498291357,5305.2417006661735,-1685.4176508370379
3601.8292353088436,4313.8752964837795,-712.0460611749359
3617.0437412127612,5620.421222597514,-2003.377481384753
4120.389719634694,4835.487631127936,-715.0979114932416
4107.141582149832,5306.242325579917,-1199.1007434300845
4112.091810434615,3641.708687815846,470.38312261876854
4111.036573448869,4611.732309205307,-500.6957357564379
4114.876315915005,5434.708595489757,-1319.8322795747517
4583.943976663143,5301.87722355271,-717.9332468895673
4598.4249533161665,5428.744797948318,-830.3198446321512
4592.863375629276,5101.876412098748,-509.01303646947235
4578.093995368746,5485.125294673032,-907.0312993042862
4596.881783875205,5092.552435601764,-495.6706517265593
4587.4146249940895,4520.765201246854,66.64942374723523
5164.163154606796,5304.077302755146,-139.91414814835025
5166.189545197278,5110.288178973724,55.90136622355385
5167.875385034382,5500.069590889665,-332.19420585528314
5166.124259455405,5612.030726027205,-445.9064665717997
5151.622053471074,3629.471453945271,1522.1505995258026
5161.312141170278,4523.437427413628,637.8747137566497
5174.724246005435,5312.418763474753,-137.69451746931827
5164.489895125915,5109.22276304275,55.26713208316505
5176.450839739552,5322.529124657662,-146.0782849181096
3110.760193689188,5302.217370349298,-2191.4571766601102
3130.4821310931384,5322.123403166729,-2191.6412720735907
3800.948304653933,4601.366904751931,-800.4186000979976
3821.19494259747,5106.059672240953,-1284.8647296434829
3806.3505679229856,5310.119329309283,-1503.7687613862972
3830.7483357107226,4833.671033587446,-1002.9226978767233
3824.3149610192763,4542.857398514787,-718.5424374955105
3806.2167310051013,5484.5916544519705,-1678.3749234468692
3820.793774093757,5303.692946215243,-1482.8991721214861
3826.7013595292283,5433.27333077247,-1606.571971243242
4585.457228369891,5275.499420921607,-690.0421925517167
4585.447924610365,3825.8119996300907,759.635924980274
4592.3374549574555,4608.850513988133,-16.51305903067714
4586.553133945688,5409.036302303732,-822.4831683580433
4602.060374846447,4832.94810883721,-230.88773399076308
4571.424594392346,5088.498611580229,-517.0740171878833
4583.890473075341,4910.024727067584,-326.1342539922425
5266.2716031734035,4935.766177724934,330.5054254484694
5272.515259845172,4536.7340207489715,735.7812390962008
5259.226493352312,4521.154185545716,738.0723078065957
5268.329090662034,5093.585734092595,174.74335656943913
5250.258381412373,3823.479348100007,1426.7790333123658
5277.867586899958,5432.316979613545,-154.44939271358726
5273.76360020399,4335.05322865154,938.7103715524499
5274.538213430613,4127.865832699644,1146.672380730969
5563.274414747471,4619.817078339017,943.4573364084545
5543.3576879201755,3142.711855617909,2400.6458323022666
5274.271426842635,3833.296055939774,1440.9753709028614
5252.18387349219,5406.78885786385,-154.60498437166007
5245.230760199994,5465.796309330843,-220.56554913084892
5268.466672623219,5617.169668967215,-348.70299634399635
5261.7973037152715,5505.518708637233,-243.72140492196195
5253.944548547654,5580.980355189581,-327.0358066419267
5276.297445214983,3842.9558498912074,1433.3415953237754
5275.13560852736,5490.997355043102,-215.8617465157422
4593.046908516194,5498.591556279899,-905.5446477637051
4571.465682903186,5584.789407991638,-1013.3237250884522
4599.914463305641,3639.8403726826014,960.0740906230399
4606.70857498396,5434.22436174642,-827.5157867624603
4590.447517892126,5600.605102388656,-1010.15758449653
4591.400785609303,4605.053592007102,-13.652806397799395
4585.3344393792695,5098.97282684992,-513.6383874706507
3805.126995565714,4911.5704834582,-1106.4434878924862
3804.892987733996,3826.3708162431144,-21.477828509118353
3814.201526722284,5303.086125301436,-1488.8845985791522
3808.3487942891143,5294.178685393077,-1485.8298911039628
3814.286959992993,4127.830109633506,-313.5431496405131
3811.5671862454337,5312.263722589349,-1500.6965363439149
3801.318888672794,4597.897667805609,-796.5787791328148
3804.2046627947543,5411.664503103625,-1607.4598403088708
3125.256876464615,5314.070661595931,-2188.813785131316
3120.3706830327505,5427.530769799742,-2307.1600867669918
3123.885915186823,3835.727100855197,-711.8411856683742
3611.026374405144,5276.422967927896,-1665.396593522752
3609.5134957536693,5311.157672494498,-1701.6441767408287
3627.7498434628055,4538.604058695262,-910.8542152324567
3607.57099721592,5595.511498892531,-1987.9405016766104
3605.957154051429,4603.1834909606605,-997.2263369092316
4101.005360420683,5295.734836574271,-1194.7294761535877
4109.289720412598,4934.903467297459,-825.613746884861
4102.751921091718,5490.014704975523,-1387.2627838838052
4121.218035487773,3845.520968652261,275.6970668355116
4116.1745615574655,4828.297773294001,-712.1232117365353
4596.742158880468,5319.43541338279,-722.6932545023219
4585.70991864428,5416.515742653475,-830.805824009195
4592.021082230046,3836.300672869491,755.7204093605551
4598.916087938966,3833.73598217162,765.1801057673456
4589.195125689337,4929.577940094592,-340.382814405255
4599.1892682308335,3840.974772802073,758.2144954287605
5140.967123654749,3128.3712551422545,2012.5958685124947
5154.398375756032,4518.082824418835,636.3155513371967
5155.440577396106,4600.148938003426,555.2916393926798
5174.245478245872,5419.943114386628,-245.697636140756
5185.54329169996,5104.528321935061,81.01496976489852
5160.985573971358,5296.27375279058,-135.2881788192226
5177.430454145965,4534.501595808486,642.9288583374791
5147.988509701501,4594.667484430697,553.3210252708041
5161.415373501928,4920.516456742585,240.89891675934268
3122.921758615054,5613.8683620136,-2490.946603398546
3115.564744358767,5211.14984397793,-2095.585099619163
3806.6995371633,5585.687071032214,-1778.9875338689135
3811.882551309985,5282.0321519263425,-1470.1496006163575
3805.4834365018587,3130.813924394976,674.6695121068828
3813.5406085964946,4616.240266281063,-802.6996576845681
3805.111681884293,5113.044101697277,-1307.9324198129843
3826.795474553286,5320.813298336093,-1494.0178237828068
3806.615046344858,5608.818724515859,-1802.2036781710008
3803.332923938341,4599.228257480834,-795.8953335424931
4601.138176885046,4130.933559791426,470.2046170936201
4587.884291435494,4634.885474733725,-47.0011832982309
4586.1933705783995,4517.726721556166,68.46664902223347
4586.47886106838,5289.071244403145,-702.5923833347651
4588.396314642626,5290.719727684326,-702.3234130417004
4599.842518431479,3836.5369426630004,763.3055757684788
4597.728977080437,5308.834780135554,-711.1058030551167
5268.131588720081,4612.347087264001,655.7845014560799
5271.506397683921,5123.318673671026,148.18772401289516
5256.148751976493,4601.206234598513,654.94251737798
5269.832755837514,5316.961888645418,-47.12913280790417
5279.585469246154,5118.0326799972145,161.55278924893992
5239.936504729349,4591.002171900588,648.9343328287605
5267.94632413725,5285.258940137515,-17.312616000265734
5278.001233457594,5314.567035321741,-36.56580186414703
5536.8472697975985,3827.1690296378724,1709.678240159726
5538.257583271812,5585.59931198535,-47.34172871353803
5260.809770251991,5102.190171513504,158.61959873848718
5250.701115910058,5095.074115392065,155.6270005179931
5273.127410107401,5503.626485282434,-230.49907517503289
5268.977319592156,5285.0350405130575,-16.057720920901374
5269.740101251783,3838.96488676157,1430.7752144902129
5272.746048313486,4529.033658411906,743.7123899015805
5262.272151879766,4521.921021674461,740.3511302053048
5269.166824791963,4132.293860323352,1136.872964468611
4620.6495900140435,5438.341039510677,-817.6914494966331
4574.85537534611,5582.128689725679,-1007.2733143795685
4589.997097829235,5409.304425842949,-819.3073280137141
4602.497654687324,5415.542090171508,-813.0444354841839
4593.400018931223,5485.944185550593,-892.5441666193701
4604.789705298072,5617.366246967284,-1012.576541669212
4585.882481718137,4517.3006514422905,68.58183027584619
3819.4911673010324,5305.220266004648,-1485.7290987036154
3809.557085871894,5312.894968628975,-1503.3378827570814
3804.602935268928,5582.035716885816,-1777.4327816168884
3799.918087969021,4632.337767985851,-832.4196800168302
3807.0514192663504,5298.22241784826,-1491.1709985819098
3820.8037620181112,5323.325208723194,-1502.5214467050828
3804.3346289239153,4314.895754627575,-510.56112570365985
3822.8868353632647,5523.274148269419,-1700.3873129061544
3109.0860637026094,5267.212338411912,-2158.126274709303
3123.539738929383,4530.650902570404,-1407.1111636410205
3123.885915186823,4620.008471695079,-1496.122556508256
3612.551164548402,5416.27336422183,-1803.722199673428
3615.1389833629723,3137.3718997805286,477.7670835824438
3622.6523626848957,5320.599599191018,-1697.947236506122
3615.0425019613854,5310.394005898886,-1695.3515039375002
3623.271487475453,4923.851901050992,-1300.5804135755388
4103.791404027264,3829.7153517256606,274.0760523016038
4103.258039009141,5300.844969631379,-1197.5869306222385
4096.017332002509,4318.643827520986,-222.626495518477
4115.545125105051,5115.698847459689,-1000.1537223546384
4097.587674162013,5101.486513724036,-1003.8988395620227
4583.273602265403,5402.857449693938,-819.5838474285356
4590.155690596967,4816.045693812689,-225.89000321572166
4588.244702171189,3833.6139023799265,754.6307997912622
4596.439406483291,5309.847977535827,-713.408571052536
4586.775254585332,5478.7562060999935,-891.9809515146617
4580.0708088677375,5077.740788791493,-497.6699799237558
5169.3399516913405,5109.371140940719,59.96881075062174
5157.7806418381015,5273.226488835079,-115.4458469969777
5185.819487386798,5103.292111888737,82.52737549806079
5167.663489991719,4614.706812630417,552.9566773613024
5157.266848989994,5272.391541191232,-115.12469220123785
5168.919814342395,5488.809813073167,-319.8899987307723
5144.862168874825,5397.166683534006,-252.3045146591803
5169.69837920137,3146.6836886477276,2023.0146905536421
5175.412694306191,5324.031821236223,-148.6191269300316
3115.1724834253705,5272.084908484193,-2156.9124250588225
3119.9294813245415,5414.7456189755585,-2294.816137651017
3819.3340966983365,5423.877160634139,-1604.5430639358024
3808.0675018937145,5410.463179422348,-1602.3956775286333
3820.080869983709,5607.935430091324,-1787.8545601076148
3809.4408894749245,5097.438645494912,-1287.9977560199873
3811.382012014211,5291.885104485668,-1480.5030924714574
3826.1418175182353,5315.107744414757,-1488.9659268965215
3827.9457650919244,5294.197821012927,-1466.252055921003
3821.516764951483,5388.645826049812,-1567.1290610983292
4586.857357051477,4615.846193018132,-28.988835966654733
4591.538110346349,5607.258890752422,-1015.7207804060736
4610.552982631445,5428.145346973036,-817.5923643415908
4592.063950242557,5478.009727855504,-885.9457776129466
4595.963934674815,4614.989390369091,-19.02545569427548
4591.874628629279,4610.369477002084,-18.49484837280488
4586.13041189031,5114.818032729977,-528.687620839667
5254.674119840716,4516.412470128143,738.2616497125737
5238.508140749004,5078.213875912882,160.29426483612224
5263.471542527495,5419.264932669544,-155.79339014204834
5271.695344133054,4137.6255392584135,1134.0698048746408
5281.458217155369,5422.9924560261425,-141.53423887077315
5249.983327591835,5266.225966390614,-16.2426387987789
5246.621885465557,5296.609052014272,-49.98716654871441
5273.356196891743,5505.263933878715,-231.90773698697194
5551.902878426681,4822.469350267153,729.4335281595286
5563.6106359540045,4544.823654308368,1018.7869816456368
5272.8604897891055,3826.9637938907176,1445.8966958983879
5255.927228235764,5273.79946485552,-17.872236619755313
5243.559379121462,4500.766071513387,742.7933076080753
5269.549827965662,5620.239279810877,-350.68945184521453
5258.098301211589,5412.235314174738,-154.13701296314866
5275.595087311141,4621.030972434116,654.5641148770246
5252.778284279475,4626.843373299483,625.9349109799923
5274.016197610554,3837.999758666351,1436.0164389442025
4575.357472821833,5406.192228499723,-830.8347556778899
4589.437508231181,5493.03527506068,-903.597766829499
4584.04083584564,4913.2691670539225,-329.2283312082827
4589.944114769547,5422.592833579591,-832.6487188100436
4566.482174257146,5077.33116068333,-510.84898642618464
4603.502360600509,5501.095994427843,-897.5936338273341
4597.6628358021435,5232.456570371134,-634.7937345689907
3810.3211959061437,4605.182884909091,-794.8616890029471
3815.7052636779213,4611.7478538575515,-796.0425901796302
3798.9275816435097,3130.113411768809,668.8141698747008
3811.0985976744023,4926.010205322167,-1114.9116076477649
3809.531961356617,4930.062565267789,-1120.530603911172
3807.7653359252836,5307.268594099218,-1499.5032581739342
3810.013850577016,5282.309480294388,-1472.2956297173719
3806.208063898033,5291.643800271367,-1485.4357363733338
3119.496293551224,5420.248163975754,-2300.7518704245304
3117.0558081445383,5276.266454696029,-2159.2106465514903
3123.885915186823,5584.775789393016,-2460.889874206193
3609.3457583486825,5581.775590806692,-1972.4298324580095
3612.8387170363394,5590.704401161551,-1977.8656841252114
3612.090982163472,5110.428180820737,-1498.3371986572652
3598.690540312853,5408.486073015205,-1809.795532702352
3621.3671864914318,4533.38566894519,-912.0184824537587
4102.705751583949,4610.890659342204,-508.1849077582556
4095.5095611415913,5582.768710784539,-1487.2591496429472
4104.607329537581,5497.242538140978,-1392.6352086033967
4103.811166024951,4524.279990157892,-420.46882413294134
4104.459686665625,4522.96100970178,-418.50132303615555
4594.8647186579965,4623.691422735674,-28.826704077677277
4602.550559254017,5119.524821416634,-516.9742621626174
4604.219374399917,4536.724662937371,67.49471146254564
4593.390209127084,5305.672873587262,-712.2826644601782
4580.595289144967,5386.494217142253,-805.8989279972857
4604.910711067708,5130.253876897421,-525.3431658297131
5186.787686213666,5619.256875769116,-432.4691895554497
5168.837200071748,5123.648640698174,45.18855937357421
5165.705801800893,5422.74820853474,-257.0424067338472
5140.445973581429,4500.193270969844,640.2527026115849
5154.411087444045,5271.328871477929,-116.91778403388435
5176.832345285708,5098.284009635655,78.54833565005265
5167.549628297056,5107.3060619465605,60.24356635049571
5159.161024911988,5294.434246414189,-135.27322150220152
5165.785104882855,3838.1426688357064,1327.6424360471487
3137.0680928900715,5323.451969727589,-2186.3838768375176
3104.3564329201067,4510.686264791602,-1406.3298318714956
3800.1749464404647,4595.2991762113525,-795.1242297708877
3817.5408536217606,5305.730354777157,-1488.1895011553966
3813.92658014555,5404.241046848249,-1590.3144667026995
3824.3149610192763,3153.933008734691,670.3819522845852
3817.7680903777737,5284.400717853154,-1466.63262747538
3780.845864454369,5390.200316560697,-1609.3544521063277
3830.583363240782,4449.559445035674,-618.9760817948918
3820.6567807202696,5282.997636291795,-1462.3408555715255
4585.46396485117,4607.667253328258,-22.20328847708788
4601.246063253246,5494.992439879807,-893.746376626561
4601.845268868755,5289.223150005113,-687.3778811363582
4600.204484522717,4620.035423743246,-19.830939220528307
4595.76524894807,5302.118282996076,-706.3530340480065
4606.9775559623595,3650.808154142614,956.1694018197454
4584.1563421147275,4812.218545233733,-228.06220311900506
5259.5246812352725,5297.030814026219,-37.50613279094614
5266.473645909934,5501.478025701021,-235.00437979108665
5274.9119844179695,5292.04417458156,-17.132190163590167
5255.816786278678,5109.586963857753,146.2298224209244
5239.936504729349,3821.075426378128,1418.8610783512204
5261.128743549527,5276.469972357464,-15.341228807937114
5265.040226962809,5226.366322440114,38.67390452269501
5296.5133695379,3858.1732183932686,1438.3401511446314
5550.846874277291,4616.001030750751,934.8458435265402
5538.711132223266,5288.796888257485,249.91424396578077
5256.09945142608,5297.239552288334,-41.14010086225426
5259.1706437457215,5296.847152844451,-37.676509098729184
5278.562607937516,5131.634897408041,146.927710529475
5259.2421476075215,5082.420191519782,176.82195608773964
5257.368849566623,5076.822417730061,180.54643183656208
5256.874178261989,5412.264509864885,-155.39033160289637
5263.362018173705,3637.7396531674035,1625.6223650063016
5251.436937409181,3624.4540491179223,1626.9828882912589
4576.863018567488,5407.693194910362,-830.8301763428735
4606.70857498396,5424.068188345032,-817.3596133610718
4598.1724546292035,4613.920743943588,-15.748289314384238
4603.702886728627,5308.542782985021,-704.8398962563942
4601.172717337975,4618.615867922476,-17.44315058450138
4603.658176218765,4342.7661938066,260.8919824121649
4605.302309451853,5297.636560134226,-692.3342506823728
3826.160205089232,5317.685192351079,-1491.5249872618474
3819.1282228586415,5483.322328118708,-1664.1941052600669
3808.1751480594453,5486.303703890726,-1678.1285558312807
3811.0632047336985,4519.80597016064,-708.7427654269413
3810.5818740831346,5310.090419687322,-1499.508545604187
3812.845656749087,4621.715145251141,-808.8694885020536
3812.286795762352,5614.022903719907,-1801.7361079575549
3831.7152264638476,5139.040718240708,-1307.3254917768604
3114.5599032696905,4610.683514858443,-1496.1236115887527
3126.754796437833,5508.36720971508,-2381.612413277247
3123.885915186823,4612.694259567265,-1488.8083443804426
3616.2875818683556,3832.4518507848006,-216.16426891644505
3597.5017896113077,4591.749858995839,-994.2480693845309
3608.7062476647857,5478.568355222004,-1869.8621075572187
3608.9614269040608,5268.28349203224,-1659.3220651281795
3609.173000382402,4611.656557120509,-1002.4835567381074
4102.7313822268825,3832.101792162124,270.6295900647583
4109.695418800722,5307.7249361054455,-1198.0295173047234
4093.920189251361,3821.5288866014944,272.3913026498667
4096.512558059052,4605.767472717271,-509.2549146582187
4093.475059406049,4517.74605473474,-424.27099532869124
4593.860872945699,5282.795235317565,-688.934362371866
4599.651645586927,5623.544513798165,-1023.8928682112382
4592.708530332003,3836.540927999262,756.1676023327409
4591.883640384146,5500.810700036834,-908.9270596526876
4589.324341309606,5083.900724211295,-494.5763829016887
4602.8458969646845,5117.166060559961,-514.3201635952764
5162.102806319485,5590.054134960514,-427.95132864102834
5158.465626986301,4518.620922367636,639.8447046186648
5174.17837598856,4934.577156413196,239.60121957536467
5160.756814770808,4914.930023288356,245.82679148245188
5160.295672772911,3824.852510881185,1335.4431618917256
5171.010595355669,3837.4350365775304,1333.5755587781382
5196.100231397273,5649.280480253408,-453.1802488561352
5167.56522646913,5303.319372810675,-135.7541463415455
5150.345418590922,4726.321033014949,424.0243855759736
3120.535764901684,4932.029519404542,-1811.4937545028579
3109.4024461358786,5254.210269229002,-2144.8078230931233
3813.717565924042,5483.128552764457,-1669.4109868404148
3813.0524319069077,5294.273345853919,-1481.220913947011
3812.8106411374097,5414.782905724581,-1601.9722645871711
3796.7652281814985,5112.518931145788,-1315.7537029642895
3816.4131318130244,4129.666768647117,-313.25363683409296
3824.8473039494665,3845.7412946975055,-20.89399074803896
3808.258240302998,4607.866582601134,-799.608342298136
3832.008423081372,5305.546717794356,-1473.5382947129838
4610.844297260519,5509.708908851117,-898.8646115905976
4603.356523788356,5429.97788055095,-826.6213567625946
4594.5660836571005,5285.850127499086,-691.2840438419853
4598.108984867992,5485.813209367018,-887.7042244990262
4594.382340623649,5105.356606395832,-510.97426577218357
4584.863079039521,5406.168015199412,-821.3049361598914
4585.4249854477775,5408.4632779369385,-823.038292489161
5270.45997614831,5500.978653063033,-230.51867691472307
5247.427309434969,3826.1476365009207,1421.2796729340484
5265.1425634005145,4923.460081835551,341.6824815649634
5267.117715509609,3837.8568311162176,1429.2608843933917
5253.486056632797,5272.692679749843,-19.206623117045638
5278.723847781271,3843.2758520794955,1435.4479957017752
5260.269126315702,5279.039622407933,-18.770496092231042
5265.157009522526,4520.013193952857,745.1438155696687
5534.707166970859,4632.962634567185,901.7445324036744
5548.387680441112,3634.4410282892054,1913.9466521519066
5267.942667493877,5306.013451620676,-38.07078412679948
5265.399432281642,5594.904913090799,-329.50548080915723
5270.109918598802,5112.368398226538,157.74152037226395
5260.870336384355,5222.365486173557,38.504850210798395
5272.0899421823,4627.885602632544,644.2043395497558
5258.58136229029,5485.171088293105,-226.58972600281504
5269.52889208148,3836.2453076355787,1433.2835844459014
5247.774947009528,4903.730945372174,344.0440016373541
4603.943236065358,5500.006755772735,-896.063519707377
4591.745830967083,5414.79472851258,-823.0488975454973
4585.297725011027,5096.070226472424,-510.77250146139704
4597.344918908615,5291.382459036421,-694.0375401278061
4604.6181145681,5430.245058701509,-825.6269441334089
4601.763269865524,5309.529877800924,-707.7666079353994
4588.763732011742,5507.199577885385,-918.4358458736433
3829.372180151607,4142.990475687769,-313.61829553616144
3802.148425662732,5397.011117566004,-1594.8626919032722
3815.048672705039,5419.191842918298,-1604.143170213259
3826.9038003859378,4625.120771081659,-798.2169706957211
3821.6769826433483,4329.624261171787,-507.9472785284388
3827.9234320459714,5289.185276801817,-1461.2618447558457
3806.6616681485675,4607.728239410143,-801.0665712615755
3802.9445239403613,5288.096334645766,-1485.1518107054044
3117.839276552603,4524.870217728128,-1407.0309411755252
3129.0760207912517,4338.116209719066,-1209.0401889278146
3123.885915186823,4609.385191212989,-1485.4992760261666
3608.5561707522925,5270.131009537185,-1661.574838784892
3607.166063128536,5269.840055979011,-1662.6739928504749
3628.869211546508,5417.5951715290785,-1788.7259599825707
3622.41431512022,3836.3558242638096,-213.94150914358943
3614.14534272963,5084.975569989697,-1470.8302272600667
4126.953721854327,5523.8812788837595,-1396.9275570294321
4099.184698522194,5100.000484184321,-1000.8157856621274
4109.644505152583,4127.522013974409,-17.87750882182536
4104.880639202558,5516.960464533895,-1412.079825331337
4123.546611627246,5321.124615648411,-1197.5780040211648
4586.317765229754,5282.68418094053,-696.366415710776
4578.931367603073,5300.20959612413,-721.2782285210569
4609.855822233932,5504.220641413352,-894.36481917942
4598.003649547275,5422.908841341703,-824.905191794428
4604.178882514827,4439.231905156025,164.94697735880163
4598.137449596306,5280.9929618469205,-682.8555122506141
5157.971800544804,5295.007954782927,-137.03615423812334
5161.426147499803,5083.918296767736,77.5078507320668
5160.493561723201,5584.332515348654,-423.83895362545263
5172.980198448461,3147.428403376721,2025.5517950717403
5161.020688726042,4611.5423921054435,549.4782966205985
5170.15518171926,4616.786516613752,553.3686651055086
5167.717901349955,5485.02797448259,-317.3100731326349
5160.012436330702,5274.341021826022,-114.32858549532011
5158.108306138813,5492.968662023184,-334.86035588437153
3112.7145092465826,5403.5635661821725,-2290.84905693559
3128.877430418312,5315.022413439643,-2186.144983021331
3833.3585845087555,3853.8158050434963,-20.457220534740827
3808.0789132198106,4320.502396974901,-512.4234837550903
3815.7811539790796,3835.808562622661,-20.027408643581566
3804.170924017971,4115.324203090106,-311.1532790721344
3808.8835048175474,5295.689300972319,-1486.8057961547715
3814.2883873952696,5095.908989657001,-1281.6206022617316
3820.500333279678,5289.450360165858,-1468.9500268861798
3805.4589531238366,5389.714929015446,-1584.255975891609
4604.073422816043,4536.225382541126,67.84804027491646
4603.932280082088,5114.841881197133,-510.909601115045
4596.493981082821,5422.1461119728265,-825.6521308900055
4596.611101960526,4528.17002217455,68.4410797859764
4585.6577352791155,4516.365888763599,69.29184651551623
4596.977883708352,5110.8705563500935,-513.8926726417412
4589.6717784188095,5112.321385784652,-522.6496073658427
5258.541261470943,5414.94441899387,-156.40315752292736
5262.964987867427,4607.931325294686,655.0336625727414
5262.832738202244,4608.689544482201,654.1431937200432
5269.516504980846,3148.5316796629804,2120.984825317865
5267.94632413725,5316.774153931371,-48.8278297941215
5265.040226962809,5300.006809960393,-34.96658299758383
5257.4121892221765,5293.759064941599,-36.346875719422314
5262.451380635616,4516.641051348677,745.8103292869391
5557.638307837374,4931.090816918762,626.5474909186114
5548.49469707576,3831.935769938971,1716.558927136789
5269.001418468146,5310.767497271628,-41.76607880348183
5248.967791975723,5094.6331745422085,154.33461743351472
5256.606149422308,5411.447242799112,-154.84109337680457
5279.224800890534,5298.423836677788,-19.199035787253706
5272.741955832535,5430.965082395173,-158.22312656263875
5257.440691825857,5602.7578552618925,-345.3171634360351
5281.335358419067,5321.028748377482,-39.69338995841463
5284.714235132816,5531.627805809649,-246.91357067683293
4577.295046079874,5478.522235087541,-901.2271890076672
4599.215558583865,3145.338098435413,1453.8774601484515
4585.7561147175165,5076.437006190729,-490.6808914732128
4601.274815856485,5122.031159901593,-520.7563440451086
4596.937756797797,5288.584372643145,-691.6466158453477
4578.323700161377,4606.263497521605,-27.939797360228113
4578.808824869413,4513.382218013732,65.4266068556808
3820.8726414938847,5313.940752480855,-1493.0681109869702
3822.1634796031326,5614.205949477231,-1792.0424698740985
3818.006633811216,3140.1727730123484,677.8338607988676
3804.5745207157483,5587.154416604595,-1782.5798958888467
3822.0920261123047,5416.248533115456,-1594.156507003151
3825.0514072136984,3842.5860579027776,-17.53465068907917
3825.983993454887,5297.398331219796,-1471.4143377649093
3817.7129473331506,3142.5838012081467,675.1291461250039
3121.615208167255,5280.548415751209,-2158.9332075839543
3110.4626645892727,3627.307406294683,-516.8447417054103
3123.885915186823,5294.443236735189,-2170.5573215483664
3617.2897856233767,4129.99672099715,-512.7069353737734
3611.1291101687784,4519.595180878489,-908.466070709711
3622.7779449379177,5105.651164366277,-1482.8732194283593
3620.858452730302,3838.0867743608005,-217.2283216304986
3628.2880830913914,4617.899859788015,-989.611776696624
4109.11480601766,5593.006883331414,-1483.8920773137543
4096.246727618368,4600.090626815641,-503.84389919727346
4104.221594075629,5411.410435158635,-1307.188841083006
4109.105235963888,5304.309858054442,-1195.204622090554
4118.178125702936,5308.551874733633,-1190.3737490306967
4587.116580989967,5486.684805629118,-899.5682246391516
4593.074799629423,5407.667576906055,-814.5927772766318
4607.218185573038,5317.472272956544,-710.254087383506
4594.321365529981,4530.138614840577,64.1827506894042
4586.749086019281,4520.89520003244,65.8538859868413
4592.108890222694,5292.1449527828445,-700.0360625601506
5171.972723982995,4126.7704027593045,1045.202321223691
5164.718735646248,5278.806418365934,-114.0876827196862
5159.639524312359,5273.649360969443,-114.00983665708372
5180.379861991439,4628.152928404363,552.226933587076
5159.732026248336,5402.633840414504,-242.90181416616815
5173.845886657862,5601.481021332988,-427.6351346751262
5162.888909693799,5088.910244945271,73.97866474852799
5144.63106172522,5079.386895684335,65.24416604088492
5156.278012178403,5101.643881841657,54.63413033674533
3115.89032722235,5277.188993719062,-2161.2986664967116
3116.421639399136,5076.085570863995,-1959.6639314648587
3818.804464404484,5316.442977472504,-1497.63851306802
3804.3474850104767,4910.237006709674,-1105.8895216991968
3800.126122312127,5485.858738714058,-1685.732616401931
3806.2167310051013,5272.612562191231,-1466.3958311861293
3780.845864454369,5381.853846030039,-1601.0079815756699
3808.4574886702103,3829.9215719246668,-21.464083254456455
3815.8133527904442,4333.951172734543,-518.1378199440992
3796.0409422108546,5260.351579317638,-1464.3106371067838
4600.606963258523,5316.587105566118,-715.9801423075951
4604.4197504343965,4619.905545461455,-15.485795027058884
4599.567687879463,5099.010745957056,-499.4430580775934
4605.40120613623,5316.263111181466,-710.8619050452362
4587.861959055159,5290.281043113732,-702.4190840585734
4595.777461533187,4525.798612528154,69.97884900503323
4592.725473291018,5483.176093176466,-890.4506198854478
5262.564723585472,4618.748059310537,643.8166642749347
5259.758565463557,5309.981446670061,-50.2228812065041
5243.808005462899,5094.807096367431,149.00090909546816
5270.61604290143,5288.673553473307,-18.057510571877174
5276.328673485883,4619.351826445208,656.9768470406752
5260.016631615547,5079.366560914571,180.65007070097636
5238.999714192708,4590.964776081497,648.034938111211
5278.522629494111,5320.617597871915,-42.094968377803525
5542.901206062838,4129.823907418909,1413.0772986439297
5547.540141386408,5278.882612529721,268.65752885668735
5261.988065098145,4918.551626834908,343.4364382632366
5256.318396506468,5273.911249945923,-17.59285343945521
5259.158647577595,5609.630105833448,-350.4714582558536
5267.522515229041,5615.706462215092,-348.1839469860506
5274.106326316177,5507.083388644683,-232.97706232850578
5271.563678333229,5310.003701954148,-38.44002362091851
5255.574320232043,3827.6490197500375,1427.9253004820052
5259.711907689782,4813.819331650899,445.8925760388829
4587.035670244812,5596.808297372956,-1009.7726271281444
4591.400785609303,5284.3281027483645,-692.9273171390614
4586.132358212576,5290.062348734543,-703.9299905219668
4603.658176218765,4621.0016197176965,-17.343443498931265
4602.170115788958,5320.889061972567,-718.7189461836088
4596.945914910091,5304.9176176503415,-707.9717027402503
4603.910077351173,3153.47785373477,1450.4322236164026
3801.2982994994213,5571.554205422975,-1770.255905923554
3801.6729073797233,3821.4270226043286,-19.754115224605357
3820.609138134787,5292.574067940053,-1471.9649298052664
3818.313724153156,5109.858412597953,-1291.5446884447974
3820.412873647289,5432.048942020981,-1611.6360683736916
3809.6213873638,5597.961852586521,-1788.340465222721
3814.2492477006526,5426.025816391047,-1611.776568690394
3797.1512219151195,5403.029679616765,-1605.8784577016454
3112.3930060145767,4519.869063179261,-1407.4760571646839
3122.5169553611804,4621.318183777108,-1498.8012284159277
3123.885915186823,5305.286408352318,-2181.4004931654954
3626.6867832020653,4932.331118863577,-1305.6443356615118
3616.0047325283886,4121.833394904158,-505.82866237576945
3631.3633542225425,4629.557056749099,-998.1937025265561
3608.0514988790064,3821.400132844215,-213.3486339652086
3608.300705184785,5595.21179800686,-1986.9110928220748
4111.065414121486,4621.972109836174,-510.9066957146879
4095.812578259225,5301.433033321385,-1205.6204550621596
4117.426186173799,5498.431545877687,-1381.0053597038886
4115.334604848905,5113.976241524124,-998.6416366752192
4112.396023453852,3841.9607020896615,270.43532136419026
4593.511198720475,4921.117041915891,-327.6058431954161
4576.699658194271,4598.594057546221,-21.894399351949687
4582.211614796837,4601.133426255026,-18.92181145818904
4600.003831467494,5309.616381661906,-709.6125501944125
4582.154542964866,5089.469246715392,-507.31470375052595
4593.170935203481,5290.323835613572,-697.1529004100903
5161.189109715124,5308.684879465391,-147.49576975026685
5159.105320392751,5219.061255330784,-59.95593493803244
5167.663489991719,5302.415137124918,-134.75164713319919
5152.422367920511,4599.3097818045335,553.1125861159771
5166.2306525118565,5226.101557587869,-59.870905076012605
5147.62447757271,5401.648601328632,-254.02412375592212
5163.325963834883,5478.734444586491,-315.4084807516083
5165.785104882855,4644.911461717858,520.8736431649968
5160.4555253384415,5280.596825242148,-120.14129990370657
3127.788287080592,4755.88114320435,-1628.0928561237583
3138.365014063563,4151.05975234879,-1012.6947382852272
3825.6171877216425,4629.996324710354,-804.3791369887117
3804.5442920158116,5500.099724444684,-1695.5554324288728
3808.776585554409,4515.4110893374445,-706.6345037830356
3811.501955542596,5595.302661353525,-1783.8007058109288
3807.074990472467,4606.960579720097,-799.8855892476295
3820.0644737209404,4618.381411009746,-798.316937288806
3834.0410258547536,5514.333384970275,-1680.2923591155213
3834.2044918104725,5115.554837926265,-1281.350346115792
4596.787269158569,3834.8252501991597,761.9620189594093
4592.273215960124,5427.578634793146,-835.3054188330225
4595.963934674815,4528.195695252116,67.76823942269948
4599.583392155454,4530.591978112,68.99141404345391
4590.495997186267,5104.790035154667,-514.2940379683996
4599.030522726029,5310.752362450634,-711.7218397246052
4583.849673734116,5300.764123890978,-716.9144501568626
5266.850565968272,4614.543265174889,652.3073007933835
5267.2767399596105,5424.138038346874,-156.86129838726356
5252.21660725681,4910.577107197265,341.63950005954484
5256.691446148796,5272.947608458742,-16.256162309946376
5278.001233457594,5327.277031914897,-49.2757984573027
5296.5133695379,5451.160624600624,-154.64725506272407
5262.451380635616,5593.800426025484,-331.34904538986757
5259.980560175392,5298.721350682444,-38.740790507051315
5546.462219445523,4743.811804134698,802.6504153108253
5554.257503520143,3145.146212977265,2409.1112905428777
5257.190274641437,4812.21913165618,444.97114298525685
5274.601078190563,5291.307162278032,-16.706084087468298
5259.746030653473,3837.8376254890095,1421.9084051644636
5283.966315820833,5301.53831253195,-17.571996711117208
5274.016197610554,5309.670563655899,-35.65436604534534
5248.220660251309,5091.6463192212705,156.57434103003834
5270.341081467411,5319.2326622226965,-48.89158075528576
5276.606031208954,4133.926067548159,1142.6799636607948
4597.041636043892,5111.492696590403,-514.4510605465111
4599.81240734116,5596.549291877568,-996.7368845364081
4609.498240496797,4836.627666629239,-227.12942613244195
4578.17811623354,4600.6288452888175,-22.450729055277407
4595.298778405584,5314.05424398194,-718.7554655763561
4593.775470281708,5310.391508910171,-716.6160386284628
4577.092736809172,5372.843394637157,-795.7506578279854
3819.24969304908,4132.227234127945,-312.97754107886476
3829.0525200937113,5521.415821358646,-1692.3633012649348
3820.3669756180807,5477.368234824442,-1657.0012592063613
3814.4201757514693,5102.884252838877,-1288.4640770874075
3831.7152264638476,4545.931686081288,-714.2164596174403
3815.3822034763466,4626.964676889767,-811.5824734134208
3825.5418942710653,5113.418380910983,-1287.8764866399174
3816.6820133804617,5591.369513418289,-1774.6875000378272
3126.586583906359,5118.118982345986,-1991.5323984396273
3124.819567269157,3831.033535223822,-706.2139679546653
3123.885915186823,5596.964312178798,-2473.078396991975
3624.7501499076043,4528.048101229431,-903.297951321827
3603.3746992096367,5481.189752554574,-1877.815053344937
3619.0996211485526,4622.2028958747505,-1003.1032747261979
3616.309978023106,5102.519845032471,-1486.2098670093646
3620.1740853907263,5388.017142628296,-1767.8430572375696
4102.500415575339,5418.7080271292825,-1316.207611553944
4105.537444092689,4606.8848119453505,-501.3473678526616
4094.8617402003524,5586.466852792635,-1491.6051125922827
4096.91045348298,5098.3733450389,-1001.4628915559197
4118.5512218650165,4532.888021015102,-414.3367991500854
4604.270157925592,4624.668123223305,-20.3979652977132
4600.495116394914,5493.435546816517,-892.9404304216032
4600.932746303254,3644.3178225432307,956.6149237600234
4598.417817409758,5316.8737742732965,-718.4559568635386
4603.712362444348,5098.983706711396,-495.2713442670474
4580.575250511531,5398.358526855214,-817.7832763436836
5147.367562485381,3827.019929616554,1320.3476328688275
5176.235219998167,5613.48077359042,-437.2455535922527
5156.950503340057,5272.0064324270925,-115.05592908703511
5170.53655584277,5598.119757081001,-427.5832012382307
5173.988706257404,5126.501430557377,47.48727570002757
5176.459904898751,4623.005880555093,553.4540243436577
5158.4137559216815,5289.760285332576,-131.34652941089462
5168.178983473807,5309.641321000614,-141.46233752680655
5162.3842641978745,5298.48787028918,-136.10360609130566
3143.1293529762593,5506.087119226489,-2362.95776625023
3131.746780024111,3843.9987320810556,-712.2519520569444
3821.6006019658116,3838.20307366412,-16.602471698308364
3808.1539869518556,5475.5920490081035,-1667.4380620562479
3822.784509901202,4757.387008923761,-934.6024990225587
3815.0550667569473,5595.845045480964,-1780.7899787240162
3824.5787217191887,5295.982741225825,-1471.404019506636
3794.168105085553,5276.114233660305,-1481.946128574752
3813.162415482079,4922.562412025074,-1109.3999965429953
3806.704686205044,4611.497298379253,-804.7926121742094
4603.098490966261,4535.431311939027,67.66717902723394
4575.314608031378,5266.135585748769,-690.8209777173906
4599.126891756858,3830.97814835801,768.1487433988477
4585.036523401207,4516.45725995765,68.57926344355656
4603.542123921681,5311.856950899406,-708.3148269777248
4593.536919407007,5484.724161045858,-891.1872416388505
4597.631115015067,5593.304232320384,-995.6731173053167
5270.08383136398,5318.507460543037,-48.42362917905757
5282.754103045073,5629.547857913454,-346.79375486838126
5266.894315978316,5600.6858001636465,-333.7914841853308
5252.455590692714,4118.476481367542,1133.9791093251724
5271.708579456128,5319.892428519015,-48.18384906288702
5252.8489776249635,5291.492113301402,-38.64313567643876
5256.86704171242,5486.440143816809,-229.57310210438845
5254.690988370355,5410.244658325151,-155.55366995479653
5557.508673606473,5112.859737653273,444.6489359531997
5542.537736659283,5604.518160835105,-61.98042417582201
5251.564780590299,4635.319998869207,616.2447817210923
5260.6408053677,4324.252816463973,936.3879889037262
5260.936080925841,5301.261161602547,-40.32508067670551
5283.32084577723,5332.6196047074645,-49.298758930234726
5289.966712251005,5308.042017132232,-18.075304881226657
5264.317511824596,4332.585193285399,931.732318539197
5264.694129199053,5304.990768863659,-40.29663966460521
5275.499543662988,5324.272001721668,-48.77245805868006
4588.19883042828,5098.38447243521,-510.1856420069298
4590.756549000436,5420.062130783779,-829.3055817833429
4601.70768318122,5116.513358005827,-514.8056748246072
4583.408929216929,4611.180409101232,-27.771479884302607
4585.651149151598,3826.3637971109147,759.2873520406829
4593.713922678802,4527.294881329512,66.41904134929064
4585.371577310657,4607.766660249937,-22.395082939279746
3822.8315915599683,5518.151930028053,-1695.320338468085
3800.1115404096854,5409.159985509191,-1609.0484450995054
3824.5858012182603,4621.441300658774,-796.8554994405135
3811.666046479525,5587.593540667996,-1775.9274941884714
3806.923589699013,3136.9051078634066,670.0184818356065
3812.579597615062,5080.720288577955,-1268.1406909628931
3793.8149890415543,5277.839418155175,-1484.0244291136205
3815.406742878576,4130.364975843093,-314.9582329645168
3127.483730382751,5087.596374026283,-1960.112643643532
3128.5440353838017,3848.644953924928,-720.1009185411262
3123.885915186823,5295.239473638876,-2171.353558452053
3606.8431123586256,5480.320501723742,-1873.4773893651168
3613.408776028919,4605.548789144944,-992.1400131160249
3625.189002579744,5525.321044742572,-1900.132042162828
3639.105863414447,4961.251567992769,-1322.1457045783222
3629.9816008404996,4536.2709858087555,-906.289384968256
4093.945724360683,4311.941195410624,-217.99547104994053
4115.306662281178,4633.3168901475665,-518.010227866388
4113.193315246961,5321.6638026041,-1208.470487357139
4096.0504528455385,4507.693453978377,-411.64300113283844
4086.293848803418,5079.978635151588,-993.6847863481698
4594.47166695632,5319.818579457306,-725.346912500986
4590.9584929436905,4613.977421213618,-23.018928269927528
4582.66629606664,5092.8036396051475,-510.1373435385076
4587.51859766188,5269.952648174836,-682.4340505129558
4595.907767368138,4531.658545736008,64.24922163212977
4614.394522598409,5334.029457872949,-719.6349352745401
5159.893803234031,4520.307162500437,639.5866407335943
5173.720178022334,3833.2052252216613,1340.5149528006727
5193.837281244588,3857.4771529199325,1336.3601283246553
5178.776952657702,5118.033911059953,60.74304159774874
5165.76213685303,5087.406797722511,78.35533913051859
5168.6041671082985,5595.8524731567195,-427.248306048421
5148.269799901035,3820.6942182558823,1327.5755816451529
5160.853610150264,5274.676706619236,-113.82309646897193
5160.807493401746,4325.073795152036,835.73369824971
3113.7714248844513,5491.687487819711,-2377.91606293526
3124.080091732353,5298.544523692914,-2174.4644319605604
3820.586019544903,5289.708562196855,-1469.1225426519522
3817.076412181902,5496.647191471849,-1679.5707792899466
3821.608656616589,5420.3702067693985,-1598.7615501528094
3820.793774093757,5305.521566875045,-1484.7277927812884
3830.583363240782,5441.897640623878,-1611.314277383096
3815.8133527904442,5288.502672271689,-1472.689319481245
3805.084549951385,5304.904494386123,-1499.8199444347379
3803.8629481317676,4610.554219922683,-806.6912717909154
4589.61475666917,4323.197084831035,266.417671838135
4577.602411081994,4109.607814726173,467.99459635582116
4571.657073485589,3810.572260734204,761.0848127513846
4606.203322658035,5529.5358411704765,-923.3325185124413
4595.509739113057,3837.77140557516,757.7383335378968
4595.030693881005,5406.791534038862,-811.7608401578564
4606.251200994854,5619.942631442039,-1013.6914304471848
5254.1970230279185,5294.560173355813,-40.3631503278948
5263.7901437491755,3834.1331560488893,1429.6569877002862
5262.234449921875,5488.530724609216,-226.29627468734088
5277.016017917689,5499.957473931288,-222.94145601359924
5253.646840829574,5294.927288142771,-41.28044731319733
5262.878790051175,4129.623681502086,1133.2551085490895
5276.862876581666,4945.151354387808,331.7115221938575
5263.810264284872,4134.471528473053,1129.3387358118189
5545.433983016607,5403.550270933985,141.88371208262197
5530.674151411165,3136.241145148428,2394.4330062627373
5259.716174025875,3828.7147352096526,1431.0014388162226
5264.69512601637,4647.743264478143,616.9518615382267
5259.702906028289,4521.241820642334,738.4610853859558
5262.983693107232,5100.610733195012,162.37295991222072
5259.013360129621,5307.0884388884415,-48.07507875882038
5270.362225549672,5498.353443609127,-227.9912180594547
5281.360894794675,3144.583917412231,2136.776977382444
5265.87320696517,5478.016974941626,-212.14376797645673
4598.655010110217,4648.524185949174,-49.869175838957744
4586.340562265679,5075.889486261666,-489.548923995987
4578.382952706074,5592.746349166598,-1014.3633964605233
4603.90151824226,5421.393182337998,-817.4916640957381
4585.907654829777,4520.209973125314,65.69768170446332
4576.67210047485,5280.908879488643,-704.2367790137932
4606.157751350277,5505.228646964894,-899.0708956146173
3812.541536499075,4609.2869725128885,-796.7454360138136
3816.7936269702036,3142.1259998218407,674.667627148363
3811.7996367208107,5229.082897354278,-1417.2832606334678
3804.9677732343353,4608.174219860864,-803.2064466265283
3826.4911900774396,5322.516342361408,-1496.025152283968
3816.1369193693213,5494.825052236576,-1678.6881328672548
3806.415560274948,5389.541121379352,-1583.1255611044044
3811.1896852439268,4917.970458121554,-1106.780772877627
3133.830374875502,5471.0936105599985,-2337.2632356844965
3127.542981675299,5597.583442719522,-2470.0404610442233
3123.885915186823,4522.31396799064,-1398.428052803817
3587.434972157343,4586.521244111741,-999.086271954398
3611.9510713865157,4324.820721960216,-712.8696505737007
3614.9114925106182,4524.998454408135,-910.0869618975171
3623.2550527693584,5417.439576649522,-1794.1845238801634
3612.216502093097,4634.047622573375,-1021.8311204802776
4108.038915993861,5601.810141086531,-1493.7712250926697
4119.890204148915,5317.339906617559,-1197.4497024686443
4098.3168658888735,5305.034046320413,-1206.7171804315394
4098.7999217891165,3827.820303809257,270.97961797985954
4112.4622267762525,5311.3377084195,-1198.8754816432474
4581.58703818726,4119.34665456301,462.24038362425017
4586.699355405279,5305.728778890629,-719.02942348535
4591.865648080128,4122.732800232015,469.13284784811367
4599.873219251932,5309.175785532382,-709.3025662804503
4582.27076097601,5379.76776411219,-797.49700313618
4599.567396656465,5110.605027060347,-511.03763040388276
5142.613951506779,5394.1361153752205,-251.52216386844157
5167.802560797493,4529.144868240334,638.657692557159
5167.135791787617,5307.95956808892,-140.82377630130304
5164.407488092239,4613.433679129525,550.9738089627135
5167.641107552445,4938.115295716719,229.52581183572602
5181.228434838372,4342.699492922009,838.5289419163628
5137.826477618417,5250.462781006388,-112.63630338797066
5160.3615664060935,5406.047482360386,-245.6859159542928
5159.373732962918,5586.117728576041,-426.74399561312293
3113.5800816796013,4607.8137919168685,-1494.2337102372671
3133.708031303336,4617.539289343142,-1483.8312580398056
3827.058191405321,5505.749127911014,-1678.6909365056927
3830.425959687066,4942.522631326782,-1112.096671639716
3815.6259045423158,4128.954861489035,-313.3289569467188
3813.980298976143,4940.6538991611515,-1126.6736001850086
3824.096453849802,4524.614477495545,-700.5180236457427
3810.252402426734,3632.3481172263873,177.90428520034675
3807.6830077935233,5107.541611959191,-1299.8586041656677
3819.2389433756753,5618.422215927048,-1799.1832725513723
4593.1629068662705,5608.414547455404,-1015.2516405891338
4589.741734079499,5415.537662747129,-825.7959286676296
4611.976957880851,5134.889464595272,-522.9125067144214
4593.312989123269,3838.7433058790857,754.5696832441836
4611.384961266557,4442.9699287752965,168.41503249126072
4583.832384186532,4513.331888030401,70.5004961561308
4593.377829990988,5298.447095947138,-705.06926595615
5256.963716252809,3627.8297276649787,1629.1339885878301
5258.391706737,5280.239841517889,-21.84813478088836
5257.54757385468,4512.807477928826,744.7400959258539
5282.7018385266465,3833.657324745499,1449.0445137811475
5282.383033036195,5104.361192994647,178.02184004154788
5262.987396884147,3834.563017494128,1428.4243793900187
5272.559463490282,5321.141633995495,-48.58217050521307
5261.827858814504,5300.8910040684095,-39.06314525390553
5562.866001982181,4831.065105185561,731.8008967966198
5553.29710730327,4633.019966858107,920.2771404451632
5270.4473099131,5593.193391637901,-322.7460817248011
5258.609913862876,5404.145507032782,-145.53559316990595
5267.142374730138,3831.533658056739,1435.6087166733987
5269.419898752032,5109.74459160477,159.67530714726217
5273.198593552159,5500.529925666336,-227.3313321141768
5272.042259865555,5416.9130785933085,-144.87081872775343
5266.522107316215,5110.007994254773,156.514113061442
5266.7399255552855,5108.992736429404,157.74718912588105
4569.927561541294,4727.599377855073,-157.67181631377844
4591.006149052821,4610.261538393431,-19.255389340610236
4599.70552312496,4927.634997839428,-327.9294747144686
4595.191798795517,5315.028291813335,-719.8364930178186
4594.413420950045,5302.05769138574,-707.644270435695
4588.978402374033,5280.186265142252,-691.2078627682185
4602.159913673731,4945.728526865424,-343.56861319169275
3816.6859006413856,5310.211478290445,-1493.525577649059
3803.9500021157946,5474.770570003318,-1670.8205678875238
3814.5606027403,4612.800579678012,-798.2399769377116
3831.0778727580196,5315.371312066013,-1484.2934393079936
3803.4751769096115,3824.789706913224,-21.314530003612617
3801.8355168312164,5276.269175870517,-1474.4336590393004
3797.479665679742,4897.44512296365,-1099.9654572839077
3822.3613933254614,5325.192272955781,-1502.8308796303195
3123.2377675693856,3839.2767117658477,-716.0389441964621
3126.290954369842,4523.523940729004,-1397.2329863591617
3123.885915186823,4612.694259567265,-1488.8083443804426
3618.069747548978,4935.798726989959,-1317.7289794409808
3624.186424853822,3838.72941617188,-214.54299131805828
3628.4667339021084,4632.2018747731745,-1003.735140871066
3616.774528827588,3831.9669845888816,-215.1924557612938
3623.1453758521134,5597.101336974647,-1973.9559611225336
4089.9556082260733,4315.907054664711,-225.9514464386375
4097.130362764739,3822.189851951563,274.9405108131764
4109.920210686183,4533.485191123502,-423.5649804373188
4097.452011229395,5587.804112613878,-1490.352101384483
4110.524540294813,5614.231092657199,-1503.706552362386
4595.003972043761,4527.090115377337,67.91385666642418
4604.219374399917,5315.047533688151,-710.828159288234
4596.1408833658425,4528.08676803419,68.05411533165261
4584.112041870588,4909.528704173802,-325.41666230321425
4581.992744255143,5110.552945982905,-528.5602017277615
4601.2584467753695,5297.459278438251,-696.2008316628817
5160.958906664401,3833.7967984578436,1327.1621082065576
5155.959321413863,4607.494093138694,548.4652282751695
5164.878362258396,5590.704313304341,-425.82595104594475
5161.293581491137,3637.189413633813,1524.1041678573242
5157.893421092797,5273.248713553441,-115.3552924606438
5149.787736183117,5092.819302974986,56.96843320813059
5164.597761764473,5304.042804218634,-139.445042454161
5183.092189798412,5321.310381655249,-138.21819185683762
5182.81493940783,5322.531231691033,-139.71629228320307
3125.902303848815,5501.124659528141,-2375.222355679326
3126.9587156508123,5307.277128624992,-2180.3184129741794
3800.0312237230128,5397.819113193734,-1597.787889470721
3831.237512415921,4940.975494700029,-1109.737982284108
3808.2534573548205,5590.923573630228,-1782.6701162754075
3816.1514710095116,5598.255553694439,-1782.1040826849276
3808.7289468466015,5491.212107580604,-1682.483160734003
3813.2214758506525,5590.308889986726,-1777.0874141360737
3815.018559411823,5612.393056032807,-1797.3744966209842
3796.2871186739253,3815.557944033745,-19.27082535981981
4600.204484522717,5309.381765314426,-709.1772807917087
4599.275366813115,4328.5204653823785,270.75490143073694
4598.270140429646,5628.543155911819,-1030.273015482173
4596.320120315837,4527.494174616219,68.82594569961748
4610.7136410692065,5426.200939844004,-815.4872987747976
4571.372369741807,5467.949141663009,-896.5767719212017
4598.57522701382,3837.6800436449366,760.8951833688834
5263.155480773125,4613.595926502936,649.5595542701894
5267.257015772949,4130.973465579624,1136.283550193325
5253.815800169557,5598.533788683424,-344.71798851386666
5274.937884385604,5311.507992094142,-36.57010770853776
5254.289499045695,4322.8751050716855,931.4143939740097
5250.4509112886,5074.493718119714,175.95719316888608
5263.037662947212,5492.9687061365985,-229.9310431893864
5269.05314908109,4610.371084741637,658.6820643394531
5530.674151411165,5092.855419461498,437.8187319496674
5540.630041357624,3138.0778894018877,2402.552151955736
5275.089542754587,4618.326312937688,656.7632298168983
5257.901016226596,5491.432148976508,-233.5311327499121
5241.460231644183,4502.2609260230565,739.1993056211268
5255.177367350806,5079.6898980028855,175.48746934792052
5273.948976466518,5312.513911294571,-38.56493482805308
5275.288322657813,3149.7885787926793,2125.499743865134
5266.870214424299,3151.1009022508374,2115.7693121734615
5270.705920015935,3157.3012024147674,2113.4047176011672
4602.742984360154,5295.047330244735,-692.3043458845814
4593.3870589397875,5504.144449210684,-910.7573902708964
4592.77195538581,5307.989535962049,-715.217580576239
4584.328719846466,5493.325838667586,-908.9971188211202
4593.774712662545,5596.706623282389,-1002.9319106198436
4597.050184539915,4126.018397133347,471.0317874065677
4599.2280565756255,5236.740229120064,-637.5121725444387
3816.457732922147,5609.224651201823,-1792.7669182796758
3825.695058085541,5610.6789378598605,-1784.9838797743196
3821.8154787560134,3841.6411128516843,-19.82563409567092
3819.4159198351404,5281.584025825362,-1462.1681059902216
3809.5066199147955,5413.3688913897595,-1603.862271474964
3811.9584183647307,5416.343350348199,-1604.3849319834685
3810.033973889239,5588.556329732939,-1778.5223558437
3813.9854274684385,5584.995179863657,-1771.0097523952181
3113.7686575377593,3135.0619733840717,-21.293315846312453
3124.7826018012943,3834.336637160863,-709.5540353595688
3123.885915186823,5295.239473638876,-2171.353558452053
3614.3925774631875,5274.670069150719,-1660.277491687532
3616.5028584346755,5299.9034911482595,-1683.400632713584
3616.1359534283197,5279.096084823219,-1662.9601313948992
3622.9512761189194,3839.1457578268864,-216.19448170796704
3617.5373158710217,3838.4600460416673,-220.92273017064554
4100.4358529903475,3827.3423912139374,273.0934617764101
4092.4323674998973,5301.16117578561,-1208.7288082857126
4085.9694889946945,5406.343510923632,-1320.374021928937
4105.098367036816,4606.770138199865,-501.671771163049
4093.2593745906197,4609.527051766581,-516.2676771759616
4596.590510281826,5109.709641989102,-513.1191317072762
4587.283027176742,5401.558034725017,-814.2750075482754
4595.613066355346,5309.511428725521,-713.8983623701752
4604.178882514827,4634.976727778188,-30.797845263361523
4600.0227768429295,5324.626506226813,-724.6037293838835
4589.998683953251,5423.866585638731,-833.8679016854794
5167.831062560712,5419.771151751985,-251.94008919127282
5184.363092471219,4544.41718841381,639.9459040574084
5157.266848989994,5293.920687005749,-136.65383801575445
5166.2306525118565,5106.239695793963,59.99095671789382
5155.061390844083,5589.662029117321,-434.6006382732385
5167.303467478011,4530.294665925747,637.0088015522642
5164.832918141396,4622.659766618143,542.1731515232523
5165.57015326971,5110.776897132831,54.79325613687888
5176.50046134763,4622.77992599414,553.72053535349
3112.5611752055447,3823.638018846675,-711.0768436411304
3121.8187597911915,5381.13876144454,-2259.3200016533488
3815.7811539790796,5502.848257934076,-1687.0671039549966
3813.784364063687,5419.393484961121,-1605.6091208974344
3810.0171464729083,5295.037074056209,-1485.019927583301
3826.7013595292283,4139.010053115765,-312.3086935865367
3820.6567807202696,4613.856054219409,-793.1992734991395
3796.0409422108546,5295.927659845596,-1499.8867176347417
3803.8629481317676,4616.566027974671,-812.7030798429032
3821.066102697915,4616.583332495392,-795.5172297974768
4585.724705155555,5601.704762564795,-1015.9800574092396
4598.941183827067,3841.040178069489,757.9010057575783
4586.13041189031,5083.30281893612,-497.17240704581036
4581.582754312486,5478.331143322211,-896.7483890097246
4583.849673734116,5269.981576987606,-686.1319032534902
4593.955830147071,5306.465422458268,-712.5095923111976
4593.2160887079235,5385.103748602489,-791.8876598945653
5261.383019715159,5299.211560959862,-37.82854124470305
5261.636838161196,5299.016764549584,-37.37992638838841
5271.013228278879,5504.991721921934,-233.97849364305512
5248.901952257937,5091.086733966203,157.8152182917347
5262.440342549872,4607.798243130705,654.6420994191676
5270.204947668732,4338.035099160854,932.1698485078778
5255.029143779192,3819.1804387994675,1435.8487049797245
5261.927145225985,5298.813019130551,-36.885873904565415
5551.596002125259,5420.419958355257,131.17604377000134
5549.7906135195535,5318.070987074187,231.71962644536688
5262.797376061911,4821.582972187076,441.2144038748347
5252.810512631499,4600.95988076132,651.8506318701784
5265.272324662105,4614.714774977167,650.5575496849387
5284.714235132816,5107.304210585728,177.41002454708814
5257.984991396567,5296.092510568704,-38.10751917213656
5271.444592097428,5109.650184768391,161.7944073290364
5253.784651722217,5301.25631672173,-47.47166499951345
5277.751511556398,5433.402430212033,-155.650918655635
4603.253858548907,4137.536225134783,465.71763341412407
4592.069504128702,5304.984154171762,-712.9146500430606
4608.542712516882,5432.449384214159,-823.9066716972775
4588.654347369431,5313.876385134427,-725.2220377649965
4582.000845157273,3824.4080936380296,757.5927515192434
4605.687035007412,5323.296119597686,-717.6090845902736
4591.054806442632,4323.67987032928,267.3749361133523
3811.7996367208107,5285.710195491262,-1473.9105587704516
3798.6336974049977,4510.322873746258,-711.68917634126
3817.7129473331506,5301.9811988334395,-1484.268251500289
3808.061814231309,3134.830307722304,673.2315065090052
3821.721479277484,4620.0743493540585,-798.3528700765746
3819.8457428204474,3147.086305086654,672.7594377337932
3817.826806066122,3639.53811471945,178.2886913466723
3826.0717928676454,5137.618092479914,-1311.5462996122683
3107.3490928524748,4108.951039199314,-1001.6019463468397
3121.2521094765702,3635.867106609321,-514.6149971327509
3123.885915186823,5297.752305089466,-2173.8663899026433
3614.3422549453135,4608.689734501883,-994.3474795565699
3618.826082625799,5290.295933756966,-1671.4698511311676
3625.13772738387,5322.193955641115,-1697.0562282572455
3606.396387678917,5611.959442154237,-2005.5630544753199
3624.095039334991,4931.580884324547,-1307.485844989556
4101.297338676828,4522.927075820602,-421.62973714377404
4115.173302006524,5325.9762379109025,-1210.8029359043785
4103.72019909601,4528.331973925458,-424.6117748294482
4098.936228326728,5087.970734784967,-989.0345064582389
4096.9343773181245,4515.18636032578,-418.2519830076553
4592.94972941083,4130.326179104555,462.6235503062744
4595.938906392868,5494.893687271135,-898.9547808782663
4592.993395996777,5306.90362448878,-713.9102284920036
4573.12326287093,5591.529144356276,-1018.4058814853461
4586.999271323803,4522.097900049617,64.9013712741862
4586.68466701388,5508.606930532816,-921.9222635189353
5166.658253818311,3144.7607585505034,2021.8974952678077
5176.455531829364,5313.9907034106245,-137.53517158126033
5138.673223370507,4584.485918852449,554.1873045180582
5183.394763322113,5297.891011187374,-114.49624786526056
5142.3939752923925,3822.0671723191954,1320.3268029731971
5169.229765963043,4528.708358564263,640.52140739878
5159.57636932952,5100.19488675689,59.381482572630375
5151.164827620538,4631.750992034125,519.4138355864125
5137.72369351197,4584.556726643703,553.1669668682671
3112.0985199495603,4518.204644255843,-1406.1061243062827
3116.478674986421,3831.3984759985146,-714.9198010120936
3826.063555544414,4945.025353440608,-1118.9617978961942
3817.636336924906,5284.156933962795,-1466.5205970378888
3812.6300518860157,5299.749337570878,-1487.1192856848625
3818.317636346937,4130.826290440521,-312.508654093584
3812.56515102302,4615.877319897237,-803.3121688742167
3801.3179260899265,5399.510723523687,-1598.192797433761
3807.8574936930318,4517.539226580343,-709.6817328873112
3816.3245493754544,5301.978236450463,-1485.6536870750083
4571.83337794566,4587.607918362113,-15.77454041645342
4587.290082896728,5492.899692655395,-905.6096097586669
4607.794926837558,3844.416877264036,763.3780495735218
4588.496490116695,4522.598966195544,65.89752392115133
4589.872502625448,3835.75738694337,754.1151156820779
4595.349793356889,5320.155128320644,-724.8053349637548
4580.278107979565,3821.5253881702924,758.7527198092725
5250.955134454339,5298.296311673035,-47.34117721869643
5251.058367372888,5581.642516041411,-330.5841486685231
5236.780797531425,5086.407908328214,150.37288920321134
5259.314882240377,5612.030452855017,-352.71557061463955
5260.809770251992,5081.180036274899,179.62973397709266
5256.09945142608,5079.549103450434,176.55034797564622
5269.001418468148,5109.43764134056,159.56377712758785
5257.190274641436,4812.21913165618,444.97114298525594
5542.692789341781,5277.067417293744,265.6253720480363
5563.239734623989,5292.516399912036,270.7233347119527
5267.319965894546,3830.909574230504,1436.410391664042
5262.491712947887,5415.865947736091,-153.37423478820347
5256.05949777136,5411.373657148953,-155.31415937759266
5254.102380296189,5271.716204039491,-17.61382374330151
5245.662017461376,4594.164434004425,651.4975834569514
5261.098048466882,5086.235785772748,174.86226269413328
5239.623984638596,5084.475233836993,155.14875080160346
5278.124125469844,5294.689250077927,-16.565124608082442
4593.2042526097275,4527.855104162062,65.34914844766536
4600.905491940492,4140.612321877218,460.29317006327346
4577.149559281212,5395.494593200167,-818.3450339189558
4597.105335107352,3835.254645285108,761.8506898222445
4603.89030859606,5310.996729936093,-707.1064213400332
4609.926322619034,5622.250959897369,-1012.3246372783351
4584.131528359687,4600.663631395089,-16.532103035402542
3803.488534582193,4512.164510689865,-708.6759761076719
3808.7674286109464,4518.026482048605,-709.2590534376591
3819.4675981597006,4526.622169141352,-707.1545709816514
3832.9785541949245,3655.8671821703947,177.11137202452983
3820.0834428908356,5495.884109458553,-1675.8006665677176
3821.624958489124,5435.979549898063,-1614.354591408939
3818.887783730377,5438.26427098236,-1619.3764872519832
3814.657598132949,4612.1825629986815,-797.5249648657327
3125.83948085067,5107.592055522255,-1981.7525746715846
3117.209725051213,5128.239400425751,-2011.0296753745383
3123.885915186823,3833.428666531772,-709.542751344949
3617.72678115194,5391.2102727782585,-1773.4834916263185
3619.3783327248448,5318.667930740385,-1699.28959801554
3623.147335817884,4618.61033993885,-995.4630041209662
3624.571313077585,3844.0661218202763,-219.49480874269148
3620.92169607757,3839.8646493597903,-218.94295328222051
4123.455020728486,5436.303806600161,-1312.8487858716753
4107.164355994132,5415.108702250913,-1307.9443462567806
4097.698607454144,5584.418240927977,-1486.7196334738337
4096.323263843879,5213.065626784955,-1116.742362941076
4096.208858473212,3824.254703424942,271.95415504826997
4580.073899142038,3825.187808795667,754.8860903463706
4601.671068053221,5114.63466929843,-512.9636012452092
4606.935347925398,3849.827595102512,757.1077528228857
4592.714811175478,5601.23182155887,-1008.5170103833925
4590.492209955699,5416.370091069042,-825.8778811133434
4591.531275137054,3836.4041864827736,755.1270886542802
5164.124400264949,5301.58388213398,-137.45948186903115
5171.408242015424,5616.545261150614,-445.1370191351907
5147.755470894395,5100.514454381436,47.241016512959504
5172.828041403633,5310.009772138234,-137.18173073460184
5167.289011527833,4525.915780022376,641.3732315054576
5177.9175129182995,3843.2396587382254,1334.677854180074
5163.006785042788,4522.361320968588,640.6454640741995
5176.380724536759,3839.203390634928,1337.177333901831
5156.666334292521,5292.442320507707,-135.7759862151861
3119.7612845338663,5496.265615569335,-2376.5043310354686
3110.527873864596,4323.120869622918,-1212.5929957583216
3820.5311727789403,4615.633749952461,-795.1025771735203
3797.3837595327986,4593.307649597426,-795.9238900646269
3811.3665993128516,4523.0619120177635,-711.6953127049119
3811.695195033684,5588.293446846635,-1776.5982518129508
3823.9874075997623,3645.1198145066887,178.86759309307354
3826.955563722248,5118.180234265026,-1291.2246705427783
3817.229819306929,4528.057197628128,-710.8273783211989
3807.3729177563155,5484.2520068312715,-1676.879089074956
4597.439028085072,5285.1094884629165,-687.6704603778444
4593.135039753564,5497.1401443652885,-904.0051046117242
4583.652461741815,4602.773748811901,-19.1212870700856
4597.6404257976965,5589.519548321284,-991.8791225235873
4610.067131050724,5331.242658533105,-721.1755274823809
4586.211759934941,5112.955347677182,-526.7435877422404
4606.379895581362,3848.6434141993323,757.7364813820295
5251.581677692072,3827.691175698416,1423.890501993656
5239.692252238801,5277.890207941704,-38.19795570290262
5255.353660791319,4606.566676812928,648.7869839783916
5258.9378572082405,3833.6175517379606,1425.32030547028
5248.513251834942,5265.453700529896,-16.940448694954284
5252.423576884928,5106.841237400959,145.582339483969
5246.849421504178,5068.657677416512,178.19174408766594
5274.016308354436,4928.229950376895,345.7863579775403
5542.327811844557,4611.196344992121,931.1314668524356
5539.868184331207,4630.199985578932,909.6681987522752
5266.252206845642,5108.357237419442,157.89496942620008
5255.472772914183,5290.195093350077,-34.72232043589338
5267.580140308495,4820.81829743305,446.7618428754449
5266.5432180093,5305.071647004173,-38.52842899487314
5275.463148410192,3835.9740063254785,1439.4891420847134
5259.127402960788,4606.103234304766,653.0241686560212
5269.645187009753,5284.775932269327,-15.130745259574724
5264.063368169393,5118.579982763176,145.48338540621626
4604.954165722137,5506.677913197794,-901.7237474756566
4586.786305246889,4807.982348973114,-221.19604372622507
4613.145555639588,5505.613340792968,-892.4677851533806
4580.028845831259,5586.548422455842,-1006.5195766245834
4582.258518199744,4120.363252636661,461.89526556308283
4589.872806416957,5296.467510759991,-706.5947043430333
4602.835294698013,5487.587231656865,-884.7519369588517
3814.3734292081217,5414.859764610999,-1600.4863354028776
3825.27823246812,4624.030232894447,-798.752000426327
3801.851989744953,5290.268855286991,-1488.4168655420385
3807.136098283371,5500.657379883146,-1693.5212815997747
3831.2945647982106,5317.620230542227,-1486.325665744016
3797.479380169361,4312.135374477474,-514.6559943081133
3816.666062561065,4918.993508118929,-1102.327445557864
3814.313331366266,5279.561114538319,-1465.247783172053
3131.011342854705,5321.489612113458,-2190.478269258753
3117.1071189669965,5421.135089548998,-2304.027970582001
3123.885915186823,4612.694259567265,-1488.8083443804426
3603.048796797509,5291.508153587084,-1688.459356789575
3631.142392497222,5311.841204717234,-1680.6988122200123
3622.3988044966595,5483.722732572301,-1861.323928075641
3620.948833123964,5391.881551083163,-1770.9327179591987
3618.7156808248124,5277.867829932046,-1659.152149107234
4124.0295103756625,5325.64600117531,-1201.6164907996472
4103.808893227862,5080.214100449846,-976.4052072219838
4103.811166024951,5282.358706767968,-1178.5475407430176
4102.621491419342,3828.5320610465515,274.08943037279096
4111.48147900399,5287.827291946462,-1176.3458129424716
4593.074799629423,4129.697265047925,463.37753458149837
4591.373282161733,5587.656123237674,-996.2828410759412
4594.848416207692,5305.603251516294,-710.7548353086022
4602.031871780426,5488.681866672588,-886.6499948921619
4588.288659266361,5274.234988466889,-685.9463292005285
4591.773136701497,5313.036060185973,-721.2629234844762
5173.720178022334,5097.020930740207,76.69924728212663
5179.800560942871,5616.343024092481,-436.54246314960983
5171.552556845061,3646.5627270450477,1524.9898298000135
5148.1336425182535,4595.310665273132,552.8229772451214
5178.884017736445,5500.767427109591,-321.8834093731466
5144.63106172522,5281.895952718596,-137.26489099337596
5175.253334793999,4340.837648771113,834.4156860228859
5146.958145547854,5295.56514532027,-148.6069997724162
5189.015509371734,5442.866613339409,-253.85110396767504
3126.9587156508123,4335.77055598929,-1208.8118403384779
3128.557981731606,5497.464198448763,-2368.9062167171573
3812.301197773702,4125.124666121849,-312.82346834814734
3816.281463945484,5419.21073790681,-1602.929273961326
3813.90526564179,5103.4016524056215,-1289.4963867638317
3810.2963128546903,5274.390965856545,-1464.094653001855
3810.51151366219,4125.195924603866,-314.6844109416761
3819.9029348355048,4335.671319761402,-515.768384925897
3811.3472373370373,3832.432448639854,-21.085211302816788
3805.3602815796376,5274.530064349946,-1469.1697827703083
4587.196147956823,4908.977765513109,-321.7816175562866
4595.454060925456,3831.416343537698,764.0377173877582
4598.149443821132,5094.7324467647995,-496.58300294366745
4594.761615727793,4611.966370258455,-17.204754530662285
4605.666092687064,5624.9477125729345,-1019.2816198858709
4578.691569221383,5479.294371476659,-900.6028022552755
4575.329502665496,3818.21760308845,757.1118995770462
5263.081164874713,4132.633153611231,1130.448011263482
5260.016631615547,4812.650526094196,447.3661055213515
5263.508061723474,4523.393882717097,740.1141790063775
5268.127490158188,3826.1140485522924,1442.0134416058959
5250.701115910058,5074.63349571891,176.0676201911483
5259.1706437457215,5307.19107624754,-48.020432501818505
5248.967791975723,5404.754125931864,-155.78633395614088
5274.601078190564,5310.487877956,-35.88679976543608
5547.3586769062595,5495.884189934169,51.474486972090745
5543.809640540357,5306.680194838778,237.12944570157833
5262.491712947887,5299.025271542068,-36.53355859418116
5252.185907574554,5074.769855356163,177.4160522183911
5259.711907689782,3829.803344570481,1429.9085631193007
5271.499735816821,5309.422615896324,-37.92288007950265
5292.664358871383,4544.082012314088,748.5823465572948
5275.994815074987,4617.333724005735,658.6610910692516
5253.258748936752,3827.033168668571,1426.2255802681816
5267.004724116208,5501.163010772634,-234.15828665642584
4599.383081199392,4615.317844686672,-15.934763487280179
4590.056868348405,4920.499031832426,-330.44216348402097
4593.165481728567,4127.516977393248,465.64850433531865
4587.497131569512,5104.64401601196,-517.146884442448
4578.848188947527,5270.57876863396,-691.730579686433
4598.419027954114,5093.407578991529,-494.98855103741425
4588.319091433012,5107.805470546087,-519.4863791130756
3826.4911900774396,5322.5163423614085,-1496.025152283969
3807.0218681321935,5592.238691747403,-1785.2168236152097
3821.721479277484,4621.865299256489,-800.1438199790055
3807.424407369838,4605.924649618293,-798.5002422484554
3805.779198498342,5301.3755826621855,-1495.5963841638436
3815.8425718989033,3836.387535389949,-20.544963491045564
3818.1714645177267,3837.209143646592,-19.03767912886542
3818.0710843324805,4616.836154362425,-798.7650700299446
3113.7711662052766,4928.7447443372375,-1814.973578131961
3116.6738679515847,4125.446943850027,-1008.7730758984426
3123.885915186823,5588.4959185759235,-2464.6100033891007
3612.807162681415,5494.508994965307,-1881.7018322838917
3617.3491952744043,5490.212263276775,-1872.8630680023707
3619.5719535932235,5425.898452100324,-1806.3264985071005
3617.9459042013405,4334.813336774436,-716.8674325730954
3614.297701969435,5417.993528404637,-1803.695826435202
4117.464335116016,5088.039065679065,-970.5747305630493
4106.983605140673,5081.753130268955,-974.7695251282821
4113.110022308296,5312.430094475613,-1199.3200721673174
4128.152752582209,4665.494635022191,-537.3418824399814
4103.602372753158,5293.900788738772,-1190.2984159856132
4605.155358363506,3846.4864632195713,758.6688951439346
4605.288233631814,5295.581690036957,-690.2934564051429
4586.543612612967,5081.899856347419,-495.3562437344517
4591.635450185717,4523.946730210162,67.6887199755547
4588.1390693556905,5292.818800261252,-704.6797309055619
4607.539754333849,5323.004971986566,-715.465217652717
5149.606515367355,5270.0762823001805,-120.46976693282522
5182.09936465454,5322.195231598143,-140.09586694360314
5141.633377977786,5473.651172985688,-332.01779500790235
5170.586228630394,5309.068545849486,-138.4823172190927
5163.5508918750675,4517.777133267974,645.7737586070934
5161.55401040945,4518.979072293521,642.5749381159285
5148.647224847154,4509.230611105369,639.4166137417851
5159.490831841225,5276.182474662785,-116.69164282155998
5162.848275662306,4526.215216581559,636.6330590807474
3123.1531824820963,5312.58978467466,-2189.436602192564
3114.8982272064254,4521.3342994564255,-1406.43607225
3815.4637225407328,5313.368144496132,-1497.9044219553994
3831.2175352093313,5318.0922630407185,-1486.8747278313872
3820.70469162731,5420.685842090427,-1599.9811504631175
3815.3012641958594,5116.367590200983,-1301.0663260051233
3819.855330779602,5528.646325872452,-1708.7909950928497
3800.6110395134547,5408.791042669256,-1608.1800031558014
3812.2751825286255,5315.968680679707,-1503.6934981510817
3811.466341427912,4608.855689628005,-797.3893482000931
4594.7129696421935,5311.551352765796,-716.8383831236024
4584.191300630909,5287.759243668369,-703.5679430374603
4597.351454096429,4648.385101294789,-51.033647198360086
4586.27007305768,5297.5006666879,-711.23059363022
4594.325670264602,5415.923158179725,-821.5974879151227
4585.630831838966,5282.779276195725,-697.1484443567597
4603.296623304244,5620.089392754427,-1016.7927694501823
5248.7175347493285,5287.616145831863,-38.898611082534444
5264.449765124696,5500.7470317221205,-236.29726659742482
5257.640722467609,5305.593226627739,-47.95250416013005
5267.475140822727,3842.225698577287,1425.2494422454397
5268.995460460266,5413.847130099656,-144.8516696393899
5265.4457957537725,5593.896649042567,-328.45085328879486
5257.4859484875005,5414.03599127271,-156.55004278520937
5252.94857789496,4592.458100968354,660.4904769266059
5543.741581037176,4606.061597767593,937.6799832695824
5548.592952728303,5479.1088918096575,69.48406091864581
5252.659549363879,5591.633571840721,-338.97402247684204
5267.46545026675,5287.097068327332,-19.631618060581786
5264.073691069414,4523.6980510842495,740.3756399851645
5276.671046723724,5100.186667821674,176.4843789020506
5258.165016311899,4124.534692252503,1133.6303240593961
5266.272810963649,5303.750133558088,-37.4773225944391
5269.186176962397,4524.103527115507,745.0826498468905
5281.018757462719,5329.239336352381,-48.22057888966174
4600.3627180481835,4616.441936537564,-16.079218489380764
4590.551221921515,4618.000449214541,-27.449227293025615
4586.838771069947,3831.80653934459,755.0322317253572
4591.689700213735,5417.200801342801,-825.5111011290664
4590.582381482782,4914.797604226841,-324.21522274405925
4582.840450785739,5483.270871555728,-900.4304207699888
4566.462850174054,5281.252510367299,-714.7896601932443
3809.5914386771287,5115.196453817863,-1305.605015140734
3822.8798738438413,3137.665418706767,685.2144551370743
3800.6334634671216,4909.721032695256,-1109.0875692281347
3813.425962617325,5295.735784476683,-1482.3098218593582
3811.320542786357,5403.15944369816,-1591.8389009118036
3814.974291967137,5511.740013707599,-1696.7657217404621
3808.1542552524934,3827.6851943626934,-19.530939110200052
3806.5170714116944,3135.411787627113,671.1052837845814
3103.298620399698,5577.194513351349,-2473.895892951651
3111.3702300941873,4515.12040252464,-1403.7501724304525
3123.885915186823,4620.008471695079,-1496.122556508256
3610.743304927333,3826.817528411856,-216.07422348452292
3603.5242641941727,5459.441338070816,-1855.917073876643
3616.4998918930223,5600.127923882916,-1983.6280319898933
3609.472007828803,5373.895079524107,-1764.4230716953043
3620.7468798036907,5306.704645825183,-1685.9577660214927
4092.4233468491584,4599.532531370904,-507.1091845217452
4097.489686224554,4516.604124575252,-419.11443835069804
4103.105663781208,5085.366948420962,-982.2612846397542
4118.178125702936,5596.59251084151,-1478.4143851385743
4111.166240807585,5299.37440069434,-1188.2081598867544
4590.935801112666,5222.703798013645,-631.7679969009787
4602.910340042561,5514.988202107798,-912.0778620652372
4595.065183221511,4613.86678540558,-18.801602184069452
4603.871599825077,5293.165321463137,-689.2937216380597
4589.9603988193385,5299.744964697116,-709.7845658777778
4592.7982782154895,5619.973409269243,-1027.1751310537538
5176.442233730256,5622.762621787626,-446.3203880573701
5180.379861991439,4541.835784149909,638.5440778415295
5168.919814342395,4524.252421973535,644.6673923688595
5147.62447757271,5070.768743264565,76.85573430814475
5167.303467478011,3841.5186574891395,1325.7848099888715
5170.176994905798,3831.9598787962286,1338.2171161095694
5160.917877413525,4614.509809291573,546.408068121952
5167.097962059368,3144.084900001773,2023.013062057595
5156.343496463054,4600.074449704778,556.2690467582761
3121.805393441064,5300.787816140954,-2178.9824226998903
3111.5396380526367,5273.251008990603,-2161.711370937966
3819.8016151129245,5100.42370303474,-1280.6220879218158
3819.7372954776993,5421.240276316801,-1601.5029808391018
3820.0644737209404,5111.588312006036,-1291.5238382850957
3811.521581816626,5580.79823669718,-1769.276654880554
3810.5506652656322,3831.695573137803,-21.144907872170734
3813.6916742921644,5436.032003581552,-1622.3403292893877
3813.794011484685,3836.0109151705924,-22.216903685907255
3818.472795385801,5294.953959387815,-1476.4811640020143
4587.861959055159,5473.757631147499,-885.8956720923397
4593.990343302347,4933.672798610402,-339.68245530805507
4570.993530330261,5275.736219462791,-704.7426891325304
4588.092661892458,5405.949900983976,-817.8572390915178
4589.205443022718,4921.898258982037,-332.692815959319
4582.606909987906,3633.7232703107134,948.8836396771926
4586.338535918772,4519.573052220449,66.7654836983229
5260.299271298682,3834.2241388213697,1426.0751324773119
5256.424920369002,3837.0368249101384,1419.388095458864
5278.522629494111,5613.259110033077,-334.73648053896613
5275.82516044289,4530.474092899882,745.351067543008
5273.127410107402,4623.136857431787,649.9905526756156
5278.562607937516,4624.664432676008,653.8981752615082
5256.606149422308,4615.174090601874,641.4320588204337
5259.746030653473,5602.887181510963,-343.1411508574902
5540.750355329582,5308.809061296588,231.94129403299394
5524.309502676418,4590.197149245406,934.1123534310118
5256.05949777136,4606.472044809483,649.5874529618768
5259.711907689782,4605.0107675858635,654.7011401039181
5262.443275233958,5418.87285566495,-156.42958043099225
5282.904693123528,5321.497086965913,-38.59239384238481
5274.419620560884,3842.83239888513,1431.5872216757543
5263.382872918667,5310.881028116774,-47.49815519810727
5274.878745535274,5291.184510665975,-16.30576513070082
5262.719640449443,5414.6951425525285,-151.9755021030851
4578.3805743180465,4728.825783232653,-150.44520891460616
4581.484094948614,5468.157941807628,-886.6738468590138
4605.687035007412,3837.5831452374473,768.103889769965
4594.959130029153,4817.804860654868,-222.84573062571508
4596.408631156514,4614.208784098963,-17.80015294244913
4566.18654139508,5280.470891113552,-714.2843497184722
4594.620782872551,4929.589622410236,-334.9688395376852
3806.4983466765266,5264.670969310175,-1458.1726226336482
3787.685740731483,5277.478887381424,-1489.7931466499413
3811.2950635446,5313.262901364444,-1501.9678378198437
3807.449234773636,3828.7838415713168,-21.334606797680863
3814.338864039971,5296.548210479554,-1482.2093464395825
3808.5982379917605,3832.5283244082875,-23.930086416527047
3813.2804400221926,5105.737469631989,-1292.4570296097968
3815.9035438949154,5292.186166023675,-1476.2826221287592
3111.1156612869463,3131.8337850577154,-20.718123770769125
3138.8375436810993,3846.132694910686,-707.2951512295867
3123.885915186823,3835.787967589301,-711.9020524024781
3612.7212358004995,5213.1984333921555,-1600.477197591656
3621.2597085795746,3844.067586540347,-222.8078779607722
3623.5594812602835,5089.652231768686,-1466.0927505084023
3618.437792388533,4125.05138550485,-506.61359311631713
3621.473962980663,4619.123460657783,-997.6494976771196
4101.840703370711,5299.394904987866,-1197.5542016171548
4107.265204885569,3834.653691471994,272.6115134135748
4096.208648275211,5298.865173083223,-1202.6565248080124
4113.8993904255285,3839.070819801585,274.8285706239435
4101.821082939524,5276.424862262823,-1174.603779323299
4597.778124614667,4614.394860789458,-16.616736174791185
4615.454544996852,5330.34082926155,-714.8862842646986
4590.558601358928,5308.596043903245,-718.037442544317
4578.648170452701,5407.556769229917,-828.908598777216
4589.009810475593,5595.242575996963,-1006.2327655213694
4583.553461220173,5300.654996260298,-717.1015350401249
5170.437106611376,4530.295498186846,640.1416084245302
5177.60109891043,4625.270719199315,552.3303797111148
5143.569428598518,5569.593162431815,-426.0237338332963
5180.9199000347035,3840.3161435408642,1340.6037564938392
5152.930889757102,4905.943177068389,246.98771268871315
5169.898560004829,4613.122112959314,556.7764470455149
5178.187320230154,5523.689385124907,-345.50206489475295
5164.48499786011,5302.699760625009,-138.2147627648992
5162.982445528037,3840.4327819770197,1322.5496635510171
3133.1704001049443,4632.866416431884,-1499.69601632694
3115.4884874329186,5585.534534344325,-2470.0460469114064
3818.979505798764,4428.587618078233,-609.6081122794694
3827.7269095988163,4634.043123511029,-806.3162139122128
3820.7335793486754,5422.783253380074,-1602.0496740313984
3805.948831983632,4602.272257747464,-796.3234257638323
3820.764906395436,5307.9697770029725,-1487.2048706075366
3822.4843366553614,5288.743264925815,-1466.258928270454
3798.062828753546,4595.183971597329,-797.1211428437832
3819.1434938801444,5315.819180791944,-1496.6756869117994
4595.454060925456,5298.436841204228,-702.9827802787713
4585.389606147222,4519.119801712664,66.26980443455795
4586.984289156616,3633.0792070428406,953.9050821137753
4570.778712778853,4504.492438233824,66.2862745450293
4590.453438027532,5489.844881691985,-899.3914436644536
4575.602742871729,5300.573176812043,-724.9704339403143
4606.626984879561,5121.131522446102,-514.5045375665413
5258.0824566909105,5098.304313872617,159.77814281829342
5243.610487367975,5398.090486462253,-154.47999909427745
5253.773684442517,5605.480621221575,-351.7069367790582
5260.256176166144,4117.573586913982,1142.682589252162
5271.417657969559,5310.568214730718,-39.15055676115935
5249.531375870526,3826.7015664928676,1422.8298093776584
5264.316272647878,4524.771834748041,739.5444378998363
5253.103652257551,4911.034875969551,342.06877628800066
5549.219632423659,4132.9499602241785,1416.2696721994807
5533.924689027973,5068.377930094344,465.54675893362855
5269.856219911291,5283.881333054282,-14.025113142990449
5271.187729224852,5601.516556659582,-330.32882743473056
5255.505108671297,3825.0655652976875,1430.43954337361
5257.628187045424,5488.442111498,-230.81392445257552
5253.384020334001,5409.248392793248,-155.86437245924662
5280.662947140094,5122.256051081855,158.406896058239
5247.276804786872,5482.753877383753,-235.47707259688104
5269.803082817179,3141.680733898967,2128.1223489182116
4600.902140757868,5500.604954281582,-899.7028135237133
4576.829545360336,5288.1304783368705,-711.3009329765346
4603.461789360699,3842.1406343410868,761.3211550196124
4593.408273075737,4611.936193087048,-18.527920011310925
4580.138937633949,5283.58447312203,-703.4455354880811
4587.374492260914,5489.125803059627,-901.7513107987133
4600.751788384272,4929.291227080122,-328.53943869584964
3806.415560274948,5572.786952794811,-1766.3713925198635
3819.1834346025594,4653.962423575433,-834.7789889728733
3817.826806066122,5115.709335453528,-1297.882529387406
3811.6577573840896,5497.237848924743,-1685.5800915406535
3818.1714645177267,5515.113547255048,-1696.942082737321
3812.9158714003993,4518.590910602682,-705.6750392022827
3821.73970863877,5297.619968722974,-1475.8802600842037
3825.760952494169,5296.837424602976,-1471.0764721088071
3110.2902100838246,4525.4989427230585,-1415.2087326392339
3117.5229172765376,5407.783820332381,-2290.2609030558433
3123.885915186823,5275.836446276203,-2151.95053108938
3621.912595519454,5477.8454718896455,-1855.9328763701915
3629.6673112737935,5430.910981457484,-1801.2436701836905
3608.1895754338384,5302.978512262286,-1694.7889368284477
3627.9192603644988,5319.8998467088,-1691.9805863443016
3617.6824864809278,5124.688345482003,-1507.005859001075
4095.5095611415913,5294.674803240926,-1199.1652420993346
4109.644505152583,5493.202686691772,-1383.5581815391888
4102.132569701675,5297.615474222715,-1195.4829045210408
4114.880685108534,3842.698937728427,272.1817473801066
4092.6876840173863,5294.730908667427,-1202.0432246500404
4605.444064096312,5315.807317194259,-710.3632530979467
4593.390209127084,4613.11137548493,-19.721166357846414
4584.112041870588,5292.405908009497,-708.2938661389089
4598.137449596306,3839.432139622946,758.7053099733603
4589.998683953251,5110.039407723149,-520.0407237698982
4573.836397596435,4591.950719157713,-18.114321561278302
5155.141581007165,5485.602869403701,-330.4612883965365
5154.411087444045,4603.5878619919085,550.8232254521363
5170.856994951057,5301.434988111015,-130.57799315995817
5147.918793406362,4608.992068675974,538.9267247303878
5160.012436330702,5100.884706757441,59.127729573261604
5146.255578482436,5580.05324726915,-433.797668786714
5185.512431881354,3851.0129416848986,1334.4994901964556
5144.333326878449,5260.617995385243,-116.28466850679433
5185.227702172122,3650.5817342513756,1534.6459679207464
3106.0403263399708,5288.669612211802,-2182.629285871831
3121.508136740719,5276.834754001419,-2155.3266172607005
3808.8835048175474,5412.181457400457,-1603.2979525829091
3814.5038639584186,5118.837787503093,-1304.3339235446742
3820.6567807202696,5503.778041288323,-1683.1212605680535
3804.852384418835,5414.808687636015,-1609.95630321718
3805.710073579175,4513.425374609264,-707.7153010300885
3808.9359851162358,3130.9560341817,677.9799509345357
3811.8255683416996,4744.303636446993,-932.478068105293
3806.711674515748,5295.763357998161,-1489.051683482413
4584.1563421147275,4611.8765923364235,-27.720250221696006
4617.317238924567,5442.897778053138,-825.5805391285703
4600.735061515361,4746.427835550025,-145.69277403466367
4598.57522701382,5436.731843461874,-838.1566164480537
4583.877934769284,3829.1235132984907,754.7544214707937
4588.649466960233,4605.155348035766,-16.50588107553267
4594.164508705843,5281.930793921625,-687.7662852157819
5253.538406519137,5291.6919932859755,-38.15358676683809
5239.349447579216,5455.357024189414,-216.00757661019816
5270.204947668732,4620.185560904496,650.0193867642356
5258.094684845223,4118.579194053443,1139.5154907917804
5268.977319592154,5307.924938810266,-38.94761921811187
5259.242147607522,5588.089728698838,-328.847581091316
5279.224800890534,5315.282247097794,-36.05744620726
5283.966315820833,5439.498748040503,-155.53243221967023
5544.984727235779,3625.0397293807623,1919.944997855017
5539.220004590684,4603.73897909533,935.4810254953536
5254.102380296189,3822.4100756995704,1431.6923045966187
5271.499735816821,3144.961078136016,2126.538657680805
5282.904693123528,5301.624810955773,-18.720117832244796
5269.1761591738095,4619.125313554578,650.050845619232
5260.202562727231,3824.358567625229,1435.8439951020023
5258.733109130207,5307.47300316499,-48.73989403478299
5269.512825748581,5427.656794896891,-158.14396914831013
5265.207654195846,5605.914313469547,-340.706659273701
4597.929276088248,3834.1637097502826,763.7655663379655
4587.2210696059565,5116.2825453074565,-529.0614757015001
4601.117071900364,5310.812745184444,-709.6956732840799
4587.77886807598,5407.956563774778,-820.1776956987978
4604.002597890709,3841.939123465306,762.063474425403
4596.738170387661,5284.578524130487,-687.8403537428258
4597.379686667206,5301.201945806899,-703.8222591396925
3809.284297045936,3831.3890304639995,-22.10473341806346
3820.8142227718645,5509.87876337459,-1689.0645406027252
3821.6201416906997,3642.819694204938,178.80044748576165
3811.2256361933564,5273.5747364138815,-1462.349100220525
3795.7110373154974,5583.702282080729,-1787.9912447652314
3823.4228017389287,4931.950785398497,-1108.5279836595682
3812.989686098833,3832.4634790026907,-19.473792903857884
3803.5610454902762,5296.252155757673,-1492.6911102673967
3117.0342119494217,5103.069332886954,-1986.0351209375322
3116.590043383913,3831.447459892873,-714.8574165089603
3123.885915186823,4620.008471695079,-1496.122556508256
3601.7410308033454,4606.852979043576,-1005.1119482402305
3626.7640774929037,5108.690869807659,-1481.926792314755
3602.0084162862327,5253.993658193467,-1651.9852419072345
3627.3640464210853,5311.639159448883,-1684.275113027798
3622.9261915533602,5607.373940273761,-1984.4477487204008
4122.686597973934,5335.5198751495,-1212.8332771755659
4099.204859372616,4520.437278551537,-421.2324191789212
4110.390245930272,5103.138715399483,-992.7484694692112
4105.117941253906,5421.353423860078,-1316.235482606172
4103.528437159879,5494.785443310796,-1391.2570061509168
4583.769739839529,4515.565464422442,68.20427541708705
4593.715530731179,4614.05908777827,-20.343557047091053
4600.339640835457,5615.9499181483725,-1015.6102773129151
4581.09827010658,4116.787341921674,464.3109281849056
4605.058722877965,5313.314879189741,-708.2561563117761
4586.657494770311,5405.440745852055,-818.7832510817443
5163.663012109669,5085.18434279162,78.47866931804856
5155.193051955852,5477.280672953578,-322.08762099772594
5154.492263276872,5292.649228346943,-138.15696507007124
5165.741530282796,5593.583436580663,-427.84190629786735
5176.822478850882,5123.423919334232,53.398559516650494
5139.271368784897,4308.464682737709,830.8066860471881
5155.38577584924,3818.2493109651928,1337.1364648840477
5164.037782072917,5495.164586984758,-331.12680491184074
5166.464686005888,5311.306041370621,-144.8413553647324
3112.166087470328,4517.707019032182,-1405.540931561854
3135.0170655106535,4834.822822916472,-1699.805757405819
3810.178831724053,3632.140962413875,178.03786931017794
3815.395877468286,3835.3046424067643,-19.90876493847827
3804.2548459167256,5088.331260062251,-1284.0764141455256
3800.999621605151,4516.24650249593,-715.2468808907793
3811.9622689904113,3831.507450030494,-19.545181040082753
3813.749174355172,5500.182087643625,-1686.4329132884532
3800.514255744072,5392.688344133154,-1592.1740883890816
3816.938484349497,4127.51308890825,-310.57460455875344
4589.965904294868,5281.03475883567,-691.068854540802
4592.218945903476,5283.672786669736,-691.4538407662594
4591.57910933427,4924.239284554996,-332.66017522072616
4578.82442534409,5478.9993248256715,-900.1748994815816
4608.102238333783,5304.360953072641,-696.2587147388576
4601.020810530276,5321.6947730314105,-720.6739625011342
4596.242928982277,5423.108218870832,-826.8652898885557
5257.093613656358,4127.824330669602,1129.2692829867556
5266.436373246092,5599.665925110703,-333.2295518646106
5257.425094038168,4126.471650393101,1130.9534436450667
5255.001233294406,5293.784690383706,-38.7834570893001
5245.195466312197,5400.2005050423695,-155.0050387301726
5261.141689219361,5100.556746365524,160.58494285383676
5276.452923544631,5314.331813803259,-37.87889025862842
5252.712803492438,4128.910795828907,1123.8020076635312
5530.283949022285,5403.636314564051,126.64763445823428
5558.87106509206,5608.475883937954,-49.60481884589353
5255.334186036416,5110.947718919235,144.38646711718138
5268.688635273988,4610.24251840173,658.4461168722582
5263.970262280556,5313.262711427543,-49.292449146986655
5244.101569190249,3818.4101336726153,1425.691435517634
5276.335323024861,5605.308080454299,-328.9727574294375
5288.183717643161,5504.469347394051,-216.2856297508897
5274.561247224846,5097.157075817382,177.40417140746376
5244.776893380787,5293.960137430844,-49.1832440500566
4599.215600370531,5119.634397334809,-520.418796964278
4584.772456205178,3132.318656933985,1452.453799271193
4593.851463946476,5390.778839805387,-796.9273758589115
4589.434779771122,4519.508198856224,69.92658091489739
4590.813621157779,5415.456115037809,-824.6424938800292
4577.567720462325,5595.73119293528,-1018.1634724729547
4605.142185009783,4337.92400412294,267.2181808868436
3812.1140630147797,5297.212329359558,-1485.098266344778
3809.9487993325956,4928.962275168846,-1119.01347583625
3809.532688097856,5305.274624311884,-1495.7419362140276
3819.3011975930144,4337.332731859323,-518.0315342663084
3818.6078939097106,4611.77169413844,-793.1638002287291
3812.9471493621413,5298.539714301676,-1485.592564939535
3825.8159273211054,5508.322187536807,-1682.5062602157018
3807.655452234722,5418.646937361434,-1610.9914851267117
3126.174361278402,5298.215187750925,-2172.040826472523
3110.8653633342237,5097.626253258409,-1986.760889924185
3123.885915186823,3832.8620502221547,-708.9761350353319
3614.073074687741,4518.8958178982175,-904.8227432104763
3619.123455640094,4618.8025832867825,-999.6791276466884
3612.775938965597,3831.176336134655,-218.40039716905767
3622.82754212839,3844.0632097781154,-221.2356676497252
3609.2555294801973,3135.530774466811,473.72475501338613
4118.091774884519,5310.493329372342,-1192.401554487823
4104.575157768103,5612.774168247509,-1508.1990104794058
4096.909458233339,5590.522499102522,-1493.6130408691824
4116.658808553446,4618.390719803161,-501.73191124971527
4103.126173734113,5492.138736881725,-1389.0125631476121
4599.030880161783,3841.5659479422184,757.4649322195646
4587.101687771401,4330.056046672176,257.04564109922467
4590.313013518649,5410.195064726928,-819.8820512082784
4590.691405451511,3838.1053114810315,752.5860939704794
4584.79097559501,4602.446042826689,-17.655067231678913
4593.145911341741,4330.488321285115,262.65759005662676
5193.837281244588,5133.97315886108,59.86412238350749
5171.552556845061,4630.583561956002,540.9689948890591
5165.033837028874,5281.234347148979,-116.20051012010572
5169.69837920137,3643.7406222565373,1525.9577569448325
5173.146367451617,5426.588018205172,-253.44165075355522
5189.40265745514,5334.584438749159,-145.18178129401895
5162.1143931527595,4427.008578260154,735.1058148926058
5174.839179598511,4615.761446273227,559.0777333252836
5176.11452481256,4331.427274166894,844.6872506456666
3123.0310531459268,5297.252409549671,-2174.2213564037443
3128.9073217353734,5306.004141145816,-2177.0968194104425
3820.1038908451924,5309.759637264777,-1489.6557464195844
3814.3233330023454,4328.9365567634295,-514.6132237610841
3803.5542782698953,4116.025487775948,-312.4712095060527
3818.0251164041215,5302.354525908314,-1484.3294095041924
3815.734889699006,5310.7522958196305,-1495.0174061206244
3815.573479113383,5524.959323418823,-1709.38584430544
3789.8092914223485,5280.18027124968,-1490.3709798273317
3801.119768850671,5276.3458658800755,-1475.2260970294046
4598.149443821132,4613.6180652944895,-15.468621473357416
4586.984289156616,5413.481015226492,-826.4967260698759
4591.180685714547,4328.203630420929,262.9770552936179
4577.8430478685905,5274.126055426069,-696.2830075574784
4580.087969971123,5464.034590540563,-883.9466205694398
4597.570821919301,5318.046372361474,-720.4755504421728
4596.342183702494,5291.894167246609,-695.5519835441146
5262.275715715845,5103.984833073115,158.29088264273014
5271.905835178084,5310.846360017589,-38.94052483950509
5255.927228235764,5492.563408571043,-236.63618033527837
5249.927213343735,4318.441892418828,931.4853209249077
5269.740101251783,4530.53296104502,739.2071402067631
5257.368849566622,5097.825000020638,159.5438495459839
5272.7419558325355,5600.455551461292,-327.7135956287566
5274.0161976105555,5309.670563655899,-35.65436604534352
5546.212001084325,4605.366718375007,940.8452827093179
5560.41014846114,5505.144358519302,55.26578994183819
5245.662017461376,5083.963451848297,161.69856561307915
5292.664358871383,4629.749698271954,662.9146605994292
5274.419620560884,5509.813114742776,-235.39349418189158
5260.202562727231,3827.275478043711,1432.9270846835207
5259.645549803952,3623.22242079728,1636.4231290066723
5259.949086301446,5276.231062289946,-16.281975988499653
5254.434316085438,5588.279240004801,-333.8449239193633
5254.228717470197,5080.433194712697,173.7955227575003
4588.325360891604,3140.8087877666385,1447.5165731249654
4598.596089294433,5108.2735102851675,-509.6774209907344
4589.442811572247,4602.130082116544,-12.687270544297462
4593.264659344005,5297.334520474771,-704.0698611307662
4596.595218910173,5497.195971379956,-900.6007524697834
4585.46627214006,5403.580214580614,-818.1139424405537
4596.453333033465,5499.240803725983,-902.7874706925177
3825.5094074963968,4650.350386868711,-824.8409793723145
3796.806433161404,5454.516022192578,-1657.709589031174
3800.977839681818,5290.578368027813,-1489.600528345995
3821.829432430404,5307.336490031342,-1485.507057600938
3806.564671256272,5472.461640314614,-1665.8969690583417
3826.4206433234704,5317.848282138783,-1491.427638815313
3807.923575891472,5301.66561392767,-1493.7420380361982
3798.549839275238,4596.61462321431,-798.0647839390722
3113.900304488039,5261.812897007679,-2147.9125925196395
3119.5646408446937,5067.38358791163,-1947.8189470669358
3123.885915186823,4525.623036344914,-1401.7371211580912
3605.1802576548253,4596.594281744545,-991.4140240897195
3621.9501026396206,5085.737850471243,-1463.7877478316227
3610.3365568635263,5286.565761471385,-1676.2292046078583
3613.793578934862,4527.985730406782,-914.1921514719197
3613.648207793478,3829.398528038345,-215.750320244867
4111.9714486622715,5494.880328780966,-1382.9088801186945
4104.9275472225545,5080.478705382483,-975.5511581599285
4097.699703027109,3631.770697967431,465.9290050596778
4100.758187746107,4913.350347227537,-812.5921594814299
4112.642681743576,4532.2070788793335,-419.56439713575764
4607.969117512778,3841.3652269021686,766.6038906106096
4594.1974667933755,4327.555404510193,266.6420622831829
4592.92961313706,4122.875818325662,470.0537948113979
4596.71800439696,4616.370433532176,-19.652429135216153
4600.672268342239,4338.839438305963,261.8328300362755
4589.060365239631,4523.492782070728,65.56758316890318
5156.535812391634,5079.542870730944,76.99294166069012
5177.451778523204,5605.723058331833,-428.2712798086295
5144.862168874825,5448.58486914605,-303.7227002712243
5163.325963834883,3835.1881531391355,1328.1378106957472
5164.832918141396,5595.369681741095,-430.53676359969904
5160.917877413525,5294.351836371326,-133.43395895780031
5149.898888071197,5292.746078588565,-142.8471905173683
5166.310664540514,3832.1294134689924,1334.1812510715217
5144.222506218718,5466.286902206479,-322.0643959877607
3117.547145042367,3828.606317836269,-711.0591727939022
3119.1546491735157,3138.984484617857,-19.82983544434137
3814.257339358445,3835.3322486137968,-21.07490925535194
3829.945817652449,5314.878766542936,-1484.9329488904873
3821.10359251014,5298.834112538215,-1477.7305200280748
3822.5277303413745,5527.263729538186,-1704.735999196812
3829.722366750394,5535.545991424533,-1705.823624674139
3814.5554919607594,5095.103839164973,-1280.5483472042133
3814.5845579569605,3639.7738506905957,174.81070726636472
3810.8450854672324,5279.672268298968,-1468.827182831736
4585.622568313628,4607.537841346704,-21.91527303307612
4585.904348277475,4515.109734760211,70.79461351726422
4604.132927339678,5425.621663985358,-821.4887366456805
4609.680441249176,5437.904407193105,-828.2239659439292
4588.2393159483045,4324.93046771747,263.3088482308349
4590.244399784682,5602.574663407354,-1012.3302636226717
4583.4080407044285,4611.997901206705,-28.58986050227668
5248.762703549485,5091.610753496516,157.15195005296937
5275.82516044289,3839.4294610959155,1436.3956993469742
5260.060969310725,5096.701381147651,163.35958816307448
5263.385688201217,4521.88023453562,741.5054536655971
5267.275392257995,5089.967185928075,177.3082063299198
5237.6274853081695,5458.270269453437,-220.6427841452678
5271.872605398735,5094.3605758000085,177.51202959872626
5266.920441991717,3835.559894622861,1431.3605473688558
5551.693575144932,5596.203749035396,-44.5101738904641
5524.611495632109,5096.918100035478,427.6933955966306
5239.015347297135,4503.7699452450415,735.2454020520936
5254.561511942173,5096.298651583767,158.2628603584053
5272.081661430425,4930.217785833653,341.86387559677223
5262.073340290744,5496.970111767274,-234.89677147652947
5266.850597574893,5284.850774867155,-18.00017729226238
5275.414647869899,3843.4013207081284,1432.013327161771
5263.868359968118,3143.502666002806,2120.365693965312
5286.164862530302,4538.371981119017,747.7928814112856
4593.979683965359,4613.085781156825,-19.10609719146578
4577.0414540359125,4509.574518094211,67.4669359417012
4578.592437907729,5098.724379683321,-520.1319417755922
4603.727294745465,5318.017224861538,-714.2899301160733
4586.383382479759,5276.381927530054,-689.9985450502945
4569.73287385462,3804.4330046441482,765.299869210472
4587.1199852320515,5274.7744790602155,-687.654493828164
3830.1072783549807,5613.801576036606,-1783.6942976816254
3820.9991976905712,4140.759570737985,-319.76037304741385
3808.1956418022564,5293.766385778504,-1485.5707439762473
3811.2840097136977,4130.544930338077,-319.26092062437965
3812.2183748522843,4526.386768278715,-714.1683934264306
3815.3451180259976,5602.104621522364,-1786.7595034963665
3787.2572093609683,5565.264572899076,-1778.0073635381073
3828.3662029864986,3847.2130042362774,-18.846801249778764
3114.4462045142745,4603.026071131815,-1488.5798666175406
3107.7941414185516,5289.0993710262355,-2181.305229607684
3123.885915186823,3638.3520435623177,-514.4661283754949
3626.125941605882,4339.8081070274875,-713.6821654216055
3621.145625166988,5293.968047769733,-1672.822422602745
3602.4336523717543,4322.441201335082,-720.0075489633277
3615.2238805989023,3634.8241486619468,-19.600268063044496
3600.124125717737,5286.50349628452,-1686.379370566783
4120.815567816306,4536.729670682702,-415.9141028663962
4116.691123907334,4636.4953819517,-519.8042580443662
4118.497162054008,5469.933659747847,-1351.4364976938386
4113.914107328744,4134.688027617755,-20.773920289011585
4106.054424842656,5293.814520607604,-1187.7600957649483
4591.357269295742,5618.829269550119,-1027.4720002543763
4587.672140337956,5106.1500294927555,-518.4778891547994
4592.495029728865,5082.296683702211,-489.8016539733462
4602.634971392366,3847.1085051542173,755.5264662381492
4601.740244145484,5298.4570247776655,-696.7167806321813
4618.304329700261,4669.2994749883155,-50.99514528805412
5162.182482923247,3824.7663416231326,1337.4161413001148
5159.012599820882,4317.116602458652,841.8959973622304
5171.711185266962,3832.660294982534,1339.050890284428
5161.950494007851,5486.849857101323,-324.89936309347195
5176.416158219917,3842.2412071817757,1334.174951038141
5156.79102736638,5097.771001899826,59.020025466554216
5174.724704571133,5312.080474094374,-137.35576952324118
5167.28475104339,5507.510468867313,-340.2257178239224
5157.30628068459,5293.616401380559,-136.3101206959691
3136.61160999065,5103.907762794209,-1967.296152803559
3126.081143165808,5492.148799878329,-2366.0676567125206
3814.5038639584186,5385.534189108443,-1571.030325150024
3828.860038059366,5437.800651477771,-1608.9406134184046
3811.494593751266,5101.247329333929,-1289.7527355826628
3823.9277180999907,3845.3679561458252,-21.440238045834576
3809.1342960275497,4123.9210756907905,-314.78677966324085
3803.346751127601,5288.538892929005,-1485.192141801404
3816.2558408877817,3835.7513128758856,-19.495471988103873
3830.90709374409,5297.298941033117,-1466.3918472890273
4609.8309858053235,3845.2127591903673,764.6182266149563
4598.660516972613,5520.692372539876,-922.0318555672629
4605.327183572075,5288.96272632967,-683.6355427575945
4589.4542078635895,5276.798265568111,-687.3440577045212
4577.7906006330995,5259.999869816772,-682.2092691836724
4579.945867233314,5417.315674408132,-837.3698071748177
4600.321197120903,5614.704898567078,-1014.3837014461751
5269.577160912888,3841.8109321593925,1427.7662287534954
5252.145869246552,5271.270396056205,-19.124526809652707
5273.441242210107,5510.74068263842,-237.29944042831357
5261.1386461256425,4611.322794392045,649.8158517335978
5272.746048313486,5415.251825274171,-142.50577696068467
5256.874178261987,5289.630765364408,-32.75658710242078
5257.440691825857,5416.72001521432,-159.27932338846222
5248.220660251308,3820.6474415401044,1427.5732187112035
5551.482854225121,4533.05848225081,1018.4243719743108
5561.9513803759655,5315.672358998139,246.2790213778262
5261.098048466882,5276.585582886901,-15.487534420019074
5275.994815074987,5502.7388995379615,-226.74408446297457
5263.382872918667,5586.524521477851,-323.1416485591835
5258.733109130207,5307.47300316499,-48.73989403478299
5259.949086301446,3828.4129888750845,1431.5360974263617
5268.711571251418,5594.185855110926,-325.47428385950843
5252.441432334822,4602.734978066623,649.7064542681992
5261.660825321136,4918.69785818521,342.9629671359262
4582.858569930255,5293.073618499666,-710.215048569411
4609.506391248878,5333.311088194553,-723.8046969456755
4598.925070421317,4528.848407526453,70.07666289486406
4578.61104732317,4312.479912053764,266.1311352694065
4600.420196091892,5112.615477335739,-512.1952812438476
4596.055573770509,4624.257907478685,-28.20233370817641
4606.197347946613,5321.370890169345,-715.1735422227321
3822.6539525034323,5307.645060399619,-1484.9911078961868
3802.0115198599133,5582.232223886408,-1780.2207040264948
3836.008228142288,5402.4866326749025,-1566.4784045326146
3812.5370575146567,4605.5698019456395,-793.0327444309828
3806.962887795321,5510.113205721055,-1703.1503179257343
3817.102963357257,5286.636908293673,-1469.5339449364155
3814.619318401559,5584.317600716979,-1769.6982823154194
3826.074758532134,4141.181650658432,-315.1068921262977
3118.135526311086,5296.614236930344,-2178.4787106192584
3130.6446734291967,5321.238929193637,-2190.5942557644403
3123.885915186823,5403.997414658384,-2280.111499471561
3620.7440216003383,4625.452264851063,-1004.7082432507245
3625.6214726645335,4617.825116457699,-992.2036437931652
3613.6588816317003,5104.291495296015,-1490.6326136643142
3615.0560100644593,4129.40613370728,-514.3501236428206
3614.7009930564454,4530.115127467771,-915.4141344113259
4115.9564619549365,5426.63610966206,-1310.6796477071239
4117.936647715187,4537.149629469195,-419.21298175400807
4097.452011229395,4614.034850083431,-516.5828388540358
4108.764812085046,5423.422054872639,-1314.6572427875926
4113.706231296063,3149.7490476281732,963.9571836678901
4607.218185573038,4627.114437755387,-19.8962521823496
4594.848416207692,3144.4514665108522,1450.3969496968398
4593.375568251985,5426.538730321376,-833.1631620693906
4599.649155523305,4338.915075692229,260.7340798310761
4591.074498043542,5109.921118383446,-518.8466203399039
4589.469168462095,5409.7912533174,-820.3220848553055
5173.608098053063,3837.43566400629,1336.172434046773
5159.633287486093,3819.666002138241,1339.9672853478519
5164.4993369778085,5496.415890929921,-331.91655395211274
5139.622133450811,4107.526009643785,1032.0961238070258
5181.392932008398,3844.911072738632,1336.4818592697661
5158.019086852584,5297.092681236989,-139.07359438440471
5157.10646895399,5294.379900621225,-137.27343166723495
5167.990272616576,4929.048687885611,238.94158473096468
5165.546616251543,5500.412775845368,-334.8661595938247
3138.8212503639947,5511.186191919946,-2372.3649415559516
3109.1873987386593,5295.354087743623,-2186.1666890049632
3820.100976045666,4823.571167532179,-1003.4701914865132
3821.407101914737,5313.01402612298,-1491.606924208243
3814.8524680728315,5302.5487441476525,-1487.696276074821
3808.079407499232,4806.468300611905,-998.388893112673
3817.050248960313,5599.7092496179785,-1782.6590006576653
3830.784324747019,5392.047007868066,-1561.2626831210473
3826.388197954259,5315.639516207158,-1489.2513182528987
3803.0498838252565,5291.811989611872,-1488.7621057866158
4594.761615727793,4612.366726047413,-17.605110319620508
4570.778712778853,3617.315459373614,953.4632534052394
4577.8430478685905,5488.530211854207,-910.6871639856163
4615.584454433409,3851.8379292938434,763.7465251395652
4571.348231522447,4589.496354133719,-18.1481226112719
4591.396933178876,5085.232452409676,-493.83551923079995
4590.071302777721,5404.824178036419,-814.7528752586977
5262.249788025168,5279.096109957807,-16.846321932639512
5263.060892039653,4607.25606899719,655.8048230424629
5260.366762772563,5083.209437821416,177.15732495114662
5269.055583044873,5307.345026474849,-38.28944342997602
5257.950668574795,5277.381665289132,-19.430996714337198
5257.901016226596,4118.145156456746,1139.7558597698498
5258.602816600104,5600.566613999274,-341.9637973991694
5255.976950287812,4601.2869561865145,654.6899941012971
5554.2589987339525,5307.351808371883,246.90719036206974
5536.830199614014,5592.509863533591,-55.67966391957634
5261.80968535989,5278.323076858512,-16.513391498621786
5279.829601188917,4629.775598235885,650.0540029530321
5271.813042079284,5600.054544679099,-328.24150259981525
5267.221246317881,4327.072724518535,940.1485217993459
5280.072770700623,5118.498303450953,161.5744672496694
5263.615951271189,4523.221086007328,740.394865263861
5261.110100970391,5608.7764136869855,-347.6663127165948
5252.467997968344,5290.601111868216,-38.133113899872114
4581.752711531398,5598.320000856426,-1016.5672893250285
4593.762921018668,5495.458457827396,-901.6955368087283
4615.818856746086,5447.850648979007,-832.0317922329214
4585.309825660471,5494.686767853566,-909.3769421930956
4606.84449414159,5300.147402497296,-693.3029083557058
4601.258542840804,5306.858309874043,-705.599767033239
4600.874640975351,5113.175155734781,-512.3005147594295
3802.7040756440697,5425.868651556856,-1623.1645759127864
3803.503586717249,4614.636006553812,-811.1324198365628
3809.768288962049,5512.987153310108,-1703.2188643480586
3804.3547279521654,5601.99591234466,-1797.6411843924943
3808.8681316059537,4519.012419906951,-710.1442883009977
3822.5085929814113,4619.817155954682,-797.3085629732705
3806.973209049399,3826.957868485535,-19.9846594361361
3819.0166889184043,5128.283721169391,-1309.267032250987
3111.0934843139626,4814.259987762085,-1703.1665034481225
3124.309949898653,5307.916854605663,-2183.6069047070096
3123.885915186823,3639.3546318932767,-515.468716706454
3613.5741412458196,4612.735299174307,-999.1611579284877
3633.4660262950697,5305.612241265271,-1672.1462149702015
3604.672248336157,5295.490163886986,-1690.8179155508292
3612.882401433423,5483.98607088738,-1871.103669453957
3623.17939197681,5611.061745502117,-1987.8823535253073
4106.469606983862,5307.326904258026,-1200.857297274164
4107.94700288599,5298.830368872182,-1190.883365986192
4107.815506381496,4916.085060453931,-808.2695540724353
4097.401600446453,5283.172065555467,-1185.7704651090144
4099.291735227004,5297.793032638074,-1198.5012974110696
4594.462243617702,5421.05337385911,-826.5911302414079
4571.709637445258,5277.7288165505415,-706.0191791052839
4597.987062454242,5316.490430134418,-718.5033676801759
4599.12044060288,4825.638466793935,-226.51802619105456
4609.026022032861,5135.672116105597,-526.6460940727357
4592.9226237316925,5292.1908342050365,-699.268210473344
5152.921129416089,5406.617442425244,-253.69631300915535
5172.852211532264,4942.391950666749,230.460260865515
5159.8852018648095,4320.487279103484,839.3979227613254
5156.8859677192095,5487.723238133303,-330.83727041409384
5193.086759888389,4635.25208271992,557.8346771684692
5148.825883222962,5282.009642774289,-133.18375955132706
5159.884490108905,5298.306994008058,-138.42250389915262
5161.432705356343,5299.003959492797,-137.57125413645372
5168.183536401487,4611.351972902569,556.8315634989176
3110.237519683273,5289.7383531696405,-2179.5008334863674
3108.65682874264,5274.566763556105,-2165.909934813465
3812.1627026639444,4601.540020960424,-789.3773182964796
3807.148266256912,5310.103525670572,-1502.9552594136599
3825.2974074159993,4628.4931280197925,-803.1957206037932
3811.7590155177736,5089.5007022438385,-1277.741686726065
3821.6179953388555,4632.077873253321,-810.4598779144653
3820.2323192282984,5115.702817070876,-1295.470497842578
3811.8164148263977,5520.713988904669,-1708.8975740782716
3810.9388312231777,5585.217357810757,-1774.278526587579
4593.794119924612,5423.364803023055,-829.5706830984436
4597.202276227478,5603.483348997154,-1006.281072769676
4590.916566497988,3832.9580845038886,757.9584819940997
4587.476712345843,5296.9954595057925,-709.5187471599493
4610.619536647635,4541.078395615828,69.54114103180655
4600.508789779272,5428.8504052672115,-828.3416154879396
4583.4087139991925,3141.9521830357367,1441.4565309634559
5259.308325703937,4618.729848091348,640.5784776125893
5263.938909742838,5280.462485301838,-16.523575558999255
5275.328416141677,4756.426920480983,518.9014956606934
5244.663520067094,5402.657735808576,-157.99421574148164
5262.272151879766,5415.875699935848,-153.60354805608222
5263.362018173705,5420.62873480901,-157.26671663530487
5281.335358419067,5321.470713080412,-40.135354661344536
5270.34108146741,5614.214541483169,-343.8734600157595
5561.328979020792,5317.442561095456,243.886417925336
5550.965766929953,5112.180023003358,438.7857439265954
5239.623984638596,3817.0835902115427,1422.5403944270533
5253.258748936752,5096.753353847677,156.50539508907514
5274.878745535274,5291.184510665975,-16.30576513070082
5269.512825748581,3830.3144134343584,1439.1984123142229
5254.434316085438,4323.902079811317,930.5322362741208
5252.441432334822,4613.620908498713,638.8205238361088
5266.597943712488,5305.927394215213,-39.329450502725194
5261.083183671884,4616.887488615155,644.1956950567292
4592.355529524526,5282.524366232603,-690.1688367080769
4594.06923713163,5316.005362201952,-721.9361250703223
4592.488959352024,5419.757146497938,-827.2681871459145
4587.61187229677,4518.420764874847,69.19110742192333
4597.31912821759,3141.7433612791356,1455.5757669384548
4603.263750399796,5614.426733213988,-1011.1629828141922
4587.649030961172,4605.7795735146265,-18.13054255345469
3815.965479014559,5606.031211697133,-1790.0657326825735
3812.8005467775088,3835.2608768999803,-22.460330122471532
3819.4720501862553,5422.082831703975,-1602.6107815177197
3832.9979233604668,3654.8812665373293,178.11665682313742
3820.854112545694,5112.758862821878,-1291.9047502761841
3807.1462439457823,4312.362339456012,-505.2160955102295
3805.1743936661587,5101.442139874541,-1296.267746208382
3823.977644970712,5122.817277360927,-1298.8396323902148
3111.1493370620205,5417.0487095893,-2305.89937252728
3109.8885155481635,4611.910427525192,-1502.0219119770286
3123.885915186823,4612.694259567265,-1488.8083443804426
3603.756350280749,5088.551793640449,-1484.7954433597006
3615.9250918793555,5487.12474472397,-1871.1996528446148
3634.2306255078574,5511.06936201234,-1876.8387365044828
3625.6763972719345,5086.397857667962,-1460.7214603960274
3616.666367069411,5289.519177195754,-1672.8528101263432
4115.306662281178,4633.3168901475665,-518.010227866388
4102.3271684283445,4602.123372120199,-499.7962036918543
4114.544597836225,5113.956615225417,-999.4120173891924
4093.2079461711933,3820.512170780959,272.6957753902343
4102.299959588195,5607.417678258234,-1505.1177186700397
4585.787792813357,5216.029474308927,-630.2416814955704
4587.51859766188,5405.77149561105,-818.2528979491699
4581.6901633935195,5403.7470954667115,-822.056932073192
4580.814724198569,5101.129363218599,-520.31463902003
4592.272348244186,5282.033025654006,-689.7606774098203
4584.339409798691,5407.45837185817,-823.1189620594787
5174.844975234978,5314.880151393851,-140.03517615887267
5165.76213685303,5499.628875615019,-333.8667387619889
5184.653351190878,5298.685297787329,-114.03194659645033
5158.211905218011,5492.339842623324,-334.1279374053129
5158.215407220969,4123.287397204107,1034.9280100168617
5163.074211851733,4609.107686917428,553.9665249343052
5185.680470224523,4664.110331892289,521.5701383322339
5171.517677797663,5111.91693032147,59.60074747619274
5159.289246368767,5274.940903521306,-115.65165715253897
3127.6843192436027,5439.2599298293535,-2311.575610585751
3117.354548422987,5613.598461623075,-2496.243913200088
3820.500333279678,3839.064812716311,-18.56447943663261
3799.3253710087442,4590.9122859554545,-791.5869149467103
3803.8629481317676,5102.786040346816,-1298.9230922150482
3816.265031882574,4335.757468846893,-519.492436964319
3811.8255683416996,5514.382704955207,-1702.5571366135077
3814.330014922057,4606.81299026655,-792.4829753444924
3814.8771079820817,5310.136579816179,-1495.259471834097
3819.216756164657,5090.471891746897,-1271.2551355822402
4606.251200994854,5129.820723387081,-523.5695223922266
4593.535386729904,4920.864048977793,-327.32866224788904
4610.015844145112,3151.983595559391,1458.0322485857214
4606.023563395382,4536.938534656952,69.08502873843008
4602.091099490011,5421.733327970747,-819.6422284807359
4590.479165405196,5275.105044327003,-684.6258789218073
4604.739754895734,5615.323736609793,-1010.5839817140586
5261.667726950181,5278.697811553242,-17.03008460306137
5242.061264525489,5260.0889945612,-18.0277300357111
5268.039574534507,5306.069389999458,-38.02981546495084
5261.830080072936,3638.2632352828246,1623.5668447901112
5265.708375818792,5593.667304802866,-327.9589289840742
5262.983693107232,5106.385773589122,156.59791951810985
5267.1317365550785,4612.841535791001,654.2902007640778
5273.3541407414705,4825.5549126416445,447.799228099826
5536.664463198739,4518.643797210461,1018.0206659882779
5550.643265543837,5413.6375600952215,137.00570544861512
5267.447843201432,3847.5846420460907,1419.8632011553414
5246.069552511197,3132.5296711781,2113.5398813330967
5258.96872130022,5297.220267974439,-38.251546674218844
5275.566837116412,5323.987687194297,-48.42085007788501
5246.305487841507,5100.9019926830315,145.40349515847538
5265.977432347731,5302.84181615,-36.864383802269
5258.6986641327985,4608.644134106187,650.0545300266112
5267.651728891862,3832.4095921028925,1435.2421367889697
4576.489302386441,4591.6713074113,-15.18200502485979
4603.016825811004,3842.8074380672065,760.2093877437978
4587.604986030247,4518.429634998836,69.17535103141108
4594.491150717479,4329.186862670279,265.3042880472003
4602.640384413873,5602.9880594831775,-1000.3476750693044
4600.555200655005,5322.458738093557,-721.9035374385521
4593.385607436813,5410.47466079884,-817.0890533620268
3816.030914728269,5497.848304902882,-1681.8173901746127
3802.2856633959573,4511.628329130066,-709.3426657341088
3821.1977288935705,4627.700239156318,-806.5025102627478
3812.7533816985456,3833.524646887029,-20.77126518848354
3816.093866113183,5301.2468507726235,-1485.1529846594403
3807.6873975876556,5273.237547531571,-1465.5501499439156
3812.466881924499,4609.517889102871,-797.051007178372
3820.819007713478,4620.598506086491,-799.7794983730132
3122.5303053043863,5314.394939200449,-2191.8646338960625
3107.3020364326344,4108.763425203198,-1001.4613887705632
3123.885915186823,5584.775789393016,-2460.889874206193
3606.6278271372043,5293.270171831886,-1686.6423446946815
3620.430402201507,5598.752948681104,-1978.3225464795964
3612.2623759334874,5297.808993912757,-1685.5466179792693
3621.3671864914318,5493.53706282088,-1872.1698763294485
3618.863458071725,4527.58667448601,-908.7232164142856
4100.757375189128,5400.45723398264,-1299.6998587935122
4085.9694889946945,5592.618677456408,-1506.649188461713
4104.459686665625,3826.640973994424,277.81871267120096
4111.48147900399,5309.244724762236,-1197.7632457582458
4097.0327675055,4316.130022196933,-219.0972546914336
4602.910340042561,4137.131975589684,465.7783644528772
4580.595289144967,3826.2015976133516,754.3936915316153
4581.992744255143,5078.318379179697,-496.3256349245539
4589.998683953251,5303.478400340266,-713.4797163870144
4589.851427859595,4521.241051106994,68.61037675260104
4564.748113320007,5588.0552561300165,-1023.3071428100093
5178.776952657702,5132.060967916168,46.71598474153416
5148.1336425182535,4511.188752850133,636.9448896681206
5169.69837920137,4614.283677688845,555.4147015125245
5165.785104882855,5312.49182187337,-146.7067169905149
5165.57015326971,5300.0502328875955,-134.48007961788517
5167.097962059368,4610.910790077584,556.1871719817836
5166.310664540514,5607.675260670133,-441.3645961296188
5159.1057079827515,4611.651550194572,547.4541577881791
5158.65739703442,5298.290898850182,-139.63350181576243
3115.6253780651323,4612.438154149016,-1496.8127760838834
3119.631116568375,4126.873608730647,-1007.2424921622719
3820.6567807202696,5304.263703138417,-1483.6069224181479
3811.494593751266,5585.79857266436,-1774.303978913094
3814.1352176315495,5283.485970346373,-1469.350752714823
3828.0411642261106,4832.94810883721,-1004.9069446110998
3811.1681029648735,5493.3976128989125,-1682.229509934039
3813.5846865436065,5290.281043113732,-1476.6963565701258
3815.3594661432653,4333.794596207242,-518.4351300639764
3805.639506476117,3824.7857004431303,-19.14619396701346
4605.666092687064,4343.712353362949,261.9537393241144
4590.453438027532,5495.228496229525,-904.7750582019935
4580.087969971123,5476.08137911233,-895.9934091412069
4571.348231522447,3811.398464615817,759.9497669066304
4623.207983046859,5439.7615371273,-816.5535540804403
4581.302823918991,5600.328897247948,-1019.026073328957
4601.775802731426,4620.185560904496,-18.40975817307026
5255.66845602276,4115.9109760163365,1139.757480006424
5278.562607937516,3844.8829939612197,1433.6796139762964
5274.601078190564,5607.068287221966,-332.4672090314016
5237.6274853081695,5082.356963138365,155.27052216980428
5269.166824791962,5307.467526198498,-38.300701406535154
5251.436937409182,5093.913905151515,157.52303225766718
5284.714235132815,5301.896604270916,-17.18236913810142
5276.606031208955,3644.929391575801,1631.6766396331536
5545.938806770292,4814.394001006896,731.5448057633957
5553.255112080274,4535.378820892622,1017.876291187652
5278.124125469844,5433.731541706961,-155.60741623711692
5267.004724116208,5305.4940189305335,-38.48929481432515
5262.719640449443,4330.675871773775,932.0437686756686
5265.207654195846,5085.772240102538,179.43541409330828
5254.228717470197,5589.019023126405,-334.79030565620815
5261.660825321136,4125.689441752228,1135.971383568908
5261.083183671884,3828.0904948848965,1432.9926887869879
5285.6421207543635,5321.527967154961,-35.885846400597075
4583.583583759668,5598.075836312928,-1014.4922525532602
4598.820471421172,5118.083326506706,-519.2628550855334
4603.103665227926,5306.978271601932,-703.8746063740055
4592.59076188619,4612.978342424552,-20.387580538361362
4585.123943296868,5479.143572882808,-894.0196295859405
4598.054265616989,4627.461700394777,-29.407434777787785
4594.353277899688,3835.88387994431,758.4693979553776
3803.2118785859025,5293.930497211002,-1490.7186186250997
3812.2183748522843,4614.140952017117,-801.922577164833
3803.5610454902762,5288.984368366401,-1485.423322876125
3805.054755655515,5080.327755193094,-1275.2729995375794
3808.5456924807536,4331.542343214328,-522.9966507335744
3817.6055883361278,3147.059752433916,670.5458359022118
3813.203735382843,5423.479082680671,-1610.275347297828
3825.012974867998,5314.070227314622,-1489.0572524466238
3113.37461736161,5461.082515665452,-2347.707898303842
3121.6114374426775,5272.524794091702,-2150.913356649024
3123.885915186823,5294.443236735189,-2170.5573215483664
3618.657045353836,3639.0227874291713,-20.36574207533522
3613.5415233547237,4606.938353324133,-993.3968299694088
3627.1056312150204,4756.534648017048,-1129.429016802028
3607.748041464504,5104.262134579769,-1496.514093115265
3632.4955153106407,5434.804421999424,-1802.3089066887837
4114.587262867367,3837.6461244422703,276.9411384250966
4106.537208874988,5299.939378097705,-1193.402169222717
4101.615773433616,4519.501813707213,-417.88604027359725
4105.547443217315,5598.164821209648,-1492.6173779923329
4105.413531767119,5282.258438044569,-1176.8449062774498
4606.156991433852,5499.489332617314,-893.3323411834617
4586.313616815529,5301.657650239559,-715.3440334240304
4582.552700485851,4604.237305573288,-21.684605087436466
4597.565222019697,4649.1011004781,-51.535878458403204
4585.8871996399575,5411.3970554655225,-825.509855825565
4586.386954846206,5410.884985716596,-824.4980308703898
5165.28724546671,4616.510754229492,548.7764912372186
5173.845886657862,5613.6695441187685,-439.82365746090636
5153.73849288359,5292.149916270216,-138.41142338662576
5170.176994905798,5109.18719685551,60.9897980502883
5142.922894346552,5569.581621411424,-426.6587270648715
5159.167520205586,5291.336671300301,-132.16915109471483
5164.0429018443465,5302.812431531734,-138.76952968738715
5148.632553855456,5283.264684950315,-134.6321310948597
5159.3269957868215,4606.250911490899,553.0760842959226
3118.602671836584,5111.620573590962,-1993.0179017543778
3118.98532698385,4613.386903531645,-1494.4015765477948
3805.742967932789,4919.625563874472,-1113.8825959416836
3805.9272460691623,5598.573036766336,-1792.645790697174
3813.6916742921644,3835.309009040929,-21.617334748764733
3822.7087204680643,5324.535706464405,-1501.8269859963407
3813.998234388599,3836.568610867898,-22.57037647929883
3809.6047789117,5481.122385417024,-1671.5176065053238
3828.8958167440314,5609.644201059211,-1780.7483843151795
3816.603851931712,4130.099819350557,-313.49596741884443
4586.86610728211,5492.493235568985,-905.6271282868756
4591.008779934448,5423.683363098565,-832.6745831641165
4605.117282637821,3148.9378922006235,1456.179390437197
4620.93902642173,5345.405191437934,-724.4661650162043
4591.015300875167,5305.029180872875,-714.0138799977085
4607.319209789732,4538.100245741914,69.21896404781819
4592.147659354253,5429.056220192227,-836.9085608379737
5261.552181128572,4527.325486823119,734.2266943054528
5271.625481122243,5307.926141964544,-36.3006608423002
5259.158647577595,5308.846189376713,-49.68754179911775
5267.353925804239,5316.69829563985,-49.34436983561045
5276.863799653358,5293.521107630387,-16.657307977028722
5277.5624517815395,5292.239985153578,-14.677533372038852
5261.055566713198,4526.420328209659,734.6352385035389
5262.44327523396,5300.522287309152,-38.07901207519171
5573.532897350012,5306.918612215359,266.6142851346531
5549.461773381916,4608.86929674163,940.5924766402859
5246.461316788789,4906.702147947608,339.75916884118124
5266.0145177854865,5480.338653286543,-214.32413550105684
5276.576512352804,5612.171014848607,-335.5945024958037
5281.951625206555,5130.293960604618,151.65766460193663
5265.1539813443005,5614.209579828076,-349.0555984837756
5251.546861012511,5287.1568729063165,-35.61001189380568
5255.970408236316,5097.5452440751515,158.4251641611645
5241.141189010085,5479.294564549273,-238.15337553918744
4600.59521144998,5426.448267866296,-825.8530564163166
4600.568547095087,3846.393872596707,754.1746744983798
4601.661728444342,5426.345556464411,-824.6838280200691
4589.5463597529915,5410.293590021388,-820.7472302683964
4614.340838633269,5519.8368341456135,-905.495995512344
4591.508485037067,4612.283314259809,-20.774829222742483
4594.5504680804215,5303.651290962771,-709.1008228823493
3806.10087714458,5485.992045088834,-1679.891167944254
3822.979458536278,5228.277557069121,-1405.2980985328431
3829.7275366069225,5115.890519104133,-1286.1629824972106
3802.7880149517264,4517.864547394906,-715.07653244318
3815.801526742207,4817.788496614784,-1001.986969872577
3817.8077217898403,5606.8220996042255,-1789.0143778143852
3818.2591460297535,4533.927177880779,-715.6680318510253
3811.5492832757004,4623.4156049200365,-811.866321644336
3120.3722747404117,4612.297722892938,-1491.9254481525259
3134.1485732579745,5113.100652354117,-1978.9520790961428
3123.885915186823,4610.552671494926,-1486.6667563081028
3609.4597217424757,5081.461316036428,-1472.0015942939522
3604.8404030419156,5292.941949835648,-1688.1015467937327
3599.8526560797695,5401.219327330787,-1801.3666712510171
3622.63001281398,5494.05764486704,-1871.4276320530598
3618.786011605404,5415.42814432943,-1796.6421327240264
4121.682770503645,5101.0700335468955,-979.3872630432506
4111.302665205371,5305.3753595783855,-1194.0726943730142
4093.8271958423106,4598.1924521601,-504.3652563177898
4095.574600774562,5303.024265989664,-1207.449665215102
4116.017183638653,5315.623393626579,-1199.6062099879264
4572.2773728639395,3818.3776580794415,753.899714784498
4580.297528854958,4125.090382292376,455.20714656258224
4607.592331691973,5297.077691960796,-689.4853602688227
4597.746044664158,5111.921288674341,-514.1752440101827
4588.057511750223,5305.685813049361,-717.628301299138
4578.609905202616,3824.9960628328054,753.6138423698103
5156.533953944703,3819.0914629749363,1337.4424909697668
5156.791353813597,5107.152574431193,49.63877938240421
5156.069982590303,5293.757980378346,-137.6879977880426
5166.800827842773,4620.4068382564865,546.3939895862868
5154.093781023147,5291.529041507761,-137.43526048461354
5149.85635698156,5268.485870052115,-118.62951307055573
5181.528766925662,5510.824287898205,-329.29552097254236
5169.261501920347,3140.896444602165,2028.3650573181817
5166.379607513111,4939.014848524512,227.36475898859953
3128.8673929912256,4612.285157840146,-1483.4177648489203
3116.1754670168457,3626.7651047419436,-510.5896377250979
3820.5069434716615,4616.523434846352,-796.0164913746903
3824.2847023678064,4627.757769630482,-803.4730672626752
3817.187523033298,5598.262374695922,-1781.0748516626236
3801.017679114435,5104.295237872843,-1303.2775587584083
3815.598140089979,4525.717148593819,-710.1190085038397
3810.3788407472384,5406.74397143753,-1596.3651306902912
3824.7237604911415,5601.432423065266,-1776.708662574125
3821.9437423021873,5514.006178299934,-1692.0624359977464
4594.290686729418,4612.75114102209,-18.460454292672694
4586.620686231934,3830.8264000309478,755.7942862009863
4598.899470310163,4532.402444414022,66.49702589614117
4581.54857960222,5476.91012158645,-895.3615419842299
4608.928834294413,5120.681617810079,-511.7527835156661
4583.06031579666,5289.803307508175,-706.7429917115151
4577.384474921636,5285.017746456706,-707.63327153507
5257.489416433902,5295.888485865632,-38.39906943172991
5272.486819221415,5320.885680467089,-48.39886124567329
5275.74179859806,5121.548703879642,154.19309471841825
5265.59645118257,3835.580426371567,1430.0160248110028
5288.67669896248,3663.1640722182638,1625.5126267442165
5252.226253086311,4508.718769007003,743.5074840793077
5246.600893402304,4907.843544084928,338.7573493173759
5268.949659347694,4922.105277102606,346.8443822450881
5554.991610589566,5312.134580682849,242.8570299067169
5559.461647164149,5433.068632487391,126.39301467675796
5263.904829796456,5418.336184418032,-154.43135462157534
5266.656236553073,5302.958468153196,-36.30223160012338
5251.8461427702205,5214.197570258575,37.6485725116454
5275.444393573746,5607.024482254415,-331.58008868066827
5254.570912242289,5293.967773203602,-39.396860961312996
5254.44264911414,4809.43349415024,445.0091549639001
5265.8548788552935,5589.023882192361,-323.1690033370678
5253.1741810573585,5409.245148868246,-156.07096781088785
4585.6822731972015,5604.422059612937,-1018.7397864157356
4597.335239608222,5432.628262709209,-835.2930231009868
4589.804407024678,5305.916777647025,-716.112370622347
4593.023354829214,5107.688598201423,-514.6652433722084
4599.332240658827,3834.3714239237147,764.9608167351121
4595.4552181707195,4616.99521435024,-21.53999617952013
4597.232420613699,5601.860526626905,-1004.628106013206
3806.7419464101304,5273.577664282361,-1466.8357178722308
3799.5077276910642,5581.844232416978,-1782.336504725914
3806.828438287204,3626.9578184816646,179.87061980553926
3816.891005439624,5322.58826103552,-1505.697255595896
3807.1280469077074,5413.718904153085,-1606.5908572453773
3811.405316672666,5102.994566085965,-1291.589249413299
3810.938768266919,4610.837996265463,-799.8992279985437
3805.019760068135,5078.109915392615,-1273.0901553244803
3113.2839222359994,4518.874308212535,-1405.5903859765353
3128.646711127906,5288.863188075411,-2160.216476947505
3123.885915186823,4610.599978979198,-1486.7140637923749
3621.0603607797057,5422.993213807322,-1801.9328530276161
3605.7368535369496,4122.202054489677,-516.4652009527272
3618.85456285919,5104.025076017261,-1485.1705131580711
3622.8613239287397,5107.7574028072,-1484.8960788784607
3615.8649878520414,4336.737734002618,-720.8727461505764
4116.917310725445,4340.865683982814,-223.94837325736898
4096.854921363234,5285.142116068848,-1188.2871947056137
4110.935249484406,5105.8927145897205,-994.9574651053144
4102.622597444321,5482.986239107197,-1380.363641662876
4106.22335513722,5492.280022340267,-1386.0566672030473
4579.921744146057,5585.049485982743,-1005.1277418366863
4584.597382901189,5298.28317116311,-713.6857882619206
4593.585681371756,3841.549120081235,752.0365612905216
4570.405357938757,4504.855032724638,65.55032521411977
4593.763409951685,5422.696179659121,-828.9327697074359
4586.029351458909,3828.6553555678215,757.3739958910878
5174.638623325381,4617.018210116529,557.6204132088515
5156.4939116176,5111.393801673596,45.100109944004544
5193.048814688408,5535.706367810072,-342.657553121664
5164.922291485406,5604.963154967898,-440.04086348249166
5153.227428815833,4117.611951438849,1035.615477376984
5162.079043415582,5413.190887283015,-251.11184386743298
5158.004140199211,5273.881218996778,-115.87707879756726
5147.614239390458,4595.381681705888,552.2325576845706
5156.902696106457,5300.887035594874,-143.98433948841648
3119.430848547534,5322.544615058916,-2203.113766511382
3130.6176865496464,3152.019903868814,-21.40221731916745
3810.783055954383,4925.897833169082,-1115.1147772146992
3803.1898583610764,3827.59404599144,-24.404187630363595
3820.5075343432113,3838.7581869251007,-18.250652581889426
3790.8938750894895,5284.158191123663,-1493.2643160341731
3826.0583310634443,4139.211430453013,-313.153099389569
3810.1857669275937,3829.8934570164915,-19.707690088897834
3818.841283714501,4612.501114492509,-793.6598307780082
3810.2062189482976,5316.772130881644,-1506.5659119333468
4578.691569221383,4595.103914750684,-16.412345529301092
4575.602742871729,5408.294308945223,-832.691566073494
4597.570821919301,4528.725937280517,68.8448846387837
4591.396933178876,5304.863669624608,-713.4667364457318
4581.302823918991,4601.6399757499485,-20.337151830957737
4591.623830218174,4120.924525067946,470.6993051502277
4603.3582203083415,5119.1416116304745,-515.783391322133
5256.5657327142,3832.043258963934,1424.5224737502658
5278.5318765751945,5293.817102735968,-15.285226160773163
5268.732031264509,5283.638303399368,-14.906272134859137
5260.559840298069,5104.74229338178,155.81754691628885
5271.330932731631,5423.854764854603,-152.52383212297173
5248.385520449671,5290.995112059267,-42.609591609595554
5243.156188676517,4308.822893210367,934.33329546615
5276.0453356025955,5314.143414238604,-38.09807863600872
5577.843602843822,4643.525689274583,934.317913569239
5563.131235468578,5124.361030593252,438.77020487532627
5261.15047990691,4521.005442634782,740.1450372721274
5268.567510357668,5308.583624919513,-40.016114561844915
5268.573930437323,5111.797777336433,156.77615310089004
5262.179993059579,5300.793883390525,-38.61389033094565
5275.519606570675,5312.734412100279,-37.21480552960384
5260.67893182785,5282.0809108600515,-21.40197903220178
5259.595890959304,3835.956484011927,1423.6394069473768
5273.790518839463,3140.5684768459073,2133.222041993556
4583.25135295544,5414.0330280853,-830.7816751298606
4605.657027344187,5113.154672841151,-507.49764549696465
4600.479135135695,4619.0911463927905,-18.61201125709522
4574.007452344255,5299.996920867765,-725.9894685235095
4586.38032536134,5297.11810500404,-710.7377796427008
4594.967961045154,4525.145594408664,69.82236663649019
4577.227386202107,4606.455631954488,-29.228245752381554
3810.4991293659778,3829.8120306470914,-19.31290128111368
3833.1209397002517,5320.603688590637,-1487.4827488903852
3812.5422388643733,4331.743897612492,-519.2016587481189
3818.6176837481953,3641.89379577883,176.72388796936548
3816.83603093141,5612.128388909193,-1795.292357977783
3813.943299621516,5105.7896968109,-1291.8463971893839
3804.9800752459773,3825.8838510207534,-20.903775774776022
3807.481019346097,4604.527426751876,-797.0464074057791
3118.8672003172337,4518.312607183614,-1399.4454068663804
3139.7355120354305,5613.854247975686,-2474.1187359402556
3123.885915186823,4125.576639198132,-1001.6907240113096
3610.7306924626455,4603.398172495867,-992.6674800332212
3603.916644496111,4308.836065394371,-704.9194208982599
3601.8292353088436,4602.335097858487,-1000.5058625496431
3624.063230161504,5291.820485942838,-1667.7572557813337
3617.4771995454153,3835.6791294636705,-218.20192991825525
4112.091810434615,5502.561579289267,-1390.469768854652
4107.226300378995,5318.885126222466,-1211.6588258434713
4115.116914536404,4615.906639971242,-500.78972543483815
4112.870627607239,5289.516958849545,-1176.6463312423057
4105.586132825244,4522.711867084785,-417.1257342595409
4581.2352197526425,5283.732194772515,-702.4969750198725
4587.4146249940895,4617.080175068899,-29.66555007480929
4591.783162490139,5516.065794406785,-924.2826319166461
4588.646874321204,4323.336772659545,265.31010166165925
4587.9994020171425,3136.3203423275727,1451.6790596895698
4573.622322658627,5088.811699959117,-515.1893773004895
5167.402529658892,5317.835317084127,-150.4327874252358
5164.489895125915,4611.869557482595,552.6203376433195
5181.845913458388,4622.975764723974,558.8701487344142
5153.171548484801,5270.470365086707,-117.29881660190586
5154.596947584532,5586.557639234446,-431.9606916499133
5156.887103712525,5296.162160710131,-139.27505699760604
5177.278261479874,5318.2079331304,-140.92967165052596
5176.57897540409,5128.548804776001,48.030170628088854
5165.763432746943,4923.246338895067,242.51709385187587
3120.559101698163,5589.006123898565,-2468.4470222004024
3112.661259637227,5295.920111671064,-2183.258852033837
3804.852384418835,5592.317575881963,-1787.4651914631286
3823.9277180999907,5319.075590034726,-1495.1478719347351
3828.0411642261106,5315.045379587397,-1487.0042153612867
3801.5738318273734,5407.191635458194,-1605.6178036308202
3832.1563347358683,3153.5541902651885,678.6021444706798
3824.113451171676,5314.299481446475,-1490.1860302747987
3810.0184919078474,3830.7143456247636,-20.69585371691619
3813.590375310558,4927.817065284482,-1114.2266899739238
4606.047094159091,3837.722209994339,768.3248841647519
4604.961243015412,5330.4871884095755,-725.5259453941635
4593.62994033813,4324.87176876376,268.75817157436995
4593.899786322248,4924.622636828051,-330.72285050580376
4580.693989093494,5276.333516403671,-695.6395273101771
4584.8081715112,5604.613045681216,-1019.8048741700159
4597.1038485498575,5306.193900418387,-709.0900518685294
5240.120102777469,5283.469040911722,-43.34893813425333
5271.358869225002,5610.3172354410535,-338.9583662160512
5275.135608527361,5432.138222962332,-157.0026144349713
5270.604349152544,4137.49997545619,1133.1043736963538
5240.393262152488,5388.120517978419,-147.72725582593102
5280.268580242178,5434.22436174642,-153.9557815042417
5271.548684633792,4617.996198777209,653.5524858565823
5266.195832213356,3834.764541374175,1431.4312908391807
5533.062790535126,5597.321723681795,-64.25893314666973
5554.985825917048,5601.802871869407,-46.81704595235897
5274.0678150017875,5425.495923856745,-151.42810885495783
5258.445598623633,5277.8084350563095,-19.362836432676886
5251.982758746323,5408.636025864099,-156.6532671177756
5263.362908416136,5610.347616732682,-346.98470831654595
5265.97169558998,5304.0237268824885,-38.05203129250822
5284.7257214039055,5404.751500648782,-120.0257792448765
5265.888168754854,5306.111527894773,-40.22335913991901
5270.610125090866,3838.964231667143,1431.645893423723
4597.335239608222,5094.991573194555,-497.65633358633295
4599.674101742081,5598.514154918475,-998.8400531763937
4598.599545224056,5503.071969615332,-904.472424391276
4595.570437861434,5106.789771231897,-511.2193333704636
4588.0126234366035,4603.740348213621,-15.727724777017102
4582.0976067009915,5470.035760949687,-887.9381542486954
4593.41003741469,5492.191296472932,-898.7812590582416
3808.9821162434846,5300.394033005522,-1491.4119167620374
3797.8987076296025,5068.292448885805,-1270.3937412562027
3802.90533113328,3625.9656908711645,176.93964026211552
3805.6621329329155,4598.318857573194,-792.6567246402783
3809.6598014972737,3833.2462458806076,-23.586444383333856
3828.3828769452984,3650.9097338326956,177.47314311260288
3822.054741023087,5310.266495022106,-1488.211753999019
3807.132228981953,5580.985615349639,-1773.8533863676862
3118.9375281972057,5415.923002131971,-2296.985473934765
3128.0407525434266,4644.323847524318,-1516.2830949808913
3123.885915186823,5272.286607876951,-2148.4006926901284
3607.8604988910165,5469.032028613918,-1861.1715297229011
3608.0859778912686,4804.470766766571,-1196.384788875302
3622.9280187970994,5090.4893843803,-1467.5613655832008
3608.300705184785,4602.759662315489,-994.4589571307038
3621.3869840076695,5292.866924441786,-1671.4799404341165
4117.578120983605,5439.366963414237,-1321.788842430632
4100.337342707292,3828.1354336597287,272.2019090475633
4112.396023453852,4336.630357695072,-224.2343342412205
4106.8076600861295,4937.270507256142,-830.4628471700125
4105.982798276728,5303.221814745249,-1197.2390164685203
4592.2348136576275,3831.8740606062097,760.3607530514178
4582.154542964866,5574.791414041546,-992.6368710766801
4595.199643933794,5490.351751636813,-895.1521077030193
4577.972120469766,4316.4138065134985,261.55831395626774
4594.073316837598,4624.63364164377,-30.560324806171593
4577.386446517028,4124.392544971844,452.9939015451846
5169.81973318741,5308.681565898749,-138.86183271133905
5163.968401923994,4610.810677020198,553.1577249037955
5175.412694306191,4137.507694829696,1037.9049994764946
5160.4555253384415,5601.989164952116,-441.5336396136745
5176.50046134763,5322.941159102488,-146.44069775485787
5156.343496463054,4912.7556299308035,243.5878665322507
5144.222506218718,4607.9080146140395,536.3144916046786
5158.65739703442,5098.516656888871,60.14074014554899
5179.948724358439,4529.525544220459,650.4231801379801
3130.155691357195,5312.021461011756,-2181.8657696545615
3119.370147818446,5601.396008893002,-2482.0258610745555
3834.2044918104725,5520.73032928002,-1686.5258374695472
3820.601024899976,5311.066882088299,-1490.4658571883233
3803.6014200636937,5479.321152167101,-1675.7197321034073
3817.6488096833527,5603.619108432648,-1785.9702987492956
3813.2894584649625,5310.264646377783,-1496.9751879128203
3814.159776646628,5311.269254903691,-1497.109478257063
3819.976393573193,5319.0276810897085,-1499.0512875165155
3812.471979682923,4616.492690994938,-804.020711312015
4586.867550743495,5073.11450575924,-486.2469550157457
4587.418024993276,3136.917035628982,1450.5009893642941
4601.861609987926,3835.703289430213,766.1583205577135
4604.516297229634,5420.513114941266,-815.9968177116325
4594.063112054128,5298.721350682444,-704.6582386283153
4578.779103580919,5593.747677004212,-1014.9685734232935
4592.4243835294465,5408.815175853871,-816.3907923244242
5271.688834070275,5287.065330843363,-15.376496773087638
5259.746030653473,5307.33843790796,-47.592407254486716
5267.7125669902025,5108.283898697711,159.42866829249124
5266.920441991717,5123.482605191296,143.43783680042088
5275.879726538129,5399.0176237728265,-123.13789723469745
5276.606031208955,4829.40913078225,447.1969004267048
5253.452224810925,3830.8467509728716,1422.6054738380535
5256.158492605315,4120.995727153451,1135.1627654518634
5536.5871808469965,5268.408325336857,268.17885551013933
5548.095101800571,4528.5364270374885,1019.5586747630823
5247.924438351886,5208.609832470706,39.31460588117989
5260.573464356694,3832.9124484940858,1427.661015862608
5277.391160633957,4332.250100963839,945.141059670118
5266.786989492908,3839.3816270472657,1427.4053624456424
5243.207376254593,5399.25969550086,-156.05231924626696
5248.935580592823,5589.569392172993,-340.63381158017
5254.332484676481,5292.647054870424,-38.31457019394293
5265.913326733293,4526.586600333025,739.326726400268
4592.866273396358,5097.948646787256,-505.0823733908974
4605.271362461844,5502.220725171448,-896.9493627096044
4612.234185905045,5332.9295178073235,-720.6953319022787
4606.916061358448,5472.947460818596,-866.0313994601474
4601.752895496049,5423.871141715112,-822.1182462190627
4601.163920607101,5129.004755641845,-527.8408350347436
4590.9678821129,4520.326683459954,70.6411986529456
3803.7645844086246,4609.341307078876,-805.576722670251
3828.3662029864986,5433.4948917808,-1605.128688794301
3819.198636321442,5510.267184299035,-1691.068547977593
3812.655919533354,5104.317553343839,-1291.661633810485
3825.012974867998,4653.909269940964,-828.896295072966
3810.290113801379,5409.765699636149,-1599.4755858347703
3823.927976968604,4537.723511719075,-713.7955347504708
3811.684865431883,5416.102089517441,-1604.4172240855578
3133.0502717246386,5301.98579667623,-2168.9355249515916
3132.9519801357587,4334.532230614033,-1201.5802504782746
3123.885915186823,5584.775789393016,-2460.889874206193
3602.225854415359,4595.701538108887,-993.4756836935276
3609.257538370309,4601.2576730278615,-992.0001346575527
3624.5904639009286,5422.161447163253,-1797.5709832623243
3626.3287317014338,5493.348673131323,-1867.0199414298895
3608.923314187334,4518.257602997865,-909.3342888105312
4103.808893227862,4602.004057582738,-498.1951643548755
4104.880639202558,5311.153676138332,-1206.2730369357741
4114.880685108534,5119.570479526538,-1004.6897944180046
4112.038814897561,4619.008168285655,-506.96935338809453
4104.961369191224,4608.025854181414,-503.06448499019007
4594.321365529981,4427.222227568577,167.09913796140427
4602.031871780426,5480.082417537876,-878.05054575745
4599.649155523305,4620.923605093416,-21.274449570110846
4586.5780129771765,3135.234659134295,1451.3433538428817
4609.69964487511,4137.563326720813,472.13631815429653
4584.275758272411,3829.05905617781,755.2167020946008
5165.76213685303,5313.293028618781,-147.53089176575122
5178.884017736445,5315.891097206754,-137.0070794703097
5173.146367451617,5424.446430132833,-251.30006268121542
5165.57015326971,4742.00429285555,423.56586041415994
5176.103373175828,5604.422313927357,-428.3189407515292
5167.93616494185,5316.442977472504,-148.50681253065432
5153.536857720042,5268.815083881722,-115.27822616168032
5162.3470777535895,4814.366351032609,347.9807267209808
5153.6392313973865,5271.909290023967,-118.27005862658007
3129.917396874068,4531.690076899581,-1401.7726800255132
3115.605604216766,4609.4171180123985,-1493.8115137956324
3822.8657945132195,5502.254489124434,-1679.3886946112148
3809.5134098153662,3147.3614570938093,662.1519527215569
3805.3602815796376,5601.704762564795,-1796.3444809851571
3809.2823284717247,5104.67911013915,-1295.3967816674253
3804.267479903565,4515.303088631985,-711.0356087284199
3815.3463603310197,5419.318448079181,-1603.972087748161
3827.973007451196,4625.266437869345,-797.2934304181495
3810.6497621705403,5280.910638927123,-1470.2608767565825
4575.329502665496,5495.332934829983,-920.0034321644871
4606.626984879561,4344.842600928392,261.7843839511688
4596.342183702494,5287.894167246608,-691.5519835441137
4590.071302777721,5483.019911637525,-892.9486088598042
4601.775802731426,5287.179429454168,-685.403626722742
4603.3582203083415,3142.514529000492,1460.8436913078494
4584.410480998744,5600.465572026436,-1016.0550910276925
5259.047176666795,5082.946200089709,176.10097657708593
5267.522515229041,5091.412176337647,176.11033889139435
5252.8105126314995,5474.719882412866,-221.90936978136688
5278.688947674914,4932.239373175289,346.44957449962476
5258.150124314697,5293.095445559489,-34.94532124479247
5271.499735816819,5425.914772324461,-154.41503650764207
5250.020012137516,5076.437006190729,173.58300594678622
5277.7515115564,4660.13921382537,617.6122977310306
5530.191707914746,5295.706706274337,234.48500164040888
5550.824259219186,5304.86397971676,245.9602795024266
5247.16187095492,4317.721522380634,929.440348574286
5269.662576423236,4611.900728400302,657.7618480229339
5274.809495160817,5310.310145400296,-35.500650239479
5272.926224480755,5309.690508280758,-36.764283800002886
5262.198744811236,5309.724957350429,-47.526212539192784
5276.1089678413155,4337.96468091921,938.1442869221055
5265.843824525099,4815.2942840359065,450.5495404891926
5270.153309849896,3844.0529676495094,1426.1003422003864
4589.804407024678,5307.004721572006,-717.2003145473282
4598.599545224056,4931.824552517265,-333.2250072932093
4613.504732348214,5322.568280444963,-709.0635480967494
4575.470775744226,5094.375138355686,-518.9043626114608
4591.929347385554,4525.067851196432,66.86149618912259
4593.262887215245,4523.476598428699,69.78628878654672
4576.433375209245,5266.457313792466,-690.023938583221
3816.093866113183,4619.501207977543,-803.4073418643602
3816.0292313234618,3640.0192533580494,176.00997796541242
3807.528807441076,5312.384447747607,-1504.8556403065309
3826.704609781799,4825.629879924329,-998.9252701425298
3810.889509003772,5303.737885868511,-1492.8483768647384
3821.7678954674107,5115.46147243454,-1293.6935769671295
3813.447933042858,5104.605572471961,-1291.1576394291028
3821.398190860997,5434.6441209962795,-1613.2459301352824
3132.7990796440495,5616.333012346115,-2483.533932702065
3128.1470350126297,4626.48038405243,-1498.3333490398004
3123.885915186823,4525.623036344914,-1401.7371211580912
3613.1599402549878,4611.733113765447,-998.5731735104596
3617.0159955608747,4518.867750863465,-901.8517553025899
3609.994441069031,5497.791274530263,-1887.796833461232
3609.3932772424437,4600.615530075211,-991.222252832767
3625.7171815797446,5227.0737924309415,-1601.3566108511968
4089.5605169486494,5486.539615678088,-1396.9790987294386
4112.185586788801,3836.7477357662465,275.43785102255424
4088.911658887851,5482.925193593677,-1394.0135347058263
4096.387656690028,4600.852917681456,-504.4652609914283
4123.120275022768,5123.95741032898,-1000.8371353062121
4591.638099944356,4611.696736596025,-20.058636651669076
4583.329944085404,5305.86931341364,-722.5393693282358
4584.845903561545,5415.966434148018,-831.1205305864733
4594.314363159999,3141.080657873646,1453.2337052863527
4588.13090042808,5302.932855198377,-714.801954770297
4596.925927302601,4127.649930326166,469.2759969764347
5166.684014651428,4921.538999463617,245.1450151878107
5169.764021569421,5309.024632986116,-139.2606114166947
5156.669430895887,5293.917555393098,-137.2481244972114
5163.411788990009,3642.198692192042,1521.213096797967
5158.136668077175,5292.689631111412,-134.5529630342371
5162.625561625469,5488.381136639415,-325.7555750139454
5162.901026176253,5613.429344518892,-450.52831834263907
5153.167799662868,5075.980984204252,77.18681545861546
5179.960589677151,4619.093612643282,560.8669770338693
3128.178746674994,5426.046677849718,-2297.8679311747246
3113.1622681642316,5411.083721460234,-2297.9214532960027
3812.978532343559,5121.105320131438,-1308.126787787879
3828.4749165763187,4631.264670038127,-802.7897534618087
3826.298913410201,5511.217606275526,-1684.9186928653253
3800.0646118716595,5257.501293450025,-1457.436681578365
3809.3360092542243,5080.989648863455,-1271.6536396092306
3814.1289462654713,4520.890039371774,-706.7610931063027
3804.956878364454,5299.06492220328,-1494.1080438388258
3828.206148996515,4548.130265410346,-719.9241164138307
4588.317250935738,5281.6766469720405,-693.3593960363023
4581.420423018199,5587.686268976301,-1006.2658459581025
4585.7837262336325,5478.898880622806,-893.1151543891738
4573.920905603122,5483.729923546863,-909.8090179437404
4596.409726420716,5315.546882403239,-719.1371559825229
4600.385611630735,5321.160198731395,-720.77458710066
4604.501500781183,5237.5858162225295,-633.0843154413469
5260.167327019319,5277.793992847158,-17.626665827839133
5272.710183184135,3847.94093997363,1424.7692432105046
5267.147944522262,5502.956022788307,-235.8080782660445
5246.209994645917,5280.062558155171,-33.85256350925465
5258.824675504071,4517.673094574122,741.151580929949
5248.420999928803,5572.885788008368,-324.46478807956464
5278.824631384743,5400.858631819795,-122.0340004350519
5241.4570301444455,5292.358774390031,-50.90174424558518
5549.270773550423,3838.853769279995,1710.4170042704277
5543.361949850256,5276.833912945503,266.5280369047532
5277.1968692580585,5117.226561981816,159.97030727624224
5261.345609215546,5105.211739367493,156.1338698480531
5250.328890882428,4509.941081030783,740.3878098516452
5268.7741242392085,4533.219209722406,735.5549145168025
5249.61240940682,5402.807072770104,-153.19466336328423
5284.716164496552,5439.9417761141085,-155.22561161755675
5274.180007765627,5490.259742713509,-216.07973494788166
5259.630483788832,4610.1397204163,649.4907633725315
4604.782294048749,5606.653628959147,-1001.8713349103982
4597.961741503705,3834.991291227738,762.9704502759664
4601.009885418703,5294.803009435597,-693.7931240168946
4597.220143597508,4940.615109754341,-343.3949661568331
4602.663870014246,5284.496323488204,-681.8324534739586
4603.81248475031,4537.6547129794635,66.15777177084692
4591.534139398356,3839.812528039633,751.7216113587233
3815.406522557821,5301.352817628773,-1485.9462950709517
3814.5668320184177,5292.487280164549,-1477.920448146131
3799.2430509975975,5258.859712768694,-1459.616661771097
3816.7360611595846,5311.981436923765,-1495.2453757641802
3809.2213194101832,5307.2862770117135,-1498.0649576015303
3813.160298343656,4743.749682386737,-930.5893840430808
3814.12516099258,3832.4317927931934,-18.30663180061356
3794.850676476837,5595.312589849744,-1800.4619133729066
3122.0186879134703,5508.384847037542,-2386.366159124072
3109.287116213244,4594.600980338345,-1485.3138641251007
3123.885915186823,5295.610717017126,-2171.7248018303035
3608.5627401322563,5581.465296082467,-1972.9025559502106
3614.3972543551654,5114.041215145368,-1499.643960790203
3598.690540312853,5270.464770772549,-1671.774230459696
3620.927459327259,4528.632578560452,-907.7051192331933
3616.793834328003,4534.925645050359,-918.131810722356
4104.607329537581,4616.811075672114,-512.2037461345335
4102.132569701675,5481.659023011025,-1379.5264533093505
4099.194585046314,4601.499206654034,-502.30462160772004
4116.751201654356,5608.762777384217,-1492.0115757298609
4096.541110092471,5294.694441511767,-1198.1533314192957
4595.517118517297,4615.14703534937,-19.629916832072922
4604.910711067708,5325.679012451679,-720.7683013839714
4601.2584467753695,5615.561868059659,-1014.3034212842895
4573.836397596435,5404.377005431347,-830.5406078349124
4564.748113320007,4585.253120130666,-20.505006810658415
4592.830262859824,5599.183421714879,-1006.353158855055
5161.247017575017,4513.015951743044,648.231065831973
5159.161024911988,5508.711244892303,-349.550219980315
5164.397664036818,5106.621314959468,57.77634907735046
5171.46726809599,5429.408554283739,-257.94128618774903
5144.333326878449,5579.367141251939,-435.0338143734898
5176.013472574847,4749.2694973097505,426.7439752650962
5152.237845363747,4114.956465517589,1037.2813798461575
5172.710200668875,5110.944402784573,61.76579788430172
5159.34081958969,3132.5278132020394,2026.8130063876506
3120.345360292912,4605.689238329979,-1485.343878037067
3114.908204653661,4613.714188041698,-1498.8059833880375
3805.710073579175,5096.257101006643,-1290.547027427468
3809.1342960275497,5224.48517026678,-1415.3508742392305
3811.1681029648735,4613.67001063478,-802.5019076699064
3832.1563347358683,4932.9555913280565,-1100.7992565921882
3821.083443922262,5289.222084444384,-1468.1386405221215
3817.2910268907717,5592.3906374292055,-1775.0996105384338
3811.203222745146,5299.028780012472,-1487.8255572673265
3808.7380257171408,5271.515934217371,-1462.7779085002303
4585.17314002727,5299.25356838975,-714.0804283624802
4588.5964465038005,3832.767312926311,755.8291335774893
4587.802931326996,5280.31658038057,-692.5136490535733
4575.479422212691,5602.892084169571,-1027.4126619568797
4586.937740041975,5099.358512529882,-512.420772487907
4586.093993683194,5421.520526214624,-835.42653253143
4588.974379252988,5297.835860793186,-708.8614815401979
5264.738999731338,5415.728066129471,-150.98906639813322
5267.952038474344,3834.287857275209,1433.6641811991349
5251.436937409182,5370.012990259205,-118.57605285002319
5264.824766313183,3831.4804994207793,1433.344266892404
5268.292543781386,4621.421572973441,646.870970807945
5271.722361671025,3845.3457037069006,1426.3766579641247
5269.176159173809,4940.40773223244,328.7684269413685
5244.686724825395,5399.379436856911,-154.69271203151584
5560.450153097273,3154.9502344071707,2405.4999186901023
5543.299716347879,5275.293354703164,268.00636164471507
5267.134552352251,5304.568647258657,-37.434094906405335
5261.883160928003,5310.090419687322,-48.20725875931839
5265.073759675814,5108.748135097913,156.32562457790027
5252.994410140449,5291.46440734664,-38.46999720619078
5261.6008354393225,5598.3099572672245,-336.709121827902
5254.032894645599,5097.298167638649,156.73472700695038
5262.385037345038,5310.184522962364,-47.799485617326354
5267.501554315936,5282.882406633129,-15.380852317192875
4593.023354829214,4607.871245755159,-14.84789092594474
4595.570437861434,5221.861099187784,-626.2906613263503
4575.470775744226,5294.963284485856,-719.4925087416304
4593.470260477058,5106.5534670665365,-513.0832065894783
4589.413520179267,5300.338892589819,-710.925372410552
4592.86977721036,5314.091315971635,-721.221538761275
4593.9405044190935,5431.763767969726,-837.8232635506329
3808.388457360423,4521.908324242166,-713.5198668817425
3807.1284953639133,4912.336146540014,-1105.2076511761006
3817.0222296528805,4815.500909884112,-998.4786802312315
3818.7308053749052,4820.621150934477,-1001.8903455595714
3814.9217743438758,5110.642042089502,-1295.7202677456262
3820.952371655799,5490.564612014274,-1669.6122403584745
3823.5844546652083,5604.792059269287,-1781.2076046040788
3818.048129332627,5276.331820422482,-1458.2836910898554
3119.8659203323273,5273.246582201273,-2153.3806618689455
3110.467093175914,4327.002321743071,-1216.5352285671565
3123.885915186823,5405.529957977558,-2281.6440427907355
3618.3215918039596,4616.103074890719,-997.7814830867592
3630.6285339943165,5516.014240313094,-1885.3857063187775
3614.842844989684,4517.338520389282,-902.495675399598
3617.1796634610478,4522.345535810183,-905.165872349135
3607.3800246052506,5409.467561714841,-1802.0875371095908
4130.544693233308,4645.200995980938,-514.6563027476304
4103.581537653405,5420.121530937509,-1316.5399932841046
4094.6986152897675,4603.552605815258,-508.85399052549064
4103.580755298995,4606.205664853467,-502.62490955447174
4103.815245326298,3633.0183379327077,470.7969073935906
4586.312949096719,5103.455089236936,-517.1421401402167
4603.773225740004,4634.627664202217,-30.854438462212784
4588.436742636772,5084.629245419293,-496.19250278252093
4595.166922188479,4428.081334398257,167.08558779022133
4589.465749949376,5297.878013881865,-708.4122639324887
4592.712318797262,5310.756569859587,-718.0442510623252
5159.956626450308,4609.028518970735,550.9281074795736
5171.676000033906,4928.916304827222,242.75969520668423
5185.328982039096,3156.6809481447685,2028.648033894328
5152.791239428669,5486.727314982905,-333.9360755542366
5148.796926967571,5286.720477384515,-137.92355041694373
5177.102286029907,4834.779560079792,342.32272595011545
5172.768530479292,4824.630993859753,348.1375366195389
5171.283170507179,5617.591361445553,-446.3081909383736
5161.313547345524,3823.915483464497,1337.3980638810272
3138.5224053450015,5312.668690541402,-2174.1462851964
3113.90613196758,5414.819674801747,-2300.913542834167
3796.3874899116668,5388.43167205583,-1592.0441821441632
3821.187861543641,5318.449672970735,-1497.2618114270945
3819.321001047669,4622.326658610391,-803.0056575627218
3814.4440108320837,5385.098983264765,-1570.654972432681
3801.495600687991,5600.451015244343,-1798.9554145563516
3811.140801393534,5490.599902637793,-1679.4591012442593
3800.475877961198,4803.2246005379475,-1002.7487225767495
3820.0597366646625,4610.515519104929,-790.4557824402664
4597.276258865228,5419.197520908193,-821.9212620429653
4581.213810453177,4598.907567741843,-17.693757288666347
4597.152931414792,3643.7844885042787,953.3684429105133
4586.055410096246,5110.009706981966,-523.9542968857195
4584.269308747902,4115.910976016337,468.3583327315646
4583.818343202754,3828.9977124132297,754.8206307895239
4597.666871506012,4531.129131049985,66.53774045602768
5270.342462650743,4613.731410911335,656.6110517394081
5271.381359503838,5508.79892074994,-237.4175612461022
5273.272946479693,5599.411099071394,-326.1381525917013
5277.191472242428,5295.430545054077,-18.23907281164884
5255.6303912524045,4600.272342522183,655.3580487302215
5294.022739707942,3162.8980064907896,2131.124733217152
5254.100473723311,3829.191428597749,1424.9090451255615
5252.9202354910885,5290.803214682692,-37.882979191603226
5533.573528753892,5283.631242392879,249.94228636101252
5555.632768245394,5485.810455101538,69.82231314385626
5256.671265067099,3819.228698302923,1437.4425667641758
5263.4699847897855,5303.762185947142,-40.29220115735643
5259.377529619033,5308.318805417999,-48.94127579896576
5249.8095873541815,4598.848375374104,650.9612119800777
5267.833453710352,5616.6030260603675,-348.76957235001555
5258.728445628881,5308.602250432498,-49.87380480361753
5276.641233996569,4532.628497572004,744.0127364245654
5257.853524419569,5488.788970146924,-230.93544572735482
4580.915778310666,5264.781384496947,-683.8656061862812
4612.961870451447,4630.203913102875,-17.242042651428164
4599.433876969728,5311.536148842912,-712.1022718731838
4595.722954894492,5107.55256600664,-511.8296111121472
4603.756706371107,5127.484292094516,-523.727585723409
4584.224071761941,4318.401838522397,265.8222332395435
4604.024582906949,5312.033211879248,-708.0086289722985
3828.5766603754955,5127.27643285838,-1298.6997724828843
3805.548878168561,5592.925493154069,-1787.3766149855082
3815.3530902465336,5308.224176760738,-1492.8710865142048
3809.1709029025237,3631.243166615627,177.92773628689656
3805.945447611256,5273.840569043735,-1467.8951214324788
3801.7697052667386,5413.233919064822,-1611.4642137980832
3812.807730248285,5509.247039513607,-1696.4393092653218
3815.466684171253,3839.911483139741,-24.444798968488158
3136.7599448095925,5527.381322348511,-2390.6213775389188
3109.4626194255497,4594.1219540692255,-1484.6593346436757
