One Stop Time,Two Stop Time,Difference
3739.4992093007304,4644.016062460227,-904.5168531594963
3756.3464212085514,4567.761293048261,-811.4148718397096
3745.79971826917,4452.629449980702,-706.8297317115316
4626.057162730297,4072.404342268186,553.6528204621109
4637.586146769196,4452.147125992733,185.4390207764627
4643.072065884185,4860.030678685758,-216.9586128015735
4630.566188884036,3763.383640640443,867.1825482435929
4637.791155403072,4563.106452017286,74.68470338578572
4629.566078482649,4902.404371518965,-272.8382930363159
4636.460876434894,4545.950861184486,90.51001525040829
4638.102739558375,3998.4559646006637,639.6467749577114
4856.331424098023,4839.100770549346,17.230653548676855
4650.278132353124,4845.813995024355,-195.53586267123046
4652.138352957695,4838.159566245281,-186.02121328758585
4645.729579453268,4554.013534191284,91.71604526198462
4631.360428485678,4328.470584436044,302.8898440496341
4655.156769060259,3932.0840116496825,723.0727574105763
4650.117859620326,4735.58337479468,-85.46551517435364
4654.4504097839645,3990.3969329807583,664.0534768032062
4887.575100849739,4667.528317644665,220.04678320507446
4654.935562946822,4794.378400806903,-139.44283786008145
4650.48501964009,4736.587614868687,-86.10259522859633
4644.286421287391,4789.400511032315,-145.11408974492406
4639.733126608298,4617.954132858909,21.778993749388974
4648.042942948571,4623.935299112877,24.107643835694034
4652.494271261502,3930.874392745063,721.6198785164393
4649.099380070101,4650.880445854151,-1.7810657840500426
4845.31275625545,4875.468833467044,-30.156077211593583
4632.802271855852,4317.463500172033,315.3387716838197
4631.795438150296,4652.026404707635,-20.230966557339343
4619.589195078455,3913.0346823215064,706.554512756949
4634.025600248592,4857.499880388204,-223.47428013961144
4627.964330358609,3978.2548439186244,649.7094864399846
4631.629741836282,4553.292925858357,78.33681597792474
4637.646362428216,4823.595561351882,-185.9491989236658
4630.198183466924,4761.3045898149085,-131.10640634798438
3734.1487069324007,4769.52334805101,-1035.374641118609
3733.2673256498983,4766.655693055153,-1033.388367405255
3744.1263277545586,3764.9133191776514,-20.786991423092786
3888.62177082186,3909.749191707773,-21.127420885913125
3894.667538214043,4841.611826387519,-946.9442881734758
3897.1393738188654,4644.736267346554,-747.5968935276887
3900.895585284544,3956.9161471741836,-56.020561889639794
3895.667775789516,4873.485661824939,-977.8178860354228
4781.708604179482,4533.156481014871,248.55212316461075
4794.898544358219,4789.796907008085,5.101637350133387
4798.784780311178,4843.327870018842,-44.54308970766397
4790.693631028154,3909.4519471519707,881.2416838761837
4807.51333657066,4867.2096366429605,-59.6963000723008
4782.938121025215,3961.746011417613,821.1921096076021
4792.07421490348,3932.37844175448,859.6957731490006
4799.8261099138845,4538.556491350132,261.2696185637524
4715.0026253809,4844.520810500586,-129.51818511968577
4725.680729166799,4800.574200759014,-74.89347159221506
4716.092208520617,4771.233329088346,-55.14112056772956
4702.8708895254185,4740.6647171793065,-37.793827653888
4720.373419115282,4849.021318781266,-128.64789966598437
4721.963046508685,4076.4203605184425,645.5426859902423
4726.687279185211,3971.463413524769,755.2238656604422
4727.184926357179,4655.916799944139,71.26812641304059
4740.294151130345,4829.155375757838,-88.86122462749245
3900.8455930562327,4644.171519393101,-743.3259263368686
3913.481020834769,4660.3490341684565,-746.8680133336875
3905.2052008209503,4790.434036844954,-885.2288360240036
3895.3686311239394,4887.237390132682,-991.8687590087425
3905.1177595640634,3984.993667504887,-79.87590794082371
4795.155776113775,3905.485057162155,889.6707189516196
4780.923681315224,4532.091417878706,248.83226343651768
4786.684103305937,4542.953600154611,243.73050315132605
4776.186249928653,4843.741142363033,-67.55489243438024
4779.397659016496,4528.282945498828,251.11471351766795
4779.45124923971,4847.104973459364,-67.65372421965458
4780.281805870922,3911.0574207909553,869.2243850799664
4773.426647423636,4678.291817751784,95.13482967185155
4803.47929204463,4525.767814048842,277.7114779957874
4816.242932761332,4660.146396529181,156.09653623215036
4802.976546897234,4854.457684688207,-51.48113779097366
4810.998650006293,4776.437733569853,34.56091643644049
4807.615301710702,4777.822560142981,29.79274156772044
4818.964241728275,4860.137433916131,-41.17319218785633
4807.585943676684,4849.300442566904,-41.71449889022006
4801.719793783704,4870.434521562242,-68.71472777853796
3953.018860302627,4573.087628251649,-620.068767949022
4807.172816438282,4875.655147596907,-68.48233115862513
4816.818866985872,4856.115158727654,-39.296291741781715
4806.12901399898,3879.729611872542,926.3994021264375
4815.0135502292815,4782.443260289003,32.5702899402786
4793.089238331224,4878.93369918093,-85.84446084970568
4815.755822036219,4760.4613267074565,55.29449532876242
4823.042379128083,4800.810296420822,22.232082707260815
4811.319723346472,4654.821164068447,156.4985592780249
4791.578552460354,4857.705967954933,-66.1274154945786
4771.22546074181,4302.714942429444,468.510518312366
4778.192871831287,4781.357933317113,-3.1650614858253903
4785.410217222549,4782.063500583054,3.346716639495753
4781.59893459678,4903.761369187351,-122.16243459057114
4786.121442366752,4653.205461280151,132.91598108660037
4774.7823651153785,4830.173761110052,-55.391395994673076
4788.225630543984,4745.811195790151,42.41443475383312
3904.107363367356,4793.096905541436,-888.9895421740803
3897.099597743696,4894.624689066665,-997.5250913229693
3912.8986518070337,4708.771749613209,-795.8730978061753
3910.355090439985,4002.7645005278937,-92.40941008790878
3900.8340036462514,4784.959072917154,-884.1250692709027
3749.5245247114203,4784.636099665688,-1035.1115749542673
3752.205901100119,4806.5469739506225,-1054.3410728505037
4526.799029931805,4874.199976242417,-347.4009463106113
4535.994783124947,4095.5272874782,440.46749564674747
4513.882196516849,4820.571286046896,-306.68908953004666
4526.554810783951,4884.382274699314,-357.8274639153624
4500.475590073901,4610.775272115081,-110.29968204117995
4508.416579061353,4639.308640527696,-130.89206146634297
4525.616075104907,4694.141339885277,-168.52526478036998
4858.221002078149,4627.235387055471,230.98561502267785
4850.476862059316,4684.486536638884,165.99032542043187
4851.683081362712,4678.03539685612,173.64768450659176
4430.507877760921,4843.2944531003905,-412.7865753394699
4425.7072428630545,4817.01489414217,-391.3076512791158
4428.54113675581,4345.687662595801,82.85347416000877
4430.894710153266,4791.303617365874,-360.408907212608
4844.51719847028,3881.4230242258604,963.0941742444197
4863.252005432872,4847.030818223403,16.221187209468553
4850.46457624037,4785.27710989486,65.18746634551007
4872.534409777117,3991.5615770363747,880.972832740742
3901.8832356855482,4858.0435010599585,-956.1602653744103
3891.9980359575857,4852.182013014952,-960.1839770573661
3890.74442817871,4518.038635468892,-627.2942072901815
3906.307204742204,4788.385593408896,-882.0783886666923
4684.421362991507,3925.8828512786918,758.5385117128149
4703.367696709723,4697.760735904661,5.6069608050620445
4693.534794852162,4700.600288037086,-7.06549318492398
4678.08928253527,4852.102937206507,-174.0136546712365
4676.473260352673,4770.562050672914,-94.08879032024106
4682.5144888890345,4652.001264002961,30.513224886073658
4681.095025706281,3761.470227785435,919.6247979208465
4817.077831973419,3965.1629310835324,851.9149008898867
4823.522319242274,3930.7558100183737,892.7665092238999
4511.184310822155,4859.3425816316385,-348.15827080948384
4504.511203879965,3992.61554564214,511.89565823782505
4493.139451023291,4694.3750549867345,-201.23560396344328
4495.6139476882745,3952.308467271413,543.3054804168614
4497.252344415109,3897.6935379217634,599.5588064933459
4831.628048305114,4552.66544088712,278.96260741799415
4837.043089574363,4801.072929160976,35.97016041338702
4842.1126956137905,4756.986106879324,85.12658873446617
4399.350647114531,4074.682553622854,324.66809349167715
3739.4992093007304,3896.898677021268,-157.3994677205378
3745.79971826917,4838.926506376246,-1093.1267881070758
3740.0746743670757,4754.977491843858,-1014.9028174767823
4630.566188884036,4650.474077017405,-19.907888133368942
4629.566078482649,4799.952337878794,-170.38625939614576
4638.102739558375,3975.027879028585,663.0748605297899
4630.813280438286,4801.773661653068,-170.9603812147825
4626.264727538431,4647.441575043937,-21.176847505505975
4635.69191714542,4886.001011671716,-250.30909452629567
4634.985557869125,4537.100247288409,97.88531058071567
4635.470711031983,4888.190473036454,-252.7197620044708
4859.396931686343,4853.77422723227,5.622704454072846
4648.04294294857,3918.7289449008117,729.3139980477586
4649.099380070101,4815.856651119528,-166.7572710494269
4652.267123770691,4739.335716340826,-87.06859257013548
4639.054046993293,4749.986757781624,-110.93271078833095
4647.429182273448,4901.987956396752,-254.55877412330483
4657.111214343054,4658.1445033757,-1.0332890326462802
4644.122848396997,4891.872172072068,-247.74932367507063
4878.207310947007,4813.55404987552,64.65326107148667
4646.164656866517,4749.9701476141745,-103.80549074765713
4652.02835022299,3917.0639342675518,734.9644159554387
4640.347611657745,4866.4912369158665,-226.14362525812157
4657.177027571331,3962.3862030196797,694.790824551651
4662.382924217655,4787.711540038777,-125.32861582112128
4649.987113778534,4628.156110808694,21.831002969839574
4640.083547928644,4876.528336730158,-236.44478880151382
4846.105758090415,4823.691561199605,22.414196890810672
4629.989489748186,4785.950434707317,-155.96094495913076
4632.303349818117,4448.207485464796,184.0958643533204
4635.916243163055,3994.7100368318975,641.2062063311573
4640.109889258553,4747.933697478324,-107.8238082197704
4627.964974101262,4860.419480851914,-232.4545067506524
4645.700386962814,4811.501304521786,-165.80091755897138
4633.171300086311,4698.936332027044,-65.76503194073302
4626.381743411348,4690.894620891772,-64.51287748042432
3742.2880159043866,4687.244793210528,-944.9567773061412
3739.1275832223655,3967.7008649842996,-228.57328176193414
3734.762348644306,4673.122803092292,-938.3604544479863
3902.935893898978,3960.295832611906,-57.35993871292794
3902.5540803316017,4531.884511191035,-629.3304308594334
3904.347068987563,4871.251072382846,-966.9040033952833
3916.2349948994843,3983.562818217028,-67.32782331754379
3910.229572671277,4657.128924136658,-746.8993514653807
4800.1423029601865,4473.438503733545,326.7037992266414
4795.706204270442,4850.971582019475,-55.26537774903318
4781.968537934366,4637.920428757567,144.0481091767997
4796.153294415106,4893.696193362684,-97.54289894757858
4796.864519559308,4791.604175364451,5.260344194856771
4798.968707736542,4879.121171079063,-80.15246334252151
4783.120578929412,4767.382792254914,15.737786674497329
4803.092406786578,3968.352242002153,834.7401647844249
4729.380739360808,3968.371947413494,761.0087919473135
4728.052960457203,4833.202615206215,-105.14965474901237
4715.804776232999,4860.231070628532,-144.42629439553275
4703.308036005121,3940.13461426834,763.1734217367807
4730.867572825264,3919.7962808997454,811.0712919255184
4713.840655996677,4894.333356328729,-180.49270033205175
4718.930703712071,4799.049629979641,-80.11892626757071
4721.561942436034,3882.2844225173144,839.2775199187195
4716.345751911448,3909.0550819441846,807.2906699672635
3894.056078946942,4840.11793773353,-946.0618587865883
3900.5153408243646,3956.781065971049,-56.26572514668442
3889.376533317526,4822.8808833850435,-933.5043500675174
3901.969896316791,4779.3518193866785,-877.3819230698873
3917.649567156069,4890.609319739051,-972.9597525829818
4776.764016848467,4530.620850826038,246.1431660224289
4782.7294873421,4077.1338416443887,705.595645697711
4785.515488808599,4682.719439058476,102.79604975012262
4784.010739265077,4849.891193441055,-65.88045417597823
4773.884553721124,4839.108148551134,-65.22359483001037
4779.425071657489,4772.926374146102,6.498697511387036
4789.909718966164,4561.8968572077,228.01286175846417
4788.856730589551,4684.392063833333,104.46466675621832
4814.980778178685,4854.94401709957,-39.96323892088549
4815.227713379717,3966.6879732152365,848.5397401644805
4807.588682479445,4692.284981632208,115.30370084723745
4815.686958595383,4833.693658652218,-18.006700056835143
4825.41461201031,3778.6850732182043,1046.7295387921054
4813.623989404363,3767.9942365503894,1045.6297528539735
4814.0020900165255,3768.30152379888,1045.7005662176452
4814.413131795057,4887.864750714918,-73.45161891986118
3946.0055188480937,4832.218235439558,-886.2127165914644
4795.857803425395,4617.0362713505965,178.8215320747986
4800.472741555846,4874.1115393550235,-73.63879779917715
4812.0602360645335,4851.525858846428,-39.465622781894126
4811.082185468661,4707.105816012124,103.97636945653721
4818.197651756673,3976.2302541322174,841.9673976244553
4804.408145881632,4783.84520532923,20.562940552401415
4818.7543243351265,3964.5342956266654,854.2200287084611
4808.868531552678,4651.796121850466,157.0724097022121
4778.452960214106,4647.858117867573,130.59484234653246
4770.811888454827,4073.2081862644077,697.603702190419
4783.616621412516,4541.0968811253515,242.5197402871645
4777.544888705351,3903.717136345998,873.8277523593529
4781.125033315782,3961.4352116727496,819.6898216430327
4763.599022689788,4666.894001321199,96.70502136858977
4775.09999671254,3759.2424652328555,1015.8575314796844
4796.895888924509,4811.560775460491,-14.664886535982077
3903.775092744144,4821.130270623261,-917.355177879117
3895.191940382901,4335.955841907188,-440.7639015242871
3908.7309597970443,4651.775744041189,-743.0447842441445
3893.4460363442145,4838.535859505031,-945.0898231608166
3916.7429769463088,4639.890656947861,-723.1476800015525
3732.835485446274,4668.451300285856,-935.6158148395816
3735.65281544578,4892.818420521549,-1157.1656050757692
4538.0000549355545,4868.236938177227,-330.23688324167233
4514.478664059427,4777.193123911674,-262.7144598522473
4506.66637118168,3911.2874318690465,595.3789393126335
4528.343331139793,4866.099451307036,-337.75612016724335
4525.7041396551695,4861.331007054201,-335.62686739903165
4518.052716087579,4649.014738296725,-130.9620222091462
4537.987341979583,4868.915317838475,-330.92797585889184
4865.8256197448245,4767.510390208607,98.31522953621788
4871.041604318356,4860.764691166925,10.276913151430563
4859.319959317078,4845.195188131125,14.12477118595325
4421.536813521527,4886.736160187769,-465.1993466662425
4449.163273581159,4900.699354095969,-451.53608051481024
4425.579472050577,4846.100648860336,-420.5211768097588
4422.635942814136,4684.353251647769,-261.71730883363307
4863.00792009289,4784.836150739549,78.171769353341
4866.641022427352,4864.298092464276,2.3429299630761307
4859.17247378173,4570.604223848769,288.5682499329614
4857.975716669971,3894.725993794345,963.249722875626
3899.273468782039,3893.7497610205833,5.523707761455626
3893.3912551937938,4770.245469004031,-876.8542138102375
3908.245711593032,4698.148794625845,-789.9030830328129
3891.5058201682145,4809.164646392628,-917.6588262244136
4680.677212502098,4873.071395727,-192.394183224902
4684.909890336381,4830.457980149606,-145.54808981322458
4687.075904583091,3890.7588473109395,796.3170572721515
4687.90574840477,4710.975497678025,-23.069749273255184
4676.635764190603,4875.398697750478,-198.7629335598749
4687.820873584746,4655.655018762269,32.16585482247683
4680.201892360114,4833.289265111159,-153.08737275104522
4832.344649474802,4918.164394727429,-85.81974525262649
4823.74221506976,4655.039171822018,168.70304324774224
4490.627148216799,4814.946808507782,-324.31966029098385
4485.320845476714,4682.4960875550705,-197.17524207835686
4496.277381281691,4078.153606160663,418.1237751210283
4503.010046326696,3925.548678649761,577.4613676769354
4500.397260782202,4880.499262034124,-380.10200125192205
4839.732960541647,4767.708525287699,72.02443525394847
4843.457961775861,4787.492587099388,55.96537467647249
4830.4272326337805,4312.733054666583,517.6941779671979
4408.242650605074,4801.735326949362,-393.49267634428816
3739.4992093007304,3924.0370768096964,-184.53786750896597
3738.459499046478,4646.18281105952,-907.7233120130418
3742.2591992623966,4650.678566766867,-908.4193675044708
4636.460876434894,3770.23354891702,866.2273275178741
4630.813280438286,3980.2452671311207,650.5680133071651
4611.89557657084,4676.188853523854,-64.29327695301436
4634.985557869125,4911.229202789933,-276.24364492080804
4631.020167725253,3961.8898088758915,669.1303588493611
4628.578091033731,4683.319583600619,-54.741492566888155
4625.51130521525,4757.2563760707,-131.74507085544974
4619.589195078456,4565.19858888814,54.39060619031625
4869.590125044395,4852.21275937117,17.37736567322463
4644.122848396997,4689.1341943391335,-45.01134594213636
4633.80187701834,4524.316924502232,109.48495251610802
4652.02835022299,4873.298942258955,-221.2705920359649
4651.080488205544,4872.601387547203,-221.52089934165906
4662.382924217655,4896.365706194082,-233.98278197642685
4659.052931818122,4685.402428095116,-26.349496276994614
4644.023244197852,4884.691002209773,-240.66775801192034
4868.6948721741455,4896.887870178059,-28.19299800391309
4655.3810950778925,3762.852982662984,892.5281124149087
4652.9656116053475,3972.0604710925995,680.905140512748
4665.165238877653,3773.7386237400124,891.4266151376405
4644.829436070191,4900.160715726493,-255.33127965630229
4651.137328056094,3920.789846748375,730.3474813077187
4658.706740347259,4785.471819641226,-126.76507929396666
4649.798125840898,4882.352936879197,-232.5548110382988
4844.373489376723,4076.72436508603,767.6491242906932
4634.990226296376,3971.3003989543677,663.6898273420084
4617.370273439897,4431.524177220484,185.84609621941308
4631.04931691422,3896.3788655356207,734.6704513785994
4626.785827410378,4863.967871147671,-237.1820437372926
4636.320608757398,4827.294878445146,-190.97426968774835
4634.983266030757,4783.568969333479,-148.58570330272232
4641.619384591207,3967.219155297049,674.4002292941577
4639.780566527554,4856.555234350093,-216.7746678225394
3734.16875645624,3953.8583631208267,-219.6896066645868
3729.9042574718096,3752.6195422469486,-22.715284775139025
3734.5676831112523,3893.158983421712,-158.5913003104597
3901.276747341278,4686.3067835714455,-785.0300362301673
3886.395367374295,4830.149792942709,-943.7544255684138
3912.349080887028,4853.452622742651,-941.1035418556235
3890.489423843127,4811.85590193936,-921.3664780962326
3926.842385160972,4818.199839089077,-891.3574539281049
4787.507094041023,4842.195709614281,-54.688615573258176
4789.814078732301,4464.170807003719,325.64327172858157
4794.753816457633,4873.4507358562,-78.69691939856693
4785.226566125922,4896.819610776007,-111.59304465008518
4800.65279615872,4869.638257043889,-68.98546088516923
4787.425838278097,4818.345412629673,-30.919574351575648
4799.614194303686,4902.130917128447,-102.51672282476102
4807.061218671067,4460.386587629953,346.67463104111357
4739.6555559578555,3778.6850732182043,960.9704827396513
4719.040579834,3926.2374240728,792.8031557611998
4729.900634018607,4820.337001625984,-90.43636760737718
4731.367993319933,4866.527901482406,-135.15990816247358
4713.070622243977,3975.3151215511443,737.7555006928324
4718.973609301501,4843.507778001258,-124.53416869975717
4732.766328450069,4543.9803273892285,188.78600106084014
4720.090636213097,4826.007436761377,-105.91680054827975
4734.694975219381,4837.841536829185,-103.14656160980394
3905.427579258951,3927.6068443729555,-22.179265114004465
3903.1954287777903,4551.362588948282,-648.1671601704916
3888.6297556616605,4760.681046770423,-872.0512911087621
3884.9393104503074,4687.233812524161,-802.2945020738539
3888.7969617789563,4678.752391006141,-789.9554292271846
4777.160718386832,4734.248742772525,42.911975614307266
4776.403039504478,4773.048390307543,3.3546491969354975
4772.152911359262,4557.733909976936,214.41900138232631
4780.515276611352,4862.197120915328,-81.6818443039756
4778.755300085617,3954.861317614681,823.893982470936
4791.494861347701,4566.7819747295625,224.71288661813833
4767.225044375551,3911.2874318690465,855.9376125065046
4783.04877979307,4538.254983383019,244.79379641005107
4804.791387643338,4687.156889402753,117.63449824058443
4811.352494147682,4780.648875050551,30.703619097130286
4818.917896032169,4859.63160446182,-40.71370842965098
4814.068052970976,4854.468865734827,-40.40081276385081
4827.124961324319,4806.379472472756,20.745488851563096
4801.991413865982,4439.248307042995,362.7431068229871
4808.012630685181,4836.691708979589,-28.6790782944081
4817.741156967135,4471.268678575127,346.47247839200827
3948.011796591061,3894.725993794345,53.28580279671587
4803.315413058333,4672.341377285971,130.97403577236219
4812.00949481223,4892.313155913054,-80.30366110082468
4818.069173947959,4869.33580630573,-51.266632357771414
4811.886100446384,3901.5652264592914,910.3208739870929
4814.939629615792,4555.41949218674,259.52013742905183
4800.6268220950105,4771.936948445848,28.68987364916211
4808.9873122082645,4882.272381125845,-73.28506891758025
4820.694415309715,4849.341717237575,-28.6473019278601
4771.341776104578,3919.747824623995,851.5939514805827
4763.850745315322,4853.438317272596,-89.58757195727412
4778.234144912251,4687.970000791096,90.26414412115537
4781.916816944976,4784.898051816405,-2.9812348714294785
4782.835640311654,4083.4396316046186,699.3960087070354
4778.224255986155,3964.8584968709024,813.3657591152528
4773.887853366352,3971.8010402565947,802.0868131097573
4778.815579807278,4536.326203026779,242.4893767804988
3910.164437496749,4738.634813907713,-828.4703764109636
3913.9059829681823,3910.706566223662,3.1994167445204766
3917.7644677395883,3913.2806890124466,4.4837787271417255
3907.717438822384,4780.087984750263,-872.370545927879
3914.81358321678,4782.103143792457,-867.2895605756767
3738.3609568842594,4887.237084880665,-1148.8761279964056
3752.3782503421576,3909.1563904223026,-156.77814008014502
4518.1157340838035,3913.7005942894507,604.4151397943529
4509.437011331481,4766.79205284146,-257.35504150997895
4517.626193933869,4624.833054714696,-107.2068607808269
4514.400782230546,4077.0503531539703,437.35042907657544
4522.579647808285,4797.978794665608,-275.3991468573231
4525.858097896083,4857.120060659593,-331.2619627635104
4522.152097612731,4857.242404942323,-335.0903073295922
4867.897634448292,4769.6587459958455,98.23888845244619
4858.469363117714,4690.219070352346,168.2502927653686
4873.907777937451,3900.919482972248,972.9882949652033
4428.477895577661,4884.920416377403,-456.44252079974194
4428.411061534301,4848.639202801295,-420.2281412669945
4411.323043401436,4661.398562920077,-250.07551951864116
4433.531200146461,4853.425642991775,-419.8944428453142
4867.851714438413,4781.855643471726,85.99607096668751
4857.5048327742,3990.679704006422,866.8251287677776
4869.864503868839,4888.771530428238,-18.907026559399128
4861.445125801403,3973.6779192258855,887.7672065755178
3903.5544837115044,4563.46166982745,-659.9071861159459
3906.955719430816,3765.4406141330987,141.51510529771713
3904.045284003452,4536.954382640073,-632.9090986366214
3901.98967047112,4842.480060033645,-940.4903895625248
4680.3956547731395,4650.523030417108,29.872624356031338
4690.038802360681,4782.915478169735,-92.87667580905418
4690.09878715502,4819.855829866649,-129.75704271162977
4682.796254225283,3896.1080223651666,786.688231860116
4689.29508049407,4743.2801400789995,-53.98505958492933
4678.918768618478,4892.000427041314,-213.08165842283597
4673.501637496469,4550.106834737747,123.39480275872211
4825.1728631596125,4900.305931940059,-75.13306878044659
4816.748347805957,4649.602795783727,167.14555202222982
4498.318995405433,4824.152021661112,-325.8330262556783
4484.687062663289,4061.2249570808076,423.4621055824814
4509.302500407029,4854.904469215898,-345.60196880886906
4503.717236261868,4816.319484496183,-312.6022482343151
4500.963903525513,4698.768233280692,-197.80432975517851
4831.310335855588,3923.864126240565,907.4462096150232
4832.999352468182,4846.103222214886,-13.103869746703822
4838.452151898005,4696.93376184605,141.51839005195416
4396.407787377568,4072.7563049402406,323.6514824373271
3739.4992093007304,4621.925553342715,-882.4263440419845
3740.0746743670757,4698.36976308602,-958.295088718944
3740.508593611885,4846.80850902295,-1106.2999154110648
4630.813280438286,4801.773661653068,-170.9603812147825
4635.69191714542,4082.5450702780117,553.1468468674084
4635.470711031983,4346.681922167104,288.7887888648793
4628.578091033731,4311.846606541702,316.73148449202836
4632.802271855851,3925.23073578746,707.5715360683912
4627.964330358608,4774.811130031856,-146.84679967324792
4624.657996482158,4842.5007121324015,-217.84271565024392
4626.699804951679,4843.080859685154,-216.38105473347514
4854.57445778466,4837.04478265146,17.529675133199817
4662.382924217655,4008.483705642351,653.8992185753041
4640.0835479286425,4891.4154114465855,-251.33186351794302
4649.454341663025,4776.422498499359,-126.96815683633395
4655.381095077893,4346.699475185965,308.6816198919287
4647.4298260161,3900.919116780904,746.5107092351964
4652.63615200115,3994.5459203057717,658.090231695378
4651.137328056094,4869.01593300869,-217.8786049525961
4862.661987915737,4808.734600249158,53.92738766657931
4649.38876935984,4576.370406850126,73.01836250971428
4654.455078211215,4562.547741241193,91.90733697002179
4656.6062362642315,4340.87241594151,315.73382032272184
4638.634289283969,4837.196688397069,-198.56239911309967
4655.785460672237,4350.763728540123,305.02173213211336
4641.401543971019,3987.0788695119786,654.3226744590406
4657.146795948301,4855.231866437872,-198.08507048957108
4842.970969602468,4534.503424126651,308.46754547581713
4637.993613933284,4780.628266799955,-142.63465286667088
4628.247285224558,4822.477715551719,-194.23043032716032
4611.612913099742,4608.060453091576,3.5524600081662356
4627.074007544,4649.161708781988,-22.087701237987858
4633.515993752367,3888.6896544665587,744.826339285808
4621.875758881606,4889.415356782532,-267.5395979009263
4636.060030502054,4763.705452625801,-127.64542212374636
4624.137164570164,4681.637993363859,-57.50082879369529
3752.8128845877864,4650.050228719123,-897.2373441313366
3749.981899297973,4005.0414650349207,-255.05956573694766
3745.5065535125655,4881.733353978535,-1136.2268004659695
3921.8912564515763,4000.514548753211,-78.62329230163459
3908.4655995628355,4579.599228213194,-671.1336286503583
3897.3337275330305,4866.630493965299,-969.2967664322687
3896.9635110900267,4777.492594472394,-880.5290833823669
3906.7931100717133,3963.570368741877,-56.77725867016352
4788.794626805601,4647.982257725311,140.8123690802904
4793.255012476647,4859.691222445371,-66.43620996872414
4781.554965647382,4629.532386646221,152.02257900116092
4788.287965897906,3917.4851797631854,870.8027861347209
4774.342099882344,4828.906762751613,-54.56466286926934
4807.638966117064,4811.560775460491,-3.921809343426503
4784.095015711283,4643.285845878472,140.80916983281077
4782.895988551818,4835.812186294822,-52.91619774300398
4712.662331779291,3754.7052485987765,957.9570831805145
4739.565842118458,3941.645607768551,797.9202343499069
4708.554584591686,3753.771434746772,954.7831498449141
4724.465607850641,3924.155569469172,800.3100383814694
4741.007200925248,4867.782231133371,-126.7750302081231
4732.190355890624,4807.772593087106,-75.5822371964814
4713.66015035226,4817.915583350788,-104.2554329985287
4720.838675940878,4462.055033840069,258.7836421008087
4733.630217006263,4814.296571475026,-80.66635446876353
3902.465002119211,4819.189193151804,-916.7241910325929
3897.905573920855,3987.7558197227168,-89.85024580186155
3906.8778167318483,4851.447066656777,-944.5692499249285
3896.8756080970315,3952.979213896985,-56.103605799953584
3910.139165697166,4792.601247990689,-882.4620822935235
4774.2702258264235,3687.355463023135,1086.9147628032883
4777.836353995932,4844.141981221754,-66.30562722582181
4785.735384636087,3919.9940126612137,865.7413719748729
4763.850745315319,3953.0026209697753,810.8481243455435
4785.24046207621,4852.859428103892,-67.61896602768229
4787.529983894021,3932.367702127314,855.1622817667071
4778.224255986154,4771.071287975043,7.152968011111625
4793.940427963279,4858.1214559466525,-64.1810279833735
4800.898235596879,4816.33148122781,-15.433245630931197
4816.648220611322,4694.847716774835,121.80050383648722
4810.275475189901,4851.430008143868,-41.154532953966736
4817.024266250938,4835.787386999678,-18.76312074874022
4809.707346971944,4822.985692322408,-13.278345350463496
4808.140015159929,4777.722331375079,30.41768378484994
4814.437376983691,4852.688812082133,-38.251435098442016
4803.900801231805,4858.77712324474,-54.87632201293491
3949.073224792487,3921.0879751654747,27.98524962701231
4805.275367581991,4557.156066409842,248.11930117214888
4807.487154449892,4639.020645560391,168.4665088895008
4786.903665307858,4658.060749076246,128.84291623161243
4811.494196381658,3994.024263541166,817.4699328404922
4810.541395821346,4861.4330006597565,-50.891604838410785
4803.416882551682,4900.634989113646,-97.2181065619643
4814.913370211834,3930.735736247725,884.1776339641092
4812.856425030702,4806.213339159896,6.6430858708054075
4773.3450489226525,3893.8569143927666,879.4881345298859
4783.377366901243,4651.973176486364,131.40419041487894
4778.085582932881,4877.32437089127,-99.23878795838846
4781.5353795456085,4861.025312614104,-79.4899330684957
4772.078535676359,4640.242753313595,131.8357823627639
4780.155712018733,4857.289247740746,-77.13353572201322
4798.662223635793,4875.994239428153,-77.33201579235993
4778.2476851560095,4854.373908819378,-76.12622366336836
3912.101868068678,4822.589746128098,-910.4878780594204
3903.9541419578563,4540.212677773522,-636.2585358156657
3909.8860537146143,3989.95349512506,-80.06744141044555
3900.2467938100417,3991.232030851628,-90.98523704158652
3910.412856478233,4784.587482602747,-874.1746261245135
3736.289320208487,3879.7119638236004,-143.42264361511343
3744.1044256198265,3960.5303605405297,-216.42593492070318
4519.166442898885,3895.259208979111,623.9072339197742
4521.778882195101,4335.998608606414,185.78027358868712
4524.970640053518,4350.735586543112,174.23505351040603
4523.201470414453,4892.631607333631,-369.43013691917804
4520.738827136316,4760.136003041111,-239.3971759047945
4523.9899629142255,4858.817261501622,-334.8272985873964
4539.282028456861,4722.3458372789555,-183.06380882209487
4859.118720369927,4836.0078501563585,23.110870213568887
4867.326932408301,4821.252559619558,46.07437278874295
4866.318629966216,3904.235182476835,962.0834474893809
4441.413146019374,4541.229507270661,-99.81636125128716
4425.3726037125425,4825.6271246087645,-400.25452089622195
4429.02402579915,4824.849279431928,-395.8252536327782
4436.866706527139,4558.85657915828,-121.98987263114032
4864.970102989462,4850.897071376725,14.073031612737395
4866.632163827469,4840.510944255019,26.121219572450173
4864.823989142092,4786.340349339143,78.48363980294835
4871.831569517845,4001.166176949273,870.6653925685723
3911.801932422217,4794.876440055982,-883.0745076337653
3906.6043025597023,4084.1210691354177,-177.51676657571534
3916.546509575522,4092.7232487613164,-176.1767391857943
3914.4219001634197,4859.0742604175175,-944.6523602540979
4677.482344619421,4699.443407795168,-21.961063175746858
4679.68135029157,3760.323436961888,919.3579133296821
4682.260994387125,4704.467810577443,-22.206816190318023
4694.278259980622,3934.2197603653344,760.0584996152879
4669.711415820306,4527.66316892552,142.04824689478573
4693.5712081520915,4836.682529174103,-143.1113210220119
4685.776190566858,3763.3097440500524,922.4664465168053
4818.155964827667,3766.9158925537035,1051.2400722739635
4831.375115177382,4576.022451772717,255.35266340466478
4496.436162661259,4644.721914915044,-148.28575225378518
4493.7834651209505,4852.778426476237,-358.99496135528625
4492.084691516445,3966.5440148594125,525.5406766570322
4508.700243433955,4915.505956401145,-406.80571296719063
4507.4950717601705,4844.557944916435,-337.0628731562647
4833.895622827101,4824.594302370558,9.30132045654318
4832.984747019183,4871.502952441366,-38.5182054221832
4841.725493890827,4860.768536625677,-19.043042734850133
4404.203977673342,4842.931160524428,-438.7271828510866
3739.4992093007304,4895.331900766514,-1155.8326914657837
3756.1474765637327,4789.274212780191,-1033.1267362164585
3746.081402452173,4560.624648993764,-814.5432465415911
4611.89557657084,4830.071861227888,-218.1762846570482
4635.470711031983,4745.065879266617,-109.595168234634
4633.029419346664,3864.3708439770503,768.658575369614
4619.589195078456,4892.54236567087,-272.9531705924137
4630.198183466924,4854.884358239287,-224.6861747723633
4626.699804951679,3960.703670086849,665.9961348648299
4631.615636290705,4338.348021388024,293.2676149026811
4630.522261863694,4851.942278014568,-221.42001615087338
4845.186016690992,4866.868278288967,-21.682261597975412
4655.381095077893,4816.407097018247,-161.02600194035404
4651.227744992546,4084.0641117190653,567.1636332734806
4645.846595326186,4648.3999609338025,-2.553365607616797
4658.70674034726,4686.370169487426,-27.663429140166045
4649.38876935984,3765.169316458482,884.2194529013577
4646.510740561256,4834.611728040608,-188.10098747935172
4650.514168829059,4778.295035344655,-127.78086651559624
4867.640971883869,4544.837282683053,322.8036892008158
4641.401543971019,3952.7259411318078,688.6756028392115
4659.245418442391,4559.415523699167,99.82989474322403
4631.367398357801,4634.546476412817,-3.1790780550163618
4641.204128051138,4769.21082789021,-128.0066998390721
4631.077765014581,3891.1554501832793,739.9223148313017
4644.564046669482,4842.449587057533,-197.88554038805069
4660.493580940692,4567.511544867713,92.98203607297819
4848.081293401352,4847.309394963512,0.771898437839809
4624.137164570164,3918.783997209295,705.3531673608686
4623.825591440321,4820.458141947554,-196.63255050723365
4637.304169684168,4869.930803268595,-232.6266335844266
4635.495489836057,4879.7499317437,-244.254441907643
4633.119031786343,3905.0093448180096,728.1096869683333
4638.702229054498,4660.364311584012,-21.66208252951401
4633.163808920988,4649.810079940655,-16.64627101966653
4657.461244174089,4580.2113159232185,77.24992825087065
3748.087580651641,4552.805580855507,-804.7180002038663
3747.527842782873,4810.981625014399,-1063.4537822315256
3748.6544376028764,3926.982144654988,-178.3277070521117
3889.909852304557,4758.573725192613,-868.6638728880562
3896.3048309085025,4642.408131187229,-746.1033002787262
3901.4475929859354,3957.030774205923,-55.58318121998764
3899.419564619332,4647.990689928401,-748.5711253090685
3902.2979518891616,4682.946253414086,-780.6483015249241
4797.08259709434,4798.248788093094,-1.1661909987542458
4795.738975071649,3921.0181637643154,874.7208113073339
4791.582731954861,3769.6037253403356,1021.9790066145251
4807.1347204164,3916.2765548772727,890.8581655391276
4792.399111609149,4877.063006052091,-84.66389444294146
4790.526575327369,4627.824972148906,162.7016031784624
4775.692734857829,4805.775033773555,-30.082298915725914
4802.455654871927,4823.817211616142,-21.361556744214795
4726.554464711047,4854.321426250006,-127.76696153895864
4733.569459982808,4007.804971265936,725.7644887168726
4734.075622673289,4897.408826885951,-163.33320421266217
4729.288773787961,4822.9312659941215,-93.64249220616057
4723.084560568347,4908.455290599907,-185.37073003156002
4724.679738803791,4899.052618918201,-174.37288011440978
4727.287569326084,4792.0029009919435,-64.7153316658596
4723.317562621541,4787.894469962456,-64.57690734091557
4745.555317628916,4786.24070671397,-40.68538908505434
3897.9983649821406,4538.71231896247,-640.7139539803293
3889.0232511458303,4811.619244175699,-922.5959930298691
3911.222354413729,4696.391680890287,-785.1693264765577
3910.9285300262236,4555.865083050179,-644.9365530239556
3886.876215378772,4778.856132504028,-891.9799171252562
4784.47963639035,4859.46476882619,-74.98513243584057
4775.084314344321,4523.649978433976,251.434335910345
4760.547069039271,3744.613006675114,1015.9340623641574
4795.427473382678,4709.386634866994,86.04083851568339
4788.098582069341,4906.334230647942,-118.23564857860038
4780.144721547685,4800.776635962072,-20.63191441438721
4786.499828762115,4644.570804335198,141.92902442691684
4775.141627250369,4828.826999506002,-53.6853722556325
4789.379746559649,4610.666010460003,178.71373609964576
4815.753457051783,4632.8035533395605,182.9499037122223
4798.435131944947,4618.152244196085,180.28288774886187
4818.585854980795,4584.20795075654,234.37790422425496
4814.089845059427,4707.508045514909,106.58179954451771
4810.331719455515,3982.1270195839593,828.2046998715555
4803.371931791457,4646.924268485331,156.44766330612674
4813.522628994525,4533.40607248946,280.1165565050651
3959.017250578778,4748.977815899664,-789.960565320886
4815.030678934793,4885.527595453897,-70.49691651910416
4810.0294720231705,4651.328207296692,158.70126472647826
4824.060160856013,4698.743874702733,125.31628615328009
4817.337984406225,4003.6543865744698,813.6835978317549
4802.030641389381,4841.448928954693,-39.4182875653114
4810.524670371673,4797.689347570886,12.835322800787253
4799.321646739343,4768.5712378559165,30.750408883426644
4815.261803183886,4878.343597512401,-63.08179432851557
4799.107921367951,4643.96333915826,155.14458220969118
4787.838325411442,4634.484246582978,153.35407882846448
4794.546967730735,4088.6400790628104,705.9068886679242
4776.474750348293,3970.1781777445517,806.2965726037414
4790.949518066939,4858.809614041759,-67.86009597482007
4783.618217313166,3765.5237044500664,1018.0945128630992
4782.159663639708,4469.1648851289,312.9947785108079
4803.758641176145,4870.20309207162,-66.4444508954748
3903.3382066401127,4624.747281468379,-721.4090748282661
3905.2364076985186,4631.435794777508,-726.1993870789893
3917.180113738106,4669.202791257863,-752.0226775197575
3898.900421165306,4696.393990092821,-797.4935689275148
3898.528497578354,3966.375960381868,-67.84746280351419
3745.021739341015,4651.363495176392,-906.3417558353767
3743.6080505936657,4875.375616953418,-1131.7675663597524
4538.188675843038,4667.1850679763675,-128.9963921333292
4515.77687111393,4646.1047541079615,-130.32788299403182
4520.07115449173,4676.251711621746,-156.1805571300156
4512.487900948976,3891.016118982291,621.4717819666848
4529.748762639111,3926.293584910105,603.4551777290062
4515.0079757343865,4732.520048906312,-217.5120731719253
4527.143034616961,4823.992071656404,-296.8490370394429
4861.394851128602,4823.227637613058,38.16721351554406
4863.117316455288,4544.671256077216,318.4460603780726
4857.718159132219,4795.116387253977,62.60177187824138
4428.712377833136,4080.179555811659,348.53282202147693
4418.673836809872,4752.331112983803,-333.65727617393077
4432.992701813694,4781.101069715792,-348.1083679020976
4428.313750890345,4567.209791906612,-138.8960410162672
4864.688812092287,4654.107210542923,210.58160154936377
4865.860453571022,4650.601037981573,215.2594155894485
4864.462502818605,4816.017650414362,48.44485240424274
4868.530085713014,4832.889949962187,35.64013575082754
3922.6523264299376,4567.825118480948,-645.1727920510102
3905.379124706639,4801.594744956869,-896.2156202502306
3904.4511212574093,3925.5289280422003,-21.077806784790937
3923.4794963401732,3916.7213744829664,6.758121857206788
4688.745143152131,4794.09201074,-105.34686758786847
4672.341898914626,4802.804325934956,-130.46242702033032
4668.325414523159,4723.993703752818,-55.66828922965851
4675.843076800053,3948.8764366356954,726.9666401643572
4689.423134296049,4683.967560067223,5.455574228826663
4681.99139360668,4813.051356727978,-131.0599631212981
4684.748313433533,4837.865790573682,-153.11747714014837
4812.288712116481,4818.048497537565,-5.759785421083507
4822.445872212616,3927.8771037633546,894.5687684492618
4506.74276879151,3902.1388767780345,604.6038920134752
4492.706462105744,3945.187132970333,547.5193291354112
4503.863349419424,4878.56609263086,-374.7027432114364
4485.170349593587,4787.641764811451,-302.471415217864
4497.666797212629,4772.304406420915,-274.63760920828645
4818.030422672599,4846.43415455424,-28.40373188164085
4820.095677537922,4867.2397688001065,-47.1440912621847
4830.936913684174,4845.067453984905,-14.1305403007309
4400.438759313884,4461.645929249868,-61.207169935983984
3739.4992093007304,4788.601847737646,-1049.1026384369152
3742.2591992623966,3970.349292201206,-228.09009293880945
3738.61896861793,4686.713801614016,-948.0948329960861
4634.985557869125,4781.105588196727,-146.12003032760185
4628.578091033731,3953.1820119185727,675.396079115158
4619.589195078456,4692.89945406416,-73.31025898570351
4624.657996482158,3960.911005935645,663.7469905465127
4632.563498308151,4827.861702287532,-195.29820397938147
4642.918072302816,4895.245655146034,-252.3275828432179
4624.558392283014,4798.885352946816,-174.3269606638023
4635.916243163054,4790.410012509432,-154.49376934637803
4878.764706911511,4918.160067200153,-39.39536028864222
4651.137328056094,4557.428057912191,93.70927014390236
4649.798125840897,4558.847747074353,90.95037876654442
4654.455078211215,4453.52980010715,200.925278104065
4650.514168829059,3966.6207731651843,683.8933956638743
4655.785460672237,3976.0695462782605,679.7159143939762
4661.084236506046,4664.030609560639,-2.9463730545930957
4641.724587260062,4839.733284467898,-198.0086972078352
4858.038594791631,4878.600792874773,-20.562198083141993
4631.077765014581,4757.3649611466535,-126.2871961320725
4634.400173712055,4833.805726193136,-199.40555248108103
4641.340610796445,3967.5929488318343,673.7476619646104
4651.617944082188,4076.8071293778307,574.8108147043572
4660.834740006045,3904.026056571649,756.8086834343958
4656.769021599006,4794.455635249052,-137.68661365004573
4664.736478505599,4814.0816359842065,-149.3451574786077
4857.0668273880765,4828.5741572388915,28.49267014918496
4622.686692876884,4668.863008110638,-46.176315233753485
4641.570495029049,4891.313607017786,-249.74311198873693
4630.717625528093,4315.089650842555,315.627974685538
4631.918257132985,4651.935812635986,-20.01755550300095
4611.188528912724,4759.929398670221,-148.74086975749742
4626.718342000804,4648.536922796922,-21.818580796118113
4621.832720684735,4826.132755378637,-204.30003469390158
4628.857496001148,4867.006502997028,-238.14900699587997
3731.3693188435245,4821.265387609039,-1089.8960687655144
3736.611501988354,4793.972581187886,-1057.361079199532
3738.7017136083264,4837.622450062476,-1098.9207364541494
3925.9023319426656,4867.76535688853,-941.8630249458643
3901.8703285957663,3758.216123148373,143.65420544739345
3899.3400052759966,3953.4558068090523,-54.115801533055674
3907.9907072574492,4652.759150068882,-744.768442811433
3905.685161903224,4693.977093181181,-788.2919312779568
4785.013303018979,4697.598809721329,87.41449329764964
4805.080896233685,4561.556938213703,243.52395801998227
4774.593822507875,4795.008941298193,-20.415118790318047
4792.659894137531,4075.5080512258482,717.1518429116832
4788.967333178711,4771.071287975043,17.89604520366811
4789.558656999833,4773.193636210245,16.365020789588016
4801.034701535293,4888.551740751241,-87.51703921594799
4794.541399102212,4655.240207502965,139.30119159924743
4724.158431654808,4777.982608702581,-53.824177047773446
4718.192068239523,4772.207784998046,-54.01571675852301
4719.388303455355,4537.073225951205,182.31507750414949
4724.20196913973,4629.210365540109,94.99160359962116
4722.974656673441,4777.26807135534,-54.29341468189887
4719.707561445304,4774.324893789537,-54.617332344232636
4724.381949834034,4780.016208611371,-55.63425877733789
4707.020281117976,4524.840120575205,182.18016054277086
4741.251232843311,4756.942037760343,-15.690804917031528
3906.6211801804147,3928.468046745228,-21.846866564813354
3902.1865888503207,3921.0621236710704,-18.875534820749635
3902.677389142268,4863.977434728768,-961.3000455864994
3899.817507160122,4857.289247740746,-957.4717405806236
3909.8118711425604,4783.921829650953,-874.109958508393
4790.929542129889,4903.057246911508,-112.12770478161838
4774.3879713644,4754.27341774046,20.114553623940083
4778.741517372282,4793.822424945863,-15.080907573580589
4762.842207181546,4828.573999862481,-65.73179268093554
4783.672875754584,3960.5303605405297,823.1425152140546
4779.107359207961,4702.598838750374,76.50852045758711
4786.249175250379,4781.1800544755915,5.069120774787734
4791.778177126447,3938.216260028449,853.561917097998
4810.2785314463035,3962.211841656936,848.0666897893675
4815.261803183886,4783.266245621993,31.995557561892383
4815.203224122115,4784.338550298616,30.864673823499288
4798.768708949579,4816.266590377208,-17.497881427628272
4807.1389857396,4733.81427579568,73.32470994391952
4811.943678862699,4764.2113246938425,47.732354168856546
4809.974813581753,4828.806562259215,-18.8317486774622
4807.595663650681,3905.5066390931415,902.0890245575392
3959.8264989135178,4896.17089307315,-936.3443941596324
4794.038192751264,4788.496854932698,5.541337818566717
4814.402340188663,4829.261478158419,-14.859137969755466
4810.07887206087,4891.911541724354,-81.83266966348401
4805.643104783148,3954.995938507696,850.6471662754525
4802.327825937755,4820.5392526267115,-18.211426688956635
4795.0604469342215,4762.416216039394,32.64423089482716
4822.149012266566,4706.412930672804,115.73608159376272
4806.5057306625795,4005.620242813141,800.8854878494385
4791.5499657401115,4661.54880075914,130.00116498097123
4772.348928499422,3919.4163157898124,852.9326127096097
4782.307074349828,4082.7950462075682,699.5120281422601
4789.407566582589,4803.906650005769,-14.4990834231794
4784.637011900513,4334.954072001362,449.6829398991513
4789.522517243201,4658.592591009539,130.92992623366172
4778.597011957369,4673.109462723901,105.4875492334686
4779.93689289975,4825.5701801172145,-45.633287217464385
3891.7285416360364,4813.048699980915,-921.320158344879
3906.807583197245,4778.9326363519285,-872.1250531546834
3908.5834298005643,3931.6215073533867,-23.038077552822415
3902.581699971902,4841.265294743468,-938.6835947715663
3919.2866599888075,3777.7051837112,141.58147627760763
3735.695447378418,3921.186206574963,-185.4907591965448
3741.9173021855845,4641.51806871279,-899.6007665272059
4520.921650940079,4531.753960349418,-10.83230940933845
4508.097083543209,4881.346750052702,-373.2496665094932
4513.06414314112,4877.341140709817,-364.27699756869697
4515.704049471641,4442.220285757346,73.48376371429549
4528.963598796948,4782.864720471559,-253.9011216746112
4497.943926335409,4850.289818407467,-352.3458920720577
4525.880804867075,4791.401477374135,-265.5206725070593
4848.875940872446,4836.044435973114,12.831504899332685
4862.330073931556,4778.645074704814,83.68499922674255
4854.013804810294,3885.8265274223804,968.1872773879131
4438.030760440705,4853.216620526359,-415.185860085654
4426.763047531113,4771.188251716751,-344.425204185638
4426.720016878916,4785.062350428962,-358.34233355004653
4412.8726656568,3956.2109750793215,456.6616905774781
4860.085822712848,4648.105057301387,211.9807654114611
4865.026111312884,4837.750511845588,27.27559946729525
4847.036818968684,4625.8439637819865,221.19285518669767
4864.878933601658,4084.3589861909327,780.5199474107253
3900.507665971781,4888.229918109584,-987.722252137803
3904.65902887954,4332.190485615523,-427.5314567359833
3901.261843125421,4816.81366079749,-915.5518176720693
3909.295968791824,4655.12142309825,-745.8254543064254
4697.363305588262,4801.034803781158,-103.67149819289625
4679.894525934053,4800.897058919936,-121.00253298588359
4685.564369988211,3961.6344793762123,723.9298906119989
4699.316461739582,4461.78796299228,237.52849874730236
4698.819503422748,4565.493817544087,133.32568587866172
4683.3036689059345,4530.534986378081,152.76868252785334
4684.0326401203,4890.271574220068,-206.2389340997679
4829.660870074945,4864.299303970833,-34.63843389588783
4809.462599242236,4838.450024730926,-28.98742548868995
4496.057574501213,4818.962005813716,-322.9044313125032
4506.4418434715235,4856.508789965172,-350.0669464936482
4495.546274194306,4648.964756529466,-153.41848233516066
4508.473745631773,4699.084964238539,-190.61121860676576
4507.959692864909,4805.793769388105,-297.834076523196
4823.579429359326,4870.017621033539,-46.43819167421316
4840.972411993029,4712.457775555677,128.51463643735224
4828.53192767031,3918.491236995991,910.0406906743192
4408.989090658937,4737.84310582876,-328.85401516982256
3739.4992093007304,4644.016062460227,-904.5168531594963
3744.0096545661086,4693.961902578365,-949.9522480122564
3741.983542705519,4898.3009766187315,-1156.3174339132124
4631.020167725253,3961.8898088758915,669.1303588493611
4632.802271855851,4798.380663838532,-165.57839198268084
4630.198183466924,4688.170439054722,-57.97225558779792
4632.563498308151,4652.934636114858,-20.37113780670734
4621.405486845643,4642.39385149497,-20.988364649326286
4629.989489748187,4649.387747413506,-19.39825766531885
4633.500759690508,4780.701610887534,-147.20085119702617
4626.38174341135,4688.385235712604,-62.00349230125448
4868.250984535441,3894.4999180253,973.7510665101408
4654.455078211215,4856.115158727654,-201.66008051643894
4658.759042014723,4703.6396763909515,-44.880634376228954
4653.957678374355,4795.123717330436,-141.16603895608114
4659.245418442391,4088.191253413859,571.0541650285322
4657.458465848122,4084.453633908379,573.0048319397429
4652.829591067162,4080.974969961362,571.8546211058001
4634.400173712056,4637.349995135176,-2.949821423119829
4867.017690661387,4700.652927276998,166.36476338438933
4643.602016485002,3892.507705862771,751.0943106222312
4645.633085538249,4863.649407043095,-218.01632150484602
4655.2618942462595,4655.141993189539,0.1199010567206642
4640.583245296144,4303.287779682027,337.29546561411735
4642.151544791722,4854.646687440184,-212.4951426484622
4676.926096088927,3949.6972845853124,727.2288115036145
4647.533630444738,4845.351154136593,-197.81752369185506
4832.879847370609,4830.957581831573,1.922265539035834
4642.345361462379,3776.7153610679115,865.6300003944671
4632.092986852728,4856.798914083049,-224.7059272303204
4628.857496001148,4774.469596500491,-145.6121004993429
4616.74491063839,4812.574910523583,-195.8299998851926
4648.071298348643,4805.915806641445,-157.84450829280195
4637.701136707014,4080.9792006820053,556.7219360250083
4623.090398722066,4819.068913674413,-195.9785149523468
4631.0420500744885,4677.476830679228,-46.4347806047399
3746.4604654368854,4680.615984965438,-934.1555195285523
3744.2895273870226,4691.572410667751,-947.2828832807281
3744.5260900003136,4762.287165929421,-1017.7610759291069
3896.959717139092,4870.51988215142,-973.5601650123276
3907.3875649060196,4749.676423231928,-842.2888583259087
3910.750510480058,4824.034336145062,-913.2838256650043
3901.8961176055373,3923.0809854551135,-21.18486784957622
3918.8359199937045,4919.163010213593,-1000.3270902198888
4801.410747174906,4544.535446933528,256.8753002413778
4802.2835873278045,3893.063710557084,909.2198767707205
4807.020390061979,4909.376264246791,-102.35587418481191
4801.016532396332,4683.411218413523,117.6053139828091
4791.87363537386,4825.745860561164,-33.87222518730323
4785.411628450489,4556.425497169023,228.98613128146553
4798.841659261897,4885.027529031231,-86.1858697693342
4798.305775931868,4744.796056630019,53.509719301849145
4715.18914741479,4696.258253341674,18.93089407311527
4725.244019739584,4739.682890930002,-14.438871190418467
4724.413261435725,4644.41197020681,80.00129122891485
4731.275531674193,4868.678358193084,-137.40282651889083
4718.36001945835,4843.376939313785,-125.01691985543584
4718.397328746436,4460.374844854424,258.02248389201213
4720.948517816076,4795.46819478973,-74.51967697365399
4713.66146240695,4433.322348544047,280.3391138629031
4737.186868116727,3928.547956682441,808.638911434286
3916.788760041537,3932.382463136345,-15.593703094808006
3887.5092102675967,4837.740531130678,-950.2313208630817
3910.7597839518785,4659.152563210364,-748.3927792584855
3915.2184860594266,4666.375135298134,-751.1566492387078
3913.138267714087,3920.5710217856836,-7.432754071596719
4772.412112680991,4642.962311706456,129.44980097453572
4774.283941873222,4819.667794009562,-45.383852136340465
4786.230232725816,4864.589234785962,-78.35900206014594
4787.670723209415,4584.389723301473,203.2809999079418
4803.758641176146,4662.595751575846,141.16288960029942
4776.1831848368265,4635.562493463091,140.6206913737351
4788.045743920076,4784.779027469841,3.2667164502354353
4777.47002146618,4544.227250142704,233.2427713234756
4816.443312389721,3936.630039986809,879.8132724029115
4810.915182172248,4828.316397037895,-17.40121486564658
4817.631764911208,4650.179892168562,167.45187274264572
4809.689531691117,4897.877279583169,-88.18774789205236
4817.9065620086985,4747.285639520254,70.6209224884442
4806.245018695406,4636.631340470617,169.6136782247886
4817.068670385564,4774.441287866821,42.62738251874271
4821.615917437738,3911.66290847185,909.9530089658879
3960.094260069795,4901.032276034112,-940.9380159643174
4803.263046675547,4784.455296904506,18.807749771041017
4806.293489168337,4857.066724498372,-50.77323533003528
4808.251978975776,4343.734741774198,464.5172372015786
4794.503245552243,4063.497984999961,731.0052605522824
4794.400105469114,4800.191983275237,-5.791877806123011
4812.455486738236,4782.174376143066,30.281110595169594
4798.54707392762,4871.843688676496,-73.29661474887598
4808.649838350158,4849.632942175669,-40.983103825511535
4788.917211922678,4465.522573285562,323.39463863711535
4800.202085984787,4804.371636951534,-4.1695509667470105
4773.980565798116,4643.747622019912,130.23294377820366
4776.624306216897,4843.074049804454,-66.44974358755735
4779.625855242499,4796.786698176583,-17.16084293408403
4786.9343163040885,4862.319998619888,-75.38568231579939
4790.266948023645,4881.163409406173,-90.89646138252738
4790.993340593011,4792.250403851882,-1.257063258870403
3898.6549514231315,4771.839399420592,-873.1844479974602
3889.3515177415293,4539.5974597854765,-650.2459420439473
3912.2877388513216,4658.31607165363,-746.0283328023088
3887.7559757390095,3880.1455338054593,7.610441933550192
3907.374126720337,3964.5080006528915,-57.13387393255471
3740.9660348235348,4823.411586549365,-1082.4455517258302
3743.0817672551766,3767.0802993946745,-23.99853213949791
4523.783030197592,4850.287340592994,-326.5043103954022
4525.678403251131,4853.280063264988,-327.6016600138564
4512.465398438266,4645.678069191073,-133.21267075280684
4513.088167933177,3915.1956859860643,597.8924819471126
4513.161659685744,3914.1136638779763,599.0479958077676
4520.52410516772,4830.656515213945,-310.1324100462243
4519.876698691809,3928.3732949234104,591.5034037683986
4868.238282741224,4865.831639696879,2.4066430443444915
4863.418435096529,4875.307158406805,-11.888723310275964
4877.126944848058,4864.819651206011,12.307293642046716
4420.335122756848,4644.0965130755285,-223.76139031868024
4431.9546213919375,4695.055014516492,-263.1003931245541
4439.439248790948,4575.100303816911,-135.66105502596292
4433.776005981281,4776.31223355074,-342.5362275694588
4870.033527851341,3990.3291364927236,879.7043913586176
4853.501650318025,4839.051094637512,14.45055568051339
4878.446478478516,3900.642399919041,977.8040785594749
4858.854863072158,4565.181117524806,293.67374554735215
3896.578934891327,4647.555829293982,-750.976894402655
3903.455201783642,4539.073749530279,-635.618547746637
3894.871539642081,4539.775942100356,-644.9044024582745
3917.540325559691,4569.815644669832,-652.275319110141
4677.923925489256,3993.1865553291377,684.7373701601186
4690.349331493918,4821.988144663014,-131.63881316909647
4673.703711912323,4818.207826319225,-144.50411440690186
4696.860549911453,4791.69774138428,-94.83719147282682
4685.030115400551,4824.56972412358,-139.53960872302923
4678.391380760827,4848.062605197753,-169.67122443692642
4691.3794708407695,4794.939280515786,-103.55980967501637
4832.1803042670645,4899.677935577447,-67.49763131038253
4810.440836866831,3947.560629487625,862.8802073792058
4517.641287126702,4926.817423546678,-409.1761364199756
4522.558962824168,4778.781177800786,-256.2222149766185
4504.697924377317,4849.195117267979,-344.4971928906625
4491.7501364977325,4752.9520662222585,-261.20192972452605
4506.2223277624125,4080.6846364178778,425.5376913445348
4836.674819870445,4800.757163480839,35.917656389606236
4822.332475219465,4803.279638554868,19.052836664596725
4843.41067587398,4683.6579819284725,159.75269394550742
4395.7127764098905,4818.440966775975,-422.72819036608416
3739.4992093007304,3761.441128038626,-21.941918737895776
3740.508593611885,4647.116139268165,-906.6075456562803
3745.229964113194,4780.98877324667,-1035.7588091334756
4628.578091033731,4673.587157643199,-45.00906660946839
4627.964330358608,3896.1116687095014,731.8526616491067
4626.699804951679,4673.063884361105,-46.36407940942627
4642.918072302816,4788.903956889452,-145.98588458663653
4629.989489748187,4795.682860664735,-165.6933709165478
4627.964974101263,3964.192473237716,663.7725008635466
4631.672476141256,4532.202524418477,99.46995172277911
4629.923917445001,4849.219087848739,-219.29517040373776
4873.008156565367,4657.38448649987,215.6236700654972
4655.785460672237,4852.101086697934,-196.31562602569738
4657.146795948301,4889.644124963612,-232.49732901531115
4657.458465848122,4832.381094584026,-174.92262873590425
4631.07776501458,4817.746688816315,-186.66892380173522
4652.980845667206,4886.609078941847,-233.62823327464048
4655.524882416893,4082.9522222398546,572.5726601770384
4660.834740006045,4884.137304697395,-223.3025646913502
4867.274123497948,4693.622558086775,173.65156541117267
4652.583883701182,4781.058164368336,-128.47428066715474
4642.151544791722,4819.127579256216,-176.97603446449466
4648.741012376923,3990.635202542788,658.105809834135
4640.9040226242005,4880.168009305162,-239.26398668096135
4630.6533808275635,4720.349303087357,-89.6959222597934
4642.577902427896,4644.674834482643,-2.096932054746503
4640.834419428693,3917.2689694834535,723.5654499452394
4836.235336237158,3982.477679015993,853.7576572211647
4648.071298348643,4878.647743795894,-230.576445447251
4623.276220985166,4849.757302345144,-226.4810813599779
4625.652867314972,4794.568576696968,-168.91570938199584
4626.964799914898,4823.64498513072,-196.68018521582144
4629.77184326296,4827.39029849219,-197.61845522922977
4624.184977410781,4855.93384583564,-231.7488684248583
4635.093666890621,4828.702523595057,-193.60885670443622
4630.418796302912,3964.0017456675214,666.4170506353903
3736.51499948914,3905.482101903862,-168.96710241472192
3734.8168134406123,4830.284973370004,-1095.4681599293917
3737.2674672917183,4629.167849926362,-891.9003826346434
3905.38886061619,4704.781373893177,-799.3925132769873
3912.0414205518246,4863.685781587725,-951.6443610359001
3900.401433477422,4703.152371605318,-802.750938127896
3902.900860984695,3909.1811918751528,-6.2803308904576625
3904.9206199538335,4649.036636816909,-744.1160168630754
4787.803363475651,4547.566076124632,240.2372873510194
4797.24290595467,4886.00350751149,-88.76060155681989
4794.120444093799,4796.1043165280835,-1.9838724342844216
4792.278456738164,4773.028415224313,19.2500415138511
4790.898789211287,4672.292158139653,118.60663107163418
4788.990762348565,4843.449066011285,-54.45830366272003
4787.758412715427,4866.027590544652,-78.26917782922555
4789.484594564838,4700.268174492976,89.21642007186165
4720.191300355785,4647.590011510793,72.60128884499136
4720.053506704127,4574.588226850425,145.46527985370267
4726.392493974203,4829.980500769017,-103.58800679481465
4724.377199385713,3994.063673013288,730.3135263724248
4739.885345445098,4844.328770906841,-104.44342546174266
4729.506227490956,4783.146133447943,-53.639905956986695
4729.932725920944,4887.766383249497,-157.83365732855327
4718.777596149503,4079.7381083562586,639.039487793244
4739.055736129496,4829.980195190462,-90.924459060966
3901.1469628650093,4776.607923381723,-875.4609605167134
3910.434037561033,4892.092772954412,-981.6587353933787
3915.1786147143384,4756.123774695068,-840.9451599807298
3893.666151479538,4822.5896086772045,-928.9234571976667
3906.936752547346,4652.424550320619,-745.4877977732735
4768.703850665634,4832.619190278331,-63.91533961269761
4784.31921239774,4078.205943394325,706.1132690034146
4793.368284743706,4833.305337999331,-39.93705325562496
4772.348928499422,4778.513955043864,-6.1650265444422985
4790.7120741169765,3914.6494709424437,876.0626031745328
4781.692646179475,4628.166921823848,153.52572435562706
4789.522517243202,4545.3562319609855,244.16628528221645
4780.22751363174,3923.695343294981,856.5321703367595
4799.701489139382,4544.682020155845,255.01946898353708
4809.693522684577,4706.2370502058675,103.45647247870966
4815.955139086394,4889.239959406771,-73.28482032037664
4812.455486738235,4904.968882202551,-92.51339546431609
4798.710062438287,4873.003681376232,-74.2936189379443
4800.0224384539315,4070.097461531546,729.9249769223857
4814.936004133064,4844.684035829903,-29.748031696839462
4799.487547266271,4071.0573136469047,728.4302336193659
3952.7724071769794,4644.454147329899,-691.6817401529192
4811.808125106325,4707.97149289443,103.83663221189454
4813.290912572676,4852.294248318592,-39.00333574591605
4810.79563804753,4873.857498414864,-63.06186036733379
4801.054556937583,4563.190914144652,237.86364279293048
4813.852511443283,4005.0524637352783,808.800047708005
4803.731653409308,4793.709490118692,10.022163290615936
4814.613029260855,3767.2439434764683,1047.3690857843867
4805.090533305137,4843.8029104367315,-38.71237713159462
4779.393144950556,4857.764514929537,-78.37136997898051
4806.038645593108,4485.111375320683,320.92727027242563
4775.645364545902,4635.281217648965,140.3641468969372
4790.984028570581,4659.697373848043,131.28665472253851
4776.844148519002,4831.328914811079,-54.48476629207653
4798.263715434945,4863.545690115994,-65.28197468104918
4766.537143712237,4066.271125883946,700.2660178282908
4782.197313018939,4849.020519225619,-66.82320620667997
3916.2425109234046,4897.3805369722595,-981.138026048855
3914.1261251841147,4356.173573559915,-442.0474483758003
3904.0537605136265,4652.483055027962,-748.4292945143357
3892.863941116013,4766.691645202149,-873.8277040861358
3910.3715691010816,4782.472380505528,-872.1008114044466
3746.4214209331644,4809.037296953879,-1062.615876020715
3749.936724794882,4854.576367848097,-1104.639643053215
4519.752988606096,4854.452971508793,-334.69998290269723
4521.425968759949,4900.460414461587,-379.0344457016381
4516.592936521317,4830.8503123267565,-314.25737580543955
4512.558496970148,4645.548725685453,-132.99022871530542
4520.241305316881,4796.488211733839,-276.24690641695815
4513.3109803843445,4897.467799659761,-384.15681927541664
4513.974794324572,4744.919639188972,-230.94484486439978
4869.668008707639,4865.585405893593,4.082602814046368
4866.46919399845,4784.467416906284,82.00177709216587
4875.865964937551,4710.323595505776,165.5423694317751
4442.919644374507,4786.635079373916,-343.7154349994089
4420.039050190635,4543.228309004126,-123.1892588134906
4431.212927783835,4892.362019243332,-461.14909145949696
4416.850913910756,3911.0837967271077,505.7671171836487
4866.785059201579,4873.759194775031,-6.974135573451349
4853.110751378273,4816.344201411477,36.76654996679554
4856.584091633037,3984.773516281975,871.8105753510622
4869.932263466534,3905.859210633582,964.0730528329523
3902.569694399665,4686.4544764859265,-783.8847820862616
3910.678050692399,4693.845270936696,-783.1672202442965
3914.0021551484133,4806.019994247649,-892.017839099236
3911.956464306558,3978.2290993190304,-66.27263501247262
4698.912897605877,4865.0771256326125,-166.16422802673515
4682.878638991425,3921.3692232016547,761.5094157897702
4674.094961989102,3906.7707596388123,767.3242023502894
4669.763162421824,4724.037322748795,-54.27416032697147
4682.489000736087,4895.897028554226,-213.4080278181391
4671.329166732128,4431.795652005103,239.53351472702525
4672.106631075601,4845.456652673443,-173.350021597842
4823.977602028092,4698.845510197565,125.13209183052732
4823.4435655143,4905.330860409249,-81.88729489494926
4508.074300441257,4877.741488833301,-369.6671883920444
4491.345450025112,4867.6139881949375,-376.26853816982566
4520.277752795749,4858.452567249844,-338.1748144540952
4499.974106737984,4775.8739625530225,-275.8998558150388
4508.221603717003,4831.26304127972,-323.04143756271696
4826.181550981044,4695.835291254314,130.34625972672984
4831.717975178709,4645.449568701981,186.26840647672816
4851.081067654955,4853.541148172216,-2.460080517260394
4405.316120340161,4076.9560739434132,328.3600463967482
3739.4992093007304,4689.652887895323,-950.1536785945927
3749.963726084153,4900.174213962005,-1150.2104878778514
3748.144044837944,4781.105588196727,-1032.9615433587828
4625.51130521525,3957.4593578817207,668.0519473335294
4624.657996482158,3900.101719152987,724.5562773291708
4631.615636290705,4651.602682673248,-19.987046382542758
4624.558392283014,3897.9288573372396,726.6295349457741
4633.500759690508,4447.0222026580805,186.4785570324275
4631.672476141256,4846.720934141717,-215.04845800046132
4625.387042621401,4897.586720008067,-272.1996773866658
4631.04931691422,4863.446812843368,-232.39749592914814
4871.2647072344225,4560.753039083802,310.5116681506206
4641.724587260062,4841.283672483696,-199.5590852236337
4645.081777127838,4771.400041726395,-126.3182645985571
4634.400173712056,3896.2175580151084,738.1826156969478
4644.855554737743,4538.150026095466,106.70552864227648
4660.834740006045,4758.9530438459005,-98.1183038398558
4664.749939477032,3990.705758493601,674.044180983431
4656.447669695843,4895.217808080847,-238.77013838500443
4863.882434966962,4892.889739970276,-29.007305003314286
4650.1824774429315,4568.1045110056575,82.07796643727397
4634.359390841295,4818.635832423344,-184.2764415820493
4646.183193915643,4687.27883195135,-41.09563803570745
4648.279186130553,4870.737130022074,-222.4579438915207
4636.525804289988,4843.115073225226,-206.58926893523858
4652.260148144893,4643.610840061652,8.649308083240612
4670.367532959636,4867.765356888531,-197.39782392889447
4860.394852560154,3975.3537078125914,885.0411447475622
4634.228637160572,4741.640852863434,-107.41221570286143
4635.767315601738,4842.747590814796,-206.98027521305812
4640.671337105866,4774.758558098538,-134.08722099267197
4624.155420095527,4811.223295866467,-187.0678757709402
4626.5113428051545,4647.269142258501,-20.757799453346706
4632.860461920208,4340.344455724104,292.5160061961042
4631.258491034697,4692.085443022587,-60.826951987890425
4639.472250123574,4795.467399570625,-155.99514944705152
3740.757140847533,4329.987246499131,-589.2301056515985
3748.371554697265,4793.875122535621,-1045.503567838356
3731.859318511991,4774.324893789537,-1042.4655752775457
3900.5768652938846,4694.3267304897945,-793.7498651959099
3916.3664814586937,4657.189355344844,-740.8228738861508
3905.84437689063,4887.394552856423,-981.5501759657927
3903.790279667869,4644.41197020681,-740.621690538941
3905.500400889243,3982.560580760463,-77.06017987122004
4801.672619322446,4792.592661619285,9.079957703161199
4797.909109918493,4855.563143765475,-57.65403384698129
4773.585284374102,4803.695664912195,-30.110380538092613
4792.057907347166,3982.44303562029,809.6148717268761
4796.992252442936,4680.181537870925,116.81071457201051
4800.689939667238,3969.267630171053,831.4223094961849
4799.648284107855,4565.596894822327,234.05138928552788
4807.027050634414,4871.705045334464,-64.67799470004957
4718.626487963149,4801.065952331583,-82.43946436843362
4732.532149807168,3989.345327351336,743.186822455832
4720.516340344079,3931.912703100881,788.6036372431981
4720.814795116543,4857.713321463635,-136.89852634709223
4729.578547552239,3972.859050480691,756.7194970715477
4719.381197009682,4856.669522670704,-137.2883256610221
4717.815328161305,4687.043517863882,30.771810297423144
4720.114644831168,4865.813599401344,-145.69895457017537
4733.397868541547,4689.764584297008,43.63328424453903
3899.050114525716,4630.0111874808,-730.9610729550841
3907.1553986020926,3929.9328232742755,-22.77742467218286
3914.5520281054323,4849.930546091641,-935.3785179862089
3909.494565056201,4902.659868121811,-993.1653030656103
3896.7713217700057,4522.085149327788,-625.3138275577821
4770.281896162391,3887.0136916962774,883.2682044661133
4776.826866822455,3915.864630738811,860.9622360836438
4775.580420431171,4795.887384917613,-20.306964486442666
4802.1818564684845,3978.7617540290794,823.4201024394051
4782.293242081571,4346.637922813955,435.6553192676165
4786.746432788242,3932.209803676694,854.5366291115479
4773.130950997683,4786.194659569019,-13.063708571336065
4792.903833200984,4914.906626809763,-122.00279360877903
4786.818588894502,4765.884641281177,20.933947613324563
4800.638477951395,4819.426620218275,-18.78814226688064
4810.206365645369,4579.043086070525,231.16327957484464
4804.798328753715,4822.727573661621,-17.92924490790574
4807.204087131395,4876.3109206876825,-69.10683355628771
4799.634304186785,4770.75844516253,28.875859024255078
4805.090533305136,4878.28729565997,-73.19676235483439
4811.804024659048,3923.1026070533662,888.7014176056819
3957.0177012405147,4466.803616423279,-509.78591518276426
4804.984933233897,4701.290508608621,103.69442462527604
4802.037512061119,4830.767152939683,-28.72964087856417
4821.389569443189,4645.5121565038335,175.87741293935596
4805.376736044054,4774.601239056199,30.77549698785515
4805.736912543924,4799.145626678436,6.591285865487407
4824.177981291988,4641.77088687858,182.40709441340732
4810.914364021158,4863.730506399149,-52.81614237799113
4818.010635909859,4552.369726555973,265.64090935388595
4783.142694628876,3930.7643725809976,852.3783220478781
4789.020217903816,4643.362079754809,145.65813814900685
4783.923261145692,4816.91430947769,-32.99104833199817
4789.976148611222,3933.9771170917866,855.9990315194354
4777.529043714218,3956.4660871681995,821.0629565460181
4776.328951022684,3918.032175655636,858.2967753670482
4788.754686079176,4782.795436162423,5.959249916752924
4774.22843922589,4840.406373104217,-66.17793387832717
3917.9396683496293,4916.940886873946,-999.0012185243163
3892.688272759421,4732.79330228573,-840.1050295263085
3912.4544636113565,4759.406490341894,-846.9520267305375
3900.85198879198,4671.9638611476375,-771.1118723556574
3884.2584458184833,4880.695984124721,-996.4375383062375
3739.433878882391,4548.600635810712,-809.1667569283213
3745.2096392580124,3767.331134021842,-22.12149476382956
4520.307465511225,3963.794121271654,556.5133442395709
4518.043809583303,3929.0007707232908,589.0430388600125
4511.476240646942,4696.450342535586,-184.97410188864433
4510.153345393627,4530.382031379133,-20.228685985505763
4503.098722016261,4814.875151034098,-311.7764290178375
4519.821324334065,3923.6468216443636,596.1745026897015
4529.772943797804,4757.899889558038,-228.12694576023387
4860.3650452100255,4777.952014401825,82.41303080820035
4862.037388806524,4906.84229661709,-44.804907810565965
4870.514964964276,4640.547871174239,229.96709379003732
4423.646272765146,3952.1081400080493,471.5381327570967
4435.828380923046,4829.440328001214,-393.61194707816776
4421.997963873291,4666.610425729566,-244.61246185627442
4415.548175985561,3882.309831015661,533.2383449699
4867.322657270716,4780.273770174761,87.04888709595525
4870.177586951723,4856.528061048662,13.649525903061658
4856.4536600370275,3798.9720686686583,1057.4815913683692
4863.65713898903,3918.943708765648,944.7134302233817
3908.2616205569425,4882.672871358677,-974.4112508017347
3901.5233428772417,4893.773583730838,-992.2502408535966
3903.2182317294746,4899.436920415269,-996.2186886857944
3898.446360957375,3975.6753487945143,-77.22898783713936
4699.087211830826,4096.328523474982,602.7586883558442
4703.121753163946,4671.869697732041,31.25205543190532
4667.045863658281,3949.1578936618243,717.8879699964564
4686.154323454074,4681.279333747259,4.874989706814631
4688.590181644767,4634.419578937968,54.17060270679849
4680.551556746777,4689.505930980417,-8.95437423364001
4688.638951610888,4539.160838833588,149.47811277730034
4825.324713814698,3929.4430928464344,895.8816209682636
4818.251781799483,4693.162546160266,125.0892356392169
4499.318463745217,4824.495037394731,-325.17657364951447
4508.07945290286,4707.577537352132,-199.49808444927203
4514.819360300094,4718.743311001488,-203.92395070139446
4500.170951272736,4698.172526138704,-198.001574865968
4504.800072927328,4824.615420123232,-319.815347195904
4839.326152076471,4819.562437139634,19.76371493683655
4831.537294724783,4702.180510667328,129.35678405745512
4846.084377871893,4913.164124164607,-67.07974629271393
4413.3043987079245,4878.676768488616,-465.37236978069177
3739.4992093007304,4689.652887895323,-950.1536785945927
3746.081402452173,3903.5632939143284,-157.48189146215555
3742.6548132244843,4335.757079359011,-593.1022661345269
4619.589195078456,3887.6735377032824,731.9156573751739
4626.699804951679,4851.463522638794,-224.76371768711488
4630.522261863694,4846.613962342449,-216.09170047875432
4635.916243163054,4850.919494181578,-215.00325101852377
4626.38174341135,4644.981929118334,-18.60018570698412
4629.923917445001,4857.601750802378,-227.67783335737658
4631.04931691422,4677.72307824504,-46.673761330819616
4621.936692056181,4693.044653530396,-71.1079614742157
4845.072868310719,4620.701875458644,224.37099285207478
4631.07776501458,3881.4230242258604,749.6547407887197
4660.493580940692,4822.877080900655,-162.38349995996305
4643.6020164850015,4814.229813600848,-170.62779711584608
4656.769021599007,4834.371148858486,-177.60212725947895
4652.583883701182,4781.058164368336,-128.47428066715474
4652.628660835826,4898.673379317179,-246.0447184813529
4650.1824774429315,4826.816555383501,-176.6340779405691
4867.167070602873,4639.38753205693,227.77953854594307
4642.577902427896,3986.7437986320533,655.834103795843
4648.322347915986,3892.075444056314,756.2469038596719
4653.546530398384,4653.3333531913995,0.21317720698425546
4651.764675802184,4870.376710490369,-218.6120346881853
4645.117719229811,3921.5432020492817,723.5745171805293
4634.783843806812,4860.09982298825,-225.3159791814378
4654.904765723371,4768.909252252726,-114.00448652935484
4863.348110902735,4661.6286198290545,201.71949107368073
4630.418796302912,4788.06410196412,-157.6453056612081
4636.834141104281,4782.270475034524,-145.43633393024265
4639.55420219487,4780.868379907382,-141.314177712512
4615.362935176102,4774.524219444541,-159.16128426843898
4636.858165859753,4841.836095971538,-204.9779301117851
4633.063481496633,4797.978794665608,-164.91531316897454
4611.782260428565,4875.614339964241,-263.8320795356758
4637.386948982699,4808.943993362375,-171.55704437967597
3753.1810737274827,4657.393845094307,-904.2127713668242
3734.1665437739402,4632.756519577514,-898.5899758035739
3735.7090677808533,3916.870040500008,-181.16097271915487
3910.9247616681614,3966.636309359287,-55.711547691125816
3905.067032483458,4646.924268485331,-741.8572360018725
3910.345459263713,4567.540617020993,-657.1951577572795
3905.2233821392583,4778.666447575762,-873.4430654365033
3912.7739209730735,3772.087712160154,140.68620881291963
4794.911151295642,4704.949402211006,89.96174908463672
4799.648284107855,4886.694894342861,-87.04661023500557
4798.581402603998,4842.6940319595,-44.11262935550167
4787.217827540848,4699.949309528098,87.26851801275006
4794.361294505721,4878.8652643228315,-84.50396981711037
4814.501718368701,4894.12007088269,-79.61835251398861
4794.864573575547,4884.555980557481,-89.69140698193405
4794.465352984838,4827.378515469836,-32.91316248499788
4721.73955451508,4008.985235087677,712.7543194274031
4738.997840625679,4708.636071157809,30.361769467869635
4719.804448217352,4847.865408792051,-128.0609605746995
4730.582014814973,4802.802749753106,-72.22073493813241
4728.556172609113,4086.211979601153,642.3441930079598
4724.239823227032,4739.647081127418,-15.407257900385957
4718.379942736552,3957.7703998961274,760.6095428404246
4727.514735541847,4876.175583588013,-148.6608480461664
4738.584681042523,4901.317305485432,-162.73262444290958
3895.591845347242,3963.1969816126652,-67.60513626542343
3921.284431568754,3942.5433765528637,-21.258944984109803
3903.0832263962257,4837.515682516902,-934.4324561206768
3905.330878993456,4659.6932966557,-754.3624176622438
3889.8917147691927,4637.58595101374,-747.694236244547
4787.910499985795,4905.912529469192,-118.00202948339756
4782.733471656524,4905.86475719609,-123.1312855395663
4784.439041778942,4779.92243971273,4.516602066211817
4775.533500255519,4620.97717809525,154.5563221602697
4767.245394693748,4833.019674637307,-65.77427994355912
4765.827446024974,4889.384582625101,-123.5571366001268
4778.73393703655,4810.555056821575,-31.821119785025076
4797.242186549536,3910.4475628912164,886.7946236583198
4804.755192538131,4530.82742391911,273.92776861902166
4806.620852189651,4078.886963387763,727.7338888018876
4803.20074478759,3994.258211123873,808.9425336637173
4804.435625657665,4641.518588518594,162.917037139071
4810.766124479789,4006.9122505644755,803.8538739153137
4818.825812820923,4871.752806087032,-52.92699326610909
4817.705192511198,4897.328146617239,-79.6229541060411
4818.010635909858,4867.327953304932,-49.31731739507359
3959.990171396619,4799.171589174088,-839.1814177774686
4800.518853455122,4677.466443793097,123.05240966202473
4815.038238443631,4471.98519494903,343.0530434946004
4797.680322760122,4524.803387285558,272.87693547456456
4805.084932989403,3890.899674326076,914.1852586633267
4809.700508709357,3908.46788403327,901.2326246760867
4809.717490169981,4860.399481178473,-50.68199100849233
4824.425024655813,3966.811870738263,857.6131539175499
4803.372788943963,4902.060244758454,-98.68745581449093
4773.024838313499,3987.4032079558283,785.6216303576703
4797.385660382777,4666.011553065159,131.37410731761793
4794.441946837682,3778.347474774595,1016.0944720630869
4769.391384870374,3909.7021134006545,859.6892714697196
4788.793489336371,4859.5146754858815,-70.72118614951069
4785.433173525282,4739.045367165476,46.387806359805836
4792.9388611295735,4659.081928269872,133.85693285970137
4773.171388249316,3875.611311779837,897.5600764694791
3890.7385599047166,3885.851269807935,4.887290096781726
3909.3101558312155,3999.8894325217184,-90.57927669050287
3898.1582427244857,4789.77808012947,-891.6198374049845
3907.6198725756562,4716.550668666369,-808.9307960907131
3908.0438793659237,4891.971810395034,-983.9279310291099
3739.056837246045,4644.556469991588,-905.4996327455428
3744.134510025717,4624.422098892853,-880.2875888671356
4526.291057685839,4536.780498018965,-10.489440333125458
4506.664994183051,4876.37236843353,-369.707374250479
4522.56528342002,4542.532337410123,-19.967053990102613
4531.324054974381,4660.531764229516,-129.20770925513443
4520.377811356623,4691.502513629584,-171.12470227296126
4514.412888862265,4815.923114801665,-301.5102259393998
4518.416897920989,4691.704553057278,-173.28765513628878
4861.829878476878,4651.228659422785,210.60121905409233
4872.521104993312,4095.2871158345556,777.2339891587567
4854.9208651439685,4696.125493773359,158.79537137060925
4429.824520499957,4829.472011688836,-399.64749118887903
4417.151141035226,3914.7048266440625,502.44631439116347
4432.540812447391,3927.6887594708223,504.8520529765683
4430.898893596675,4850.010185473278,-419.111291876603
4849.618520061371,3952.5728523866146,897.0456676747563
4863.036282595421,4560.381511234047,302.6547713613736
4861.772899733209,4636.195544556095,225.57735517711353
4870.305725373654,4795.077539888694,75.2281854849598
3914.6993254560516,4809.145483643863,-894.4461581878118
3919.2235548988647,3923.336528487256,-4.112973588391469
3900.9243763225045,4839.847083938421,-938.9227076159164
3909.8928530384665,3778.612430857599,131.2804221808674
4687.9298033489185,4801.523466511095,-113.5936631621762
4663.927473696127,4658.135764723936,5.791708972191373
4671.37564359132,4764.527786582438,-93.15214299111813
4686.148839140986,4528.70143642038,157.44740272060608
4697.2457004518465,4590.369116217938,106.87658423390803
4683.710774257063,4692.46512039965,-8.754346142586655
4679.014958706667,4647.933551101611,31.081407605056484
4823.981706997731,3927.482052273635,896.4996547240958
4832.907471842468,4346.518802218039,486.388669624429
4498.12910414889,3859.4028498887396,638.7262542601507
4504.07566952845,3954.5660064084195,549.5096631200304
4504.896518759294,3929.2419609588705,575.6545578004234
4510.055411656875,4857.80726739815,-347.751855741275
4502.800020202796,4861.852797614311,-359.0527774115153
4827.366933453357,4829.819080854837,-2.4521474014800333
4846.875722990329,3934.741379068795,912.1343439215343
4833.7107216060585,4868.014601661028,-34.30388005496934
4396.886313830085,4826.942815596156,-430.05650176607105
3739.4992093007304,4788.601847737646,-1049.1026384369152
3734.073495174971,3982.2355813680574,-248.16208619308645
3743.579544773671,4697.240072971416,-953.6605281977454
4631.629741836285,4650.254574483147,-18.62483264686216
4620.882759742906,4682.56581148525,-61.683051742344105
4612.486960158323,3751.478127713058,861.0088324452654
4645.700386962814,4892.70240200387,-247.00201504105553
4628.170180497653,4838.2899341562825,-210.11975365862963
4637.141384349393,4854.818275948923,-217.67689159952988
4634.983266030757,4855.814201513784,-220.83093548302713
4611.9025464429615,4719.428179207371,-107.52563276440924
4865.5090505543085,4813.7829646082455,51.726085946062994
4641.340610796444,4770.562050672915,-129.22143987647087
4654.1423430421855,3926.8123918947144,727.3299511474711
4655.261894246259,4855.702813051563,-200.44091880530414
4658.167080969337,4634.199745877893,23.9673350914436
4648.741012376923,4783.845205329231,-135.10419295230804
4650.153870289873,4840.918627441533,-190.76475715165998
4646.183193915643,3960.1477491069677,686.035444808675
4867.799706533096,4788.208220606059,79.59148592703696
4653.546530398384,4830.939189701216,-177.39265930283182
4657.165988621852,4866.812639715652,-209.64665109379985
4651.700362523292,4707.659881888047,-55.95951936475467
4645.272827810283,4697.192168823357,-51.91934101307379
4643.649829325619,4781.669374403267,-138.01954507764822
4654.369696335703,4655.968641870855,-1.59894553515187
4661.261180637962,4787.492587099389,-126.23140646142747
4851.959174376722,4778.214909490578,73.74426488614426
4636.404526760098,3929.858276705555,706.5462500545427
4644.590456008918,4710.31979742753,-65.72934141861151
4633.063481496633,4079.562316883089,553.5011646135445
4636.263940823872,4450.19093115601,186.0730096678617
4626.3915781447,4832.636022491238,-206.24444434653742
4622.531532765265,4842.0074422193,-219.475909454035
4630.884938962867,4809.99882839949,-179.11388943662314
4638.650315141479,3936.754574854707,701.8957402867723
3750.560499717517,4802.325087576704,-1051.7645878591875
3743.109406644982,4650.552023733105,-907.4426170881229
3750.5954409249234,4765.948651025142,-1015.3532101002183
3899.39499555725,3913.47529040687,-14.080294849620259
3904.4370528940644,4778.224495656046,-873.7874427619818
3899.9759870038592,3762.140828374639,137.83515862922013
3893.4318216664537,3916.3896193559117,-22.957797689457948
3903.1555228515185,3896.000183803047,7.155339048471433
4796.023355343728,4652.984713297366,143.03864204636193
4790.284639777211,4775.6898605981,14.594779179111356
4807.399722811775,3995.5041483465457,811.8955744652294
4784.192869205044,4780.9548420336505,3.2380271713936963
4779.44692785819,4519.444353566144,260.0025742920461
4794.076012615086,4787.2131849323605,6.862827682725765
4803.4671131509895,4783.542387587729,19.924725563260836
4795.0490592056685,4817.072331087258,-22.023271881589608
4720.688172276522,4881.662671570902,-160.9744992943797
4718.80507589623,3994.0636083795393,724.7414675166906
4711.412169124375,4518.187939578754,193.2242295456217
4722.35266638686,4650.4175605365635,71.93510585029617
4727.138898096544,3866.7997829964775,860.3391151000665
4735.989437632058,3966.2249586128437,769.7644790192144
4719.955012239061,3764.573736904277,955.3812753347838
4719.905077176341,3916.0249914627702,803.8800857135711
4742.4951147482,4697.046225452188,45.44888929601166
3895.5657946155893,4830.112366592727,-934.5465719771378
3893.132813757977,4766.247681732856,-873.114867974879
3898.65495142313,4844.677397915396,-946.0224464922658
3899.4474447301113,3920.887885916726,-21.440441186614862
3889.584050829325,4626.493180358948,-736.909129529623
4783.674225636586,4881.967562131373,-98.29333649478667
4782.17320778208,4860.83298710841,-78.65977932632995
4781.917983413109,4552.340086481953,229.57789693115592
4787.900336118185,4780.876165502144,7.024170616040465
4778.079029389078,4844.42678427504,-66.34775488596188
4791.410376355354,4858.907232717583,-67.49685636222875
4797.821385023401,3983.9006137323404,813.9207712910602
4778.061671570428,4734.334981172458,43.72669039796983
4814.868437412756,4584.111229437754,230.75720797500162
4809.707058139929,4703.854801145286,105.85225699464354
4808.78623296313,3764.5767133443037,1044.209519618826
4798.5063609103145,3685.0232537261845,1113.48310718413
4815.126031613991,3769.7129649339463,1045.4130666800443
4798.447924925313,4818.366817633387,-19.918892708074054
4809.717490169983,4837.071534243985,-27.35404407400256
4832.685011675999,4673.191291117546,159.49372055845288
3947.4534958622817,4899.287089790202,-951.8335939279204
4795.325191211085,4783.155741663102,12.169449547983277
4809.09373158096,3980.43827870338,828.6554528775796
4799.849809995781,4645.19293898748,154.6568710083002
4805.32823203201,4843.422332920999,-38.09410088898858
4815.593681401343,4856.9066913847455,-41.31300998340248
4798.115461970561,4538.836317748725,259.27914422183585
4819.139522547984,4853.3248167780885,-34.18529423010477
4793.622464274218,4670.650146872865,122.9723174013534
4770.129498571839,4814.649794613748,-44.520296041909205
4783.907868056114,4554.182178960746,229.72568909536858
4783.425477404182,4848.999635152505,-65.57415774832316
4762.679219160921,3743.437979894812,1019.241239266109
4774.959036063289,4780.004427944944,-5.045391881654723
4780.705430556438,4881.009953837799,-100.30452328136107
4791.392919418858,4704.071963867938,87.32095555091928
4778.270214289131,4780.977881977292,-2.7076676881606545
3905.498245047518,3899.991645258707,5.506599788810945
3905.6846308608915,4650.091420320372,-744.4067894594805
3897.085282395507,4878.870882105405,-981.7855997098982
3907.7788102639142,4692.92245171367,-785.1436414497557
3911.678669026047,4789.059151575737,-877.38048254969
3740.8411552202783,4790.671840529656,-1049.8306853093777
3743.9553494365623,4824.596044439824,-1080.640695003262
4513.1194853258185,4322.671106304385,190.44837902143354
4525.472289571639,4885.547560867076,-360.07527129543723
4528.203683857303,3906.1091054102735,622.0945784470296
4536.512026076349,4669.407144834958,-132.895118758609
4524.164977900309,3960.3146763847335,563.8503015155757
4530.127038756669,4858.373113979551,-328.2460752228817
4536.4836082648535,4866.852222362328,-330.36861409747416
4842.606851909975,4829.59235289879,13.014499011185762
4856.844833598037,4758.184168247686,98.66066535035134
4863.056765517064,4828.393592895923,34.66317262114171
4431.620404407135,4706.559546003146,-274.9391415960117
4427.063504840082,4638.413263028971,-211.3497581888896
4435.730611141983,4755.739683901824,-320.0090727598408
4418.65122996563,4798.7731461204085,-380.1219161547788
4876.422536884381,4666.3497200892625,210.07281679511834
4865.917043904457,4690.15048906128,175.7665548431778
4851.898984219082,4662.937957259022,188.96102696005983
4854.5568061300755,4628.167498523043,226.3893076070326
3894.6975914131144,3901.660296278798,-6.962704865683463
3904.631700696098,4460.840336644481,-556.2086359483828
3913.854951993778,4871.403470358728,-957.5485183649498
3915.518887429501,4895.149848651253,-979.6309612217519
4679.5640401566225,4527.582699757315,151.98134039930756
4687.607766843066,4656.707638130505,30.900128712561127
4693.038284706884,3907.0907393100274,785.9475453968566
4691.451696218287,4870.713729317573,-179.26203309928587
4681.605588426213,4573.903549086363,107.70203933985067
4686.190142592384,4874.248319960332,-188.0581773679478
4678.145695370699,4880.141402681994,-201.9957073112946
4805.690766918668,4880.245221572085,-74.55445465341745
4831.864180990263,4883.172463926148,-51.30828293588547
4504.761132346534,4849.870505776015,-345.1093734294809
4506.647192823936,4893.071393876831,-386.4242010528951
4509.003695193962,4819.301466897741,-310.2977717037793
4505.4805651533925,4859.633672663826,-354.1531075104331
4507.853909816639,3930.1984731535404,577.655436663099
4814.69182866078,4765.237179282937,49.45464937784254
4825.772034603081,3913.6207375922245,912.1512970108565
4853.26925530871,4820.736868239009,32.532387069701144
4405.029528869178,4848.816565292739,-443.7870364235614
3739.4992093007304,4875.478694079389,-1135.9794847786588
3738.61896861793,4848.2187273205245,-1109.5997587025945
3737.3324100456207,4732.90422246467,-995.5718124190494
4624.657996482158,3915.233290999277,709.4247054828807
4642.918072302816,4901.326505276313,-258.40843297349693
4635.916243163054,4696.922745878677,-61.006502715623355
4631.672476141256,4446.1610257585435,185.5114503827126
4634.990226296375,4744.625485517445,-109.63525922106965
4636.320608757398,3974.9364595731563,661.3841491842418
4622.259735345226,4668.69764846149,-46.4379131162641
4611.612913099742,4875.819052095161,-264.20613899541877
4860.372947646202,3991.284854298943,869.088093347259
4660.834740006045,3893.1012137635557,767.733526242489
4664.736478505598,4845.678708005761,-180.9422295001632
4642.151544791723,4460.494035932937,181.65750885878606
4650.1824774429315,4000.2024007063005,649.980076736631
4630.653380827563,4886.053013263428,-255.399632435865
4641.297572599573,4777.550769175462,-136.25319657588898
4636.525804289988,4798.870250104475,-162.3444458144877
4878.603337050672,3922.1638921333783,956.4394449172937
4645.117719229811,3904.924172904388,740.1935463254231
4653.69348907541,4780.028531595627,-126.33504252021703
4643.649829325619,4840.914312527239,-197.26448320162035
4631.606027402935,4757.667455705285,-126.06142830234967
4645.976194719993,4853.944455953387,-207.9682612333936
4659.019054109709,4805.501068879346,-146.48201476963732
4653.239354202552,3994.7878717633907,658.4514824391613
4846.554496824824,4794.245077769788,52.309419055036415
4630.529636441106,3760.845562083972,869.6840743571343
4629.998020466938,4638.526879725381,-8.528859258442935
4637.273883152022,4555.680095694768,81.59378745725371
4627.590372594978,4699.173786274951,-71.58341367997309
4625.490285534001,4847.842666250954,-222.35238071695312
4636.925293714247,4915.024114367194,-278.0988206529464
4627.23714614871,4774.357573031025,-147.12042688231486
4633.209518425438,4907.537299490599,-274.3277810651616
3743.009551363097,3996.222115602841,-253.21256423974364
3742.7151747318544,4779.188640973893,-1036.4734662420383
3743.81965320941,4001.3899725692413,-257.5703193598315
3900.851700080424,4792.859223293385,-892.0075232129611
3904.6851111456294,4838.49396725033,-933.8088561047002
3911.154707598453,4856.857165610749,-945.7024580122957
3916.2915052399394,4794.51145342726,-878.2199481873204
3898.242762185501,4901.960371745404,-1003.7176095599029
4779.44692785819,4842.398759832107,-62.95183197391725
4790.892211586549,4694.585884548063,96.3063270384855
4783.092005691979,4532.48484185514,250.60716383683848
4800.150643775145,3924.7783487824254,875.3722949927196
4800.265594435758,4898.332491336707,-98.06689690094845
4790.679970092307,4847.538788290416,-56.858818198109475
4794.080003608546,4750.277383577156,43.80262003138978
4786.323497623726,4899.663688925016,-113.34019130128945
4713.949144697004,4817.774685301819,-103.8255406048147
4721.5428225128535,4835.899514288321,-114.35669177546788
4712.786264821042,4837.895956404348,-125.1096915833059
4728.901694424006,4808.522292183626,-79.62059775962007
4726.9565279257195,4742.088955833849,-15.132427908129102
4724.733687192654,3960.01514573367,764.7185414589835
4727.885861461237,4781.520560691199,-53.63469922996137
4719.056839668295,4701.296761870916,17.76007779737847
4732.117254925809,4080.8206300598135,651.2966248659955
3896.713887103355,4831.932112949884,-935.2182258465291
3899.1397711105974,4680.559727266514,-781.4199561559162
3899.893948264237,4568.151369373674,-668.257421109437
3916.454476904004,4641.033178212817,-724.5787013088129
3905.835888409908,4849.754839304887,-943.9189508949794
4797.821385023401,4892.414732710928,-94.59334768752706
4785.667101756119,4638.217626501614,147.44947525450516
4771.455768808562,4677.149421634813,94.3063471737496
4789.020217903816,4790.786992847532,-1.7667749437159728
4788.681642175043,4002.4463961514903,786.2352460235525
4771.376452711702,4681.521126006502,89.85532670520024
4776.328951022685,4843.25341645315,-66.9244654304648
4781.714751308132,4900.430339871768,-118.71558856363663
4806.287833226772,4798.944475669091,7.343357557680974
4803.372788943964,4528.020475189123,275.3523137548409
4814.3454857122615,4085.303875453125,729.0416102591366
4809.09373158096,4872.935474791514,-63.84174321055434
4801.343208144124,4870.90816344473,-69.56495530060602
4811.175970098626,4553.528999431035,257.6469706675907
4811.789769793868,4806.026955936634,5.762813857233596
4799.605972361619,4769.145928681646,30.46004367997284
3956.6971235794026,4844.128512371276,-887.4313887918734
4818.2931698533275,4769.071039691665,49.22213016166279
4817.564295494941,4786.555142332811,31.009153162130133
4821.727991483171,3927.015509834916,894.7124816482547
4808.836175776872,4880.344861433773,-71.50868565690143
4801.28529078299,3919.921246400498,881.364044382492
4807.062026825024,4752.838707373109,54.223319451914904
4810.952726028723,4450.122797537763,360.8299284909599
4812.327367863005,4851.161331399254,-38.83396353624903
4777.953693592962,4897.3094430414685,-119.35574944850669
4774.964294733691,4887.385222223418,-112.42092748972755
4781.994118898339,4859.185455641031,-77.19133674269142
4787.581764603344,4085.880594819004,701.70116978434
4794.040800438537,4895.071524244948,-101.0307238064106
4798.878091007331,4864.4659909803095,-65.58789997297845
4765.601267056674,4831.173180675708,-65.5719136190337
4789.6419432920575,3992.6505076472613,796.9914356447962
3910.2456849585333,4549.158165107989,-638.9124801494554
3895.5392154754263,4833.713904718537,-938.1746892431111
3921.879954413131,4820.870475049699,-898.9905206365679
3903.298718836202,4315.270580863288,-411.971862027086
3905.3073906849013,4656.8008306084375,-751.4934399235362
3737.0015533000346,4686.752698123414,-949.7511448233795
3740.3629539528974,4885.184185272253,-1144.8212313193553
4528.02907372107,4799.25315270461,-271.2240789835405
4520.581337032607,4649.821387074061,-129.2400500414542
4533.430480749914,4652.780314544912,-119.34983379499772
4525.1195079368745,4706.962207557315,-181.84269962044073
4535.508888330406,3769.0552030238064,766.4536853065997
4529.93321345435,3930.431817732536,599.5013957218143
4528.652926273109,4802.91778954381,-274.2648632707005
4864.356089334585,3923.9207265366235,940.4353627979613
4854.20013790174,4876.05190597578,-21.851768074039683
4862.796990024603,4799.934093462551,62.8628965620519
4431.49169178273,4885.376251602308,-453.8845598195776
4428.482925139564,4849.895754058423,-421.4128289188593
4432.821849333185,4694.402113063799,-261.5802637306142
4430.751624404687,4803.252175856571,-372.50055145188344
4862.859630634732,4894.736462668646,-31.87683203391407
4860.591935738331,4461.8026878383,398.7892479000311
4863.114867487462,3902.0790382729447,961.0358292145174
4855.735961600893,4523.578256982813,332.15770461807915
3903.7148163142724,3762.6754422334416,141.03937408083084
3901.9220196024885,4874.184707207982,-972.2626876054933
3921.665314039095,4558.115849243742,-636.4505352046467
3896.260778280633,4791.257342650883,-894.9965643702503
4689.419086696048,3913.249461471891,776.1696252241568
4693.659467967376,4872.2665847648705,-178.6071167974942
4678.732921478625,4561.586889437176,117.14603204144896
4687.522011371104,4696.170356222258,-8.648344851154434
4703.4318170252645,4845.2980405161925,-141.86622349092795
4683.40698588565,4905.844049859146,-222.43706397349615
4692.321197889577,4854.8441911875425,-162.5229932979655
4813.968238085486,4543.761515175837,270.2067229096483
4817.154839888339,4749.896431729617,67.25840815872198
4503.070831033525,3762.952015362909,740.1188156706157
4512.9552893323125,4915.84743311487,-402.89214378255747
4492.994615400015,4875.103126867625,-382.1085114676098
4503.364710324246,4638.099004949999,-134.73429462575314
4495.969104966839,4855.092005914971,-359.12290094813216
4841.940238145154,4804.896071871479,37.04416627367482
4838.766306511932,4656.857386346213,181.90892016571888
4846.765474811655,4838.61551912845,8.149955683205008
4407.126662398498,4792.241574294291,-385.11491189579283
3739.4992093007304,3924.0370768096964,-184.53786750896597
3740.2753445962167,4779.304296739066,-1039.028952142849
3740.9902368631288,4786.396230384052,-1045.405993520923
4614.337025103501,4635.582360400725,-21.24533529722339
4620.618696013806,4843.512984804554,-222.89428879074876
4631.762893077709,4628.698756735248,3.0641363424610972
4630.3332739260595,4802.562768527602,-172.22949460154268
4639.294190099884,4560.227715600865,79.06647449901902
4637.681944033463,4784.431609916225,-146.7496658827622
4625.616925212999,3920.9689322996446,704.6479929133548
4641.028729025852,4787.14757043442,-146.1188414085682
4868.449043724473,4781.608077246137,86.84096647833576
4664.736478505598,4709.353802536758,-44.617324031160024
4644.290484831194,4572.42446857546,71.86601625573348
4647.533630444738,4648.001468243299,-0.46783779856104957
4630.805051095964,4778.038577107452,-147.2335260114878
4640.834419428693,4803.986806054768,-163.15238662607499
4645.544029053042,4700.665963697018,-55.12193464397569
4670.367532959636,4878.6901996966235,-208.32266673698723
4870.295125067811,4705.136885055824,165.1582400119869
4654.904765723371,4743.288726450404,-88.3839607270329
4639.209758068355,4530.546081599924,108.66367646843082
4661.261180637962,4797.225013056808,-135.96383241884632
4636.347181811425,4836.709673682689,-200.36249187126396
4653.239354202552,3924.7894595147854,728.4498946877666
4631.385451732516,4808.004425995343,-176.61897426282667
4654.516765215576,4534.569582997886,119.94718221769017
4851.3279503458225,3924.4608848493535,926.867065496469
4623.978515198252,4849.13266282418,-225.1541476259281
4636.520577115975,4538.065347413298,98.45522970267757
4636.812796380463,4878.08071609159,-241.26791971112743
4635.890074587823,4656.090376832746,-20.200302244923478
4627.434951023857,3958.3399220562424,669.0950289676148
4628.066055825181,4847.653610230684,-219.5875544055025
4631.46050962804,4861.057299094461,-229.5967894664209
4646.253415184357,4876.942051852274,-230.6886366679164
3734.8819664827574,4624.849572698125,-889.9676062153671
3740.9262709305094,4696.60868708139,-955.6824161508803
3741.1843093201687,4844.14300393486,-1102.958694614691
3912.4489181533077,4702.471885145953,-790.0229669926453
3908.0496430729463,4871.322283164138,-963.2726400911915
3885.553964436638,4803.585853216438,-918.0318887798003
3911.4219807426794,4455.320823803768,-543.8988430610884
3909.377386777581,4711.6723567255685,-802.2949699479877
4791.524847564113,4835.468713971526,-43.943866407413225
4783.5424395129885,4848.776956890355,-65.2345173773665
4796.615096368963,3770.4684549985445,1026.1466413704188
4790.550766441548,4834.119160861265,-43.56839441971715
4783.096543362257,4642.918222543858,140.1783208183988
4799.660289115233,4843.716353838398,-44.056064723165036
4777.014248211511,4862.381039238957,-85.3667910274462
4814.721600236623,4013.3396174834234,801.3819827531997
4715.283971870162,4549.07551385815,166.20845801201176
4733.039091114286,4847.58617407066,-114.54708295637374
4721.232702484437,4894.011986894028,-172.77928440959113
4709.736799382434,3749.1375756532348,960.5992237291989
4721.2372434426925,3959.7568417489197,761.4804016937728
4717.398234946719,4565.689865427845,151.70836951887395
4728.7520084664575,4545.131023651915,183.62098481454268
4725.107781788512,4829.189680742879,-104.08189895436772
4738.636350440362,4697.264369541493,41.37198089886897
3910.4803012978427,3935.362126835823,-24.88182553798015
3895.229152333794,4795.064154672678,-899.8350023388844
3906.4944632900247,4805.122663707244,-898.6282004172194
3906.8334318489105,4630.723429684816,-723.8899978359059
3911.1828185103,4655.227165535315,-744.0443470250152
4788.769435345403,4877.690268198275,-88.92083285287208
4794.443485409268,3937.117233979072,857.326251430196
4780.477145585026,4848.698529032425,-68.2213834473987
4776.570067377903,4831.999113329567,-55.42904595166419
4773.0248383134995,4787.753260238489,-14.728421924989561
4769.332870112118,4776.723303730915,-7.390433618797033
4774.986611875538,4698.822935668202,76.16367620733581
4791.036631975165,4084.565530344714,706.4711016304509
4812.359264042157,4654.984429739038,157.3748343031184
4819.388942980736,4798.846456360518,20.54248662021837
4813.512507910318,4876.596722481352,-63.084214571033954
4796.486094840426,4869.891826345216,-73.40573150479031
4796.085162217259,3917.036271652146,879.0488905651127
4807.52960624768,4539.062626594142,268.46697965353815
4798.086019893509,4788.6876100333075,9.398409860201355
4815.688619303664,3988.1666702946754,827.5219490089889
3960.8677113243066,4828.956943668437,-868.0892323441303
4815.430539990381,4790.985001497193,24.445538493187996
4804.310289861549,4525.621935332764,278.68835452878466
4811.906036286447,4739.635582364542,72.27045392190485
4809.233809875316,4881.139248528702,-71.90543865338623
4815.967027376065,4821.967070073377,-6.000042697311983
4805.8715947996725,4823.684777820641,-17.81318302096861
4799.053325964397,4728.460451145606,70.59287481879073
4795.03692156269,4780.849011954054,14.187909608635891
4780.024768332986,4691.220820129545,88.803948203441
4781.672474420878,4858.731944378611,-77.0594699577332
4780.398053891156,3899.118959165932,881.2790947252242
4765.7619047522985,3913.200544715444,852.5613600368547
4779.309703643571,4881.890366736173,-102.58066309260175
4782.678739232824,4871.902257015222,-89.22351778239772
4797.359573667907,4842.041599488497,-44.68202582058984
4785.391402429885,4708.641361688492,76.7500407413927
3905.5219403016604,3775.6314022575807,129.89053804407968
3893.3290865135864,4754.16109318378,-860.832006670194
3910.6652304568333,4555.668038504118,-645.0028080472848
3897.626433703166,4639.7951509558025,-742.1687172526363
3906.9366359616724,4654.419459569794,-747.4828236081212
3742.3363187647446,4702.7442355827925,-960.4079168180479
3742.30905955176,4746.418899576887,-1004.1098400251271
4516.257205606617,4843.056594288146,-326.7993886815284
4520.987713754099,4445.609456403801,75.37825735029764
4519.436088634801,4797.537232340653,-278.1011437058514
4532.134610122723,4641.482421829754,-109.34781170703081
4527.552126807522,4788.6884035343255,-261.13627672680377
4498.816846701999,4629.609888833791,-130.7930421317924
4510.806596887055,4828.371924503881,-317.5653276168259
4878.426500010188,3974.822318643259,903.6041813669285
4864.163634350449,3963.326695527828,900.8369388226206
4860.693074691216,4778.385627002547,82.30744768866862
4435.147290217296,4829.551896368426,-394.4046061511299
4420.586463770338,4839.436896424726,-418.850432654388
4409.713072374244,4794.4968717174615,-384.78379934321765
4421.733562160795,4644.227472938225,-222.49391077742985
4858.159757911159,3922.173395226318,935.9863626848414
4854.920943631753,3981.293646285051,873.6272973467021
4868.3174978564475,4645.659630621912,222.65786723453584
4854.363366331267,3954.654629741481,899.7087365897855
3903.843863213653,4778.403510417136,-874.5596472034831
3903.0068689895083,4869.260769236338,-966.2539002468297
3899.7754091949137,4877.828358296207,-978.052949101293
3894.311447138868,4767.762628398922,-873.451181260054
4681.677845676881,3957.3654811729416,724.3123645039391
4679.75847983043,4343.3814621700885,336.37701766034115
4685.959687762313,4706.53544626064,-20.57575849832756
4689.620446761645,4559.550970331181,130.06947643046442
4687.654895018976,4656.652896596752,31.00199842222446
4670.602190214878,3960.4145137397554,710.1876764751223
4693.907845007805,4551.311170453297,142.59667455450835
4826.317442029662,3927.6655169613714,898.6519250682904
4810.297160407932,4668.347210210304,141.9499501976279
4501.173040575319,4846.48697420317,-345.31393362785093
4490.143182119523,4665.915838928807,-175.77265680928394
4499.026630957349,3897.230333630419,601.79629732693
4502.556094330695,4835.081646303406,-332.5255519727116
4481.60242741159,4831.0680744518395,-349.4656470402497
4828.162082485931,4770.795839540678,57.36624294525336
4824.405012503733,4436.484109043671,387.9209034600617
4839.964034475026,3990.0161709971635,849.9478634778625
4406.441379236601,3994.7218001957517,411.71957904084957
3739.4992093007304,4689.652887895323,-950.1536785945927
3741.983542705519,3899.6461979444707,-157.66265523895163
3749.223364602683,4838.287018170493,-1089.06365356781
4632.563498308151,3924.005146360452,708.5583519476991
4629.989489748187,4776.422498499359,-146.43300875117166
4626.38174341135,4822.537580357501,-196.15583694615088
4634.990226296375,4803.670433015149,-168.68020671877366
4634.492826459517,4649.800160438042,-15.307333978525094
4637.993613933283,3927.5914109750856,710.4022029581974
4614.935321797217,4822.8808833850435,-207.9455615878269
4624.137164570163,4620.302080561582,3.835084008580452
4872.939293124531,4790.9888416299555,81.95045149457565
4642.151544791723,4841.177542147584,-199.02599735586136
4647.533630444738,4625.767608750063,21.766021694675146
4661.810213377217,4662.974990183071,-1.1647768058537622
4648.322347915986,4538.2337888498505,110.08855906613553
4667.536150263481,4010.0390617378803,657.4970885256012
4642.555250636907,4820.4470363551245,-177.89178571821776
4653.693489075411,4706.882809721781,-53.189320646370106
4875.497372507655,4861.417339423134,14.080033084521347
4649.883648217749,4778.3316760067,-128.44802778895064
4646.808000206061,4782.926062167665,-136.11806196160433
4655.869378674935,4660.189890640904,-4.3205119659687625
4665.952070864799,4896.641002301778,-230.68893143697915
4649.994488355944,4835.392719326138,-185.39823097019416
4656.851800897538,4783.332634777434,-126.48083387989573
4643.443367113091,4767.965912386522,-124.5225452734312
4855.579454805195,4774.835264084658,80.74419072053752
4627.976090091253,4574.474823098317,53.50126699293651
4630.564588448981,4876.134261127699,-245.56967267871732
4633.209518425438,3960.5303605405297,672.6791578849079
4610.287188847595,4512.946217723683,97.34097112391191
4649.150719490833,4092.766929742882,556.3837897479507
4622.333957787277,4824.533537746536,-202.1995799592596
4637.270843574856,4792.4495075620935,-155.1786639872371
4649.511007224661,4869.010675220946,-219.4996679962851
3755.378363652805,4549.168249556324,-793.7898859035186
3752.771646481302,4835.955390204392,-1083.1837437230897
3743.8480110545174,4353.135892201331,-609.287881146814
3911.4219807426794,4786.974647162024,-875.5526664193444
3911.0313188043956,3934.5803026464837,-23.54898384208809
3911.4224687547303,3967.053822558642,-55.63135380391168
3900.189195765298,4079.2768165234793,-179.0876207581814
3889.019655683587,4834.524277115098,-945.5046214315107
4796.841967662204,4472.102926362352,324.73904129985203
4793.036319274127,4905.514649139311,-112.4783298651837
4810.945163177343,3937.8361835136498,873.1089796636929
4787.367383409453,4856.829039564682,-69.46165615522841
4797.677393496645,3770.74008347047,1026.937310026175
4801.736417785567,4547.973758256946,253.76265952862104
4777.988471886303,4886.165088802123,-108.17661691581998
4774.677042094585,3885.313370862585,889.3636712319999
4721.2372434426925,4824.7897092300755,-103.55246578738297
4724.921690362921,4081.2519244113987,643.6697659515225
4716.698311435229,4568.151369373674,148.54694206155455
4715.923127881215,4621.635857710816,94.2872701703991
4721.919645768319,3902.5807001640574,819.3389456042619
4722.782229033891,3899.628175314653,823.1540537192377
4714.139987904977,3754.4438461771365,959.6961417278403
4731.0805848840555,4637.470373845668,93.6102110383872
4744.119160991374,4821.328514232938,-77.2093532415638
3919.7020338517154,4843.378770136015,-923.6767362842997
3895.2110400301435,3974.9607738171644,-79.74973378702089
3893.5036447808975,3874.0804501115367,19.423194669360782
3900.1219346081157,4885.317810154982,-985.1958755468663
3896.597274148642,3892.2488225782513,4.348451570390807
4782.737135312373,4643.488320807998,139.24881450437442
4790.644165996209,4763.401516485918,27.242649510290903
4772.434006433158,4826.960480625819,-54.526474192661226
4799.430638012603,4668.8335353921575,130.59710262044518
4773.171388249316,4863.7392822900265,-90.5678940407106
4784.47184322282,4884.788688302218,-100.31684507939826
4791.207699226355,4708.630070597424,82.57762862893105
4781.954701542485,4802.990369702726,-21.035668160240675
4811.890459667122,4656.127351401475,155.76310826564713
4806.62289386664,3927.869312002961,878.7535818636788
4795.33399037929,4690.598790451537,104.73519992775346
4804.626810557718,4878.707205324503,-74.0803947667846
4804.310289861549,4843.917848129132,-39.607558267583045
4811.526147971638,4655.310938461601,156.2152095100373
4806.564131097552,4676.394833964156,130.16929713339596
4806.656495648016,4825.474768701781,-18.818273053764642
3955.983687721724,4886.25043160311,-930.266743881386
4820.408181569916,4790.348531898911,30.0596496710059
4815.998539560645,4088.6672054223022,727.3313341383432
4808.746848593985,4786.6801845267855,22.06666406719978
4827.450485129192,4095.2808003227087,732.1696848064835
4813.571228324735,4830.691955301618,-17.120726976882906
4826.998105722286,4832.339825198997,-5.34171947671075
4819.889429095081,4907.329566598076,-87.44013750299473
4810.59818917191,4530.333071620007,280.26511755190313
4785.391402429885,4802.3298653243755,-16.93846289449084
4789.925374385821,3966.528091139764,823.3972832460568
4781.454886440601,4795.617507479676,-14.16262103907502
4786.91090137166,3899.3373849741115,887.5735163975482
4785.345235892882,4797.1929538470995,-11.847717954217842
4791.278099052968,4835.930726834796,-44.652627781827505
4784.79375327147,4679.918037663606,104.87571560786455
4787.025126679541,4741.855979737005,45.16914694253592
3912.4870571325937,3968.55185252608,-56.06479539348629
3913.2947558276255,4662.07177678173,-748.777020954104
3899.693040147131,4792.855432277862,-893.162392130731
3900.3167857109265,4542.988436423343,-642.6716507124165
3909.0633071377906,4341.692817989119,-432.62951085132863
3734.5056407155216,3891.9514330690454,-157.44579235352376
3731.396311583411,4814.163857132692,-1082.7675455492813
4513.7870361542655,4698.508356168236,-184.7213200139704
4512.594549846125,4836.01718932687,-323.4226394807447
4538.685992903838,4791.934758519938,-253.24876561610017
4511.279745363633,4682.677685889789,-171.39794052615616
4523.9233563364,4847.311923255596,-323.3885669191968
4530.4641036538305,4660.547453935272,-130.0833502814412
4521.578043433941,4698.257349916015,-176.67930648207403
4863.841596874865,3902.376545955947,961.4650509189178
4859.527842941485,4826.117414133499,33.410428807986136
4858.536536950788,3882.6944566018824,975.8420803489057
4424.928933088888,3915.260564890378,509.6683681985096
4422.96283561824,4767.013551625648,-344.0507160074076
4421.2547575922545,4817.804882490116,-396.5501248978617
4433.131779819513,4779.450155378961,-346.3183755594482
4865.340730096394,4883.65865093236,-18.317920835966106
4864.657273326389,4559.5390291780595,305.1182441483297
4870.722700924494,4643.938437766078,226.78426315841625
4855.424921772907,4828.624193552255,26.800728220651763
3893.239151476118,4821.201482115675,-927.9623306395574
3900.958213078461,4538.110730357703,-637.1525172792417
3897.6926862775244,4775.262858474116,-877.5701721965916
3904.8169850314307,4625.110017487912,-720.2930324564813
4685.116868567235,4889.837551915927,-204.72068334869255
4685.6160403613,4848.463148094231,-162.84710773293045
4680.281793581214,4847.198905962174,-166.91711238096013
4669.493108735571,4873.810874279181,-204.31776554361022
4674.348108228268,4814.859269114191,-140.51116088592335
4666.427787362837,4540.763301081517,125.66448628132002
4680.96299188877,3981.605067150977,699.3579247377934
4809.257435012725,4792.637119181102,16.620315831622975
4804.407832629501,4677.885456841427,126.52237578807399
4506.178110561141,4806.967034340489,-300.7889237793479
4509.2601147528785,4684.237012322581,-174.9768975697025
4512.970647127503,4453.671817140825,59.298829986678356
4506.698215305867,4792.441184707624,-285.74296940175736
4498.062661143731,3907.53202179743,590.5306393463011
4846.363801487397,4840.573409661835,5.790391825561528
4836.600065132081,4685.509287181321,151.09077795075973
4811.591932499104,4546.039315979301,265.55261651980254
4400.106116748553,4814.370711894329,-414.2645951457762
3739.4992093007304,4843.664747919998,-1104.1655386192679
3731.323416874462,4777.042482164496,-1045.7190652900335
3729.5429855276775,4775.327466167638,-1045.7844806399603
4631.615636290705,4789.796907008084,-158.18127071737945
4635.916243163054,4862.130181457298,-226.21393829424414
4639.241888432421,4660.233552644464,-20.99166421204336
4631.04931691422,3921.2428633393297,709.8064535748904
4639.780566527553,4909.700648514909,-269.92008198735584
4611.612913099742,4675.235295489212,-63.62238238946975
4625.390702822904,4774.005393034472,-148.6146902115679
4637.304169684167,4645.132078356659,-7.827908672491503
4874.655793810063,3770.2192063408147,1104.4365874692485
4650.1824774429315,4677.56524957301,-27.382772130078592
4630.805051095964,4857.725450624638,-226.92039952867435
4648.322347915986,3875.9827641910947,772.3395837248913
4652.260148144893,4851.54271663869,-199.28256849379704
4645.117719229812,4847.6165517876825,-202.49883255787063
4659.3834074997085,4662.918716435856,-3.535308936147885
4660.1361890207045,4453.706834136787,206.42935488391777
4868.8776775987435,4849.7532856760345,19.124391922709037
4659.019054109709,4559.58515277009,99.4339013396193
4658.937102038412,4825.018844689617,-166.08174265120488
4652.528333411473,3765.298873786163,887.22945962531
4665.617199562582,4718.81613128367,-53.19893172108823
4656.7387350668605,4570.979025844918,85.7597092219421
4654.85139270266,4707.452322339442,-52.600929636781984
4656.2776482953,4644.256368979007,12.021279316293658
4856.1763245875445,4559.969182437741,296.2071421498031
4633.209518425438,4824.761129858552,-191.55161143311398
4623.064715391127,4687.036318005602,-63.97160261447516
4639.017347497143,4565.596894822327,73.42045267481626
4643.324319884824,4002.8738220025643,640.4504978822597
4631.0783864382065,4850.897071376725,-219.81868493851835
4628.037305554384,4795.154712512939,-167.11740695855497
4633.074858098125,4816.008359410957,-182.93350131283205
4634.991712663607,4789.922114105107,-154.93040144149927
3743.171070265349,4463.354472189894,-720.1834019245453
3735.5584401055694,3754.379594170249,-18.82115406467983
3739.2890824315864,4077.6879884748123,-338.3989060432259
3897.8842122956066,3989.1724616390757,-91.28824934346903
3907.9204737228447,4849.568797920752,-941.6483241979076
3910.2782472951203,3927.4279979147514,-17.14975061963105
3904.1961169218266,4827.623787776323,-923.4276708544967
3896.1197109891395,4668.177655064385,-772.0579440752458
4798.65357717835,4854.245376622676,-55.59179944432617
4785.024958875363,4851.063849463169,-66.03889058780624
4786.276577448076,4697.696284261129,88.58029318694662
4786.922563488047,3809.774685183174,977.1478783048728
4789.477014229106,4772.771345428268,16.705668800837884
4794.3227689066625,4858.717465783417,-64.3946968767541
4791.00733311362,4834.939719989124,-43.93238687550365
4805.776050367158,4786.796995640361,18.979054726796676
4725.042930116168,4630.730821315717,94.31210880045091
4732.116989352777,4871.116567588391,-138.99957823561454
4730.93571265662,4872.495790362058,-141.56007770543783
4723.786142822795,4075.751517367639,648.0346254551564
4730.525740667179,4768.992630909633,-38.4668902424537
4718.263724665668,4673.4733452199,44.79037944576794
4722.377593392222,4704.727615265565,17.649978126656606
4717.398201161567,4700.482340301989,16.91586085957806
4730.930743307177,3949.071216788679,781.8595265184981
3881.227164953485,4323.820605519871,-442.59344056638565
3918.7325707761647,4479.185406655137,-560.4528358789721
3907.701242184291,4639.1931865254455,-731.4919443411545
3903.0184942560613,4897.146471855088,-994.1279775990265
3917.8429904744876,4859.371079457989,-941.5280889835017
4767.26586800563,4761.059785373706,6.206082631923891
4774.27561449664,4643.096051488464,131.17956300817605
4795.371395214583,4789.450744561891,5.92065065269162
4792.034660409501,4824.021588310361,-31.986927900859882
4780.266297598053,4692.7092375761995,87.55706002185343
4786.795323689165,4840.61266582735,-53.81734213818436
4785.970771594419,4780.069280425299,5.901491169119254
4781.320196465775,4894.109051075858,-112.78885461008304
4798.79065010183,4693.9345199331665,104.85613016866319
4805.527657876691,4799.013711935964,6.513945940726444
4820.397396707124,4786.042173693395,34.3552230137293
4809.834939991107,4864.421786001012,-54.58684600990546
4795.03692156269,4681.499301187315,113.5376203753749
4798.562356876906,4812.948142027443,-14.385785150537231
4794.62323065366,3951.4397656815095,843.1834649721509
4813.674479649611,4865.407123103641,-51.73264345403004
3958.2027650435493,4657.722538638776,-699.519773595227
4796.6041166723435,4615.913843642648,180.69027302969516
4810.59818917191,4852.250188064814,-41.651998892903976
4807.547884215654,3929.0334042895824,878.514479926072
4788.552030455242,4837.467309845799,-48.91527939055686
4818.195182914294,4883.360504687225,-65.16532177293175
4821.42724747667,4839.684286542384,-18.257039065713798
4811.4731531829675,4690.339606278099,121.13354690486813
4812.331472832644,3924.4504020286654,887.8810708039787
4780.374849653608,4702.3785662056,77.9962834480084
4784.31668546983,3903.7335501955467,880.5831352742834
4784.663706765997,4790.509375833402,-5.845669067405652
4786.4885563919015,3895.875364474393,890.6131919175086
4779.90872247726,4884.228548390738,-104.31982591347787
4781.507744958433,4777.010768543228,4.496976415205609
4796.648396869597,4690.6823058149685,105.96609105462812
4773.000654198157,4853.98959869388,-80.98894449572344
3890.503164987489,4625.184934351643,-734.6817693641542
3900.554124741306,4838.150468738144,-937.5963439968377
3908.3249420390052,4808.595829683311,-900.2708876443062
3890.22218407627,3748.101159842874,142.12102423339593
3907.8026455907097,3900.8710111673554,6.931634423354353
3738.7916314200065,4809.239849681672,-1070.4482182616657
3731.1961767579364,4324.213293199657,-593.0171164417202
4520.678061800237,4824.633340592954,-303.95527879271685
4515.234426754836,4688.384410411954,-173.14998365711836
4513.3559697135925,4684.7914532642035,-171.43548355061102
4525.677343150242,3907.967921073936,617.7094220763065
4520.924815434617,4850.043961096503,-329.11914566188625
4519.20807454047,4759.71970491709,-240.5116303766199
4521.807501507252,4830.012267288122,-308.2047657808698
4871.872031408571,4787.388392753124,84.48363865544707
4864.449321361603,3920.5871940468764,943.8621273147269
4858.216133337497,4893.182732931311,-34.96659959381395
4431.635062558292,4807.313815995012,-375.6787534367204
4437.987360515932,4810.128145416081,-372.1407849001489
4435.273899895046,4661.987690735253,-226.71379084020646
4413.081342465753,4764.330200160421,-351.248857694668
4861.95563280924,4759.465243477604,102.49038933163592
4861.76332044879,4576.532829869075,285.2304905797155
4868.094136697999,4853.171249714719,14.922886983279568
4852.445573063439,3976.800771202129,875.64480186131
3898.018982943252,4696.0807377402625,-798.0617547970105
3907.3415717693833,4833.648934363469,-926.307362594086
3898.6981178148476,4626.547612386434,-727.8494945715861
3889.333465076155,4546.650954514786,-657.3174894386307
4682.530530569058,4567.717250308224,114.81328026083429
4696.5029405096075,4666.163615149372,30.339325360235307
4687.189003494182,4657.370602154633,29.818401339548473
4689.638765834349,4086.7153150908366,602.9234507435126
4689.787194627152,4694.617439100369,-4.830244473217135
4689.737633494356,4682.793881041814,6.943752452541958
4680.159774411162,4676.21261572855,3.9471586826120983
4836.047157474225,4594.430186266038,241.61697120818735
4830.303654966078,3925.400745914214,904.9029090518643
4500.297024458524,4331.796740456013,168.50028400251085
4502.698315211524,4892.972885956192,-390.2745707446684
4504.263481510867,4777.612149911498,-273.34866840063114
4501.24992933065,4889.393015954904,-388.14308662425356
4502.22173486941,4884.237193438251,-382.0154585688406
4837.864171590419,4546.081890354747,291.7822812356717
4843.488773734719,3963.6995570850163,879.7892166497027
4833.370491892504,3903.6019057048106,929.7685861876935
4412.7900783716095,4001.4477183777503,411.3423599938592
3739.4992093007304,4831.261643793605,-1091.7624344928745
3745.229964113194,4696.200499461261,-950.9705353480667
3737.219442030963,3759.8689810495885,-22.649539018625546
4642.918072302816,4639.042581754464,3.8754905483519906
4627.964974101263,4812.356583677819,-184.39160957655622
4629.923917445001,4795.871707486211,-165.94779004120937
4636.320608757398,4806.795303569578,-170.47469481218013
4637.993613933283,4836.4426919856405,-198.44907805235744
4633.515993752367,4875.684236133753,-242.16824238138634
4641.369888091205,4785.641359654097,-144.27147156289175
4633.119031786344,4678.895055753136,-45.77602396679231
4861.660480410781,4774.1127793718115,87.54770103896954
4630.653380827563,4769.661824627641,-139.00844380007857
4640.834419428693,4777.989721545952,-137.15530211725945
4667.536150263481,4869.201162306103,-201.66501204262113
4645.117719229812,4900.7619659525,-255.64424672268797
4649.2366951777985,4555.720739211876,93.51595596592233
4654.558518805458,4778.308553348763,-123.75003454330454
4645.976194719994,3953.9336540628087,692.0425406571853
4869.960916208405,4549.553615490209,320.407300718196
4656.323017774593,3967.3995444179372,688.9234733566554
4649.994488355944,4880.729820659971,-230.735332304027
4645.85643005954,4625.1710547769135,20.68537528262641
4651.950501070615,3958.3007928662546,693.6497082043606
4644.955137448839,4802.119581811903,-157.16444436306392
4647.753735027333,4809.220194514351,-161.46645948701735
4646.899802938695,4810.358230068741,-163.4584271300464
4855.259467111986,4898.805017820498,-43.545550708511655
4649.150719490833,3995.1495187550645,654.0012007357682
4639.158644348253,4659.452683361852,-20.294039013599104
4631.0783864382065,4780.573809028996,-149.49542259078953
4640.13184775038,4838.24189956071,-198.11005181033033
4623.556619179954,4570.92564979662,52.63096938333456
4618.806046581166,4613.662707355273,5.1433392258932145
4640.571097668418,4550.457813799635,90.11328386878267
4635.957200876923,4836.5358606465325,-200.57865976960966
3744.7277219841353,3923.218549135148,-178.49082715101258
3738.051801658469,4678.342962625171,-940.2911609667021
3748.2095582737684,4865.752543689124,-1117.5429854153554
3899.163840230767,4895.665546664807,-996.50170643404
3906.443769519057,4546.261076783159,-639.8173072641025
3904.1006158619143,4633.189967531769,-729.0893516698548
3910.198160432602,3931.8246822289875,-21.626521796385532
3902.128412934225,4547.891983994502,-645.7635710602772
4788.118134333277,4854.218971790838,-66.10083745756037
4789.477014229106,3884.9617682013964,904.51524602771
4816.781722785664,4800.4743525353515,16.307370250312488
4801.727105763137,4084.7419880748516,716.9851176882853
4809.0067926275,4566.756520231231,242.25027239626888
4792.940390211495,3809.2114759676774,983.7289142438171
4802.091673435169,4888.300769909069,-86.20909647389999
4782.198846001119,4860.459179130272,-78.26033312915297
4725.229254393209,4654.151515256894,71.07773913631536
4721.767456063941,4855.598244763111,-133.83078869917063
4718.173049514822,4876.187413660589,-158.0143641457671
4723.281465939343,4848.055707197646,-124.77424125830294
4717.402485617212,4832.627651455221,-115.22516583800916
4729.832987935812,4744.88732132342,-15.054333387608494
4732.282194884756,4892.826836993089,-160.5446421083334
4723.405763469278,4860.332003106267,-136.9262396369886
4738.273866811461,4850.025598309862,-111.75173149840157
3894.15611484812,4771.699019937345,-877.5429050892249
3901.2017995384813,4310.716134224599,-409.51433468611776
3912.6342602872296,4811.4679008561925,-898.8336405689629
3919.307030958407,4813.036096708376,-893.7290657499693
3900.788632129493,4769.222758118468,-868.4341259889748
4780.705430556438,4801.219785486205,-20.51435492976725
4770.181581831837,4070.8079309480436,699.3736508837937
4785.436735080625,4742.945157033233,42.49157804739207
4774.96429473369,4889.619663721684,-114.65536898799473
4780.207534828965,4785.606388510441,-5.3988536814758845
4773.97857433342,4559.14422590779,214.8343484256293
4798.878091007331,4820.425657609022,-21.54756660169096
4781.092712697436,4777.627299011188,3.4654136862473024
4812.522454744443,3769.7648798383207,1042.7575749061225
4794.62323065366,4675.401432407036,119.22179824662453
4817.168459619994,4870.716928814136,-53.548469194141944
4826.998105722287,3912.4410336668775,914.5570720554092
4809.035335501411,4651.25114444345,157.78419105796092
4818.984900891335,4868.484210066251,-49.49930917491565
4815.9208612533275,3981.640629925121,834.2802313282064
4820.237997492854,4849.093867191697,-28.85586969884298
3958.2525992023175,4854.696581782904,-896.4439825805866
4815.3074594982945,4785.089062664423,30.21839683387134
4817.634695321556,4867.4272712159545,-49.7925758943984
4821.257237677381,4570.4786129339445,250.77862474343692
4817.9041190382595,4913.900621994309,-95.99650295604988
4806.7023986220265,4648.2874150885655,158.41498353346105
4803.913719596448,4842.8350103255625,-38.921290729114844
4803.670420610599,4888.750242940202,-85.0798223296033
4807.86434122702,4535.919383804053,271.9449574229675
4773.2041154511835,4767.748679006145,5.455436445038686
4798.000973985197,4875.384238609508,-77.38326462431178
4786.659132044865,3907.9992077895827,878.6599242552825
4774.4131032951245,4074.2574917311326,700.1556115639919
4767.49568157876,4677.9378132092315,89.55786836952848
4789.400108526931,4867.655999478518,-78.25589095158739
4770.368107360152,4876.4132090289095,-106.04510166875752
4784.811221245126,4864.80152970314,-79.99030845801371
3919.613282211782,4569.266713948004,-649.6534317362216
3918.325260046698,4753.455022406414,-835.1297623597161
3896.5023993212385,4626.346305133129,-729.8439058118906
3899.9238799580567,4867.835388699262,-967.9115087412051
3917.1377850721656,4841.731252020372,-924.5934669482067
3735.5469801379995,3968.2903239810344,-232.74334384303484
3741.343469115219,4444.257147425059,-702.9136783098402
4531.728110859591,4800.878743899633,-269.1506330400425
4518.597398842026,4892.998735786923,-374.4013369448967
4535.780525212421,3803.4990740116414,732.2814512007794
4520.12804716066,4776.836824946426,-256.70877778576596
4517.808904831652,3914.261463813282,603.5474410183706
4522.718321707498,4579.260407775026,-56.542086067527634
4521.383365754792,4566.314782198929,-44.93141644413663
4847.558132004838,3944.223650350942,903.3344816538956
4872.545368491008,3964.4609907554213,908.0843777355867
4868.666646649856,4773.122282291634,95.54436435822208
4444.748546779131,4794.311859612588,-349.5633128334566
4436.966485552726,4863.23761619606,-426.2711306433339
4415.850164804804,3750.758163267845,665.0920015369593
4417.84544226262,4762.50911585873,-344.66367359611013
4862.864906424371,4847.666849642471,15.19805678190005
4859.939502513524,3981.441656004218,878.4978465093054
4859.075762617537,4646.2146669083695,212.86109570916778
4876.0773165996725,3907.9455279438653,968.1317886558072
3900.1872062975763,4845.655663159222,-945.4684568616458
3896.8992569825646,4838.223306569573,-941.3240495870082
3887.604495750547,4755.620316055608,-868.015820305061
3919.016608569336,4009.2369741962316,-90.22036562689573
4695.8496237230665,4800.073153688164,-104.22352996509744
4683.985960431592,4850.207711593257,-166.22175116166545
4666.047231495781,3873.234515372377,792.8127161234038
4672.464487773715,4816.170155470033,-143.70566769631841
4707.640454505511,4801.451747210719,-93.81129270520796
4681.18449152192,4625.907551963662,55.276939558258164
4691.198659180736,4785.99460071995,-94.79594153921335
4819.1743456785525,4836.6922541538925,-17.517908475339937
4839.55179934296,4806.423543904817,33.12825543814324
4479.301471398771,4846.317847373053,-367.0163759742818
4500.179200736233,4824.374411704282,-324.19521096804874
4502.076600102217,4860.3633902730035,-358.28679017078684
4506.23166486101,4654.056708641835,-147.82504378082467
4495.121204539185,4853.594268528771,-358.4730639895861
4824.022694198742,4836.985384617817,-12.962690419074534
4832.650223464479,4547.981695394943,284.66852806953557
4829.525145840186,4556.535267293183,272.9898785470032
4400.184665559118,4546.570848810754,-146.38618325163588
3739.4992093007304,4679.9722613758895,-940.4730520751591
3740.243611836714,3994.73452040247,-254.49090856575594
3743.941148367721,4812.875208293251,-1068.9340599255297
4639.588079903284,4563.782024843847,75.80605505943731
4633.171300086311,4800.2928146652475,-167.1215145789365
4627.045888646418,4339.081566907678,287.9643217387393
4641.6193845912085,4476.465706372348,165.15367821886048
4633.364739152324,3983.596839703293,649.7678994490307
4636.060030502055,4832.143102805328,-196.08307230327318
4645.285087562195,4885.2470221680005,-239.96193460580525
4633.163808920988,3997.654341004825,635.5094679161634
4868.588545790485,4790.7756396854,77.81290610508495
4641.297572599573,4641.10681424569,0.19075835388321138
4645.544029053042,4773.361549843078,-127.81752079003581
4642.555250636907,3892.920617713794,749.6346329231128
4659.3834074997085,4088.2178180139417,571.1655894857668
4654.558518805458,4850.652347848834,-196.093829043376
4659.501680482467,3770.1370389963854,889.3646414860818
4650.723342949537,3765.161370086922,885.5619728626152
4858.441320811186,4522.3668590232555,336.0744617879309
4631.247112343403,4855.678832259629,-224.43171991622603
4654.487719779193,4842.500800183682,-188.0130804044893
4650.349790877705,4855.23157862145,-204.881787743745
4657.568803246111,4862.7270293066995,-205.15822606058828
4646.701998063549,4825.422601147548,-178.72060308399978
4662.387298461687,3906.4894729607045,755.8978255009829
4650.925361542879,4870.5581157495035,-219.63275420662467
4865.294265303465,4661.830290699232,203.46397460423304
4637.270843574856,4782.7170816046755,-145.44623802981914
4638.340826492631,3968.0215766272645,670.3192498653666
4633.074858098125,4883.740598249353,-250.6657401512275
4636.869809856178,3929.36504454054,707.504765315638
4640.571097668418,4813.938849828866,-173.36775216044862
4633.564109637902,4828.442487146138,-194.87837750823564
4615.59932321167,4433.1146737739155,182.48464943775434
4630.53640297778,4803.251034222946,-172.71463124516595
3739.9020817888927,4767.007339475866,-1027.105257686973
3748.4394189585128,4813.588199736648,-1065.148780778135
3735.760623231567,4789.963060799982,-1054.2024375684146
3922.605069711774,3946.016358143952,-23.411288432178026
3904.792567105617,4894.803202960675,-990.0106358550579
3896.1865580579683,4864.640418797041,-968.4538607390728
3888.8688662646105,4864.290013382264,-975.4211471176536
3902.9654684636816,3889.739395590496,13.226072873185785
4792.661060605665,4895.103384152039,-102.44232354637461
4805.776050367158,4839.274784846186,-33.49873447902792
4791.2997526067975,4787.65016165398,3.6495909528175616
4790.111628381196,4783.971446035242,6.140182345954599
4782.198846001119,4846.751332966401,-64.55248696528179
4796.125904970113,4559.182833627701,236.9430713424117
4782.066803684092,4783.366259490291,-1.2994558061991484
4798.012545489561,3961.062188375558,836.9503571140026
4720.213855934146,4625.756278992316,94.45757694182976
4726.146200844851,4688.017635718346,38.12856512650433
4716.341999272874,3899.18433238221,817.1576668906641
4714.386486689178,4632.574387977832,81.81209871134615
4710.290707358277,4813.006988483627,-102.71628112534927
4719.133262475517,4636.642312191809,82.49095028370812
4719.865088385475,4535.63433695862,184.23075142685502
4712.308329303217,4871.211520904336,-158.90319160111903
4749.956718004307,4574.640905486179,175.31581251812804
3906.465746639778,4624.725884143636,-718.260137503858
3906.6384515077584,4793.126725897206,-886.4882743894473
3890.722046227097,4836.246919270624,-945.5248730435269
3906.09879967264,4864.588550370827,-958.489750698187
3903.209918401127,4468.662295533521,-565.4523771323934
4786.079448904074,4827.964759529877,-41.88531062580296
4781.578254424194,4444.237158882364,337.3410955418294
4797.409888823737,3892.2789301117755,905.1309587119613
4779.8108605814705,4795.451249573119,-15.640388991648251
4782.390252325399,4627.140225224034,155.25002710136505
4782.078531195039,4848.398257823976,-66.31972662893622
4780.244951365808,4736.104228905299,44.140722460509096
4797.525512408391,4843.1610976245875,-45.63558521619689
4802.201538546231,3919.004383419271,883.1971551269598
4807.547884215653,3921.71792756513,885.8299566505225
4806.427814111636,4704.750072875373,101.67774123626259
4794.3062063064945,4536.994327254788,257.31187905170646
4797.266045340506,3921.361214052783,875.904831287723
4832.111018257876,4912.839753023511,-80.72873476563473
4821.257237677381,4799.575433973291,21.68180370409027
4804.298468711927,3965.348903508033,838.949565203894
3946.050366794097,4074.1110091764326,-128.06064238233557
4798.808254757702,4694.089527926572,104.71872683112997
4809.121596262904,4905.704209496739,-96.58261323383522
4817.738222413207,4880.35631593994,-62.61809352673299
4795.886948292355,3781.5636163320214,1014.3233319603332
4814.526771594657,4808.726064945405,5.800706649251879
4820.213946825175,4706.559592156505,113.65435466867075
4816.077911653069,4885.771308585655,-69.69339693258553
4793.389269692749,4811.334424131781,-17.945154439032194
4774.190080609415,4644.227472938225,129.9626076711902
4768.210980611792,3751.060096525238,1017.1508840865545
4774.66496834302,4781.361394839566,-6.696426496546337
4780.7488022952475,4784.431403408347,-3.682601113099736
4784.2757217385715,4441.896623436351,342.3790983022209
4779.148009454665,4800.103149860865,-20.95514040620037
4777.770060312416,4551.355673771304,226.41438654111153
4784.6531791772995,4779.450155378961,5.2030237983381085
3909.8208832723194,4900.06344575818,-990.2425624858606
3900.177409470883,4552.124098728359,-651.946689257476
3914.0738906929755,3970.288511967678,-56.214621274702495
3893.331926973932,3749.9106061109924,143.4213208629394
3908.6614077444256,4692.652661901348,-783.9912541569229
3738.0474976281894,3879.9632943108077,-141.9157966826183
3721.2491585296916,4835.2275056295075,-1113.978347099816
4527.457573406002,3902.301393472776,625.1561799332258
4519.218276929516,3764.0170778314136,755.2011990981023
4519.303893459583,4689.502982397178,-170.19908893759475
4513.084489181453,4458.2254596640105,54.85902951744265
4511.519625621324,4816.105068364914,-304.58544274358974
4525.129869932211,4817.005325430495,-291.8754554982843
4508.671728438569,4812.324481519121,-303.65275308055243
4855.339649508129,3758.4259408960293,1096.9137086120995
4864.461989099015,4832.581586552886,31.880402546129517
4862.234740162197,4884.184239155731,-21.94949899353378
4426.273682657986,4893.405884317645,-467.1322016596596
4422.954165727907,4438.676855530487,-15.722689802580135
4430.512933196857,4842.023762903357,-411.51082970649986
4435.855715729065,4638.404810790148,-202.54909506108288
4873.648710208701,4808.760922399541,64.88778780915982
4868.46807287057,4894.447896885531,-25.979824014961196
4876.370657459561,4476.96646678622,399.40419067334096
4872.547209914508,4713.372819973829,159.17438994067925
3907.7627122567483,4081.7451447074377,-173.98243245068943
3903.6039541083896,4772.01241504947,-868.4084609410806
3908.922698736143,4801.993245358063,-893.0705466219201
3911.8854771041238,3927.391591468633,-15.506114364509358
4702.875681743314,4577.68730487877,125.1883768645439
4674.747303915283,4679.605185945587,-4.857882030304609
4689.545320406516,4682.522346187908,7.022974218608397
4703.948283224179,4858.070555041747,-154.1222718175677
4680.822587039831,4793.678937824344,-112.85635078451287
4686.287455313215,4855.991276305783,-169.70382099256767
4688.3046407843185,4743.042720498234,-54.738079713915795
4809.929916346577,3754.709143053186,1055.2207732933907
4825.757129917513,4784.6226555088315,41.134474408681854
4507.659961602214,4880.405284063604,-372.74532246139006
4502.2988851554865,4872.3989489653595,-370.10006380987306
4507.386691454663,4692.300380949358,-184.91368949469506
4501.887183195683,4761.923255229086,-260.0360720334029
4482.782152889926,4857.813005060531,-375.0308521706056
4832.641529369996,3914.634982662916,918.0065467070795
4826.711843549119,4641.424536703675,185.28730684544462
4818.456396500542,4331.161485591396,487.294910909146
4406.792939225145,4856.323393716453,-449.53045449130786
3739.4992093007304,4763.969158765682,-1024.4699494649512
3748.144044837944,3905.723410830914,-157.57936599297
3734.1487069324007,4548.385131044514,-814.2364241121136
4624.558392283014,3763.298143881984,861.2602484010299
4631.672476141256,3995.0543181807466,636.6181579605095
4631.04931691422,4806.798885596226,-175.7495686820057
4622.259735345226,4072.9787831405006,549.280952204725
4614.935321797217,4726.022768176946,-111.08744637972904
4641.369888091205,4861.441770652662,-220.07188256145673
4636.982817781005,4803.867853325127,-166.88503554412182
4630.717625528092,4776.462409977348,-145.74478444925626
4860.769649184566,4773.82883835539,86.94081082917637
4636.525804289988,4855.67764613478,-219.15184184479222
4670.367532959636,4351.209477700309,319.15805525932683
4653.693489075411,3768.7042182628084,884.9892708126026
4660.1361890207045,3867.913987331214,792.2222016894907
4645.976194719994,4690.085263514502,-44.10906879450795
4650.723342949537,4653.05586172504,-2.332518775502649
4647.071073797502,4794.245077769788,-147.1740039722854
4866.0310958500295,3755.3568472601783,1110.6742485898512
4656.7387350668605,4646.264512536753,10.474222530107909
4653.494183983469,3959.614097991971,693.8800859914982
4656.390145629085,4889.201933918446,-232.81178828936117
4632.299872021096,4685.361566737202,-53.0616947161061
4653.372060321619,4861.70989457657,-208.3378342549513
4658.482199411982,3904.5961654469556,753.8860339650264
4646.374054310564,4773.394371378546,-127.02031706798152
4850.2493592436995,4648.902436068237,201.3469231754625
4639.013129064725,4702.33855018302,-63.3254211182948
4626.881103934235,4791.771351311331,-164.89024737709587
4629.420518850257,4735.568776443217,-106.14825759295945
4631.064509547582,3997.9171220850367,633.1473874625453
4634.978292146028,3965.937675336675,669.0406168093532
4618.00788355695,3946.8984495809555,671.1094339759948
4626.176401929563,3970.777783670015,655.3986182595481
4631.857259001016,4803.0626154991405,-171.20535649812427
3732.9133551288924,4867.414537366255,-1134.5011822373626
3724.7179199573766,3905.95918195347,-181.24126199609327
3738.9009408882707,4655.37569317807,-916.4747522897992
3902.0127818738633,4795.820940688716,-893.808158814853
3905.8752189568286,4878.28729565997,-972.4120767031418
3908.3459099254505,4629.550052660415,-721.2041427349641
3901.006838789838,4699.120215973386,-798.1133771835475
3906.0338636474175,4870.046787952968,-964.0129243055503
4808.564462215956,4792.755857452259,15.808604763697076
4802.397116833828,4089.11629781981,713.2808190140177
4799.763295096372,4779.862150039439,19.901145056932364
4800.719225803779,4000.51693907951,800.2022867242695
4787.0720282152415,4792.190516270798,-5.118488055556554
4784.971516418447,4849.852954594009,-64.88143817556193
4787.759269867934,3754.133993256862,1033.6252766110715
4785.410211492913,4791.1780694934205,-5.767858000507658
4715.937013780504,4781.250947771681,-65.31393399117769
4721.175768605036,4704.163397723163,17.012370881872812
4715.093474585169,4788.610780596485,-73.51730601131567
4705.109966497766,3915.84835431675,789.2616121810165
4732.94370685325,3967.5925649104347,765.351141942815
4723.159895578267,4859.547742356549,-136.38784677828153
4715.415373041707,4671.972877365341,43.44249567636598
4711.407050078697,4074.6635517780132,636.7434983006833
4739.365730215685,4652.731901433178,86.63382878250741
3894.077495259357,4323.625889440459,-429.54839418110214
3906.893725695759,4849.738874151239,-942.8451484554798
3901.850336868291,4861.238912861353,-959.3885759930622
3920.3677995708367,4703.083522683664,-782.7157231128276
3892.951288265202,3949.1578936618243,-56.20660539662231
4787.815238890356,4912.115169308077,-124.29993041772104
4790.273413246708,4783.75366080495,6.519752441757191
4780.244951365808,4783.489520594078,-3.2445692282699383
4785.628398457977,4546.186596954402,239.44180150357442
4784.241592903321,3992.0854404079746,792.1561524953468
4787.123175428843,4897.31553771575,-110.19236228690716
4793.881401224267,4860.07804014536,-66.19663892109293
4770.8533044984215,3750.8566270936676,1019.9966774047539
4816.976385411433,4323.589898402007,493.38648700942576
4812.331472832644,4652.5047745571055,159.82669827553855
4802.076429615552,4439.553102781565,362.5233268339871
4817.201144495546,4786.496808779139,30.704335716406604
4808.00567614214,4860.820596866516,-52.81492072437595
4808.1552778070345,4336.599970461359,471.5553073456758
4807.864341227021,4652.54897016581,155.3153710612114
4807.574259603093,3925.1552603311766,882.4189992719166
3948.6261831221423,4880.379109248125,-931.7529261259829
4791.4628664233405,4865.903168519736,-74.4403020963955
4823.879900263456,4558.115849243742,265.7640510197143
4793.389269692749,4820.981282896754,-27.592013204005525
4819.693086066847,3782.2476890199396,1037.4453970469076
4810.799121819569,4704.918482628785,105.88063919078468
4827.422874929672,4806.797713243392,20.62516168628008
4803.220626227432,4538.288719356879,264.9319068705536
4802.318003920401,4791.30348481022,11.014519110181027
4770.643384264198,4641.892618263068,128.75076600113061
4791.130423428163,4814.5284861798045,-23.39806275164119
4800.439531150581,4815.748837118111,-15.309305967529326
4774.270510476976,4545.32818698514,228.94232349183585
4785.969016806829,4852.094668448984,-66.12565164215448
4794.5624981640285,4788.549231866507,6.013266297521113
4770.81643074934,3892.708965584094,878.1074651652457
4781.041514104918,4900.197323612887,-119.15580950796902
3898.2917526700394,4842.362770281754,-944.0710176117145
3901.8717540914135,4774.075760135948,-872.2040060445347
3913.2498205737184,3968.9435575040325,-55.69373693031412
3901.88521441939,4775.710366974148,-873.825152554758
3908.864389936854,4797.569403352898,-888.705013416044
3748.9380238940726,3925.2868070179625,-176.34878312388992
3735.415209747334,4783.2973034378,-1047.8820936904663
4509.703185799368,4832.3060242464,-322.6028384470319
4520.719181006621,4795.981464490247,-275.26228348362656
4528.068917840719,4846.448482005842,-318.37956416512316
4515.406810103522,3959.9311638732197,555.4756462303021
4530.396195694396,4744.202077964421,-213.805882270025
4514.835665844005,3975.6501962639136,539.1854695800916
4499.441083006082,4681.264639097032,-181.82355609094975
4861.241689145628,4860.591092462812,0.650596682815376
4859.911126154258,4786.126355443895,73.78477071036377
4859.055585471498,4627.973622842211,231.08196262928686
4440.783346888146,4895.108183029174,-454.32483614102784
4436.315642151037,4657.319118079936,-221.0034759288992
4438.000956089818,4850.36782570309,-412.3668696132718
4432.747527379945,4908.074246597794,-475.32671921784913
4862.519400921176,4081.268690797012,781.2507101241645
4857.335091375512,4642.377903347091,214.95718802842111
4859.614642804982,4550.828384494228,308.7862583107544
4853.09952918967,4883.500328222339,-30.400799032669056
3919.3304083112325,3974.6656721991817,-55.33526388794917
3896.4560238727386,4847.628610745753,-951.1725868730141
3902.258585030698,3980.402348933582,-78.14376390288362
3895.8119548914165,4864.441397354619,-968.6294424632024
4679.687707556741,4649.322329275958,30.36537828078326
4684.596903680727,4337.680330631917,346.9165730488103
4679.514300758414,4459.866544316461,219.64775644195288
4689.065048699512,3926.4904972139393,762.5745514855726
4670.9324387901115,4455.779339744839,215.15309904527294
4684.330922790209,3768.164837779281,916.1660850109283
4670.57813003536,4826.083741995379,-155.50561196001854
4825.860373944438,4832.871492649715,-7.011118705277113
4804.260250286592,4741.612640384883,62.647609901709075
4519.053297798968,4895.683709162567,-376.6304113635988
4504.896296139637,4850.384925898862,-345.48862975922475
4501.636412978043,3758.675638711928,742.9607742661151
4514.1044716647,4789.149875902673,-275.04540423797243
4503.3934235209335,4466.313983554685,37.079439966248174
4843.9700288685635,4872.831145252653,-28.861116384089655
4846.784084139956,3909.974700881271,936.8093832586846
4840.004354519524,4856.036881884062,-16.0325273645376
4423.201076808304,4821.402033392436,-398.20095658413265
3739.4992093007304,4551.154735998856,-811.6555266981259
3759.529098498958,4812.999802835264,-1053.470704336306
3744.126327754558,4701.785922095336,-957.6595943407779
4627.579117141589,4775.922530559642,-148.34341341805248
4627.094993467394,4688.189465188267,-61.094471720873116
4632.874545445819,4787.6610933796455,-154.7865479338261
4619.456726629583,4884.882224089248,-265.42549745966517
4627.609119649897,4871.222996374161,-243.61387672426372
4628.946441164787,4889.904297453535,-260.9578562887482
4628.5896799344055,3920.9648674389755,707.62481249543
4632.585202440823,4776.233019192234,-143.64781675141057
4865.366600043742,4837.150737479411,28.215862564331474
4658.614983578394,3922.3683818828404,736.2466016955532
4649.095930751557,4743.201309801517,-94.10537904995999
4655.084734725026,3971.820663955442,683.2640707695837
4653.570172231118,4350.403344393309,303.16682783780834
4650.035091853345,4677.482132002116,-27.44704014877061
4641.01116369487,4816.169906243725,-175.1587425488542
4647.670201774502,4701.299044580137,-53.62884280563503
4863.241159754754,4644.534590224271,218.70656953048365
4638.908812372892,4827.583078990321,-188.67426661742957
4644.118796691759,4846.331167888861,-202.21237119710258
4667.149475462229,4844.078829655368,-176.92935419313926
4655.627753832066,4779.943819550157,-124.31606571809061
4658.587150038699,4784.543040048077,-125.95589000937798
4656.059581344739,4547.841918173172,108.21766317156653
4647.392751596761,4783.633522262715,-136.2407706659542
4849.8972612398675,4856.669522670704,-6.7722614308368065
4641.940211481367,4575.882866915892,66.05734456547543
4611.028542979602,3891.635585362539,719.3929576170631
4633.855893859936,4839.5931118467,-205.73721798676343
4621.04808276382,4853.351908566827,-232.30382580300648
4637.058711942849,3887.969914045939,749.0887978969104
4643.778478740078,4662.827016921976,-19.04853818189804
4623.822868265867,4841.104732659045,-217.28186439317778
4627.086024367541,4825.799635467568,-198.71361110002726
3738.9009408882707,4845.673240422225,-1106.772299533954
3745.52658128066,4902.955163185991,-1157.4285819053312
3740.717311810267,4700.978129876145,-960.2608180658785
3893.4121727867346,4771.346189598786,-877.9340168120511
3903.7583776963825,4771.8764937892765,-868.1181160928941
3907.113067948715,3927.7192113985716,-20.606143449856518
3904.5104880810263,4817.082272181867,-912.5717841008404
3910.2803090397415,4660.789853733985,-750.5095446942437
4793.172713887097,3957.5687004049455,835.6040134821519
4788.272120906773,4773.488787842783,14.78333306399054
4793.2121037726965,4823.524328022118,-30.312224249421888
4805.616692607841,3937.094059798141,868.5226328097001
4798.731966636232,4803.932268821123,-5.20030218489137
4787.534616176374,4841.561004331225,-54.0263881548517
4799.536566528926,4658.280872524119,141.25569400480708
4792.032241175935,4846.5200247709145,-54.48778359497919
4725.000010133868,4852.884233419744,-127.88422328587603
4722.788493725588,4865.3779644882425,-142.58947076265486
4723.159895578267,3954.8129255467024,768.346970031565
4716.8031345554255,4765.104164930399,-48.30103037497338
4710.807726860085,4832.357633119243,-121.54990625915798
4729.5782453842585,4869.1923851893225,-139.61413980506404
4725.035442174435,4655.294737948127,69.74070422630848
4744.046906122856,4649.296789448938,94.75011667391755
4749.078555065072,3776.766170538121,972.3123845269506
3902.4949263675685,4782.398860505481,-879.9039341379125
3906.464480364655,4836.360333902839,-929.8958535381835
3896.711772101447,4902.59657884668,-1005.8848067452332
3908.56829807648,4889.061729680927,-980.4934316044469
3902.4897950085237,3958.381471133457,-55.89167612493338
4778.364529043262,4823.568245273186,-45.203716229923884
4796.773520780791,4874.477320771504,-77.70379999071338
4780.0712178430485,4846.423023102826,-66.3518052597774
4783.52135125031,4535.517262232399,248.0040890179107
4785.345235892883,4304.327335070746,481.01790082213665
4783.429640480852,3761.2452783668327,1022.1843621140192
4775.719833346965,4550.581889865401,225.13794348156443
4778.038848176868,4773.300134866034,4.7387133108341
4819.402788687994,4658.61107344891,160.79171523908371
4806.265318745847,4869.9648864445135,-63.699567698666215
4817.657105505945,4877.549794080321,-59.892688574375825
4810.194618037476,4655.157126736352,155.03749130112374
4812.039926064262,4790.5499199585565,21.490006105705106
4802.507602592809,4782.731175454874,19.77642713793557
4793.852277847347,4821.391016619101,-27.538738771753742
4817.20498862298,4785.317309006782,31.8876796161976
3958.028275350176,3914.9259608206844,43.10231452949165
4815.175990403643,3996.38934261519,818.7866477884527
4807.404134655299,3967.9014464222387,839.5026882330599
4810.632318007159,4626.369945689917,184.2623723172419
4816.838264881193,3927.3209695942846,889.5172952869084
4796.334411472875,4693.25821119446,103.07620027841494
4816.7915511984265,4890.154238142981,-73.3626869445543
4813.831197636528,4655.082566631665,158.74863100486255
4812.325613075416,3912.935186652248,899.3904264231683
4768.236651850697,3753.5786547122375,1014.6579971384595
4778.200811950588,3963.423043609636,814.7777683409522
4790.12600027479,4560.606660620763,229.51933965402714
4791.33557274091,3975.182715747721,816.1528569931888
4777.682293445941,4792.1194280443215,-14.437134598380908
4794.065063936234,4790.401262552164,3.6638013840702115
4785.823334971121,4764.91366439792,20.909670573200856
4764.062248998656,4300.215919126942,463.84632987171426
3907.4827073788147,3771.0590838500334,136.42362352878126
3907.147596249762,3963.9988274292386,-56.8512311794766
3900.8769277302285,4651.221422689936,-750.3444949597074
3906.068116662134,4706.638385580805,-800.5702689186714
3895.4292154487107,4843.4642577094055,-948.0350422606948
3739.731506210351,4682.910210277509,-943.1787040671575
3750.883544992365,4557.536322164811,-806.6527771724463
4514.774315750889,4763.722043825261,-248.9477280743713
4526.636424871669,3909.132280124812,617.504144746857
4521.697048299401,3960.000281916454,561.6967663829473
4527.384250564705,4782.825793262019,-255.4415426973137
4503.849733563555,4785.117847170811,-281.26811360725605
4521.710964574984,4781.460267294721,-259.749302719737
4521.625696583897,4769.5646207117015,-247.93892412780497
4862.359851991812,4850.627887067241,11.731964924571002
4871.636107235626,4748.40105123899,123.23505599663622
4853.391771367717,4839.642399741764,13.749371625953245
4439.656715988873,3933.597669276267,506.0590467126058
4454.248562466592,3981.6289657092057,472.6195967573867
4421.334057980869,4879.758205970848,-458.42414798997925
4432.97091286768,4910.6606678239295,-477.6897549562491
4871.840299433563,3920.46001102785,951.3802884057127
4852.8053162968035,4791.6624830164465,61.14283328035708
4864.267906921155,4085.6298449222695,778.6380619988859
4850.070227255138,4328.107100540802,521.9631267143359
3914.883478932107,4639.325092796339,-724.4416138642318
3912.6036639728222,4638.222377028733,-725.6187130559106
3905.8785051756004,4739.119437857187,-833.2409326815869
3914.2179429956504,4787.661958659297,-873.4440156636465
4684.757182032643,4706.712108659599,-21.954926626955967
4698.342956716971,4865.722316345795,-167.3793596288242
4682.28051350439,4083.305914120449,598.974599383941
4673.373942325591,4747.447540038877,-74.07359771328629
4687.853151186348,4887.265265044783,-199.41211385843417
4674.945308771995,4729.907716379354,-54.96240760735873
4680.030160698655,4782.159168142498,-102.12900744384297
4819.601203998686,4846.548837642116,-26.94763364342998
4821.546194385573,4531.739303947863,289.8068904377096
4511.51537546901,3966.7608114868312,544.7545639821788
4499.303970413517,4846.54696978621,-347.2429993726928
4492.801452635803,4818.580188158147,-325.7787355223445
4499.441396703971,4777.851787942696,-278.4103912387254
4497.860377594877,4649.175279895176,-151.31490230029885
4833.061458287695,4691.209727541741,141.85173074595423
4825.993411089347,4881.457586232226,-55.46417514287896
4829.6108124636285,3898.8691511687557,930.7416612948728
4411.345996474729,4547.105521056094,-135.75952458136544
3739.4992093007304,4763.969158765682,-1024.4699494649512
3742.6548132244843,4784.645974849484,-1041.9911616250001
3732.200104557185,4647.137036497123,-914.9369319399375
4635.916243163054,3993.5176199812236,642.3986231818303
4629.923917445001,4847.822181248603,-217.89826380360137
4621.936692056181,4777.115218212334,-155.17852615615357
4611.612913099742,4529.783795109992,81.82911798975056
4624.137164570163,4814.229813600848,-190.0926490306847
4633.119031786344,3973.913675993008,659.2053557933359
4630.717625528092,4687.297675530429,-56.580050002336975
4623.113050513058,4643.285845878472,-20.17279536541446
4869.9484506995195,4830.734699951753,39.213750747766426
4645.117719229812,4775.1037247821305,-129.9860055523186
4654.904765723372,4792.601247990689,-137.69648226731715
4649.883648217749,4806.003256959736,-156.11960874198667
4659.019054109709,4786.036216964508,-127.0171628547987
4656.323017774593,3933.1480945855424,723.1749231890503
4631.247112343403,3882.45489832976,748.7922140136434
4656.73873506686,3872.479874098403,784.2588609684567
4858.120572963449,4683.471685297117,174.64888766633248
4647.753735027333,4842.293994079485,-194.54025905215167
4652.674370340276,3928.542002897423,724.1323674428531
4652.58121787953,4692.961514123435,-40.38029624390492
4657.227227980256,3766.9452908221883,890.2819371580681
4650.543238353046,4790.101745236952,-139.55850688390638
4653.937099882186,4861.068564839834,-207.13146495764795
4650.141508878292,4796.628248638342,-146.4867397600492
4849.159426255599,4541.085661756755,308.07376449884396
4635.957200876923,4784.058071440708,-148.10087056378507
4627.6614550934555,3992.1826584218675,635.478796671588
4634.607331351235,4849.36430817129,-214.75697682005466
4647.752290075217,4014.691221898121,633.0610681770963
4634.775560367041,4858.013610934166,-223.23805056712445
4638.517765056911,4833.328500436414,-194.81073537950306
4630.630395796283,4839.445239889123,-208.81484409283985
4613.875099569802,4761.623623663353,-147.74852409355117
3741.4740286707697,4637.1802144932935,-895.7061858225238
3741.4716511731754,4879.198712912393,-1137.7270617392173
3744.2399113528654,3924.055309125806,-179.81539777294074
3906.9487789355085,4859.5344088586635,-952.585629923155
3915.2390157097175,4890.874315886703,-975.6353001769853
3911.3183800815555,3908.713832647248,2.6045474343072783
3911.5938092030783,4708.573770274504,-796.9799610714254
3896.93068015327,4533.365829281752,-636.435149128482
4794.10397109395,3959.5457005839044,834.558270510046
4787.759269867934,4537.607974053317,250.1512958146168
4808.1287375753345,4763.2125566017985,44.91618097353603
4780.134462062932,3954.3686526330107,825.7658094299209
4796.176250717837,4798.090314663181,-1.9140639453435142
4783.9144654418715,4640.975395321851,142.93907012002092
4796.942046173001,4850.533439819965,-53.59139364696421
4806.114472407138,4859.075814920429,-52.96134251329113
4713.573522117058,3761.385263396763,952.1882587202949
4726.610248521346,4800.481956177209,-73.87170765586325
4725.772309891491,4818.045840836059,-92.27353094456794
4720.536672726435,4776.088609175171,-55.55193644873543
4720.39268511024,4821.704066592489,-101.31138148224909
4735.485134740876,4800.94243670794,-65.45730196706427
4726.272277295521,4852.614252793286,-126.3419754977649
4725.784515029671,4694.851193670274,30.93332135939636
4723.025525769816,4763.985786508061,-40.96026073824487
3906.236832460917,4674.583223288287,-768.3463908273698
3913.331430594868,4564.599659952806,-651.2682293579383
3899.5564814613203,4764.105652393736,-864.5491709324156
3902.215424090019,4709.363028450196,-807.147604360177
3893.329086513586,4754.16109318378,-860.8320066701945
4795.070651208084,4699.397369715301,95.67328149278364
4780.649420342486,4870.446373156616,-89.79695281412933
4794.9006414087935,4918.335751017208,-123.43510960841468
4784.316685469829,4780.469241547711,3.8474439221181456
4790.854356523608,4758.082812133838,32.77154438976959
4775.163956805733,4755.360324215162,19.803632590570487
4781.507744958434,4786.743194500647,-5.235449542213246
4766.369103231211,4888.409350270957,-122.04024703974574
4810.019403895617,4804.352644740262,5.6667591553550665
4810.427600057857,4778.5288116621,31.898788395756128
4793.852277847347,4799.200368864001,-5.348091016653598
4818.590005184094,4887.6832203280965,-69.0932151440029
4803.16446850345,4895.705244159145,-92.54077565569514
4803.122586324773,4790.963753019825,12.15883330494762
4821.58590767902,4828.764628455514,-7.178720776493719
4802.318003920401,4568.394204147801,233.92379977259952
3952.2602429988533,3994.205070804243,-41.94482780538965
4810.247651530081,4078.2056529303045,732.0419985997769
4810.345440688684,4567.406181652126,242.93925903655781
4802.432980556826,4880.256810993096,-77.82383043627033
4810.20108973406,4883.994961799161,-73.79387206510091
4811.598344231047,3806.515912959767,1005.0824312712803
4801.574705701913,4554.0740792401075,247.50062646180595
4809.462279116453,4653.899686537469,155.56259257898364
4806.96034340153,4774.075760135947,32.88458326558248
4780.309815412097,3960.8546151706755,819.4552002414216
4790.18634209508,4880.897952306157,-90.71161021107673
4773.914819114748,4814.4442521961,-40.52943308135218
4781.673467401779,4847.1038490791325,-65.43038167735358
4784.650765448433,3928.2020456457403,856.4487198026927
4781.513020748072,4651.0013304828535,130.51169026521893
4780.918632839403,4083.1154575117744,697.8031753276282
4790.058376192208,4450.469797080781,339.58857911142695
3912.6515663970617,4783.782173547287,-871.1306071502254
3895.5313621213822,4635.233756094963,-739.7023939735805
3905.3004278705257,4692.493071732748,-787.1926438622222
3916.3002329692076,4707.798836587515,-791.4986036183077
3892.080269750593,4765.857834497918,-873.777564747325
3727.6824798666694,4865.300637689269,-1137.6181578225996
3745.3066544459202,3929.1010635756543,-183.79440912973405
4522.351542223227,4874.835145895813,-352.48360367258647
4526.198747699342,4634.113340219232,-107.91459251989
4522.701789341215,4868.042756425121,-345.34096708390643
4517.25164482237,4075.762979454644,441.4886653677254
4521.706860080082,4849.836002121792,-328.1291420417101
4518.332234634306,4796.932511331932,-278.6002766976262
4524.6744560440175,4856.9868729826485,-332.31241693863103
4862.21685512718,4643.706031254505,218.51082387267434
4868.9687183120395,4835.396039844916,33.572678467123296
4868.107552759719,4712.8308638772105,155.2766888825081
4424.693065718912,4839.6054235727615,-414.91235785384924
4424.26810651495,4773.4950259126435,-349.22691939769356
4433.8865368191955,4655.234212289888,-221.3476754706926
4429.422688202742,4903.209070936864,-473.7863827341216
4863.3423055483545,4542.007729167384,321.33457638097025
4868.840053632528,4632.975180017976,235.86487361455238
4859.139577999076,4622.815569435745,236.32400856333152
4855.454784933276,3758.0543016307247,1097.400483302551
3922.7973024677926,4458.223251771216,-535.4259493034237
3904.445617548347,4570.671135778375,-666.2255182300282
3915.3560416594323,4861.874135682458,-946.5180940230252
3899.5526867856106,4848.570686415605,-949.0179996299948
4704.213713540642,3780.776645809887,923.4370677307547
4679.3549098909125,4073.6274894944927,605.7274203964198
4698.7762932249025,4711.65155700799,-12.875263783087576
4681.994282237617,4446.890623299435,235.10365893818198
4689.690698287006,3768.5673529121345,921.1233453748714
4684.2165134951765,4879.351771372087,-195.13525787691015
4693.839690636237,4860.170749640311,-166.33105900407463
4836.930449071214,3934.3476335708356,902.5828155003783
4807.8514184100495,4766.013963949546,41.83745446050307
4505.960971106919,4858.020922616548,-352.0599515096292
4502.698072416428,4552.013145888079,-49.315073471650976
4500.799869568755,4818.382990492757,-317.5831209240023
4517.8813002200095,3774.3583366875323,743.5229635324772
4507.14929598362,4707.209526825187,-200.06023084156732
4833.355234763857,4893.639335792605,-60.28410102874841
4832.218253156024,4631.824058683277,200.39419447274668
4829.353767816399,4635.804434698225,193.54933311817422
4387.869605517714,4757.051560426244,-369.1819549085294
3739.4992093007304,4644.016062460227,-904.5168531594963
3745.06598481237,4465.47447324341,-720.40848843104
3740.5029743675873,4759.079457288337,-1018.5764829207496
4633.500759690508,4800.166462802373,-166.6657031118648
4634.990226296375,4557.379904184066,77.6103221123094
4639.780566527553,4868.9583384764865,-229.1777719489337
4614.935321797217,3914.1392665110297,700.7960552861869
4626.168233623412,4791.664412128737,-165.4961785053256
4622.686692876883,4620.548726034884,2.137966841999514
4614.894538926455,3968.20224082879,646.6922980976656
4628.857496001148,3755.9552233020763,872.902272699072
4871.320387500124,4804.8248967252075,66.4954907749161
4653.693489075411,4341.400547395963,312.2929416794477
4639.209758068355,4456.006918823553,183.2028392448019
4646.808000206061,4075.8965359877634,570.9114642182972
4658.937102038412,4660.435481974624,-1.498379936211677
4649.994488355944,3908.9767021256903,741.0177862302535
4654.487719779193,4900.374498471439,-245.88677869224648
4653.494183983468,4778.81068429111,-125.31650030764195
4864.411687506221,4569.683058647766,294.7286288584546
4652.674370340276,4816.319484496183,-163.6451141559064
4656.623394394146,4858.142113684974,-201.5187192908279
4641.798809702114,4788.45321749093,-146.65440778881566
4656.032158901949,4657.5408880760915,-1.5087291741428999
4658.477980979565,4887.432020586397,-228.95403960683234
4654.456564578446,4696.959418590562,-42.50285401211568
4658.474986779991,3768.117153083833,890.3578336961582
4864.269613030756,4787.805898120843,76.4637149099126
4628.897705703588,4701.897448444126,-72.99974274053784
4615.782215995641,3970.7076802089073,645.074535786734
4631.857259001016,3995.2291347431133,636.628124257903
4622.402166103875,4685.129766854695,-62.727600750819875
4634.956901971452,4905.685843230928,-270.7289412594764
4626.060906691003,4672.8897518130025,-46.82884512199962
4612.853360286056,4063.8997779362207,548.9535823498354
4631.590068106155,4082.7752651852416,548.8148029209133
3737.7353300812283,4523.6654737145855,-785.9301436333571
3742.397677943292,3783.3739688940964,-40.97629095080447
3741.18966361812,4839.272919936968,-1098.0832563188478
3907.607353815625,4878.8139410924005,-971.2065872767753
3911.5938092030783,4795.331429724124,-883.7376205210458
3894.379649230581,4798.623317482392,-904.243668251811
3894.6165353064985,4818.356410212849,-923.7398749063509
3910.7289214632806,4834.531933653141,-923.8030121898605
4793.480212504928,4532.254568139604,261.2256443653241
4804.916551025947,3932.099032585443,872.817518440504
4810.173715205158,4853.5906310276305,-43.41691582247222
4794.6206603121345,4696.657253084924,97.96340722721015
4801.950776418911,4865.492293530718,-63.54151711180657
4800.887249863559,4834.318005552271,-33.43075568871154
4791.0093747906085,4674.073957423174,116.93541736743464
4780.7769259350225,4893.167052133869,-112.3901261988467
4718.362888031173,4844.164028876652,-125.8011408454795
4713.693418267486,4804.0755337723085,-90.38211550482265
4722.143997871566,4812.971525937796,-90.82752806623012
4722.254290009059,4686.09023776891,36.16405224014943
4731.486041784196,4088.6672054223027,642.8188363618929
4720.030116874733,4547.985855213185,172.04426166154826
4729.058730548284,4841.716936747302,-112.65820619901751
4721.528868950576,4692.051967037876,29.47690191269976
4736.811898173702,4788.587648379091,-51.77575020538916
3906.9092072482517,3915.097234739337,-8.18802749108545
3897.703583267625,4647.690857187418,-749.9872739197931
3896.2287488450047,4861.166926993537,-964.9381781485326
3904.4427949656397,4539.066250949075,-634.6234559834352
3908.1823062777084,4835.005911843137,-926.8236055654288
4790.844548226958,4567.429074863329,223.41547336362873
4775.050753741733,4779.169043500319,-4.118289758585888
4782.764999994318,3924.652747413562,858.1122525807559
4771.680299944186,4636.058377124224,135.6219228199625
4773.0006541981575,4766.3611935881745,6.639460609982962
4787.577206330346,4793.444427892893,-5.867221562547456
4797.523303994869,4862.23599629507,-64.71269230020152
4772.321315514758,4067.1468587402296,705.1744567745282
4817.39413822674,3913.4259128791555,903.9682253475848
4799.441262602563,3948.2872242503167,851.1540383522465
4807.404134655299,4702.820305703749,104.58382895154955
4823.650887691058,4841.314123057833,-17.663235366774643
4796.999980532786,4567.782880805596,229.21709972719054
4816.975109038925,4890.934630241059,-73.95952120213315
4810.345440688683,4080.430700508643,729.9147401800401
4804.426923281467,4772.3084232700385,32.118500011428296
3946.5182337932943,4789.964397496297,-843.4461637030031
4824.2040359906805,4863.828673847602,-39.624637856921254
4807.398110373504,4845.806497556162,-38.40838718265786
4795.637118460631,3940.7440987410687,854.8930197195627
4809.607098265707,4849.94140941253,-40.33431114682389
4807.204129555226,4835.489666947342,-28.285537392115657
4799.637522333003,4788.8546090000955,10.78291333290781
4813.257410042912,4876.723519079836,-63.466109036923626
4797.607200847638,4764.036941272423,33.57025957521455
4782.2376723531615,3927.105263967754,855.1324083854074
4791.1722488487285,4347.5469791333035,443.625269715425
4790.487553702058,4701.071806221965,89.41574748009316
4779.569801445998,3968.0415034695757,811.528297976422
4787.917930028516,4709.991607505688,77.92632252282783
4759.388955851477,4555.373074801116,204.0158810503608
4781.392477807017,4468.937673299033,312.4548045079837
4778.071219933081,4340.422028384095,437.649191548986
3911.6958235562424,4797.223492189177,-885.5276686329344
3906.978597759041,3764.9848264707475,141.99377128829337
3911.5227995191713,3774.484982305089,137.03781721408222
3907.55480387496,3964.1994361981456,-56.64463232318576
3900.624712145778,3990.4745116700824,-89.84979952430422
3751.2905411455035,4663.359116683582,-912.0685755380787
3720.292930278703,4720.426064045516,-1000.133133766813
4525.365845112397,4633.392764555179,-108.02691944278195
4509.387638301036,3897.2505776786024,612.1370606224332
4517.179388495214,4633.981141567333,-116.80175307211903
4517.500489859857,4637.421863967546,-119.92137410768919
4520.534531535433,4841.298242240684,-320.76371070525056
4527.212090355717,3770.3566634706426,756.8554268850744
4520.142954560724,4005.797315219908,514.3456393408164
4858.68176856203,4813.724606380402,44.95716218162761
4862.64549205733,3766.7447954141862,1095.9006966431434
4851.073746330076,4338.513379888369,512.5603664417067
4428.749417348738,4859.091497598978,-430.34208025024054
4439.972508670784,3968.717684933117,471.2548237376668
4423.6469088086305,4787.7120049977375,-364.06509618910695
4427.064096598645,3993.966036648143,433.0980599505019
4874.947415473759,4553.197630621802,321.749784851957
4859.406771085225,4547.526316799514,311.8804542857115
4880.170089687626,4830.76481476807,49.40527491955618
4863.237734753169,4881.552951371739,-18.315216618570048
3914.5417032002947,4875.0726405202695,-960.5309373199748
3909.5086279238203,4696.9990511150845,-787.4904231912642
3909.269882047273,4653.416679145515,-744.1467970982426
3911.959760435146,4870.739162052161,-958.7794016170151
4688.477619756699,4086.858611166096,601.6190085906028
4676.74535277991,4818.916972034926,-142.1716192550166
4695.232636204979,4010.079860023767,685.1527761812117
4674.49520873905,4641.614408686329,32.8808000527215
4675.874004773988,3987.9908201394564,687.883184634532
4677.502406615692,3962.470899148324,715.0315074673681
4689.004749746224,4679.6975554350865,9.30719431113721
4824.842685057005,4656.499577535577,168.34310752142756
4829.502758762627,4858.2598599705125,-28.75710120788517
4498.818591351212,4871.63302590252,-372.8144345513083
4498.376672305455,4780.694251815955,-282.31757951049985
4508.10997337246,4852.618944745427,-344.5089713729667
4499.9842904904235,4702.992354145637,-203.00806365521385
4515.668347787366,4799.323097124275,-283.65474933690894
4853.247626301564,3981.2412287438,872.0063975577641
4836.979821890788,4791.080019720529,45.899802170259136
4840.538856340024,4752.6659582293905,87.87289811063329
4409.36695390626,3909.6341124220676,499.7328414841927
3739.4992093007304,4843.664747919998,-1104.1655386192679
3743.579544773671,4003.242293869738,-259.6627490960673
3738.276980195197,4866.4912369158665,-1128.2142567206693
4645.700386962814,4571.202251395302,74.49813556751269
4637.141384349393,4821.4982956362655,-184.35691128687267
4611.9025464429615,4778.473126705076,-166.57058026211416
4621.875758881605,4817.389501361493,-195.5137424798877
4635.797042331419,4655.141993189539,-19.344950858119773
4629.276160462085,4537.379825184308,91.89633527777642
4626.718342000804,4793.293690270229,-166.57534826942447
4634.081678483546,4840.626594692334,-206.54491620878798
4868.898067548788,4875.382404055528,-6.4843365067399645
4643.649829325619,4864.473854942385,-220.82402561676554
4661.261180637963,4659.297228080935,1.963952557027369
4655.869378674935,4856.60412454835,-200.7347458734148
4652.528333411473,4314.539605366307,337.9887280451658
4645.85643005954,4527.712869437507,118.14356062203296
4650.349790877705,4767.607361395939,-117.25757051823348
4656.390145629085,4003.080677483005,653.3094681460802
4884.708530785543,4864.6910774545795,20.01745333096369
4652.58121787953,4738.644400073182,-86.0631821936513
4641.798809702114,4769.192855325555,-127.39404562344043
4651.470004331079,4830.864085490046,-179.3940811589673
4663.961826729434,4864.343335972315,-200.3815092428813
4638.270898496004,3888.7644635090733,749.5064349869303
4658.878642502742,4634.004584043634,24.8740584591078
4647.690329081509,4701.232137657347,-53.54180857583833
4839.2921880239965,4663.317691320983,175.97449670301376
4636.754968729449,3868.1373594510446,768.617609278404
4628.24959375155,4820.712382137,-192.46278838545004
4638.517765056911,3774.341948844256,864.1758162126553
4619.81649395647,4849.060919373765,-229.24442541729422
4627.338598834176,4648.081722645386,-20.743123811210353
4631.6769623344535,4638.883592311089,-7.206629976635668
4631.533695239547,4639.777076467264,-8.243381227716782
4625.539198514119,3952.8327900795043,672.7064084346143
3753.340578784286,4812.016219617636,-1058.67564083335
3745.712512493448,3967.486657629664,-221.77414513621625
3743.20255361044,4849.650747392818,-1106.4481937823775
3909.644174671129,4888.615111006367,-978.9709363352385
3904.4367413810983,4887.3694346600505,-982.9326932789522
3898.7817045472198,4732.30940640462,-833.5277018574002
3900.9588800227903,4629.114567538883,-728.1556875160932
3892.6799269080407,4686.970672946536,-794.2907460384954
4782.501942894531,4847.840745792638,-65.33880289810713
4778.008945198186,4845.034118960691,-67.02517376250489
4794.650945248671,4848.96188613965,-54.31094089097951
4773.422296353477,4685.966421484414,87.45587486906243
4791.4485077489935,4777.170726098101,14.277781650892393
4789.013291481687,4646.579167892993,142.4341235886941
4791.895191648251,4862.340557036896,-70.44536538864486
4796.822526096629,4830.893270226386,-34.07074412975726
4717.359097023221,4855.181322201801,-137.82222517858008
4712.959479110632,3948.1205489227436,764.8389301878883
4728.06874177272,4802.541540652707,-74.47279887998684
4723.092006290843,4535.1559777403345,187.93602855050813
4738.485607945836,4821.414982390904,-82.92937444506788
4717.718598010513,4620.534379515018,97.18421849549486
4723.943056900073,4827.683910195001,-103.74085329492755
4730.469075068,4857.880282266487,-127.41120719848641
4750.317680903998,4839.684286542384,-89.36660563838632
3895.673008017884,4636.714184300779,-741.0411762828953
3893.3296965519307,4870.750660732068,-977.4209641801376
3912.4870571325946,4848.9341927004325,-936.4471355678379
3901.9305012324694,4867.944405987308,-966.0139047548382
3910.338441788861,3772.10626103593,138.23218075293107
4779.2400500620315,4077.782354018887,701.4576960431446
4779.780157006518,4456.6729878828355,323.10716912368207
4793.857350556588,3933.5688613238785,860.2884892327097
4786.656213790295,4817.986097672508,-31.329883882212926
4792.233408915507,4899.102855319967,-106.86944640445927
4762.488852013153,4840.210092446932,-77.72124043377971
4801.066278661084,3943.1326576300903,857.9336210309934
4787.316288870008,3964.408616680887,822.9076721891211
4815.317251803913,4834.016935828382,-18.699684024469207
4811.883281070235,4779.76603873911,32.11724233112545
4816.791551198427,3991.6763062970044,825.115244901423
4809.661983918679,4774.864798141636,34.797185777042614
4812.919926132894,4742.838241346363,70.08168478653079
4802.496518574828,4862.885851147436,-60.38933257260851
4801.574705701913,4830.143912218901,-28.569206516987833
4803.6468532748995,3989.435017746442,814.2118355284574
3944.775500743164,3916.031462505402,28.744038237761742
4804.340405963043,4822.7429797835075,-18.402573820464568
4799.637522333003,4677.794074427477,121.84344790552586
4797.698832745022,4681.058844481667,116.63998826335501
4806.082597916237,4778.04438745538,28.038210460857044
4808.018568365549,4887.339914702126,-79.32134633657734
4804.944213105814,4844.934525624789,-39.99031251897486
4799.655491920187,4642.060638766959,157.59485315322854
4815.510016721355,4829.6850935656885,-14.17507684433349
4784.397088484457,4796.900679099562,-12.503590615105168
4781.203144232024,4846.900926010032,-65.697781778008
4788.078308063568,4912.7064203637965,-124.62811230022817
4777.050099534919,3917.4181509212913,859.6319486136281
4765.136938165229,4797.175776684009,-32.03883851877981
4805.274916141331,4662.112142331435,143.16277380989595
4784.255500032858,3963.108400699343,821.1470993335156
4779.024302379769,4702.548424335385,76.47587804438444
3895.314077634736,4853.47869216917,-958.1646145344343
3904.5766240129446,4531.041447297787,-626.4648232848426
3906.6448670610907,4703.879345118723,-797.2344780576323
3901.1603409915715,4769.046248852378,-867.8859078608066
3918.6662663194365,3976.2282211648485,-57.56195484541195
3742.613535947238,4847.191466277385,-1104.5779303301474
3742.8961117042045,4644.561158923721,-901.665047219517
4523.4760959243795,4767.783862506127,-244.30776658174727
4522.123829251063,4871.9329473786875,-349.80911812762406
4510.921626668672,3962.7996220503724,548.1220046182993
4522.9560956175055,3963.4630347171114,559.4930609003941
4526.659602494112,4656.857910825753,-130.19830833164087
4532.693534116651,4907.439386570249,-374.74585245359776
4502.590526437626,3904.7535031873704,597.8370232502557
4859.922334590947,4847.861422077786,12.060912513160474
4866.093512986715,4742.097824547515,123.99568843919951
4859.342648327089,4676.8349964245635,182.50765190252514
4414.329146426644,4626.093882653392,-211.76473622674803
4440.836218093429,3773.6983652615518,667.1378528318774
4432.151858682393,4778.994487568001,-346.84262888560806
4426.18450598878,4845.056904958925,-418.8723989701448
4872.36917783105,4888.15193908535,-15.782761254299658
4856.915964341542,3923.1574004878457,933.7585638536966
4867.049259338176,4777.917522519575,89.13173681860098
4884.57348412571,4570.549257867889,314.0242262578213
3907.229111718918,4822.718420851362,-915.4893091324439
3903.7568672426137,4827.719788319846,-923.9629210772323
3898.2446745525986,4769.574390975496,-871.329716422897
3905.9172498514513,4852.713643758555,-946.7963939071037
4687.301956020633,3962.2407152398628,725.0612407807703
4685.729394429388,4750.869484035034,-65.1400896056457
4678.380814872581,3760.0586350331178,918.3221798394634
4684.161335958065,3814.332299568976,869.8290363890892
4672.72860072565,4767.267567742506,-94.53896701685608
4675.915504757817,4778.98003343259,-103.0645286747731
4684.195762458071,4542.971418021101,141.22434443696966
4813.501321877736,4842.8089961790565,-29.30767430132073
4812.6940178231935,3988.9086496035466,823.7853682196469
4507.044474557436,4882.999766007168,-375.9552914497317
4498.684128537804,4672.286182098973,-173.60205356116876
4506.619518954715,4850.799693275888,-344.1801743211727
4504.724819636065,3907.0277258699857,597.6970937660794
4494.260871599865,4668.267686462194,-174.00681486232952
4834.883099914225,4837.531508985541,-2.6484090713165642
4828.149459914413,4829.948372689647,-1.7989127752343848
4838.604562219398,4788.521530660758,50.08303155863996
4415.937539605773,4859.234691702813,-443.29715209703954
3739.4992093007304,4843.664747919998,-1104.1655386192679
3735.875623217544,4864.577147813886,-1128.7015245963416
3744.249084061365,4006.53088750284,-262.28180344147495
4625.3645841553525,4782.94581622326,-157.58123206790788
4619.169437369132,3918.7937742054046,700.375663163727
4621.7392761363,4828.2484490705165,-206.50917293421662
4632.153092167349,4742.499087052983,-110.34599488563344
4621.118393381305,4631.059527899569,-9.941134518263425
4621.439170709361,4339.897967471057,281.54120323830375
4628.814334215716,4650.901584589407,-22.08725037369095
4632.299823887345,3973.2153974021753,659.0844264851698
4860.4139192986195,4841.832582375884,18.581336922735318
4631.606027402934,4061.884397036187,569.7216303667474
4636.347181811426,4881.214920643646,-244.8677388322203
4665.952070864798,3896.1524552959872,769.7996155688106
4665.617199562582,4871.678354216963,-206.06115465438143
4651.950501070615,4837.11599945455,-185.1654983839344
4657.568803246111,4785.178374136654,-127.60957089054318
4632.299872021096,4729.401900108489,-97.10202808739268
4871.999126279606,4846.0737439409595,25.92538233864616
4657.227227980256,4900.7663952383455,-243.53916725808904
4656.032158901949,4575.05596447966,80.97619442228824
4663.961826729434,4566.9505087532125,97.01131797622111
4655.014761970043,4657.756837992078,-2.74207602203478
4640.767205323174,4788.246381001284,-147.47917567811055
4647.157954196951,4684.827852681359,-37.669898484407895
4656.797040216286,4697.785634349117,-40.98859413283026
4871.19214833009,4842.638185894826,28.55396243526411
4647.850216033725,4712.012342774025,-64.16212674029975
4626.659901877032,4799.704036095634,-173.04413421860227
4623.526792117127,4697.696284261129,-74.1694921440021
4637.446510637331,4782.222053339466,-144.77554270213477
4651.250288578394,4882.713034953848,-231.46274637545412
4635.898761027096,4779.6837486514705,-143.78498762437448
4629.330456396265,4848.159643326127,-218.82918692986186
4642.720861207462,4905.3925502470065,-262.6716890395446
3750.1638674315027,4781.054566890112,-1030.8906994586096
3732.4492597701465,3989.7642066132134,-257.314946843067
3739.710614761126,4759.019063524638,-1019.3084487635119
3904.0815844544964,3959.7758625612714,-55.69427810677507
3917.200442987863,4811.332661291409,-894.1322183035459
3921.9446065820753,3779.235944253404,142.70866232867138
3922.5705988761915,4669.288180627859,-746.7175817516677
3903.773626758088,4900.279751296549,-996.5061245384609
4794.650945248671,4848.96188613965,-54.31094089097951
4802.777737602057,3894.70385944051,908.0738781615469
4778.747333696489,4835.861597679943,-57.11426398345429
4801.900448259896,4783.853579047262,18.046869212633283
4785.707371926245,4687.848018862147,97.85935306409829
4790.028208077006,4794.71640468122,-4.688196604214681
4787.18363778175,3912.0095600126774,875.1740777690725
4790.553937774027,4844.963761739671,-54.40982396564414
4723.450074058305,3965.000688680317,758.4493853779882
4725.266318249838,4641.007070125823,84.25924812401536
4727.472496950113,4690.562156960955,36.910339989158274
4725.469733924274,4631.095523629997,94.37421029427696
4731.61027685135,4714.24239166945,17.36788518190042
4724.373624212294,4788.939752469451,-64.56612825715729
4731.342560977395,3925.4376506244653,805.9049103529296
4730.391172629128,3910.884454085701,819.5067185434273
4739.484052080564,4874.898280193944,-135.41422811337998
3912.922583552109,4827.878522486548,-914.955938934439
3906.9433630860135,4877.2723549282,-970.3289918421865
3889.9677777783213,4832.854712322617,-942.8869345442959
3915.6412481348457,4813.396495619063,-897.7552474842173
3907.638215782659,4857.61445152501,-949.976235742351
4786.656213790295,4707.446027850703,79.21018593959161
4776.746269209214,4733.350468833947,43.395800375266845
4768.210980611792,4543.627034269917,224.58394634187516
4781.559542897656,4788.198030864104,-6.638487966448338
4780.056232396012,4703.348696242863,76.7075361531488
4768.190362872241,3756.3669424640507,1011.8234204081905
4791.130423428162,4915.371962010786,-124.24153858262343
4771.051229349082,3908.6187182739855,862.4325110750965
4815.865956937072,4889.672952578784,-73.80699564171209
4806.09242505131,4800.657302634704,5.435122416605736
4804.557408219175,4742.436241990452,62.12116622872327
4815.571202036702,4865.315274103257,-49.74407206655542
4798.224157284485,4751.698073231395,46.52608405309002
4808.726066663383,4848.513594286065,-39.78752762268232
4816.542938363667,3961.4525400555553,855.0903983081121
4810.092920459197,4791.470246709574,18.622673749622663
3952.0639317072096,4887.32502998995,-935.2610982827405
4810.764883128773,3960.085080436073,850.6798026927004
4817.528845117316,4658.467884600037,159.06096051727945
4810.1110318760075,4706.437699818887,103.6733320571202
4811.122812268859,4759.656910296472,51.465901972386746
4802.184436649415,4001.5604069726933,800.6240296767219
4807.559740500611,4881.385311233271,-73.8255707326598
4807.235190654607,4530.664848585015,276.5703420695927
4806.93187718531,4821.219858208204,-14.287981022893291
4800.407665692243,3974.523908972831,825.8837567194123
4788.529992255792,4657.5163646139645,131.01362764182795
4783.344309808227,3956.0638095741087,827.2805002341183
4793.02132601066,3930.5277594539903,862.49356655667
4774.911466812943,3973.23860702981,801.6728597831334
4780.6202656765,4800.946326132203,-20.326060455702645
4784.466545047237,4655.205056446031,129.2614886012052
4786.077664147931,4851.924473447388,-65.84680929945716
3900.2744288956264,4789.908698513463,-889.6342696178363
3904.4568950502266,4876.339176719864,-971.882281669637
3909.100138121789,4837.958791748408,-928.8586536266189
3903.653806078759,4738.6599669418565,-835.0061608630976
3885.106789692472,4719.191140298493,-834.0843506060214
3738.00201539986,4645.860310942746,-907.858295542886
3739.516418696664,3919.164008626947,-179.64758993028317
4521.3761575247845,4757.720726719539,-236.3445691947545
4529.688935898524,4805.510445575821,-275.8215096772974
4523.3390873226435,4543.456369803846,-20.117282481202892
4516.6049118522515,4562.999000266131,-46.39408841387922
4521.955089855159,4847.798388477223,-325.84329862206414
4547.502451412176,4818.043563977425,-270.541112565249
4512.972153757553,4549.961828416014,-36.9896746584609
4867.3401412972535,4354.977346522826,512.3627947744271
4857.613433564048,4834.143865659817,23.469567904231553
4882.791162176202,4483.670430510565,399.1207316656373
4434.7795123229225,4806.182483661489,-371.4029713385662
4440.872101583467,4704.289543286364,-263.4174417028971
4421.476195395794,4770.67610622098,-349.1999108251857
4439.076191289532,4870.842369487637,-431.7661781981051
4860.646821828507,3993.974336205196,866.6724856233113
4870.026924598139,4635.339927243543,234.68699735459631
4863.539550508669,4904.116093654292,-40.57654314562296
4867.40098521216,4900.785464598889,-33.384479386729254
3916.5380711953444,3939.3516498417416,-22.813578646397218
3904.7443716563193,4080.87872293157,-176.13435127525054
3901.9110369622576,4769.769409007862,-867.8583720456045
3914.9264337053733,4792.987900210653,-878.0614665052794
4668.2838664607025,4835.978212429548,-167.69434596884548
4673.198884800793,4677.026342582402,-3.827457781609155
4685.089177883216,4836.440190500834,-151.35101261761884
4686.787920007889,4780.656182001441,-93.86826199355255
4678.025524375496,4884.651220990528,-206.6256966150313
4676.1777871709455,4770.463025430968,-94.2852382600222
4670.907586958916,4638.57741392437,32.33017303454562
4824.783059472867,4886.876021740392,-62.09296226752576
4827.704242824439,3970.1378238992816,857.566418925157
4498.82902532257,4835.299913199391,-336.4708878768215
4505.123358517916,4859.012688270261,-353.88932975234457
4495.1153411418645,4875.779782920896,-380.6644417790312
4517.155964209644,4867.947262427256,-350.79129821761217
4504.914163762256,4882.22721848233,-377.3130547200735
4829.619281764772,4793.067999601648,36.55128216312369
4848.265760266053,4007.4524689012574,840.8132913647955
4845.936128225516,3811.844019672788,1034.092108552728
4406.907286071361,4863.417591082825,-456.51030501146397
3739.4992093007304,4631.852156686278,-892.3529473855478
3737.3324100456207,4782.216744004955,-1044.8843339593345
3745.931903281657,4841.381746095276,-1095.449842813619
4631.672476141256,4847.006778609344,-215.33430246808803
4636.320608757398,4781.871749407032,-145.55114064963436
4611.612913099742,3891.1554501832793,720.4574629164631
4641.369888091205,4352.7038158113655,288.6660722798397
4622.686692876883,4787.225020429813,-164.53832755293024
4611.188528912725,4818.054046641018,-206.86551772829353
4617.06095237515,4782.091033277078,-165.03008090192816
4625.652867314973,4826.7998142390115,-201.14694692403828
4857.87915662416,4864.473854942385,-6.5946983182248005
4645.976194719994,4572.60405211608,73.37214260391374
4653.239354202551,4703.439980228601,-50.20062602604958
4649.994488355944,4880.729820659971,-230.735332304027
4656.73873506686,4451.829991617851,204.9087434490084
4644.955137448839,4646.068385181409,-1.1132477325700165
4646.701998063548,4800.616392894762,-153.91439483121394
4653.372060321618,4450.872062227063,202.49999809455494
4874.8886651406165,4907.717954097031,-32.82928895641453
4650.543238353046,4333.703763932068,316.83947442097815
4658.477980979565,4355.977908288563,302.50007269100115
4638.270898496004,4663.314565885595,-25.043667389591064
4640.767205323174,3920.344912745455,720.4222925777185
4654.443144060866,3903.7536972203093,750.6894468405567
4654.072183266073,4901.317305485432,-247.24512221935947
4641.775711044419,4840.069684168792,-198.29397312437322
4842.1412428592885,4872.380341627587,-30.23909876829839
4634.956901971452,4696.626335219192,-61.66943324774002
4637.501932094142,3937.320224896883,700.1817071972591
4626.669416114102,4845.353298452531,-218.6838823384287
4624.797088524434,4684.14804800804,-59.35095948360595
4644.737755672861,4852.692974005399,-207.9552183325386
4644.345095839485,4883.3939379096555,-239.0488420701704
4621.3078213816,4766.691645202149,-145.38382382054897
4637.149740408511,4351.17467334275,285.9750670657613
3731.7014190891764,4821.203453561782,-1089.5020344726058
3741.2507780034907,4644.903719718667,-903.6529417151764
3748.1589290270945,4784.467416906285,-1036.3084878791901
3899.155342809386,4075.0027511194758,-175.84740831008958
3904.1313847816623,4679.728302344004,-775.5969175623418
3908.0253322643375,4784.705100210681,-876.6797679463434
3913.7471508128306,4857.109630577078,-943.3624797642474
3899.6426530143917,4848.530915274383,-948.8882622599913
4791.4485077489935,4813.482204748866,-22.033696999872518
4796.713848786974,4789.801706382719,6.912142404255064
4785.707371926245,4841.715963070966,-56.00859114472041
4798.3248417959,4557.337697838362,240.98714395753814
4809.621168199887,4668.593794533853,141.02737366603378
4800.385020484615,4866.413706088957,-66.02868560434217
4779.00971157763,4546.459878122404,232.54983345522578
4790.988028558364,4855.684162144584,-64.69613358621973
4723.068685519364,4763.327153306554,-40.25846778718915
4733.726959457226,4850.384934913052,-116.65797545582609
4734.774674186251,3980.7666874449,754.007986741351
4736.724260579804,4891.872446733483,-155.1481861536795
4729.122197545105,3885.0594513515894,844.062746193516
4716.513319554199,4439.553102781566,276.96021677263343
4722.189900845575,4847.48145531264,-125.291554467065
4725.591860486838,4779.742014280795,-54.15015379395663
4735.416580898991,3926.0557963983697,809.3607845006213
3904.914423669651,4747.121757133264,-842.2073334636125
3902.3469214530887,4899.013255420702,-996.6663339676134
3920.2974191779113,4818.136332778216,-897.8389136003043
3903.712195865266,3984.9246094534537,-81.2124135881877
3900.1502956866398,4872.006284258737,-971.855988572097
4801.066278661084,4791.897450228847,9.168828432236296
4789.955659525398,4854.8441911875425,-64.88853166214449
4779.148009454663,4690.035500670114,89.11250878454939
4791.130423428162,4833.894974350268,-42.76455092210563
4783.988844420096,4849.174265709122,-65.18542128902573
4789.737261497527,4556.832829086778,232.904432410749
4794.5624981640285,4813.8498571018035,-19.287358937775025
4785.94272117994,4015.3669472439256,770.5757739360147
4813.0412040748115,3974.0594007454033,838.9818033294082
4806.96034340153,3908.7323755218395,898.2279678796904
4820.421660204821,4861.477316996242,-41.055656791420915
4799.637522333003,4838.49219217257,-38.85466983956667
4814.117654095988,4793.35668696084,20.76096713514744
4810.7920335145855,3774.1162501767103,1036.6757833378751
4807.869617016661,3926.213808203094,881.6558088135675
4818.119133644488,4846.448482005842,-28.329348361354278
3960.4583578335396,4895.440797919857,-934.9824400863172
4807.754381382999,4539.494802503695,268.2595788793042
4785.7455521200645,3843.95474890277,941.7908032172945
4818.653420800991,4875.370058739735,-56.7166379387445
4807.977018336,4823.851115324671,-15.874096988671226
4818.972775596744,4476.540257002551,342.4325185941934
4831.631512409918,3991.2949183894793,840.336594020439
4808.297142189826,4903.109501216015,-94.81235902618846
4807.524111513465,4695.508028925787,112.01608258767828
4797.044237043609,3972.046740786141,824.9974962574684
4780.6202656765,4826.885621090097,-46.26535541359681
4796.89360972502,4569.409286516107,227.48432320891243
4775.7246743071455,4770.7747054389565,4.949968868188989
4790.4884137572635,4573.228105564569,217.26030819269454
4777.32216919256,4575.795629458559,201.52653973400083
4775.8894684397865,4856.592905702493,-80.70343726270676
4783.99990455362,4850.204944129979,-66.20503957635901
3894.8082809377165,4691.762516455378,-796.9542355176618
3899.0436639980812,4650.797028853756,-751.753364855675
3904.0843634828866,4649.412348677465,-745.3279851945786
3889.068939480922,4811.763978539902,-922.6950390589805
3894.7167405045325,4669.331641856892,-774.6149013523595
3750.4538617566723,4877.681915353414,-1127.228053596742
3751.8916444715,4870.3942461943825,-1118.5026017228824
4520.67525668968,4646.2189656622495,-125.54370897256922
4521.70530462916,4819.562545375239,-297.8572407460788
4522.415295767904,4854.598284285867,-332.18298851796226
4532.911227721162,4698.859570929293,-165.94834320813152
4525.386230024427,4657.883755204482,-132.49752518005516
4526.872959326919,4913.713046767195,-386.84008744027597
4527.827291724352,3898.7179950959653,629.1092966283868
4863.635468617154,4679.216494969487,184.41897364766737
4855.888140370777,4858.402494377662,-2.514354006884787
4857.775240706985,4901.723669142887,-43.948428435902315
4424.043819738512,4820.7849983688975,-396.74117863038555
4438.7595461224655,4000.3052657226376,438.4542803998279
4437.052411347735,4342.489255332145,94.56315601558981
4433.849756411545,4913.666095830072,-479.8163394185267
4858.502676845072,4697.7072127492365,160.7954640958351
4853.010569573187,4569.068488932986,283.9420806402013
4863.51327400053,4900.221405584149,-36.708131583618524
4853.911415423642,4804.161378091858,49.75003733178437
3918.193113975253,4715.524574410461,-797.3314604352086
3904.23552456801,4671.804256480877,-767.5687319128665
3906.526140994256,4820.735588367236,-914.2094473729803
3905.0388156456315,4866.259451188397,-961.2206355427656
4693.53188296606,4833.852111504698,-140.32022853863782
4668.383681727628,4808.967238117592,-140.58355638996454
4687.31666571946,4781.277609724862,-93.96094400540187
4684.485720875805,4837.232178445586,-152.74645756978134
4685.4161757250895,4898.064236490795,-212.64806076570585
4672.494160444288,4806.080209455006,-133.58604901071794
4680.895118774347,4773.522015327061,-92.62689655271424
4820.667205740771,4827.571744137053,-6.904538396282078
4810.190720787183,4851.206167358445,-41.015446571262146
4493.1238423435825,4873.850654807268,-380.72681246368575
4512.896740859702,4659.84618054764,-146.94943968793814
4502.275111121287,4783.8119240326405,-281.5368129113531
4502.250396899644,4799.526063183318,-297.2756662836737
4497.491341732065,4867.003842738033,-369.51250100596826
4820.226111667629,4872.796739430397,-52.5706277627678
4829.873724906875,3760.0088172911346,1069.8649076157408
4814.886623186726,4839.863217562787,-24.976594376061257
4410.071680343983,4860.043436944783,-449.9717566008003
3739.4992093007304,4778.869421780227,-1039.3702124794963
3745.335203217948,4850.82426020177,-1105.4890569838217
3748.9044355581736,4650.246619926204,-901.3421843680308
4639.241888432421,4658.111012239996,-18.869123807575306
4621.936692056181,4826.625722444256,-204.68903038807548
4625.099194754644,4622.17473728418,2.9244574704634942
4637.304169684167,4538.176503738711,99.1276659454561
4657.461244174087,4876.472655614542,-219.01141144045505
4623.113050513058,4642.831200642773,-19.718150129715468
4632.795296230054,4840.617873830597,-207.8225776005429
4615.318991891973,3983.7256964946423,631.5932953973311
4873.620431623712,4822.9312659941215,50.68916562959021
4659.019054109709,4880.368928935296,-221.349874825587
4631.385451732516,4719.811185006323,-88.42573327380705
4656.851800897539,4865.59192060952,-208.7401197119807
4654.85139270266,3765.645103882561,889.2062888200985
4647.753735027332,4646.924268485331,0.8294665420016827
4662.387298461687,4663.4468107722305,-1.0595123105431412
4658.482199411982,4843.931338986661,-185.44913957467907
4876.9915553540295,4557.484809725559,319.5067456284705
4653.937099882186,4862.546826158135,-208.60972627594947
4654.456564578446,4839.341378483578,-184.88481390513243
4658.878642502742,4857.851769571057,-198.97312706831508
4647.157954196951,3893.0933432341167,754.0646109628346
4654.072183266073,4857.951460874391,-203.87927760831826
4655.425958392955,4767.061323261488,-111.63536486853263
4635.563337003797,3751.9936429872873,883.5696940165094
4843.292173544412,4621.108908023867,222.18326552054532
4613.875099569802,4756.455786606227,-142.58068703642493
4626.552667353775,4554.707285678175,71.84538167560004
4627.724425046105,3982.772806339205,644.9516187069003
4624.795661160286,4842.052480670742,-217.2568195104559
4638.480983129639,4805.866237820647,-167.3852546910084
4632.165510606259,4691.768532857147,-59.60302225088799
4615.713677606542,4763.901407575451,-148.18772996890948
4627.68866081161,3969.963107604043,657.7255532075669
3731.754744387435,4842.873730134518,-1111.1189857470831
3747.563393857401,4689.234296200859,-941.6709023434578
3742.9727888093357,4794.110269484193,-1051.1374806748572
3918.9558810000885,4798.846456360517,-879.8905753604281
3910.4230463568165,4468.194152668267,-557.7711063114502
3914.566514080314,4471.385492904214,-556.8189788238997
3906.383124239246,4773.982298503774,-867.5991742645274
3915.691620820299,4476.140071471518,-560.4484506512194
4791.895191648251,4802.015240600142,-10.120048951890567
4789.914138800659,4856.794725888213,-66.88058708755398
4787.18363778175,3986.568142729931,800.6154950518189
4795.200715426125,4741.310455211084,53.89026021504014
4779.00971157763,4691.290200362,87.71951121562961
4793.527930650198,4828.3331850034,-34.805254353202145
4808.709388276883,4720.551497657882,88.15789061900159
4791.934365139623,4895.6934229644985,-103.75905782487553
4710.8542037192765,3891.323349823113,819.5308538961635
4708.03059065034,4789.188155185679,-81.15756453533868
4727.099071002269,3984.4258788698007,742.6731921324681
4719.910228567833,4793.395011261874,-73.48478269404131
4731.87116015577,4658.07177678173,73.79938337404019
4721.752820969396,4775.806000003877,-54.05317903448031
4715.541816563368,3918.482145408755,797.0596711546132
4712.135195850153,4838.792175753404,-126.65697990325134
4737.807023750893,3895.9015207085718,841.905503042321
3887.3209129595994,4824.716124851107,-937.3952118915081
3911.6045082832497,4875.090071353655,-963.4855630704051
3891.87497394466,3915.171733687123,-23.29675974246311
3918.325260046698,3776.685310178045,141.63994986865328
3901.6389741283247,4869.260769236338,-967.6217951080134
4785.526684801649,4540.546637796285,244.9800470053642
4789.787634359323,4808.727690223729,-18.940055864405622
4776.076384288238,4527.103054984108,248.97332930412995
4779.735828782723,4736.471927621963,43.263901160759815
4779.229300843516,4846.0925734974635,-66.8632726539472
4789.685794292995,4856.983085957522,-67.29729166452762
4780.603747132943,4895.54316109472,-114.93941396177706
4781.156344414308,4880.191379662878,-99.03503524857024
4801.693042484851,4850.867552270933,-49.174509786082126
4813.2220396562,4742.60652490935,70.61551474684984
4811.007361717021,4696.582249943452,114.42511177356937
4813.886742394634,4793.732488224715,20.154254169919113
4811.180061398589,4801.501742196353,9.678319202235798
4806.877010130446,4847.725784631412,-40.8487745009661
4798.219705949973,4519.908550478885,278.31115547108766
4824.396923309138,3978.595759415942,845.8011638931962
3956.382298256811,4797.927309329468,-841.545011072657
4801.065578388094,3860.2979994413513,940.7675789467426
4808.958185340286,4649.024138687609,159.93404665267735
4802.262010589572,4898.686324502651,-96.42431391307855
4809.007090003413,3960.3536713530993,848.653418650314
4816.907647700626,4836.420939986204,-19.513292285578245
4810.568745175447,4895.505261274244,-84.93651609879726
4809.600079367456,4873.682596154482,-64.08251678702618
4799.036454363629,4640.6126243113395,158.4238300522893
4792.412066522457,4859.562515485394,-67.15044896293693
4789.627248204944,4868.316621383123,-78.68937317817836
4795.82204847949,4841.267751586422,-45.44570310693143
4787.479432844836,4890.981485024996,-103.50205218015981
4790.766465403526,4540.723306532485,250.04315887104076
4781.990419872058,4849.978466644847,-67.98804677278895
4794.2294080529955,4649.643112189087,144.58629586390816
4791.618669737626,4855.4424999403445,-63.823830202718455
3909.8892701128357,4888.402972610916,-978.51370249808
3903.077722687163,4535.772738983478,-632.6950162963153
3898.904086222261,4833.7067113002,-934.8026250779394
3900.109330803502,3893.781263323951,6.3280674795510095
3890.3337866446113,4781.792224868289,-891.4584382236776
3761.869956754269,4876.1847742624495,-1114.3148175081806
3745.215742120557,4570.86558377613,-825.6498416555728
4518.535864389471,4648.376880988775,-129.84101659930457
4533.162831855258,4862.711068398769,-329.54823654351094
4532.08272248002,4846.116312703784,-314.0335902237648
4530.1252113390865,4087.3245124129826,442.8006989261039
4517.928007116864,3971.6284343938405,546.2995727230236
4504.494970996796,4788.241093637012,-283.7461226402165
4536.324091403017,4718.262082382827,-181.93799097981082
4866.813805429885,4655.768483368636,211.04532206124895
4869.980985535457,4701.279912989707,168.70107254575032
4864.245557155898,4808.055505907718,56.19005124817977
4412.378005677509,3979.52102389797,432.8569817795387
4426.094800553739,4462.158741104658,-36.06394055091823
4431.747498421927,4631.747851369255,-200.00035294732788
4419.013259541714,4546.880647350848,-127.86738780913402
4860.915351073974,4547.875739968969,313.03961110500495
4855.181381191186,3764.0978863364608,1091.0834948547254
4863.245813374504,4826.875887387789,36.369925986715316
4859.148493512463,4886.085956043872,-26.937462531409437
3901.0058126465447,4772.038715843474,-871.0329031969295
3898.6201710354,4817.750076126078,-919.1299050906782
3914.555278087034,4015.0444130203764,-100.48913493334248
3913.6672919636976,4839.071174707832,-925.4038827441345
4683.063225268156,4651.1105888170205,31.95263645113573
4689.462393101922,4856.208088973433,-166.7456958715111
4691.289861674438,4660.0396418843975,31.25021979004032
4684.501266736648,3929.94283068436,754.558436052288
4697.590071862309,4815.957521419295,-118.36744955698578
4684.11795220832,4534.742588155032,149.37536405328865
4684.721870064774,4886.83373148416,-202.1118614193865
4825.29651992714,3968.6275555595794,856.6689643675609
4825.963595205259,4842.1777258605025,-16.214130655243935
4488.347986848696,4801.6639747530635,-313.31598790436783
4502.427887659518,3930.1227509371047,572.3051367224134
4502.824500619892,4736.405055375575,-233.5805547556829
4515.601911242443,4544.605893161163,-29.003981918720456
4502.254908337446,4802.93087473198,-300.67596639453404
4838.10955481132,4690.760638329406,147.34891648191388
4846.387678439406,4555.424785033611,290.9628934057946
4836.503419289038,4555.941285144703,280.5621341443348
4402.690915315851,4772.414452454367,-369.7235371385159
3739.4992093007304,4821.6147850286325,-1082.115575727902
3740.9902368631288,3766.38775959583,-25.397522732701418
3727.000366138843,3943.225867299262,-216.22550116041884
4630.3332739260595,4543.209712444834,87.1235614812258
4637.681944033463,4894.604924045843,-256.9229800123803
4641.028729025852,4858.60179350948,-217.5730644836276
4645.27162659076,4844.341131551194,-199.06950496043373
4628.0687785299,4698.640912505636,-70.5721339757365
4621.369567513855,3754.909738348239,866.4598291656162
4650.902681044798,4757.066950932472,-106.16426988767398
4635.439913808534,3980.062811425693,655.3771023828408
4874.863915925969,4836.8892018353645,37.97471409060472
4653.239354202551,4787.510544910539,-134.27119070798744
4654.516765215577,3926.6148977125385,727.9018675030384
4643.443367113092,4621.120183907664,22.323183205427995
4656.2776482953,4659.4600312735365,-3.1823829782360917
4646.899802938696,4735.048624019641,-88.1488210809448
4650.92536154288,4704.058001252808,-53.1326397099283
4646.374054310562,4783.1267973359645,-136.7527430254022
4862.5097678439715,4793.365948220135,69.14381962383686
4650.141508878292,4558.351232479525,91.79027639876767
4658.474986779991,4344.559035981901,313.9159507980903
4647.690329081509,4835.468713971526,-187.77838489001715
4656.797040216286,4910.496500842164,-253.6994606258777
4641.775711044419,4074.488918628673,567.2867924157458
4635.563337003797,4787.556675148696,-151.9933381448991
4644.364894417906,4696.375671625133,-52.010777207226965
4849.8577827244135,3898.6069351453607,951.2508475790528
4630.093755799596,3760.8217884249093,869.2719673746865
4634.896804213056,4890.339931436735,-255.44312722367886
4633.106612606054,4688.777529348891,-55.67091674283711
4627.2752781128165,4770.4314657007135,-143.15618758789697
4633.885144349851,4632.061006139383,1.824138210467936
4636.742594919227,3964.41798115337,672.3246137658566
4628.071835701809,4647.397100665334,-19.325264963525115
4622.798342673183,4739.633155548878,-116.8348128756952
3739.1788745468084,4822.227584061824,-1083.0487095150156
3743.4144744541213,4655.161526477937,-911.7470520238153
3745.4315852747804,4797.902687955556,-1052.4711026807754
3895.022518547574,4452.85213679315,-557.8296182455761
3901.901522655094,4769.4272478679295,-867.5257252128354
3912.1959200092433,4658.219255541474,-746.0233355322307
3897.79104942278,3965.604193316149,-67.81314389336922
3909.052832347446,4822.968706100725,-913.9158737532794
4790.258075723642,3857.6426055730194,932.6154701506225
4779.423402486658,4835.9119121364065,-56.488509649748266
4792.415551613434,4828.368486702557,-35.95293508912255
4776.504981944853,4612.704719373612,163.80026257124155
4793.42181642538,4863.362247908476,-69.94043148309629
4796.134479622441,4831.302256389218,-35.167776766777024
4782.838803955114,4640.599270070531,142.23953388458267
4781.652526264475,4852.458336472475,-70.80581020800037
4720.080686550017,4538.670390464447,181.41029608556983
4717.088481909937,4767.255765718042,-50.16728380810491
4722.1975568302705,4445.805304572678,276.3922522575922
4732.516844834841,4918.336547023449,-185.81970218860806
4713.742033267056,4643.0381048804975,70.7039283865588
4725.576178455962,4471.394543704177,254.18163475178517
4730.074946035462,4794.076748956556,-64.00180292109417
4703.34956761699,4326.240068842812,377.10949877417715
4731.8049019307755,4844.964562290498,-113.1596603597227
3910.7596318126552,4658.278181631559,-747.5185498189039
3902.4759683524694,4676.275610431489,-773.79964207902
3898.40751433373,4837.255459255213,-938.8479449214833
3898.6516440199666,4796.650649274438,-897.9990052544717
3901.9340214608724,3967.9985179290406,-66.06449646816827
4786.563329864306,4699.807451286838,86.75587857746814
4794.124458849218,4847.808405313391,-53.68394646417255
4772.290329974258,4884.447317514292,-112.1569875400337
4771.867561015897,3911.5715185025065,860.2960425133906
4780.309815412098,4846.006489111499,-65.69667369940089
4775.959105838305,4771.00032929014,4.958776548164678
4787.761057827401,4564.069758688168,223.6912991392328
4782.849676785069,3764.3525857767027,1018.4970910083666
4825.999807165962,3775.0147654118987,1050.9850417540633
4811.180061398589,4862.011223868497,-50.83116246990812
4813.756480514496,4783.134998113432,30.621482401063986
4810.753684753043,4777.435827184723,33.317857568319596
4816.491585930315,4656.109226838955,160.38235909135983
4807.117011785208,4645.8687863644245,161.24822542078346
4791.502706940872,4786.643556042779,4.859150898092594
4817.519534697921,4836.013244796271,-18.493710098349766
3960.0416790323757,4859.257772978579,-899.2160939462033
4811.587546895852,4653.5930204868055,157.99452640904656
4823.4008333121965,4588.36609221838,235.0347410938166
4813.536378310923,4084.2933884487197,729.2429898622036
4810.153151084712,4779.198018825254,30.95513225945797
4813.751098766226,4853.911926181665,-40.16082741543869
4806.80384308544,4866.220219140384,-59.41637605494361
4812.954419985402,4790.598350193016,22.356069792385824
4807.505358662819,4821.461691991785,-13.956333328966139
4789.308037741579,4709.4334110786895,79.87462666288957
4774.788044052609,4684.713388543634,90.0746555089745
4787.432564754352,3902.8098992348864,884.6226655194655
4795.252609958755,4476.234072824038,319.018537134717
4779.914975140209,4627.315294646497,152.59968049371219
4783.663953175559,3770.3436945551066,1013.3202586204525
4787.958071487471,4634.052508124383,153.90556336308782
4780.152287374591,4468.945180939293,311.20710643529765
3914.610061544475,3971.7056006010816,-57.09553905660687
3923.6531723465205,3930.8898536124675,-7.236681265947027
3910.458005706788,3931.373275067713,-20.915269360925322
3904.0421019910314,4780.922950406963,-876.8808484159313
3916.9943858837546,4864.74937143221,-947.7549855484554
3726.138213001979,4766.414833515582,-1040.2766205136036
3757.011324788848,4095.2691742642323,-338.2578494753843
4516.911093976051,4648.008599178379,-131.09750520232774
4534.513590089057,3927.7389561318237,606.7746339572336
4532.121414757728,4846.540109905031,-314.41869514730297
4533.008155826686,4661.297187763927,-128.2890319372409
4516.531071906726,4846.122130097174,-329.59105819044817
4529.684749854954,3769.5577000044427,760.1270498505114
4515.683580962585,4644.001748748341,-128.31816778575558
4867.0595470953995,4863.91863336322,3.140913732179797
4861.924352540972,3920.696877152079,941.2274753888928
4861.20394407381,4881.777291834667,-20.57334776085736
4421.584569058714,4546.094494662719,-124.50992560400482
4438.317537831834,3931.212838250928,507.1046995809056
4440.587620506453,4824.351664540704,-383.7640440342511
4423.71091809681,4820.1418520747675,-396.43093397795747
4866.3030130315765,4817.007120191095,49.29589284048143
4857.298368943084,4842.0656323484145,15.232736594669404
4884.780313283996,4669.1478490554255,215.63246422857083
4873.306322422171,4859.121512240537,14.18481018163402
3897.2967691504737,4725.239521252435,-827.9427521019616
3915.972252167677,4647.216601125287,-731.2443489576094
3911.5635856588497,3978.93038021544,-67.36679455659032
3906.6065184720746,4846.791059938039,-940.1845414659647
4681.677663277869,4904.274143811177,-222.59648053330784
4688.759497162713,4754.347018302142,-65.58752113942865
4684.800275187303,3860.6113240828563,824.1889511044465
4684.751279859256,4779.851207597925,-95.09992773866907
4678.669760169242,4885.656671662615,-206.98691149337265
4668.3967277832435,3948.2519938471664,720.144733936077
4688.659009082676,3975.779025912809,712.8799831698666
4824.553114062618,4631.737665637395,192.8154484252227
4807.985229122346,4432.184786097463,375.80044302488295
4493.924246240315,4851.326572305431,-357.40232606511563
4512.590717378563,4886.555846772474,-373.9651293939114
4507.581684441219,4884.671018945145,-377.0893345039258
4509.6918041558965,4887.752106060956,-378.06030190505953
4507.225333509914,4654.725607762279,-147.50027425236476
4828.930330871074,4771.899914526742,57.03041634433248
4828.6222806828155,3951.0500312000377,877.5722494827778
4826.331984183451,4340.2827088950835,486.0492752883674
4402.474154080542,4826.266241551291,-423.7920874707497
3739.4992093007304,4821.369749053027,-1081.8705397522963
3740.081949919729,4329.039678637825,-588.957728718096
3741.0183390799007,3991.658180684451,-250.63984160455038
4625.387042621401,3756.1985867544627,869.188455866938
4622.259735345226,3963.6501192238147,658.6096161214109
4625.390702822904,4563.714664068549,61.67603875435543
4636.982817781005,4644.584275403252,-7.601457622246926
4614.894538926455,4831.0389365497385,-216.1443976232831
4617.06095237515,4536.67375923146,80.38719314368973
4636.478894925248,3964.4288650044987,672.0500299207492
4640.671337105865,4453.502344387324,187.16899271854072
4866.55781331285,4693.626855696464,172.93095761638597
4647.071073797502,3898.8484982705054,748.2225755269969
4649.330618500801,4828.067501228229,-178.73688272742766
4653.494183983468,4655.336813014903,-1.842629031434626
4651.4046656228,4791.154958504817,-139.75029288201677
4653.372060321618,3895.2627416525524,758.1093186690655
4663.24863312921,3978.7334588559347,684.5151742732755
4647.001172026581,4848.769058470613,-201.76788644403223
4866.92900666535,3890.4390164282,976.4899902371503
4648.885370765096,4775.148872026082,-126.26350126098623
4659.030055090021,4549.947380312868,109.08267477715344
4637.472735471789,4835.057854380261,-197.5851189084724
4668.616032187617,3942.6791105567504,725.9369216308664
4641.622767403953,4852.915489712747,-211.2927223087945
4643.915998668761,3904.7279249620187,739.1880737067422
4649.583003496762,4894.011986894028,-244.42898339726617
4854.457720252067,4774.078926101158,80.37879415090902
4624.842937266642,4697.137897566768,-72.29496030012524
4628.25816138162,4819.6452015540035,-191.38704017238342
4640.076427089195,3920.2595792020506,719.8168478871444
4634.804196751114,4897.3818102611,-262.5776135099859
4627.696423560555,4782.458090313378,-154.76166675282366
4653.625462468494,4873.986027928789,-220.3605654602943
4625.105873879171,4645.7254403312845,-20.61956645211376
4642.120461227951,4894.717136495216,-252.5966752672657
3735.465234129,4813.3170845102495,-1077.8518503812497
3741.94184433251,4887.115307080789,-1145.1734627482788
3733.631979386085,3978.2410111187805,-244.6090317326957
3910.4115554591585,4854.318662951501,-943.9071074923427
3909.3020316670677,4740.489184842432,-831.1871531753645
3905.8247209422616,4857.042026425445,-951.2173054831837
3902.9632273938914,4536.150630732387,-633.1874033384956
3916.266796832672,4714.098477385676,-797.8316805530044
4798.558316082912,4783.076688737869,15.481627345043307
4798.060960573581,4853.004018977248,-54.94305840366724
4796.371475650532,4085.6273687469,710.7441069036322
4794.418696731437,3928.297977105599,866.1207196258383
4804.624478416823,4788.825976840075,15.798501576748095
4782.545521485961,3950.937115756009,831.6084057299522
4796.7179537566135,4861.174672306277,-64.45671854966349
4788.684949635896,4696.711589698598,91.97335993729848
4722.1975568302705,4849.609909590797,-127.41235276052612
4720.410940239709,4855.245598707698,-134.83465846798936
4719.061761826644,4674.927076244129,44.134685582514976
4707.033474782067,4636.4348234798845,70.59865130218259
4739.367402487005,4909.051358947205,-169.68395646019962
4730.202461321642,3977.3509953733374,752.8514659483044
4722.286624043119,4648.087442461764,74.19918158135533
4714.330197152838,4462.55333379719,251.77686335564795
4730.962299036557,4878.467017946141,-147.50471890958397
3899.893663788818,4702.558739274941,-802.6650754861234
3919.3640539506437,3941.964597362296,-22.600543411652325
3905.0464488360594,4767.140586212912,-862.0941373768528
3917.3009247518567,4893.640025453398,-976.3391007015416
3910.0734960989003,4888.580737313108,-978.5072412142081
4777.290257006312,4619.27320658944,158.01705041687183
4788.2866895350935,4868.882650152998,-80.5959606179049
4778.917800910699,3760.5351147175525,1018.3826861931466
4783.73632419061,3929.5438714206794,854.1924527699302
4771.250604579051,4530.741066783787,240.5095377952639
4782.580387590689,4701.645535345464,80.93485224522465
4791.762537375901,3928.020323203111,863.7422141727902
4787.409330082492,4656.758537689127,130.650792393365
4808.548722681167,4848.300380644865,-39.75165796369765
4824.396923309138,4705.196859728231,119.20006358090723
4807.787417868071,3917.2811557149257,890.5062621531456
4818.247883313372,4086.5301803705606,731.7177029428112
4817.519534697921,4535.6871112505405,281.8324234473803
4805.5485422450465,4855.617207743342,-50.06866549829556
4807.524111513466,4827.04539538892,-19.521283875454174
4802.513994701127,4693.673335254483,108.84065944664326
3941.3546228158116,4836.352807751587,-894.998184935775
4800.23007342602,4682.949160260296,117.28091316572409
4801.720742616498,4816.116104716997,-14.39536210049937
4798.279682181491,4683.581023067893,114.6986591135983
4810.459848455643,4787.86500996666,22.594838488982532
4808.560747676816,3882.8855162448735,925.6752314319428
4795.926124126105,4891.919293649211,-95.99316952310619
4817.067984562964,4858.221823188543,-41.15383862557883
4814.210139779352,3934.661494965148,879.5486448142042
4796.736286493152,4353.956285583366,442.7800009097864
4783.851720752253,4902.337923213005,-118.48620246075188
4781.590121728324,4684.169399693005,97.42072203531916
4788.496514514066,4553.562753176588,234.93376133747824
4781.594373565015,4846.548837642116,-64.95446407710097
4787.801377871899,4631.986706244254,155.8146716276451
4770.876473113732,4679.347597286946,91.52887582678522
4784.230608714238,4544.409614348691,239.82099436554654
3897.1762364657466,4796.3469900338,-899.170753568053
3909.0409588726384,4899.967186097487,-990.9262272248484
3900.9669401901415,4690.120414853236,-789.1534746630946
3909.690268127457,3908.5512379021993,1.1390302252575566
3911.8884283468374,4647.591388658604,-735.7029603117667
3748.0946109905276,4662.04839403904,-913.9537830485128
3744.006239673145,4777.628262124951,-1033.622022451806
4534.578592653185,4811.784566917852,-277.205974264667
4525.223088078831,4652.462335547658,-127.23924746882676
4518.175116804181,4794.861770289386,-276.68665348520517
4502.057844178105,4811.08108847866,-309.0232443005543
4513.27835755093,4549.814974250039,-36.53661669910889
4520.338781866253,3982.392462250372,537.9463196158813
4520.572531571545,4781.321211004163,-260.7486794326178
4855.085736620516,4883.772171166923,-28.686434546406417
4866.4267317444155,4708.264944972654,158.1617867717614
4865.256533593968,4654.583148486423,210.67338510754507
4427.911583440646,4840.957169687662,-413.0455862470162
4420.991051018587,3952.760062006278,468.23098901230924
4435.919583659689,4858.868529522064,-422.9489458623748
4426.694545968717,4683.775120336219,-257.08057436750187
4864.012260983395,4083.9844517388406,780.0278092445546
4864.52155271294,4749.522219567611,114.99933314532973
4873.970859463787,4699.066121853744,174.9047376100425
4853.287248581725,4804.376146347668,48.91110223405758
3917.337252246961,4785.614526527062,-868.2772742801008
3912.2132234979213,4892.858607446557,-980.6453839486353
3920.290451746996,4813.117019051827,-892.8265673048309
3900.3845894045135,4797.537574399344,-897.1529849948301
4662.697298032775,3902.3886724362437,760.3086255965309
4686.031491725814,4555.241706291696,130.78978543411813
4684.911821993125,4789.464230662077,-104.55240866895201
4707.935910723847,3945.265116805287,762.6707939185599
4679.125822530425,3991.250482473444,687.8753400569803
4684.313248338718,4882.188983213949,-197.8757348752306
4675.652902599989,4870.391699459016,-194.7387968590274
4814.579307620047,4791.914134869248,22.665172750798774
4830.706890382028,4807.442546877912,23.26434350411637
4510.122800790645,4855.0032010163,-344.88040022565565
4515.542155917302,4665.927342259977,-150.3851863426753
4500.3791397541145,4847.344338078411,-346.9651983242966
4515.562329763774,4480.442291411315,35.12003835245923
4507.537033754153,3961.079918635944,546.4571151182085
4825.125174635027,4547.445021870464,277.680152764563
4829.423862464009,4842.451339942572,-13.027477478563014
4848.742780103601,4863.9948595804135,-15.252079476812469
4403.928393682929,4692.1971122156165,-288.26871853268767
3739.4992093007304,4769.34148557227,-1029.84227627154
3749.223364602683,4883.624119504326,-1134.4007549016428
3739.41327492178,4629.006566269806,-889.593291348026
4634.990226296375,3773.886554548105,861.1036717482702
4637.993613933283,4868.184272342406,-230.190658409123
4624.137164570163,4621.63965701615,2.497507554013282
4622.686692876883,4795.658947457995,-172.97225458111188
4642.3453614623795,4564.319421099256,78.02594036312348
4648.071298348644,4656.346568337986,-8.275269989342632
4634.228637160571,4451.427040357855,182.80159680271663
4630.418796302911,4703.993537282183,-73.57474097927206
4874.2766007800865,4794.597634250091,79.6789665299957
4649.994488355944,4787.000497312759,-137.0060089568151
4643.443367113092,4642.377067900806,1.0662992122861397
4647.440942006093,4855.8521701376785,-208.41122813158563
4652.674370340277,4739.086351992895,-86.41198165261812
4668.615571405671,4888.387888197553,-219.77231679188208
4656.735695489694,4782.717081604675,-125.98138611498052
4658.477980979565,4843.214970300613,-184.736989321048
4877.31720592971,4788.135241113571,89.18196481613904
4655.422052791761,4846.182719411504,-190.76066661974255
4648.362557618428,4769.42519753306,-121.0626399146322
4656.219820644287,4634.758443913513,21.461376730774646
4667.3150679485625,4358.612944765784,308.70212318277845
4654.4217538862895,4681.156194425206,-26.734440538916715
4633.339951484641,4867.431933163048,-234.09198167840714
4649.558607714434,3925.5756525185166,723.9829551959178
4844.69120765414,4781.548228076865,63.14297957727558
4628.254237520184,3928.7822744223345,699.4719630978493
4621.804808706033,4851.632721719092,-229.8279130130586
4637.149740408511,3966.9010509206455,670.2486894878657
4626.863408982467,4899.169442881514,-272.3060338990472
4623.701954688366,4890.700014734067,-266.9980600457011
4630.124746161413,3761.1709518956027,868.9537942658103
4619.288217796119,4861.3727391515595,-242.0845213554403
4622.570466509115,4879.495975884559,-256.92550937544365
3750.909642104219,3918.1383853199013,-167.22874321568224
3746.5430384608603,3997.5947565416245,-251.0517180807642
3733.7200906196517,4763.294376597596,-1029.5742859779443
3897.79104942278,3919.5444036228987,-21.753354200118793
3896.910535121773,4775.8739625530225,-878.9634274312493
3907.3118964066603,3927.876940492873,-20.565044086212765
3914.035112739362,4584.706024576562,-670.6709118372005
3919.4222155475036,4816.337606506219,-896.9153909587158
4811.384586646254,4832.339825198997,-20.95523855274223
4794.984670095878,4874.259342464161,-79.27467236828306
4800.668451578376,4867.071507429099,-66.40305585072292
4797.653978564215,4853.82491888202,-56.17094031780471
4802.021176245525,4770.207669342194,31.813506903330563
4797.768203872099,4910.593443145617,-112.82523927351849
4801.597433716164,4806.202916823449,-4.605483107285181
4793.508077186874,3684.606700203815,1108.9013769830594
4713.742033267056,3892.1559228185083,821.586110448548
4718.058892492754,4772.846494892753,-54.78760239999883
4739.367402487005,4837.298331199215,-97.9309287122096
4730.68482453187,4468.846422493218,261.838402038652
4724.870623150091,4696.919773461448,27.950849688642847
4722.885546013606,4870.217077650354,-147.33153163674888
4715.125532964127,4682.068990128714,33.05654283541298
4715.028266419179,4667.808055560667,47.22021085851247
4735.426363236426,4850.643299006757,-115.21693577033056
3909.634317575893,4546.358412558751,-636.7240949828583
3891.8712566149343,3971.413605527534,-79.54234891259966
3896.3247914163408,4881.464167973811,-985.1393765574699
3902.806831665908,4849.264652874932,-946.4578212090241
3904.704661598656,4689.203987275112,-784.499325676456
4773.280926064414,3756.940324232311,1016.3406018321034
4780.044357578514,3924.8570012662444,855.1873563122695
4766.4010021958275,4833.0368679559215,-66.63586576009402
4791.172248848729,4783.134172726918,8.038076121811173
4790.058376192208,4655.8536859545475,134.20469023766054
4794.1608248397715,3960.107159756374,834.0536650833974
4759.388955851478,4826.83847351702,-67.44951766554186
4790.504621232854,3936.284943279848,854.2196779530063
4793.690662404536,4822.591971781378,-28.90130937684171
4808.958185340285,4848.280745951105,-39.32256061081989
4805.8545176108555,3917.971427982042,887.8830896288137
4805.380898648356,3925.424130866494,879.9567677818623
4823.400833312197,4640.609472580908,182.7913607312894
4827.447902762643,4663.829442259088,163.61846050355507
4815.2299008969785,4855.508611664347,-40.278710767368466
4801.720742616498,4850.774009221058,-49.05326660456012
3942.366146840598,4778.155282113894,-835.7891352732959
4796.780027695886,4848.056972933911,-51.27694523802529
4810.356500822208,4694.7836756698625,115.5728251523451
4807.465454652706,3959.0031667099975,848.4622879427088
4826.10917166445,4465.386129948424,360.72304171602536
4809.385251955922,4859.091497598978,-49.70624564305581
4791.4695451970465,4830.661715100002,-39.19216990295536
4804.727945685066,4538.392310017324,266.33563566774137
4819.952126066048,4714.607247428693,105.34487863735467
4780.152287374591,4812.225169765487,-32.072882390896666
4776.8445166440215,4781.286731215357,-4.442214571335171
4798.82221682635,4820.107464340889,-21.28524751453915
4798.137507002082,4843.7771193513445,-45.63961234926228
4783.662596666414,4849.8331904101815,-66.17059374376731
4790.044123757612,4834.916162448679,-44.87203869106634
4795.041247666699,4871.581830514355,-76.54058284765597
4781.414131124557,3771.0995882259285,1010.3145428986281
3896.876779691415,4821.770190724599,-924.8934110331843
3917.4367913324922,4481.837108870499,-564.4003175380067
3903.5323815633947,4082.0933504795685,-178.5609689161738
3909.7792238716665,4836.4957415467725,-926.7165176751059
3914.492143071828,4788.949818461443,-874.4576753896149
3734.2593275289814,4850.969619429213,-1116.7102919002314
3737.572007613781,4736.107844708832,-998.5358370950512
4534.303368351308,4917.678694105053,-383.3753257537455
4517.775456031223,3993.242814778694,524.5326412525292
4520.572531571545,3928.21572442999,592.3568071415552
4511.1024672486765,4769.309823981719,-258.2073567330426
4523.167610819072,4651.0187935621725,-127.85118274310025
4510.734139037183,3752.5851719936627,758.1489670435203
4522.020126933141,4775.7951450962555,-253.7750181631145
4876.783365453928,4481.502321250877,395.28104420305135
4852.608926634882,4641.684410861891,210.92451577299107
4878.332797953673,4841.590666158669,36.74213179500475
4421.174145314226,4792.5348225085145,-371.36067719428866
4438.3856779017515,4549.514856534932,-111.12917863318035
4434.575402407834,4798.044046956631,-363.4686445487969
4445.827592640899,4350.925460008089,94.9021326328093
4860.512932582701,4885.77006226545,-25.25712968274911
4860.386927476358,4074.6747105121835,785.7122169641748
4869.146258601765,4832.492827861134,36.65343074063094
4864.6606350276625,4468.1788742323915,396.48176079527093
3897.083648205637,3987.153612423629,-90.06996421799204
3915.6294919556026,4666.822978387115,-751.1934864315122
3910.826905445809,4682.259106246514,-771.4322008007052
3919.5200702409093,4364.864782596391,-445.34471235548153
4690.169898329113,4856.72433823,-166.5544399008877
4684.861759558694,4679.218650485809,5.643109072884727
4687.4175034064165,4539.151932931561,148.26557047485585
4685.879718233158,3906.2056362492367,779.6740819839215
4689.040431044414,4576.008671206378,113.03175983803612
4688.5773172010995,4821.879642134374,-133.30232493327458
4686.001774119153,4551.914121251821,134.0876528673325
4835.733751591902,4897.531045530094,-61.797293938192524
4812.554528922979,3956.922596808423,855.6319321145565
4489.2804870717355,4673.820572915783,-184.5400858440471
4501.271461431387,4690.474959363146,-189.20349793175865
4491.817049810693,3754.08436211605,737.7326876946427
4510.444592330097,4868.633561335466,-358.18896900536856
4498.399972309905,4624.619508207638,-126.2195358977333
4826.435460352023,4762.086139931698,64.34932042032506
4842.79131496935,4763.798127815652,78.99318715369827
4842.929012290893,4897.474800241616,-54.545787950723025
4413.410696836944,4647.650778900085,-234.24008206314102
3739.4992093007304,3956.019480667786,-216.52027136705556
3751.454581948367,4651.559651213475,-900.1050692651083
3740.2212532734015,4552.382009506546,-812.1607562331442
4617.370273439897,4871.159236318147,-253.78896287825046
4628.247285224558,3763.319238707441,864.9280465171173
4623.825591440321,4843.4751220429325,-219.64953060261178
4641.57049502905,3940.763062806293,700.8074322227571
4632.092986852727,4855.653640828731,-223.56065397600378
4623.276220985166,3918.512385282448,704.7638357027181
4635.767315601739,4656.161144466579,-20.393828864839634
4636.834141104282,4697.007493501912,-60.17335239762997
4879.837424410741,4666.55212960795,213.2852948027912
4649.462872381777,4529.288514587845,120.17435779393145
4655.985429030814,4889.37480585145,-233.38937682063624
4650.02944036382,4776.00334287489,-125.97390251107026
4642.529567305966,4780.584103960214,-138.05453665424739
4658.623496263092,4685.017321334934,-26.393825071842002
4657.805678407468,4906.375697588342,-248.57001918087371
4646.345955849074,4890.655323417552,-244.30936756847768
4848.278598768301,3907.958992107171,940.3196066611299
4647.126307008294,3760.5109052479806,886.6154017603135
4635.247067910479,3982.824939867674,652.4221280428051
4647.714445666388,4785.387684081285,-137.67323841489724
4646.124753791872,4823.132121667713,-177.00736787584174
4656.9667840089805,4697.711731364183,-40.744947355202385
4646.017519268614,4074.993410594055,571.0241086745586
4654.361656127895,3771.8416785706163,882.5199775572787
4848.390608136942,3898.8607338120887,949.5298743248536
4621.804808706033,4789.832335993022,-168.02752728698852
4628.260788864625,4465.685540111138,162.57524875348736
4631.993664025126,4838.358266923107,-206.36460289798106
4627.811838160883,4832.9731788381905,-205.16134067730763
4641.498501327865,4844.759727344713,-203.261226016848
4638.2740685502085,4563.776175039148,74.49789351106028
4626.986598823317,3989.4857113197622,637.5008875035546
4624.341205568741,4622.499368650353,1.8418369183882533
3736.788143448012,4856.224355124303,-1119.436211676291
3736.943998584571,4843.698567785404,-1106.7545692008325
3743.2534964574106,4543.187604178791,-799.9341077213803
3913.7166225575565,4573.657662663095,-659.9410401055384
3904.5507755955623,4627.485422175138,-722.9346465795761
3906.6210419090094,4772.057838671775,-865.4367967627659
3911.9328421310474,4911.7561674818335,-999.823325350786
3901.194475784236,4767.3399928350955,-866.1455170508593
4794.171147121172,4779.255132149207,14.916014971964614
4802.581663838262,4905.398629496233,-102.8169656579712
4801.5485692027005,4658.726741658762,142.82182754393853
4802.0512964276395,4645.715065580687,156.33623084695228
4791.088879545994,4880.415452520078,-89.32657297408423
4814.153557539789,4903.328956464591,-89.17539892480181
4784.440795263787,3961.500932553899,822.9398627098876
4798.913252518624,4657.3374084130755,141.57584410554864
4730.074946035462,4865.355074126805,-135.2801280913436
4721.587212214747,3989.1602859268924,732.4269262878543
4722.286624043119,4776.549240839183,-54.26261679606341
4724.879479405657,4895.964085763492,-171.08460635783558
4715.125532964127,4787.952610213242,-72.82707724911506
4710.7713014115225,4629.540969818375,81.23033159314764
4725.015593830252,3930.1790272595085,794.8365665707438
4722.212693355367,4777.449874080174,-55.23718072480642
4740.6792667787895,4448.5059202781395,292.17334650065004
3891.4187407240797,3912.7445416443834,-21.325800920303664
3904.1634049371305,4831.735610620182,-927.5722056830518
3903.525381209186,4777.365018976545,-873.8396377673589
3914.990244286851,4867.156860642016,-952.1666163551649
3903.4122574619955,4896.146288528971,-992.7340310669756
4781.661972096961,3767.63105986984,1014.030912227121
4795.732816714583,4581.000457258114,214.73235945646957
4778.354536579978,3955.2283555650292,823.126181014949
4775.827840380828,4342.50770051526,433.3201398655683
4781.80513123787,4747.247572033352,34.55755920451793
4785.181017694523,4840.137943831767,-54.95692613724441
4792.616179328156,4859.444177507192,-66.8279981790356
4780.287665418935,4651.38230092085,128.90536449808496
4793.781720252134,3915.4096895917255,878.3720306604082
4816.907647700626,4757.950321551039,58.95732614958615
4821.059303442749,4706.282972534219,114.77633090853033
4814.989888606306,3909.259230200003,905.7306584063026
4813.751098766226,4572.806286978999,240.94481178722708
4806.035821129289,4877.497225701367,-71.46140457207821
4800.684272107376,4620.935995912756,179.7482761946203
4808.5607476768155,4863.845298544206,-55.28455086739086
3955.1932078778427,4779.182137293117,-823.9889294152745
4820.8513602722005,4349.89146394739,470.95989632481087
4809.385251955922,4553.436760350068,255.94849160585454
4805.8473892245975,3926.7774201565,879.0699690680976
4805.534901273917,3970.4482483608886,835.0866529130285
4794.841426963695,4844.217787640875,-49.376360677179946
4794.742087346456,4822.427140440204,-27.685053093748138
4818.307076862906,4700.547374946469,117.75970191643682
4823.394603772225,3983.567637624383,839.8269661478421
4767.683752798178,3907.946549966674,859.737202831504
4785.51141716921,4829.85560520917,-44.34418803995959
4779.382129562369,4846.084526804403,-66.70239724203384
4776.949991145214,4780.055629750207,-3.105638604993146
4786.162713813486,3978.3388830270956,807.8238307863908
4776.391214192193,4771.363812042027,5.0274021501654715
4790.009616845772,4533.938116195187,256.0715006505852
4778.3309315036995,4843.903892825717,-65.57296132201736
3904.1085904790175,4855.779042633323,-951.6704521543056
3886.910881493199,4850.17882312311,-963.2679416299111
3910.752111150966,4089.810796620625,-179.05868546965894
3906.839561718143,4752.5360154008,-845.6964536826572
3906.2228098189007,4845.588674784664,-939.3658649657636
3736.7777971093733,4869.200152186856,-1132.4223550774827
3741.960554334207,3909.634112422067,-167.67355808786033
4520.707899227914,4851.525163974128,-330.8172647462143
4525.437043629109,4811.084540322854,-285.64749669374487
4517.273452075909,4547.5009837735915,-30.227531697682934
4532.71095695754,4787.913354879027,-255.20239792148732
4529.807808400831,3798.607487846949,731.2003205538822
4520.18675555092,4845.3957439275355,-325.2089883766157
4513.287508581863,4337.846582484415,175.44092609744803
4867.817769583237,4745.5692719410235,122.2484976422138
4856.701782639968,4461.67270058533,395.0290820546379
4861.83914360086,4815.354693908729,46.48444969213051
4417.264263650679,4783.040325957703,-365.7760623070244
4449.204511164431,4466.955334164085,-17.750822999653792
4430.152868721192,3992.7307657646215,437.4221029565706
4427.5340408116135,4847.777489773566,-420.2434489619527
4864.670001186376,4544.304633842131,320.365367344245
4856.020565736602,4830.454749178361,25.56581655824084
4866.530138089307,4696.182669936309,170.34746815299786
4864.540874303883,4071.5529867349924,792.987887568891
3923.633812303975,4356.878410623842,-433.2445983198668
3902.615186891035,4878.335741980393,-975.7205550893582
3905.2473659489046,4811.692632549889,-906.4452666009843
3906.8724498180572,4763.313462625644,-856.441012807587
4686.475045901063,4570.7050195181355,115.77002638292743
4687.707484399467,4790.686187230521,-102.97870283105385
4682.177437545956,4549.468366790054,132.70907075590276
4683.107196735932,4850.574192785031,-167.46699604909918
4672.375079484111,4640.464089932992,31.9109895511192
4683.620051083126,4550.915057234183,132.70499384894265
4683.591766553918,4859.5665422967195,-175.97477574280128
4820.748483716692,4774.959288881754,45.789194834937916
4826.104593402047,3926.8345183567008,899.270075045346
4502.060769102063,4855.074585396561,-353.0138162944977
4500.597688686441,4760.4699708304515,-259.87228214401057
4501.677187353475,4854.397294809096,-352.72010745562056
4512.838174448996,4870.575510074293,-357.7373356252965
4512.732443869552,4906.1522502229855,-393.41980635343316
4825.433403547328,4839.658358327127,-14.224954779798281
4839.858956436967,4809.968917391099,29.890039045867525
4830.055940450508,4672.989882818299,157.06605763220978
4400.461585328824,4460.460755113977,-59.999169785152844
3739.4992093007304,4740.481743048035,-1000.9825337473048
3729.5429855276775,4815.410405870611,-1085.8674203429332
3741.737442682768,4790.410012509432,-1048.6725698266641
4631.04931691422,4540.724534922768,90.32478199145226
4611.612913099742,4509.930588422865,101.68232467687722
4637.304169684167,4634.357770392142,2.9463992920254896
4630.717625528092,4754.761861028151,-124.04423550005868
4628.857496001148,4075.9328970756455,552.9245989255028
4625.652867314973,4622.554705847472,3.098161467501086
4640.671337105865,4871.191402853761,-230.5200657478963
4639.554202194871,4474.157572504524,165.39662969034725
4868.088567188086,4849.613072574916,18.475494613169758
4656.73873506686,4451.829991617851,204.9087434490084
4656.2776482953,4546.245405835676,110.03224245962429
4652.674370340277,3921.335878138673,731.3384922016044
4658.482199411982,4809.478271968901,-150.996072556919
4650.543238353045,4639.084480143005,11.458758210040287
4652.539710012964,4816.008359410957,-163.46864939799343
4648.885370765095,3902.158493508511,746.726877256584
4870.679049187604,4831.07933978683,39.59970940077346
4654.072183266073,4804.1315579493275,-150.05937468325465
4651.322110915855,4654.010410638534,-2.688299722679403
4657.982616971749,4852.767115304376,-194.78449833262675
4642.991644031965,4829.780145809574,-186.78850177760887
4646.134268028941,4886.458239134971,-240.3239711060305
4647.189276960944,4652.14578452049,-4.9565075595464805
4652.571464520894,3929.034252178339,723.5372123425545
4860.664331502877,4746.356371912612,114.30795959026455
4637.149740408511,3968.2386273752127,668.9111130332985
4631.993664025126,4534.744317808257,97.24934621686953
4625.555241410292,4533.679371174362,91.87587023593005
4643.6265875831305,4790.9675388656515,-147.34095128252102
4634.296517120171,4707.189125677867,-72.8926085576959
4613.481133076747,4635.148593192902,-21.66746011615487
4642.832808117954,3766.531773760377,876.3010343575775
4627.867929846501,4734.402202920908,-106.53427307440688
3749.5045653235507,4909.059166081015,-1159.5546007574644
3735.57558309163,4741.387876684484,-1005.8122935928536
3753.902610294124,4913.804679884024,-1159.9020695899003
3894.064178790803,4881.581171288859,-987.516992498056
3896.652106001028,4541.087551315815,-644.4354453147871
3909.5309737284847,3987.9217027808068,-78.39072905232206
3900.6693719869213,4788.587648379091,-887.9182763921694
3888.947042516731,4874.835260762776,-985.8882182460447
4805.813728400641,4860.31531826102,-54.50158986037968
4796.7179537566135,4801.090559834524,-4.372606077910859
4795.059762662385,4740.889145964846,54.17061669753912
4797.231633584457,4891.446285668507,-94.2146520840497
4792.250822150991,4786.743194500647,5.507627650343238
4783.743731390713,4680.729719771478,103.01401161923513
4794.814080981824,4705.628735766579,89.18534521524543
4777.775750616719,4634.671376642759,143.1043739739598
4718.211481606581,4782.80227605244,-64.59079444585859
4721.069434049632,4785.928523570694,-64.85908952106183
4717.368878712364,4781.5710588528,-64.20218014043621
4726.070225017782,4529.365637293477,196.70458772430447
4721.832942912233,4848.000980514713,-126.16803760247967
4726.980228428459,4825.738072180397,-98.7578437519378
4727.085846454595,4863.961743242156,-136.87589678756103
4732.23260486844,4856.351246997451,-124.11864212901128
4733.005317738412,4800.783289299847,-67.77797156143515
3900.9962649234394,4698.105275768778,-797.1090108453382
3896.6510880820683,4854.269993757287,-957.6189056752187
3897.330222953664,4836.881942301852,-939.5517193481883
3904.2779930211796,4651.205820232315,-746.9278272111355
3903.502718568402,4543.235476017454,-639.7327574490519
4789.15342045277,4864.342998069749,-75.18957761697948
4777.929592247311,4886.877825112847,-108.94823286553583
4792.296824532402,4704.033088952092,88.26373558030991
4780.5752809167225,3763.205853275985,1017.3694276407373
4782.601589071698,4827.95522512556,-45.35363605386192
4785.6611949427925,4707.576526689179,78.08466825361302
4781.167515244879,4877.0635512263925,-95.8960359815137
4787.165284954369,3930.85425611956,856.3110288348089
4801.7653966328335,4771.923353924329,29.842042708504778
4799.036454363631,4826.924198383885,-27.887744020254104
4816.845010025852,4878.322070430525,-61.47706040467256
4813.620119042773,4780.169555883795,33.450563158978184
4807.505358662819,4846.267900244574,-38.762541581754704
4801.6364796066655,4842.2793150428015,-40.64283543613601
4808.347016140645,4849.978466644846,-41.631450504200984
4814.21013977935,4784.393703443892,29.816436335458093
3946.9341950082185,4895.113259428368,-948.1790644201496
4804.707977568915,3894.6208605045254,910.08711706439
4819.952126066048,3970.3153002596932,849.6368258063544
4803.428721510738,4797.096846180495,6.331875330242838
4807.34596779532,3922.2905325998267,885.0554351954929
4823.394603772225,3823.817832421157,999.5767713510681
4817.373888423341,4700.339928695592,117.03395972774888
4803.7295174495175,4761.3303959421455,42.399121507372
4825.280214906128,3966.125547679462,859.1546672266659
4793.622586961215,4663.514493019481,130.1080939417343
4779.2949361522105,4690.812544121153,88.48239203105732
4761.082189081994,3886.846612553148,874.2355765288462
4784.631209034882,3766.041415967777,1018.5897930671049
4791.500680980682,3933.9134617248883,857.5872192557936
4777.150791168774,4771.395565633199,5.755225535574937
4788.718743864057,4864.82353663085,-76.10479276679325
4781.287064359329,4649.473295964487,131.81376839484165
3901.8490811091247,4544.442647443451,-642.5935663343266
3902.867629706826,4623.489974405122,-720.6223446982958
3908.869899732333,4878.886633871899,-970.0167341395659
3901.7584420402627,4574.112591583018,-672.3541495427553
3910.0320455498486,4846.1111798606435,-936.0791343107949
3742.3894493909497,4655.2928431629125,-912.9033937719628
3751.159325047247,4848.940941262272,-1097.7816162150248
4515.386781811332,3955.186550083438,560.2002317278943
4512.655602411075,4767.11403492241,-254.45843251133465
4522.379819896175,3914.5264234396377,607.8533964565372
4523.684942200159,4652.424705046837,-128.73976284667788
4533.877276924287,4569.3217994321685,-35.44452250788163
4514.399431417997,4684.651455008053,-170.25202359005561
4520.693188082652,4846.382234327472,-325.68904624482
4849.508318725037,4865.278840027689,-15.770521302652014
4875.067610664554,4800.102091580803,74.96551908375113
4856.282118843389,4843.758078501921,12.524040341468208
4434.580080503778,4906.754720744828,-472.17464024104993
4429.20378317923,4751.076551929885,-321.87276875065436
4432.492485252166,4084.5773815242105,347.91510372795574
4436.963600295787,3928.8285913256727,508.1350089701141
4865.65232831771,4859.481617878586,6.1707104391243774
4855.431331775284,4523.733262747086,331.698069028198
4859.884981665438,4645.684180508812,214.20080115662677
4874.19670948333,4858.152858870741,16.043850612589267
3906.3415525925384,4555.757994798247,-649.4164422057083
3907.043868265764,4668.468123710605,-761.424255444841
3919.7579446657583,4829.798806691698,-910.0408620259395
3921.181352916679,4715.813268581462,-794.6319156647828
4675.94202535301,4841.663740337881,-165.72171498487114
4674.497201849336,4888.244184439926,-213.74698259059005
4697.850795404179,4810.452298829369,-112.60150342519046
4684.746557385908,3975.1813708906407,709.5651864952674
4682.720421289979,4882.832409635972,-200.11198834599327
4677.7247621333145,4823.175891934544,-145.4511298012294
4680.776678544556,4303.912951278349,376.8637272662063
4825.172253711584,4854.634728772738,-29.462475061153782
4824.954310668902,4864.562443734705,-39.608133065803486
4505.4301704232885,4653.11321536264,-147.68304493935193
4510.877372996717,4560.218725213397,-49.34135221668021
4498.976154276899,4572.564390192211,-73.588235915312
4496.9333481559015,4689.223893401863,-192.29054524596177
4503.241381879524,4738.5901554689435,-235.34877358941958
4828.916451513103,4644.543929781126,184.37252173197703
4836.644981092722,4535.540061279618,301.10491981310406
4835.985898329885,4789.030946971594,46.9549513582906
4393.715795400465,4859.92965051076,-466.2138551102953
3739.4992093007304,3923.832587060234,-184.3333777595035
3748.8592367045444,4688.915056083733,-940.055819379189
3749.766168394514,4713.175654336672,-963.409485942158
4626.785827410378,3894.7248731236523,732.060954286726
4627.074007544,3760.7578695245934,866.3161380194065
4635.4954898360575,4830.86486261133,-195.3693727752725
4631.918257132986,4901.955539111146,-270.03728197816054
4616.744910638391,4757.5837246264655,-140.83881398807443
4626.964799914899,4846.991715984632,-220.02691606973258
4624.155420095526,4868.030691896771,-243.8752718012447
4615.362935176103,4837.975840444286,-222.61290526818357
4868.616232429121,4545.766071626126,322.85016080299465
4647.055224509817,4646.786308761114,0.2689157487029661
4655.354926502663,4349.919300233855,305.43562626880794
4629.752040762432,4522.533716587878,107.21832417455425
4662.789171799663,4861.087043864467,-198.29787206480432
4659.59669966522,3932.9161640021534,726.6805356630662
4656.334661771017,4820.414649939218,-164.07998816820145
4650.5293614624225,4882.674848105723,-232.1454866433005
4862.979821786585,4617.478685184471,245.50113660211355
4667.217141990055,4646.101776462533,21.115365527522044
4641.867018018713,4685.543023943508,-43.67600592479539
4639.281345871309,4675.873264410165,-36.59191853885568
4656.9113625521695,4448.296812133538,208.61455041863155
4644.261940439273,4645.058173586551,-0.7962331472781443
4644.2605130751235,3956.7204593595734,687.5400537155501
4646.740130027656,4683.0632175016735,-36.323087474017484
4852.9335530072985,3965.9188926284737,887.0146603788248
4626.863408982467,4791.686969335702,-164.82356035323483
4627.811838160883,4758.514422198517,-130.70258403763455
4643.6265875831305,4640.3122250710185,3.314362512111984
4633.123084671598,4739.3991481610865,-106.27606348948848
4624.478727625307,4850.414953946495,-225.93622632118786
4632.0382903288955,4678.205627768947,-46.1673374400516
4637.887811773667,4085.5170353659596,552.3707764077071
4623.345037230105,3923.688668880968,699.6563683491368
3746.028623423655,4739.631026471181,-993.602403047526
3749.072299219563,3771.299676229939,-22.22737701037613
3747.4729045467384,4825.335352457155,-1077.8624479104164
3903.475776033423,3958.0382321422717,-54.56245610884889
3914.444321120469,4893.1423810336555,-978.6980599131866
3899.710329440684,4815.0646693734425,-915.3543399327586
3898.8164737932257,4572.567109344556,-673.7506355513306
3896.8533842471757,4773.727158320065,-876.8737740728898
4785.718411647019,3901.86478602826,883.853625618759
4795.406783958552,3895.313214300125,900.0935696584274
4797.720845532674,3930.5994300268785,867.1214155057951
4789.377814018722,4843.843576869451,-54.465762850728424
4797.402209237422,3926.2288901221627,871.1733191152589
4798.580501591353,4679.817291961448,118.76320962990485
4803.9112512880665,4651.0566837670285,152.854567521038
4785.408045535575,4644.34665123038,141.06139430519488
4723.383229465338,3970.901047961111,752.4821815042274
4725.2867468381655,4654.664865904862,70.62188093330315
4741.127538777477,4889.97698256505,-148.84944378757336
4718.624458226767,4647.368972461929,71.25548576483834
4706.342206428381,4833.523231523904,-127.18102509552227
4731.970098766928,4845.556985507805,-113.58688674087716
4723.645219167457,4651.505511273917,72.13970789353971
4719.056822777029,3897.3569551125165,821.6998676645126
4727.646981730749,4768.77222991663,-41.12524818588099
3912.581837352781,3773.8100989892937,138.7717383634872
3912.6503353317353,4796.4398072581935,-883.7894719264582
3910.908493050787,4351.903664053406,-440.9951710026189
3898.8193114363926,4845.941507626849,-947.1221961904562
3897.5281597493613,3922.3236849955915,-24.795525246230227
4788.078308063568,4802.948558674966,-14.87025061139775
4783.679525004694,4850.9051655243375,-67.2256405196431
4785.4814458119,4656.222317278078,129.25912853382215
4783.344309808228,4906.384513974359,-123.04020416613093
4786.772163949869,3904.1737038268334,882.5984601230352
4796.463624900848,3966.47330355612,829.9903213447283
4796.893609725021,4652.317357684298,144.57625204072247
4796.004092159377,4708.015707933213,87.98838422616427
4816.8205196019635,4663.296995008655,153.52352459330814
4822.178644748079,4911.221415128506,-89.0427703804271
4815.949692460836,4661.87024714955,154.07944531128578
4810.290711299096,4864.0763625164545,-53.78565121735846
4813.78916102294,4882.393291392648,-68.6041303697084
4812.157901894805,4907.6653447280905,-95.5074428332855
4816.94256467974,4746.7626337686825,70.17993091105745
4807.9467179969115,4684.169399693005,123.77731830390621
3965.822124759633,4705.6225726056955,-739.8004478460625
4804.278157205204,3955.3587472275995,848.9194099776041
4825.178813094937,3868.099222166588,957.0795909283493
4793.024409087872,3909.638791618813,883.3856174690595
4793.689782559795,4065.062039047477,728.6277435123184
4805.738725830957,4645.544487209376,160.19423862158146
4803.248194328241,4773.048214794863,30.1999795333777
4821.469708620333,4662.266632153345,159.20307646698802
4787.438785350581,4825.635213165009,-38.19642781442781
4771.4645878657875,4530.341571989082,241.12301587670572
4796.051555851991,4836.883818394757,-40.83226254276633
4794.444553501856,3773.7984166791716,1020.6461368226842
4782.848565209114,4562.886031552821,219.9625336562931
4795.451829296665,4909.358845839567,-113.90701654290206
4794.346670205288,4809.327565049818,-14.980894844529757
4766.248819955026,4866.111091983138,-99.86227202811187
4796.969834223804,4851.963840749681,-54.99400652587701
3891.470477885423,4815.581281355407,-924.1108034699837
3899.63791778536,3879.89065834139,19.74725944397005
3897.504127889659,4759.705689910182,-862.2015620205229
3890.932045144947,4791.728903286256,-900.7968581413093
3906.8181923053176,4843.634027465601,-936.8158351602838
3736.5149446875657,4846.715770016586,-1110.2008253290205
3736.926325693913,4840.682157850935,-1103.7558321570223
4514.979709987893,3761.783847775962,753.1958622119314
4525.269593354516,4889.880005140069,-364.6104117855539
4530.657115941262,4843.7391744978595,-313.0820585565971
4531.311919403388,4853.968551195996,-322.6566317926081
4517.913258318917,4648.83191176372,-130.91865344480357
4519.211906433301,4785.300224265282,-266.08831783198093
4512.791847501183,4842.055120976911,-329.26327347572806
4865.750055839856,4875.354919849876,-9.60486401001981
4851.147341873701,3965.655223855088,885.4921180186134
4869.3777808721225,4699.988295430695,169.3894854414275
4450.639749606884,4880.509310362822,-429.86956075593844
4440.25045882231,4836.549550422621,-396.29909160031093
4430.59738924685,4787.0578600703275,-356.4604708234774
4442.027364287579,3966.573348949982,475.45401533759696
4869.905879506169,4792.31609767191,77.58978183425916
4854.17698259538,4638.027383478357,216.14959911702317
4848.359444369302,4866.0087200210655,-17.649275651763674
4871.824367818034,3934.8724700685225,936.9518977495118
3918.6167810328366,4009.9200002628413,-91.30321923000474
3904.787883085331,4852.147920677979,-947.3600375926476
3897.7914617147912,4539.797593089698,-642.006131374907
3908.101969279728,4786.8713882416905,-878.7694189619624
4686.716784246922,4851.45225898565,-164.73547473872804
4689.923644364185,4864.389604197884,-174.46595983369934
4683.359999279048,4876.219534913508,-192.85953563446037
4683.093553462837,4836.889813992034,-153.79626052919684
4678.525719645486,4744.865955752603,-66.34023610711756
4672.153516804344,4638.773099166298,33.3804176380454
4680.251956948134,3960.0790927888183,720.1728641593154
4817.975649338908,4786.72222917344,31.253420165468015
4829.808544938771,4787.811396192215,41.99714874655547
4502.463547380466,4755.149071590149,-252.68552420968354
4490.984859094972,4839.172702204988,-348.1878431100158
4506.518606437027,3972.9567255684988,533.5618808685285
4503.290423023544,3961.688728443771,541.6016945797724
4500.8664109447855,4554.811641490667,-53.945230545881714
4825.290393286128,4814.061641410509,11.22875187561931
4848.552978783323,4907.990755003079,-59.437776219756415
4827.804402350929,4768.8042998614565,59.00010248947274
4414.999894556245,4701.7187549084065,-286.71886035216176
3739.4992093007304,4857.133893212599,-1117.6346839118687
3737.219442030963,4564.89246531741,-827.673023286447
3734.8808198673432,4793.943936522252,-1059.0631166549092
4636.320608757398,4827.294878445146,-190.97426968774835
4633.515993752367,4568.466295752114,65.04969800025265
4633.119031786344,3962.988833184914,670.13019860143
4611.188528912725,4783.600979623257,-172.41245071053254
4648.071298348644,4569.099313017587,78.97198533105711
4629.77184326296,4895.109520536008,-265.33767727304803
4626.5113428051545,4647.597416698836,-21.086073893681714
4636.858165859754,4698.02023294851,-61.162067088755975
4860.66921708083,4832.636022491238,28.033194589592313
4644.955137448839,4856.143974486428,-211.1888370375891
4646.899802938696,4636.105375121581,10.79442781711441
4668.615571405671,3900.26072538802,768.3548460176512
4650.543238353045,4838.493967250331,-187.95072889728544
4643.021471094792,4551.460797881781,91.56067321301089
4660.035949583257,4000.628235982413,659.4077136008441
4654.443144060867,4783.595643326216,-129.15249926534943
4875.640580104898,4634.566767622048,241.07381248284946
4654.24041228188,4682.398210832292,-28.157798550411826
4654.4217538862895,4654.932421466962,-0.5106675806728163
4646.803450749014,4551.294660662611,95.50879008640277
4670.715140493233,3942.6635649484397,728.0515755447932
4664.202607587698,4572.12884703782,92.07376054987799
4657.9458350444775,4786.605875655269,-128.66004061079184
4653.349996264688,4690.107714172556,-36.75771790786803
4845.339242884291,3951.811217308649,893.528025575642
4623.701954688366,4844.744911113988,-221.04295642562192
4641.498501327865,4661.389557727415,-19.891056399550507
4634.296517120171,4778.625462748342,-144.3289456281709
4624.478727625307,4732.308559296616,-107.82983167130897
4644.007528366738,4863.884708781939,-219.8771804152002
4629.076887280819,4848.0759566303595,-218.99906934954015
4634.221579820807,4562.468232945563,71.75334687524446
4629.426787558613,4903.181054253008,-273.7542666943955
3758.197782028923,4667.581969003701,-909.3841869747775
3745.585311312606,4831.133540179473,-1085.5482288668672
3748.518346955754,4085.075218246608,-336.5568712908539
3902.3114147940464,3919.635199548562,-17.3237847545156
3903.32831461562,3898.6218020468805,4.706512568739527
3909.5808078872547,4878.256124198049,-968.6753163107946
3905.55568549124,4583.5521466081655,-677.9964611169253
3911.3675249347784,4550.937375900589,-639.5698509658109
4788.300200520415,4842.8350103255625,-54.53480980514723
4792.250822150991,4904.187594908124,-111.93677275713344
4808.744051177753,3900.501331687029,908.2427194907241
4785.156180487681,4771.224525851223,13.931654636458006
4800.143185719488,4898.496472562094,-98.35328684260548
4795.554298437682,4830.61999797374,-35.06569953605867
4805.97238860299,4817.839785647421,-11.867397044431527
4789.89108664722,4623.729107067736,166.16197957948407
4721.156405804836,4851.491477113109,-130.33507130827275
4736.590731260657,4836.919962891236,-100.32923163057876
4735.969969224578,4848.302924119565,-112.33295489498778
4717.062207925464,4781.751690205522,-64.68948228005866
4724.59542869519,4693.188897752507,31.406530942683275
4733.941928908751,4790.401262552164,-56.45933364341272
4739.9690833430095,4869.561592938184,-129.5925095951743
4707.5567607701305,4722.8097532890215,-15.252992518891006
4735.602511021207,4691.506263893123,44.09624712808363
3899.303312434341,4689.9957456536795,-790.6924332193385
3898.8193114363926,4902.861640490094,-1004.0423290537015
3886.236600889363,4803.696232412571,-917.4596315232075
3913.98421370465,4861.770840045053,-947.786626340403
3888.085484520145,4526.086770825164,-638.0012863050192
4805.27491614133,4811.184173168137,-5.909257026806699
4791.074407982175,4805.254962885327,-14.18055490315146
4801.544968909285,4896.221888520849,-94.67691961156379
4780.620265676499,4847.802497276358,-67.18223159985882
4788.873304628391,4854.263199772439,-65.38989514404784
4771.819717551117,4838.249928165989,-66.43021061487252
4777.322169192561,4855.441212308123,-78.11904311556191
4775.722487298872,4842.417090272773,-66.69460297390106
4821.721122378263,4719.008565850623,102.71255652764012
4808.347016140645,4873.60960098829,-65.26258484764548
4812.735637504067,4830.59002865058,-17.85439114651308
4791.469545197047,4511.850026611941,279.61951858510656
4810.020549444146,4650.052406189941,159.96814325420473
4807.487316110067,3765.2448515045407,1042.242464605526
4828.204771445048,3977.6268655934523,850.5779058515959
4814.157974140485,3964.4460959048565,849.7118782356283
3957.9319299794083,3922.200786144083,35.73114383532538
4813.4434995302545,4789.969363759233,23.474135771021793
4816.400720026199,4782.955856602827,33.444863423372226
4796.201184244961,4775.746389906966,20.454794337994826
4813.539899300688,4800.314990904292,13.224908396396131
4802.747810460781,4560.539335806782,242.20847465399856
4812.18671051221,4801.029683128668,11.1570273835423
4816.110258886447,3998.3467208077036,817.7635380787433
4803.507387437361,3758.3586801878337,1045.1487072495274
4775.597821168342,4621.512600291299,154.08522087704296
4767.318748061354,4638.7979880508465,128.52076001050773
4794.346670205288,4717.167126988919,77.17954321636898
4773.787089526997,4765.835970494043,7.951119032954011
4782.029535115845,4749.921560319415,32.10797479642952
4794.192594433728,4786.859195593706,7.3333988400218
4774.93325884143,3755.3317366805677,1019.6015221608623
4782.161512211078,4532.388357438961,249.77315477211687
3906.7959574035276,4830.617842120025,-923.8218847164972
3902.824706884913,3898.515802772502,4.3089041124112555
3902.0889443536303,4896.121675911684,-994.0327315580539
3894.9852929434996,4534.119271318592,-639.1339783750923
3912.4578633774313,4663.6184411779095,-751.1605778004782
3740.717298117987,4904.274143811177,-1163.55684569319
3745.484743025219,4892.051493479925,-1146.566750454706
4513.069164648474,4846.310497461188,-333.24133281271406
4519.440842604116,4674.49185576187,-155.0510131577539
4498.553410676553,4806.64337588772,-308.0899652111675
4527.0753933101505,4845.673546456729,-318.5981531465786
4529.463513607025,3968.0438942639003,561.4196193431244
4511.2873190898845,3922.323884589632,588.9634345002523
4527.865628909069,4889.944179905066,-362.07855099599783
4865.680859659444,4866.130434123102,-0.449574463657882
4871.160700898739,4088.204133506627,782.9565673921124
4875.33084033964,4689.081744233634,186.24909610600662
4434.914360113036,4790.43961220648,-355.52525209344367
4423.9968667825215,4697.647343181198,-273.6504763986768
4442.93326396805,4360.0535008079205,82.87976316012919
4424.151019347407,4684.656087067332,-260.50506771992514
4856.223207563467,4754.2155159591775,102.0076916042899
4868.055715692349,4743.549046529451,124.5066691628981
4865.786684151499,4691.597459664652,174.1892244868468
4868.901834240714,3979.7653757551698,889.1364584855446
3909.3047065354235,4470.605641631392,-561.3009350959687
3906.97731810899,3974.095572902828,-67.11825479383788
3910.034374418778,3930.549367754523,-20.514993335744748
3901.4352731365757,4642.007191227659,-740.5719180910833
4688.582730818779,3926.3566966527164,762.2260341660626
4679.458755648798,4875.138069175813,-195.67931352701544
4693.033744767011,3774.6602280606776,918.3735167063332
4676.057108872824,4646.605294105145,29.451814767679025
4681.841830054572,4827.426190349216,-145.58436029464428
4682.831930353232,4871.546284475826,-188.71435412259416
4675.467728789842,4805.6995769990335,-130.2318482091914
4821.789752115932,4533.319957879834,288.4697942360981
4828.682347011558,3771.676253915151,1057.0060930964069
4488.274772625819,4304.12454281184,184.15022981397942
4509.514636450292,4012.197644710499,497.3169917397927
4508.132676132158,4881.5179137002415,-373.38523756808354
4506.027182194257,4544.0631919006455,-38.03600970638854
4496.254483929848,4848.836903937714,-352.58242000786595
4824.581917406858,4863.022410352539,-38.44049294568049
4843.719665700048,4564.707668475545,279.0119972245029
4832.8687245632755,4702.044895894913,130.8238286683627
4397.127684552479,4837.633897747061,-440.5062131945824
3739.4992093007304,4889.334007072451,-1149.8347977717203
3749.2256773459208,4627.610211271529,-878.3845339256081
3751.3588717551615,4861.01381668834,-1109.6549449331783
4634.983266030757,4546.931424419115,88.05184161164198
4621.875758881605,4642.9425694197225,-21.066810538117352
4638.7022290544965,4658.08247668567,-19.380247631173916
4626.718342000804,4647.666260209659,-20.9479182088553
4637.701136707013,4657.301420456824,-19.60028374981175
4624.184977410781,4546.744295712917,77.44068169786442
4632.860461920208,4778.214909490578,-145.3544475703702
4633.063481496634,4804.3072894465595,-171.2438079499252
4859.761877895637,4652.487860577568,207.27401731806822
4656.390145629085,3919.0837800932136,737.3063655358715
4647.530907740021,3977.542443568171,669.9884641718495
4641.798809702115,4778.720791533511,-136.9219818313959
4647.502157469223,4834.385374529148,-186.8832170599253
4638.2708984960045,4635.508640746893,2.762257749111086
4653.028961552741,4692.079839088412,-39.050877535671134
4637.472735471789,4860.107919896436,-222.63518442464738
4881.544796391844,3932.9049783001865,948.6398180916576
4657.982616971749,4876.254531022022,-218.27191405027315
4645.525758605842,3923.3614928679267,722.1642657379157
4651.141814249292,4823.797019703395,-172.65520545410254
4655.363612941935,4699.544490671308,-44.180877729373606
4663.809947754323,4690.085168954335,-26.27522120001231
4651.630362521097,4629.268103725136,22.36225879596077
4656.207446834065,4450.034811493844,206.17263534022095
4875.338707269019,4096.110552589238,779.2281546797813
4630.124746161413,4629.114567538883,1.0101786225295655
4638.2740685502085,3980.270945082376,658.0031234678327
4613.481133076747,3993.313019112565,620.1681139641819
4632.0382903288955,4883.411893678244,-251.37360334934874
4629.076887280819,4649.793204005628,-20.716316724808166
4636.2858704004675,4821.7298194177065,-185.443949017239
4635.833200488429,3931.880245149427,703.9529553390016
4629.768596452167,3902.6302602618,727.1383361903672
3746.992000044085,4831.766950872754,-1084.7749508286688
3749.503416410983,4636.558824628821,-887.0554082178378
3738.3897525074535,4818.128525190861,-1079.7387726834077
3906.634830827262,4700.537958088869,-793.9031272616076
3911.899208046194,4860.31531826102,-948.4161102148264
3893.068652196769,3948.4614386488856,-55.392786452116525
3913.5999476581956,4577.355678206893,-663.7557305486971
3914.047034346631,4805.899916635919,-891.8528822892881
4789.983127254587,4624.885094550551,165.0980327040361
4778.42701367755,4771.484741075886,6.942272601664627
4797.399290982851,4863.709182111557,-66.30989112870611
4799.117769430954,4473.749040517102,325.36872891385156
4811.809355853639,4816.530139200811,-4.720783347172073
4808.037368615027,3970.0914167309525,837.9459518840745
4796.269761994205,3925.2810056970457,870.988756297159
4798.049219847017,4561.726335024209,236.3228848228082
4727.133455146933,4556.687151607059,170.44630353987395
4729.956289636981,4914.134239592028,-184.17794995504755
4717.571174822185,4695.352243599735,22.21893122245001
4721.471238404654,4771.568677343399,-50.097438938744745
4713.826668356223,3918.4123812691996,795.4142870870237
4722.179800150543,4532.210575854018,189.96922429652477
4723.506070589098,4847.966857094157,-124.46078650505842
4717.412651016935,4547.532146841201,169.88050417573413
4742.859175079302,4089.5191393186165,653.3400357606856
3894.898177698755,3950.277430246144,-55.379252547389115
3907.1592281417115,3766.7480299369154,140.41119820479616
3911.6958235562424,3934.99211635115,-23.29629279490746
3923.3528974059227,4675.79196996342,-752.4390725574976
3906.1417270676325,4787.141053376444,-880.9993263088113
4775.983205699215,3800.6692554656797,975.3139502335357
4780.405102482535,4461.710842642747,318.6942598397882
4778.892812865449,3924.370381927199,854.5224309382497
4773.489734043518,4686.323429470722,87.16630457279643
4787.263522774186,4800.826824649307,-13.563301875121397
4782.881948770239,4837.652916409921,-54.77096763968166
4769.569527857517,4764.793051624418,4.776476233098947
4769.462696824205,3975.03981176846,794.4228850557447
4820.6895953620415,4716.5535400089175,104.136055353124
4813.394620879124,4855.1831309358495,-41.7885100567255
4813.969804700528,4832.2813049459755,-18.31150024544786
4804.411481677514,4620.187756543634,184.22372513387927
4820.937703760917,4893.3824874489055,-72.44478368798809
4817.2468094674,4454.912226485785,362.3345829816153
4817.373888423339,4810.935316711391,6.4385717119475885
4806.3948296179005,4691.619156586349,114.77567303155138
3971.0993861049315,4795.710950358737,-824.6115642538057
4799.350976086876,4769.678178772935,29.672797313940464
4803.583073221675,4831.4170494895725,-27.833976267897924
4811.733043651002,4779.950179528784,31.78286412221769
4813.720452333793,4779.729226559269,33.99122577452454
4816.443011089007,4857.043586181495,-40.600575092487816
4798.015280165475,4524.582593273895,273.4326868915796
4811.133110937838,4800.173094264059,10.960016673779137
4801.851087712648,4821.0448777553165,-19.193790042668297
4784.776845243165,4800.812445677948,-16.03560043478319
4775.879475131733,4074.6578815551393,701.2215935765935
4771.310985917977,4453.46649080111,317.8444951168667
4774.529867384546,4668.267686462194,106.26218092235194
4804.928702178643,4660.262171437204,144.6665307414387
4786.401585571771,3767.9240765508675,1018.4775090209032
4767.9563709263175,4626.6444215178635,141.31194940845398
4779.607955477964,4701.088849157476,78.51910632048839
3906.225777778695,3903.769998019839,2.455779758855897
3917.3593866350725,4751.624940829466,-834.2655541943936
3897.946134407376,4540.040377062949,-642.094242655573
3907.5020076031637,4844.4420726927165,-936.9400650895527
3902.743745223861,4626.910449739865,-724.1667045160038
3738.685792922223,4645.770102200125,-907.0843092779019
3746.033812116989,3961.2417398568914,-215.20792773990252
4514.687220779165,3918.1296102496394,596.5576105295254
4530.5368082384775,4891.552002920051,-361.0151946815731
4514.694324622088,4690.149474232133,-175.45514961004483
4512.503026978697,4789.126527400707,-276.6235004220107
4512.576370811817,4850.9721855212765,-338.39581470945996
4514.122172269207,4632.375221997154,-118.25304972794675
4529.7575229769,3907.1804373385517,622.5770856383483
4866.817680217007,4802.549895541619,64.26778467538861
4864.013912140559,4000.1832845240624,863.8306276164967
4851.723810348979,4729.12701252688,122.59679782209878
4418.889017002304,4693.544209454499,-274.65519245219457
4424.567455204024,4782.349980261127,-357.78252505710316
4439.127938670879,4896.305137575985,-457.1771989051058
4434.040605374651,4655.185058336035,-221.14445296138365
4865.7067686020955,4895.294843907935,-29.588075305839084
4869.448942799214,4709.118668458549,160.3302743406648
4860.576861624022,4773.914906014052,86.66195560997039
4865.394935788618,4544.494185974446,320.90074981417183
3905.943516075569,4783.253634484795,-877.3101184092261
3894.6494402814787,4324.424883326544,-429.775443045065
3909.6376613558186,4819.832139872241,-910.1944785164224
3907.319826004577,4888.790537905615,-981.4707119010377
4681.841830054572,4849.639834498023,-167.79800444345165
4692.722861817453,4805.934919717172,-113.21205789971918
4686.113982614215,4774.957695626751,-88.84371301253577
4697.053600013071,4861.9404680806965,-164.88686806762507
4696.47451547446,4887.129631230281,-190.6551157558215
4674.727005493253,4806.173900436445,-131.4468949431921
4684.428077835269,4002.8166471308373,681.6114307044313
4815.036249446115,4845.706831938623,-30.670582492507492
4821.020955316838,4837.846877906695,-16.825922589857328
4510.001139536609,3773.5999822841213,736.4011572524878
4509.93936702863,3985.4163139817283,524.5230530469016
4488.998976258902,4637.432657741003,-148.43368148210084
4502.808262819036,4776.986816876483,-274.1785540574474
4507.995554401018,4901.472670607389,-393.47711620637074
4824.208169013646,4884.725726133874,-60.51755712022805
4836.146241784886,4829.330121023888,6.816120760998274
4819.6526861199045,4636.438557331696,183.21412878820865
4399.229014300029,4625.022609145041,-225.7935948450122
3739.4992093007304,3924.2415665591584,-184.742357258428
3743.941148367721,4823.595561351882,-1079.654412984161
3742.5598937520117,4876.736220056194,-1134.176326304182
4641.6193845912085,4789.431416961868,-147.81203237065984
4636.060030502055,4694.773133841109,-58.713103339053305
4633.163808920988,3985.3325915965956,647.8312173243926
4621.832720684735,4847.982440994823,-226.14972031008801
4623.090398722067,4874.093419999363,-251.00302127729537
4635.093666890619,4850.652347848834,-215.55868095821552
4631.258491034697,4849.137475529153,-217.87898449445584
4611.782260428564,4837.157220803315,-225.37496037475103
4871.03370063556,4833.426913971566,37.60678666399417
4646.701998063548,3914.1006461243605,732.6013519391872
4650.92536154288,4850.1917864319375,-199.26642488905782
4656.735695489694,4881.632584923975,-224.89688943428064
4652.539710012964,4653.709463748104,-1.169753735140148
4660.035949583257,4083.4920466671,576.5439029161571
4635.064175126508,4662.156619010542,-27.092443884033855
4645.641253844401,4538.260231598753,107.38102224564773
4861.113135864528,3998.565772056435,862.547363808093
4650.095247711121,4653.971264715341,-3.876017004219648
4632.318212200895,4677.420795343666,-45.10258314277144
4650.998547154386,4901.101277846103,-250.10273069171672
4648.795308311104,4802.926893104164,-154.13158479306003
4640.772673296438,4838.164180263299,-197.39150696686102
4635.178529521381,4803.6309180416865,-168.45238852030525
4647.536687616646,4776.063388792216,-128.52670117556954
4843.677426161962,4850.711511430866,-7.034085268904164
4619.288217796119,4872.297581959653,-253.00936416353397
4626.986598823317,3759.1243103782326,867.8622884450842
4642.832808117954,4564.714302142616,78.11850597533794
4637.887811773667,4684.49713953545,-46.60932776178288
4634.221579820807,4905.330860409249,-271.10928058844183
4635.833200488429,4757.211471914141,-121.37827142571223
4640.8700579487795,4561.345462906384,79.52459504239596
4628.638301060314,4895.760799343894,-267.12249828358017
3742.352451462441,4811.643828773295,-1069.2913773108544
3736.075393384707,4777.915286284718,-1041.839892900011
3743.870887887188,4628.706150966357,-884.8352630791692
3898.739324228767,4847.290499415349,-948.5511751865815
3915.4137529926397,4849.513073527353,-934.0993205347136
3897.378575479032,4686.845188518543,-789.4666130395112
3901.4296762365275,3923.5196607084567,-22.089984471929256
3894.9490247005865,4860.358003568471,-965.4089788678843
4804.600427749145,3941.5971878890145,863.0032398601302
4777.775750616719,4678.400910113806,99.37484050291278
4778.954057804349,4454.257810073536,324.6962477308125
4791.491879487802,4526.46898590748,265.0228935803225
4789.89108664722,3991.1224685884695,798.7686180587502
4795.396256369854,4851.148202336127,-55.751945966272615
4786.819461480794,4623.629331005726,163.19013047506814
4781.241343985119,4881.135947029233,-99.89460304411386
4713.890008501563,4837.42633533713,-123.5363268355668
4732.212807344226,4858.859639895573,-126.64683255134696
4720.431196553394,4898.031485017833,-177.60028846443856
4710.4656520927965,4847.846648721679,-137.3809966288827
4708.245100687965,4870.931664245591,-162.68656355762596
4726.036086449206,3764.7470433617414,961.2890430874645
4718.272421526163,4773.130846750636,-54.85842522447274
4727.129561819904,4887.360864237191,-160.23130241728722
4745.657252483494,4749.715974901838,-4.058722418344587
3905.2070557255806,3961.8281914684594,-56.62113574287878
3906.394817395564,4817.8277987469655,-911.4329813514014
3907.5548038749594,4865.853675241072,-958.2988713661125
3917.315299191283,3938.9694933042,-21.65419411291714
3906.702698255668,4794.370146095615,-887.6674478399473
4778.892812865449,4873.1457951426,-94.2529822771512
4786.967050631,4854.178516389154,-67.21146575815328
4787.75029948384,4843.909340184354,-56.1590407005142
4782.1318838868,4826.677305504403,-44.5454216176031
4781.108858384118,4555.77059193191,225.3382664522087
4780.438552722371,4702.741290098601,77.69726262377026
4766.253419852917,4620.811508626492,145.44191122642587
4769.600297054177,4548.014616554959,221.58568049921814
4807.3360373809755,4837.434946486616,-30.098909105640814
4803.428721510739,4646.532518639177,156.8962028715614
4809.895960220485,3907.662430002292,902.2335302181932
4805.267492935123,4773.104967804475,32.162525130648646
4811.993484901373,4780.922950406963,31.070534494410822
4828.958257945589,4793.173056815957,35.78520112963179
4796.201184244961,3905.8661015477574,890.3350826972037
4814.399513585827,4867.037689462126,-52.6381758762991
3972.2807762083758,4898.742647314102,-926.4618711057265
4815.767588827171,4821.300762401371,-5.533173574200191
4817.852524597541,3965.8040185351706,852.04850606237
4808.400610540963,4836.641277637509,-28.24066709654653
4803.028716443325,4744.539398386974,58.489318056350385
4815.423011044029,4843.31591614637,-27.892905102340592
4801.043783658109,4670.505705357476,130.53807830063306
4803.85647538918,4810.968256004163,-7.111780614983218
4807.771738056825,4691.042597994685,116.72914006213978
4775.738434744226,4895.2370904933605,-119.49865574913474
4789.697412390765,4785.889612786603,3.807799604162028
4770.718711701178,4433.543742417369,337.17496928380933
4782.147920742409,4774.547505578175,7.600415164233709
4780.044301368455,4076.6346064495087,703.4096949189466
4772.183890353508,4682.780561395664,89.40332895784377
4782.075716378395,4813.266113882201,-31.190397503806707
4796.618871742121,4014.3654044860104,782.2534672561105
3907.5020076031637,3770.2390393955134,137.26296820765037
3906.845322366741,4887.514827194336,-980.6695048275951
3900.3610807356504,4832.436365013413,-932.0752842777624
3897.231156425417,4673.434182406511,-776.2030259810945
3911.2755747492315,4861.6341710330325,-950.358596283801
3733.9384709574692,4690.27896960146,-956.3404986439905
3747.294089521401,4550.631638218308,-803.3375486969067
4507.944176710872,4763.8076765553305,-255.8634998444586
4522.624263922613,4752.007369542039,-229.3831056194258
4528.088245098511,4773.510641093435,-245.42239599492405
4522.156931831469,4873.59208854545,-351.4351567139811
4546.853580765018,4021.471743468228,525.3818372967899
4511.839643240676,3918.963323917535,592.8763193231412
4514.168584569842,4829.078542100891,-314.90995753104926
4853.349603881175,4820.4243469093035,32.92525697187193
4871.446309435798,4849.0217335108855,22.42457592491246
4877.613323029543,4093.758141326319,783.8551817032235
4432.36767999719,4882.580035261997,-450.21235526480723
4438.809701274852,4854.874709431625,-416.0650081567728
4428.17954779615,3958.37050535708,469.80904243906934
4425.533619921152,4774.094962934064,-348.5613430129115
4868.299365911524,4654.536393675939,213.76297223558504
4861.402075340476,3915.953673940315,945.4484014001605
4854.3611862044145,4520.601352435247,333.7598337691679
4854.0136913251445,3916.20551936126,937.8081719638844
3916.7045895830006,4846.235849273524,-929.5312596905233
3897.6124365175738,4777.257908590874,-879.6454720733
3914.4814941970158,4565.4543429496425,-650.9728487526268
3913.083544162695,4880.281203821994,-967.1976596592986
4692.217494747001,4857.379757985275,-165.16226323827414
4675.821076807822,4779.975978094474,-104.1549012866526
4682.9583999829765,4749.211165489918,-66.25276550694161
4679.004684623292,4692.033884174204,-13.02919955091238
4683.573307047014,4848.699594017291,-165.12628697027685
4690.982199821686,4858.873962303215,-167.89176248152944
4678.399682698383,4773.142531345391,-94.74284864700803
4833.958736438588,4662.114754337278,171.84398210130985
4825.514812823341,4791.244373696576,34.27043912676527
4506.50554873632,4631.958992166255,-125.45344342993485
4494.328485078908,3757.690689598296,736.6377954806117
4494.096349212659,4862.718658515957,-368.6223093032977
4504.51938033549,4852.775038586773,-348.2556582512834
4505.692843548007,4869.667894905068,-363.9750513570616
4832.143676629374,4821.3734605630225,10.770216066351168
4839.525171600871,4876.429304633897,-36.90413303302648
4831.6885465887835,4792.708536252564,38.98001033621949
4411.182942760969,4694.774089255442,-283.5911464944729
3739.4992093007304,4526.133692254606,-786.6344829538757
3745.6163807837765,4846.583050003814,-1100.9666692200371
3737.316769615887,4563.435082336105,-826.1183127202175
4639.780566527553,4787.082122035785,-147.301555508232
4624.137164570163,4568.955224681456,55.18193988870735
4657.461244174087,4901.582051276288,-244.12080710220107
4628.857496001148,4774.674086249954,-145.81659024880537
4631.042050074489,4651.707702956685,-20.6656528821959
4630.418796302911,4852.859428103892,-222.44063180098146
4639.472250123574,4705.199985622021,-65.72773549844715
4637.3869489827,4342.697863812284,294.68908517041655
4875.838189509944,4646.380072773801,229.45811673614298
4652.674370340277,3927.204426442856,725.4699438974212
4665.718267099197,4089.151426447333,576.5668406518639
4668.975859139499,4645.704362430871,23.271496708628547
4654.456564578447,4828.316397037895,-173.85983245944772
4655.422052791761,4904.056417699262,-248.63436490750064
4650.001254892619,4799.04430518475,-149.04305029213083
4651.322110915855,4877.8869795894025,-226.5648686735476
4865.667892529589,3973.6728013650404,891.9950911645487
4633.339951484641,4524.16391490542,109.17603657922064
4651.0549200209925,4802.414713149467,-151.35979312847485
4645.004050428958,4645.518588518593,-0.5145380896346978
4662.1857131223,4638.642776430927,23.542936691372233
4656.614592323351,4829.7701595953085,-173.1555672719578
4647.153512726449,4797.794354886965,-150.6408421605165
4642.263194588022,4683.189123371864,-40.92592878384221
4863.183765694997,4718.11477151964,145.06899417535715
4622.570466509115,4620.307862504058,2.2626040050572556
4624.341205568741,4807.2753004665565,-182.93409489781516
4627.867929846501,3961.336361471203,666.5315683752983
4623.345037230105,4700.271622706987,-76.92658547688188
4629.426787558613,4903.656525357091,-274.2297377984778
4629.768596452167,4838.549536582019,-208.78094012985184
4628.638301060314,4796.412610484204,-167.77430942389037
4630.245022582683,4826.955062322689,-196.7100397400054
3740.1079496173147,4897.919447217267,-1157.811497599952
3738.4300506319646,4879.015829843213,-1140.5857792112488
3747.109857381021,4787.460527889681,-1040.3506705086597
3909.2951968033094,4880.343013176969,-971.0478163736598
3914.4076463532265,4702.598545256696,-788.1908989034691
3903.7836470978436,4868.087791822579,-964.3041447247351
3897.3606328560268,4694.8580242927865,-797.4973914367597
3911.0876422006136,4646.3270522736,-735.2394100729866
4802.976486108063,4887.6832203280965,-84.70673422003347
4783.827743526531,3982.699482776057,801.128260750474
4790.799309588569,4550.974356397094,239.82495319147438
4798.882165170327,4319.80520756635,479.07695760397746
4794.7319216126525,4776.19690162773,18.535019984922656
4790.65258688719,4898.648732155171,-107.99614526798086
4789.972378036073,4844.959486792358,-54.987108756285124
4780.0235993846,4289.646350431923,490.3772489526773
4719.760353709172,4824.056664857724,-104.29631114855238
4727.419790359551,4873.842887264726,-146.42309690517504
4709.094703071188,4681.080679376166,28.014023695021933
4729.049824653352,4910.448096825333,-181.39827217198126
4727.902474684344,4631.497316270114,96.40515841422985
4729.21619362231,4682.793881041814,46.42231258049651
4721.1153428595,4545.0771478918805,176.03819496761935
4730.265032744548,4705.126907811981,25.138124932566825
4736.04760903332,3767.017592951129,969.0300160821917
3913.318205502681,4090.695900825103,-177.3776953224219
3907.176365471914,4307.239895466114,-400.06352999420005
3883.7056463344757,4855.152749000693,-971.4471026662172
3907.8813399945593,4865.288181218122,-957.4068412235629
3904.638668769422,4659.461346519439,-754.8226777500167
4787.263522774186,3926.9309886764427,860.3325340977431
4790.1713380890515,4555.5985482870665,234.57278980198498
4781.108858384118,4649.88528134627,131.22357703784837
4772.5934417753015,4816.37598139062,-43.782539615318456
4791.618669737626,4473.045492155809,318.5731775818167
4797.502521954647,3973.106630138378,824.3958918162689
4793.5955297974615,4859.223222638767,-65.62769284130536
4775.552292185691,4781.152273335047,-5.599981149355699
4807.4825990615145,4552.392230261475,255.09036880003987
4813.573865208484,3905.0902079915527,908.4836572169311
4810.019192935001,4779.04420479337,30.974988141631002
4817.062832732815,4803.629463340577,13.433369392238092
4819.979183229803,4662.101586381901,157.87759684790217
4821.561213246302,4875.571945789436,-54.0107325431336
4825.372783790897,4802.332647064765,23.040136726132005
4813.192450891918,4079.06901875019,734.1234321417282
3968.777512104019,4864.446045439007,-895.6685333349883
4804.379576217335,4866.697584578104,-62.318008360769454
4807.643660627916,4821.906792707473,-14.263132079557181
4797.212522360083,3958.1541332277716,839.0583891323117
4792.459127533548,4813.302862775449,-20.843735241901413
4812.113323639563,4826.816475667608,-14.703152028045224
4809.830447293416,3922.931057798663,886.899389494753
4811.221382476985,4850.9660581590015,-39.74467568201635
4820.096401605307,4874.813190681266,-54.71678907595924
4781.00799237782,3904.982123880814,876.0258684970063
4799.852493398898,4868.873733405125,-69.02124000622644
4773.174755441597,4840.3963133833095,-67.22155794171249
4778.519300973505,4758.351671110565,20.167629862939975
4784.906700963149,4840.846713683546,-55.940012720397135
4779.161046906403,4556.850643000208,222.31040390619455
4781.291491475277,4881.704857578934,-100.4133661036567
4781.666575590999,4625.625625970752,156.04094962024737
3905.9636127757317,4079.6508957724222,-173.68728299669056
3914.2615970944194,4871.259110351517,-956.9975132570976
3916.1873390021215,4916.362202380473,-1000.1748633783513
3908.396426746488,4714.197715411894,-805.801288665406
3892.217916051998,4826.096772949863,-933.8788568978653
3747.86064915776,3990.0960729298113,-242.2354237720515
3738.149822540675,4573.25050664299,-835.1006841023154
4532.092583427063,4861.881236578942,-329.78865315187886
4518.898975695188,4874.8753715507755,-355.9763958555877
4534.005120946782,4651.467483879424,-117.46236293264246
4532.444584938799,3772.7285536605373,759.7160312782621
4530.390867989501,4746.965773755065,-216.57490576556393
4523.242850333469,4829.8124015483045,-306.5695512148359
4528.8873835131035,4782.917001489542,-254.0296179764382
4866.244716137409,3885.4326057379412,980.8121103994681
4855.20649650844,3958.3158608485746,896.8906356598654
4885.542875864565,4761.532403855114,124.0104720094505
4437.919096996739,4703.1069364837795,-265.18783948704004
4435.488321237325,3930.813129549743,504.67519168758236
4423.774041170571,3804.950667070406,618.823374100165
4412.964650826811,4783.5300754685595,-370.5654246417489
4859.438259141766,4699.969845620036,159.46841352173033
4875.770061950662,3979.6948870385254,896.0751749121368
4872.706961178995,4786.830974478639,85.8759867003555
4855.152251643357,4804.659012348836,50.49323929452112
3905.307471772141,4637.041750793484,-731.7342790213434
3894.307360078413,4829.580492415074,-935.2731323366615
3909.160172514893,4803.631596576603,-894.4714240617104
3919.374512864357,3941.9054173712348,-22.53090450687796
4688.228237645108,4578.800221099381,109.42801654572668
4676.804434322597,4696.402392133628,-19.597957811030938
4680.188914446311,3958.355387756392,721.8335266899194
4676.050576662397,4352.249134432594,323.8014422298038
4683.040727812312,4852.23655020208,-169.19582238976818
4696.773720338844,4863.878429613037,-167.10470927419283
4660.193773093189,3973.726487890813,686.4672852023755
4816.957478852513,3920.361998097097,896.5954807554162
4824.3668922715815,3986.9939393094965,837.372952962085
4492.615974259017,4843.923934967664,-351.30796070864653
4514.906589805149,4568.191570553467,-53.28498074831714
4515.526444758517,4666.038656756201,-150.51221199768406
4517.552516100893,4651.947807678566,-134.39529157767356
4520.432660972586,4550.023810626197,-29.591149653610955
4842.993368284956,4786.114191446254,56.879176838701824
4829.535948056248,3755.6789723227103,1073.856975733538
4842.818520215945,4693.80577106049,149.0127491554549
4398.049637291289,4546.036662586383,-147.9870252950932
3739.4992093007304,4679.9722613758895,-940.4730520751591
3734.1487069324007,4689.1341943391335,-954.9854874067328
3742.288015904387,4776.479026512152,-1034.1910106077648
4622.259735345226,4863.292826883042,-241.0330915378163
4641.369888091205,4766.054506769092,-124.68461867788665
4630.717625528092,4639.177570840819,-8.459945312726632
4617.06095237515,4066.679066155247,550.3818862199032
4634.228637160571,4706.656610200734,-72.42797304016221
4626.5113428051545,4537.705655321185,88.80568748396945
4627.606221882664,4845.3079779521395,-217.70175606947578
4637.273883152022,4781.855643471726,-144.5817603197038
4874.538472927626,3771.9902687411704,1102.5482041864552
4653.372060321618,3927.5612798088023,725.8107805128157
4646.374054310562,4647.599216800799,-1.225162490236471
4658.477980979565,4646.269213659093,12.208767320471452
4648.885370765095,4775.148872026082,-126.26350126098714
4654.443144060867,4833.562523397281,-179.11937933641457
4645.641253844401,4646.685328211049,-1.044074366647692
4641.622767403954,4887.350045070866,-245.7272776669124
4869.891806663872,3908.386681339467,961.5051253244046
4646.134268028941,4686.940687503439,-40.8064194744984
4644.307789181481,3896.012984826855,748.2948043546262
4663.809947754323,3983.9006137323404,679.9093340219824
4655.945238943697,4570.309606578068,85.63563236562914
4647.161275475393,4841.77515513485,-194.61387965945687
4645.02009332513,3949.071216788678,695.9488765364517
4641.017936328246,4731.938426231396,-90.92048990315016
4842.259667954639,4769.350418431108,72.90924952353089
4638.559777486154,4913.610558658702,-275.05078117254743
4625.031443674612,4894.422362678217,-269.3909190036047
4634.942822248394,4852.639592717554,-217.69677046915967
4631.840838321426,4858.040182386712,-226.1993440652859
4647.170017061536,4819.088081154455,-171.91806409291894
4637.576721540386,3978.6584305805222,658.9182909598635
4629.7523865699095,4752.409658072986,-122.65727150307612
4630.03022949498,4839.84708393842,-209.8168544434402
3750.218826910814,4835.140375049505,-1084.9215481386905
3748.754181017107,4700.671645685867,-951.9174646687597
3731.3385104123117,4669.25004775525,-937.9115373429386
3902.5300932080513,4778.276870175275,-875.7467769672235
3903.7497003750887,4849.067203516192,-945.3175031411038
3899.954391807078,4642.120881984188,-742.1664901771096
3921.410309703512,4667.449061713579,-746.0387520100667
3915.2547250644247,4899.236538246446,-983.9818131820211
4811.809355853639,4757.485191703108,54.32416415053103
4786.704484844369,4816.446416155571,-29.74193131120137
4801.873500620718,4787.1133350616155,14.760165559102461
4785.013587669532,4796.104265932783,-11.090678263250993
4805.305575356584,4664.52529206376,140.7802832928237
4791.7845912974735,3965.05088589477,826.7337054027034
4791.346824325498,4648.863637110727,142.48318721477153
4789.6608781032555,4846.364332171318,-56.703454068062456
4728.820861459563,4088.9292837057124,639.8915777538509
4708.901693070941,4889.452274758214,-180.55058168727282
4729.606635868037,4858.851586132236,-129.24495026419845
4729.265754755108,4888.975687041714,-159.7099322866061
4700.256804511764,4826.83847351702,-126.58166900525612
4722.115292660034,4649.864639923565,72.25065273646942
4732.353442921952,4857.965916188891,-125.61247326693956
4726.78879177526,4850.4399524005885,-123.65116062532888
4735.056677860879,3985.7262642532287,749.3304136076504
3896.8521202913944,4833.027042558893,-936.1749222674989
3917.962513450049,4770.155798798993,-852.1932853489438
3900.8906901695145,4537.586175999855,-636.6954858303407
3901.0384022254634,4844.435014781865,-943.3966125564016
3896.459014249498,3918.7835783572987,-22.324564107800597
4769.569527857517,4764.793051624419,4.7764762330980375
4771.904723903108,3959.365229200819,812.5394947022887
4766.253419852917,4514.429266654606,251.82415319831125
4783.851720752254,4780.34750801876,3.5042127334936595
4793.5955297974615,4888.915857650696,-95.32032785323463
4791.767052220938,4576.35443094282,215.41262127811842
4787.801377871898,4843.919622225295,-56.11824435339713
4783.056713173495,3962.4717428293106,820.5849703441845
4815.872413731097,4079.196163687301,736.6762500437962
4825.280214906128,4875.334497125522,-50.054282219393826
4803.764432084588,4772.36929326669,31.39513881789844
4803.583073221674,4689.508028256202,114.07504496547153
4818.205578038648,4846.540109905032,-28.334531866384168
4808.87679951893,4849.041090785599,-40.16429126666935
4803.50738743736,4879.562019839545,-76.05463240218523
4805.420559366558,4879.68222787424,-74.26166850768186
3939.276499449101,4812.603023454228,-873.3265240051269
4801.690299243783,4842.134923222031,-40.44462397824827
4814.692475960985,4653.039166120903,161.65330984008142
4807.771738056825,4079.4103777200953,728.3613603367294
4792.374739632035,4761.867571592478,30.507168039556745
4801.827395783578,4078.6590351387476,723.1683606448305
4812.758181840359,4805.811633867237,6.946547973121596
4810.056865875456,3926.7172397787385,883.3396260967179
4809.016971575685,4577.537781279363,231.47919029632158
4789.371850824138,4661.299921309662,128.07192951447632
4793.7331515778915,4715.816882528462,77.9162690494295
4788.838113076183,3912.5358804960238,876.302232580159
4778.556480354155,4623.246826441595,155.30965391255995
4796.587306109778,4642.7680709376955,153.8192351720827
4762.683646539102,4816.5352706283,-53.851624089198594
4788.060061149089,4884.734435915912,-96.67437476682335
4788.897784037244,4658.286728692123,130.6110553451208
3900.1390142604732,4537.159970212605,-637.0209559521318
3905.7289668326753,4530.715751650991,-624.9867848183153
3906.0824460456824,4859.0136449602005,-952.9311989145181
3904.1861690521987,4636.8947891579055,-732.7086201057068
3892.999287808848,4459.607401613664,-566.6081138048157
3739.68686144078,4789.807781242097,-1050.120919801317
3757.2319337576387,4718.414184291436,-961.1822505337973
4521.318585294776,4079.515837211239,441.80274808353715
4520.325189790955,4800.920976919801,-280.5957871288465
4533.225307466347,4792.051453096142,-258.82614562979506
4519.467325283204,4822.626959175454,-303.15963389225
4518.682954946463,4622.821641396683,-104.13868645022012
4532.962850846268,4784.835339362039,-251.87248851577078
4530.370263031299,4867.5335537934325,-337.16329076213333
4863.376417445911,4903.908826109151,-40.53240866323995
4855.129787948582,3980.055627346401,875.0741606021811
4867.577479891063,4856.431795680064,11.145684210999207
4423.34832417081,4772.104950512784,-348.75662634197397
4430.052245592311,4786.107375643886,-356.05513005157536
4420.827327212876,4685.535920761716,-264.7085935488394
4444.459593579992,4702.486636228217,-258.0270426482257
4865.134807358558,4542.907456744028,322.2273506145293
4879.460862786577,4000.64151283979,878.8193499467875
4852.661884724356,4791.327262992546,61.33462173181033
4865.319167280204,4444.359935212089,420.95923206811494
3900.3648417363147,4841.403120143363,-941.038278407048
3913.12197947,4813.862089877779,-900.740110407779
3900.3128922980213,4849.079632977324,-948.7667406793025
3903.642151557237,4877.119745979401,-973.4775944221642
4683.031286279828,3995.662965682244,687.3683205975844
4691.143804997178,4867.7281491062495,-176.58434410907103
4688.009711148725,4866.936034661886,-178.92632351316115
4667.708210705306,4537.877849630819,129.83036107448697
4668.3186204048725,4812.400031230894,-144.08141082602106
4690.000845196823,3768.8150346908756,921.1858105059478
4668.608616848134,4762.674697753207,-94.06608090507234
4821.936414162186,3931.00043854873,890.9359756134563
4817.492400374831,4773.243684337725,44.24871603710562
4500.971831661378,4857.87189047581,-356.90005881443176
4516.677001951496,4830.653666319932,-313.9766643684361
4501.771530350293,4876.2543567175735,-374.4828263672807
4510.6597752507505,4684.073345103071,-173.4135698523205
4503.976805419936,4890.226480104117,-386.2496746841816
4833.821165583748,3951.497643190983,882.3235223927645
4837.051577857263,4792.400517751568,44.65106010569434
4834.887109775915,4861.343883428282,-26.4567736523677
4403.188154997281,4886.557585507784,-483.36943051050275
3739.4992093007304,4077.0610479362253,-337.56183863549495
3733.2673256498992,4641.049620318834,-907.7822946689348
3739.1275832223655,4771.198192284584,-1032.0706090622189
4618.127474090059,3753.752628952054,864.3748451380052
4640.084351035139,4805.30004808995,-165.21569705481124
4642.298668545789,4688.619612695223,-46.32094414943367
4627.256957765398,3919.359759406479,707.8971983589186
4632.251338877418,4900.484449349666,-268.233110472248
4621.404813534166,4850.989385731872,-229.5845721977057
4635.186462254611,4857.120060659593,-221.93359840498215
4613.365037197559,4757.877452940094,-144.51241574253527
4864.264582746054,4845.752794412444,18.51178833360973
4651.832353657438,4905.63634465808,-253.80399100064187
4651.413129046413,4906.617160526497,-255.20403148008427
4659.5307394515985,4880.503400734098,-220.97266128249976
4645.309845358641,4821.781057448944,-176.4712120903032
4641.323604112498,4788.892490374623,-147.56888626212458
4660.311273727806,4846.908180049303,-186.59690632149704
4625.786317078623,3873.564877402925,752.2214396756981
4871.151213486904,3928.5400969739417,942.6111165129628
4648.130644099914,4700.510827797625,-52.38018369771089
4652.366495910934,4849.8906403324445,-197.52414442151075
4656.598872238149,4855.384114957498,-198.7852427193493
4643.660256977939,3919.765794364608,723.8944626133307
4645.153371127558,4879.591500286227,-234.43812915866874
4661.644708366105,4551.040071866022,110.60463650008296
4655.256568423322,3912.5866229456715,742.6699454776508
4850.991998305494,4860.145353599212,-9.15335529371805
4631.62750606939,4081.268125502313,550.3593805670766
4626.928396556715,4540.223780221996,86.7046163347186
4623.038457215527,3754.043858137131,868.9945990783963
4635.523662697652,3969.179635497543,666.3440272001089
4633.0770862068575,3905.5640138874537,727.5130723194038
4640.084076439753,4786.338470995064,-146.2543945553116
4623.305111402685,4642.270013924416,-18.964902521731346
4626.953024666309,4554.1834539710235,72.76957069528544
3748.754181017107,4897.62633794296,-1148.8721569258532
3745.620900146506,4534.484081563521,-788.8631814170149
3746.7143091672433,4838.944541897912,-1092.2302327306688
3887.677065333132,4519.886028031699,-632.2089626985676
3907.944348775272,4629.898235581919,-721.953886806647
3911.1867148280558,3934.244505439816,-23.057790611760083
3909.8497721339836,4880.583156964615,-970.7333848306316
3911.8161526952917,3772.9023270975636,138.9138255977282
4799.703732727881,4821.268657088792,-21.56492436091048
4790.998920001785,4880.837123085659,-89.83820308387385
4800.252437861041,4855.260694053045,-55.00825619200441
4779.356496456334,3983.378968497834,795.9775279584996
4797.42768499878,4783.734976334008,13.692708664771999
4798.315522285511,4790.441797822085,7.873724463425788
4786.079523408818,4820.2712451684865,-34.191721759668326
4794.903110542782,4775.903488157673,18.999622385109433
4739.512612802339,4839.923321601856,-100.41070879951621
4709.0404580203385,4814.619303013239,-105.57884499290049
4720.0362249047175,4761.822625521378,-41.7864006166601
4719.468354255848,4853.739886009699,-134.27153175385138
4708.44286976811,4800.196834276814,-91.75396450870448
4725.750677394252,4800.720629460097,-74.96995206584506
4708.626456732926,3755.2693315070846,953.3571252258416
4707.970055662857,4637.657348029105,70.31270763375142
4730.846319180577,4795.594934877365,-64.74861569678797
3901.635011068921,4857.916643524082,-956.2816324551613
3906.708154197277,4561.137606219292,-654.4294520220151
3911.6959746723605,4833.27814877779,-921.5821741054297
3915.1294379797982,4862.304462369876,-947.1750243900779
3903.422891515556,4534.98341894882,-631.5605274332643
4794.332999093454,4902.875068100237,-108.54206900678219
4789.063985448466,4795.984712245289,-6.920726796823146
4780.9794411123885,3997.4071111693415,783.572329943047
4813.246134894891,4908.351917961646,-95.10578306675507
4781.126002792927,4846.7602489948595,-65.63424620193291
4791.518799388931,4692.6734937675865,98.84530562134478
4789.51581746251,4866.239495393743,-76.72367793123249
4783.991448812581,4779.906248577311,4.085200235270349
4794.201385069554,4882.52170786471,-88.32032279515624
4793.582330143059,4821.356584200207,-27.774254057148028
4809.092649399753,4652.901794369122,156.1908550306307
4796.307372840534,4636.124128574412,160.18324426612253
4819.611398702649,4837.52502326372,-17.91362456107072
4809.865507756188,3911.299706681114,898.565801075074
4815.5209290136,4845.430925364243,-29.90999635064327
4807.993990909011,4858.097821037736,-50.10383012872535
3934.5063284656226,4447.382907938478,-512.8765794728552
4799.2483483574515,4837.5547963725885,-38.30644801513699
4800.324294589431,4787.221296941135,13.102997648295968
4792.755076226757,3982.117137842945,810.6379383838125
4814.475267059539,4876.891095756321,-62.41582869678223
4806.364443291689,4774.016856027599,32.34758726409018
4823.1222920017235,4840.707488334059,-17.585196332335727
4810.230124802086,4907.345488667655,-97.11536386556963
4799.778608645286,4550.145047354905,249.6335612903813
4773.05887969158,4778.462443977521,-5.403564285940774
4778.804990122131,4781.406765552602,-2.601775430471207
4780.428519024398,4639.063694163378,141.36482486101977
4767.481538962261,4843.091125123342,-75.6095861610811
4785.916778389697,4862.87972392434,-76.96294553464304
4769.365247069219,4860.18716073987,-90.82191367065116
4778.027639486316,4761.135940562717,16.891698923598597
4787.59847909873,3912.267626259475,875.3308528392554
3898.9427748826793,4832.408544185851,-933.4657693031713
3915.2664608782493,4841.034289697851,-925.7678288196016
3903.300939545887,4706.608250895961,-803.3073113500736
3897.576625056356,4858.858128213933,-961.2815031575769
3906.2693904798243,4877.856681142185,-971.5872906623608
3743.3276992623414,4824.3827734160795,-1081.0550741537381
3746.9392710004863,4697.4497534905795,-950.5104824900932
4515.853665366441,4868.784846538786,-352.9311811723446
4538.649810350886,3939.809744010229,598.8400663406564
4532.962850846268,4861.259868717506,-328.2970178712376
4522.1359321101745,4628.9339010290905,-106.79796891891601
4509.019479009446,4641.1746593123,-132.1551803028542
4529.743123539524,4803.034560311864,-273.2914367723397
4520.586424726036,4900.693422286328,-380.10699756029226
4866.791852628037,4852.720842491889,14.071010136148288
4866.856190333352,4709.913097783695,156.9430925496572
4849.538896408228,3953.3067891189244,896.2321072893033
4429.931158127565,4740.479065980495,-310.5479078529297
4427.924126801372,3898.6293227284364,529.2948040729357
4425.425084356663,3861.7113392590195,563.7137450976438
4441.532514947844,3939.6645130618836,501.86800188596044
4864.852709595954,4647.952854763464,216.89985483249075
4862.704122498425,4814.220824184283,48.4832983141423
4858.722284661948,4799.049119900687,59.67316476126052
4852.77010120448,3949.9694648065015,902.8006363979785
3901.924928053151,4828.311574204751,-926.3866461516004
3901.953776219117,4464.321486436587,-562.3677102174702
3920.166735589497,4835.961340697772,-915.7946051082754
3906.9385975965556,4793.177226388515,-886.2386287919594
4672.729973239796,4841.8412890211775,-169.11131578138156
4696.659125268004,4691.279246540043,5.379878727961113
4678.130930054448,4782.042404504338,-103.91147444989019
4677.723989331323,4553.240676648958,124.48331268236507
4673.176550555334,4813.282144812683,-140.10559425734937
4689.790227429105,4835.372323024049,-145.5820955949448
4686.408133074149,4535.585918135077,150.82221493907218
4820.576548299326,4829.737164479447,-9.160616180120996
4835.83098026145,4842.129482563659,-6.298502302208362
4510.797695616765,4636.164861436146,-125.36716581938072
4495.281198141396,4826.826507493141,-331.54530935174535
4510.491237254264,4639.964333461979,-129.47309620771466
4498.4244138072845,3753.1206112359932,745.3038025712913
4508.55267898211,4822.152957873754,-313.60027889164394
4829.4842541292255,4851.980630887641,-22.496376758415863
4836.540985323586,4779.6119502890215,56.92903503456455
4825.200671163637,4862.647553608122,-37.4468824444848
4405.741750025519,4630.340442437946,-224.59869241242723
3739.4992093007304,4843.583393201834,-1104.0841839011036
3744.126327754558,4892.006641772547,-1147.8803140179884
3734.7623486443067,4647.353675369747,-912.5913267254405
4619.456726629583,4793.694370247209,-174.23764361762642
4628.946441164787,3768.045147467292,860.901293697495
4632.585202440823,4755.898910523358,-123.3137080825345
4639.150131663555,4000.761643634299,638.3884880292558
4635.619882810188,4809.288509377605,-173.66862656741705
4630.570239938506,4892.820793293934,-262.25055335542766
4628.205349859663,3951.0864612468645,677.1188886127989
4619.443960458053,3757.6073286119968,861.8366318460562
4882.275424296188,4665.937615673033,216.33780862315507
4658.5871500387,3769.586170501961,889.0009795367391
4647.392751596761,4078.856908032763,568.5358435639978
4661.405063396205,4688.512453277648,-27.10738988144294
4653.320745774775,3921.364021325391,731.9567244493837
4656.523563857687,4856.3059621993325,-199.7823983416456
4643.287720180706,3988.8333460990157,654.4543740816903
4653.814609740397,3898.8587451315097,754.9558646088872
4867.154641512389,3956.063830738512,911.0908107738774
4643.633813358554,4441.176814367176,202.456998991378
4649.266326051483,4648.48198383929,0.7843422121932235
4650.31570952356,3894.216885231452,756.098824292108
4651.699804549185,4337.807847059774,313.89195748941074
4657.613352207553,3769.7275524824586,887.8857997250948
4654.887358170655,4854.3178166568305,-199.43045848617567
4652.924841816371,4797.902687955555,-144.9778461391843
4852.567376113357,4883.060380280464,-30.493004167107756
4617.751845340801,4541.36388799912,76.3879573416807
4631.3700339263,4789.693452032427,-158.32341810612706
4645.101205373782,4875.606672330108,-230.50546695632602
4632.516170480469,4870.772592428578,-238.25642194810916
4638.855714353858,4887.608234751341,-248.75252039748284
4624.950727255724,4781.199765794792,-156.24903853906835
4631.340897847673,3766.5399148077904,864.8009830398823
4629.88672214215,4891.643681967428,-261.7569598252785
3731.3385104123117,4630.862369023057,-899.5238586107453
3746.7143091672433,4915.45728058019,-1168.7429714129466
3747.744481656044,4342.265337807033,-594.5208561509885
3907.8514013646086,3768.397443132098,139.45395823251056
3897.710167587883,4772.439765080837,-874.7295974929539
3909.3564840351123,3975.938069924416,-66.58158588930382
3900.6165142665654,3897.1182848534154,3.4982294131500566
3907.2851222874915,4879.350121867554,-972.0649995800622
4801.178032122396,4890.154238142981,-88.97620602058487
4796.7120939993865,3987.0173969096672,809.6946970897193
4788.943889143144,4771.295984514686,17.64790462845758
4802.078649933467,4648.47160993745,153.6070399960172
4804.80814112879,4665.734974425283,139.073166703507
4774.805326191213,4828.732236305429,-53.9269101142163
4795.39384264099,4860.635983108818,-65.242140467828
4796.724761736796,4655.354104392487,141.3706573443087
4728.179034527183,3895.76537403021,832.4136604969731
4713.535783946361,3925.204531193643,788.3312527527182
4722.115292660034,4871.712443358697,-149.59715069866252
4706.981036657366,4658.5491058134385,48.43193084392715
4720.663051649874,4877.75312420994,-157.0900725600659
4733.769273741401,4759.325894047081,-25.556620305680553
4735.465901612375,4874.07945302604,-138.61355141366494
4717.108866875822,4865.771606908244,-148.66274003242233
4745.655780367999,4834.262953139812,-88.60717277181357
3908.435479067068,4691.578025855594,-783.142546788526
3913.5155840709235,4637.987516341771,-724.4719322708474
3904.5106103144167,4849.876700597972,-945.366090283555
3907.0265275666593,4817.841749910991,-910.8152223443317
3905.7340246399585,4891.499121630252,-985.7650969902938
4787.61320843194,4562.674107061752,224.93910137018793
4778.5415263884,4857.300543628796,-78.75901724039613
4783.539363951898,4838.690461537193,-55.15109758529525
4779.133129009274,4332.371108519032,446.7620204902423
4783.662596666415,4706.348618647311,77.31397801910407
4780.858481640069,4683.920311037169,96.93817060289985
4777.407835816002,4689.154211681783,88.25362413421954
4776.339785564779,4817.306372553347,-40.96658698856754
4809.092649399753,3976.650470934878,832.4421784648753
4817.85727724927,4890.81420210295,-72.95692485368
4814.530120366829,4783.083922400858,31.446197965970896
4801.52932840498,4460.491438424206,341.0378899807747
4809.800644254785,4776.627818061004,33.172826193780566
4796.336269094024,4883.703304386008,-87.3670352919844
4808.386131384431,4847.554177175581,-39.16804579114978
4814.303023458228,4877.603321613275,-63.30029815504622
3948.146191852102,3921.130227879046,27.015963973056387
4810.283784453951,4539.211003614255,271.07278083969595
4800.485218348694,4840.878451085963,-40.3932327372695
4806.400897637042,4823.5589565676,-17.158058930557672
4797.5390413542455,4826.573058935627,-29.034017581381704
4804.578074353781,4880.539022348873,-75.96094799509228
4806.974766577173,3962.190860559985,844.7839060171877
4817.0672599008985,4569.636591290477,247.4306686104219
4822.943902378365,4005.030806690277,817.9130956880881
4770.031189419064,4845.947598710241,-75.91640929117784
4771.096940350602,4875.538317269738,-104.44137691913602
4772.667037318927,4741.495942496864,31.171094822063424
4775.988258284403,4770.328597546859,5.659660737544073
4782.86484537078,4787.44095615449,-4.576110783709737
4792.680396343965,3989.751788276867,802.9286080670981
4790.54382147825,4785.2099758696995,5.333845608550291
4789.016097824351,4709.007673956188,80.00842386816294
3909.6015747233673,3965.975515747786,-56.373941024418855
3894.1251426935387,4548.25522274195,-654.1300800484114
3908.271714294415,4710.919656190281,-802.6479418958661
3910.469428142117,4747.316989957221,-836.8475618151042
3905.397990304119,4696.322058400309,-790.9240680961902
3728.1889406671876,4861.411108851856,-1133.2221681846681
3734.8856199895376,4685.4756674222535,-950.5900474327159
4529.896829634458,4914.796348283569,-384.8995186491111
4522.370130101963,4775.982759862175,-253.61262976021226
4516.014103147193,4889.29614556537,-373.2820424181773
4514.625848474629,4854.12856891941,-339.5027204447815
4523.617629773867,3925.6184336213014,597.9991961525652
4525.072007669317,4834.050585909101,-308.97857823978393
4522.960602320885,4737.417150246728,-214.45654792584264
4852.211897620902,4644.28047714377,207.93142047713172
4865.76883421056,4656.299942847586,209.46889136297432
4863.854338523015,4850.012252018969,13.842086504046165
4412.656009957119,4515.020261117709,-102.36425116059036
4431.513271659523,4467.845281421202,-36.33200976167973
4421.851907736455,4766.167353210627,-344.3154454741716
4438.6825085217015,4824.07572067226,-385.3932121505586
4855.156573716584,4877.982474481056,-22.825900764471953
4851.714182691924,4893.380767975113,-41.6665852831884
4868.891311325369,4828.826959011459,40.064352313910604
4871.87235977242,4085.3315595180425,786.5408002543777
3907.128156493904,4705.228409230763,-798.1002527368587
3901.67533785034,4851.079362550613,-949.4040247002731
3906.357616073707,4643.633191844043,-737.2755757703358
3916.5518772146133,4861.763479676224,-945.2116024616107
4682.3218433142,4786.695346749541,-104.37350343534126
4685.6976357858875,4653.31482144629,32.382814339597644
4695.45150876692,4687.6910309011155,7.760477865804205
4689.022978020907,4698.664371352452,-9.64139333154435
4674.854259576304,3913.614904350731,761.2393552255726
4688.57057481955,4743.480018370741,-54.90944355119154
4664.890204781089,4806.596542019103,-141.70633723801438
4814.748467156683,4821.104788699479,-6.35632154279665
4808.747593421224,4784.83753107176,23.91006234946417
4501.686987619532,4780.079498285469,-278.39251066593624
4506.157468436346,4543.35176020603,-37.19429176968424
4510.319556449076,4870.79234700303,-360.4727905539539
4499.8000236448825,4626.297426232955,-126.49740258807287
4507.609545255743,3767.87599875186,739.7335465038827
4830.960053541255,4791.285370712376,39.67468282887876
4841.481349976345,4709.343705786698,132.1376441896473
4826.2121076271915,4897.709254418947,-71.49714679175577
4390.068259068627,4846.297999224125,-456.2297401554979
3739.4992093007304,4822.9523614832,-1083.4531521824692
3725.3977043293307,4612.508191409118,-887.1104870797872
3742.9901509331244,4787.554986100399,-1044.5648351672749
4625.616925212999,3761.313669262747,864.3032559502522
4645.27162659076,4866.39109444256,-221.11946785179953
4611.340199181126,4805.470829232078,-194.13063005095228
4650.902681044798,4791.479209458212,-140.57652841341405
4619.744906153517,4837.300040476353,-217.55513432283624
4633.774502287713,4814.7485367095005,-180.9740344217871
4629.865766585965,4837.7143599932015,-207.84859340723688
4636.812796380461,4692.376473668619,-55.56367728815803
4864.405306618292,4648.269080886195,216.13622573209705
4646.374054310562,4752.491443586149,-106.1173892755869
4657.015773997926,3905.917501400382,751.0982725975437
4658.474986779992,4712.636508437506,-54.16152165751373
4643.142415175783,4892.142801501395,-249.00038632561245
4641.775711044417,4436.507609170522,205.26810187389492
4672.842012598435,3945.0957878771624,727.7462247212725
4649.583003496762,4627.076448303801,22.50655519296106
4862.265795277091,4546.429503262469,315.8362920146219
4652.571464520894,3902.556804672675,750.0146598482188
4650.067715668756,4850.845748146293,-200.77803247753673
4656.207446834065,4879.3122481423725,-223.1048013083073
4646.1470598745855,4743.8711840408005,-97.724124166215
4641.017936328246,4687.149236868821,-46.13130054057547
4660.695608548956,4848.4462366498965,-187.75062810094005
4637.224917191869,4876.587999275159,-239.36308208328956
4858.342314896684,4783.080101727009,75.2622131696753
4624.662357102327,4793.1444859586745,-168.48212885634712
4636.221939804026,4089.7767402546338,546.4451995493923
4615.97493422408,4635.331766052025,-19.356831827944916
4627.858223016201,3924.9227415790792,702.9354814371218
4630.690990409513,4797.3760502279265,-166.68505981841372
4626.729125849673,4856.790196143127,-230.06107029345367
4622.369618196962,4621.249996602593,1.119621594369164
4627.66207235963,4735.4940567687945,-107.83198440916476
3738.815880729345,4465.658511259803,-726.8426305304583
3727.1635298340316,4530.151735854632,-802.9882060206
3748.4589944423874,4840.893391803784,-1092.4343973613963
3895.1554676083565,4643.309004710155,-748.1535371017985
3901.2631862122407,4681.7353514583065,-780.4721652460657
3898.5270072931967,4819.227012183169,-920.7000048899722
3899.520404859331,3896.096474230321,3.4239306290101013
3901.5799478567064,4644.151288881275,-742.5713410245685
4797.306407056863,4876.229216635276,-78.92280957841376
4799.053688788544,4564.103390900118,234.95029788842567
4782.610638208453,3920.52342718258,862.0872110258729
4777.203368339927,3960.9883834450798,816.214984894847
4798.504135019956,4782.431844152746,16.07229086721054
4792.980749545716,3959.3405295891666,833.6402199565496
4795.5665423225555,4568.800113990535,226.76642833202095
4789.560635144834,4799.741458067561,-10.180822922727202
4730.29776916643,4351.928453169862,378.3693159965678
4718.801071782305,4847.371383687828,-128.57031190552243
4731.416441311699,3966.329112357166,765.0873289545325
4730.930092502704,4870.793451358254,-139.86335885555036
4737.061306010861,4663.359116683582,73.70218932727857
4744.325316100387,3917.167732995029,827.1575831053578
4727.53079791325,4656.1967751430975,71.33402277015284
4717.583878376718,4536.414279145832,181.16959923088598
4732.5862812105615,3892.0752297443405,840.511051466221
3895.4058979101483,4845.020244044967,-949.6143461348183
3907.196089294544,3964.501217995617,-57.305128701073045
3911.462677179297,4708.23348717322,-796.7708099939232
3909.6208481725125,3999.057894484316,-89.43704631180344
3897.799166030388,3760.3846720567217,137.41449397366614
4794.581107492331,4751.460693609458,43.120413882873436
4774.90534557745,4531.1016922545305,243.80365332291967
4785.636888632787,4697.909790690341,87.72709794244656
4792.736725647279,4343.264865138707,449.4718605085718
4793.622586961214,4094.1360875591276,699.4864994020868
4783.366407814661,4839.110244026956,-55.74383621229481
4791.84898177006,4552.513879886061,239.3351018839994
4791.402928274141,4863.248964599413,-71.8460363252716
4819.611398702649,4809.890208653445,9.72119004920387
4803.786687885727,4793.300602864969,10.486085020757855
4809.800644254785,3921.829963857184,887.970680397601
4811.133441511752,4852.049314044831,-40.91587253307898
4817.726115294426,4838.204463051756,-20.478347757330084
4816.107685450162,3793.804663416348,1022.3030220338137
4811.307723623867,4544.710522880214,266.59720074365305
4804.1341833346705,4832.667593792334,-28.533410457663194
3958.540584206427,4838.409125803736,-879.8685415973091
4814.019139284452,4853.948068149231,-39.928928864779664
4815.728447092725,4647.703798137922,168.02464895480352
4800.297520500588,3756.807947286718,1043.4895732138698
4813.114182498707,4886.827647813132,-73.71346531442487
4831.233792837185,3979.495663100465,851.7381297367201
4804.027344527837,4823.3196541978805,-19.292309670043323
4803.406226673415,4551.265021339631,252.14120533378446
4812.902879897531,3906.569634878485,906.3332450190464
4783.431212153757,4879.031872951183,-95.60066079742592
4791.72141534662,4638.196204385912,153.52521096070814
4792.215153594667,4915.573498490713,-123.35834489604622
4783.009115931674,4799.787513546754,-16.778397615079484
4762.172431002725,3748.6246153888787,1013.5478156138461
4774.129007535826,4618.4247045650645,155.7043029707611
4775.2267355216845,3921.749888694357,853.4768468273273
4778.100711094492,3891.4136288878694,886.6870822066226
3898.264104394628,3757.5531736123025,140.71093078232525
3915.402098889695,4665.173271917142,-749.7711730274473
3897.35615967226,4752.015722845323,-854.6595631730625
3913.9464220451873,4804.0720177954745,-890.1255957502872
3904.948024601465,3902.732430838505,2.2155937629599975
3739.9336020112014,4652.675517846639,-912.7419158354378
3746.234430696046,3928.3852907451324,-182.15086004908653
4516.6544145864045,4770.286449420927,-253.63203483452253
4532.002843888757,4872.780103008582,-340.77725911982543
4519.414114227574,4876.552213717199,-357.13809948962535
4536.851415725433,4810.970161904592,-274.11874617915873
4524.924486745813,3975.4918704677443,549.4326162780685
4520.09641297732,4637.718480110678,-117.62206713335763
4520.315216995853,4556.523559060218,-36.20834206436484
4851.251000982914,4839.294360814983,11.956640167931255
4858.874232093579,4796.734125182761,62.14010691081785
4861.033684728784,4847.327395215711,13.706289513072988
4417.756273346789,4788.8444386192,-371.08816527241106
4435.430097754007,4896.102039143144,-460.6719413891369
4423.734908149692,4882.774555029656,-459.0396468799636
4432.14143825902,4558.559285204239,-126.41784694521903
4870.9960584608425,4560.204833191132,310.7912252697106
4865.295150813558,4640.851774750326,224.4433760632328
4856.599237783778,4771.0806061276235,85.51863165615487
4877.482197889285,3779.6155951487685,1097.8666027405166
3912.9331010929477,4657.3630547312705,-744.4299536383228
3913.8520017116657,4909.290260064702,-995.4382583530364
3908.146113693911,4652.16979272686,-744.0236790329486
3900.5260821950765,4822.751967747073,-922.2258855519963
4681.087197522592,4822.398216314349,-141.3110187917573
4700.480202990389,4711.555912394224,-11.07570940383448
4675.580545000524,4807.540716904846,-131.96017190432212
4683.781832282942,4787.710473574758,-103.92864129181635
4686.863442986645,4782.668091794149,-95.80464880750424
4695.534843480958,4788.955876827507,-93.42103334654894
4685.868302857528,4849.001988542572,-163.13368568504393
4818.50003810402,4700.891420419068,117.60861768495215
4814.280923630255,4897.910377512949,-83.62945388269418
4501.64063831039,4773.206044425055,-271.56540611466426
4497.472214753942,4881.882695166358,-384.4104804124154
4505.361904349947,3932.030009686877,573.3318946630698
4495.425259583087,4883.483739176562,-388.05847959347557
4492.459505033524,4867.293540235343,-374.83403520181946
4821.8613901227845,4801.799088695091,20.062301427693455
4831.662929821584,4904.560225608945,-72.89729578736114
4832.513229852687,3896.0372848554393,936.4759449972476
4408.089596447582,3988.386559806825,419.7030366407571
3739.4992093007304,4640.470707695927,-900.9714983951962
3732.200104557185,3916.4588469660994,-184.25874240891426
3739.617194528339,4786.139281528791,-1046.5220870004518
4611.612913099742,4522.120693483673,89.49221961606963
4633.119031786344,4852.8283380230005,-219.70930623665663
4623.113050513058,4642.831200642773,-19.718150129715468
4625.652867314973,4880.908759265374,-255.25589195040084
4630.418796302911,4677.152680704023,-46.733884401111936
4636.858165859754,4534.674299908487,102.18386595126685
4637.273883152022,4801.320495386565,-164.04661223454332
4628.288883112495,4842.468048129508,-214.17916501701347
4867.77700490082,4797.689347570886,70.0876573299347
4650.543238353045,4706.031180555015,-55.48794220197033
4650.141508878293,4348.172725777979,301.9687831003139
4655.422052791761,4784.058071440707,-128.63601864894554
4654.072183266074,3963.2289146795915,690.8432685864823
4654.24041228188,4557.300868790233,96.93954349164687
4650.0952477111205,4677.1546164062875,-27.059368695166995
4646.134268028941,3910.786874024034,735.3473940049066
4862.886185806094,4876.666016144911,-13.779830338817192
4657.9458350444775,4701.138404373198,-43.19256932872031
4656.614592323351,4834.036246746385,-177.42165442303394
4651.962624297291,4771.855522761874,-119.8928984645836
4665.913154962124,4873.049701239555,-207.13654627743108
4653.76136903501,4464.7711140195215,188.9902550154884
4652.641534457755,4448.340945981141,204.3005884766144
4641.850353799561,4535.327282514052,106.5230712855091
4854.981063456024,4778.8768635746255,76.10419988139802
4629.426787558613,3920.847877073973,708.5789104846399
4631.888347928427,3760.225795239959,871.6625526884677
4619.048176078528,4880.8614251892905,-261.8132491107626
4642.806677117133,4788.48821487835,-145.68153776121653
4633.0244341097805,4657.5968162188365,-24.57238210905598
4643.886427158783,4640.013085227559,3.8733419312238766
4643.406975452466,4799.575433973291,-156.16845852082497
4637.487230788675,4651.146933973637,-13.659703184961472
3743.3262025876256,4777.010768543229,-1033.684565955603
3747.856646993076,4687.9449436150935,-940.0882966220174
3734.639880057424,4454.9591813597035,-720.3193013022797
3901.2631862122407,3760.509475812482,140.7537103997588
3919.438150572299,4841.512907195103,-922.0747566228042
3903.5884516837905,4875.982388139,-972.3939364552098
3904.62149491111,4541.841543679045,-637.2200487679347
3905.8566434436525,4576.142448264214,-670.2858048205617
4785.961186625883,3894.7966118984427,891.1645747274401
4791.346824325498,4752.363780554412,38.98304377108616
4800.929419287638,4783.962816033673,16.966603253964422
4792.416544594334,4625.999484241648,166.41706035268544
4792.256097940629,4888.239748683465,-95.98365074283629
4800.8014533847645,4844.833406721003,-44.031953336238075
4782.6061868739425,4861.854440913017,-79.24825403907471
4803.039901724958,4875.370058739735,-72.33015701477689
4705.525791623736,4830.888379163529,-125.36258753979291
4722.565845317038,4879.172204498476,-156.60635918143817
4721.463257536685,4802.2391871361315,-80.7759295994465
4724.136306011301,4860.760844929885,-136.62453891858422
4726.717403120528,4855.436484966849,-128.7190818463214
4732.062360043805,4843.909811904785,-111.84745186098007
4715.412216054923,3964.474382831596,750.9378332233273
4728.642224459178,4793.428436624727,-64.78621216554893
4737.427938688388,4779.4507145476555,-42.02277585926731
3899.2257877152265,4343.532391480688,-444.3066037654612
3921.429407606609,4013.1202526138873,-91.69084500727831
3913.9881467982486,4912.614817551104,-998.6266707528557
3920.2133557328193,3944.893282664784,-24.679926931964474
3923.653172346521,4789.2354920976595,-865.5823197511386
4791.017292154753,3911.8515857246725,879.1657064300803
4795.474152272055,4907.564450858586,-112.09029858653048
4769.844587976373,3749.7817100184666,1020.0628779579065
4779.2949361522105,3763.930515481409,1015.3644206708013
4799.016187522309,4802.332647064765,-3.3164595424559593
4781.152258116232,3965.3131560821107,815.839102034121
4777.150791168774,4844.824485295429,-67.67369412665539
4785.435629340908,4705.537155481364,79.89847385954454
4815.5209290136,4865.355900538031,-49.83497152443124
4805.920061666264,4646.239618507794,159.68044315846964
4808.386131384431,4886.999361481049,-78.61323009661828
4809.830447293416,4779.685081689055,30.14536560436136
4811.307723623867,4791.01003568228,20.297687941586446
4807.974689434536,4849.049380383422,-41.0746909488862
4808.513170043071,4548.49517502901,260.01799501406094
4809.016971575685,4577.537781279363,231.47919029632158
3938.5841841416595,4873.835743451507,-935.2515593098478
4814.327604730024,4084.1763674373165,730.1512372927077
4805.517643174991,4854.683542562948,-49.165899387957325
4814.313361040172,3768.4622074488398,1045.8511535913321
4816.512793032522,3964.159053737538,852.3537392949834
4809.674711778665,4777.5552146079135,32.119497170751856
4822.228631784542,4662.201417245452,160.02721453908998
4803.08124314958,3921.633937772672,881.4473053769075
4810.65703891,3961.5838523886896,849.0731865213102
4787.511505263632,4583.63782859065,203.87367667298167
4796.850535784866,4916.740644480018,-119.89010869515187
4788.5539938298725,4853.797135702891,-65.24314187301843
4769.007455630783,3914.4258288887763,854.5816267420064
4776.826554209869,4773.025174413357,3.801379796512265
4774.87132188717,4545.778385560863,229.0929363263067
4791.455415331234,4660.294740450338,131.16067488089539
4789.885322962719,3767.094566008574,1022.7907569541453
3900.652597634914,3882.0623247675053,18.590272867408657
3905.609423247806,3899.8536652732632,5.7557579745425755
3899.3430242495288,4825.567171579546,-926.2241473300173
3909.633069874524,4699.672189146477,-790.0391192719526
3905.50352080292,4767.930563728911,-862.4270429259909
3752.7257447061556,4912.351349075114,-1159.6256043689582
3736.5545210185564,4857.000438024288,-1120.4459170057316
4519.968613123664,4847.758401184482,-327.78978806081795
4529.919710451129,4647.191589048006,-117.27187859687729
4523.202245016367,4815.391658911996,-292.1894138956295
4516.485732921576,4794.3533307881125,-277.8675978665369
4521.003763549844,4861.65368556176,-340.6499220119158
4518.695615193629,4785.546166235651,-266.85055104202183
4524.469973377263,4826.633210193011,-302.16323681574795
4861.46819131246,4787.435287730786,74.03290358167396
4852.284992595061,3920.9479226852013,931.33706990986
4862.54327070186,4468.1235529407395,394.4197177611204
4421.636084712274,4812.827689494274,-391.19160478199956
4431.753999131148,4782.961701074902,-351.2077019437538
4427.830337066276,4800.233396658528,-372.40305959225225
4429.600302883233,3964.698940442524,464.9013624407089
4853.985923002214,4529.997944219184,323.9879787830296
4861.769690629541,4826.524792842898,35.24489778664338
4856.550070711991,4829.111526882753,27.43854382923746
4860.4863554378535,3923.213654062913,937.2727013749404
3898.16133765867,4837.498565109603,-939.3372274509329
3905.8496589183605,4649.617711425935,-743.7680525075748
3908.3785701345373,3926.351772632479,-17.973202497941656
3908.639873522394,4861.365602763625,-952.7257292412314
4690.04926570371,4896.5183907822975,-206.46912507858724
4694.6107959989895,4893.789023250271,-199.1782272512819
4690.458296420329,4636.277170127154,54.18112629317511
4681.9939878418245,4649.806293264978,32.1876945768463
4689.105603860002,4784.264491426098,-95.15888756609638
4682.225827775946,4647.40224944664,34.82357832930575
4677.94679245966,4685.639745261819,-7.692952802159198
4830.748161646628,4858.812509892707,-28.064348246078225
4823.429810327617,4778.868843059825,44.560967267791966
4507.161634831477,4544.343381390342,-37.18174655886469
4493.433785045843,4696.262718201065,-202.82893315522142
4506.561331883247,4702.051887818247,-195.49055593500088
4501.134129115654,4847.256874191633,-346.12274507597886
4501.1361493411205,4908.911854648993,-407.77570530787216
4835.845524184537,4692.7686194081725,143.07690477636424
4827.900991448418,4439.704470828793,388.1965206196246
4841.260639668796,4833.663547854795,7.597091814001033
4394.03998823671,4834.00632780413,-439.9663395674197
3739.4992093007304,4843.3789034523725,-1103.879694151642
3737.0042697247445,4844.6087960028835,-1107.604526278139
3739.482427863951,3882.590497095879,-143.10806923192786
4638.819087072808,4637.542005919036,1.2770811537720874
4624.923695879996,4549.299484565139,75.62421131485644
4623.143963004244,4808.845828245078,-185.7018652408342
4620.084000118714,4787.81460431566,-167.73060419694593
4637.276120707632,4345.64255503799,291.63356566964194
4627.397286775836,4847.986017586539,-220.58873081070305
4628.49839609969,4785.74698123799,-157.24858513830077
4639.867171826809,4859.085663579722,-219.218491752913
4861.566405795461,4648.9706328496295,212.5957729458314
4653.404704881429,4655.082056559409,-1.677351677979459
4626.993383414132,4738.773955341739,-111.78057192760662
4657.496018283977,4804.572944372357,-147.07692608837988
4653.73959364501,4855.184948829159,-201.44535518414887
4657.775206702038,4841.101091735827,-183.32588503378884
4646.014816205649,4890.559101442418,-244.5442852367687
4650.967036151406,4651.6405617779255,-0.673525626519222
4871.847074150193,4861.600655659671,10.246418490522046
4651.366178218092,4779.911227008711,-128.54504879061915
4647.06103025121,3962.276218003181,684.7848122480286
4645.973572887213,3895.042131970044,750.9314409171689
4663.640503752495,4861.616203808926,-197.97570005643138
4656.724315652887,4844.128512371274,-187.40419671838754
4657.540124669841,4693.043332763332,-35.503208093490684
4657.6672096008715,4855.313539937026,-197.64633033615428
4851.315545174338,3909.2112828082286,942.1042623661092
4635.107652627027,3908.620738249956,726.4869143770711
4630.393060807822,3911.424043266254,718.9690175415676
4638.410632831474,4911.6502176449,-273.2395848134265
4630.265824586626,4785.7308820151875,-155.46505742856152
4637.253664768001,4659.60923298746,-22.3555682194592
4619.909600458402,4828.332474750786,-208.42287429238422
4625.391803209064,3920.3421136221214,705.0496895869428
4634.712054139675,4743.715112640379,-109.00305850070345
3736.305159354703,3922.3304436192825,-186.02528426457957
3745.0933892198555,4807.929840896431,-1062.836451676576
3747.763837015332,4630.13494364039,-882.371106625058
3898.5270072931967,4788.744922686587,-890.2179153933907
3903.5884516837905,4674.4910969837765,-770.902645299986
3909.3682494784384,4862.311788605073,-952.9435391266347
3897.8464424782305,4841.02729767865,-943.1808552004195
3897.4439061754088,4682.73274341926,-785.2888372438515
4779.5802824297525,4638.7149122134115,140.86537021634103
4781.836764579698,4665.19175426299,116.64501031670807
4792.731002484822,4796.869630668486,-4.138628183663968
4808.7770473300025,4547.704994064734,261.07205326526855
4805.468508115931,4707.926718192429,97.54178992350262
4787.13838697507,4884.890684907342,-97.75229793227209
4793.682494821052,4445.6776597926455,348.0048350284069
4801.938401430765,4805.533258034727,-3.594856603961489
4735.857624489849,4790.280408897186,-54.42278440733753
4721.088675411503,4850.816260735298,-129.7275853237952
4709.5917420055075,4762.110900122023,-52.51915811651543
4714.2330568973985,4854.118058440958,-139.88500154355916
4712.898155191386,4816.655609386693,-103.75745419530722
4710.562440070976,4765.922468502795,-55.360028431819046
4725.145803046934,4653.844083423481,71.30171962345321
4721.551674138289,4748.144935742873,-26.59326160458386
4726.548347181736,4457.806013443033,268.74233373870265
3895.483050939342,4781.49995715675,-886.0169062174077
3916.037442918968,4790.885554138306,-874.8481112193385
3896.5195444409096,4547.056257586923,-650.536713146013
3908.1472481387427,3932.7330187380585,-24.585770599315765
3905.309293995309,4694.010419518087,-788.7011255227776
4803.221598449412,4660.119819423762,143.1017790256501
4791.720700676853,4090.741843505739,700.9788571711142
4799.491841744642,4573.653388982719,225.8384527619237
4786.049099535862,4861.183072183646,-75.1339726477836
4799.149833059249,4710.571996975563,88.57783608368663
4784.352948764617,4797.862789326004,-13.509840561386227
4772.559529747344,4837.409231707015,-64.84970195967162
4780.885526742899,3925.3035153733185,855.5820113695804
4791.37626425895,4809.18521349946,-17.80894924050972
4804.153204104752,4798.124844217277,6.028359887474835
4804.022185168933,4900.170641272845,-96.1484561039124
4834.620271435141,4589.911585932772,244.708685502369
4818.311033014462,4796.746687246056,21.564345768405474
4801.730953432434,4894.839540631089,-93.10858719865519
4800.675317068224,3905.6384200982156,895.0368969700085
4798.291959174015,4804.376146347668,-6.084187173652936
3956.55367004133,4792.3382870645,-835.7846170231701
4817.156406203017,4457.294286308313,359.86211989470394
4809.665345619952,4851.371083417354,-41.705737797402435
4809.393965083137,3766.7355741090532,1042.6583909740839
4806.252132218757,3950.821032836905,855.4310993818517
4809.545584896173,4692.233583141182,117.31200175499089
4801.268890137545,4333.710864456458,467.5580256810872
4825.903792454151,4566.601978972165,259.30181348198585
4819.201420075619,4905.300379341494,-86.09895926587433
4778.603438236474,4773.083236452642,5.520201783831908
4774.532799504867,4530.936817034343,243.59598247052418
4790.472482141738,4857.637545430068,-67.1650632883302
4780.253614464792,4689.10221745337,91.15139701142198
4780.142309214411,4737.2022588250775,42.94005038933392
4787.549948564418,3770.5063553550062,1017.0435932094115
4778.348468446261,4670.3277506573,108.02071778896061
4783.129807538707,4823.1181524093445,-39.988344870637775
3908.3505166273667,4538.144085994473,-629.7935693671066
3906.981505846252,4656.97151333076,-749.9900074845082
3906.662892525424,4890.082852886039,-983.4199603606153
3895.086868309354,4617.233459324674,-722.1465910153202
3908.3008630196464,4781.835250396706,-873.5343873770598
3737.6957523715982,3759.4539615973363,-21.758209225738028
3735.5867485990702,3917.2214276411064,-181.63467904203617
4515.630933534376,4833.6099751928605,-317.9790416584847
4520.304019627884,4850.359578181803,-330.0555585539187
4520.4523975984785,3761.1802837032137,759.2721138952647
4509.386000205697,4835.6445984560305,-326.2585982503333
4523.041624066826,4359.698881355717,163.34274271110917
4511.576309930956,4642.23304958174,-130.6567396507835
4517.408836632321,4684.898342289978,-167.489505657657
4857.17350464155,4647.311829124799,209.86167551675044
4869.000778650897,4712.098669690686,156.90210896021108
4867.8122318811465,3928.7198578258217,939.0923740553249
4415.301841960881,4890.028542204132,-474.7267002432509
4440.642113238704,4562.692079481811,-122.04996624310661
4417.32483999436,4831.504398047172,-414.17955805281144
4427.357195151499,3924.72177551386,502.63541963763873
4860.4863554378535,4793.907964579997,66.5783908578569
4885.179949057811,4797.4455217920595,87.73442726575195
4877.47015142885,3894.59129101935,982.8788604094998
4878.98790515808,4642.7770313182555,236.21087383982467
3897.343538005882,4295.62730793885,-398.2837699329684
3901.3484171379023,4552.562538512802,-651.2141213749001
3902.3264411776427,4888.110007188139,-985.7835660104965
3904.71580877243,4777.200959892969,-872.4851511205388
4691.618216711086,4848.3695466603285,-156.75132994924297
4686.823587419626,4874.173144268455,-187.3495568488288
4681.618562791647,4827.487042861565,-145.8684800699184
4678.652118982916,4781.897797125278,-103.24567814236161
4680.140636527356,4846.445416186096,-166.3047796587398
4686.8057158125175,4780.658941205797,-93.8532253932799
4696.923951793143,4873.174377491252,-176.2504256981092
4825.830277216767,4889.483046615313,-63.65276939854539
4815.216095356785,4688.44885086856,126.76724448822551
4502.825053992709,4680.484960703001,-177.65990671029158
4490.352180418017,4676.639724776592,-186.28754435857445
4520.870634567458,4852.917159503586,-332.04652493612775
4503.923716149912,4874.100811689002,-370.17709553908935
4515.2077645569725,4790.832030720963,-275.6242661639908
4838.606975400471,4831.964216941704,6.642758458767275
4842.8623939507015,4788.173841765547,54.68855218515455
4848.76076795155,4841.949054239452,6.811713712098026
4395.615816696882,3964.747867781929,430.86794891495265
3739.4992093007304,3921.9244230182144,-182.42521371748398
3740.5029743675873,4557.211156591398,-816.708182223811
3754.700892261278,3901.3604258243117,-146.65953356303362
4614.935321797217,4537.8918421560165,77.04347964120007
4622.686692876883,4819.127579256216,-196.44088637933328
4628.857496001148,4751.08601802641,-122.22852202526155
4634.228637160571,4800.685800361139,-166.45716320056727
4627.343148291223,4782.926062167665,-155.58291387644203
4630.529636441106,3969.486183797835,661.0434526432709
4634.02933206863,4556.807589327199,77.22174274143072
4633.209518425437,4558.336655564454,74.87286286098242
4856.021043478728,4544.243893392207,311.77715008652103
4658.477980979565,4888.552071634445,-230.07409065488082
4658.474986779992,4796.707073119443,-138.2320863394507
4648.362557618428,4649.472101227605,-1.109543609177308
4651.322110915855,4789.123460503524,-137.8013495876694
4654.421753886291,4340.308921957392,314.11283192889914
4632.318212200894,4429.37042217784,202.94779002305404
4644.307789181481,4808.372015435121,-164.0642262536403
4870.980167828844,4829.381025196389,41.59914263245537
4656.614592323351,4829.7701595953085,-173.1555672719578
4640.53275313532,4544.943779157482,95.58897397783767
4649.589598076251,3917.4141628758493,732.1754352004014
4668.844144750389,4853.5906310276305,-184.74648627724127
4658.024629400993,4635.343699852718,22.680929548275344
4647.332781761341,4821.000810532707,-173.66802877136615
4644.127209017165,4649.013345916955,-4.8861368997895624
4849.310191241037,4077.6380780043014,771.6721132367352
4637.752241556387,4004.9722570554904,632.7799845008967
4636.364710315948,4831.825042006723,-195.4603316907751
4630.03022949498,4706.159636275613,-76.12940678063296
4629.1376623913,4647.486367437956,-18.348705046655596
4637.030465101485,4782.260520778297,-145.2300556768123
4640.2261276320505,4660.661695122107,-20.4355674900562
4634.117078254118,4706.776917892232,-72.65983963811414
4621.29610502637,4338.283392943203,283.01271208316757
3758.956301219538,4862.176666149503,-1103.220364929965
3746.7584811315037,3977.3062902830143,-230.5478091515106
3739.5900778194577,3921.185960141818,-181.59588232236047
3899.520404859331,4856.4887018676745,-956.9682970083436
3904.62149491111,3927.0325386371005,-22.411043725990567
3897.8464424782305,4686.992284314245,-789.1458418360144
3897.4376819419417,4637.695823485216,-740.2581415432746
3900.81505495208,4882.87540661997,-982.0603516678898
4784.024003256971,3891.134548567149,892.8894546898218
4781.993681771606,4763.832451522962,18.161230248643733
4801.915326041286,4856.183663505809,-54.26833746452303
4790.312878638553,4847.267438518569,-56.95455988001595
4770.132033044034,4857.484769214453,-87.35273617041912
4788.814297125637,4855.991447187217,-67.1771500615805
4793.344666264255,4648.819648938146,144.52501732610835
4799.480557174965,4469.346053084185,330.13450409077996
4737.061306010861,4640.609472580908,96.45183342995279
4726.464991219468,3903.349882992646,823.115108226822
4717.208244840046,3969.032192874702,748.176051965344
4727.2959997309035,4827.344750098491,-100.04875036758767
4722.125992502477,4650.673006492119,71.45298601035756
4723.809482918165,3962.085106434514,761.7243764836508
4724.8727541794715,4780.262437266311,-55.389683086839796
4713.532433266016,4684.076470626253,29.45596263976313
4747.558522159604,4563.463338444733,184.09518371487047
3912.282196419594,3869.1281560463826,43.1540403732115
3913.173808339111,4804.81696714795,-891.643158808839
3907.901987186089,4801.547819187236,-893.645832001147
3909.9277541571023,4885.179354261758,-975.2516001046556
3918.9735134633897,4859.9820554143735,-941.0085419509837
4777.2264769530875,4881.714949905636,-104.48847295254836
4787.084769658044,4544.987546490812,242.0972231672322
4791.495928328954,4858.2598599705125,-66.76393164155888
4777.38460693281,4823.538997075411,-46.15439014260119
4781.28706435933,3760.4702964999774,1020.8167678593522
4801.04464965394,4876.112763658234,-75.06811400429433
4788.3358796923985,4781.321211004164,7.014668688234451
4795.082611917429,4848.481033865579,-53.39842194814992
4800.324294589431,4881.309079193623,-80.9847846041921
4820.096401605307,4790.625804171057,29.470597434249612
4800.485218348695,4840.878451085963,-40.39323273726859
4805.964551746551,4855.647382506708,-49.68283076015723
4815.728447092725,4795.659705839563,20.068741253162443
4813.360527670514,4547.119299292942,266.24122837757204
4805.517643174991,4774.508482859326,31.009160315664303
4824.920747892016,3922.2096777624406,902.7110701295755
3954.2804197848745,4798.485348336661,-844.2049285517869
4793.4354892723,4688.867257739853,104.5682315324475
4815.254380305831,3764.637571649076,1050.6168086567545
4820.510231345705,4472.900448651449,347.60978269425595
4809.911652361442,4827.4304031788415,-17.51875081739945
4806.428247215815,4857.415716988939,-50.98746977312385
4813.03148894882,4743.955322389604,69.07616655921629
4803.626708019392,4821.565164075461,-17.9384560560693
4824.083517426815,4812.217174930792,11.866342496023208
4778.100711094492,4879.609694449019,-101.50898335452712
4779.036258739635,4875.44068709652,-96.40442835688555
4781.647337725738,4574.695989884595,206.9513478411427
4778.220688310475,4823.022931432819,-44.8022431223435
4776.726191953665,4445.277248716869,331.44894323679637
4790.726035643266,4474.033924004346,316.6921116389203
4788.177430860364,4854.4114677523485,-66.23403689198403
4788.391749830138,4585.64813449761,202.74361533252795
3908.2697664946354,3901.183569519239,7.086196975396433
3898.8598749219777,3920.105671480711,-21.24579655873322
3889.3810911855667,4770.955864818619,-881.5747736330527
3913.113599335831,4480.296824024433,-567.1832246886015
3899.5912885007565,4852.052909860046,-952.4616213592899
3744.246797967269,4080.0699324434368,-335.823134476168
3744.092567860208,4835.429014376081,-1091.336446515873
4525.772847304072,4887.652685341985,-361.87983803791303
4516.12656579719,3760.6282790783494,755.4982867188405
4519.392086329704,4649.048830198592,-129.65674386888804
4531.101992800319,4832.04823000636,-300.9462372060416
4521.251054002043,4786.514753084441,-265.2636990823976
4539.131142168765,4550.695774002932,-11.564631834166903
4515.053830984405,4893.788268135498,-378.7344371510926
4849.025338058258,3946.150962843327,902.8743752149312
4868.711702252658,4784.9180309805715,83.79367127208661
4870.608861801155,3934.197823394767,936.4110384063883
4425.172905328222,4633.015027666199,-207.84212233797643
4433.736859287701,4788.732480020669,-354.99562073296784
4436.876684002048,4783.185706199195,-346.309022197147
4453.284904420346,4930.783339253893,-477.49843483354744
4871.967429244617,4861.871792692147,10.095636552469841
4859.873451089072,4823.9245107405495,35.94894034852223
4845.782794130312,4832.5477425631625,13.23505156714964
4868.825472728463,4883.144202926807,-14.318730198344383
3906.3739069665494,4823.969465680269,-917.59555871372
3903.771345963441,4883.374089390439,-979.6027434269977
3914.2334690051075,4658.299567604144,-744.0660985990362
3902.0306150380934,4552.7897757228275,-650.7591606847341
4691.945738881496,3975.2773413218847,716.6683975596115
4705.242284296678,3783.6678998810644,921.5743844156136
4675.252723023405,4789.2463106050445,-113.99358758163908
4685.978008858342,4779.083511809779,-93.1055029514373
4666.175200244519,4741.845915145062,-75.67071490054241
4693.573122096338,4648.885976054416,44.68714604192246
4683.586044628117,3899.8228763739166,783.7631682542001
4821.172446758048,4558.919825954102,262.25262080394623
4818.04015440201,4697.756423034182,120.28373136782739
4486.015494833651,4844.24315126042,-358.2276564267686
4513.455401037846,3931.8366162457423,581.6187847921037
4494.8255095009445,3893.7169738445846,601.1085356563599
4505.176226297524,4762.212662873541,-257.03643657601697
4494.928474160303,4770.111413223103,-275.18293906279996
4834.469791626188,4778.541294985064,55.928496641124184
4832.435522250314,4626.458570739568,205.9769515107455
4823.436188245426,4878.909452822223,-55.47326457679719
4413.973704502195,4786.846520023688,-372.87281552149307
3739.4992093007304,4769.136995822808,-1029.6377865220775
3735.275450181316,4549.355176685437,-814.079726504121
3744.6865641873055,4632.460493161109,-887.7739289738038
4650.3852366053425,4852.3458630851665,-201.960626479824
4630.007279444076,3985.8653676088493,644.1419118352264
4627.795292742342,4784.1508313591075,-156.35553861676544
4634.004521097241,4788.972500671211,-154.9679795739694
4644.411196105874,4665.671035260429,-21.259839154554356
4630.941555692163,4850.47579927572,-219.53424358355733
4635.133433121541,4833.9733782144685,-198.83994509292734
4640.5934725324905,4787.395516861603,-146.8020443291125
4865.425771832149,4856.737351104071,8.68842072807729
4647.870998068929,3998.9361332413932,648.9348648275359
4658.10718483722,4886.863887914926,-228.75670307770542
4633.6530425880455,4835.7888206632715,-202.13577807522597
4640.901381590326,3893.315977051716,747.5854045386104
4645.622981708876,4743.428934590161,-97.80595288128461
4645.646821763957,4645.419522048188,0.22729971576882235
4646.530482155564,3925.4191692160157,721.111312939548
4879.252589755575,4836.351318636517,42.90127111905804
4645.653357760695,4696.323565045872,-50.67020728517673
4655.8231926342,4805.0067015021805,-149.1835088679809
4645.896656803302,4856.071617794914,-210.17496099161235
4645.214051870636,4821.269109315793,-176.05505744515722
4647.438121667125,4651.370396169271,-3.9322745021454466
4659.06723708737,4859.531028961381,-200.4637918740109
4653.557814681777,4846.601629159104,-193.04381447732703
4870.316801521347,4094.0355721177966,776.2812294035502
4647.065752582393,4848.253925362284,-201.18817277989092
4627.920653966249,3967.689630474356,660.2310234918932
4612.050278926836,4808.453615173525,-196.40333624668892
4626.626120937728,4837.044223141537,-210.4181022038092
4640.083156000821,4845.077944504455,-204.99478850363448
4636.3026334141305,4893.043142353441,-256.74050893931053
4616.9905211488085,4762.403606877298,-145.41308572848993
4637.927405514291,4905.806796353836,-267.8793908395446
3750.3429820985716,3772.1084648401306,-21.765482741559026
3751.9146844327147,4833.631723985938,-1081.7170395532235
3745.224714556278,3985.434634743885,-240.20992018760717
3901.5799478567064,3922.2789729613273,-20.699025104620887
3905.8566434436525,4778.537201951249,-872.6805585075963
3897.4439061754088,4690.234692007984,-792.7907858325757
3900.81505495208,4679.830382175869,-779.015327223789
3907.8035597218677,4857.288427520736,-949.4848677988684
4790.469078840208,3923.5372219521373,866.9318568880703
4806.165366208489,4790.829903276254,15.335462932234805
4795.509293192827,4788.719202327314,6.790090865512866
4798.04616351475,4851.902054574657,-53.85589105990675
4792.363499259969,4873.838845936703,-81.47534667673426
4795.813863288222,4850.903584793233,-55.08972150501086
4793.393570927383,4563.367227346184,230.0263435811985
4783.1248427436585,3890.933909052265,892.1909336913936
4724.48456244302,3810.0885114555203,914.3960509874996
4718.40273992315,4791.489878897443,-73.08713897429334
4724.075463808685,4778.132584009241,-54.05712020055671
4722.565621040202,4814.00173165758,-91.43611061737829
4741.348644363112,4100.357275818651,640.9913685444608
4737.821516844926,4906.827257028233,-169.00574018330735
4719.71277606588,4859.0380113755755,-139.32523530969593
4726.012630134646,3899.235726421386,826.7769037132603
4732.426890343063,4899.492526237268,-167.06563589420512
3919.871643906649,3917.032105937472,2.839537969176945
3887.0975140776914,4770.207533544549,-883.1100194668575
3900.1855026107546,4686.4357325212195,-786.2502299104649
3910.955362125464,4819.413319881414,-908.4579577559502
3908.7705139895475,4690.042506108494,-781.2719921189469
4787.363856065206,4629.695815448674,157.66804061653238
4773.079855491822,4886.99795415736,-113.91809866553831
4776.672120174738,4768.02681410462,8.64530607011784
4771.871029312388,3916.369419457321,855.5016098550668
4766.10253126496,3758.777378224522,1007.3251530404377
4790.914884967775,4868.952642764705,-78.03775779693024
4766.018143363446,4843.320166497763,-77.3020231343171
4799.354485332016,4348.553773785013,450.80071154700363
4814.475267059538,4790.676993131374,23.798273928164235
4815.668493371422,4854.729827655132,-39.061334283709584
4797.5390413542455,4826.573058935627,-29.034017581381704
4803.15535823244,3966.765995649052,836.3893625833884
4813.114182498705,4802.467122991754,10.647059506951337
4801.932401653182,4852.079181799143,-50.1467801459612
4816.512793032522,4913.711892179712,-97.19909914719028
4810.994375160373,4903.158577901394,-92.16420274102074
3944.9038098192395,3918.6341392293534,26.26967058988612
4823.216285071035,4863.923891158583,-40.7076060875479
4809.911652361442,4859.159796986392,-49.24814462495033
4791.7306933497675,4820.431765577431,-28.701072227663644
4813.2218155546725,4799.192403537031,14.029412017641334
4813.52042917438,3925.1151373116745,888.4052918627058
4817.334842182871,4846.324547208497,-28.98970502562588
4798.614896209803,4683.967986868079,114.6469093417245
4799.2709563409135,4827.937379662814,-28.666423321900766
4798.248169638326,4693.015719177861,105.23245046046486
4782.483785879533,3902.3416141658286,880.1421717137041
4788.1091968652445,4707.390037118699,80.7191597465453
4773.364114620512,4841.050423524212,-67.68630890370059
4775.798559975097,4841.812339243681,-66.01377926858368
4781.093217284619,4647.059070262879,134.03414702173995
4788.819415015747,4774.627410238739,14.192004777008151
4776.507529069564,4773.299329306023,3.2081997635414155
3916.0495395515595,3939.8871404434994,-23.83760089193993
3905.7100467430796,4861.12999697332,-955.4199502302404
3908.143680435575,4805.815741820393,-897.6720613848179
3897.1870650818255,4882.113186601592,-984.9261215197666
3909.749704702965,4826.1182768008375,-916.3685720978724
3738.258221616866,3919.148969318376,-180.89074770151
3738.1270575172193,4526.84850638567,-788.7214488684504
4513.989829112732,4779.363290059912,-265.3734609471803
4520.838444497,3928.216406588564,592.6220379084357
4526.502923720156,4855.252918282357,-328.7499945622012
4516.475618963146,3758.309110032303,758.1665089308431
4510.902774528998,4826.542268698552,-315.6394941695544
4532.757657005427,4894.292756261266,-361.53509925583876
4522.888880824382,4892.111355496812,-369.2224746724305
4858.861559431815,4626.824064583787,232.03749484802847
4863.468615522433,4741.140966142493,122.32764937993943
4861.098716029412,4634.292113026795,226.8066030026166
4449.097250607705,3710.307584895586,738.7896657121191
4447.014422865101,4844.219453974887,-397.20503110978643
4438.004121882732,3966.2536918487112,471.7504300340206
4418.488707929885,4530.7437912136265,-112.25508328374144
4875.767418197413,4663.490710932455,212.27670726495762
4854.479717536436,4873.007090105604,-18.52737256916862
4857.707544822216,4771.746017531203,85.96152729101323
4867.1375621633315,4900.067690519826,-32.930128356494606
3911.862658958061,3769.0246834548534,142.83797550320742
3907.3836126956726,4637.96204257925,-730.5784298835774
3926.351971051848,4647.6016050366115,-721.2496339847635
3899.6572474384734,4859.628781997554,-959.9715345590807
4682.533113969192,4554.014591728003,128.5185222411883
4684.2635209106065,3961.729115338154,722.5344055724527
4689.2945788698,4657.1694657802855,32.12511308951434
4686.403314735821,4652.278741067675,34.124573668146695
4693.033271076728,4775.929987076232,-82.89671599950361
4679.031129437013,4624.7894918614675,54.24163757554561
4686.222386411315,4469.241567184639,216.98081922667552
4831.615860415583,3917.7930218688102,913.8228385467723
4826.518673120526,3770.566865121975,1055.951807998551
4510.384033028825,4867.928369388486,-357.54433635966143
4514.085656462213,4872.421254252621,-358.3355977904084
4502.085013539288,4848.476483911707,-346.39147037241855
4500.867689304302,4555.912685431608,-55.04499612730615
4493.307554176544,3892.5156734260604,600.7918807504834
4833.991231234986,3900.2849580808816,933.7062731541046
4835.439745464768,4825.850091453486,9.58965401128171
4829.548968747781,4691.027261987544,138.52170676023707
4402.753024455966,3954.5127978893593,448.24022656660645
3739.4992093007304,3990.431739193526,-250.93252989279563
3738.276980195197,4826.119939843367,-1087.84295964817
3750.916535962693,4821.4982956362655,-1070.5817596735724
4621.875758881605,4667.972758036649,-46.096999155043704
4629.276160462085,4799.153005305955,-169.87684484387046
4634.081678483546,4650.117648051373,-16.035969567827124
4624.184977410781,3916.593181801411,707.5917956093704
4636.404526760097,4845.679281740257,-209.27475498015974
4626.3915781447,4078.9595512863984,547.4320268583019
4636.925293714246,4897.675042332423,-260.74974861817645
4633.116365964693,4848.968289790017,-215.85192382532387
4868.889208948907,4861.215356616887,7.673852332020033
4638.2708984960045,4689.536536898813,-51.26563840280869
4647.690329081511,4555.865224036261,91.82510504524998
4656.219820644288,4086.8137828821305,569.4060377621577
4657.98261697175,4802.329572386398,-144.3469554146477
4646.803450749014,4844.772390301046,-197.96893955203177
4650.998547154387,3923.3783867980915,727.6201603562954
4663.809947754323,4862.896151749022,-199.08620399469874
4868.471673981633,4737.144017178743,131.3276568028905
4651.962624297291,4882.408635577818,-230.44601128052727
4649.589598076251,4907.846453255413,-258.2568551791619
4640.47946920117,4878.6812188762115,-238.20174967504136
4653.805971147642,4559.350016017872,94.45595512976979
4648.541739195658,4649.793204005628,-1.2514648099695478
4648.9458295314225,4650.12396484796,-1.1781353165379187
4645.5119080502855,3967.405278639881,678.1066294104044
4856.825530751963,4634.419578937968,222.40595181399476
4646.701258613909,3970.87663921483,675.824619399079
4630.410424155674,3957.288350718868,673.1220734368062
4643.886427158783,3769.464182522731,874.4222446360518
4620.805616708998,3757.2545347016594,863.5510820073387
4625.86084538733,4687.688631169885,-61.82778578255511
4626.700219187074,4903.043862491293,-276.34364330421886
4643.212902496264,4859.685048208503,-216.47214571223867
4636.300895164776,4869.161608871782,-232.86071370700574
3759.482523827935,4867.593039383164,-1108.110515555229
3755.4516653590713,4864.368206955223,-1108.916541596152
3752.8802485443803,4804.980713321603,-1052.1004647772224
3906.497344253023,4801.883188844067,-895.3858445910441
3901.7895550741246,4538.4360446105875,-636.6464895364629
3896.1037094280987,4764.596870766018,-868.493161337919
3893.9116115420347,4686.803254433687,-792.8916428916518
3901.2820230362627,4630.102323439869,-728.8203004036063
4789.330694029781,4702.383406334744,86.94728769503672
4799.896497645325,4744.202077964421,55.6944196809045
4791.9462214245805,3911.1232717718967,880.8229496526837
4787.793176727476,4536.402588407473,251.3905883200032
4816.017993333887,4825.123328163755,-9.105334829868298
4789.767379572325,4702.548424335385,87.21895523694002
4794.955226099417,4693.412694585529,101.5425315138882
4789.635890058004,4810.379360565536,-20.743470507532038
4718.29134530899,4563.280625545093,155.0107197638963
4725.476574016868,4780.085780119765,-54.60920610289759
4710.410998918068,4069.4586535632184,640.9523453548495
4729.332266448367,4886.452613022622,-157.12034657425556
4706.606350833426,4522.487391927002,184.11895890642427
4727.331711314305,4791.4103460878,-64.07863477349474
4707.612110688965,3954.705446999513,752.9066636894522
4724.015956175049,3770.199928677206,953.8160274978427
4742.7626787391555,4845.388383729152,-102.62570498999685
3904.63089305212,4652.238771433721,-747.607878381601
3905.8612168577342,4649.286998369778,-743.4257815120441
3896.876779691415,4854.7449964240595,-957.8682167326447
3906.109531030978,3962.2407152398628,-56.13118420888486
3901.3926691918127,3856.470718410692,44.92195078112081
4771.658683896888,4524.582593273895,247.07609062299252
4784.978927471194,4831.852195816728,-46.8732683455346
4774.68718738952,4770.2797698157365,4.4074175737832775
4775.879475131734,4885.536424862802,-109.65694973106838
4783.473851024829,4643.180977544569,140.2928734802599
4782.6801232665985,4679.400283069721,103.27984019687756
4786.401585571772,4763.389344822487,23.0122407492845
4770.066677423932,3915.894289233866,854.1723881900657
4823.122292001724,3972.059649843309,851.0626421584152
4822.66203382064,4698.040301965415,124.62173185522533
4806.974766577172,3984.4858594269585,822.4889071502134
4805.391638068649,4551.242592847435,254.14904522121378
4804.027344527837,4798.513445945093,5.513898582744332
4803.306224494612,4793.3004942072375,10.005730287374718
4822.228631784542,4872.787836400614,-50.55920461607184
4804.3275770220025,4460.451914074003,343.87566294799944
3941.5114892792435,3960.0569475296857,-18.545458250442152
4801.290215941651,4874.638369008227,-73.34815306657583
4813.03148894882,4743.771743268416,69.2597456804042
4831.9137265483605,4106.732481944137,725.1812446042231
4817.334842182871,4813.00456689584,4.330275287031327
4798.752110598028,4618.52572568888,180.22638490914778
4813.060426284638,4830.228808637428,-17.168382352790104
4801.258794359583,4805.949708635218,-4.690914275634896
4810.711479194385,4823.5418161599455,-12.830336965560491
4790.588338321724,4786.562511663189,4.025826658535152
4784.813567761869,3763.7252597288298,1021.0883080330395
4777.86659882199,4798.899207021097,-21.032608199107017
4770.56007123402,4776.746218770358,-6.1861475363375575
4785.072601293388,4890.491961774445,-105.41936048105708
4782.108642499639,4906.641322079433,-124.5326795797937
4778.148500150383,3991.752773745239,786.3957264051442
4792.41751935667,4661.400691435334,131.0168279213358
3910.302066184647,4868.898404487254,-958.5963383026069
3899.014778362428,3921.3940077688226,-22.379229406394643
3907.398076609584,4854.012771350921,-946.6146947413367
3898.6167319641827,4777.915873735569,-879.2991417713865
3914.9713281911413,4565.216210619591,-650.2448824284497
3750.132974579927,3932.1277893951624,-181.99481481523526
3745.1653866269944,3972.069726797336,-226.90434017034158
4526.305442128739,4698.443520358973,-172.138078230234
4531.06822496506,4748.526953125889,-217.4587281608292
4505.164061277054,4822.291925971474,-317.12786469441926
4528.899163392145,4748.085435099411,-219.18627170726631
4520.256414643981,3922.2468513928684,598.0095632511125
4513.173738433894,4787.217867689409,-274.04412925551514
4514.033609320837,4671.406562416372,-157.3729530955352
4859.536954363248,4626.213274749647,233.3236796136007
4853.715389276915,3751.966687894918,1101.7487013819969
4874.421406597883,4790.075856805587,84.34554979229597
4423.6561023889735,4839.311455599384,-415.6553532104108
4435.322790573392,3977.7122748924194,457.61051568097264
4438.588006570873,3937.6682069432413,500.9197996276321
4430.852149053697,4834.014833104817,-403.16268405111987
4870.567371136952,4658.55071983917,212.01665129778212
4870.0878464893685,4346.462439886909,523.6254066024594
4861.1614572277695,4823.398040930327,37.763416297442745
4860.283074704714,3918.287749399008,941.9953253057056
3908.1819023936964,4640.751787038356,-732.5698846446599
3924.7532191672512,4810.23231736939,-885.4790982021391
3887.289927702092,4687.4772396778935,-800.1873119758015
3909.8446129541344,4835.639948126229,-925.7953351720944
4671.214891192803,4835.71490461768,-164.50001342487667
4693.033271076728,4089.1650432567894,603.8682278199385
4676.7301969646405,4754.912179932253,-78.18198296761238
4686.436079602562,3971.3269038769904,715.1091757255717
4694.266987244728,3992.264472074629,702.0025151700988
4673.822112934581,4768.139728069943,-94.31761513536185
4690.841230101469,4854.930248828002,-164.08901872653314
4844.103925730633,3927.5803902764965,916.5235354541364
4818.099588979668,4902.393380379256,-84.29379139958837
4505.267050210633,4631.081019340832,-125.81396913019944
4497.4030976536715,4802.802320811837,-305.3992231581651
4503.427129062671,4813.618355015254,-310.1912259525825
4500.72794921925,4795.925973647245,-295.1980244279948
4508.30552397733,4743.217542530037,-234.9120185527063
4831.435263339671,4879.765256811028,-48.32999347135683
4833.475895298467,4888.075903929837,-54.600008631370656
4832.4550028473695,4539.337048306181,293.11795454118874
4413.722663227342,4832.71601564533,-418.9933524179878
3739.4992093007304,4788.601847737646,-1049.1026384369152
3746.8640436815317,4888.487029437527,-1141.6229857559952
3737.5771297000265,4900.425670685993,-1162.8485409859668
4625.390702822904,4885.204191253181,-259.8134884302772
4630.717625528092,4837.841536829185,-207.12391130109336
4632.795296230054,4790.381301007971,-157.58600477791697
4640.671337105865,4808.575626321642,-167.90428921577677
4639.472250123574,4795.467399570627,-155.99514944705334
4637.273883152022,4633.306624537068,3.9672586149536073
4631.939813707962,4809.1180780980185,-177.17826439005694
4639.017347497143,4539.0337848740455,99.9835626230979
4863.150493382391,4823.360393083463,39.79010029892743
4648.885370765095,4824.437323219974,-175.55195245487903
4643.142415175783,4840.394293936715,-197.2518787609324
4651.322110915855,4882.852783850735,-231.53067293488039
4643.915998668763,4817.844007788102,-173.92800911933955
4646.134268028941,4772.7713454282675,-126.6370773993267
4657.957994214483,3967.503577872709,690.454416341774
4659.541279004034,4702.380670610348,-42.839391606314166
4863.571081001307,4460.533146649425,403.03793435188163
4645.02009332513,4672.078085258662,-27.05799193353232
4661.585313142789,3998.698184718735,662.8871284240545
4632.945984991586,3948.035247924302,684.9107370672837
4662.426917259583,4701.699984790837,-39.27306753125413
4654.4076741632325,4707.37369427924,-52.96602011600771
4645.672461112565,4698.646544836869,-52.974083724304364
4635.439786138919,4635.127276302563,0.3125098363561847
4856.32817524263,4854.196435827922,2.131739414708136
4630.03022949498,4574.818967279097,55.211262215882925
4638.197436783314,4889.867567643514,-251.67013086020052
4632.7151416351735,4826.516767802215,-193.80162616704183
4633.175371835166,3756.914500215824,876.2608716193417
4627.4392312077025,4882.001200723632,-254.56196951592938
4616.45298713897,4677.433404660501,-60.98041752153131
4614.769382643425,3979.961174755314,634.8082078881112
4622.85817069366,3887.9766703084288,734.8815003852314
3737.6116782035297,4771.838632895381,-1034.2269546918515
3740.888775617064,4835.500021751826,-1094.6112461347625
3735.9806837276956,4556.131975994324,-820.1512922666288
3911.1863866245008,4657.858777590035,-746.6723909655343
3902.9846446170136,4893.3087195964545,-990.3240749794409
3898.3984778075005,4642.184432096929,-743.7859542894289
3898.443113479265,4729.210707663323,-830.767594184058
3916.7430508603056,4706.18897371581,-789.4459228555043
4799.896497645325,4783.98666329675,15.909834348575714
4808.783404233106,3928.8593203864884,879.9240838466176
4791.318358109279,4888.681395159229,-97.36303704995044
4794.001572219474,4640.221539457632,153.78003276184154
4791.910592437435,3923.0667576196493,868.843834817786
4776.2441513555905,4890.779721209485,-114.53556985389423
4783.422935287597,4879.614357083647,-96.19142179604933
4782.666163105459,4777.643337402097,5.022825703362287
4718.992860886369,4827.105901823573,-108.11304093720355
4735.634995492394,4579.688593565423,155.9464019269717
4729.6976420029005,4852.197782330873,-122.50014032797299
4728.882123102675,4659.999048308896,68.88307479377909
4733.96510183541,4578.7622685948845,155.20283324052525
4719.438472057151,4773.5714735607235,-54.133001503572814
4737.552994475096,4095.0519507318204,642.5010437432757
4734.4166991840475,4838.593643852071,-104.17694466802368
4752.437610999684,4771.472269591016,-19.034658591332118
3897.26157314832,4074.460010197664,-177.19843704934374
3880.2918607564657,3838.930997613,41.36086314346585
3905.196847624404,4818.525609648311,-913.3287620239066
3895.899690880459,4820.469928745484,-924.5702378650253
3901.493814578408,4872.533313178795,-971.0394986003867
4775.494491444061,4822.177964460422,-46.68347301636095
4779.567089464533,4539.030383303394,240.53670616113868
4781.4151417882385,4651.068425440165,130.34671634807364
4786.776229039193,4832.76707671403,-45.990847674836914
4793.73980533672,4663.3846438120645,130.35516152465516
4787.765718248433,4852.653523638328,-64.88780538989522
4782.660375307098,3976.500138631402,806.1602366756956
4774.04886505567,4897.1348909555745,-123.0860258999046
4799.778608645284,4767.920835668924,31.85777297636014
4813.646285762055,3935.7165547458476,877.9297310162078
4822.943902378366,3971.8109650152105,851.1329373631556
4806.849221456422,3996.991574837198,809.8576466192239
4812.902879897532,4078.7063554216493,734.196524475883
4807.6096717311875,4795.362468107071,12.247203624116082
4810.65703891,4344.447873298508,466.2091656114917
4802.929073454961,4698.8180453020295,104.1110281529318
3971.3873667765556,4847.228016062648,-875.8406492860922
4805.343853892009,4747.088341070255,58.255512821753655
4824.083517426815,4773.735187556586,50.348329870228554
4797.097859672273,3948.8103725473297,848.2874871249437
4799.2709563409135,4818.2499746716985,-18.97901833078504
4809.098249551606,4877.998598986589,-68.90034943498267
4810.711479194385,4885.562417950516,-74.85093875613074
4819.752140157887,4787.511474676963,32.24066548092378
4813.522019546497,4644.5972004587375,168.92481908775972
4786.809066036098,4782.096270033068,4.712796003029325
4789.097175336289,3934.502738467876,854.5944368684131
4779.968818905235,4574.5508816929305,205.41793721230442
4782.84875904621,3927.09110056862,855.7576584775902
4796.25517010641,4788.251910689138,8.003259417272602
4783.782921682258,4829.477514106153,-45.69459242389439
4804.3741913871545,4849.617160628917,-45.242969241762694
4789.9525796515945,4793.899170619185,-3.946590967590055
3899.0282681394006,3968.016647904691,-68.98837976529057
3911.7540846088164,4705.094953485673,-793.3408688768563
3892.4398897443048,4822.6742291106975,-930.2343393663928
3906.3582197467817,4905.898626716018,-999.5404069692363
3890.4270667829032,3982.4262047783154,-91.99913799541218
3741.625028345617,4782.961701074902,-1041.3366727292846
3732.144802866459,3997.1361639024794,-264.9913610360204
4516.598537025811,4646.461532447303,-129.8629954214921
4521.0417521004065,4649.486246640891,-128.4444945404848
4524.1129035906,3903.158033938879,620.9548696517209
4522.969180333737,4798.4701541958075,-275.50097386207017
4528.874623257281,4699.453565488057,-170.5789422307762
4517.4241648788775,4848.971289597947,-331.54712471906987
4529.102566433757,4836.043902144462,-306.94133571070506
4874.850760157554,4828.77453574604,46.07622441151398
4855.221941277783,4768.626999493655,86.59494178412842
4873.307371492788,3988.208330633427,885.0990408593607
4427.696555157076,4878.084477093807,-450.3879219367318
4424.268156697662,4548.804629788316,-124.536473090654
4426.442916818361,4814.1936061671495,-387.7506893487889
4422.97666185986,4635.689502129816,-212.71284026995636
4874.093216889252,4857.41560329257,16.677613596682022
4861.529517798725,4553.550514158136,307.9790036405884
4875.831759274351,4774.862704301993,100.9690549723573
4869.175332459389,3765.0733508910635,1104.1019815683258
3915.819885633581,4866.11300113461,-950.2931155010292
3908.804181148849,4850.232645320859,-941.4284641720101
3905.1764597634897,3900.105330535015,5.071129228474547
3898.365000489414,3786.8639444801347,111.50105600927918
4687.423201385352,4866.678899780399,-179.25569839504715
4691.974568346089,4870.909416745491,-178.93484839940265
4680.743657005916,4649.558889509939,31.184767495977212
4677.155155061057,4830.35301191463,-153.19785685357328
4705.198314673705,4674.556969061746,30.641345611958968
4673.599186775614,4639.784941591021,33.81424518459244
4694.092734747343,4815.5051063358,-121.41237158845706
4822.3568162648,4824.602417813165,-2.2456015483649026
4820.095519996039,4696.977860583147,123.11765941289195
4505.709666939454,4816.773504808905,-311.06383786945116
4490.436757444029,4811.297485279018,-320.8607278349882
4523.317311225982,4845.109090163179,-321.7917789371968
4514.940346197829,4859.455892413594,-344.5155462157645
4509.136620587089,4782.859731371803,-273.72311078471375
4814.866158726017,4670.561568779663,144.3045899463541
4840.759732139019,4865.658912410155,-24.899180271135265
4831.560798926692,4793.399303125886,38.161495800805824
4417.09688417042,4860.533503740471,-443.43661957005133
3739.4992093007304,4808.866506289041,-1069.367296988311
3744.249084061365,4636.2020829807825,-891.9529989194175
3732.2211619794907,4539.44650669085,-807.225344711359
4632.153092167349,4875.072715800298,-242.91962363294897
4621.439170709361,4787.114964568095,-165.67579385873432
4632.299823887345,4884.640372436595,-252.34054854924943
4612.141175488096,4839.253764418944,-227.11258893084778
4646.487218949959,3982.7983376507464,663.6888812992129
4632.485649155777,4737.059369030379,-104.57371987460192
4612.835020106257,4843.521406473384,-230.68638636712694
4637.762376065418,4635.821823037544,1.9405530278736478
4880.265576416955,4701.031009498542,179.2345669184133
4640.7672053231745,4839.227926465473,-198.4607211422981
4656.797040216288,4792.781041839146,-135.98400162285816
4667.315067948563,3939.173759968217,728.1413079803465
4642.991644031965,4841.89740546834,-198.90576143637554
4670.715140493232,4810.206778492771,-139.4916379995393
4648.795308311104,4738.337640113696,-89.54233180259143
4655.9452389436965,4698.099490028178,-42.154251084481075
4868.511063867231,4804.362329601118,64.14873426611302
4665.913154962124,4887.234254093208,-221.32109913108343
4668.844144750389,4917.660888000539,-248.81674325014956
4653.805971147642,4692.498465617287,-38.69249446964568
4633.718580956641,3954.5414152524854,679.1771657041554
4639.331411719645,4840.297031898233,-200.96562017858832
4642.154885041903,4686.987232426557,-44.832347384653986
4651.059551804558,4778.691111936918,-127.63156013235948
4854.638690319584,4885.377425381279,-30.73873506169457
4639.989644634815,4769.869368586069,-129.87972395125416
4639.015132755592,4785.79117387605,-146.7760411204581
4634.895999539833,3922.379112800867,712.5168867389657
4634.7625692894635,4779.967010026163,-145.20444073669933
4648.115169900729,4667.507451523418,-19.392281622689552
4633.467522835318,4780.141613996762,-146.67409116144427
4615.153708933534,4662.183223975236,-47.029515041701416
4631.216912400637,4550.974356397094,80.24255600354263
3745.9252990199957,4012.699880926768,-266.77458190677226
3756.845504252092,4566.767823695468,-809.9223194433762
3736.945447835919,4622.340858645199,-885.3954108092798
3896.966022848053,4627.528160196615,-730.5621373485624
3906.5099361592074,4912.8626804587275,-1006.35274429952
3903.392140392145,4543.456804294524,-640.0646639023789
3907.131129086457,3997.0282783213966,-89.89714923493966
3906.3721028159366,4652.448601372506,-746.0764985565697
4791.9462214245805,3909.930854921223,882.0153665033577
4791.318358109279,4348.556110213451,442.7622478958283
4799.273069448348,3930.7524551832503,868.5206142650977
4803.764403203216,4892.783594057913,-89.01919085469763
4791.363342869055,4694.433351496954,96.92999137210063
4796.820741340489,4840.999630639295,-44.1788892988061
4800.3703253975,4881.022912918474,-80.65258752097361
4792.874961079357,4859.692657430007,-66.8176963506503
4716.4455210093265,3905.008396860699,811.4371241486274
4720.831185915318,4824.9492240170775,-104.11803810175934
4725.695819244391,4703.613744147991,22.08207509639942
4720.9167456772775,3926.1261368416504,794.7906088356272
4715.668258935828,4771.554305257938,-55.886046322109905
4720.977227501411,4770.851380631893,-49.87415313048223
4727.3555156613465,4743.398837886465,-16.043322225118573
4716.466962734638,4830.224787635439,-113.75782490080019
4734.732454968541,4540.162172284087,194.57028268445356
3902.8569775585033,3925.977668831173,-23.120691272669774
3915.1701763341607,4812.111015626284,-896.9408392921232
3900.543142101074,4441.54037330354,-540.9972312024661
3895.480644611268,4638.929107004943,-743.4484623936751
3899.952076933632,4528.597710715805,-628.6456337821733
4775.879475131734,3919.3565677566057,856.5229073751279
4769.298814337492,4690.693564762763,78.60524957472899
4789.697412390765,4810.720821171225,-21.02340878046016
4791.2453249607415,4534.117776035349,257.12754892539215
4799.852493398897,4814.144802049841,-14.292308650943596
4777.416305117146,4647.923184799342,129.4931203178039
4793.7331515778915,4893.450467811001,-99.71731623310916
4787.9963727628365,4855.154931949131,-67.15855918629495
4805.161586390719,4844.651703676575,-39.490117285856286
4804.158410557201,4685.6159799736115,118.54243058358952
4797.45353661919,4836.224589807338,-38.77105318814756
4825.564452915492,4898.8460015093915,-73.28154859389906
4818.078011615207,4714.006895618284,104.07111599692325
4819.02967804802,4889.925842600233,-70.89616455221312
4823.207132053453,4554.431000624449,268.77613142900464
4824.10958286891,4863.789328003459,-39.679745134548284
3944.9316017993688,4887.799613816428,-942.8680120170593
4816.000672443191,4085.8633902867728,730.1372821564187
4805.392855008222,4786.2774038208445,19.115451187377403
4825.489614743356,4718.57617737637,106.91343736698582
4808.84038214812,4884.26492186447,-75.42453971635041
4808.161779594417,3756.980931400543,1051.1808481938738
4811.170164030456,4903.140342509641,-91.97017847918505
4807.376738306911,4846.603926257103,-39.227187950192274
4815.453771604876,4856.431795680064,-40.97802407518793
4782.179026335521,3761.4953908847233,1020.6836354507973
4775.179582064545,4869.533631464604,-94.35404940005901
4773.430641516732,4795.040204271042,-21.60956275430999
4785.7226128759485,4754.240521377294,31.48209149865488
4785.37403396824,4839.028079065308,-53.654045097067865
4787.792101747826,4834.135305145885,-46.343203398058904
4770.948522542514,3952.0380682460573,818.9104542964569
4793.550317096019,3997.895588536575,795.6547285594443
3905.2150334438497,3903.546894092954,1.6681393508956717
3904.037977624678,4851.626643477909,-947.5886658532309
3917.781478961367,3973.6537411161607,-55.87226215479359
3893.8363298102195,4688.01738571769,-794.1810559074702
3902.1561711447166,3919.2309323880345,-17.07476124331788
3744.4907024746585,4692.676964898492,-948.1862624238333
3752.6145267303823,4661.582886475501,-908.968359745119
4511.034224243336,4738.386824570551,-227.35260032721453
4511.73373805668,4837.3027264314605,-325.56898837478093
4535.119793134501,4839.0953116823,-303.97551854779886
4507.293616288038,4811.44918473923,-304.15556845119227
4536.79912980901,4360.319507947262,176.47962186174846
4513.723989324404,4680.089007129019,-166.36501780461458
4512.140476716907,4793.604690737884,-281.4642140209771
4852.63378127402,4545.4825629726565,307.15121830136377
4864.910073283807,3928.9600373002254,935.9500359835815
4868.939825500284,4881.123599069475,-12.183773569190635
4429.716345758024,4655.425642353246,-225.70929659522244
4426.345648181269,3967.6074582927076,458.73818988856146
4410.459755271008,4793.322126011007,-382.86237073999837
4424.242288236801,3989.66748514953,434.574803087271
4855.283666689852,4666.795195731926,188.48847095792644
4855.488996703129,4631.9368570949055,223.55213960822311
4853.315100268605,3983.3157018550896,869.9993984135158
4847.737644521341,4889.424473108005,-41.68682858666398
3914.9608587062107,4821.465430792193,-906.5045720859821
3905.6910398267637,4879.16385055049,-973.4728107237261
3910.3349479118065,4765.321526060979,-854.9865781491721
3899.0137572579065,4829.488428593374,-930.4746713354675
4691.422426001883,4746.261275252993,-54.83884925111033
4694.174855376432,4749.980146223786,-55.80529084735372
4692.8894505691605,4866.126041414382,-173.23659084522114
4681.255187598519,3926.031825173435,755.2233624250839
4681.939214444878,4873.289626299436,-191.35041185455793
4682.872104821585,4801.360958676793,-118.48885385520862
4690.747610204717,4655.108369013995,35.639241190721805
4809.191634025738,4848.578924355698,-39.387290329960706
4826.8220670939745,4655.323682849246,171.4983842447282
4500.906316218064,4856.24278941622,-355.33647319815645
4501.499818446374,4702.258966519504,-200.75914807312984
4508.558325229127,4746.629656239908,-238.07133101078125
4509.960155695251,4784.611807068992,-274.6516513737406
4491.231930394455,4565.463394871363,-74.2314644769076
4834.010477016184,4849.222127854376,-15.211650838191417
4829.1504181190085,3965.789069882498,863.3613482365104
4836.295094642341,4788.828613879043,47.46648076329802
4392.484303576938,4771.287056906325,-378.8027533293871
3739.4992093007304,4688.193302072566,-948.694092771836
3738.6964499556516,4082.7665592803746,-344.07010932472303
3745.482709209368,4693.597550865912,-948.1148416565443
4625.382301858078,4683.389189120038,-58.0068872619604
4625.988778130561,4773.141513386511,-147.15273525595057
4643.268191557437,4096.115534252467,547.1526573049696
4628.2391509886465,3955.3490697801635,672.890081208483
4635.654858586062,4868.361478147599,-232.70661956153708
4628.605396465055,4690.913237665095,-62.30784120004046
4627.784233536895,4825.5841612110335,-197.79992767413842
4627.934919473335,4698.30675694964,-70.37183747630479
4857.058722810223,4841.464323705797,15.594399104425975
4656.239732567432,4784.44179809093,-128.20206552349828
4650.732710288871,3920.156164790999,730.5765454978723
4642.341768980776,4690.284859777556,-47.94309079678078
4644.783131344446,4462.4603039183585,182.32282742608731
4657.744964880273,4863.534535303416,-205.78957042314323
4648.834685358012,3969.098863391153,679.7358219668595
4658.244874791129,4805.793769388106,-147.54889459697642
4880.915652702376,4718.249010709779,162.66664199259685
4632.316405910255,3977.856068350657,654.4603375595975
4652.90727387843,3768.0395266488295,884.8677472296004
4632.106537351359,3889.419395929825,742.6871414215343
4660.071695520049,4858.130237028847,-198.05854150879804
4654.506785643224,4906.358279698314,-251.85149405508946
4655.071364413474,4907.325460247129,-252.2540958336549
4634.694469358419,4760.646783389122,-125.95231403070284
4852.68591140049,3899.229489552426,953.4564218480641
4637.887373909529,3937.674423811698,700.2129500978308
4637.8480201844295,3932.8962552893026,704.9517648951269
4633.013033089951,4741.979224158095,-108.96619106814433
4627.963193550549,4551.281150277743,76.68204327280546
4624.214825354596,4645.522595769284,-21.307770414688093
4634.674239828021,4784.571614823138,-149.89737499511648
4628.058783793638,4650.02365979916,-21.964876005521546
4638.251228559618,4854.723560530214,-216.47233197059631
3737.6623426494966,4770.613342782424,-1032.9510001329277
3730.6815450589816,4664.099301643054,-933.4177565840723
3745.699786856378,4659.396452745544,-913.6966658891656
3883.5399985240197,4832.537107749473,-948.9971092254532
3904.080245797262,3982.3512290912086,-78.27098329394676
3920.2548279278926,3897.425259223813,22.82956870407952
3900.4238088550887,3907.53202179743,-7.108212942341197
3906.9978737148103,4760.877361775756,-853.8794880609457
4787.793176727476,4842.53151249705,-54.738335769574405
4794.001572219474,4851.303196230811,-57.30162401133748
4803.764403203216,3922.9644647106697,880.7999384925461
4798.024891002021,4868.240884338967,-70.21599333694576
4786.467751499702,4861.616823865513,-75.14907236581075
4785.647533914025,4532.703129181821,252.94440473220402
4798.222510037392,4548.950014385561,249.27249565183047
4773.552383104085,4807.754302996915,-34.20191989283012
4735.632474931271,3785.586575640321,950.0458992909498
4731.707160786662,4686.076670061899,45.63049072476315
4726.340613006202,4702.062614843317,24.277998162885524
4722.1865066417,4539.242429378795,182.944077262905
4736.612399666684,4810.057399778257,-73.44500011157288
4723.064636973354,4700.940700281403,22.123936691950803
4716.68935571641,4822.24330337412,-105.55394765770961
4713.465118219551,4839.6047546175505,-126.13963639799931
4739.28443299124,4557.050749465065,182.2336835261749
3907.393248982055,4905.701104889744,-998.3078559076889
3899.0977603353253,3921.480892733302,-22.383132397976624
3915.0322136447717,4715.557508566228,-800.525294921456
3893.632710287546,4765.835970494043,-872.2032602064969
3901.2351898749353,4803.443316334356,-902.2081264594203
4774.529867384545,4815.336002695136,-40.806135310591344
4773.699989536495,4770.200963658241,3.4990258782545425
4782.14792074241,3982.112387718119,800.035533024291
4786.123527357768,4558.054226517118,228.0693008406497
4778.519300973504,4843.558634170965,-65.03933319746102
4792.576106436616,4824.621775286124,-32.04566884950782
4778.556480354155,4784.199362198915,-5.642881844760268
4797.705104416566,4667.87057319369,129.83453122287665
4793.838135230848,4637.784155128377,156.05398010247063
4809.1389603523485,4691.95375205127,117.18520830107809
4802.344854552989,4851.904021389542,-49.55916683655323
4819.943169128925,4836.549352602905,-16.60618347398031
4809.365712200261,4469.076465790461,340.2892464098004
4808.17986574517,4332.996203431188,475.1836623139816
4795.36405189937,4845.26233821339,-49.89828631401997
4815.282389997218,4808.103074587252,7.179315409965966
3953.859099797011,4689.10221745337,-735.2431176563591
4823.8910400607865,4792.085724042017,31.80531601876919
4804.5772845790625,3804.614728045608,999.9625565334545
4819.649796536429,4839.890374409499,-20.240577873069924
4799.720710889099,4860.079176387213,-60.35846549811413
4819.839445093725,4749.940309526857,69.8991355668677
4796.916667502607,4889.208697756645,-92.29203025403785
4804.45300500939,4700.830568260792,103.62243674859837
4809.205355314798,4814.707734727554,-5.502379412756454
4786.615357776694,4706.374618143035,80.24073963365845
4785.7226128759485,4536.277250019379,249.44536285656977
4777.519712011846,4549.643804433542,227.87590757830458
4784.256594412146,4845.881497820453,-61.624903408306636
4783.846514412411,3765.6256324043075,1018.2208820081037
4772.804613000719,4870.84605833706,-98.04144533634098
4776.977903432577,4544.291525912586,232.68637751999086
4793.228718749585,3964.9012517147803,828.3274670348046
3903.6336938394093,4843.400307328544,-939.7666134891347
3925.1271950484133,4672.482987289898,-747.3557922414848
3908.5765441050567,4864.13131243602,-955.5547683309637
3909.5970516368957,4856.198749612468,-946.6016979755727
3914.012009026998,4873.088596085713,-959.0765870587152
3730.946458086232,4831.7469455988385,-1100.8004875126067
3752.875150708476,4868.426569141031,-1115.5514184325548
4519.519898732323,4689.775975635647,-170.25607690332436
4509.837972412323,4629.060793041435,-119.222820629112
4522.419596602944,4817.53344218349,-295.1138455805458
4523.523508116386,4679.912746022699,-156.3892379063127
4514.811839221036,4647.153107326208,-132.34126810517137
4526.995470165117,4889.88519671215,-362.8897265470332
4519.2383334798105,4674.174706901587,-154.9363734217768
4864.933694991322,4841.273252448595,23.66044254272765
4868.374546590751,4782.592278799205,85.78226779154647
4860.113837330266,4827.538769135913,32.57506819435275
4417.405980463127,4616.146569596891,-198.74058913376393
4420.1824543717585,4861.334501688582,-441.1520473168239
4425.76092550761,4844.7648131962105,-419.0038876886001
4429.089658505992,4706.890210994321,-277.80055248832923
4865.788846964063,4691.484994411053,174.30385255301007
4860.707199106136,4845.58561581647,15.121583289665978
4877.080126809597,4913.60150230881,-36.52137549921372
4878.1717888553585,4871.72330459958,6.448484255778567
3912.0439956138935,4851.217471476483,-939.1734758625898
3903.8879338218967,4856.87698002605,-952.989046204153
3894.1161698154137,4779.843839180523,-885.7276693651093
3908.962512376472,3998.3090700224784,-89.3465576460062
4690.907654533738,4794.976879208525,-104.06922467478671
4671.547811703067,3951.2142098184295,720.3336018846376
4685.892301633583,4853.541786039322,-167.6494844057388
4672.204614796215,4884.197662583253,-211.99304778703845
4688.6487021088915,4634.248619178244,54.40008293064784
4674.1019461938595,4837.332738832058,-163.23079263819818
4671.859566524002,4531.590343882112,140.26922264188943
4824.211457227851,3930.098149087354,894.1133081404964
4818.5596424195455,4077.1555343301766,741.404108089369
4500.0494991752,4822.054212706928,-322.00471353172816
4491.231930394455,4777.143239281174,-285.91130888671887
4509.149593935768,4837.229132811668,-328.07953887589974
4507.581232696159,4655.9861079214015,-148.4048752252429
4507.846842684807,4886.601949221346,-378.75510653653964
4834.036081385547,3952.9359543959067,881.1001269896401
4835.583384242602,4347.751861948391,487.831522294211
4844.414101311464,4859.464510089735,-15.050408778271049
4415.233903496745,4090.092639277437,325.1412642193086
3739.4992093007304,4461.976235809183,-722.4770265084526
3745.931903281657,4783.736119832326,-1037.804216550669
3748.235229334418,4657.400921504727,-909.1656921703093
4641.369888091205,4832.741026179211,-191.37113808800586
4611.188528912725,4841.381993575506,-230.19346466278148
4625.652867314973,4077.067848528007,548.5850187869664
4626.5113428051545,4645.67610669778,-19.16476389262516
4630.529636441106,4861.264968745131,-230.73533230402518
4625.490285534001,4775.393808293453,-149.90352275945224
4633.907208406779,4790.912480433011,-157.00527202623198
4631.0783864382065,4758.695770330337,-127.61738389213042
4852.31278146337,3950.1636396154245,902.1491418479454
4654.443144060867,3978.2000945993354,676.2430494615314
4641.775711044417,4838.892463333679,-197.11675228926197
4654.421753886291,4808.295605945364,-153.8738520590723
4646.134268028941,3901.0544480666154,745.0798199623255
4664.202607587698,4864.810233664166,-200.60762607646757
4640.772673296438,4766.69164520215,-125.91897190571126
4647.161275475394,3916.2009739882374,730.9603014871568
4874.030926730766,4647.807658539723,226.22326819104273
4653.76136903501,3763.0131381334727,890.7482309015372
4658.024629400993,3918.1383853199013,739.8862440810917
4648.541739195658,4694.126810850955,-45.585071655296815
4639.331411719645,4869.684156017073,-230.35274429742822
4666.6348689763745,4921.540114794625,-254.90524581825048
4638.513027993366,4838.970093693159,-200.4570656997921
4650.155842324352,4541.1111699386765,109.04467238567577
4862.891693085874,4750.4382981078825,112.4533949779916
4637.030465101485,4450.864863809822,186.16560129166282
4631.8059714784795,4847.195610845011,-215.3896393665318
4627.4392312077025,4847.342761450372,-219.90353024266915
4630.901087623955,4818.750244386755,-187.8491567627998
4638.513717456911,4856.731156670426,-218.2174392135148
4648.663254213842,4097.52421740371,551.139036810132
4627.587822379376,4871.724259423888,-244.1364370445117
4631.449013545137,4557.275088559102,74.17392498603476
3757.024072311602,4017.697244576369,-260.6731722647669
3744.5932573275654,3913.4723091911924,-168.87905186362696
3746.668350461618,4750.821166969298,-1004.1528165076802
3911.550707263186,4853.458046642285,-941.9073393790991
3905.39088354678,4825.862184992587,-920.4713014458066
3911.7865665184763,4662.2652770282975,-750.4787105098212
3887.349491414964,3748.726103668595,138.6233877463692
3900.7603872742125,4848.6573235774595,-947.896936303247
4816.017993333887,4904.913496515349,-88.89550318146212
4791.910592437435,4651.898316620185,140.01227581725016
4791.363342869055,4647.527552998359,143.8357898706954
4786.467751499702,4621.124172093624,165.34357940607788
4788.0652463851175,4797.660198355875,-9.594951970757393
4794.742981746175,3763.196518671977,1031.546463074198
4792.733497064613,4779.4507145476555,13.282782516957923
4776.996497045474,4821.410837304876,-44.4143402594018
4721.508051667696,4827.623213289798,-106.11516162210137
4720.94103519251,4823.66384191769,-102.72280672517991
4725.645476364035,4901.991985504141,-176.3465091401058
4729.169258414962,4835.741524964178,-106.57226654921578
4727.956179884654,4683.854206449029,44.10197343562504
4718.408047437632,4750.036326918964,-31.628279481331447
4717.087425813821,4534.974697833701,182.11272798012033
4727.432827877333,4783.605026526748,-56.172198649414895
4730.6136133979335,4688.804843173407,41.8087702245266
3898.773781555354,3757.781377211372,140.99240434398234
3916.825219114069,4093.1623831814914,-176.33716406742224
3905.1582461330718,4895.820884571562,-990.6626384384899
3916.8415165990386,4771.755552147242,-854.9140355482036
3904.026448830029,4781.277609724861,-877.2511608948316
4786.401585571772,3927.5841283797045,858.8174571920672
4778.529580410165,4550.6617109792305,227.86786943093466
4772.183890353508,4794.762729860763,-22.578839507254997
4793.7331515778915,4814.7933861645115,-21.060234586620027
4779.1610469064035,4892.051493479925,-112.89044657352133
4768.023135020003,4876.892087695442,-108.86895267543878
4762.683646539102,4754.8663189363215,7.817327602780097
4770.682631719855,4758.852342141552,11.830289578302654
4795.721843337806,4847.480869204518,-51.75902586671236
4810.65703891,4797.8621146007845,12.794924309215276
4819.036992612553,4541.267037028129,277.76995558442377
4813.03148894882,4832.013207178294,-18.9817182294737
4800.485603804413,4881.975622106888,-81.49001830247562
4792.225198927823,4687.695859531651,104.52933939617196
4801.227918155757,3924.339660946502,876.8882572092548
4822.896399724563,4893.8891250413635,-70.99272531680072
3960.8599908937354,3906.4760856429566,54.38390525077875
4806.851733866981,4847.138631433794,-40.28689756681342
4817.082631911853,3866.52787953017,950.5547523816831
4813.304076503815,4802.50812716422,10.7959493395947
4807.449813553206,4071.8891547225658,735.56065883064
4804.209560071469,4550.229203363519,253.9803567079498
4808.465238768226,4882.655186423627,-74.18994765540083
4805.605580557893,4760.626684921181,44.97889563671197
4810.139517950846,4706.602934868115,103.53658308273134
4780.161570451976,4446.563874237454,333.59769621452233
4787.792101747826,4803.989281149793,-16.197179401967333
4775.601425703303,4458.709929583458,316.8914961198452
4772.804613000719,3919.7275777482027,853.077035252516
4773.804688040285,4458.639417394013,315.1652706462719
4780.665747915649,4747.72778184466,32.937966070989205
4780.468546710353,4846.274148738362,-65.80560202800916
4778.845714989831,4792.949780431921,-14.10406544208945
3891.3676027464744,4834.695030097867,-943.3274273513925
3894.4680960664086,4325.855943482627,-431.38784741621794
3892.3434481755894,3896.639547918024,-4.2960997424347624
3896.1209018586574,4856.366721302013,-960.2458194433552
3903.005986798187,3960.2320192636416,-57.22603246545441
3742.6987351381117,4691.143538731739,-948.4448035936271
3743.8144708474792,4657.849572144827,-914.0351012973479
4525.340010118492,4766.663473194514,-241.32346307602256
4507.789561686479,4638.573828466392,-130.7842667799132
4518.880089102037,4776.959074977047,-258.0789858750095
4521.140978463961,4333.553418681582,187.58755978237878
4525.819227950604,3767.8303265776167,757.9889013729871
4509.678079317691,4768.947716896214,-259.26963757852263
4528.649065071226,4823.103866434605,-294.4548013633794
4872.646310889351,4916.895919210698,-44.249608321346386
4852.4894355343395,4839.310860237401,13.178575296938106
4852.4120855683295,3977.7026675572843,874.7094180110453
4425.806092612116,4841.971233417844,-416.1651408057278
4426.201395804703,3957.6606036161693,468.5407921885335
4429.1312480461,4887.682679737848,-458.5514316917479
4425.4955600403955,3917.6616339927537,507.83392604764185
4870.409548697469,4854.275795654005,16.133753043463912
4875.179548102796,4550.570262536252,324.6092855665438
4850.9342948276435,4724.836473083131,126.09782174451266
4877.909676980222,4719.268868913382,158.64080806683978
3900.5555818710786,4821.484857292898,-920.929275421819
3909.374705711933,4840.491669501083,-931.1169637891503
3901.712729293696,4001.168924717077,-99.4561954233809
3915.2284676552613,4877.158069176855,-961.9296015215937
4682.820050460133,4777.154372287059,-94.3343218269265
4679.509764721582,4842.624035163769,-163.11427044218726
4678.7281625099195,4823.109115853995,-144.38095334407535
4689.594876860776,3989.918648319153,699.676228541623
4682.415798821169,4539.337048306181,143.07875051498831
4670.8842266788115,3952.0889264927955,718.795300186016
4691.130357512908,4835.468382904262,-144.33802539135468
4817.364652712741,4855.5376196963725,-38.17296698363134
4830.969380625645,3967.9100565977,863.0593240279445
4521.70749501167,4670.654485271499,-148.94699025982845
4503.879664905086,4798.5610398364615,-294.6813749313751
4504.984468225597,4449.772682046986,55.211786178610964
4501.73428457896,4859.9439749379035,-358.2096903589436
4512.0429905679875,4715.189439859544,-203.14644929155656
4834.225161554968,4795.610323319507,38.61483823546041
4835.401427291599,4838.624394326932,-3.2229670353326583
4842.790402787191,4561.982749631538,280.8076531556526
4402.709493115021,4835.616559741829,-432.90706662680805
3739.4992093007304,4843.3789034523725,-1103.879694151642
3736.0335585148487,4827.434513704704,-1091.4009551898553
3746.1020610223436,4795.123717330436,-1049.0216563080926
4626.168233623412,3921.6957941406963,704.4724394827153
4642.3453614623795,4897.568369437454,-255.22300797507432
4631.042050074489,4884.998156655793,-253.95610658130317
4627.343148291223,4647.163867949324,-19.820719658101552
4622.748179163173,3893.9010162230798,728.8471629400929
4627.976090091253,4890.596586482036,-262.62049639078305
4637.158542479308,4909.80926653149,-272.65072405218143
4649.511007224662,4758.673285782663,-109.16227855800116
4866.941866220265,4694.179060816317,172.76280540394782
4648.362557618428,4861.089288301181,-212.72673068275344
4654.595674686555,4864.4207662002655,-209.8250915137105
4657.918361632892,4645.233138757934,12.685222874957617
4651.054920020993,3911.2114394363934,739.8434805846
4647.719089435022,3886.2835305493754,761.435558885647
4655.463961946929,4655.623814296454,-0.15985234952495375
4640.53275313532,4805.812621222723,-165.27986808740297
4862.8335762709075,3982.021556091581,880.8120201793267
4642.035318423954,4540.693628067906,101.34169035604828
4656.717346419361,4656.862627154186,-0.14528073482506443
4645.19523532901,3989.07993444161,656.1153008873998
4648.946178714821,3920.947337733758,727.998840981063
4657.217093471225,4771.577684874162,-114.36059140293673
4649.709874497523,4828.537674752863,-178.82780025533975
4656.1259343493475,4827.03616923814,-170.91023488879273
4840.812736155011,4878.877675017439,-38.06493886242788
4637.4918066841665,4871.904714682314,-234.4129079981476
4651.130117986764,4922.062112103668,-270.9319941169042
4621.29610502637,4762.385773381722,-141.08966835535193
4634.403896936668,4902.039601700866,-267.6357047641977
4630.486693782996,4693.756954193565,-63.27026041056979
4645.490829460875,4800.909811598567,-155.41898213769218
4631.801370566592,3898.1924180805304,733.6089524860613
4628.867386622733,4898.648732155171,-269.78134553243854
3735.4840001334123,4702.567272328057,-967.0832721946445
3750.5557224119852,4833.18716107049,-1082.631438658505
3726.567405878548,4449.802782025162,-723.2353761466138
3903.4306648491925,4837.882304938026,-934.4516400888338
3907.1154792038533,4555.883081833961,-648.7676026301078
3905.250802364156,4821.490745357932,-916.2399429937759
3902.2271131124244,4810.2683627481665,-908.0412496357421
3910.301644666544,4350.980055693448,-440.6784110269041
4789.767379572325,3765.8904303743134,1023.8769491980115
4776.2441513555905,4841.444902836822,-65.20075148123124
4796.820741340489,3905.4468080184834,891.3739333220055
4785.647533914025,4642.102662942368,143.54487097165747
4794.742981746175,4639.282170173715,155.46081157246044
4796.628197297466,4895.582462671247,-98.95426537378171
4802.361746930183,4857.880328682926,-55.51858175274356
4789.515953166528,4743.7452905851505,45.77066258137711
4721.268481812801,3898.678925697772,822.5895561150292
4738.272286779903,4589.598504355578,148.6737824243246
4726.074707206374,4840.2076152431955,-114.13290803682139
4728.550334956365,4077.2936064180503,651.2567285383147
4722.431526767251,3922.697035196443,799.7344915708081
4716.980966743648,4073.9552122557625,643.0257544878859
4716.175029995837,4842.711475975043,-126.53644597920629
4741.264537393991,4806.032591681556,-64.76805428756506
4734.676886588489,4857.709970465853,-123.03308387736433
3908.884340405774,4828.5003516359675,-919.6160112301936
3910.623778786886,4897.300942083515,-986.6771632966293
3906.1163272407284,4760.734247204878,-854.6179199641492
3904.4571302650725,4847.400077541393,-942.9429472763209
3906.667971667497,4836.128000026794,-929.4600283592972
4779.607955477964,4701.088849157476,78.51910632048839
4795.343867858308,4860.7575115966,-65.4136437382922
4796.618871742121,4828.538906727421,-31.920034985299935
4782.970481184527,4804.054079181586,-21.08359799705886
4781.666575590998,4802.814219224653,-21.147643633655207
4780.390694452117,4691.971430812645,88.41926363947186
4788.897784037244,3903.2407754828387,885.6570085544049
4786.913422625032,4852.37053620368,-65.4571135786482
4813.9550753673175,4893.280397638715,-79.32532227139745
4800.980199894057,4791.127835622526,9.85236427153086
4815.37269409294,4767.399423576427,47.97327051651337
4814.906270642172,4793.31383745141,21.592433190761767
4804.457307363079,4834.272593115185,-29.81528575210632
4808.538773537887,4627.952034522984,180.5867390149033
4816.2419192313055,4763.599586264247,52.64233296705879
4797.201933935748,4685.487250728155,111.71468320759232
3954.5817969533045,3911.6655226472353,42.916274306069226
4801.007760586783,4781.124987093401,19.882773493382047
4814.748346098725,3768.928283982196,1045.8200621165292
4794.458473840243,4678.886838740953,115.57163509928978
4802.864125338151,4843.541236935587,-40.677111597436124
4812.654034174238,4781.8851203899385,30.76891378429991
4818.774115625258,4786.066979562214,32.707136063043436
4812.828438449992,4091.289502230979,721.5389362190131
4816.309175920182,4659.500456534884,156.808719385298
4787.08439315229,4864.936524236686,-77.8521310843953
4793.550317096019,4860.0560168975835,-66.50569980156433
4792.907645155341,4475.1657816472525,317.7418635080885
4793.228718749585,4859.59092471241,-66.3622059628251
4796.86208602859,4554.021734335664,242.84035169292565
4778.845714989831,4773.484928517081,5.360786472750078
4776.9695342658215,4459.1109123819415,317.85862188388
4794.5628909715115,4568.295334947109,226.26755602440244
3900.22833132675,4775.494418901267,-875.2660875745169
3915.2392502842126,4886.325554221417,-971.0863039372048
3920.386739025138,4844.410303263313,-924.0235642381749
3922.180200340308,4702.616407018613,-780.4362066783051
3911.8195144022216,4088.4658170013645,-176.64630259914293
3732.994137538363,4842.096524619863,-1109.1023870815002
3750.996420611825,4001.1490244487272,-250.15260383690202
4517.789430589634,3920.392115622361,597.3973149672734
4507.061507838261,4804.111510690254,-297.05000285199367
4526.547919568571,4888.816855286331,-362.26893571775963
4514.691497107251,4649.2206581580895,-134.5291610508384
4520.941719964479,4821.259860322464,-300.3181403579856
4517.156218816567,4693.830089946643,-176.6738711300759
4516.013822312361,4875.62155791564,-359.60773560327834
4857.401247066264,4648.789962346851,208.61128471941265
4870.746723185273,3968.0354773117137,902.7112458735596
4864.22508489694,4865.058325418595,-0.8332405216551706
4430.1550188790825,4860.821049724427,-430.6660308453447
4438.024192047395,4857.209042833127,-419.1848507857312
4435.704168578557,4832.928887221746,-397.2247186431887
4428.6811161508185,4883.635035418548,-454.95391926772936
4866.390969447334,3974.2951840160745,892.0957854312596
4861.595664438901,4785.776730552737,75.8189338861639
4869.807702821179,4865.712787190089,4.094915631089862
4868.8388244044945,4783.392737131978,85.4460872725167
3907.630955297313,4820.807457676191,-913.176502378878
3906.2761093681447,4750.625250806576,-844.3491414384316
3901.658128534981,4847.740693408278,-946.0825648732971
3897.9192434089578,3754.101999754308,143.8172436546497
4704.176832728422,4849.4264080240855,-145.24957529566382
4678.128284368795,4731.848576570721,-53.720292201925986
4677.551561283676,4795.46312416902,-117.91156288534421
4682.650734849627,4872.393358662051,-189.74262381242352
4681.551988273244,4856.61722279596,-175.0652345227154
4688.9747505016285,4656.022999857504,32.95175064412433
4686.371991944381,4307.330285510277,379.0417064341045
4810.821395552023,3891.5542052922556,919.2671902597676
4815.9230257037925,4792.943663589837,22.979362113955176
4508.770942362512,4833.221316611814,-324.4503742493016
4498.174877803303,4843.54598283907,-345.37110503576696
4512.94884348292,4798.739275053216,-285.7904315702963
4491.098902062235,4850.92565247737,-359.8267504151354
4510.834815786173,4783.607753112372,-272.7729373261991
4842.774206449293,4787.237583470299,55.536622978994274
4842.478948207861,3928.1820464444613,914.2969017634
4830.391474777803,4773.342177878878,57.049296898924695
4396.053084089495,4817.577341875443,-421.52425778594807
3739.4992093007304,4442.123029122057,-702.6238198213268
3748.9044355581736,4821.807754089661,-1072.9033185314875
3738.1200219257803,3987.0788695119786,-248.95884758619832
4637.304169684167,4539.514080193279,97.79008949088802
4623.113050513058,3916.6621578089375,706.4508927041202
4615.318991891973,4832.050275323979,-216.7312834320055
4639.554202194871,3894.6138863584424,744.9403158364289
4637.3869489827,4634.756081012462,2.6308679702378868
4628.288883112495,4079.776321104066,548.5125620084286
4639.017347497143,4637.247219992577,1.770127504566517
4634.472247967347,4839.218879223648,-204.74663125630104
4876.332966756169,4635.342160498202,240.99080625796705
4654.072183266074,4739.352540769063,-85.28035750298932
4635.563337003796,4812.117847425877,-176.55451042208097
4633.339951484641,4761.8281134128165,-128.48816192817594
4647.189276960943,4845.7924360997185,-198.60315913877548
4657.9458350444775,4786.401385905808,-128.45555086133027
4635.17852952138,4836.878771656844,-201.70024213546367
4645.02009332513,4809.62587651936,-164.60578319422984
4874.835526623461,3963.880834869218,910.9546917542434
4652.641534457755,4084.564864741824,568.0766697159315
4647.332781761341,4855.6587150367695,-208.32593327542872
4648.9458295314225,4081.718868362097,567.2269611693255
4642.154885041903,4830.9457278902155,-188.79084284831242
4638.513027993366,4681.953434955142,-43.44040696177581
4666.5960890533715,4547.58589578938,119.01019326399182
4639.93512626702,4694.772662367904,-54.83753610088388
4854.985168425665,4830.823401179436,24.16176724622892
4637.487230788675,4559.300898871949,78.18633191672598
4623.134121453518,4817.295956831183,-194.16183537766483
4630.240664508386,4850.553572864537,-220.31290835615164
4641.876692160249,4907.290185213506,-265.4134930532573
4645.68685310389,4863.277025618844,-217.59017251495425
4631.686295650686,4849.86990704648,-218.1836113957943
4626.543064292863,4623.629331005726,2.9137332871368926
4627.369961562632,4702.7251928513315,-75.35523128869954
3740.1642742195722,4899.306613290518,-1159.1423390709456
3735.5568955251388,4850.867552270933,-1115.310656745794
3745.7237377303118,3998.2065962055162,-252.48285847520447
3904.615609094003,4874.573796778051,-969.9581876840475
3896.6442526469814,4763.695554472382,-867.051301825401
3907.7105069417466,4848.335508388584,-940.6250014468369
3908.0914882846423,4704.790350918968,-796.6988626343259
3904.026552664694,3910.564542739586,-6.53799007489215
4794.955226099417,3971.233425295392,823.721800804025
4783.422935287597,3986.460426961416,796.9625083261813
4800.3703253975,4084.9431763447265,715.4271490527735
4798.222510037392,4809.594395063964,-11.371885026572272
4792.733497064613,4827.887957527337,-35.154460462723364
4802.361746930183,4548.036609513894,254.32513741628827
4785.0821734950805,4886.306459357157,-101.22428586207661
4787.815202434707,4297.939715073711,489.875487360996
4738.254853352859,4918.405345619172,-180.15049226631345
4719.291465815275,4554.872883626997,164.41858218827838
4738.84419067549,4755.001814755803,-16.157624080313326
4718.274249053349,4881.570661713547,-163.29641266019826
4738.496068004412,4091.2969694946023,647.19909850981
4732.535221196816,4845.477100769117,-112.94187957230133
4701.5381221454245,4675.09463422924,26.443487916184495
4725.97776362342,4696.003729857421,29.974033765999593
4733.281287626836,4649.038976552735,84.24231107410105
3903.619965354959,4847.4160084895,-943.7960431345414
3899.637917785361,3923.8411260108373,-24.203208225476374
3913.18738322585,4790.625804171056,-877.438420945206
3902.824706884913,4463.694186773977,-560.8694798890638
3914.6043573064935,4836.556847166172,-921.9524898596783
4796.305437552054,4662.538748285452,133.76668926660204
4785.107826332965,4707.0680451355565,78.03978119740805
4787.956764771585,4911.500962850142,-123.5441980785572
4777.801814288615,4784.51314037795,-6.7113260893347615
4794.962072128783,4093.203010579312,701.759061549471
4785.906578163694,4561.932974641202,223.97360352249143
4784.300442641413,4694.387077158602,89.91336548281106
4781.529391398254,4539.721839156909,241.80755224134555
4820.007128719256,4790.986786355335,29.020342363920463
4821.085612647744,4889.160159308391,-68.07454666064677
4803.183150478454,4782.757600370775,20.425550107678646
4815.895781213145,3775.640117279395,1040.25566393375
4822.211688206929,4860.334645894262,-38.12295768733384
4825.830044254035,4555.160524832844,270.66951942119067
4803.83174431887,4684.208820728586,119.62292359028379
4813.522019546497,4793.92075735113,19.60126219536687
3956.766187686917,3963.3527815127627,-6.586593825845739
4811.235446838583,3960.0940984806307,851.1413483579522
4804.442969734056,4791.012695033843,13.430274700212976
4799.980486814195,4766.333065782781,33.647421031413614
4811.702732942595,4850.133027467728,-38.43029452513383
4797.744920799917,3919.45858300171,878.2863377982071
4812.98478243014,4840.949273199892,-27.964490769752047
4811.789799958489,4830.9795820932,-19.189782134711095
4818.989355747605,4807.341534553167,11.64782119443862
4778.08073228246,3926.2097382793154,851.8709940031449
4784.062966147086,4553.437423540041,230.62554260704474
4769.997392663141,3751.4971763095173,1018.5002163536237
4802.320682514262,4798.472047384785,3.8486351294777705
4783.417928443295,4825.008610749654,-41.59068230635876
4772.634037325916,4882.702825262403,-110.06878793648684
4773.4568681153605,4795.50734613195,-22.050478016589295
4795.919256228921,4884.703574277319,-88.78431804839784
3912.600159932796,4004.4844343629684,-91.88427443017235
3904.481764057176,4858.35142953947,-953.8696654822938
3885.704184530917,3748.350632783801,137.35355174711594
3898.0473218582656,4806.822581722866,-908.7752598646002
3902.7971863430766,3881.6803868598186,21.11679948325809
3748.694612772723,4584.713656478436,-836.0190437057131
3740.488437895927,4570.923492162167,-830.4350542662405
4527.741510656356,4851.615864818802,-323.87435416244625
4526.461370110635,4870.5623850579095,-344.10101494727496
4532.220983773874,4853.241680704151,-321.02069693027715
4516.440004104329,4854.648305639164,-338.2083015348353
4543.2911578978255,4574.300120902435,-31.00896300460954
4516.857947758013,4790.991978062026,-274.1340303040124
4519.576920298661,4847.256874191633,-327.67995389297175
4858.819303126511,4893.391571964296,-34.57226883778549
4863.133056727648,4704.387910783311,158.7451459443373
4861.973038978553,3984.4291722725798,877.543866705973
4418.548388396505,4669.105591191801,-250.55720279529578
4430.83490709363,4821.572873686819,-390.7379665931885
4431.33331115355,4081.459068207885,349.8742429456652
4429.569191365703,4651.315260275124,-221.7460689094214
4867.343602309691,4630.52526953953,236.81833277016085
4872.471131247044,3908.0830675088855,964.388063738158
4866.6885799836955,3769.048051148359,1097.6405288353367
4882.431239985598,4648.570938209746,233.86030177585235
3903.6444574527727,4651.468831823895,-747.8243743711223
3894.4623211311464,4801.796301161551,-907.3339800304047
3918.2974375008953,4553.916422695367,-635.6189851944719
3900.0898028291854,4650.28072554003,-750.1909227108449
4686.38459758419,4863.013706134959,-176.62910855076916
4675.163489089951,4787.741889940182,-112.57840085023054
4691.836811210326,4687.58162497916,4.25518623116659
4695.9497089853285,4665.052745783314,30.896963202014376
4685.103047392406,4762.672003694313,-77.56895630190775
4672.575144965789,4694.498593821665,-21.923448855875904
4683.600693671069,4836.705628575069,-153.1049349039995
4809.629959906326,4767.390816354644,42.23914355168199
4823.528794790998,4779.233600572849,44.295194218148936
4507.664568795001,4896.206865192884,-388.54229639788264
4497.715435131535,4820.607239650031,-322.89180451849643
4505.687008027564,3768.2565720171515,737.4304360104124
4516.203631846875,3936.5241296417294,579.679502205146
4490.379801866624,3891.349502758384,599.0302991082399
4835.069009592686,4908.197154763065,-73.12814517037896
4840.849347604857,3963.2367895839957,877.6125580208613
4836.887347007267,4852.425945324363,-15.53859831709633
4398.724569517762,4773.1066757812705,-374.38210626350883
3739.4992093007304,4898.78513931193,-1159.2859300111995
3755.8522666210442,4834.865586353469,-1079.0133197324244
3746.718408132714,4833.88177962818,-1087.163371495466
4645.285087562195,4707.4052144544685,-62.12012689227322
4621.832720684735,4682.555361685431,-60.72264100069606
4639.91855558487,4898.6980180710025,-258.7794624861326
4631.258491034697,4829.903350410654,-198.6448593759569
4635.022867864355,4657.852140289515,-22.829272425159616
4627.23714614871,4784.089998988444,-156.8528528397337
4643.783781214371,4787.5660622861615,-143.78228107179075
4633.0748580981235,4789.25171662614,-156.17685852801606
4867.914912810847,4470.077417362325,397.83749544852253
4645.641253844401,4853.668398869862,-208.02714502546132
4672.842012598435,4809.700713140382,-136.85870054194675
4632.318212200894,4769.016068499635,-136.6978562987415
4657.957994214483,4815.601663298501,-157.64366908401826
4640.772673296438,4876.344821020595,-235.57214772415682
4652.559516127375,4780.771734031973,-128.21221790459822
4644.57072579401,3924.252819935383,720.3179058586275
4867.331201270472,4813.200044458257,54.13115681221461
4662.297660032792,3927.3966318338566,734.9010281989354
4635.908257497445,3751.563263061685,884.3449944357603
4655.298052403268,4827.964759529877,-172.66670712660834
4648.858260085933,4701.648258933762,-52.78999884782934
4649.217238484747,4783.489520594078,-134.27228210933117
4651.837279462062,4628.433921757044,23.403357705017697
4641.834470111799,4837.438803164076,-195.60433305227616
4846.952164304945,3964.2158168029277,882.736347502017
4634.117078254118,4888.003143290393,-253.8860650362758
4635.935699653076,4451.555371726161,184.38032792691502
4614.769382643425,4855.393541422494,-240.62415877906915
4622.125137468061,4840.606332963539,-218.48119549547755
4627.587822379376,4775.298482202725,-147.71065982334858
4635.78491860516,4807.538015461572,-171.7530968564124
4618.9637063335285,4543.894001802597,75.06970453093163
4614.820749929391,3941.8771854461734,672.9435644832179
3739.696882226908,4775.505877224685,-1035.8089949977766
3737.9351019652113,4828.170991739913,-1090.2358897747017
3744.9735632263278,4545.689692500578,-800.7161292742499
3896.911969043212,4843.986281188313,-947.074312145101
3917.4131234948068,3943.1014263296265,-25.68830283481975
3905.0710343987635,4832.177258535663,-927.1062241368995
3908.6676944005603,3768.717777077385,139.9499173231752
3898.299224769734,4621.558477912414,-723.2592531426799
4789.635890058004,4823.127639305125,-33.491749247120424
4782.666163105459,4826.035559415475,-43.36939631001587
4792.874961079357,3982.692840940266,810.1821201390908
4773.552383104085,4757.8629078116355,15.68947529244906
4776.996497045474,3906.609466541554,870.38703050392
4789.515953166528,4331.765041332186,457.7509118343414
4787.815202434707,4550.053957355723,237.76124507898476
4800.416689990103,4902.710286634488,-102.2935966443847
4726.648100254416,4697.909790690341,28.73830956407528
4719.209446039267,4854.792415234686,-135.58296919541863
4728.730924944134,4635.619965601737,93.11095934239711
4725.143455009312,3927.0887856527006,798.0546693566112
4729.34002682109,3772.7792097825,956.5608170385899
4722.988800455764,4691.295008030556,31.693792425207903
4726.910513267579,4654.5577465290735,72.35276673850512
4716.7695891245685,3762.448118774993,954.3214703495755
4734.775569739328,4847.432161171428,-112.65659143209996
3904.8015584576347,4873.409640745369,-968.6080822877343
3890.932045144948,4825.048883598914,-934.1168384539656
3900.985230065001,3968.6868411189607,-67.70161105395982
3894.9852929435006,4668.3134956534295,-773.328202709929
3895.4209565481056,4787.7001431323815,-892.279186584276
4789.127858289266,4683.22370604158,105.9041522476864
4790.247792805041,4785.37782544354,4.86996736150104
4779.6052901792,4688.9003854056955,90.7049047735045
4798.526311244946,4794.168532782572,4.357778462373972
4794.1536350771175,3864.663941580261,929.4896934968565
4783.231712818882,4799.202107363397,-15.97039454451442
4792.7000599483545,4686.5466476882275,106.15341226012697
4774.661903748642,4841.935460495526,-67.27355674688442
4796.34082275855,4845.150282050063,-48.80945929151312
4797.0978596722725,4539.231686250981,257.86617342129193
4819.322601149611,4587.467006730568,231.85559441904297
4814.042806365688,4658.072574875989,155.97023148969947
4815.416676062757,4784.607165880636,30.809510182120903
4800.573741133808,4795.8576059225425,4.716135211265282
4813.304076503815,4863.4171704803875,-50.1130939765726
4808.971111214097,4739.294690739969,69.67642047412755
3944.871550150019,3918.194932214402,26.676617935617287
4788.922444684212,4559.005187681582,229.9172570026294
4825.215987461541,4839.411113433438,-14.195125971897141
4814.74062779864,4833.08694896138,-18.346321162739514
4799.812134712228,4789.708404051893,10.103730660334804
4823.442610417123,3943.933730755863,879.5088796612604
4809.37072115175,4895.919241185542,-86.54852003379165
4821.666005469719,4752.548156366649,69.1178491030696
4822.308502273501,3962.3251000670452,859.983402206456
4783.675094953636,3914.03877679766,869.6363181559764
4779.0852242242345,4792.74521916514,-13.659994940905563
4771.315640606001,4737.7949601646005,33.520680441400145
4788.684057025543,4801.857758564875,-13.173701539332797
4777.398292324923,4632.928721217138,144.46957110778476
4779.485569941156,4646.975774675427,132.50979526572974
4782.504007670127,4813.711747166072,-31.207739495945134
4806.372272700288,4921.766907041368,-115.39463434107984
3904.6848985352,3997.442420907863,-92.75752237266306
3898.0473218582656,4829.2177192274285,-931.1703973691629
3898.3257552311866,4639.465427442846,-741.1396722116592
3906.595329368168,4333.344287547383,-426.7489581792147
3889.447869663847,4628.063931997983,-738.6160623341357
3743.2028897078835,4672.456513424425,-929.2536237165414
3733.7817653107472,4560.6794151056665,-826.8976497949193
4516.106605188271,4814.271932514497,-298.16532732622636
4528.160735884742,4860.619493571022,-332.45875768627957
4522.401880802952,4851.504351967569,-329.1024711646169
4520.938692379967,4831.639661523897,-310.7009691439307
4522.199871567946,3923.9776007081427,598.2222708598028
4509.478441079577,4761.404989277473,-251.9265481978955
4517.238332729583,4460.708485739428,56.52984699015451
4852.286964981608,4768.947061867135,83.3399031144736
4860.065911654127,4557.119833706204,302.9460779479232
4865.864513961278,4634.707511050207,231.15700291107078
4431.172344566811,4827.691281242727,-396.51893667591594
4435.426283555829,4795.694585307977,-360.26830175214764
4407.476768788297,4814.929226082575,-407.45245729427825
4448.061499989035,4645.055903318676,-196.9944033296415
4863.440575238663,4550.949663852553,312.4909113861095
4864.058853144892,4850.583328616369,13.475524528523238
4860.523697845899,4733.235218348348,127.28847949755072
4863.485795266544,4823.079608855345,40.40618641119909
3906.1185595813417,4649.334959193988,-743.216399612646
3910.160762789328,4654.873427523265,-744.7126647339364
3905.6450408957962,4745.460465843715,-839.8154249479185
3906.208040309713,4779.317437206662,-873.1093968969494
4692.336017664579,3914.120927984186,778.2150896803932
4676.8518997698375,3984.4845041048457,692.3673956649918
4686.855572043447,4851.769425169186,-164.91385312573948
4689.0536200379,3932.609374948434,756.4442450894662
4679.363123196224,4846.032434956298,-166.66931176007438
4667.851167001075,4781.114454416895,-113.26328741581983
4697.83273801082,4554.849368745807,142.9833692650136
4821.640421504042,4804.800894297771,16.83952720627076
4820.146472697368,4653.650553527026,166.49591917034195
4521.252815805322,4794.225308323585,-272.9724925182627
4509.9218043605215,4835.825069748183,-325.9032653876611
4501.437443214145,3982.2202475020936,519.2171957120513
4503.8733932012365,3962.4487383191517,541.4246548820847
4495.747999056272,4549.133572454366,-53.385573398093584
4839.869116782953,4832.746225132061,7.122891650891688
4846.453166474588,4848.342899885975,-1.8897334113871693
4838.2047613437335,4864.952700407816,-26.747939064082857
4399.608915802176,4876.386123610905,-476.77720780872914
3739.4992093007304,4670.23983541847,-930.7406261177393
3727.000366138843,4641.361351087785,-914.3609849489417
3749.269520375837,3908.4682727099566,-159.1987523341195
4645.27162659076,4820.668010003509,-175.39638341274895
4621.369567513855,4879.889988368163,-258.5204208543082
4635.439913808534,4683.241040093514,-47.801126284980455
4633.774502287713,4534.8418791494205,98.93262313829291
4623.978515198252,4792.829910190232,-168.85139499197976
4627.434951023856,4673.359139233338,-45.924188209482054
4626.9092023957255,4783.1267973359645,-156.217594940239
4630.676656963455,4871.322283164139,-240.6456262006841
4864.390701169293,4847.87181809792,16.51888307137233
4641.775711044417,4849.516265658585,-207.7405546141681
4644.364894417907,4881.215106806846,-236.85021238893933
4649.558607714434,4638.267522611721,11.291085102713623
4652.571464520893,4896.90235977564,-244.3308952547477
4653.349996264688,4887.694378600368,-234.34438233567926
4647.536687616648,4900.36568187894,-252.82899426229233
4641.017936328247,3922.1405281861826,718.8774081420643
4873.197948928822,4885.899585345346,-12.701636416523797
4641.850353799561,4621.207224773137,20.643129026424504
4644.127209017165,3920.226283490293,723.900925526872
4645.5119080502855,4822.3066551399315,-176.79474708964608
4651.059551804558,3965.000688680317,686.0588631242413
4650.155842324352,4849.893102615874,-199.73726029152203
4639.93512626702,4538.894526516868,101.04059975015207
4649.161609097761,4774.562355818325,-125.4007467205638
4850.659371735159,4630.860937945722,219.79843378943679
4623.184135715432,4729.361000273954,-106.17686455852254
4635.6910166683665,4854.358104621214,-218.6670879528474
4625.65778804969,4842.3136492468075,-216.6558611971177
4629.973050266394,4882.219799497191,-252.24674923079692
4630.182120237412,4559.142091049614,71.04002918779861
4635.650373574242,3974.0741341665607,661.576239407681
4622.545898458204,4787.669403205743,-165.1235047475393
4629.3764243420765,3899.924273544292,729.4521507977843
3748.6830195584885,4911.856440823831,-1163.1734212653423
3755.217664598742,3940.1764099548063,-184.95874535606436
3739.476501874768,4853.249437103185,-1113.7729352284173
3908.2510710388733,4844.106345169801,-935.8552741309277
3889.198375045746,4868.030646003813,-978.8322709580666
3911.3698877173124,4874.277306286977,-962.907418569665
3915.9200664128534,4897.109693890516,-981.1896274776623
3905.395378738477,4568.63309032868,-663.2377115902027
4791.190324009409,4880.206818202989,-89.01649419358
4791.891839586788,4813.224536378878,-21.332696792090246
4785.531121245164,4817.812887130159,-32.281765884994456
4805.995687151311,4861.331782661896,-55.33609551058453
4794.4070303681165,4823.35712613872,-28.950095770603184
4790.8953645671445,4826.106535210184,-35.21117064303962
4808.960943573958,4754.82323357192,54.13771000203724
4796.379965825343,4894.273733929375,-97.89376810403246
4712.9823839872515,3912.379477862523,800.6029061247286
4718.35895031454,4834.298003288675,-115.93905297413494
4733.693080262197,3967.0854240475715,766.6076562146259
4717.859375000536,4897.870637661854,-180.01126266131814
4715.840298125062,4669.826882367054,46.013415758007795
4721.288146478334,4829.105607266829,-107.81746078849483
4711.4659967546895,4870.3202032349045,-158.854206480215
4732.710957337187,4585.478340600037,147.23261673715024
4740.38864617161,4899.626433745919,-159.23778757430864
3919.9770325929708,4836.140473178693,-916.1634405857226
3895.92887428929,4765.024106584762,-869.0952322954722
3910.195690797666,3966.8724507022416,-56.67675990457565
3901.2646621335643,4769.728033082538,-868.4633709489735
3904.2389204177803,4544.6169496127695,-640.3780291949893
4777.67074825925,4636.19049940134,141.48024885790983
4788.603561583736,4546.305872881652,242.2976887020841
4769.978398688671,3912.4057468411133,857.5726518475581
4791.72141534662,4712.364343039826,79.35707230679418
4787.511505263632,4895.923049535956,-108.41154427232414
4776.72735422345,4646.934137279443,129.79321694400642
4774.129007535825,3966.455474844084,807.6735326917405
4781.094945180523,4649.313554649201,131.78139053132145
4809.467545727931,4649.935025049403,159.53252067852827
4822.211688206929,3971.5401461208376,850.671542086091
4797.7029356379935,4680.2863540081025,117.41658162989097
4816.944934590312,4356.735979284435,460.20895530587677
4811.410065231533,3923.4477431464934,887.9623220850394
4797.8362930116145,4811.519112635554,-13.682819623939395
4819.822628201569,3994.3152694053356,825.5073587962338
4808.369399186929,3922.4341644615033,885.9352347254253
3948.203508021324,4773.535199360862,-825.3316913395379
4800.68118665468,4874.44628013379,-73.76509347911087
4806.518166720563,4575.783921225595,230.7342454949685
4808.719752747358,4828.114502330489,-19.39474958313076
4804.564048043386,4643.730929418567,160.83311862481878
4794.983692087547,4787.711351914096,7.272340173451084
4817.8732853210095,4871.219248856852,-53.3459635358422
4816.097952088862,4744.096119869333,72.0018322195292
4816.000769053133,4890.423450379533,-74.42268132640038
4795.534774508616,4692.5087035769375,103.02607093167808
4779.758062495259,4546.715988122448,233.04207437281093
4785.457527754085,4782.268411384691,3.189116369394469
4766.0999654928455,4673.434473287338,92.66549220550769
4797.085970402738,4887.125097801989,-90.0391273992509
4778.721659158412,4647.908579347476,130.81307981093596
4784.475120971876,4749.22877655316,35.246344418716035
4776.6692122671075,4697.977453699661,78.69175856744641
3907.7768978065665,4802.132943708988,-894.3560459024216
3913.093530032979,4864.810038691459,-951.7165086584805
3900.8699243118435,4820.338164288456,-919.4682399766125
3904.141711022064,4873.150437350821,-969.0087263287573
3905.8007931815155,3901.4780656353887,4.322727546126771
3741.1094193119397,4773.451001469397,-1032.3415821574572
3736.2153754485958,4560.1529477343165,-823.9375722857208
4525.397498735294,3934.885228359863,590.512270375431
4522.306666512602,4698.110528054402,-175.80386154179996
4517.054416645562,3968.3809566748005,548.6734599707615
4532.839383283927,3937.1832425141743,595.6561407697532
4514.9334062426105,4077.077751685973,437.85565455663755
4520.458525928099,4775.261029144669,-254.80250321656968
4518.561845056938,4772.90286856906,-254.34102351212186
4857.029042944024,4879.227675990335,-22.198633046311443
4858.438067153378,4834.4958425198265,23.942224633551632
4869.6847769548185,4540.684793067155,328.9999838876638
4421.0660288522795,4298.383104599642,122.68292425263735
4424.711066455447,4784.727643495548,-360.01657704010177
4423.572585253254,4832.626029780408,-409.05344452715417
4427.88410180684,4732.444564496615,-304.5604626897757
4859.319192697811,4682.7012877900615,176.6179049077491
4862.62480432714,4648.730378866902,213.89442546023747
4864.915767794821,4629.51464887223,235.40111892259029
4847.5847465669285,4844.992972585017,2.5917739819115013
3900.28193221048,3895.423681798755,4.858250411725294
3912.611990460889,3772.806504857417,139.80548560347188
3911.2406544545647,4792.439619300003,-881.1989648454382
3908.426012798211,4863.412945050345,-954.986932252134
4693.813080641427,4877.759153547401,-183.94607290597378
4689.772777052573,3890.0411437574944,799.7316332950782
4667.548518917146,3890.1759764442,777.372542472946
4680.103710043156,4802.878562394506,-122.77485235135009
4684.129084954228,4779.064842302209,-94.93575734798105
4673.2659010595535,4738.733968450799,-65.46806739124531
4680.719336163873,3959.2416326256457,721.4777035382272
4805.395730475559,4551.993972053665,253.40175842189365
4830.778007923259,4835.538145740421,-4.760137817162104
4506.738911653547,4663.720115784342,-156.98120413079505
4513.578283130775,4857.137319823173,-343.55903669239797
4517.704483861547,4709.429884994796,-191.72540113324976
4519.7121308802725,4805.698734274696,-285.9866033944236
4494.423810200084,4666.810221962975,-172.38641176289184
4849.598688349105,4829.434131806266,20.16455654283891
4836.658634967891,4695.930857076033,140.72777789185784
4837.799284455407,4830.748807476308,7.050476979099585
4403.35882891327,4859.622387551177,-456.2635586379065
3739.4992093007304,4895.331900766514,-1155.8326914657837
3739.691083086634,4829.655919423215,-1089.964836336581
3748.429807760356,4853.833646924851,-1105.4038391644945
4624.656650466905,4878.098424014181,-253.44177354727526
4649.181912751364,4670.315769211271,-21.133856459907292
4641.657410980114,4857.678811454263,-216.02140047414923
4626.493272912178,4878.586164152638,-252.09289124045972
4630.996896800207,3970.728568341042,660.2683284591649
4629.669577337034,4794.371662319316,-164.70208498228203
4638.148220440072,4854.962766108443,-216.81454566837147
4646.566214671413,4813.3639046052585,-166.7976899338455
4860.569908201829,4843.8863709768275,16.6835372250016
4650.623745060598,4795.75739924493,-145.13365418433204
4658.12001366203,4808.376083154727,-150.25606949269695
4653.175910061223,4869.234738737829,-216.05882867660603
4660.163086370369,4860.1917247802985,-200.02863840992995
4649.225612868929,4649.33485730649,-0.10924443756175606
4651.817501306763,4077.5907090044457,574.2267923023173
4650.256691152779,4813.780329233798,-163.52363808101836
4870.986432520542,4851.9088191956425,19.077613324899175
4655.442681948673,4875.175990703006,-219.73330875433294
4640.639298450135,4766.949116705938,-126.30981825580238
4641.320497604451,4839.017419510524,-197.69692190607293
4650.347240797581,4554.940361201679,95.40687959590286
4659.871464464284,4584.3913212622265,75.48014320205766
4635.087747455327,4724.928259578805,-89.84051212347822
4644.907569559341,4672.264607472492,-27.357037913150634
4848.293367128798,4794.0198835159335,54.273483612864766
4623.67496312566,4863.127687499874,-239.45272437421409
4631.00672457165,4845.376771555522,-214.37004698387227
4629.0556006286115,3928.4402068941017,700.6153937345098
4634.312461270742,4806.359863425934,-172.04740215519269
4642.206801893562,4567.591815626963,74.61498626659977
4635.572360269885,4831.358069959981,-195.78570969009525
4637.828877977133,3764.440935172347,873.3879428047858
4633.035860992456,3771.373339327821,861.6625216646348
3734.330862473053,4325.503232398718,-591.172369925665
3728.3829889550025,4637.274541368731,-908.8915524137283
3737.9360100361073,3980.615020623811,-242.6790105877035
3901.237643154231,4076.8633781810536,-175.62573502682244
3906.8942260793565,4838.800907425975,-931.9066813466188
3905.503983346468,4568.40827126943,-662.9042879229619
3906.9421379240503,4655.219357548794,-748.2772196247433
3901.2870057383684,4697.686888258086,-796.3998825197173
4795.690418677537,4789.818206077185,5.8722126003522135
4804.543003717699,4870.735742640362,-66.19273892266301
4789.730164615737,4795.9362867260925,-6.206122110355864
4801.165169011966,4836.6128881076465,-35.44771909568044
4790.385848791269,3758.6345220495946,1031.7513267416748
4808.102031223079,4875.74370812381,-67.641676900731
4788.918348569621,4784.25728267387,4.6610658957515625
4789.606127589129,4700.624792652201,88.98133493692785
4718.35895031454,3954.952966171271,763.4059841432695
4736.981414870543,4819.343376782033,-82.36196191149065
4737.403520754435,4642.3086537032605,95.09486705117433
4725.880099261146,4655.257129732157,70.6229695289885
4733.064836546777,4837.831035169515,-104.76619862273856
4733.081888259334,4915.690061419498,-182.60817316016437
4724.363632020848,4704.66777429771,19.695857723138033
4712.200908934159,4767.147749147398,-54.94684021323883
4729.4515253860345,4841.932381746705,-112.48085636067026
3901.5366237857274,4818.895368763238,-917.3587449775109
3897.756100233408,4829.938630800766,-932.1825305673583
3891.403307925095,4771.684889944741,-880.2815820196465
3894.9984957762945,4821.615693618605,-926.6171978423108
3900.769491337699,4828.6249132367575,-927.8554218990585
4782.233771158763,4836.726025151909,-54.49225399314582
4798.468253991672,4864.435588096849,-65.96733410517663
4769.326624852687,4071.1186958875687,698.2079289651183
4788.156705666877,4852.85100353307,-64.69429786619276
4795.188432011438,4774.452669218644,20.73576279279405
4780.26247430515,4637.245739833262,143.0167344718884
4780.647140705699,4901.804232490363,-121.15709178466386
4804.835921031713,4869.874749519616,-65.03882848790272
4807.104547733756,4644.259793133717,162.84475460003887
4808.436890878414,4774.659028452409,33.7778624260045
4818.169807891993,4813.477401348504,4.692406543488687
4814.93856633521,4761.16816016912,53.77040616609065
4806.028591813692,4855.884968346137,-49.8563765324443
4801.49362994069,4821.616659238229,-20.12302929753878
4809.580483149511,4879.843294480109,-70.2628113305982
4794.230085486356,4068.596482619001,725.633602867355
3950.688160674771,4856.9379221273475,-906.2497614525764
4803.526040769412,4875.923780350549,-72.3977395811371
4814.514169476322,4740.610840454489,73.90332902183309
4816.841275333117,4661.642112813449,155.19916251966788
4799.259805627932,4794.640021510097,4.619784117835479
4810.12433710071,4816.3737906117885,-6.249453511078173
4813.93010468783,4669.069081189631,144.86102349819885
4809.173713453164,4688.900174368149,120.27353908501482
4801.868513541012,4551.583469026495,250.28504451451772
4785.630372375931,4708.929082033408,76.70129034252295
4774.345154141732,4767.0420773453225,7.3030767964091865
4776.346031264392,4644.381674174962,131.96435708942954
4780.058629699179,4693.419786291603,86.63884340757613
4770.712275170681,3949.2374583760284,821.4748167946527
4788.0770480655465,4843.538829257024,-55.46178119147771
4789.270231583495,4785.292276813345,3.9779547701500633
4779.598847689388,4464.0266396883635,315.5722080010246
3902.5394716788196,4868.295421946172,-965.7559502673521
3907.2524415540847,4558.054919767241,-650.8024782131561
3897.25029510776,3854.1622001801898,43.08809492757018
3899.9138127083365,4905.285257759453,-1005.3714450511166
3889.856103855436,4888.978346317251,-999.122242461815
3749.490844944379,4828.1127509520475,-1078.6219060076683
3734.796633269913,4771.251013254135,-1036.4543799842218
4520.009668408443,4705.274347924767,-185.26467951632458
4519.603661796198,4793.838654243326,-274.2349924471282
4510.087461884402,4676.349272679289,-166.26181079488742
4521.191003058864,4826.754645892233,-305.56364283336916
4504.129400679384,4761.829658927053,-257.7002582476689
4518.806839622711,4673.401749839024,-154.5949102163131
4519.068002422373,3764.925145171402,754.1428572509708
4862.667796055089,4851.720093139688,10.947702915400441
4861.6066751398985,4651.4476582622,210.15901687769838
4858.813723402926,4554.109396990735,304.7043264121912
4443.000440767738,4793.891426504745,-350.8909857370072
4434.998330480452,4854.271750859311,-419.27342037885956
4408.465053067709,4838.423713665377,-429.9586605976683
4438.876486109452,4659.85809814067,-220.981612031218
4862.299512023502,4847.255984513797,15.0435275097052
4857.426137156204,4688.83027985479,168.59585730141407
4869.981484421774,3816.340467869043,1053.6410165527313
4870.786490810095,4855.356352221796,15.430138588298178
3901.87235884265,4880.629910004995,-978.7575511623445
3896.3798693521594,4521.278138271021,-624.8982689188615
3899.25486440837,3921.298057649192,-22.043193240821893
3912.7799723690546,3928.5793363705598,-15.799364001505182
4686.123836065701,4827.443333328754,-141.31949726305356
4675.48253943265,4818.678850065547,-143.1963106328967
4687.029604298074,4468.0327109095115,218.99689338856297
4675.961639761285,4694.980313723738,-19.01867396245234
4686.862804521603,3893.5017001852984,793.3611043363044
4695.253757930338,4352.363038945588,342.8907189847496
4676.881683823244,4635.444005076904,41.43767874633977
4824.542538910051,3963.8131622133706,860.7293766966804
4810.239518962233,4538.6020006231,271.63751833913284
4497.9038537179285,4535.678541325931,-37.77468760800275
4496.860795391779,4623.548803943676,-126.68800855189693
4506.631974707243,4791.161235527073,-284.5292608198297
4506.4942827238365,4819.029905137528,-312.53562241369127
4492.999422972633,4695.625052968972,-202.62562999633974
4829.549203391093,4766.233822720441,63.3153806706523
4849.512425232505,4567.057919544911,282.45450568759406
4839.557793295088,3765.310848094696,1074.246945200392
4408.1798279234945,4654.815667773613,-246.63583985011883
3739.4992093007304,4729.5569002399425,-990.0576909392121
3741.0183390799007,4852.705255871879,-1111.686916791978
3734.16875645624,3894.452809178939,-160.28405272269902
4636.982817781005,4544.573240051144,92.40957772986076
4617.06095237515,4885.335644581948,-268.27469220679814
4640.671337105865,4885.375955707412,-244.70461860154683
4627.606221882664,3970.4640634110947,657.142158471569
4634.02933206863,4780.207590891247,-146.17825882261695
4633.907208406779,4862.855167830887,-228.94795942410747
4627.536320111743,4814.256661307283,-186.72034119553973
4629.420518850257,4703.304494094233,-73.88397524397533
4853.890826960126,3946.8984495809555,906.9923773791706
4641.622767403954,4681.466826121568,-39.844058717614644
4649.583003496762,4846.792339725777,-197.2093362290152
4644.307789181481,4645.90460993864,-1.596820757158639
4659.541279004034,4846.623540943064,-187.0822619390301
4647.161275475394,4862.200814597984,-215.0395391225902
4644.57072579401,3762.1887927677576,882.3819330262527
4640.174397132912,4872.607677986276,-232.4332808533636
4869.59912153884,4654.015596480846,215.58352505799394
4654.4076741632325,4740.489184842433,-86.08151067920062
4647.2249204193095,4832.6086293660055,-185.38370894669606
4657.041573455223,4657.41490175628,-0.3733283010569721
4654.36463482908,4546.6355066686965,107.72912816038388
4662.250913858221,4569.982318340223,92.26859551799771
4652.179993550013,4861.174672306277,-208.99467875626397
4651.278479378015,4826.467668486345,-175.18918910833054
4850.227955196114,4636.539397511937,213.68855768417689
4647.063531732214,4802.859601328032,-155.79606959581815
4630.305099066252,4637.666806092883,-7.361707026630938
4625.195252758097,4680.884201861292,-55.68894910319523
4648.637314550408,3999.295455092161,649.3418594582467
4644.831481581481,4859.227766927659,-214.39628534617805
4623.18724545509,3755.8610714247056,867.3261740303847
4627.681432287959,4844.886070853018,-217.2046385650592
4618.7107737040915,3918.9617735313213,699.7490001727701
3744.3594599266867,4857.373324813935,-1113.0138648872485
3736.6310636604367,4746.536306945633,-1009.9052432851968
3741.395200128452,4826.031346123887,-1084.6361459954346
3911.5261688440037,4909.770906760296,-998.2447379162927
3906.5082076170274,4822.738762011699,-916.2305543946713
3892.6828315007465,4451.134162681003,-558.4513311802561
3902.0035806951155,3905.458497656606,-3.454916961490653
3908.8074719898996,4778.337073758704,-869.5296017688042
4780.312605050072,4736.137798849645,44.174806200427156
4798.59662070332,3967.981475277804,830.615145425516
4794.59479794481,4578.354766598743,216.24003134606755
4799.2395917066215,4898.649256851527,-99.40966514490538
4798.544455064453,4084.321916585745,714.2225384787084
4794.973685906793,4698.088609565791,96.88507634100279
4809.6666958300975,4804.314336296088,5.352359534009338
4798.785994509795,4843.709742527639,-44.923748017843536
4733.693080262197,4836.893251140058,-103.20017087786073
4737.403520754435,4802.0521409604335,-64.64862020599867
4720.084501395044,4754.546929620414,-34.46242822536988
4717.338589936198,4796.238669502528,-78.90007956632962
4726.495111287695,3973.3891445063823,753.1059667813129
4727.306621627851,4881.940380215937,-154.63375858808558
4717.314898007126,4646.233675538117,71.08122246900984
4731.722450289369,4322.3982840137905,409.32416627557814
4735.725474158596,4639.023015888405,96.70245827019062
3911.914774319963,4652.191469398788,-740.2766950788255
3915.9693573857767,3774.341656161186,141.6277012245905
3918.9225568858124,4093.798289890844,-174.87573300503163
3878.433689271267,4782.082203610538,-903.6485143392711
3900.0909861754517,4789.464230662077,-889.3732444866255
4777.970980753414,4848.340012837544,-70.3690320841306
4774.839752378826,4842.423506512908,-67.58375413408157
4792.7000599483545,3765.645976544772,1027.0540834035824
4797.752986600322,4830.469347690801,-32.71636109047904
4797.726921158228,4863.118787004354,-65.39186584612617
4772.922197987401,3953.368295963774,819.553902023627
4796.539803455975,4720.548283800756,75.99151965521924
4794.984958626533,4087.9312865438465,707.0536720826863
4820.135119261081,3986.5983694875263,833.5367497735547
4813.522019546497,4854.716083490903,-41.19406394440557
4803.006079662394,4536.289739033271,266.7163406291229
4815.0687049345925,4689.898435924497,125.17026901009558
4808.369399186929,4848.584020771092,-40.21462158416307
4806.594418272113,4761.470077580115,45.12434069199844
4810.139517950846,4789.030946971595,21.108570979251454
4816.530643805502,4785.037442144462,31.493201661040075
3952.61043530193,4883.480953021484,-930.8705177195543
4806.571500475204,3902.8272601450553,903.7442403301484
4802.990472266456,3783.9878311342113,1019.0026411322447
4822.308502273501,4662.319244086741,159.9892581867607
4815.956421177588,4804.918847839802,11.037573337785943
4817.2540124267125,4662.108096766893,155.14591565981937
4793.806305740864,4525.707614769611,268.09869097125375
4808.323561418436,3762.063588051244,1046.2599733671918
4810.2861799971,3902.953544189417,907.3326358076829
4783.702844576822,4804.228343256809,-20.525498679987322
4798.241580378521,4856.451775585193,-58.210195206672324
4782.510901210556,4886.959914180245,-104.44901296968874
4784.8473544492945,4799.758395489076,-14.911041039781594
4776.74163672301,4822.4423651540465,-45.70072843103662
4782.684133128289,4550.178937283835,232.50519584445465
4788.54781030165,4843.227836681383,-54.680026379733135
4788.215446812729,4829.526261810305,-41.31081499757602
3901.079810870708,4342.380242048269,-441.30043117756077
3906.180549918417,4869.818707418964,-963.6381575005466
3909.3177521397383,4804.758365968032,-895.4406138282939
3899.2625401096666,4829.62665441129,-930.364114301623
3912.4600067653128,4754.472167192772,-842.0121604274591
3738.760745765611,4673.310598581483,-934.5498528158719
3743.236881899294,4578.384677868939,-835.1477959696454
4510.087461884402,4835.75591475577,-325.6684528713686
4527.35306294483,4868.188210736501,-340.83514779167126
4526.009330125788,4648.526356380097,-122.5170262543088
4521.69868214087,4860.2415245863,-338.5428424454303
4538.734050284988,4929.4349016367105,-390.7008513517221
4527.007953116135,4843.3058354749055,-316.29788235877095
4514.315841894466,4883.473771292236,-369.1579293977702
4868.59549016971,4805.8433551207045,62.75213504900512
4879.448660330306,4877.974367074008,1.474293256297642
4849.665108146838,3914.127145771464,935.5379623753743
4431.092677264938,3996.6252956730245,434.46738159191364
4414.654403121127,4851.88941020978,-437.2350070886532
4443.045213641782,4704.295735202688,-261.25052156090624
4432.683537181459,4812.422138799017,-379.73860161755874
4860.709707955365,4550.029519431631,310.6801885237337
4862.997845425058,4835.923211860769,27.074633564288888
4872.6468809202615,4858.033512613574,14.613368306687335
4862.983639015087,4825.797767330851,37.18587168423619
3907.090292626446,4793.1322249613295,-886.0419323348833
3895.365996862542,3918.916042547278,-23.550045684735778
3894.032147447476,4841.216837325308,-947.1846898778322
3911.3898718239634,4350.3509713472995,-438.9610995233361
4692.9529645037455,4796.980314835128,-104.02735033138288
4695.917939400546,4871.684882417348,-175.76694301680163
4668.9271435460905,4845.8315560519095,-176.90441250581898
4685.726712854352,4896.238589667681,-210.51187681332885
4670.067826681857,4765.090599736066,-95.02277305420921
4684.703314678308,3765.1918364297303,919.5114782485775
4684.207411375423,4569.808798699811,114.39861267561264
4805.756661020299,4845.570959499258,-39.814298478958335
4824.008615129782,4547.4716617135855,276.5369534161964
4507.951257890135,4707.645980967496,-199.69472307736123
4493.904196880932,4547.1044520014475,-53.20025512051507
4497.758809808914,3993.7106677947113,504.0481420142023
4490.906379696578,4765.729720623111,-274.8233409265322
4502.801950199663,4625.991741458852,-123.1897912591885
4822.388760833261,4531.564361399448,290.8243994338127
4831.975784989499,4685.829346300351,146.14643868914754
4835.682312701739,4703.89190031113,131.79041239060916
4394.935722012265,4840.609349589669,-445.67362757740466
3739.4992093007304,4621.925553342715,-882.4263440419845
3728.3336769362368,4514.459785696007,-786.1261087597704
3721.7576492522135,4782.679855743273,-1060.9222064910596
4638.7022290544965,4701.1941825893355,-62.49195353483901
4634.081678483546,4861.331007054201,-227.24932857065505
4634.904844420866,4681.737769593398,-46.83292517253267
4633.063481496634,4777.3215259000945,-144.2580444034602
4638.65031514148,4636.453469430238,2.1968457112416218
4633.116365964693,4078.6303705684813,554.4859953962114
4628.037305554384,4736.109765015235,-108.07245946085095
4639.413790587903,3763.2229932376968,876.1907973502066
4868.117498692459,4786.917630821192,81.19986787126709
4657.98261697175,4830.817291050599,-172.83467407884928
4638.817721930176,4331.553141155727,307.2645807744493
4645.004050428958,4700.151714044847,-55.14766361588863
4651.630362521097,4705.020662908609,-53.39030038751207
4651.96262429729,4539.653282652834,112.30934164445625
4643.39485096092,4874.3443602251455,-230.94950926422553
4632.945984991586,4622.5300421832535,10.415942808332147
4861.00107335038,4685.009020454915,175.99205289546444
4648.9458295314225,4849.797882722163,-200.85205319074066
4649.2334483670065,4908.588767316549,-259.3553189495424
4652.172928838587,3899.6861672749387,752.4867615636481
4653.852098196016,4654.523609202075,-0.6715110060586085
4663.351279073621,4666.349720089261,-2.9984410156394006
4647.940538830674,4813.8641595627305,-165.9236207320564
4659.394517550736,4788.6884035343255,-129.29388598358946
4836.6942283466,4865.135078640526,-28.440850293926815
4636.300895164776,4658.867501205619,-22.566606040843
4634.495550038561,3912.2635169199266,722.2320331186347
4631.686295650686,4850.043961096503,-218.35766544581747
4626.1617631169165,4772.626290113695,-146.46452699677866
4626.678278558368,3805.6318774515257,821.0464011068425
4631.08730903756,4346.833413456885,284.2538955806749
4620.081722725701,4547.513723873264,72.56799885243709
4637.638852921161,4887.786231536757,-250.1473786155966
3749.989713956808,4694.617439100369,-944.6277251435608
3736.9924172014826,4327.65939779018,-590.6669805886977
3730.3112414812695,4797.175776684009,-1066.8645352027397
3907.2546175932334,4870.793451358254,-963.5388337650206
3905.6895145385456,4877.804195067899,-972.1146805293533
3897.310971308594,4688.449457869257,-791.1384865606624
3904.613440912924,4758.993279577934,-854.3798386650101
3904.183126523167,3926.1609592369423,-21.977832713775115
4798.231245148787,3977.8810489793577,820.3501961694292
4797.781101803093,4808.612804259322,-10.831702456228413
4791.605420964868,4826.034270053483,-34.4288490886147
4795.08548534212,4829.40924129866,-34.32375595654048
4801.760369347308,4793.3040294838465,8.456339863461835
4801.449313656784,4857.14197550713,-55.69266185034576
4791.1732277537685,4848.636664506109,-57.463436752340385
4796.119524574972,4779.950179528785,16.169345046187118
4717.859375000536,3904.3863333508402,813.4730416496955
4725.880099261146,4829.815703203813,-103.93560394266751
4717.338589936198,4890.998541297401,-173.65995136120273
4713.183564482139,4841.159095324668,-127.97553084252831
4725.060593316635,4907.39032284982,-182.32972953318495
4745.779311550362,3986.2892075804875,759.4901039698743
4732.569276596301,4634.751156481165,97.81812011513648
4718.258822411482,4782.496559678268,-64.2377372667861
4750.662052314458,4861.335431245147,-110.67337893068907
3910.3112217486123,4832.391775847354,-922.0805540987421
3900.8812447166865,3763.288887656565,137.59235706012169
3905.9636127757312,4530.721462509779,-624.7578497340473
3911.5996563147173,4751.742255025169,-840.1425987104512
3917.727657358627,3941.3226033018263,-23.59494594319949
4774.079446098987,4764.720312027725,9.359134071261906
4785.293822499098,4779.888666774632,5.405155724465658
4805.557130279773,4811.173383975099,-5.616253695325213
4773.243505794204,3892.956753149528,880.2867526446757
4789.539184944559,4661.87958121105,127.65960373350845
4786.498850662227,4852.238697880762,-65.73984721853503
4784.3548829258,4815.100170797576,-30.745287871775872
4782.5567590816045,4773.499106459256,9.057652622348542
4794.936796965706,4766.805283219872,28.131513745834127
4795.367324867968,4785.206090764852,10.16123410311593
4811.429197561977,4557.686203178044,253.74299438393336
4820.774772542951,4784.727458785082,36.04731375786923
4810.798600713684,4451.543163889828,359.25543682385614
4814.551467591614,3927.550017174635,887.001450416979
4812.984782430139,4445.229761802672,367.75502062746637
4803.386015281028,4688.989627330953,114.39638795007522
3957.5333292234195,4797.710921561637,-840.1775923382179
4816.5724197418085,4836.0645158622765,-19.492096120467977
4811.031785716719,4804.453908080058,6.577877636661469
4811.872250733221,4552.325789364513,259.54646136870815
4798.012715191555,4641.4322038600285,156.5805113315264
4803.523705062832,4699.782885443906,103.74081961892625
4806.774401221832,4795.475720821343,11.298680400488593
4808.639022811435,3762.0483976012797,1046.5906252101554
4815.930265105082,4908.40024257856,-92.46997747347814
4777.332971408622,4901.224813552754,-123.89184214413217
4795.941102043108,4360.319507947262,435.6215940958464
4788.729767254612,4794.14081769941,-5.411050444798093
4775.562034271447,3924.086963717112,851.4750705543352
4796.072930852462,4702.691298376604,93.38163247585817
4789.215485460653,4913.6872368515815,-124.47175139092815
4768.910354109219,4773.999097314193,-5.08874320497398
4780.791303213763,4467.333916641873,313.4573865718903
3900.1021445559363,3980.526933929716,-80.42478937377973
3923.3853243060676,4884.474224998954,-961.0889006928865
3911.790810577258,4753.795476906633,-842.0046663293747
3902.794697155594,4901.555544903705,-998.7608477481108
3899.5548677638126,4671.049981349792,-771.4951135859792
3741.2189503113773,4897.605461470337,-1156.3865111589598
3739.7748211781723,3954.148164151304,-214.3733429731319
4504.129400679384,4678.7190326689615,-174.58963198957736
4525.474850118746,4812.0861725489,-286.61132243015436
4538.734050284988,3999.9005171279387,538.8335331570497
4531.501644430147,4702.5460293753995,-171.0443849452522
4529.834386746996,4004.116383849856,525.7180028971397
4513.278156124443,4851.154592726078,-337.87643660163485
4519.170740402256,3929.591591345861,589.5791490563952
4857.501205007041,4775.377264810196,82.12394019684507
4863.100715857813,4653.502704600601,209.59801125721242
4862.489345634534,4787.479417712224,75.00992792231045
4438.231063387135,4832.71601564533,-394.48495225819534
4436.775813304991,4701.79971997127,-265.0239066662789
4422.883121169217,4696.733375798625,-273.8502546294085
4436.977462571598,3771.6146475279525,665.3628150436457
4864.089394704522,4088.3504678863515,775.738926818171
4872.061989384406,4007.8235252132918,864.2384641711142
4877.433071936142,4358.0389367876705,519.3941351484718
4864.358712688204,4651.735176320571,212.62353636763328
3904.7544979947816,4789.995408081774,-885.2409100869927
3916.9986781088396,4578.8528249674,-661.8541468585604
3897.260985967125,4874.661283874968,-977.4002979078427
3907.4296114813314,4706.179022639296,-798.7494111579645
4680.658420029243,4803.606550733387,-122.9481307041442
4684.036793542469,4889.632991689601,-205.59619814713187
4688.907292136046,4708.634841248187,-19.727549112140878
4690.622590906962,4856.876336507154,-166.2537456001919
4674.574224507914,4753.368348551463,-78.79412404354935
4686.453324583146,4860.944836078876,-174.49151149572936
4692.146071923292,4765.023778230464,-72.87770630717205
4807.497815582795,4835.743658765271,-28.245843182476165
4827.872835441114,4821.521558370647,6.351277070467404
4512.142080873158,4882.487357015119,-370.3452761419612
4495.181304228262,4846.733983891444,-351.55267966318206
4495.374977973292,3986.589434755785,508.78554321750653
4509.270779456881,3914.376914360219,594.8938650966625
4487.7303607804615,4561.770511754487,-74.04015097402589
4833.966591302498,4777.303531140925,56.66306016157341
4833.189100096548,3962.870155993423,870.318944103125
4832.467673187124,4687.911440850474,144.55623233665028
4406.478756656506,3764.238469938253,642.2402867182536
3739.4992093007304,4461.976235809183,-722.4770265084526
3739.41327492178,4838.342656720693,-1098.9293817989133
3742.3118985186566,4658.744773365106,-916.4328748464495
4622.686692876883,4841.177542147584,-218.4908492707009
4648.071298348644,4713.410428676301,-65.33913032765759
4630.418796302911,4558.0080710338725,72.41072526903827
4630.529636441106,4541.635219130955,88.89441731015086
4627.976090091253,3926.8380046456164,701.138085445637
4649.150719490834,4899.312731005648,-250.16201151481437
4639.013129064726,4869.087219719607,-230.07409065488082
4635.957200876923,4891.519820745339,-255.56261986841582
4869.707821267384,4556.923383947208,312.78443732017604
4654.421753886291,3999.5569210673834,654.8648328189079
4649.558607714434,4557.434512783886,92.12409493054838
4647.719089435022,3764.181986079757,883.5371033552656
4656.614592323351,4573.224521343681,83.39007097966987
4643.166806603204,3883.3645521167073,759.8022544864971
4638.753069710958,4872.297581959653,-233.54451224869536
4658.024629400993,4786.555142332811,-128.5305129318176
4855.019431397794,4847.305039730145,7.71439166764867
4648.8916394734515,3952.6257911825987,696.2658482908528
4657.217093471225,4565.241172661725,91.97592080950017
4666.166110528748,4854.734962703561,-188.5688521748134
4659.4544965496525,4835.574963047941,-176.1204664982888
4656.495317016323,3960.1204041931496,696.374912823173
4656.952082703514,4845.690007739383,-188.737925035869
4642.648987630269,4669.869967267952,-27.22097963768283
4866.533595856475,4840.226841895725,26.30675396075003
4630.486693782996,4851.332384410539,-220.84569062754326
4624.191308737058,4728.907662715538,-104.71635397848058
4631.449013545137,4849.174265709122,-217.7252521639848
4611.958277061285,4874.709526924508,-262.75124986322317
4631.825526118585,4857.851805578034,-226.02627945944914
4621.011790778266,4849.517173618253,-228.50538283998685
4617.049267266944,4722.929020275865,-105.87975300892049
4633.51854531725,4792.441184707624,-158.92263939037457
3725.2286051066144,4827.042963266483,-1101.8143581598683
3733.6870329086905,3753.4277906242196,-19.74075771552907
3735.810145935771,4688.518540366822,-952.7083944310511
3915.9200664128534,4553.467695423484,-637.5476290106303
3908.9942305201603,4630.628623069757,-721.6343925495967
3893.6943555255334,4804.152366622707,-910.4580110971733
3904.901988410769,4079.736673156685,-174.8346847459161
3922.0745893792528,4001.7007249667045,-79.6261355874517
4775.856026121016,3944.81923536835,831.0367907526661
4804.338606990017,3906.781995965783,897.5566110242339
4787.587593836578,4781.286731215357,6.300862621221313
4808.88058419464,4700.668255140499,108.21232905414035
4800.787200950169,3928.863301527698,871.9238994224711
4792.157208317111,4462.81896141486,329.33824690225174
4809.759264714865,4461.779412433911,347.9798522809542
4802.23900552151,3977.861948048369,824.3770574731411
4715.840298125062,4794.6668667952645,-78.8265686702025
4733.064836546777,4859.780859423293,-126.71602287651604
4726.495111287695,4834.616953811931,-108.12184252423594
4725.060593316635,4629.314175883888,95.74641743274697
4721.509499182536,4847.340747395825,-125.83124821328875
4711.972720572244,3913.1831343841477,798.7895861880961
4717.986673364505,4799.53421886652,-81.54754550201505
4723.91541027254,3929.1618471325983,794.7535631399414
4733.0480766023165,3766.4791774049963,966.5688991973202
3903.1678913730025,3996.01928541537,-92.8513940423677
3895.7157533444533,4769.00563019802,-873.289876853567
3909.4590105846255,4658.286728692123,-748.8277181074973
3909.20520986874,4637.099808308924,-727.8945984401844
3910.386365213532,4742.250720952064,-831.8643557385317
4786.674892680233,4885.87711622905,-99.20222354881753
4785.180857290391,4828.966985074471,-43.786127784080236
4774.547698489304,4642.371216551385,132.17648193791865
4779.036258739635,4796.009829778264,-16.973571038629416
4789.885322962718,4896.269356725304,-106.3840337625852
4774.232483704399,4817.872703428553,-43.64021972415412
4790.726035643267,4891.020969511079,-100.29493386781178
4789.478965860055,4809.406869260085,-19.927903400030118
4807.590586948827,3906.6503761720414,900.9402107767855
4804.442969734056,4781.280269076424,23.16270065763183
4807.213140463235,4543.317441125588,263.8956993376469
4818.774115625258,4694.878479372541,123.89563625271694
4806.518166720563,3959.5419910009,846.9761757196634
4815.418003702854,4656.690270867364,158.7277328354894
4813.212784669931,4654.906124911513,158.3066597584184
4802.990472266456,4735.1938576409475,67.79661462550848
3947.6143111867636,4848.426143912603,-900.8118327258394
4797.053351816704,4836.383506399523,-39.33015458281898
4805.202311258419,4833.481463358386,-28.279152099966268
4812.716658106495,4852.775038586773,-40.058380480278174
4806.861963348307,4874.4102892904675,-67.54832594216077
4801.111046897966,4851.895188364836,-50.784141466870096
4808.160903831409,4671.406562416372,136.75434141503683
4814.676529370588,4562.456035490032,252.2204938805553
4816.9721398369065,4891.027862243267,-74.05572240636047
4776.6692122671075,4796.718614794008,-20.04940252690085
4772.218168014852,4880.747916455405,-108.5297484405528
4790.963528192032,4891.497214769204,-100.53368657717238
4782.336167432131,4625.8604248258325,156.4757426062988
4779.860289411767,4867.6756620800925,-87.81537266832584
4791.435865282672,3931.827846429538,859.6080188531341
4757.902599242534,3906.6415647065533,851.2610345359808
4776.127729946507,4853.612403516294,-77.48467356978654
3885.9220328409074,4661.514089668586,-775.5920568276788
3906.8003127109823,4821.186122390672,-914.3858096796894
3898.99605195004,4791.684236891751,-892.6881849417114
3901.121727876303,3921.9276931765203,-20.805965300217395
3921.240726040815,3784.2753942920967,136.9653317487182
3736.720289264484,3989.9115594737864,-253.19127020930227
3747.3823058212815,4852.59246586167,-1105.210160040388
4519.068002422373,3962.2623956480707,556.8056067743023
4508.959520940738,4810.029093825699,-301.0695728849614
4514.315841894466,4569.083772098314,-54.767930203847754
4526.342672068728,4792.974233157435,-266.6315610887077
4519.170740402256,4776.461121732406,-257.29038133015
4520.979627248687,4540.053347754428,-19.07372050574031
4542.509983273212,3977.952483448242,564.5574998249699
4866.013548410665,4768.977302307391,97.0362461032737
4849.991063760979,4851.293490996391,-1.3024272354114146
4871.210243222197,4867.995762741806,3.214480480391103
4420.283859695176,3996.258042427637,424.02581726753897
4434.369939959501,4834.1833845331275,-399.81344457362684
4439.094274376843,4784.252058862219,-345.1577844853764
4423.864718315557,4672.587885527906,-248.72316721234893
4864.8986165255865,3996.8838504420087,868.0147660835778
4861.491419345081,4793.604100766757,67.88731857832408
4857.730859956759,4688.210776050707,169.5200839060517
4855.499219550119,4695.825803551517,159.67341599860174
3898.4994921543566,4771.327930506741,-872.8284383523842
3917.2915747761244,4786.1165354152035,-868.8249606390791
3902.6317001874245,4783.074603836299,-880.4429036488741
3912.3935086235892,4859.449218470054,-947.0557098464647
4684.58330448277,3926.6568843252203,757.9264201575493
4673.634320125822,4681.7687316823585,-8.134411556536179
4699.5522645549345,4849.781673977668,-150.22940942273362
4679.341078482129,4646.562086556637,32.77899192549194
4689.858425254046,4855.396687414411,-165.53826216036487
4681.477877192727,4673.666329583928,7.811547608798719
4675.624412483069,4549.7322539322995,125.89215855076964
4810.096372484262,4539.616504641924,270.47986784233854
4808.706889135905,4637.975586904588,170.73130223131648
4528.182630876934,4713.992613108585,-185.8099822316508
4504.508784610933,4803.659105681537,-299.15032107060415
4495.852608025159,4671.277168803938,-175.42456077877978
4517.540734312721,4789.301197267568,-271.76046295484684
4497.071482556567,4854.014430959624,-356.942948403057
4827.612597310244,3757.1143477240175,1070.4982495862268
4836.816874849405,4657.090713827147,179.72616102225857
4825.321435714502,3921.227144360762,904.0942913537397
4427.163010451921,4850.919806430406,-423.75679597848557
3739.4992093007304,4891.568448570717,-1152.0692392699866
3740.37810855738,4872.615303870784,-1132.2371953134043
3734.567683111252,4788.1500647544435,-1053.5823816431916
4628.5896799344055,3922.097954144081,706.4917257903244
4639.150131663555,4337.9318983421645,301.21823332139047
4634.105320316279,4804.37537585018,-170.27005553390063
4628.205349859663,4824.928278605133,-196.7229287454693
4624.65394477692,4811.532926257905,-186.8789814809852
4639.12229812386,4564.97782356899,74.1444745548697
4625.039034122968,3754.5063721285296,870.5326619944381
4633.855893859936,4850.271773907271,-216.41588004733512
4879.11168990249,4704.5383259403925,174.57336396209757
4653.814609740397,4892.4303650113825,-238.61575527098557
4643.015821267801,4781.0786155562055,-138.0627942884048
4649.266326051482,4796.6131238810085,-147.34679782952662
4646.226364994867,4649.026989465363,-2.800624470495677
4657.613352207553,4546.075473891107,111.53787831644604
4646.287971477309,4693.585675140122,-47.29770366281264
4652.240818126012,4653.811106731384,-1.5702886053722978
4877.776184179212,4778.571953226912,99.20423095229944
4664.56605728862,4791.21001075052,-126.64395346190031
4646.651499201081,4833.273341857041,-186.62184265595988
4644.4155791705625,4797.628950315293,-153.21337114473044
4652.443366083774,4861.651746947468,-209.2083808636944
4642.201905875281,4856.58705406094,-214.3851481856591
4649.083917986988,4081.8640232774387,567.2198947095494
4654.657101003706,4695.554512468526,-40.897411464819925
4859.8586842159975,4836.244581511348,23.614102704649667
4631.674913797071,3762.7195707691158,868.9553430279552
4618.467430656732,3756.438120344761,862.0293103119711
4633.44759568406,4708.038443335226,-74.59084765116586
4641.586169399832,3920.659485740155,720.9266836596771
4640.18879371412,4873.821090977068,-233.63229726294776
4629.617391902408,4557.436109347732,72.18128255467582
4634.491535546691,4571.254330473659,63.23720507303187
4637.836112049621,4872.708178792113,-234.87206674249228
3741.395200128452,4557.283803211657,-815.888603083205
3743.961675489071,4708.5601913991995,-964.5985159101288
3749.2636680333067,3979.8330538996893,-230.56938586638262
3926.915062552097,4727.95626050693,-801.0411979548335
3909.4925069267483,4856.312916031178,-946.8204091044299
3889.3565347247586,4760.550141696207,-871.1936069714484
3905.623500840017,4354.762546719558,-449.1390458795404
3910.090394487039,3978.7791001901082,-68.68870570306945
4798.356285624496,4545.5079527966345,252.84833282786167
4792.337450757569,4846.922004822803,-54.58455406523353
4789.8762062018295,4649.765989466463,140.11021673536652
4793.095910533747,4834.340476776474,-41.24456624272716
4788.150913008559,4648.895421990483,139.2554910180761
4787.08750372007,3985.9583148659713,801.1291888540991
4802.243758173238,4857.594360427884,-55.35060225464531
4791.887779156184,4448.222676455451,343.66510270073286
4721.288146478334,4827.7274845861175,-106.43933810778344
4733.081888259334,4454.600994906475,278.4808933528593
4727.306621627851,4896.927046214987,-169.62042458713586
4745.779311550362,4876.846179447661,-131.06686789729883
4711.972720572244,4839.328063070164,-127.35534249791999
4718.558648314464,4799.830322433062,-81.27167411859773
4717.436395901066,4699.0224979073755,18.413897993690625
4724.567112986314,4631.664094886676,92.90301809963785
4749.769530066135,4665.703377496502,84.06615256963323
3920.5608094651498,4582.5145427241205,-661.9537332589707
3896.610365737673,4835.026763462109,-938.4163977244357
3908.1750653565905,4545.107388393175,-636.9323230365844
3910.1586579040986,3914.0270508193944,-3.8683929152957717
3887.1529101236174,3748.8291051383417,138.32380498527573
4785.533607585784,4839.191849474924,-53.6582418891403
4783.225032250086,3958.6626272490385,824.5624050010474
4792.966004881024,4860.005906464547,-67.0399015835228
4783.895992280671,3897.2245167503047,886.671475530366
4776.726191953664,4673.888756176199,102.83743577746463
4795.723521588041,4799.190316475244,-3.466794887202923
4776.649483393808,4685.605205531392,91.04427786241558
4763.686591325249,4829.514291003859,-65.82769967861077
4814.732482047164,4835.183672614206,-20.45119056704243
4822.611766374997,4637.040468209045,185.5712981659526
4813.645125924373,4887.520304297856,-73.87517837348241
4800.825451540678,4818.922179176036,-18.096727635357638
4806.750523807393,4082.411734055838,724.3387897515545
4810.809572620559,4779.914094803202,30.89547781735746
4800.161284308874,4834.435494284668,-34.27420997579338
4811.093549930081,4002.272030165201,808.8215197648801
3957.32268921511,4695.931470412806,-738.6087811976963
4816.961098751644,4855.896709195112,-38.93561044346734
4816.587993966471,4710.579892256053,106.00810171041758
4803.754888593511,4866.750466850204,-62.99557825669308
4811.3449072362455,4790.453487682778,20.89141955346713
4808.517840265312,4575.2567184830195,233.26112178229232
4801.591680990728,4795.286348066631,6.305332924096547
4816.798371713361,4855.74008840501,-38.94171669164916
4803.098232991596,4066.9497048134162,736.1485281781797
4796.55525332764,4862.6650873861,-66.10983405846036
4786.429768729032,4632.805398042112,153.62437068691997
4790.587969766763,3996.8072934050415,793.7806763617218
4789.894242035976,4546.693310910703,243.2009311252732
4792.048561781188,4638.349711226873,153.69885055431496
4774.009130979565,4631.991424153415,142.01770682615006
4782.548255685392,3968.8146399274387,813.7336157579534
4792.266418630498,3933.582410293952,858.6840083365464
3892.4508370535195,4762.352333619508,-869.901496565988
3902.4692016635613,4848.1923857905385,-945.7231841269772
3926.917333722801,4487.182548424727,-560.2652147019267
3901.120950770734,4847.879036726015,-946.7580859552813
3895.375077890058,4844.898168336509,-949.5230904464511
3739.991753488358,4673.474034144691,-933.4822806563334
3732.8886205740196,4530.308135787146,-797.4195152131265
4520.82715534509,4863.573837380878,-342.74668203578767
4526.031504490855,4841.068959574979,-315.0374550841243
4535.9390178876665,4797.888065302494,-261.9490474148279
4530.844385995983,4798.781719569861,-267.93733357387737
4519.942247947221,4839.311080940682,-319.3688329934603
4521.465037164279,4652.476908404362,-131.01187124008266
4509.811622024126,3892.771861671324,617.0397603528022
4866.470722608959,4659.694568836996,206.77615377196253
4854.4847430676255,4872.335008892506,-17.850265824880807
4850.287866362649,4681.974579868621,168.31328649402803
4441.3255744514,4586.4396713032875,-145.11409685188755
4419.97900832102,4684.088608840701,-264.1096005196814
4424.572736302792,3907.629590298278,516.9431460045139
4415.726915626902,3982.815674538688,432.91124108821396
4853.283868333405,4462.566386280443,390.7174820529617
4863.478492842995,4804.73349863599,58.74499420700522
4856.685937341116,4815.561794154101,41.12414318701485
4871.617579922772,4857.266836852969,14.350743069802775
3904.14590193924,4823.1908773453815,-919.0449754061415
3905.6714936613284,4780.462454240692,-874.7909605793634
3904.7337927933686,4653.608926031261,-748.8751332378924
3904.005840500831,4799.185916138674,-895.180075637843
4665.245069134588,4831.488174022103,-166.24310488751416
4678.525678424579,3953.261561097065,725.2641173275142
4691.049087081833,3968.0353984353496,723.0136886464834
4681.176383059157,3894.8279029977252,786.3484800614319
4675.2156990412,4830.672200473127,-155.45650143192688
4686.9269647670735,4707.851068051741,-20.92410328466758
4690.0143994487335,4549.839102731181,140.17529671755256
4826.799200110818,4880.866088053736,-54.066887942918584
4814.767128336653,4831.185267366324,-16.418139029671693
4514.13508387168,4662.728223450672,-148.59313957899212
4486.0956090787095,4674.894367020075,-188.7987579413657
4494.661090994417,4767.183537275673,-272.52244628125663
4500.932861572413,4833.682310343829,-332.7494487714166
4502.353653613052,4894.062643561001,-391.7089899479488
4838.314497118212,4554.633449274739,283.6810478434727
4852.451442532166,4847.079822331893,5.371620200272446
4835.934254785771,3925.7478133497816,910.1864414359898
4392.576679331011,4865.354490041978,-472.77781071096706
3739.4992093007304,4644.016062460227,-904.5168531594963
3740.2212532734015,4082.319077441454,-342.0978241680523
3741.226563117809,4674.097487266594,-932.870924148785
4641.57049502905,4858.080729685666,-216.51023465661547
4623.276220985166,3916.0178250873846,707.2583958977816
4636.834141104282,4693.036241732899,-56.20210062861679
4629.998020466939,4789.5441448193305,-159.54612435239142
4630.564588448981,3895.5650137286534,734.9995747203279
4639.158644348253,3935.1492326564935,704.0094116917594
4626.8811039342345,4782.0389253539115,-155.15782141967702
4627.661455093456,4699.879054074593,-72.21759898113669
4862.605812729192,4736.075162541,126.53065018819143
4656.9667840089805,3969.302628754971,687.6641552540095
4654.361656127895,3964.852203487619,689.5094526402759
4641.269660620872,4789.832335993023,-148.5626753721508
4651.458515939965,4737.84310582876,-86.38458988879484
4660.963353242702,4786.635079373916,-125.67172613121329
4646.451450738156,4647.710143999788,-1.2586932616313788
4644.496295589452,4633.58519863315,10.911096956301662
4869.423870089807,4861.6041101007095,7.819759989097292
4651.353199843266,4853.826568238782,-202.47336839551554
4655.829562230787,4656.8203995338445,-0.9908373030575603
4649.875276070513,3991.9050989940697,657.9701770764432
4658.479984670431,4784.5987570253765,-126.11877235494558
4651.270823393318,4835.0783511862455,-183.80752779292743
4642.5989733683555,4768.818167625357,-126.21919425700162
4655.155868583205,3965.777089301747,689.3787792814583
4853.45281741259,4695.286259306572,158.16655810601787
4624.191308737058,3988.3326194720767,635.858689264981
4634.300961613716,4653.890879928875,-19.589918315158684
4634.105091557348,4690.747588359802,-56.642496802453934
4629.261289800364,3960.297657390641,668.9636324097228
4645.585153975914,4590.213602150534,55.371551825380266
4629.870268989892,4577.472506138875,52.39776285101652
4627.88849215907,4635.43498189472,-7.546489735650539
4626.7314134924045,4836.5613596494295,-209.829946157025
3746.0953818791895,4796.542016469079,-1050.446634589889
3732.033966085151,4814.77228982473,-1082.7383237395793
3747.985471216195,4886.785744561391,-1138.8002733451958
3907.7412033081155,4801.427067390413,-893.6858640822975
3897.6531566335143,4851.949197553587,-954.2960409200723
3906.5214165627776,4850.102672354269,-943.5812557914915
3903.9276229457905,4799.727289181151,-895.7996662353603
3904.1376297413285,4623.595508180214,-719.4578784388855
4779.128568270425,4668.5202791414495,110.60828912897523
4807.781084696196,3942.0510544212475,865.7300302749481
4796.254494361766,4643.656349435232,152.59814492653368
4787.693068337771,4808.361937929426,-20.668869591654584
4787.134291384748,3920.3112662142134,866.823025170535
4789.074008696256,4863.137135438178,-74.06312674192213
4771.027457046173,4776.516412341082,-5.488955294908919
4799.809491967998,4888.653017480203,-88.8435255122049
4711.4659967546895,4790.530034883312,-79.06403812862209
4724.363632020848,4541.020263685589,183.34336833525867
4717.314898007126,4781.339064383003,-64.02416637587612
4732.569276596301,4812.378520558656,-79.80924396235514
4717.986673364505,4549.474434147386,168.5122392171188
4717.436395901066,3895.3245818567884,822.1118140442777
4709.616543611441,4835.507582340384,-125.89103872894339
4723.445031082079,4540.88110696591,182.5639241161698
4737.720006894822,4534.717134977936,203.00287191688585
3910.1582682274666,4791.17807742634,-881.0198091988732
3922.2659174427913,4880.509310362822,-958.243392920031
3903.879471087721,4538.608894922562,-634.7294238348413
3909.3171433274542,4875.545040874226,-966.227897546772
3904.1208448128077,4759.329785316539,-855.2089405037309
4772.395514329441,4683.864005904242,88.53150842519881
4781.912342924873,4739.938410998549,41.97393192632353
4788.097762968375,4083.9012310394555,704.1965319289193
4781.805183325829,4881.762456235544,-99.95727290971536
4789.765532666884,4768.9618291106135,20.803703556270193
4773.230426899704,4530.397642193261,242.8327847064429
4777.852963802882,4688.9491103173905,88.90385348549171
4773.793489396717,4696.265218421859,77.52827097485806
4812.091133036344,4655.536461110522,156.55467192582182
4797.744920799918,4775.511720269688,22.233200530229624
4794.913277679592,4524.607759981903,270.30551769768954
4811.855838156791,4779.8723708259795,31.983467330811436
4794.983692087547,4633.140119324161,161.84357276338596
4794.517617651982,4661.218179777456,133.29943787452612
4797.179841611018,3967.4028462056613,829.7769954053565
4817.254012426713,4662.108096766893,155.14591565982028
3939.7696557789313,3913.190959510153,26.578696268778458
4812.480445176945,4654.4155163657615,158.06492881118356
4801.111046897966,4633.015027666199,168.09601923176706
4810.465778169045,4865.363010542939,-54.89723237389444
4830.463538120774,4809.981998292198,20.481539828575478
4805.7580784847,3764.6596792429655,1041.0983992417341
4799.507588056462,4817.060590862419,-17.553002805957476
4803.274692569977,4527.126511060198,276.1481815097786
4805.574440107312,4800.547446495367,5.0269936119448175
4778.690475033734,4646.028457794289,132.66201723944505
4786.580239437934,4781.637266260818,4.942973177116073
4772.336995338374,4778.689414418488,-6.352419080113577
4769.093683050713,4638.237078714402,130.85660433631074
4768.408485626212,3916.2428889061916,852.16559672002
4776.1799949784445,4808.7233798026855,-32.543384824241
4774.498491106877,4817.070545422123,-42.57205431524653
4785.1742644783135,4850.969353473153,-65.79508899483972
3896.6769172390127,4763.684459289174,-867.0075420501612
3895.4024063173993,4643.336463469259,-747.9340571518596
3903.09481168014,4634.5210819870435,-731.4262703069035
3903.3306773213476,3761.706346411775,141.62433090957256
3903.702074719331,4846.222628216674,-942.5205534973429
3733.326318931453,4828.886845496993,-1095.5605265655404
3750.4258053314634,4859.544547007185,-1109.118741675722
4532.362309403,4903.285800421758,-370.9234910187579
4538.620236951889,4854.791811122483,-316.1715741705939
4522.00290210053,3925.4289863189824,596.5739157815478
4507.82342103787,4893.406484988837,-385.5830639509677
4528.9389052319075,4002.061754474327,526.8771507575807
4528.2443461743105,4834.448042469606,-306.20369629529523
4510.561355762025,4436.352899751694,74.20845601033125
4857.497434276709,3891.9102636372377,965.5871706394714
4871.629829506547,4788.219257971497,83.41057153504971
4844.596932958565,4831.456317754403,13.140615204161804
4436.84974268178,4785.310713377203,-348.4609706954225
4417.929780641699,4453.550602932934,-35.62082229123553
4424.2489846064245,4900.053382843352,-475.8043982369272
4429.079608774963,4856.363348259723,-427.2837394847602
4862.715242073403,3890.6016561730985,972.1135859003043
4877.179502480093,4885.771283472726,-8.591780992633176
4871.790717681342,3987.122678422967,884.6680392583753
4880.073695078188,4643.474163093539,236.59953198464973
3909.315009203446,4340.1490591932925,-430.83404998984633
3899.4626927812837,4671.608097836249,-772.1454050549651
3903.1271810643593,4828.9638574304945,-925.8366763661352
3910.4104973365256,4904.86602419554,-994.4555268590148
4677.583826055811,4821.469948140143,-143.88612208433187
4685.556906160086,4693.28137949561,-7.724473335523726
4682.724946298694,4702.760164617884,-20.03521831918988
4691.856347656134,4573.7262593690275,118.13008828710645
4675.946478568425,4459.970171712291,215.97630685613422
4685.427698398524,4798.672921631197,-113.2452232326732
4692.099525406268,4658.041291026916,34.05823437935214
4813.894116890941,4563.896505114951,249.99761177599066
4829.094190248122,4780.754651762183,48.33953848593865
4510.274559825177,4868.329947956455,-358.05538813127805
4482.415789140246,4817.82016985164,-335.40438071139397
4499.558744378145,4762.206081486017,-262.64733710787186
4524.119170939744,4859.229088740813,-335.10991780106815
4498.352635831863,4777.736949232023,-279.38431340015995
4830.233719706371,4645.047102815204,185.18661689116652
4836.510083598177,3961.666910462489,874.8431731356877
4830.093505073621,4878.298038427203,-48.20453335358252
4408.806603576292,4468.2848064627615,-59.47820288646926
3739.4992093007304,4696.441409676748,-956.9422003760174
3743.3120973688433,4579.4489350250815,-836.1368376562382
3741.967686786616,4573.524135323367,-831.5564485367508
4625.706706846003,4553.997707725948,71.70899912005461
4628.668296871827,4899.246063025153,-270.5777661533257
4632.933633254445,3973.216707330261,659.7169259241841
4615.426668875108,4834.026924040135,-218.6002551650272
4622.46562898593,4860.259880420332,-237.7942514344013
4628.393666782407,4793.282422456559,-164.88875567415198
4629.730715464075,4625.386282240183,4.3444332238914285
4634.104556342903,4790.8334956732115,-156.7289393303081
4865.66990948194,4859.10391832807,6.565991153869618
4646.674528696419,4846.96156745603,-200.28703875961128
4650.188704336256,4851.239643634246,-201.05093929799023
4658.6982739121795,4845.025186936593,-186.32691302441344
4644.926735566292,4648.511638321169,-3.584902754876566
4652.417187162313,4853.185087954493,-200.76790079217972
4637.389251850959,4071.5033019093066,565.8859499416526
4639.926616426111,4542.136074319317,97.79054210679351
4890.554935783051,3777.8912934299206,1112.6636423531309
4654.865437577416,4779.452869872891,-124.58743229547508
4650.60979149832,4774.956091224866,-124.34629972654602
4656.17695525065,4885.929829930758,-229.7528746801081
4656.67426964672,4701.964363577653,-45.290093930932926
4654.1224881746075,4631.980276940729,22.142211233878697
4641.149619543188,4768.2806426094185,-127.13102306623023
4629.381072624048,4840.219956156511,-210.83888353246311
4842.067256482558,4696.183763668445,145.8834928141132
4620.644337052086,4818.937969195222,-198.29363214313616
4631.016859934348,4737.665288747846,-106.64842881349796
4637.8486755013455,4806.838734830898,-168.99005932955242
4628.580196822763,4700.304843674368,-71.72464685160503
4616.727273127034,4663.047130191549,-46.31985706451451
4626.809232529422,3955.665795850346,671.1434366790759
4634.691431525736,4876.436021429097,-241.74458990336097
4638.036752568205,4696.246685630053,-58.20993306184846
3748.1317810534238,4891.306041656865,-1143.1742606034413
3731.3139226293865,4763.260461686138,-1031.9465390567516
3734.276828427404,4621.085014186127,-886.8081857587235
3906.0388609552238,4644.589220271888,-738.5503593166641
3913.44867878531,4841.820658638104,-928.3719798527936
3906.5177784709317,4651.885480425932,-745.367701955
3896.5908580022424,4819.046731843269,-922.4558738410269
3905.8298956653825,4741.181047681882,-835.3511520164993
4793.669423995885,4695.864117836517,97.80530615936823
4803.615167004883,4901.748547425878,-98.13338042099531
4786.78997487872,4795.7717206176785,-8.981745738958125
4782.3640969199705,4788.541854435198,-6.177757515227313
4800.331806577752,4783.6050265267495,16.726780051002606
4810.666143525997,4867.330545252916,-56.664401726919095
4796.998508066595,4841.513125103585,-44.514617036989875
4789.054516035851,4634.127497055576,154.92701898027462
4732.710957337187,4636.459886064226,96.25107127296087
4712.200908934159,4790.614840350972,-78.41393141681328
4731.722450289369,4813.49061969621,-81.76816940684148
4718.258822411482,4843.291885818041,-125.03306340655945
4723.91541027254,4470.539949701784,253.37546057075542
4724.567112986314,4086.1809263454957,638.3861866408183
4723.445031082079,4778.176981454549,-54.73195037246933
4719.800695181551,4802.229861632946,-82.42916645139485
4740.489382203148,3764.9769900861197,975.5123921170284
3907.0779637431388,4706.9286192276195,-799.8506554844807
3907.629579347007,4846.374924891799,-938.7453455447921
3905.308873423487,4904.240865129758,-998.9319917062712
3918.996184445764,4657.9072143446,-738.9110298988362
3896.3667842935115,4691.936256080793,-795.5694717872816
4791.412049241588,4783.882589189126,7.529460052462127
4788.962396737345,4081.7752669623274,707.1871297750181
4779.490696395087,4875.049712875938,-95.55901648085091
4794.936921725042,4704.3335285509675,90.60339317407488
4774.038128429154,4793.605339349639,-19.567210920484285
4795.121694390642,4848.563444677619,-53.44175028697737
4777.849747281955,4548.909787994875,228.93995928708046
4791.925673240619,4474.996794284855,316.92887895576405
4804.848549817944,4874.380389872415,-69.5318400544711
4814.014696264149,4842.339921939046,-28.3252256748965
4797.814752028421,4817.295065937064,-19.48031390864253
4818.636635030698,4807.0862960197765,11.550339010921562
4802.540506946674,4841.908465773378,-39.367958826704125
4800.716350879451,4779.266921745648,21.449429133803278
4812.073446686943,4818.452370489538,-6.3789238025956365
4804.02838077275,4687.423830828504,116.60454994424617
3942.05191772176,4453.384386543225,-511.3324688214652
4804.453686861611,4648.0758066314775,156.3778802301331
4813.897637390545,4820.125838436647,-6.2282010461021855
4813.43048929987,4885.44309232438,-72.0126030245101
4816.734051515293,4787.107631842493,29.626419672799784
4832.883425301739,4603.246418214159,229.63700708758006
4814.764251030731,4829.863785844456,-15.099534813724858
4831.319480635361,4912.346426994514,-81.02694635915304
4807.183146701978,4876.960040744213,-69.77689404223474
4782.389748132726,4647.961661792371,134.42808634035464
4762.760834714362,3770.243435414331,992.5173993000312
4780.86442622202,4875.0082529924475,-94.14382677042795
4777.838883879022,4811.7214493305155,-33.882565451493065
4777.715417515402,4689.460490414571,88.25492710083108
4782.016225901845,4778.346338881905,3.6698870199406883
4798.06243586186,4862.95951547565,-64.89707961379008
4787.75812886903,4546.65632216045,241.10180670857972
3892.7119102157976,4065.9045345723175,-173.1926243565199
3902.6352661811297,4795.77544502477,-893.1401788436406
3911.236019650178,4550.187163301016,-638.9511436508378
3884.452806865889,4836.7789116987615,-952.3261048328723
3891.963580222716,4645.053666316087,-753.0900860933716
3736.7191260197587,4900.624996402817,-1163.9058703830578
3729.671073331453,4639.471304521536,-909.8002311900827
4500.862869913835,3940.2935248522435,560.5693450615918
4530.923818083591,4638.230442207598,-107.3066241240067
4533.82712464214,4010.191998860711,523.635125781429
4523.71874783996,3928.3924997751174,595.3262480648427
4513.952792881007,4849.900574855809,-335.94778197480264
4514.875846550365,3920.715741756172,594.1601047941931
4528.879764547524,4891.5023158827635,-362.6225513352392
4863.107565438947,4875.68290692107,-12.575341482122894
4861.418625297294,4778.472165661812,82.94645963548192
4864.755589248303,3987.5544682630257,877.2011209852776
4424.2489846064245,4882.352316637008,-458.10333203058326
4418.852046415303,4888.972236436634,-470.1201900213309
4437.619152595705,4913.166632803389,-475.5474802076842
4429.965227047389,4763.80225801518,-333.8370309677912
4858.966899136421,4843.308526750859,15.658372385561961
4876.506499538911,4653.622100998704,222.88439854020726
4868.976269093653,4808.062692133195,60.91357696045816
4844.21851977263,4808.439481751273,35.77903802135734
3900.3879900658603,4669.336102107938,-768.9481120420778
3905.648933199509,3907.656455407607,-2.0075222080981803
3900.6564298800263,4647.791935728541,-747.1355058485146
3921.2240343534595,4796.416026084733,-875.1919917312734
4702.907993123935,4817.852490353383,-114.94449722944773
4681.146660152756,3928.2948445750826,752.8518155776737
4686.007440228158,4631.971680348711,54.03575987944714
4678.1901023148475,4732.829499491728,-54.639397176880266
4682.834638024909,4847.695989010023,-164.86135098511477
4688.170571171743,4827.642830023085,-139.4722588513414
4677.075020948364,4685.889064325767,-8.814043377403323
4827.2074928035945,4855.491666151636,-28.284173348041804
4818.639466826003,4903.776038134686,-85.13657130868341
4507.789669645192,4853.717151490853,-345.92748184566153
4496.903780000774,4821.309403288731,-324.4056232879575
4496.506797236661,4644.03243145274,-147.5256342160783
4511.648704986629,4859.114738698547,-347.4660337119176
4505.96339192662,4857.112192432906,-351.14880050628653
4846.888257967971,4838.465558076631,8.422699891340017
4831.627013491489,3761.9789396935626,1069.6480737979268
4845.186161663667,3767.9403941753435,1077.2457674883235
4418.358497963665,4836.987298880146,-418.62880091648094
3739.4992093007304,4842.1143599042,-1102.6151506034694
3741.737442682768,4827.777253077127,-1086.0398103943594
3725.4774860972702,4767.097387104072,-1041.6199010068021
4630.717625528092,4786.194835934767,-155.4772104066751
4625.652867314973,4553.28032472795,72.37254258702342
4639.554202194871,4795.7686429219275,-156.21444072705617
4637.273883152022,4657.189355344846,-19.91547219282438
4633.209518425437,4739.086351992894,-105.87683356745765
4631.0783864382065,4828.602072509751,-197.52368607154494
4629.420518850257,3928.7609112770533,700.6596075732041
4634.607331351234,4777.740219501254,-143.13288815001943
4871.51943078353,3973.0924065396607,898.4270242438693
4646.134268028941,4443.628923109094,202.50534491984672
4652.571464520893,4779.494651938826,-126.92318741793315
4656.614592323351,4875.07415400873,-218.4595616853794
4645.02009332513,3915.9557262254843,729.0643670996456
4653.76136903501,4777.433045897667,-123.67167686265748
4662.297660032793,4860.544848218063,-198.2471881852698
4654.4076741632325,4885.573589924993,-231.16591576176052
4880.082837725627,4786.042173693395,94.04066403223169
4638.513027993366,4626.700947371532,11.812080621834866
4649.495081409817,4850.699800049015,-201.20471863919738
4663.351279073621,4590.369116217938,72.98216285568287
4654.360851454671,4568.331791932176,86.02905952249512
4646.90408312254,3994.9211219418703,651.9829611806699
4649.705516423224,4797.7891738274775,-148.08365740425324
4645.122639964528,4535.660712561879,109.46192740264905
4844.9716995134195,4842.803012424159,2.1686870892608567
4631.449013545137,3764.1373837227807,867.3116298223563
4634.105091557348,4782.5091483368715,-148.40405677952367
4628.482133148781,4574.513377098265,53.968756050516276
4623.510436012853,4854.269993757287,-230.75955774443446
4631.215866469944,4080.8648144286635,550.3510520412801
4638.881825388013,4856.041689834275,-217.15986444626196
4639.438615626586,3942.6924468307025,696.7461687958839
4628.070259342032,3998.902560489431,629.167698852601
3745.7195155691206,4754.839856306827,-1009.1203407377061
3736.0910753625153,4791.388205839167,-1055.297130476652
3743.1414466536376,4843.909811904785,-1100.7683652511473
3897.5719047750986,4835.415184133978,-937.8432793588795
3900.156554523681,4706.755128401595,-806.5985738779145
3898.262403693153,4766.473045047672,-868.2106413545189
3915.1010373238496,4688.856390850533,-773.7553535266834
3899.3703168157176,4846.274985374953,-946.9046685592352
4801.760369347308,4803.036455441265,-1.2760860939570193
4809.6666958300975,4001.670892910307,807.9958029197905
4790.038013344766,4532.159939200954,257.8780741438122
4795.374286227438,3999.463130431619,795.9111557958186
4787.8938683613305,4821.848051426195,-33.95418306486408
4792.030141551885,4846.785127657759,-54.754986105874195
4790.306542590233,4671.804256480877,118.50228610935665
4792.158218980794,4691.042597994685,101.1156209861092
4726.795225847416,3970.780544659211,756.014681188205
4715.85810506184,4771.404629649513,-55.54652458767214
4722.132053834401,4771.553697909272,-49.42164407487144
4737.068631990264,4800.937462369752,-63.86883037948792
4719.4546562781225,4888.528814505775,-169.07415822765233
4736.176109741941,3937.112936397203,799.0631733447381
4724.126586570628,4772.387377550786,-48.26079098015816
4726.895961878953,4544.3766890644765,182.5192728144766
4737.482666597769,4849.629921627311,-112.14725502954207
3899.463156485923,4845.534097996319,-946.0709415103966
3904.9736577313547,4635.3722292344,-730.3985715030453
3918.390049804574,4460.589084724189,-542.1990349196149
3900.3501380501016,3957.250661760234,-56.90052371013235
3915.402098889693,4547.160676440653,-631.7585775509601
4784.3548829258,4785.103086288761,-0.7482033629612488
4779.319975078717,4702.705889688791,76.614085389926
4786.947480235227,4866.040705053007,-79.09322481777963
4789.097175336289,4550.726570006099,238.3706053301903
4778.086373465469,4857.3014785074765,-79.21510504200796
4776.713474865479,4822.830099664813,-46.116624799334204
4783.782921682259,4837.78679641656,-54.00387473430055
4774.177113110995,3953.114741402185,821.0623717088106
4809.857420188246,4649.999565280844,159.85785490740182
4818.989355747605,3772.875666254135,1046.1136894934702
4800.161284308874,4849.534259681178,-49.3729753723037
4811.031785716719,4651.661393764441,159.37039195227862
4816.000769053133,3764.186627792071,1051.814141261062
4804.702156601385,4886.071762079558,-81.36960547817307
4798.990633594503,4728.492231766681,70.49840182782282
4810.286179997099,4826.96411539279,-16.677935395690838
3947.2987309628866,3954.933075836625,-7.634344873738428
4810.369336223082,4861.404156398218,-51.03482017513579
4816.9721398369065,4699.154428028723,117.81771180818396
4801.004905024937,4697.059908656003,103.94499636893397
4820.772128789702,4860.855026042832,-40.082897253129886
4805.574440107312,4645.89496164898,159.6794784583317
4815.572081729241,4082.684468236585,732.8876134926563
4818.327844136225,4787.424148108703,30.90369602752253
4819.097927481542,4858.893864610871,-39.795937129329104
4773.915132870087,4438.788871142154,335.1262617279335
4773.931781013554,4747.394619625563,26.537161387991546
4799.128827017846,4815.3359454198835,-16.20711840203785
4784.436961287766,4776.952465693126,7.484495594640066
4784.652752172875,4653.384927784216,131.26782438865848
4789.057663021171,4835.0416705355065,-45.984007514335644
4786.612050707947,4782.507621978368,4.104428729579013
4785.0390837710365,4656.895729050427,128.14335472060975
3920.579180025251,4718.162228203741,-797.5830481784897
3908.00681085075,4895.849632572635,-987.8428217218848
3893.3417137920746,4834.224581566561,-940.8828677744864
3896.4184450730577,4803.196723933516,-906.7782788604586
3894.2694002520107,3915.5295223616417,-21.260122109631084
3741.6506077786044,4773.026643772397,-1031.3760359937924
3754.941619300258,4859.455892413594,-1104.5142731133355
4519.271991237418,4636.275723483395,-117.00373224597752
4523.062976127381,4852.542067558273,-329.47909143089146
4519.732362814217,4844.672107033848,-324.9397442196314
4509.85466339236,4519.6091926059735,-9.75452921361375
4525.108488264586,3967.786665070652,557.3218231939345
4514.042653768451,3901.724120791207,612.3185329772436
4520.177075761967,4850.211548980484,-330.0344732185167
4859.8793732502145,3920.4265834003377,939.4527898498768
4850.4122872118805,4873.052327076474,-22.640039864593746
4853.934138379624,4880.551998831068,-26.617860451444358
4427.217893274817,4775.620024900525,-348.40213162570853
4414.018055866402,4822.503609117423,-408.485553251021
4425.2585796796475,4898.714762610419,-473.4561829307713
4429.962244857406,4466.352142524082,-36.389897666676006
4866.036256035939,3757.86352020852,1108.1727358274188
4855.0320166215215,3921.6530560041656,933.3789606173559
4861.382312338928,4538.016096424911,323.36621591401763
4887.3422001811305,4797.882334854192,89.4598653269386
3902.7658501521983,4797.570259258571,-894.804409106373
3909.515296711719,3906.64062422041,2.8746724913094113
3890.4105302952303,4893.913326514958,-1003.5027962197273
3904.353137938836,4853.113687723862,-948.7605497850263
4687.73643744553,4792.63537389763,-104.89893645210032
4677.5039620481,4079.9199000616327,597.5840619864675
4694.942781786999,3988.3602471341055,706.5825346528936
4685.984250297456,3765.613846730959,920.3704035664973
4682.63023490368,4651.4036803328,31.22655457087967
4681.503742553416,4555.054640783432,126.44910176998383
4686.6614514981875,4781.082720071329,-94.42126857314179
4824.84758820842,4842.904872540278,-18.057284331857772
4824.030099309527,3922.09494799256,901.9351513169672
4496.221565064197,4769.043414816903,-272.82184975270593
4511.377213028478,4666.445818144084,-155.06860511560626
4507.051953164833,3995.299617408514,511.7523357563191
4504.428701105236,3998.3554205604296,506.07328054480604
4500.3763508224665,4636.026376398478,-135.6500255760111
4824.323814751826,4069.786240635715,754.537574116111
4831.024470115378,4783.827045147809,47.19742496756862
4850.782268478535,4818.518404303571,32.26386417496451
4403.321441045317,4778.414783909554,-375.09334286423655
3739.4992093007304,4075.723471481658,-336.2242621809278
3737.8937310647607,4841.682808549411,-1103.78907748465
3735.0593585555866,4812.911924505135,-1077.8525659495485
4631.151489681727,3962.264401140178,668.887088541549
4627.059931700321,3764.2861064930357,862.773825207285
4626.492000518612,4842.0682534906255,-215.5762529720132
4636.95535680947,4833.542534353827,-196.58717754435747
4641.89993008631,4837.243782166274,-195.34385207996456
4631.091447243758,4874.230146049021,-243.13869880526272
4621.777578205161,3919.6974248941774,702.0801533109839
4631.046947222103,4551.837267786309,79.20967943579399
4858.77871926137,4522.110086332004,336.66863292936523
4636.609954332267,4811.361556148733,-174.75160181646606
4662.991995673302,4760.773180603212,-97.78118492990961
4666.390778943758,4877.560301865415,-211.1695229216566
4629.205670812271,4766.695450931945,-137.48978011967392
4641.921668720618,4619.150001002687,22.77166771793145
4647.928297174046,4530.596019474925,117.33227769912082
4641.702375435777,4875.396735573608,-233.6943601378307
4870.717253009649,4826.570016334084,44.14723667556427
4648.034498220199,4847.319672666409,-199.28517444621048
4657.60133167602,4083.4690593658197,574.1322723102003
4636.78600484753,4726.082714060216,-89.29670921268553
4658.095852249414,3910.149599581922,747.946252667492
4649.605641498518,4836.16246095536,-186.55681945684228
4634.729032483264,4550.963991161951,83.76504132131322
4657.450144099612,4802.409321673279,-144.95917757366715
4851.149073610371,3922.4846637615497,928.6644098488209
4636.328356941651,4867.005929349092,-230.6775724074414
4621.958629620272,4814.361935770972,-192.4033061506998
4636.962971528213,4580.336949534039,56.62602199417324
4641.711451617062,4716.283540499124,-74.57208888206151
4626.266588761333,4822.730846781724,-196.46425802039084
4625.562326538913,4730.40757325177,-104.84524671285726
4642.074575156758,4716.187071847535,-74.11249669077642
4639.826845807138,3784.4897855453332,855.3370602618047
3733.667318080705,4854.876728175079,-1121.2094100943737
3741.56887505594,4901.282488135123,-1159.7136130791823
3743.805982644116,3765.442942099509,-21.636959455393026
3896.5187884357492,3919.1025231988183,-22.58373476306906
3900.3386782408274,4332.607548672595,-432.2688704317675
3896.5959414649424,4781.499957156749,-884.9040156918063
3913.3950869451946,4666.369016174954,-752.973929229759
3920.98453443225,4694.94502609398,-773.9604916617304
4796.440450854434,4678.007899156265,118.43255169816894
4787.978795414945,4900.815826546121,-112.83703113117554
4792.930742024927,4836.117127031883,-43.18638500695579
4797.16707242975,4545.192788459933,251.9742839698174
4792.90446551679,4853.826911639007,-60.92244612221748
4795.601360283581,4884.862434415484,-89.26107413190311
4792.637004890763,4814.168154874343,-21.53114998357978
4795.639212534382,4737.292638665966,58.34657386841627
4742.675700569683,4817.278989097145,-74.60328852746261
4714.419857531201,4683.922237245466,30.497620285735138
4734.4630722796255,3980.7161918961833,753.7468803834422
4727.803265716292,4818.305920653196,-90.50265493690404
4725.638471417604,3983.6975360071415,741.9409354104623
4740.324678147601,4754.888294323807,-14.56361617620587
4725.55319869955,3990.825675712559,734.7275229869911
4724.454610671619,4740.044109790813,-15.589499119194443
4733.053849062715,4823.239099129345,-90.18525006663003
3900.0731226193884,4840.627747504205,-940.5546248848168
3889.2756577672353,4636.602853351583,-747.3271955843475
3896.6568732894293,4847.957751017426,-951.3008777279965
3906.8139169366814,4776.2571919527845,-869.4432750161031
3898.288780077134,4769.533687305994,-871.24490722886
4779.2249759477245,4846.519149424305,-67.29417347658091
4776.3130474387635,4842.384175904107,-66.07112846534346
4773.009300528115,4545.82688592896,227.18241459915498
4790.893942413716,3937.2817337503016,853.6122086634145
4791.355075502698,4650.738552192785,140.61652330991274
4786.933140344984,4654.429530599103,132.50360974588148
4771.309999048058,4638.989393912629,132.3206051354291
4781.350703811975,4871.2609392062495,-89.91023539427442
4803.726995254239,4644.130029759549,159.59696549469027
4817.05440607659,4855.581875628435,-38.52746955184557
4813.896021917659,3797.181185569433,1016.7148363482256
4800.127585223221,4630.421509054457,169.7060761687644
4801.603948376067,4645.520621413572,156.08332696249454
4805.820413749956,4795.800509902959,10.019903846997295
4801.554781304282,4544.079564020844,257.4752172834378
4818.605718934376,4646.399041350494,172.20667758388117
3958.2347688433265,3905.5161338274434,52.71863501588314
4826.317264472993,4873.018806121726,-46.70154164873293
4790.7875047226025,4787.029147873574,3.7583568490281323
4802.60201846567,4890.042235312547,-87.44021684687687
4802.712255414504,4854.30802997717,-51.59577456266561
4821.868752369375,4774.552444398884,47.316307970490925
4806.16616782006,4647.499811837996,158.66635598206358
4820.7502281534635,4573.771894744223,246.9783334092408
4820.83646986664,4827.1773166633275,-6.340846796687401
4772.058171196534,4861.510539341429,-89.45236814489454
4771.963214592308,4768.807391943409,3.15582264889872
4783.858924329736,4849.638924602678,-65.78000027294274
4795.728241133297,4091.6238207146243,704.1044204186728
4778.341926356101,4540.338416329413,238.00351002668776
4769.582409151345,4639.750280539116,129.8321286122291
4786.5586249486905,4740.0540090012555,46.50461594743501
4788.455817144881,4653.478930948414,134.9768861964667
3892.908961261468,4882.872050550146,-989.963089288678
3905.8795586631604,4470.244341999676,-564.3647833365158
3913.616985157247,4913.547175924307,-999.9301907670601
3902.3872823157267,4854.261853144921,-951.874570829194
3901.8394708484475,4793.195969670739,-891.3564988222915
3746.0897756237728,4848.163767331819,-1102.0739917080464
3734.904619144587,4794.79566888143,-1059.8910497368433
4527.712229042143,4744.516256567533,-216.80402752538976
4524.156032450707,3765.1916989334777,758.9643335172295
4528.711667432748,3916.0573293828475,612.6543380499006
4514.171219435887,4642.783605237655,-128.61238580176814
4532.053344492293,3932.724080865694,599.3292636265992
4525.703636219644,3974.1348282454965,551.5688079741476
4516.131424638487,3918.3563619829692,597.775062655518
4865.707199563663,4080.6109935533705,785.0962060102929
4853.814356219594,4770.331803427157,83.48255279243676
4851.829458703637,4897.618266673406,-45.78880796976864
4435.922077950834,4855.842532620168,-419.9204546693336
4417.580780228597,4865.1897819405385,-447.60900171194135
4431.9181804221025,4854.91886327735,-423.00068285524776
4444.110367983835,4807.3492009939755,-363.2388330101403
4861.382312338928,4773.303469768256,88.07884257067235
4855.650558202798,4807.0329182355945,48.617639967203104
4877.3429943783885,4915.250936245806,-37.90794186741732
4857.63573455156,3919.037543860333,938.598190691227
3909.9143575258654,4799.071109107942,-889.1567515820766
3913.277860244949,4839.179525574329,-925.9016653293802
3912.4900899369745,4787.150195780116,-874.6601058431411
3906.315901615221,4653.136722747583,-746.8208211323622
4687.4230706311,4859.868358507579,-172.4452878764787
4686.272115202216,4841.120796461696,-154.84868125948014
4702.521870754036,4807.673046141467,-105.15117538743107
4675.210161354041,4779.817955187806,-104.60779383376484
4670.028741239287,4692.423651493211,-22.394910253923626
4691.591443988209,4907.453915101646,-215.8624711134371
4680.639661170538,4794.883880055334,-114.24421888479628
4824.667865720659,4782.119937272183,42.54792844847634
4826.440218553541,4006.6125857648894,819.8276327886515
4513.857463017036,4476.671878923983,37.18558409305297
4502.381154418305,4826.606364083426,-324.22520966512093
4507.415651273797,4642.453449997397,-135.03779872359974
4503.860978063769,4889.691118591329,-385.8301405275597
4499.522599713609,4891.136658634021,-391.6140589204115
4841.388285890111,4900.035330296954,-58.647044406843634
4845.276444299662,4870.592791925798,-25.31634762613612
4851.976377498999,3779.21048680861,1072.765890690389
4409.608470277449,4654.371116630376,-244.76264635292682
3739.4992093007304,4876.598745127438,-1137.0995358267073
3749.766168394514,3781.013622652084,-31.247454257570098
3741.734620433009,4881.530916777606,-1139.796296344597
4631.918257132986,4788.550499929796,-156.63224279681071
4626.964799914899,3964.327734150639,662.6370657642601
4615.362935176103,4825.572736317893,-210.2098011417902
4627.590372594978,4901.310506547076,-273.72013395209797
4610.287188847596,4512.946217723685,97.340971123911
4640.131847750381,3905.433841550641,734.6980061997401
4631.064509547584,3905.5756758130756,725.4888337345083
4647.752290075217,4804.383221354611,-156.63093127939374
4856.013842558863,3756.693938802885,1099.319903755978
4644.261940439272,4790.337200498778,-146.07526005950604
4646.740130027656,4855.7391965398865,-208.99906651223046
4646.328260897307,4842.749869518055,-196.42160862074797
4663.091439497968,4663.740310643097,-0.6488711451283962
4643.943579540147,4687.792052940494,-43.84847340034685
4657.352663688505,4782.201883089113,-124.84921940060758
4651.305690236265,4750.555869279275,-99.25017904300967
4867.737955037911,4894.432697181684,-26.6947421437726
4662.271529031972,4858.730122507914,-196.4585934759416
4648.602514306139,4074.8423812386095,573.7601330675293
4640.270468623837,4864.7916221853075,-224.52115356147078
4654.227421204302,4841.238116458361,-187.0106952540591
4650.365939538794,4789.3304565825265,-138.96451704373249
4661.341544075089,4835.264329792466,-173.92278571737734
4649.437902181233,4557.719420726171,91.71848145506192
4869.449823012188,4841.611231897117,27.838591115070813
4611.958277061285,3958.9103627635504,653.0479142977347
4629.261289800364,3767.1600507136427,862.1012390867209
4623.510436012853,4642.905299834689,-19.394863821836225
4637.706302190762,3992.881328269695,644.8249739210664
4628.561062331664,4833.5384035004545,-204.9773411687902
4635.808551425027,4707.838288192601,-72.02973676757392
4635.689641727432,4840.222936251529,-204.53329452409707
4637.756976874582,4831.302278743783,-193.54530186920147
3755.8069644226234,4838.26515365125,-1082.458189228627
3748.5381366553643,4786.770866284863,-1038.2327296294984
3752.0674756637686,4700.990368851565,-948.9228931877965
3908.308979820145,3912.746814941768,-4.437835121623266
3922.54229813221,4890.690446840709,-968.1481487084993
3917.150333444569,4918.795618433468,-1001.6452849888992
3914.2866988647115,4865.34021456285,-951.0535156981382
3888.2104046032923,4063.928952342372,-175.7185477390799
4787.6346752522095,4333.969703947729,453.6649713044808
4771.825266274551,4882.709336979324,-110.88407070477297
4806.794633044548,4863.240414663345,-56.4457816187969
4793.5916424016705,4778.412778318913,15.178864082757173
4805.089747397843,3938.846008042603,866.24373935524
4807.71291141636,4012.2736791817388,795.4392322346212
4789.132838474481,4844.049966795374,-54.917128320892516
4781.4617888937355,4763.939083422519,17.522705471216796
4710.135721212622,4814.874051022231,-104.73832980960833
4716.959391729315,4623.26496389531,93.69442783400518
4730.682211568318,4795.346952484481,-64.66474091616328
4718.069112239603,4818.5553239037345,-100.48621166413159
4714.459985493335,4871.501575241317,-157.04158974798247
4714.511135811064,4695.127266928254,19.38386888281002
4745.717378634562,4858.659624746637,-112.94224611207483
4722.839951598901,4556.905788697305,165.9341629015962
4741.827539436692,4842.872292894797,-101.04475345810533
3889.2756577672353,4677.294691899702,-788.0190341324669
3917.248886171653,4866.574387033719,-949.3255008620663
3896.4235668536076,4649.255501764896,-752.831934911288
3907.93681167424,4830.535382799387,-922.5985711251469
3900.8814920733253,4305.929512362992,-405.0480202896665
4777.866598821989,4773.521208527376,4.345390294613026
4781.765346821148,4880.848527541908,-99.08318072075963
4791.801714505097,3982.073794979047,809.7279195260503
4773.430641516731,4777.101049275427,-3.6704077586955464
4782.464029453909,3927.2356614260093,855.2283680278993
4773.087416638503,4851.343080487189,-78.2556638486858
4775.601425703303,3956.835678389896,818.7657473134068
4777.54777200937,4648.732852598099,128.81491941127115
4809.964539514998,4778.075694133687,31.888845381311512
4796.353988931728,4816.054289228196,-19.700300296467503
4808.09359993667,4654.900259828399,153.1933401082715
4812.891545596298,4697.3846863146155,115.50685928168241
4811.814124022672,4863.721006289975,-51.906882267302535
4834.012569368695,4855.187413212546,-21.174843843850795
4798.42556338533,3987.0885791887026,811.3369841966273
4808.867497479143,4676.368328125613,132.4991693535303
3945.7603249853623,4794.596056439369,-848.8357314540067
4811.675436565277,4864.6230754436065,-52.9476388783296
4817.320124460619,4891.497214769204,-74.17709030858532
4814.626426066859,4451.920995963235,362.70543010362326
4821.605295474409,4782.343129701764,39.26216577264495
4798.6935916069615,4804.957487531474,-6.263895924512326
4811.728552846401,3927.7379141679035,883.9906386784974
4807.066614744951,4847.927467043554,-40.86085229860328
4825.485423286432,3938.510134303555,886.9752889828769
4765.582806128058,4785.459374549112,-19.87656842105389
4787.397174599803,3971.2299904732276,816.1671841265756
4788.829609792671,4682.871684629527,105.95792516314395
4785.576517799147,4852.350558181589,-66.77404038244185
4785.347673074592,4852.882904673634,-67.53523159904125
4777.091910200249,4808.7365785533075,-31.644668353058478
4784.301733660701,4850.878493152025,-66.57675949132408
4788.311631600881,4877.614853706495,-89.30322210561371
3910.583898640085,3934.4474832952183,-23.86358465513331
3902.2765625915913,4861.220145964751,-958.94358337316
3909.4890326292675,3934.174926856824,-24.685894227556673
3904.750664720158,4675.558732152232,-770.8080674320736
3899.5603602463916,3967.241923601794,-67.68156335540243
3739.171994618079,4456.007083228877,-716.8350886107974
3761.30373253595,4870.8625982898875,-1109.5588657539374
4515.372459640798,4551.287059429089,-35.914599788290616
4530.225142872264,4787.646262447675,-257.42111957541147
4521.623574045005,3962.0840236723416,559.5395503726631
4535.121281597512,3942.5790583940848,592.5422232034275
4522.181331105057,3762.445824334839,759.7355067702183
4513.993331279518,4842.381185585362,-328.3878543058436
4516.619899787844,4840.542981480696,-323.92308169285207
4856.596651554489,4700.247938486021,156.348713068468
4856.922562811786,4703.39562467421,153.5269381375756
4862.237943027011,4859.940850300704,2.2970927263068006
4436.929423096813,4896.581309458354,-459.6518863615411
4428.449784945544,4822.505502024903,-394.05571707935906
4423.269892025427,4819.578984425722,-396.3090924002954
4445.52706519024,4668.618842331861,-223.0917771416207
4864.386191081132,4850.789576981609,13.596614099523322
4873.07794317619,4917.701715928212,-44.62377275202198
4867.306178151218,4826.596561876156,40.70961627506222
4853.795399760646,4817.032001247407,36.763398513239736
3909.572171734518,4826.810428889739,-917.2382571552212
3917.263216614889,3941.9809622988078,-24.717745683918565
3911.0444027257568,4759.072533771063,-848.028131045306
3926.687589670367,4716.301253974705,-789.6136643043383
4687.601676385939,4907.3168680924455,-219.71519170650663
4688.200397645658,4897.675123840845,-209.47472619518703
4679.133740729322,4535.194111784512,143.93962894481047
4697.060616727774,4914.522391085976,-217.4617743582021
4677.876020439993,3961.9538364542927,715.9221839857005
4677.994621153008,4772.093286341308,-94.0986651883004
4686.675203846954,3920.8285015124347,765.8467023345193
4821.83142862718,4778.452415528272,43.37901309890822
4822.064448801278,4864.667352552998,-42.60290375172008
4511.819870511361,3931.1114132843845,580.7084572269764
4489.495091012077,4333.916307870774,155.57878314130267
4517.782973182653,4863.901492276352,-346.1185190936985
4501.314707953385,4856.91802769799,-355.60331974460496
4512.054950355471,4773.087820589892,-261.03287023442044
4833.282670332341,4845.989072104535,-12.706401772194113
4819.920940934191,4638.025066735656,181.89587419853524
4829.51129942254,3954.0435080282905,875.4677913942496
4413.534319068049,4838.386663271086,-424.8523442030373
3739.4992093007304,4873.80294521973,-1134.3037359189993
3743.0043060156017,3984.563713856583,-241.5594078409813
3729.223926055663,4543.264168962604,-814.0402429069413
4614.894538926455,4829.620005377006,-214.7254664505508
4634.228637160571,3963.1252647175984,671.1033724429731
4639.472250123574,4900.717537253551,-261.24528712997744
4634.02933206863,4808.807768799925,-174.7784367312952
4637.158542479308,3967.930053716485,669.2284887628234
4639.013129064726,4855.618074427007,-216.6049453622809
4639.565203175182,4659.9853228749525,-20.42011969977011
4631.857259001017,3961.0213659668348,670.8358930341824
4862.050663282864,4687.768834738655,174.28182854420902
4644.307789181481,4822.253380879814,-177.94559169833337
4650.067715668755,3893.0357662264387,757.0319494423165
4640.53275313532,3755.774415892456,884.7583372428635
4661.585313142789,4800.54278362312,-138.9574704803308
4658.024629400993,4703.113323369131,-45.088693968137704
4635.908257497446,4812.818833698547,-176.9105762011004
4647.22492041931,4824.341681996676,-177.11676157736565
4864.228055669687,3890.993240140234,973.234815529453
4649.495081409817,4852.250188064815,-202.7551066549977
4636.776324287721,4671.892165060419,-35.11584077269799
4659.690979546889,3979.4766953341737,680.2142842127155
4635.3508421030265,4064.6235780582047,570.7272640448218
4666.528383647053,4720.431589224552,-53.90320557749965
4642.3230226085,4629.889555381136,12.433467227363508
4641.568405304079,4543.150191833631,98.41821347044788
4847.0806188744855,4782.040849227457,65.03976964702815
4627.795644153856,4735.682762891251,-107.8871187373943
4630.980074980093,3959.5456375505996,671.4344374294938
4618.7107737040915,4773.56487748038,-154.85410377628887
4637.388363898718,4657.773512650977,-20.38514875225883
4608.574110954873,4063.307387324231,545.2667236306415
4638.042222650205,4351.509217544111,286.5330051060937
4635.551079361168,4810.888499061692,-175.33741970052324
4613.9510021363,4450.076987970241,163.87401416605917
3739.6564590816492,4781.677374845813,-1042.0209157641634
3750.348010711427,4909.586397710605,-1159.2383869991777
3744.9205504074084,4873.436243013116,-1128.5156926057075
3912.575567704898,4087.4406581974686,-174.86509049257074
3915.1010373238496,4838.897701813221,-923.7966644893713
3897.6324349665106,4684.717200056248,-787.0847650897372
3909.0148777116897,4871.558117514424,-962.5432398027347
3901.2983931363556,3762.7444506474053,138.55394248895027
4787.969554145643,4891.723854266685,-103.75430012104152
4797.578931815886,4632.792037882324,164.78689393356217
4788.127684125366,4301.734070310959,486.3936138144063
4803.37407498668,4750.010575583989,53.36349940269156
4799.078956884954,4877.54298439754,-78.46402751258574
4792.771480587796,4690.766069901593,102.0054106862026
4804.482882529275,4834.987449120078,-30.504566590802824
4786.466635240884,4537.272972913526,249.19366232735774
4730.5973891212125,4549.514856534932,181.08253258628065
4707.6774718516235,4851.427614229348,-143.75014237772484
4739.260363245057,4865.327806104686,-126.0674428596285
4722.336723679971,4898.462886561194,-176.12616288122263
4730.741882529379,4854.1336307322445,-123.39174820286553
4723.791808466673,4814.661234125016,-90.86942565834306
4720.480845385439,4647.252247027075,73.22859835836425
4725.331378161791,4543.03104899269,182.30032916910113
4751.847466765048,3940.9152152106612,810.9322515543868
3896.6568732894293,3882.704439529071,13.952433760358417
3896.4235668536076,4847.425925906367,-951.0023590527599
3895.7169004640245,4791.910603827987,-896.1937033639624
3908.6664795575944,4547.560623821746,-638.8941442641517
3906.6870803242837,4808.219416126279,-901.532335801995
4788.712108666006,3926.3398777388898,862.3722309271166
4780.084772188658,4770.622386325403,9.462385863254895
4798.859391192955,3968.9969363992204,829.8624547937343
4788.855209563604,4643.942048054001,144.91316150960301
4789.952579651594,4470.850310275712,319.1022693758814
4788.164445958591,4912.288230613519,-124.12378465492748
4776.633875997869,4823.211196203494,-46.577320205625256
4779.5632876815425,4652.490338356854,127.07294932468812
4829.057791016461,4708.209923159384,120.84786785707729
4805.307244687428,4733.170481562455,72.13676312497228
4816.587993966472,4547.420390749178,269.1676032172936
4806.399433915691,4647.780748291738,158.61868562395284
4810.05944084541,4848.226985630039,-38.16754478462917
4810.447086582805,4891.217309511437,-80.77022292863148
4816.9721398369065,4845.690760909434,-28.71862107252764
4798.072662110824,4871.160906603678,-73.08824449285385
3950.7432281571237,3895.4520096829456,55.291218474178095
4831.581182992039,4801.501308982715,30.079874009324158
4814.572043081316,4854.46392690616,-39.89188382484372
4803.485093075179,4766.112796007665,37.37229706751441
4831.20924625501,4484.475853638628,346.73339261638193
4803.929610451892,4856.285291152257,-52.355680700365156
4791.265410354522,4832.70777591113,-41.44236555660791
4796.229850805033,4810.839827762826,-14.609976957793151
4809.5222125929595,4695.391817275145,114.13039531781487
4789.7857493734255,4697.516556289019,92.26919308440665
4796.274814546241,4662.693770450063,133.58104409617772
4792.19594002988,4747.396014600655,44.79992542922537
4773.835775227366,4764.943576165978,8.892199061388055
4772.200739276674,4785.589213418697,-13.38847414202337
4771.233211597801,4439.726867764552,331.50634383324905
4765.666615934587,3882.956250006465,882.710365928122
4781.684064283815,4769.523365572261,12.160698711553778
3904.2965835452965,4778.853853116491,-874.5572695711949
3916.929542639712,3941.3616995329658,-24.432156893253705
3899.0683770065916,4751.517487426333,-852.4491104197414
3904.2771460346116,3959.4708830208597,-55.19373698624804
3891.7847850751787,3915.145413780253,-23.360628705074305
3749.5499382791986,4855.988049183012,-1106.4381109038131
3733.124194534154,3952.975887299093,-219.8516927649389
4514.959059494271,4815.684582907624,-300.7255234133527
4527.661526964865,4787.134926991803,-259.4734000269382
4514.38387306999,4070.9998271895647,443.3840458804252
4516.922959170329,4551.087718093827,-34.164758923498084
4513.69195565254,4533.595854971189,-19.903899318648655
4526.836533390234,3769.7323165284442,757.1042168617896
4518.417993637201,4772.149761028205,-253.7317673910038
4854.873188503942,3924.25429283722,930.6188956667224
4860.818080868902,4541.168845666177,319.6492352027253
4839.423679359094,4521.96922383519,317.45445552390447
4432.41629036346,4882.827766481251,-450.4114761177916
4424.370489874936,4879.394351641827,-455.02386176689106
4426.458823799724,3923.5983507385404,502.8604730611837
4436.158487499813,4655.53239543551,-219.37390793569648
4853.441427726884,4847.0942433585005,6.3471843683837506
4857.958930979487,4865.395882258085,-7.436951278597917
4871.397693721039,4852.38030374601,19.01738997502889
4855.399565056013,4863.03729723728,-7.637732181266983
3911.0444027257568,3966.5472656465645,-55.50286292080773
3909.2830120231356,4852.195910004773,-942.9128979816378
3909.060191224987,4814.769954955002,-905.7097637300144
3908.1371044150296,4677.5699606663975,-769.4328562513679
4673.176579890372,4818.122804575957,-144.94622468558555
4679.957607720469,4896.029761042432,-216.07215332196301
4686.424656024987,4083.052723775199,603.3719322497877
4690.694767684253,3987.285049025072,703.4097186591807
4666.709623760263,4830.157313567856,-163.44768980759363
4678.224854379401,4782.014325360403,-103.78947098100161
4680.646253564952,4649.785315842553,30.860937722398376
4824.272919483072,4886.233410356093,-61.96049087302163
4813.633358818213,4671.672788498242,141.96057031997134
4500.184752476751,4847.354711559821,-347.16995908307035
4501.594718639441,4839.85138089432,-338.2566622548784
4500.802065501227,4676.092941285708,-175.2908757844807
4505.008187238923,4837.690411252087,-332.68222401316416
4515.773107845427,4664.428372430257,-148.65526458482964
4841.104696368419,4564.653713629308,276.45098273911117
4844.024690986642,3928.69119172397,915.3334992626719
4836.113575480942,4862.781952622109,-26.668377141167184
4408.390302143544,4788.287200821719,-379.8968986781747
3739.4992093007304,4631.852156686278,-892.3529473855478
3734.8808198673432,4648.897169048947,-914.0163491816038
3742.1212089781975,3861.4313082919234,-119.31009931372591
4611.188528912725,4759.929398670221,-148.7408697574965
4629.77184326296,4648.631976988004,-18.860133725043852
4636.858165859754,3771.6729195623725,865.1852462973816
4625.490285534001,3905.095236860912,720.3950486730887
4649.150719490834,4804.7738493824345,-155.6231298916009
4623.556619179954,4864.965092394117,-241.40847321416277
4634.978292146027,4793.328069283637,-158.34977713760964
4634.775560367041,4811.364055517249,-176.58849515020756
4860.983987938456,4810.17863841955,50.80534951890604
4664.202607587698,4666.636089696858,-2.4334821091597405
4653.349996264688,4896.750525947643,-243.40052968295458
4643.166806603204,4853.332063817089,-210.16525721388462
4653.76136903501,4884.684037583124,-230.92266854811442
4663.472380281577,4707.765880270107,-44.29349998853013
4653.686431735645,4782.729742365562,-129.04331062991696
4666.6348689763745,3999.8370649885096,666.7978039878649
4876.853900638497,3976.037166314123,900.816734324374
4652.489286024619,4866.0329481832405,-213.54366215862137
4656.495317016323,4811.124518582007,-154.62920156568453
4645.32569730217,4831.91016751747,-186.58447021529992
4667.580021815566,4905.564336483853,-237.98431466828697
4657.9785693717495,4080.996514695248,576.9820546765013
4665.151705018728,4565.952334760409,99.1993702583186
4649.64697215225,4800.857378312635,-151.210406160385
4863.572790025634,4799.4740746746,64.09871535103412
4631.825526118585,4860.475340150653,-228.6498140320682
4645.585153975914,4665.441081736245,-19.855927760330815
4631.215866469944,4770.909076412583,-139.69320994263944
4628.561062331664,4845.860152908684,-217.29909057701934
4640.944254483928,4850.845997236959,-209.9017427530316
4654.680319523615,4652.185538987873,2.494780535742393
4651.970312504175,3775.919255826846,876.0510566773291
4633.051994872393,3769.0226861078027,864.0293087645905
3738.2789473522703,4745.333364628067,-1007.0544172757968
3749.0887575357797,4791.704151996682,-1042.6153944609027
3745.3835151055805,4880.608184488054,-1135.2246693824732
3910.733738698113,4770.018133252989,-859.2843945548761
3921.3262462584203,4484.460295903974,-563.1340496455537
3909.2601386643437,4657.260066618926,-747.9999279545827
3911.0406446827033,3903.885832153091,7.1548125296121725
3912.068252651065,4819.208830131952,-907.1405774808868
4796.5731914361795,3767.4246595291775,1029.148531907002
4787.8938683613305,4570.939191963704,216.95467639762683
4778.061825253911,4556.523293601431,221.53853165247983
4784.530166719553,4840.363722591233,-55.8335558716808
4804.935671626284,4882.21786217263,-77.2821905463461
4792.9045894036335,3922.712042410781,870.1925469928524
4792.899650967039,4802.566292978307,-9.666642011267868
4782.926967546065,4766.851126077601,16.075841468463295
4721.156223405824,4835.451466321323,-114.29524291549933
4715.437221914035,4789.84690387976,-74.40968196572521
4702.175858160731,3740.4635370028004,961.7123211579305
4736.224981802495,3927.9577998778414,808.2671819246534
4729.648458457067,3933.669930993934,795.9785274631331
4733.0571386357715,4088.2041335066274,644.8530051291441
4725.953606029018,3988.8456782632175,737.1079277658009
4739.583552729759,4557.057093191199,182.52645953855972
4729.01400580516,3881.6753568784798,847.3386489266804
3906.8139169366814,4656.30039573415,-749.4864787974684
3907.93681167424,4855.230186641968,-947.2933749677286
3908.6664795575944,4702.904549666097,-794.238070108503
3904.0027940237046,4855.551681288492,-951.548887264787
3914.6940009833233,4815.165601539012,-900.4716005556884
4782.108642499638,4649.94354835102,132.16509414861866
4773.102190425661,4779.702492490219,-6.600302064557582
4790.675516577883,4806.971558926161,-16.296042348278206
4787.792101747826,4865.977024140239,-78.18492239241368
4786.856188401344,4904.656959308115,-117.8007709067706
4772.378940759234,4872.325273216534,-99.94633245729983
4780.665747915649,4824.860823825256,-44.19507590960711
4772.392318048807,4642.9998271760105,129.39249087279677
4798.64455759839,4848.988204172952,-50.34364657456172
4798.990633594503,4640.244927701986,158.74570589251744
4809.577220206041,4902.422144723262,-92.84492451722144
4808.160903831409,4745.648470045936,62.51243378547315
4805.078255426998,4868.324349524765,-63.24609409776713
4830.09332437369,4713.999007235044,116.09431713864615
4814.054089350871,4843.0103459734655,-28.956256622594083
4809.0407293968765,4650.396124394031,158.6446050028453
3956.4750788646993,4085.594543933701,-129.11946506900176
4810.539772718672,3974.7667388491755,835.7730338694964
4817.792461551259,4890.8361052730015,-73.04364372174223
4811.77957616253,3775.1967140448805,1036.5828621176497
4810.524171873599,3930.11994319789,880.404228675709
4802.536591247032,4329.757840488425,472.7787507586072
4797.2166456843825,4848.190135441572,-50.97348975718978
4803.42828257899,4842.647439701578,-39.21915712258851
4815.414259289758,4548.13492013594,267.279339153818
4779.7573549409935,4782.430804777017,-2.673449836023792
4790.777068313966,4795.573796793278,-4.796728479312151
4777.091910200249,4771.853584627027,5.238325573222028
4791.901570771977,4546.819473881927,245.0820968900507
4773.324165256717,4670.502763630025,102.82140162669202
4781.388210572793,4574.920756911194,206.46745366159848
4778.747350096975,3906.9314526855474,871.8158974114281
4802.211058554039,4857.735690334493,-55.524631780454
3904.7598273037174,4834.94545614397,-930.1856288402523
3909.9440594103526,4765.0918141771435,-855.147754766791
3901.3374521478368,4704.723613826118,-803.386161678281
3909.8280781414114,4758.556857875839,-848.7287797344279
3902.6564614817426,3757.942538207211,144.71392327453168
3752.867332065509,4838.099368965767,-1085.2320369002582
3741.6813908868635,4906.093255944124,-1164.411865057261
4521.435880425083,4643.780710338514,-122.34482991343066
4517.132648679464,3763.810195377154,753.3224533023104
4531.230594106304,4787.247888877709,-256.0172947714045
4524.42274211144,4845.131733321736,-320.7089912102956
4518.181823884791,4882.263632379877,-364.0818084950861
4513.497542603031,4842.065820465417,-328.5682778623859
4524.944541360218,4759.627152609093,-234.68261124887522
4848.4934045901755,4784.5238088846345,63.969595705540996
4842.386203735664,4842.413016830196,-0.026813094532371906
4867.001280656521,4756.124064942599,110.87721571392194
4423.990650666734,4074.666370061121,349.3242806056128
4426.22301660742,4866.267915660276,-440.04489905285664
4444.153340932239,4000.1131016049503,444.0402393272889
4418.978201118799,3756.3836882812,662.5945128375988
4867.718936963244,4842.023748116605,25.695188846639212
4861.264216967745,4650.865562460757,210.39865450698744
4867.38124347337,4001.044493414897,866.3367500584732
4866.808199432028,4909.438357179944,-42.6301577479162
3909.912543841202,3964.4135073583825,-54.50096351718048
3902.8168043087776,4538.730931023603,-635.9141267148257
3901.027808809826,4839.886922999695,-938.8591141898692
3898.957168088242,4879.572016067539,-980.6148479792973
4677.794297816577,4439.974573152301,237.81972466427578
4670.839612335698,4838.779767944197,-167.94015560849948
4685.480218677466,4628.827495681307,56.652722996159355
4689.568421364839,4897.523092811778,-207.95467144693885
4693.76759668439,4807.305593309812,-113.53799662542224
4679.541984075271,3991.4863719225045,688.0556121527666
4686.345425807601,4789.664828022928,-103.3194022153275
4836.586122264583,4898.308572655165,-61.72245039058271
4829.961251240789,4786.769466126972,43.19178511381779
4500.661903104932,4699.10686933402,-198.4449662290881
4491.776301265461,4685.149940598911,-193.37363933344932
4495.0506010572235,3917.0554797897767,577.9951212674468
4498.733285269809,4852.590796748236,-353.8575114784271
4503.968718871648,4558.4799790419975,-54.51126017034949
4851.457617502707,4775.777153952923,75.68046354978378
4829.651876819839,4843.226701115312,-13.574824295472354
4832.603771673384,3989.9918251629583,842.6119465104252
4405.3912448462415,4779.173972685758,-373.78272783951616
3739.4992093007304,4642.814494149976,-903.3152848492455
3744.7964989513116,4740.881795913805,-996.0852969624934
3751.479549614154,4701.8845889018085,-950.4050392876543
4611.340199181126,4819.424321374272,-208.08412219314596
4635.439913808534,3770.9885795722394,864.4513342362943
4611.920599817678,4631.786443172683,-19.86584335500538
4636.812796380461,4793.654255608373,-156.8414592279123
4646.253415184357,3910.8385958282643,735.4148193560932
4630.676656963455,4652.021752396292,-21.345095432837297
4623.677563260944,4873.40964586232,-249.73208260137562
4616.098485088957,4773.306225293104,-157.20774020414683
4851.501631688032,4832.886840419936,18.61479126809627
4652.571464520893,3863.0360392353778,789.535425285515
4666.329706051324,4918.325813519026,-251.99610746770213
4642.263194588022,3918.5972125578965,723.6659820301256
4660.6956085489555,4874.318486068892,-213.62287751993608
4641.850353799561,3959.1223137291145,682.7280400704467
4652.474461057739,4632.004235467315,20.47022559042398
4635.439786138919,3890.9739155454586,744.4658705934603
4865.351740930663,4683.605100929067,181.74664000159646
4639.93512626702,4867.301770011828,-227.36664374480824
4647.126924274468,3929.738424130187,717.3885001442814
4659.394517550736,4839.78807005944,-180.39355250870358
4650.278548105484,4695.582412207838,-45.303864102354055
4645.122639964528,4797.181920168474,-152.0592802039455
4647.685185317053,4081.3125123646532,566.3726729523996
4652.647283567503,4079.4828310364783,573.1644525310248
4857.320903457594,4855.360895638042,1.9600078195517199
4629.3764243420765,4774.563438137546,-145.18701379546928
4634.879613951937,4681.976128124636,-47.096514172698335
4634.573604730157,4691.16212630971,-56.588521579553344
4625.540230376038,3758.0813715458294,867.458858830209
4614.15003672649,4535.70477237095,78.44526435553962
4638.535466548438,4806.6059052912815,-168.07043874284318
4635.4217376214265,4855.165472235388,-219.74373461396135
4638.171455879185,4785.32060785583,-147.14915197664504
3734.2743710120294,4773.290536163181,-1039.0161651511517
3740.9335807288267,4851.904210181754,-1110.9706294529274
3743.3175800061435,3984.324843776995,-241.0072637708513
3898.9120565559883,3918.514297239628,-19.602240683639593
3924.766062872122,4668.5604135963185,-743.7943507241966
3906.42218452091,4776.358606908683,-869.9364223877733
3920.0864039889907,4889.369179533211,-969.2827755442199
3909.8834045151484,4641.922401418884,-732.0389969037356
4790.758353700955,4697.3375939936295,93.42075970732549
4788.173168809694,4340.393466723048,447.77970208664647
4793.466716711592,4628.065151839084,165.40156487250806
4794.684315305932,4333.363043885582,461.32127142035006
4795.694204547835,4850.386430649321,-54.692226101485176
4791.751069570376,4801.6749330090315,-9.923863438655644
4802.1119314962425,4784.501440261814,17.610491234428082
4784.684001424557,4839.81866886694,-55.134667442383034
4724.278835315259,3982.6478639196503,741.6309713956089
4715.732346813887,4730.920169683094,-15.187822869207594
4724.3903821210815,4568.6708667190205,155.719515402061
4736.028800283917,3973.0910792745817,762.9377210093353
4726.896063534373,4646.239685599956,80.65637793441692
4701.449694596521,4755.808616722194,-54.35892212567251
4721.655997673913,3764.116889692434,957.5391079814785
4714.099259696301,4850.232431127388,-136.13317143108725
4750.922775856329,4666.073129262763,84.84964659356592
3898.288780077134,4839.856949653723,-941.5681695765888
3900.8814920733253,3926.2406126245596,-25.359120551234355
3906.6870803242837,4841.539396438935,-934.8523161146513
3914.6940009833233,4649.03815203314,-734.3441510498169
3896.473356579005,4871.449932839935,-974.97657626093
4784.442004445096,4545.127560143815,239.31444430128158
4803.001875145501,4799.057778171096,3.9440969744046015
4782.36315647877,4892.1546097765695,-109.79145329779931
4782.553380174008,4558.036413517399,224.51696665660984
4778.080732282461,4700.128159138228,77.95257314423361
4788.949047363164,4878.852456666467,-89.9034093033033
4789.644172784544,3960.3603404938135,829.2838322907305
4768.210323722309,4639.808348774725,128.40197494758377
4803.417609494273,4671.436914088658,131.98069540561482
4822.053565361525,4848.98345528759,-26.92988992606479
4823.442566671326,3899.317493761778,924.1250729095477
4803.68956767721,3997.3349459621786,806.3546217150315
4801.151101759639,4840.584080770543,-39.43297901090409
4814.918245476737,4792.665937684122,22.252307792615284
4815.913771865421,4856.508730455985,-40.59495859056369
4806.849803938933,4848.10387143584,-41.25406749690683
3947.374694923521,4794.719141546186,-847.3444466226647
4825.661812466717,4815.136661569635,10.525150897081403
4800.271729138673,4438.788871142154,361.48285799651967
4811.916641973211,4544.150802859346,267.7658391138648
4814.296817450469,4834.751918689031,-20.455101238562747
4808.188691294577,4859.912682577738,-51.72399128316101
4802.054611069379,4882.296653547689,-80.2420424783104
4811.699102841183,4798.485165047878,13.213937793305377
4804.982744435209,4084.243444347322,720.7393000878865
4764.6789122164,4832.209953877724,-67.5310416613238
4791.204472400044,3978.9767927744156,812.2276796256288
4792.301841378337,3902.8946368455345,889.4072045328021
4786.3310822568355,4757.321382651199,29.009699605636342
4789.383343431692,4784.350490686843,5.032852744849151
4777.967307021513,4647.974287118976,129.99301990253753
4782.976040284041,4704.8231516452615,78.15288863877959
4775.186022919495,3908.8559541857994,866.330068733696
3911.9753113442157,4834.162368028995,-922.1870566847792
3911.2440955997067,4747.014623245548,-835.7705276458414
3900.1796307438235,4624.498628158081,-724.3189974142579
3907.8833345635517,4680.839767415336,-772.956432851784
3907.8100662679303,3768.9870814630326,138.82298480489771
3733.0316491755034,4780.746732459609,-1047.7150832841057
3739.7762138939365,4880.9208320828875,-1141.144618188951
4525.402873768069,4780.608729763867,-255.20585599579772
4528.583272942062,4901.033384509589,-372.45011156752753
4505.613288011683,4430.61157431658,75.00171369510281
4513.175190293621,4772.236250791499,-259.0610604978774
4522.8780205585135,4810.423524766435,-287.5455042079211
4516.775157502475,4830.165499791016,-313.39034228854143
4538.15492206328,4487.0292995871,51.12562247618007
4863.7418138921375,4829.469983866949,34.27183002518814
4871.163853272427,3868.9930784271205,1002.1707748453068
4857.729025029929,4809.879998000846,47.84902702908312
4427.867229073066,4864.790224608303,-436.92299553523753
4442.910415966971,4749.1864194169375,-306.2760034499661
4431.318837995229,4850.204312440345,-418.8854744451164
4426.549460717023,4776.666582340408,-350.1171216233852
4875.181102308627,4343.218837464199,531.9622648444274
4862.33800912522,3975.1325752560833,887.2054338691369
4885.508218066153,4872.46837228124,13.039845784913268
4858.609010501498,4624.742352224079,233.86665827741945
3900.168520608293,4782.936748011258,-882.7682274029648
3906.1830558313527,4848.2992067909145,-942.1161509595618
3906.701704584077,3973.6811411725357,-66.97943658845861
3912.3215774844975,4744.069992534283,-831.7484150497858
4685.480218677466,4640.091675479436,45.388543198029765
4674.233252613954,4840.987335294982,-166.75408268102728
4671.20541051105,3913.4203729781307,757.7850375329194
4681.36371350527,4775.456165772001,-94.09245226673102
4679.125940966692,4735.745783727886,-56.61984276119438
4687.525264094308,4643.426834133299,44.09842996100906
4685.232044580882,3927.3519475218013,757.8800970590805
4819.34841283983,4820.543437871176,-1.1950250313457218
4823.3708504919105,4557.192301688862,266.1785488030482
4494.0230451526,3984.441559905052,509.58148524754824
4503.393014167022,4894.057829991517,-390.66481582449524
4517.159897995085,4902.052707024292,-384.89280902920746
4505.27032407104,4859.421986890387,-354.1516628193476
4497.56366262658,4822.568360273455,-325.0046976468757
4846.9650040680235,4790.587801604685,56.37720246333811
4825.051548803068,4895.791999120231,-70.74045031716287
4829.521609534818,4646.9223323126125,182.59927722220527
4400.782255495109,4798.523937736582,-397.7416822414734
3739.4992093007304,4797.941663480948,-1058.4424541802173
3751.3588717551615,4861.085943385838,-1109.7270716306762
3739.600790920113,4852.0474058655545,-1112.4466149454415
4626.718342000804,4854.00493768513,-227.28659568432613
4624.184977410781,4781.669374403266,-157.48439699248502
4633.063481496634,4902.8306134372315,-269.7671319405972
4636.925293714246,4855.909726440755,-218.9844327265082
4622.333957787277,4839.694675949286,-217.3607181620091
4618.806046581165,4615.00028380984,3.805762771325135
4618.00788355695,3948.2360260355226,669.7718575214276
4638.51776505691,3971.7548300850935,666.7629349718168
4867.283156434321,4837.750511845588,29.532644588733092
4663.809947754323,4792.5513677027975,-128.7414199484747
4656.207446834067,4912.601246662174,-256.39379982810715
4649.589598076251,4707.630423872914,-58.04082579666374
4632.945984991586,3949.3728243788687,683.573160612717
4648.541739195658,3988.151694868115,660.3900443275429
4655.298052403268,4854.035511330837,-198.7374589275687
4657.041573455224,4820.396794813874,-163.35522135864994
4864.406566330353,4771.4673398373725,92.9392264929802
4663.351279073621,3934.64702019195,728.7042588816712
4659.690979546889,3968.55185252608,691.1391270208092
4646.165071101913,4887.729229810273,-241.56415870836008
4652.932374750157,4830.489340436491,-177.55696568633448
4668.12810612868,4866.1147780648635,-197.98667193618348
4651.151147565525,4444.578300154603,206.5728474109219
4655.11522548908,4085.558447273999,569.5567782150815
4846.300548867919,4567.24173872511,279.0588101428093
4621.011790778266,4071.664756408088,549.3470343701779
4629.870268989892,4764.166658223551,-134.29638923365928
4638.881825388013,4888.975687041714,-250.09386165370142
4635.808551425027,3963.12623238812,672.6823190369068
4654.680319523615,3919.9148225336135,734.7654969900018
4620.893947732354,3951.992826556021,668.9011211763327
4627.893452057936,4340.904171466931,286.9892805910049
4632.912070363808,4806.845175222923,-173.9331048591148
3735.528560546362,4774.5254775818385,-1038.9969170354766
3752.833767197523,3934.250353720752,-181.4165865232294
3743.78547217995,3901.9713337813455,-158.18586160139557
3915.7229520700766,3971.7056006010816,-55.982648531005
3909.8981792156465,4645.265204194835,-735.3670249791885
3922.4275947898673,4889.186100600763,-966.7585058108957
3897.989670217016,4854.7449964240595,-956.7553262070437
3908.6860060306967,4831.961979789487,-923.2759737587899
4782.401761089443,4872.0249385825555,-89.62317749311205
4786.237568636617,3760.829931135243,1025.4076375013738
4786.622552324289,4899.96585367155,-113.34330134726042
4785.272944577101,4893.359751810238,-108.08680723313682
4797.144662764327,3928.7172150848096,868.4274476795176
4790.35103267052,4834.942970144839,-44.59193747431891
4807.04851474461,4850.410588437054,-43.36207369244403
4799.870935481823,4795.853292403336,4.017643078486799
4718.148320297199,4649.01354016045,69.1347801367483
4721.448688974636,4074.9918331829317,646.4568557917041
4718.604382658379,4823.849698744425,-105.24531608604593
4714.813841741683,4789.35300099969,-74.5391592580072
4728.51899117237,3999.7766739806575,728.7423171917126
4727.377706077921,4850.116692283018,-122.73898620509681
4711.853639612067,4434.518239078906,277.3354005331612
4729.256147733724,3930.471568897928,798.7845788357959
4735.792401742131,4646.249726968761,89.54267477336998
3898.553492169892,4549.035455041966,-650.4819628720743
3904.575621214385,4624.972189592718,-720.3965683783326
3908.269766494635,4831.20229593112,-922.9325294364849
3899.805418154339,4776.56108630975,-876.7556681554111
3907.349592119733,4707.429946537817,-800.080354418084
4798.10897711028,4664.042016642031,134.0669604682489
4786.062539471087,3993.0842211734175,792.9783182976694
4783.014124883165,4901.917134879606,-118.90300999644114
4789.1060275786685,4786.287962772543,2.8180648061252214
4784.675189448133,4906.905941720227,-122.23075227209392
4772.005192366019,4543.051489299897,228.95370306612222
4767.449709472278,4875.799970780307,-108.35026130802908
4781.7948122893395,3998.00060287166,783.7942094176797
4798.525581669251,3970.5802759061203,827.9453057631304
4815.93026510508,4855.182701716245,-39.25243661116474
4801.591680990727,4535.409529743986,266.18215124674043
4804.878161681361,4825.30263342126,-20.424471739898763
4811.2051974782225,4807.823456039461,3.38174143876131
4818.208543021446,4658.368835950022,159.83970707142362
4815.572081729241,4810.4114923439665,5.160589385274761
4804.255407024187,4867.192149692483,-62.936742668296574
3952.06021578313,4649.638194231542,-697.5779784484121
4799.218469816171,3963.8835134867927,835.3349563293782
4791.265410354522,3966.124098792496,825.1413115620257
4805.655326660283,4825.247295970889,-19.591969310606146
4818.962025568306,4807.318345942619,11.643679625686673
4801.415424854309,4851.763047473968,-50.34762261965898
4820.184258695084,4797.367172486507,22.817086208577166
4793.66608818451,3946.687189142556,846.9788990419543
4832.453691565546,3976.4724315558606,855.9812600096857
4780.232545602687,4857.214564604098,-76.98201900141066
4783.444338982801,3922.6480711081754,860.7962678746258
4792.745389368347,4837.525850209742,-44.780460841395325
4790.283163744712,4844.922286083699,-54.63912233898736
4784.620411303038,4851.428340599448,-66.8079292964103
4780.252026199745,4555.694417434454,224.55760876529075
4793.563007251228,3776.0029770134524,1017.5600302377752
4783.186449909063,4070.566672749763,712.6197771593006
3900.689937724633,4442.726854927936,-542.0369172033029
3912.015291084178,4755.570540771122,-843.5552496869441
3919.3806823815353,4572.679925803125,-653.2992434215898
3902.5624725188536,4077.8193233870775,-175.25685086822386
3912.082274510753,4845.798985764717,-933.7167112539641
3737.315113987139,4687.798751654963,-950.483637667824
3736.0021738456862,4898.647419530774,-1162.6452456850875
4526.284274918669,4642.701176705351,-116.41690178668159
4521.739054145854,4628.654581710887,-106.91552756503279
4510.588360338342,4547.236201600945,-36.647841262602924
4523.7550051249655,4852.635980286227,-328.88097516126163
4514.397332808483,4778.211467901153,-263.81413509266986
4517.374698083657,4684.9020347782025,-167.52733669454574
4528.6395992381795,3903.534348238604,625.1052509995757
4874.881785843452,4810.921115892644,63.96066995080855
4853.640556097035,4851.376612834995,2.263943262039902
4858.6374662565495,4622.473050632462,236.16441562408727
4424.261553869696,4862.3698005108145,-438.10824664111806
4429.493570003276,4692.242308600472,-262.7487385971963
4427.486468147788,4080.2403512000087,347.2461169477797
4418.151628723095,3919.1334153428043,499.01821338029094
4861.616582215796,3930.19896496769,931.4176172481066
4862.292253626091,3957.826569275672,904.4656843504195
4850.72150609209,4824.950303150754,25.771202941336014
4859.61075922487,4844.824733381419,14.78602584345117
3905.5873970388056,4773.742045700974,-868.1546486621683
3901.937430594288,4847.539176783421,-945.6017461891329
3893.7419966657267,4524.57076317912,-630.8287665133935
3926.30353363391,4325.6199082852545,-399.31637465134463
4693.76759668439,4542.0666681250195,151.70092855937037
4671.7740340956025,4785.100061656654,-113.32602756105189
4679.125940966692,3898.314867850011,780.8110731166807
4692.1059221992655,4565.466519571545,126.6394026277203
4676.32224138835,3901.2503519165034,775.071889471847
4682.932342719999,4775.984673252812,-93.05233053281336
4684.788459898766,4817.022962629019,-132.23450273025355
4829.708854296976,4856.709619810769,-27.00076551379334
4830.503976797475,4584.795213921129,245.70876287634565
4506.169473649274,4776.839990909539,-270.6705172602651
4509.750608799063,4855.581386334921,-345.83077753585803
4497.235069035809,3800.4518365999597,696.7832324358492
4520.6043144394835,4828.889877540825,-308.2855631013417
4500.152623177542,4884.994740571651,-384.84211739410875
4834.6139611640465,3969.82179926115,864.7921619028966
4838.07525415349,3905.6085349661,932.4667191873905
4832.704128475068,4857.150165062086,-24.44603658701817
4403.022182057759,3908.658481703199,494.36370035456
3739.4992093007304,4763.969158765682,-1024.4699494649512
3743.6368928234715,4785.739430288936,-1042.1025374654646
3740.9683422226417,4623.601600174804,-882.6332579521622
4625.819383099367,4644.3821021806625,-18.562719081295654
4628.104688222634,3766.815946815629,861.2887414070046
4622.5444834693635,3953.0565650259214,669.4879184434421
4622.59626825733,4853.519008185128,-230.92273992779792
4623.359929267782,4879.6125531906,-256.2526239228182
4633.961057137921,3958.6201600472064,675.3408970907144
4625.201414412077,4687.7250091416245,-62.52359472954777
4629.842944194394,3992.1385184301676,637.704425764226
4865.782138579814,3964.132547284457,901.6495912953574
4650.245562600937,4885.3107751378375,-235.06521253690062
4661.287985209858,4814.783340156711,-153.4953549468537
4658.935862651229,4858.291311153045,-199.35544850181577
4643.359104051008,4829.326726538408,-185.96762248740015
4640.275961545704,4665.754517356108,-25.478555810404032
4647.709499178039,4822.4298590941025,-174.7203599160639
4656.160751410814,4656.451934717745,-0.29118330693108874
4882.81555806788,4808.489577781058,74.32598028682241
4647.574441382367,4822.080622488683,-174.50618110631603
4642.582266375686,4524.699946487119,117.88231988856751
4643.965617851335,4733.099557794497,-89.13393994316175
4643.671290249094,4772.930564416813,-129.2592741677181
4659.057845666937,4821.66937047878,-162.61152481184308
4657.979011162066,4556.7708399064495,101.20817125561643
4659.972767488439,3932.370024771612,727.6027427168269
4857.2969813967,4700.687076562487,156.609904834213
4628.354735779123,4826.385373205747,-198.0306374266238
4643.9737309764505,4554.979300010685,88.99443096576579
4629.254405172023,4878.706881637847,-249.45247646582357
4632.771231799809,3991.135954562614,641.6352772371952
4639.194137736002,3935.7804769245463,703.4136608114554
4628.554293366742,4880.415562034933,-251.86126866819086
4634.783242020294,4632.795344076123,1.9878979441709816
4636.144876127457,4082.312454269794,553.8324218576627
3730.7132280778324,3949.5734730978315,-218.86024501999918
3750.9055196420168,4658.353408211587,-907.4478885695698
3736.3089703683927,4791.891594099917,-1055.582623731524
3895.5907618827823,4068.2001306105713,-172.60936872778893
3910.6538858978743,4806.832291523781,-896.1784056259071
3912.8928303089187,4563.042245031797,-650.1494147228786
3909.612139930498,4543.291301575363,-633.679161644865
3899.546886877912,4780.533368865136,-880.9864819872241
4795.72200466375,4651.586848267574,144.13515639617617
4790.310166657088,4888.965333837681,-98.6551671805928
4780.041891530048,3751.0073602382267,1029.0345312918212
4784.443066729052,4643.450126241734,140.99294048731736
4789.272657602722,4688.25903379445,101.0136238082714
4806.0869450508635,4875.7049182075025,-69.61797315663898
4795.850903525521,4631.214612346957,164.63629117856362
4800.990869997597,4804.842677358378,-3.8518073607810948
4728.137569210631,4844.036486206327,-115.8989169956958
4737.565988973791,3777.476498407031,960.0894905667597
4715.131462727946,4770.343366272698,-55.211903544752204
4726.45736079617,4707.193080628573,19.264280167597462
4725.480334247109,4849.538686647537,-124.0583524004287
4722.574570547158,4694.413780956144,28.16078959101378
4723.0703266818755,4446.181551999442,276.8887746824339
4730.536343023885,4863.561491331488,-133.02514830760265
4733.848658996708,4775.401475834852,-41.55281683814428
3899.0018032241205,4870.433723568378,-971.4319203442574
3903.8348396731326,3995.624438019662,-91.7895983465296
3901.0997914751347,4833.9394511468745,-932.8396596717398
3894.417174241575,4898.133945238128,-1003.7167709965529
3925.9983041079663,4662.855158115704,-736.8568540077381
4786.062539471087,4651.680040053834,134.3824994172528
4797.505635993298,3993.8835629144914,803.6220730788064
4776.713112518733,4884.431816451017,-107.71870393228346
4772.455694038091,4615.614610171452,156.84108386663866
4757.828234729009,3939.314229365073,818.5140053639357
4781.499645708437,4649.529371076833,131.9702746316043
4767.236567604373,3914.6010748396498,852.635492764723
4795.653906485686,4789.277382493196,6.376523992490547
4810.399190978555,4780.584264697419,29.81492628113665
4807.237543816205,4835.946605251236,-28.70906143503089
4789.567377420629,4326.233671473987,463.3337059466421
4826.103496164352,4667.55717610858,158.5463200557715
4809.859360761935,4789.757050418598,20.102310343337194
4789.263808782899,4065.4280853545947,723.8357234283044
4803.8813492187755,3991.833405107545,812.0479441112307
4807.2640014648205,4895.5585812609625,-88.29457979614199
3964.619773901142,3931.15469382106,33.46508008008186
4812.190977944332,4876.744630196187,-64.55365225185506
4809.594144897617,4860.642611323538,-51.048466425921106
4821.453867712357,4704.660967242446,116.79290046991173
4811.666004510786,4766.926167943699,44.73983656708697
4819.73227269336,3935.442097355239,884.2901753381207
4815.443777126292,4476.277151523475,339.16662560281657
4802.796799346759,4808.706462311534,-5.909662964774725
4819.345627550089,4883.0328554247335,-63.68722787464412
4763.0327055086245,4829.156343065055,-66.12363755643037
4790.507667450308,4870.351795376141,-79.84412792583316
4781.405962588909,4846.67176103579,-65.26579844688149
4771.988588354886,3798.2823673221665,973.7062210327194
4793.274011216118,4856.724453792652,-63.45044257653353
4788.764819148726,4854.834871074725,-66.070051925999
4774.102153393828,4696.963825014487,77.13832837934115
4785.441357634126,4817.481738037918,-32.04038040379237
3918.2743441339776,4821.884839397428,-903.61049526345
3897.2572724090364,4626.46884511761,-729.2115727085734
3900.201008226352,4775.563672050677,-875.3626638243254
3917.358311286143,4705.819775510649,-788.4614642245065
3897.6685873661954,4643.648984421595,-745.9803970553994
3741.712162504315,4874.198438347451,-1132.486275843136
3744.015273795883,4846.930115307278,-1102.9148415113955
4515.98307916856,4844.164111150429,-328.1810319818687
4530.967840249602,4879.488517192775,-348.5206769431734
4522.758260237073,4861.861490534206,-339.10323029713254
4516.110938177153,4801.841734262317,-285.730796085164
4528.272134330892,3934.5538629427665,593.7182713881257
4519.136482525619,4676.187142009995,-157.0506594843764
4513.787625233058,4789.204335139291,-275.41670990623334
4853.286900819225,4840.997896058659,12.289004760566058
4869.31052196053,4684.433885342021,184.8766366185091
4851.709148387524,4767.05939129005,84.64975709747341
4436.8293947937445,4891.396490215241,-454.56709542149656
4425.438357118123,4538.330508836751,-112.89215171862725
4428.363745390879,4874.721886028249,-446.3581406373705
4430.473727555228,4642.344423525081,-211.87069596985293
4866.91142624189,4781.082720071328,85.82870617056142
4864.7648184610725,4777.030412132809,87.7344063282635
4861.963912536578,4835.881580165217,26.08233237136119
4864.572123332466,4804.339956628905,60.232166703560324
3906.9533629727343,3972.631743563794,-65.67838059105952
3905.948534507349,4849.478620695163,-943.530086187814
3905.086441678618,4892.206203470781,-987.1197617921625
3903.138436633329,4774.629325102696,-871.4908884693673
4686.345425807601,4827.032068590623,-140.68664278302185
4685.43405168604,4817.330632967425,-131.8965812813849
4685.232044580882,4852.071342972846,-166.8392983919639
4681.79521677162,4775.5866928681,-93.79147609647953
4684.788459898766,4542.082865748171,142.70559415059506
4663.1814486635885,4524.150147238867,139.03130142472128
4680.332241931522,4822.3392024964105,-142.0069605648887
4809.15181479086,4844.4628444875425,-35.31102969668245
4825.2301142740935,4709.957592893462,115.27252138063159
4503.644559102027,4645.322087075735,-141.67752797370758
4500.195932387017,4700.299482317751,-200.10354993073452
4507.840717575751,4085.571875172958,422.2688424027933
4504.187038256837,4856.709542218722,-352.5225039618854
4483.790853318118,3884.6032557007634,599.1875976173546
4840.73539195979,4469.376711763866,371.3586801959236
4826.952456393967,4892.67825420324,-65.72579780927299
4847.5654617843575,4903.195464084701,-55.63000230034322
4405.712819055925,4836.118932696733,-430.40611364080814
3739.4992093007304,4889.334007072451,-1149.8347977717203
3742.5598937520117,4854.727065656848,-1112.1671719048363
3744.982775911159,4904.727131838107,-1159.7443559269482
4621.832720684735,4641.561459481391,-19.728738796655307
4635.093666890619,4805.274438022981,-170.18077113236177
4611.782260428564,4879.377792160038,-267.5955317314738
4627.23714614871,4793.822424945863,-166.58527879715257
4637.2708435748555,4697.454100072065,-60.183256497209186
4640.571097668419,4892.595931475356,-252.02483380693775
4626.176401929563,4553.898266228272,72.27813570129092
4630.630395796283,4677.1546164062875,-46.524220610004704
4865.526914210845,4885.09813052157,-19.571216310725504
4640.772673296438,4836.899636715127,-196.12696341868832
4647.536687616648,4548.555085116837,98.98160249981083
4638.753069710958,4564.868061418511,73.8850082924464
4662.297660032793,4917.0457762996875,-254.7481162668946
4653.686431735645,4801.990104530939,-148.303672795294
4660.334909863618,3908.576099726457,751.7588101371612
4649.217238484748,4783.489520594078,-134.27228210933026
4866.113255130139,4848.899882096492,17.213373033647258
4662.871827367304,3937.976388453509,724.8954389137948
4653.581930168956,4779.472504038292,-125.89057386933564
4662.677754411104,4859.98608869169,-197.30833428058668
4634.618560848373,4680.79414080082,-46.17557995244715
4647.052674294215,3989.930051737795,657.1226225564196
4646.007916207701,4829.958910577032,-183.95099436933106
4642.010750373042,3977.668037864471,664.3427125085714
4847.928092772306,4688.369895692073,159.55819708023228
4617.049267266944,4647.501121250317,-30.45185398337253
4627.88849215907,4687.867865218025,-59.97937305895539
4639.438615626586,4588.604439174475,50.83417645211102
4635.689641727432,4817.8277987469655,-182.13815701953354
4651.970312504175,4768.0358651726265,-116.06555266845135
4627.893452057936,4547.812255107487,80.08119695044934
4633.843942154694,4803.8830176742085,-170.03907551951488
4631.241400077573,4332.492346491901,298.7490535856723
3730.2594076369137,4320.236642783303,-589.9772351463894
3743.1632852602734,3962.994852643602,-219.83156738332855
3738.5673881529915,4848.369892453378,-1109.8025043003868
3905.154992516632,4079.1538812566782,-173.99888874004637
3891.6158630761583,4681.876790126261,-790.2609270501025
3923.60898489331,3977.787921284048,-54.17893639073782
3910.892114397267,4634.316480335972,-723.4243659387053
3897.7707689390804,4895.8261835370395,-998.055414597959
4785.430264582076,3919.8872782756566,865.5429863064196
4792.158218980794,4776.51006927676,15.64814970403404
4800.440489583321,4845.173888188987,-44.73339860566557
4792.8909979349655,4886.970053965036,-94.0790560300702
4782.926967546065,4839.995480082725,-57.06851253666082
4807.361948934677,4097.160081621564,710.2018673131124
4798.69984196414,3923.3907216588414,875.3091203052991
4790.3483673717565,4545.936627550479,244.41173982127748
4711.822497180808,4784.945809647078,-73.12331246627036
4709.515095913236,4854.938454228944,-145.42335831570745
4733.383600164489,4558.618131176321,174.7654689881674
4745.799607236491,4838.772090019332,-92.97248278284042
4712.930052765313,4524.813266310596,188.11678645471693
4730.810103373162,3909.737169550367,821.0729338227948
4727.447301265448,4742.009434440768,-14.562133175320014
4718.647969357072,3763.5775529021594,955.0704164549124
4740.840164153216,3967.909557143633,772.9306070095836
3895.207664361571,3915.601775827557,-20.394111465986043
3915.336694721817,4869.563796208011,-954.227101486194
3913.113599335832,4590.087031921607,-676.9734325857753
3908.3089831118086,4551.909385397774,-643.6004022859652
3903.547556653976,3960.3238839513797,-56.776327297403895
4783.014124883165,4075.12118354879,707.8929413343749
4776.713112518733,4831.741657751257,-55.028545232523356
4787.507982389667,4882.0849836476955,-94.57700125802876
4779.085224224235,4847.454317244959,-68.369093020724
4786.360061837908,4851.296777268472,-64.93671543056462
4779.94069998175,4866.677454976446,-86.73675499469573
4779.485569941156,4768.0758472806,11.409722660556326
4771.447457227306,3947.0557020805886,824.3917551467171
4824.180746096363,4843.262569268764,-19.081823172401528
4801.004905024936,4633.808232120103,167.19667290483358
4797.097359256138,4816.45188590343,-19.354526647292005
4805.887735825802,4794.977547928441,10.910187897361538
4802.630689465169,4841.3117248027165,-38.681035337547655
4825.026006654845,4865.247991614517,-40.22198495967132
4811.779576162529,4816.859156602585,-5.079580440055906
4811.661834749999,4881.022932929475,-69.36109817947636
3946.148299620272,4646.029045419582,-699.8807457993098
4813.04498052453,4754.2351785867495,58.80980193778032
4806.389920236924,4645.245675972508,161.14424426441565
4822.853134077342,4909.802680061554,-86.94954598421282
4814.868438955438,3932.859489675835,882.0089492796033
4809.177262174498,4541.341444262058,267.8358179124398
4806.449354814581,3758.633223281053,1047.8161315335283
4800.347346125696,4644.193956000016,156.15339012567983
4808.445285830952,3965.620088405341,842.8251974256113
4775.417696345767,3892.908143199026,882.5095531467405
4788.815236660301,4769.751533180164,19.06370348013661
4785.135515802584,4705.76030641051,79.3752093920748
4780.552811985873,4785.064966349003,-4.512154363130321
4798.203737178302,3970.5493515387507,827.654385639551
4792.962550191971,4916.3277961353915,-123.36524594342063
4794.336575051679,4919.795199003208,-125.45862395152926
4777.916195270118,4877.793465033555,-99.87726976343674
3902.5624725188536,4823.737436089326,-921.1749635704728
3905.7796118130127,4334.4119054715275,-428.63229365851475
3916.4885209361505,3939.56280382914,-23.074282892989686
3903.545999890732,4853.673133692319,-950.1271338015872
3901.34734618529,4902.759376197885,-1001.4120300125951
3749.9393336732364,4836.875722194988,-1086.9363885217517
3746.061661777427,4853.545926225868,-1107.484264448441
4508.064660455233,3911.100217935607,596.9644425196261
4530.689636909126,4660.273837551914,-129.58420064278744
4526.147355943003,4807.171686455567,-281.0243305125641
4504.531431908334,4741.894085283971,-237.36265337563782
4532.203587907687,4785.792047904413,-253.58845999672667
4515.518296499044,4877.962139592317,-362.44384309327324
4508.340069754063,4625.81168113064,-117.47161137657713
4855.8278332143145,4822.6714768739,33.15635634041428
4855.240602457754,4538.269118104348,316.9714843534057
4856.332967517006,3989.3677552357035,866.9652122813027
4437.753562742809,4685.788237549732,-248.03467480692325
4429.815208942404,4446.074711284926,-16.259502342521955
4432.413945091994,4835.777071512277,-403.36312642028315
4431.7791801531275,4762.450556644837,-330.67137649170945
4867.375154552152,4657.859131512929,209.516023039223
4864.055583278486,4663.6169034371605,200.4386798413252
4869.785273796165,4710.36751150513,159.4177622910347
4857.846522195395,4674.396869157173,183.4496530382221
3904.4544692558484,4790.402881120625,-885.948411864777
3899.365121681321,4771.017513176773,-871.6523914954519
3899.09544283216,4871.1362822209385,-972.0408393887783
3912.8164180270387,3966.7626595861425,-53.94624155910378
4692.691124272955,4915.345626485964,-222.65450221300944
4684.854531643696,4885.9728068016875,-201.11827515799177
4686.362590237887,4086.497305103048,599.8652851348393
4698.858444613669,4707.429373521837,-8.570928908167843
4692.086434896133,4538.9717418074715,153.11469308866162
4671.456382345348,3749.969177171723,921.4872051736252
4689.588822204601,4709.957592893462,-20.368770688861332
4814.549950471564,4852.568323763665,-38.01837329210048
4814.946365577675,4791.624676753843,23.32168882383212
4503.426454257007,4639.976841708035,-136.55038745102775
4506.522015846941,3917.948879430061,588.5731364168801
4507.7203986684235,3931.3402836319738,576.3801150364498
4496.220482191403,4621.151350460919,-124.9308682695164
4501.170148237535,4795.289748998555,-294.1196007610206
4824.70984483662,4766.1549975425805,58.554847294039064
4837.715641065893,4541.243339031548,296.47230203434447
4848.17642505115,3991.926914400782,856.2495106503675
4404.060671741614,4785.377096726552,-381.31642498493784
3739.4992093007304,4778.869421780227,-1039.3702124794963
3737.343112003925,4689.4816090138,-952.1384970098752
3742.223505454343,4543.683070121716,-801.4595646673729
4628.814334215716,4576.8461240605775,51.96821015513888
4612.141175488096,4808.89030674289,-196.7491312547936
4646.152347647744,3971.872277472319,674.280070175425
4612.835020106257,4829.766416713155,-216.9313966068985
4636.567306987111,3929.044312352543,707.522994634568
4621.302353408336,4740.126276311673,-118.823922903337
4649.151180272778,3945.646263465885,703.5049168068931
4623.526792117126,3957.4495522329935,666.0772398841327
4871.5092669159185,4656.209877375262,215.2993895406562
4655.9452389436965,4633.843124410021,22.102114533675376
4646.1470598745855,3959.7758625612723,686.3711973133131
4668.844144750388,4777.8491994829465,-109.00505473255816
4662.426917259584,4884.71785506529,-222.29093780570565
4639.331411719645,4069.4486865696445,569.8827251500006
4648.858260085933,4857.438992563564,-208.5807324776315
4654.36463482908,4831.5265519875775,-177.1619171584971
4869.5633885374,3924.52879781491,945.0345907224901
4654.360851454671,3999.843777596683,654.5170738579882
4635.3508421030265,4536.435754815241,98.91508728778535
4652.932374750157,4767.505879114559,-114.57350436440265
4649.190961377378,4849.616072731313,-200.42511135393488
4659.240471258534,4553.817460572978,105.42301068555571
4649.317856485789,4858.438316586953,-209.1204601011641
4638.7925820557775,4665.915838928806,-27.123256873028367
4852.746616052216,4655.840905193687,196.90571085852935
4638.632417973771,4865.963233059583,-227.330815085812
4625.771418232962,4899.902290771338,-274.130872538376
4631.509389439035,3921.069419275124,710.4399701639109
4631.872265387318,3897.0581348705714,734.8141305167469
4626.9995307476165,4744.619492404394,-117.61996165677738
4623.978077638408,3956.7313121022403,667.2467655361675
4631.8056033098865,4787.972488482143,-156.16688517225612
4622.181632659508,3956.2455561532006,665.9360765063075
3746.0150860521335,4789.875444226717,-1043.8603581745838
3765.979339857338,4827.775989934847,-1061.7966500775087
3738.0855890534044,4892.017563947573,-1153.9319748941684
3912.0502153933435,4700.289543286365,-788.2393278930217
3903.258521346891,3926.2420973668,-22.983576019908924
3910.5005689317845,4904.548916794686,-994.0483478629017
3901.656032626675,4687.842089687346,-786.1860570606709
3894.806533559146,4767.121842772075,-872.3153092129292
4786.622552324289,3877.3516891606055,909.2708631636838
4797.5193062317485,4809.543480891415,-12.024174659666642
4801.988402153298,3909.469310274157,892.5190918791409
4796.866604550323,4679.259436965327,117.6071675849962
4804.476228770448,4689.615308270185,114.86092050026309
4793.713558377083,4075.267146037543,718.4464123395401
4788.54489148117,4675.883554016192,112.66133746497871
4809.269388437502,3937.764860965863,871.504527471639
4732.208093873924,4660.917911418917,71.29018245500629
4728.604384194181,4657.810931359964,70.79345283421662
4735.59708509246,4008.415336225928,727.1817488665315
4714.359700232415,4839.962764260862,-125.60306402844708
4720.480593041974,4637.255266494787,83.22532654718725
4725.740090772809,4452.993164183458,272.74692658935055
4719.649281817965,4692.478151491843,27.171130326121784
4735.820839540916,3772.591171640139,963.2296679007768
4742.9898592542795,4835.719409243265,-92.72954998898513
3910.827831898714,4899.921625930554,-989.0937940318399
3897.8030350022914,4819.84641252383,-922.0433775215383
3907.7531526946022,4701.945466482027,-794.1923137874246
3910.6847753835973,4887.986178539584,-977.3014031559869
3905.64645732882,4848.805656534011,-943.1591992051913
4789.1060275786685,4835.9873278038895,-46.88130022522091
4772.455694038091,4728.583533523246,43.872160514844836
4779.085224224235,4800.883990568432,-21.798766344196338
4789.207541377263,4855.847206429856,-66.63966505259305
4792.128557246382,4866.335787550681,-74.20723030429872
4780.633017753732,4776.455641998061,4.177375755671164
4798.241580378521,4839.0953116823,-40.85373130377957
4772.1635068201085,4872.026433695435,-99.8629268753266
4799.102348470668,3952.8298001129665,846.2725483577019
4821.1836632066,4662.377550973021,158.80611223357846
4812.78636499762,4880.055719144312,-67.26935414669242
4814.619162050549,4809.291461408313,5.327700642235868
4800.609014273966,4896.716031984923,-96.10701771095682
4807.916956422091,4847.301658447342,-39.38470202525059
4800.2883772821415,4806.5597016838665,-6.271324401724996
4809.459908995979,4905.400001845417,-95.94009284943786
3943.7541720625973,4857.459744955435,-913.7055728928376
4820.382294678439,3973.0370403667475,847.3452543116919
4822.631410814829,4790.031149442186,32.60026137264322
4813.740805675091,4658.590241857984,155.15056381710656
4819.574330821524,4662.8979431364905,156.67638768503366
4807.779891254904,4885.873428668627,-78.09353741372252
4809.800935251388,3763.400163706726,1046.4007715446623
4809.2671706570645,4779.2282841019205,30.038886555144018
4797.541399860651,4527.876603440958,269.6647964196927
4785.626713828007,4816.732507546632,-31.105793718625137
4782.081018536037,4852.367018517151,-70.2859999811144
4787.743030466016,4322.734543187459,465.00848727855646
4770.821877989239,4836.994990448543,-66.17311245930432
4771.807561807875,3773.26276733959,998.5447944682846
4784.092117994716,4338.88003167181,445.21208632290654
4778.563869700262,4646.71609562108,131.84777407918227
4776.038495123404,4633.22993517159,142.80855995181355
3900.8866843656,4862.876177020639,-961.9894926550392
3905.483854481212,4623.550950833405,-718.0670963521934
3892.2222030930448,3751.602641039242,140.61956205380284
3904.6150930870854,3925.222367800199,-20.60727471311384
3897.8990691463864,4646.012566438296,-748.1134972919094
3757.24383060414,3940.783483148565,-183.53965254442528
3729.9777092464333,4766.4994520724695,-1036.5217428260362
4515.303586574786,4338.8546040214405,176.44898255334556
4519.939309136346,4885.369436316537,-365.43012718019054
4512.3469880639395,4816.824154246387,-304.47716618244704
4516.051712127575,3893.2944394529727,622.7572726746025
4513.62409541127,3991.423190900595,522.2009045106752
4511.322181100168,3762.872521300115,748.4496598000528
4522.951575793939,4653.228264021155,-130.27668822721625
4865.204278055601,4657.831452499437,207.37282555616457
4841.815606005337,4633.484421834187,208.3311841711502
4877.094152880761,4668.991551580903,208.10260129985727
4410.340620822748,4536.653523373914,-126.31290255116619
4425.279728372053,4785.801645818063,-360.52191744600987
4424.893867650177,3894.6088085787073,530.2850590714693
4422.153361769466,3953.8915355183367,468.26182625112915
4875.153473137068,3974.038229135867,901.1152440012015
4876.2031679940765,4708.322948209336,167.8802197847408
4863.5968994313225,4076.432085508092,787.1648139232307
4880.691671372861,4667.6902136664485,213.0014577064121
3896.318566530565,4874.348477232376,-978.0299107018113
3890.7986777270858,4768.002793704234,-877.2041159771484
3902.348156824159,4652.369980012163,-750.021823188004
3906.235559972795,4808.343049684115,-902.1074897113199
4674.529042881079,4322.308788474317,352.22025440676134
4666.129288315511,4611.188429714387,54.94085860112409
4683.192366901993,4826.093571972093,-142.90120507009942
4689.343790032578,4864.3215904326025,-174.97780040002453
4687.921866325586,4810.062791645332,-122.1409253197462
4692.661348691022,4651.981552102679,40.67979658834247
4678.366661162424,4843.755038524656,-165.38837736223195
4827.4927423365925,4713.241237712037,114.25150462455531
4823.668028820758,4789.330834053041,34.33719476771694
4496.791761215266,4874.453890293571,-377.66212907830504
4510.142176901073,4633.99096251847,-123.84878561739697
4506.840802649298,4779.851432745366,-273.01063009606787
4494.330118804798,4815.370962168432,-321.04084336363394
4505.89826719835,4788.887423991499,-282.98915679314905
4842.930907227468,4855.593769140931,-12.66286191346262
4845.24086394818,4563.200306398698,282.0405575494824
4841.389535863524,4549.3903589311785,291.9991769323451
4398.399646023817,4534.716429432785,-136.31678340896815
