One Stop Time,Two Stop Time,Difference
5249.379204110259,5539.289443032634,-289.91023892237536
5247.728856499516,5514.074026313206,-266.3451698136896
5261.316777317518,4885.790602593592,375.5261747239265
5261.895035103115,5561.69389828228,-299.798863179165
5245.080335105367,5352.842102720129,-107.761767614762
5260.879852083013,5186.488390224543,74.3914618584704
5260.263307770389,5472.914126654536,-212.65081888414716
5260.127187955408,5550.430179537614,-290.30299158220623
5264.494649725124,5558.205928849013,-293.71127912388874
5259.850091202162,5218.703223142033,41.146868060129236
5254.1322649136455,5531.881197246569,-277.7489323329237
5501.6148428538645,5317.402684362029,184.2121584918359
5510.707847789109,5438.700489170435,72.00735861867452
5515.107393541926,5053.11766279252,461.9897307494066
5511.894284189738,5488.081324457694,23.812959732043964
5226.291482962179,5114.0339734778945,112.25750948428413
5215.223314784418,4576.656448026859,638.5668667575592
5223.801870516013,5547.062647245099,-323.2607767290856
5212.138780336698,5530.537547614842,-318.3987672781441
5215.318154952875,5087.709936195733,127.60821875714282
5232.524266681504,4575.602373845192,656.9218928363116
5230.328385997487,5476.500202297294,-246.17181629980678
5214.488228325538,5199.511886504646,14.97634182089223
5544.8507875721325,4568.432041714006,976.4187458581264
5526.761598166903,5556.732849151091,-29.971250984187463
5529.095721214482,4537.506291325966,991.589429888516
5532.742374585323,5531.91329537045,0.8290792148727633
5544.196572490458,5545.701187119238,-1.5046146287804731
5551.432270907541,5373.798746504445,177.6335244030961
4846.805230458392,5226.286448450218,-379.48121799182627
5481.353457179124,5529.9675153475355,-48.61405816841125
5492.079958705201,5327.961699043761,164.11825966143988
5490.351403376289,5498.474215882517,-8.122812506227092
5476.030752777465,5198.052628484648,277.9781242928166
4443.153449220916,4952.648572317629,-509.49512309671354
5508.476998223683,4869.443239085761,639.0337591379221
5496.215909257881,5469.447841505672,26.76806775220939
5517.976420724499,5535.686518923172,-17.710098198673222
5503.816622964728,4528.361288090945,975.4553348737827
5507.867076561355,5551.167828477648,-43.30075191629294
5505.359063248624,5254.751108033974,250.60795521465025
5520.368302756822,5220.786403106646,299.58189965017664
5510.934176765156,5195.331504312936,315.60267245221985
5497.827864380957,5195.694454825786,302.13340955517106
5512.118741699899,5509.6759326165275,2.442809083371685
5512.589922537161,4538.163086439097,974.4268360980641
5518.333569922479,5548.617551994105,-30.28398207162627
5512.300341108391,5475.62459487716,36.67574623123073
4447.361128002246,4532.434860505199,-85.07373250295313
5505.8946446587115,5412.223831770279,93.67081288843292
5503.830611865109,5044.373399582601,459.4572122825075
5510.239062297843,5528.476410897817,-18.23734859997421
5508.404295408944,5539.028736543162,-30.624441134218614
5519.06498380624,5206.749153225977,312.3158305802626
5498.569346377349,5507.349817770092,-8.780471392743493
5510.022915192775,5339.472472748326,170.5504424444489
5495.172855603241,4249.911072599716,1245.2617830035251
5507.213836547125,5460.604850270659,46.60898627646566
5502.500359327986,4531.882326419775,970.6180329082108
5511.424485130959,5200.07836152566,311.346123605299
5507.362662966036,5501.211126505117,6.151536460918578
5516.763748426186,4545.825786569972,970.9379618562143
4440.360294806877,5050.7956341378385,-610.4353393309611
5480.272613396648,5203.724534319479,276.54807907716895
5480.990603854611,5515.275783149782,-34.285179295170565
5472.190190503184,5541.333183075334,-69.14299257215043
5490.641080441815,5424.734362505401,65.90671793641377
5509.571923254288,5566.209278109246,-56.637354854958176
5485.134727086552,5511.322486432443,-26.18775934589121
5484.190034713753,5537.25797338284,-53.06793866908629
5498.810264872841,5551.878924526452,-53.068659653610666
4754.58857624727,4543.208541497412,211.38003474985817
5185.832649495529,5488.908098024391,-303.07544852886167
5212.779281218303,5551.049398745337,-338.270117527034
5193.614710040778,5519.790385825871,-326.1756757850935
5226.855920433978,4868.541839599414,358.31408083456427
5212.90840663105,5532.261764792301,-319.353358161251
5192.416144787473,5558.526378078442,-366.1102332909686
5197.349683109086,5211.908809548839,-14.559126439752617
5249.379204110259,5499.711675914088,-250.33247180382932
5261.316777317518,4882.463473548531,378.85330376898764
5245.080335105367,4532.696470641888,712.3838644634798
5260.263307770389,5564.5629884004165,-304.299680630028
5264.494649725124,5529.386163157992,-264.8915134328681
5254.1322649136455,5544.619829722916,-290.4875648092702
5263.510273824547,4551.7376826722275,711.7725911523194
5263.296595777664,5565.47342331368,-302.1768275360155
5245.383897233853,5311.900934726202,-66.51703749234912
5242.299362786133,4584.288873108115,658.0104896780185
5262.684849130938,4900.246681029861,362.4381681010773
5493.325595185886,4548.87770450402,944.4478906818667
5494.633492413437,5190.059469864344,304.57402254909357
5500.614268831858,5564.69884058345,-64.0845717515922
5519.304165154076,5073.811805744413,445.49235940966355
5216.11206370562,5253.326631064026,-37.214567358405475
5224.52690345303,5528.773547583196,-304.2466441301658
5219.253229395526,5541.615690186408,-322.3624607908814
5208.204571676086,5184.041406149954,24.163165526131706
5217.873349608145,4574.451131175423,643.4222184327218
5215.432602045624,5476.64208968799,-261.2094876423662
5222.2519849821165,5241.856097945346,-19.604112963229454
5217.242480821921,5211.28378477011,5.958696051810875
5540.589434570927,5560.506942305363,-19.917507734436185
5521.525454087679,5200.416699734649,321.1087543530293
5526.086476513557,5535.2124606529715,-9.125984139414868
5530.66016005739,5094.292706620531,436.36745343685925
5520.8252110257945,5199.944545215949,320.8806658098456
5517.42872025169,4999.169763361954,518.2589568897356
4840.785772241682,5536.332331844663,-695.5465596029808
5483.58388234352,5005.589136261233,477.99474608228684
5485.827173235487,5207.495478437903,278.3316947975836
5483.59899050453,5164.093659296006,319.5053312085238
5493.249467091732,5209.429788698515,283.81967839321715
4433.510620042178,5468.286119118663,-1034.7754990764852
5509.546427740652,4958.571482838322,550.9749449023302
5492.7540508694265,5081.120289402021,411.63376146740575
5504.842600530443,5039.4238157121235,465.4187848183192
5519.8762637681775,4565.9918665090245,953.884397259153
5505.832985249614,5204.772662815873,301.0603224337401
5500.451469966567,5542.1472700368495,-41.69580007028253
5519.197803175835,5221.593739572717,297.60406360311845
5531.551365029539,5548.3761339764305,-16.82476894689171
5494.623957741383,5536.533499667799,-41.90954192641675
5521.585112866553,5527.66057856814,-6.075465701587746
5513.58945747322,5552.52825557815,-38.93879810492945
5519.505020502015,5539.002011938431,-19.496991436415556
5515.251867465414,5557.658222429179,-42.4063549637649
4460.113804443148,5571.078225121679,-1110.9644206785306
5496.458134544286,5196.704754375624,299.75338016866135
5518.820565745424,4546.373890075786,972.4466756696374
5493.160809988463,5308.036665190307,185.12414479815652
5499.980483817894,5475.086367549469,24.894116268425023
5501.256497375306,5542.065449883263,-40.80895250795675
5514.184080316572,5518.333748135573,-4.14966781900057
5498.498235630451,4585.789108562626,912.7091270678247
5507.376435162281,5539.22049769104,-31.844062528758514
5510.681928000885,5434.802817773062,75.87911022782282
5517.201118411983,5534.546101124386,-17.34498271240318
5509.90336272571,4594.014266482218,915.8890962434925
5499.990117286226,5552.548877033685,-52.55875974745868
5498.898990735889,5500.017752045373,-1.1187613094834887
4446.527558483105,4632.660512002111,-186.13295351900615
5473.757034080463,5095.121706516898,378.6353275635656
5482.624381081423,5539.727264396426,-57.102883315003055
5482.400021641772,5529.591829172188,-47.191807530416554
5505.119635721501,5549.305513855672,-44.18587813417071
5489.786780405208,5198.560596553954,291.22618385125406
5516.109898459033,5579.7447370291075,-63.63483857007486
5515.695882668337,4569.238810476884,946.4570721914524
5498.23969322992,5415.094074031475,83.14561919844436
4761.995891906032,5215.098785198849,-453.1028932928175
5202.564749942858,5555.794861776364,-353.23011183350627
5192.965611454949,5589.1376691148325,-396.17205765988365
5199.428008087687,5537.814498451261,-338.386490363574
5200.243488765098,4727.093106774432,473.15038199066566
5218.653354872846,5454.647476613601,-235.99412174075496
5216.614744910923,5220.349124589731,-3.734379678808182
5214.17822900211,5513.760968609171,-299.58273960706083
5249.379204110259,5387.6199130194145,-138.24070890915573
5261.895035103115,5539.262568951802,-277.36753384868643
5260.263307770389,5058.547002873087,201.7163048973016
5259.850091202162,4599.838873758895,660.011217443267
5263.510273824547,5550.57754822858,-287.067274404033
5256.452065411614,5530.2395240162505,-273.7874586046364
5242.299362786133,4540.448407292055,701.8509554940783
5260.488968446922,5600.049862824485,-339.5608943775633
5246.279438325004,5421.417027967817,-175.1375896428135
5259.612674728799,5551.816729340007,-292.20405461120845
5246.2726461550565,4593.127435936655,653.1452102184012
5489.937292294962,4550.368424497395,939.5688677975677
5486.343668152865,5516.646088507263,-30.302420354398237
5497.994835456337,4543.304295773975,954.6905396823613
5501.061935660138,5196.298234284411,304.7637013757276
5224.113465326135,5572.644241014774,-348.53077568863864
5208.475802268631,5518.966509160456,-310.49070689182463
5219.877287842991,5241.018314054179,-21.141026211188546
5207.569767650155,5031.221316309856,176.3484513402991
5215.8875005266045,5210.048376174039,5.839124352565705
5217.270895739577,5549.61792991524,-332.3470341756629
5218.323400611955,5159.844918248962,58.47848236299251
5226.49658481741,5549.099168766939,-322.6025839495296
5517.182062230009,5524.51934090649,-7.3372786764803095
5515.009915517873,4857.870329249692,657.1395862681811
5557.08364970755,5564.684439708986,-7.600790001436508
5528.08884989806,4530.9202608575,997.1685890405606
5537.426167617444,5568.175723748615,-30.74955613117163
5553.807229677987,5142.663896476629,411.1433332013585
4834.582670472545,5522.6354752090665,-688.0528047365215
5489.810676850705,5543.755036219422,-53.944359368717414
5483.219585099987,5465.49684194517,17.72274315481718
5487.152309626262,5472.14287083001,15.009438796251743
5481.286539174859,4844.51885571702,636.7676834578388
4436.582850342551,5525.449195578705,-1088.8663452361543
5499.251997906377,5305.442062091404,193.80993581497296
5514.184080316573,5559.217887514808,-45.03380719823508
5495.517364091863,4998.904049327819,496.61331476404393
5510.681928000884,4728.020308693575,782.6616193073087
5529.004656078227,4602.375427810519,926.6292282677077
5499.990117286226,5532.019214980596,-32.02909769436974
5519.792299507745,5565.265236064168,-45.47293655642261
5500.144201352898,5313.636635088003,186.5075662648951
5513.539693509733,5217.8021889207075,295.7375045890258
5531.506802993936,5534.654559524555,-3.1477565306195174
5517.28350532835,5555.19563892614,-37.91213359779067
5526.432045536148,5063.282077161805,463.1499683743423
5491.900128264039,5521.137150921298,-29.23702265725842
4451.116247087556,5174.793017056921,-723.6767699693646
5509.929781326208,4557.138908225596,952.7908731006119
5507.1576018838,5206.278765397406,300.8788364863949
5520.905694559208,5564.66605067406,-43.760356114851675
5520.878648348739,5024.407349527883,496.47129882085665
5516.88011091878,5203.254119435787,313.6259914829925
5522.3405480027695,5541.227617915737,-18.88706991296749
5519.747873632605,4734.1224184082785,785.6254552243263
5504.217677426343,5052.578754677517,451.6389227488253
5516.655761400142,5326.209488556964,190.44627284317812
5524.3579777845725,5060.11724168712,464.2407360974521
5511.166489167844,5418.908343796603,92.25814537124097
5516.293076942778,5554.852269902107,-38.559192959329266
5497.336530891038,5495.3857067645895,1.950824126448424
4439.811192071877,5524.745510019307,-1084.9343179474308
5476.545520982193,5184.896899085066,291.64862189712676
5458.012460262331,5514.886101332274,-56.873641069943005
5484.046558821011,4878.537236434121,605.5093223868898
5481.61719930935,5547.394882014505,-65.7776827051548
5498.746017390808,5531.277807650319,-32.53179025951067
5501.513584640122,5572.958308643774,-71.44472400365248
5499.333128880993,5552.804545691206,-53.47141681021276
5494.380014556129,4532.80834367794,961.5716708781893
4756.79845876209,5464.245603543751,-707.4471447816604
5193.503426946538,5521.573744516456,-328.0703175699182
5197.152343208503,5338.922235057984,-141.7698918494807
5204.665036857336,5535.250451531131,-330.58541467379473
5213.469551155485,5530.5130170794855,-317.0434659240009
5206.3274954155595,4549.810299481164,656.5171959343952
5201.627455781994,4868.329602361198,333.29785342079595
5194.041230261955,5526.249207050546,-332.2079767885907
5249.379204110259,4563.474871935779,685.9043321744794
5245.080335105367,5548.651749602904,-303.57141449753635
5264.494649725124,5066.75090869862,197.7437410265038
5263.510273824547,5550.57754822858,-287.067274404033
5245.383897233853,5550.365706669557,-304.98180943570424
5262.684849130938,5518.052034193925,-255.3671850629862
5246.279438325004,5350.892347828036,-104.61290950303191
5272.409865602966,5549.112121872761,-276.7022562697948
5254.687485902465,5360.214162302132,-105.52667639966694
5238.365154125521,5502.048223553349,-263.68306942782783
5245.593184495057,5464.7526993767315,-219.1595148816741
5502.246500594879,5551.569596413757,-49.323095818877846
5489.3973483342115,5181.147651627798,308.2496967064135
5498.532054303925,5501.608866619116,-3.0768123151910913
5485.300614498223,5447.637857337976,37.662757160246656
5217.270895739577,5549.61792991524,-332.3470341756629
5221.159911707678,5551.430961031538,-330.2710493238601
5205.73614238549,5324.892809670731,-119.15666728524138
5206.456360194866,5506.843052867083,-300.3866926722176
5233.532117330387,4565.9918665090245,667.5402508213629
5211.349133966467,5404.742812640875,-193.39367867440797
5239.185038301368,5491.659636086583,-252.47459778521534
5236.86759751926,5340.787946895895,-103.92034937663539
5541.760885150462,5395.716798308777,146.04408684168538
5533.186954897225,5530.124279479858,3.0626754173672452
5541.076430393871,5213.486050568545,327.59037982532664
5522.23634846634,5521.151474898146,1.0848735681938706
5536.439944965021,4595.079321539258,941.3606234257632
5529.632299810728,5202.485674735464,327.1466250752637
4858.264620036406,5560.023366077083,-701.7587460406767
5476.211336663711,5520.129824669337,-43.91848800562548
5487.91661286191,5564.220981090778,-76.30436822886804
5485.2327677313415,5551.616654707683,-66.38388697634127
5507.728022371421,5494.8778987495125,12.850123621908097
4460.8826359356435,5224.169619208509,-763.2869832728657
5508.975856097728,5527.807067437551,-18.831211339823312
5512.586185823873,5554.945619611272,-42.35943378739921
5507.822997637733,5581.927281223398,-74.10428358566423
5530.160301260341,4883.373678779674,646.7866224806667
5520.878648348741,4609.402372869243,911.4762754794983
5510.318808696911,4882.473359884201,627.84544881271
5515.926126295621,5223.094426298925,292.83169999669553
5504.217677426343,4540.5998944949,963.6177829314429
5492.555158370108,5544.026371415799,-51.471213045691
5500.856046283914,5192.113622865586,308.74242341832814
5516.293076942778,5020.015945664132,496.27713127864536
5517.7277998197,5443.450138039108,74.27766178059119
5509.095236721088,5211.516056030723,297.5791806903653
4436.013997063828,5444.474564072309,-1008.4605670084802
5507.059735774618,5536.827771474763,-29.768035700144537
5517.889414096298,4892.308918210907,625.5804958853914
5512.24974750793,5566.254847313376,-54.00509980544575
5515.153858064772,5552.997011322994,-37.84315325822172
5518.85474575139,5603.164469338697,-84.30972358730742
5500.933600175056,5494.7629532645415,6.1706469105147335
5520.820027540195,4599.321266039111,921.4987615010841
5505.256435490234,4593.995453048812,911.2609824414221
5519.153264008177,5180.288138335961,338.865125672216
5500.482393220719,4896.214637615375,604.2677556053441
5505.4370800144225,5211.240734807733,294.19634520668933
5507.783663081684,5385.220849077036,122.56281400464741
5511.970692344696,5330.0061199474,181.96457239729534
4440.870677465369,5511.210587351453,-1070.3399098860837
5486.929424455867,5163.515071282477,323.4143531733898
5473.506213852257,5309.981393293193,163.5248205590642
5477.584561106151,5496.1091492127225,-18.524588106571173
5480.909750507887,5205.544764140499,275.36498636738816
5504.033808303699,5509.543331514571,-5.50952321087243
5499.814313488551,5219.2586423824305,280.5556711061208
5495.4434822757285,5191.753377676258,303.69010459947003
5496.618632130571,4873.216765493974,623.4018666365973
4772.482510159961,5348.120936641472,-575.6384264815115
5201.862799228613,5497.801324913241,-295.9385256846281
5202.466480762562,5206.213199381021,-3.7467186184585444
5195.999805742514,5546.668697937858,-350.6688921953446
5205.264829761363,4570.966893349816,634.2979364115472
5203.450532885178,5260.241742215275,-56.791209330096535
5217.16659939641,5177.39507717345,39.7715222229599
5185.443450782863,5302.921910500716,-117.47845971785318
5249.379204110259,5480.457359817325,-231.0781557070659
5260.879852083013,5558.2016851451335,-297.3218330621203
5254.1322649136455,5219.103304450671,35.02896046297428
5256.452065411614,5442.611251642374,-186.1591862307596
5262.684849130938,5518.010817618491,-255.32596848755293
5249.872785216473,5193.878297612909,55.99448760356427
5246.2726461550565,5467.594924708557,-221.32227855350084
5249.515631953679,5500.161493068357,-250.64586111467815
5245.593184495057,5487.107849192571,-241.51466469751358
5254.27404777557,5568.5266632688745,-314.2526154933048
5245.744631211329,4848.0867027424965,397.6579284688323
5500.150674087758,5203.72760098593,296.42307310182787
5497.490421861018,4537.473268215446,960.0171536455719
5488.7051166706,5331.999427780871,156.70568888972866
5499.674186635633,4553.079830820469,946.5943558151639
5247.479631133315,5564.684439708984,-317.20480857566963
5211.349133966467,5202.2345357612585,9.114598205208495
5240.379812693231,5516.0853923177865,-275.70557962455587
5228.304361514636,5359.347186504473,-131.04282498983684
5220.010435261209,5323.057218337729,-103.04678307652011
5229.554710141259,5561.721994119499,-332.16728397823954
5209.914269702614,5162.487842872528,47.4264268300858
5214.420485185726,5199.025411790288,15.395073395437976
5526.5533462783205,5536.076597775605,-9.523251497284036
5522.245981934673,5193.59123102966,328.6547509050133
5532.764500774623,5504.450503211476,28.313997563147495
5531.043053562654,5551.672125464525,-20.62907190187161
5539.5393699767965,5212.584455544385,326.9549144324119
5531.231720746175,4562.33270909461,968.8990116515643
4867.408735777721,5525.706511904374,-658.2977761266529
5483.378821261285,5210.081183204852,273.29763805643324
5484.811777309117,5538.298689016936,-53.48691170781876
5486.540028074396,5552.214564690605,-65.67453661620857
5495.969093010089,4892.152260984287,603.8168320258019
4451.5498028310485,4709.173478606488,-257.62367577543955
5501.284136125096,4587.334259125584,913.9498769995116
5516.293076942778,5204.082515246685,312.21056169609255
5508.612158313012,5468.0531509682505,40.559007344761085
5510.5061416602375,5525.482811629984,-14.976669969746581
5510.433726093444,5211.6482686705795,298.78545742286497
5517.889414096299,4877.769169786469,640.12024430983
5519.309352370454,5436.782101460482,82.52725090997137
5505.116177423937,4864.430560011693,640.685617412244
5524.419306309624,4551.806585224765,972.612721084859
5520.820027540197,4554.943440841649,965.8765866985477
5521.387148257893,5565.596261421626,-44.20911316373258
5497.776207784979,5417.937546142894,79.83866164208575
5509.888087324863,5516.387842822911,-6.499755498048216
4453.622686463958,5310.5439703314005,-856.9212838674421
5513.417316865352,5243.86263381859,269.55468304676197
5511.282207359648,5531.743517676459,-20.46131031681125
5528.383820252909,5333.70920309525,194.67461715765876
5503.971728378586,5199.937272988174,304.0344553904115
5503.06222014871,4869.660382978497,633.4018371702132
5518.011761057498,5537.502650921092,-19.49088986359402
5525.182738316941,5566.201572292414,-41.01883397547317
5507.35479499838,5527.387941216264,-20.03314621788377
5514.328871838453,5544.70577683327,-30.37690499481687
5511.563023144458,4868.724813293674,642.8382098507846
5532.548221361347,5553.305328865613,-20.75710750426606
5517.246355439649,5530.24231766717,-12.995962227520977
5502.129950437315,5003.397693593653,498.73225684366207
4439.817762161612,5021.723728376135,-581.9059662145228
5493.369174054393,5479.890232978042,13.478941076350566
5496.341501966393,5570.486017707126,-74.14451574073337
5474.120576469354,5542.925491172516,-68.80491470316156
5491.794626829344,5058.0465636742065,433.74806315513797
5495.117496026887,5204.620863520636,290.49663250625144
5501.499172286708,5542.170001762362,-40.67082947565359
5491.8175273580755,4532.560783680709,959.2567436773661
5497.825613715773,5170.027713478478,327.7979002372949
4749.470968765874,5454.07794993184,-704.6069811659654
5199.512503110773,5427.181581760439,-227.66907864966652
5190.412554220455,4893.500115867722,296.91243835273235
5184.985360498815,5489.006170558272,-304.0208100594573
5203.201022389402,5482.905887185003,-279.70486479560077
5200.52451646315,5429.157951548837,-228.63343508568778
5209.6383804151565,5518.7015536332765,-309.06317321812
5207.129523022193,5570.290599399185,-363.16107637699224
5249.379204110259,5512.356795347916,-262.9775912376572
5260.263307770389,5539.934965612812,-279.6716578424239
5263.510273824547,5539.537400082411,-276.02712625786444
5242.299362786133,5548.245428811851,-305.9460660257173
5246.279438325004,5310.436611313163,-64.15717298815889
5246.2726461550565,5556.362931469237,-310.0902853141806
5238.365154125521,5527.188027526485,-288.82287340096354
5252.412567431548,5176.079877570582,76.33268986096664
5238.636384718067,4835.765527902763,402.87085681530425
5237.7303500995895,4996.2959752401075,241.43437485948198
5247.431478189012,5415.341934986875,-167.91045679786293
5507.156006609231,5556.173903795485,-49.01789718625423
5482.881809764407,5534.767174939241,-51.88536517483408
5495.960744144594,4871.43858111392,624.5221630306742
5521.679123924522,4880.056405325409,641.6227185991129
5228.304361514636,5467.92886242463,-239.6245009099939
5224.154781117677,5207.973545808168,16.181235309509248
5206.529206793094,5536.489343724872,-329.9601369317779
5225.138706418381,5599.326533793293,-374.18782737491165
5222.525096765527,5518.624032809127,-296.0989360435997
5211.033095805378,5552.548877033685,-341.5157812283069
5209.38167493233,5095.121706516898,114.25996841543201
5243.284383996452,5503.926533690673,-260.6421496942212
5548.6879101845925,4569.238810476884,979.4490997077082
5534.842050472321,5558.799455514006,-23.95740504168498
5529.413466532247,5434.046103066372,95.36736346587531
5543.134512997187,4569.777791250072,973.3567217471145
5544.596412651216,5553.966250392085,-9.369837740869116
5526.47354207479,5353.598434610699,172.87510746409134
4866.427652987652,5036.14678136828,-169.7191283806278
5492.514296320261,5491.136273546249,1.378022774011697
5479.550196253392,5156.127422063566,323.42277418982576
5460.620846912249,5081.73409666771,378.88675024453914
5484.225585959271,5567.108030434671,-82.8824444754
4442.360124658485,5205.615888673577,-763.2557640150917
5505.116177423937,4877.422289642445,627.6938877814919
5500.933600175056,5522.071953643403,-21.138353468346395
5513.999491105575,5476.317911898544,37.681579207031064
5519.153264008177,4710.872384549357,808.28087945882
5501.724218517406,5190.246192505872,311.478026011534
5507.783663081684,5446.429193603743,61.354469477940256
5506.401782144106,4858.865765712801,647.5360164313051
5513.316591728301,5175.404461593736,337.9121301345649
5499.205252960396,5375.570471622506,123.63478133788976
5507.296917780318,4546.650458028046,960.6464597522718
5518.011761057497,5202.466103277405,315.54565778009237
5506.179645143538,5562.364867267809,-56.185222124270695
5509.956024608103,4540.339922600633,969.6161020074696
4461.154057911505,5195.96935264931,-734.8152947378048
5512.326067892361,4494.191944030526,1018.1341238618343
5517.246355439649,4857.0107095983585,660.2356458412905
5507.642848809859,5162.1667969216805,345.4760518881785
5493.618945762463,5192.889948224176,300.72899753828733
5499.89677643023,5165.440360429011,334.4564160012187
5492.912390974515,5579.652805816095,-86.74041484157988
5518.181794101779,4877.409125091407,640.7726690103718
5510.584134750962,5540.4034966696345,-29.819361918672257
5518.3719747074065,5214.209138157769,304.1628365496372
5524.83949721632,5519.373985294362,5.465511921957841
5500.707139269883,4879.104985358483,621.6021539113999
5508.3398946338075,5506.341295777103,1.9985988567041204
5507.078892885076,5425.576804798464,81.50208808661228
4455.3162347270045,5563.111326632699,-1107.7950919056948
5483.578675556703,5504.316525133069,-20.73784957636599
5489.109779919836,5600.26634779654,-111.15656787670378
5492.18380445785,4811.901496718697,680.2823077391531
5491.840575912774,5537.044064276756,-45.203488363982615
5497.538358363681,5553.242776585265,-55.70441822158409
5499.195981237294,5471.569640823177,27.626340414117294
5491.8872685194165,5543.554183909069,-51.666915389652786
5504.809087789278,5565.356605984191,-60.54751819491321
4754.925857019925,4568.791936370539,186.1339206493867
5195.307503375156,5464.9309558510195,-269.6234524758638
5205.0161369054,5345.475608911395,-140.45947200599494
5198.321979676065,5413.538672719232,-215.21669304316674
5186.802567574268,5585.263258605877,-398.4606910316088
5185.2360089267195,4574.42477793371,610.8112309930093
5211.40898982066,5579.087349779844,-367.6783599591836
5202.041612536748,5554.918919000053,-352.8773064633051
5249.379204110259,5125.137215778236,124.24198833202263
5260.127187955408,4857.408852711766,402.7183352436423
5263.296595777664,5568.478017051321,-305.1814212736572
5260.488968446922,5535.032396050569,-274.5434276036476
5272.409865602966,5128.112359093611,144.29750650935512
5249.515631953679,5469.017786660336,-219.50215470665717
5252.412567431548,5215.206250062804,37.20631736874384
5248.457207312156,5093.339016808169,155.11819050398753
5237.561692966058,5310.3270828675295,-72.76538990147128
5248.483983061389,5536.40622536222,-287.9222423008305
5250.205290213483,5209.165353990421,41.039936223061886
5495.603423753894,5408.04137703842,87.56204671547403
5521.679123924522,5569.887985811504,-48.20886188698205
5517.282573738789,5277.631801489711,239.65077224907873
5486.58589343927,5194.938975104038,291.64691833523193
5209.914269702614,4532.290908819721,677.6233608828925
5216.200399915008,4542.665318950914,673.535080964094
5220.760301860894,4561.4443620056845,659.3159398552098
5209.38167493233,5014.315044591836,195.06663034049325
5227.170160981512,5540.865266391544,-313.69510541003183
5219.967781910098,5493.159776891575,-273.19199498147736
5219.981022852262,5464.817958541485,-244.83693568922263
5237.238455610261,5487.255223319496,-250.01676770923495
5516.055840868994,5518.068154784272,-2.012313915278355
5526.47354207479,5509.651585302962,16.8219567718279
5523.540000773542,5546.852494015216,-23.31249324167402
5520.642234366434,5522.462181067589,-1.8199467011545494
5525.188552903075,5165.024842689608,360.1637102134673
5529.315600423066,5548.617292746569,-19.30169232350272
4872.211719756431,5229.408560347614,-357.196840591183
5481.337396801422,5348.767372018232,132.5700247831901
5486.521041046584,5585.1738869178225,-98.65284587123824
5481.477654867719,5411.066405625825,70.41124924189444
5484.33182860887,5198.571202039886,285.76062656898375
4452.194428308247,4735.7792014381785,-283.5847731299318
5513.417316865353,5542.8836160923875,-29.466299227034142
5513.316591728301,4957.206043355366,556.1105483729352
5522.773176791004,4566.317114781642,956.4560620093616
5507.741432680345,5220.995255708403,286.74617697194117
5524.011606528382,4914.004130264078,610.0074762643035
5507.35479499838,5044.113707957539,463.2410870408412
5516.314093372919,5174.81653730215,341.49755607076895
5512.326067892361,5430.61614210283,81.70992578953064
5499.741289371308,5548.120104296568,-48.378814925259576
5523.1879796811445,5225.291566650876,297.8964130302684
5519.756341326829,5536.489676055909,-16.733334729079615
5517.152394507568,5546.421446292226,-29.269051784658586
5508.439977018879,4590.554641470152,917.8853355487272
4456.744219564384,5511.850301695839,-1055.106082131455
5513.689356822052,5535.638512711886,-21.94915588983349
5508.561776583583,5323.642180805489,184.91959577809394
5504.735292622767,5523.802337610825,-19.067044988058115
5511.757751855906,5222.6807927700265,289.076959085879
5504.9619652535075,5411.408212897153,93.55375235635438
5509.965842829137,4543.677923379144,966.2879194499928
5518.799030652914,5222.042366712225,296.75666394068867
5512.429521522447,5564.601837150164,-52.17231562771667
5495.207613697899,5549.93611475285,-54.72850105495036
5504.598079729682,5309.329564748202,195.2685149814797
5510.719235911876,4546.523350049407,964.1958858624694
5515.545250657088,5566.315448746692,-50.77019808960358
5504.391219403762,5524.159412716121,-19.768193312358562
4447.499206793139,5177.332595032787,-729.8333882396482
5498.594282197382,5564.521149759644,-65.92686756226158
5482.48192517152,5558.898698265112,-76.41677309359238
5466.816413692794,5533.466146318081,-66.64973262528656
5498.743993291452,4884.934596723049,613.8093965684029
5489.692817947054,5521.670901749932,-31.978083802878245
5494.800501042185,5497.002349604006,-2.2018485618209525
5501.645825683781,4711.015583762202,790.630241921579
5506.908679620764,5537.901434351877,-30.992754731112655
4745.993521940762,5086.88793087322,-340.89440893245865
5201.355157024901,5554.137082546,-352.78192552109886
5196.3043072203345,5542.434604371976,-346.13029715164157
5217.099125361616,5224.407996771862,-7.308871410245956
5210.078613113935,5479.500050553519,-269.4214374395842
5210.32481661536,4401.123383936504,809.2014326788558
5198.067266886809,5016.989492070601,181.07777481620815
5202.297171450228,4959.129224701924,243.16794674830453
5249.379204110259,5458.862936742424,-209.4837326321649
5264.494649725124,5226.776343898396,37.71830582672828
5245.383897233853,5473.069379394487,-227.68548216063482
5246.279438325004,4535.8180403384695,710.4613979865344
5254.687485902465,4549.813566714907,704.8739191875575
5245.593184495057,5311.333076751911,-65.73989225685364
5238.636384718067,5482.280293071797,-243.64390835372978
5237.561692966058,5543.383440389563,-305.82174742350435
5251.320494157112,5319.652727098479,-68.33223294136678
5236.6169426443,4725.2342512608975,511.38269138340274
5241.5097164159015,5486.765200048164,-245.25548363226244
5511.712871761532,5496.716541318337,14.996330443195802
5501.05884914376,5553.053817937283,-51.994968793523185
5490.108242712876,5186.404688434583,303.70355427829327
5497.504194057263,5206.053748101946,291.45044595531635
5211.033095805378,4527.272744680668,683.7603511247098
5218.139709263659,4564.3043895485125,653.8353197151464
5241.286845659488,5569.273033340201,-327.98618768071356
5223.1884606421945,5243.140466144494,-19.95200550229947
5239.277065572183,5547.323949501947,-308.0468839297637
5218.257397665596,5054.6109511141685,163.6464465514273
5219.599478161624,5421.757157627577,-202.15767946595315
5208.255889224713,5553.478682551747,-345.2227933270333
5539.983664468147,5215.960846376214,324.022818091933
5506.655492183212,5134.2960022628595,372.35948992035264
5540.145278744747,5539.84697930253,0.2982994422172851
5537.409722713217,5177.231043670084,360.17867904313334
5523.189464823503,5523.038683614877,0.15078120862563082
5527.512300138683,5204.378031632713,323.1342685059699
4848.135311528104,5519.000880676,-670.8655691478962
5484.004882459167,5539.1511085871925,-55.14622612802577
5470.176261818268,5553.863017323453,-83.68675550518492
5476.1146005021765,4948.146365742855,527.9682347593216
5483.518137157803,4957.3569598806525,526.1611772771503
4449.422975599121,5541.783058828764,-1092.3600832296434
5507.35479499838,5313.472177798233,193.88261720014725
5514.91236621734,5163.272205542099,351.6401606752406
5506.922078103284,5527.353539559911,-20.431461456627403
5514.339675171931,4546.930699389451,967.4089757824804
5493.618945762463,5480.6283517379525,12.990594024510756
5522.728669238827,5543.595302385086,-20.86663314625912
5506.611744934734,5157.552801832572,349.0589431021617
5510.584134750964,5549.17671602836,-38.592581277395766
5517.343443786478,4545.266363778105,972.0770800083728
5519.715587405748,5118.683464521738,401.0321228840103
5508.3398946338075,5218.643607719149,289.69628691465823
5506.8378191749225,5553.503041909783,-46.665222734860436
5506.661773553726,5550.250807635146,-43.58903408142032
4463.239925634838,4741.169751031757,-277.9298253969191
5512.429521522447,5208.543931525341,303.88558999710676
5490.053409000555,5187.968513098511,302.0848959020441
5509.932144105103,4905.057683877181,604.8744602279221
5519.418358343354,5167.738046948959,351.6803113943952
5519.768938924213,5181.291933499725,338.4770054244882
5506.636409001157,4530.892587741154,975.7438212600027
5518.739619578178,5559.982492220333,-41.24287264215582
5508.869092443954,5501.637488893677,7.231603550277214
5495.632320606944,5302.671234565517,192.96108604142682
5505.434438458261,5201.086195991472,304.3482424667891
5531.041457176147,5446.793489023539,84.24796815260743
5517.549707569617,5349.92380752651,167.6259000431064
5512.636857201696,5531.961925041315,-19.325067839618896
4455.854269804904,5577.483270330487,-1121.6290005255833
5485.584441725718,5357.023893552859,128.56054817285894
5481.156646177604,5561.42396510235,-80.26731892474618
5481.372501448414,4577.180881632147,904.1916198162671
5469.075584832165,4719.71744446553,749.3581403666349
5515.327750808923,5510.558881239677,4.768869569245908
5489.360991052994,5543.087249078999,-53.72625802600487
5487.135945954794,5194.667061425196,292.46888452959774
5495.924395194021,4867.668153472112,628.2562417219087
4748.826944452396,4548.915745965696,199.9111984866995
5208.93264058391,5058.831542118885,150.10109846502473
5201.23358751028,5559.16219249831,-357.9286049880302
5189.363826987286,5497.511310426087,-308.1474834388009
5202.930370786747,5540.561128550149,-337.63075776340247
5216.926758566337,5433.054664814583,-216.12790624824538
5186.680220376906,5043.67173431859,143.0084860583156
5200.993147033012,5599.6065990895495,-398.6134520565374
5249.379204110259,5480.457359817325,-231.0781557070659
5259.850091202162,5021.109882291464,238.74020891069813
5242.299362786133,5164.4203404327045,77.87902235342881
5259.612674728799,5185.738147711491,73.87452701730763
5238.365154125521,4528.497159403939,709.8679947215824
5254.27404777557,5527.544953923311,-273.2709061477417
5237.7303500995895,4941.70736267553,296.02298742405947
5248.483983061389,5549.144857838566,-300.660874777177
5236.6169426443,5534.767174939241,-298.1502322949409
5254.181463001826,5524.090603083622,-269.90914008179607
5258.464943964072,4715.446805823017,543.0181381410548
5495.193078692356,5212.485975211487,282.7071034808687
5504.311839211554,5218.168422012329,286.14341719922504
5519.132414973207,4742.048453080158,777.0839618930495
5490.271960247878,5522.214674617272,-31.942714369393798
5228.718243420113,5517.225473677014,-288.5072302569006
5223.1884606421945,5325.75085502909,-102.5623943868959
5228.225099974396,5348.9674429978395,-120.74234302344394
5231.270993618534,5574.495912445174,-343.22491882664053
5230.026426044431,5326.707697683911,-96.68127163947975
5230.324791933133,5547.605779876359,-317.2809879432252
5211.131469571959,5541.694477630524,-330.56300805856426
5219.718878868463,5414.463982760814,-194.74510389235093
5532.32515639725,5093.26119938501,439.0639570122403
5523.189464823503,4727.380741442335,795.8087233811675
5543.64301290634,5222.824243221931,320.81876968440884
5523.980083165854,5532.364749271314,-8.384666105460383
5544.683352453467,4555.955953869016,988.7273985844504
5535.572456376748,4544.222721271681,991.3497351050673
4858.66571815336,4550.584739794339,308.0809783590212
5494.232980434981,5557.316018425984,-63.08303799100304
5479.755188564718,4548.295557484258,931.45963108046
5491.133585594824,4957.176309207445,533.9572763873784
5485.428202245259,5506.660918677283,-21.232716432024063
4445.476400176933,5426.445371435335,-980.9689712584022
5519.756341326829,5422.969298062121,96.78704326470779
5492.912390974514,4575.114556838365,917.7978341361486
5506.7287024011,5188.196507241696,318.5321951594042
5518.371974707408,5479.374970337011,38.99700437039701
5507.4989259770755,5550.569883763404,-43.07095778632811
5508.3398946338075,5356.791183641503,151.54871099230422
5507.7478297425305,5316.520832259781,191.22699748274954
5509.965842829137,5173.129576277651,336.836266551486
5510.9319044004105,5528.676442985486,-17.744538585075134
5518.227743185211,5225.280297458749,292.9474457264614
5503.282977668693,5212.0366951437745,291.24628252491857
5502.623431387228,5190.173236831775,312.450194555453
5504.5489677947835,5513.723742864748,-9.174775069964198
4448.677082365498,5192.226551340836,-743.5494689753377
5524.981449469817,5549.38461749644,-24.40316802662346
5500.5973767246505,5544.024572454477,-43.42719572982605
5522.492847835108,5216.16595965373,306.3268881813774
5511.538647850894,4554.555796396043,956.9828514548517
5522.789396192858,5441.887484109491,80.90191208336637
5524.105402031416,5608.756985212502,-84.6515831810857
5519.53599982337,5566.199644259675,-46.66364443630482
5511.971608998152,5320.136230404466,191.83537859368607
5523.80272868004,5566.305879512011,-42.50315083197165
5513.106221150074,5218.531327262748,294.57489388732574
5514.686916537363,5503.164922581651,11.521993955711878
5503.623315583498,5500.323911432855,3.2994041506426584
5494.407198362646,5524.313488472155,-29.906290109508518
4446.4450135688285,4904.47620745523,-458.0311938864015
5498.002078984469,4721.751776604187,776.2503023802819
5487.758399678171,5204.204125144246,283.5542745339253
5508.949354798963,5344.09616775143,164.85318704753354
5467.099252769318,4997.492750083456,469.6065026858623
5482.331604311466,5511.187203465578,-28.855599154111587
5487.5928814659355,5181.857141581943,305.7357398839922
5508.30724692247,5250.745734572952,257.5615123495181
5502.62709272901,5262.095487772724,240.53160495628617
4765.683675953074,5540.528035769586,-774.8443598165113
5195.652330404182,4949.208397436798,246.44393296738417
5225.532373750338,4565.890009896257,659.6423638540809
5199.420840810197,5525.429479791053,-326.00863898085663
5218.640482465677,5179.774885037,38.865597428677574
5201.379653299086,5509.146298372031,-307.7666450729448
5209.069071236793,5549.268219292624,-340.19914805583085
5186.088648145687,5489.372570839601,-303.28392269391406
5249.379204110259,5514.972853836307,-265.59364972604817
5254.1322649136455,5508.102416624052,-253.97015171040675
5262.684849130938,5525.440239427104,-262.7553902961654
5246.2726461550565,4586.755263877592,659.5173822774641
5245.593184495057,5200.030154504025,45.563029991032636
5245.744631211329,5206.063714544043,39.6809166672856
5247.431478189012,4721.251936699144,526.1795414898679
5250.205290213483,4872.8623690714585,377.34292114202435
5241.5097164159015,5507.730459285292,-266.22074286939096
5258.464943964072,5017.961310411378,240.50363355269383
5259.715292590694,5526.45594120285,-266.7406486121563
5488.625994525432,5090.337272359126,398.2887221663068
5490.117876181208,5013.025698830857,477.09217735035054
5498.914947809188,5166.1235609651685,332.79138684401914
5499.1036149927095,5538.847215583718,-39.743600591008544
5220.867199464435,5204.3102769704965,16.556922493938146
5218.257397665596,5514.955897569656,-296.69849990406055
5222.958732327539,4558.407174155735,664.5515581718037
5230.324791933133,5471.779606081567,-241.4548141484338
5221.7550194736095,5416.930964710908,-195.17594523729804
5224.629349598894,5549.894636685521,-325.2652870866268
5216.678978282641,5419.255024336611,-202.57604605397046
5231.837586903507,5440.64528253845,-208.80769563494323
5520.032072433426,5500.637285153808,19.394787279617958
5530.03952773013,5549.242145528816,-19.202617798685424
5533.538072008093,4542.405527740141,991.1325442679517
5526.2275930270325,4694.772993355132,831.4545996719007
5540.267625705943,5030.106337844721,510.16128786122226
5529.610659646827,5537.186472274624,-7.5758126277969495
4851.851883768441,5320.403449311521,-468.55156554307996
5493.467574817135,5538.662376341376,-45.194801524241484
5486.076890463676,5562.97859977235,-76.90170930867407
5498.94988861631,5485.309997573988,13.639891042322233
5494.403013479263,4732.182490595088,762.2205228841749
4444.802154011533,5430.194822022792,-985.392668011259
5508.561776583581,5210.600278992169,297.9614975914128
5508.3398946338075,5462.271722840981,46.06817179282643
5494.332237407743,5534.29680301586,-39.96456560811657
5511.103537376692,5473.767877903551,37.33565947314037
5518.570971730283,5331.177346236176,187.39362549410725
5490.053409000557,5323.637720112494,166.4156888880625
5525.268887845921,5566.113492231799,-40.844604385877574
5515.545250657088,5214.7604949131955,300.7847557438927
5515.826091870421,5556.525627801272,-40.6995359308512
5518.739619578179,5436.700517028092,82.03910255008759
5500.59737672465,4850.328284450423,650.2690922742268
5518.29436248091,5549.608736260861,-31.314373779950984
5492.1336159384055,5543.085539325318,-50.95192338691231
4466.861649740268,4970.217804979833,-503.35615523956494
5517.644842488572,5053.2659361331225,464.37890635544954
5502.850155994629,5151.4058861120575,351.44426988257146
5499.4405994573945,5494.538717615041,4.90188184235376
5507.75966872085,5094.6452724798755,413.1143962409742
5530.896497777628,5190.998941403568,339.8975563740596
5503.623315583498,5535.935424656239,-32.312109072740895
5544.224100933796,5481.161344046556,63.06275688723963
5506.660558061832,5187.17318526148,319.4873728003513
5521.852154724317,5576.1911925236855,-54.33903779936827
5527.283433102502,5546.754389969859,-19.470956867357017
5526.868406445141,4602.286353601727,924.5820528434142
5509.860901956277,5540.561128550149,-30.700226593871776
5512.6123593177035,5343.226002068719,169.3863572489845
4433.252552902125,4831.554011977619,-398.30145907549377
5486.976088324384,5533.324692981888,-46.34860465750353
5483.3947785143,5524.236675353379,-40.8418968390788
5509.566696470373,5497.378934168986,12.18776230138701
5495.6861292985595,5055.973625218708,439.7125040798519
5516.682965009648,5574.360445810827,-57.67748080117872
5510.226566159773,5439.521386985076,70.70517917469715
5504.428242875584,4909.118813060374,595.30942981521
5490.64449835965,4577.772697686286,912.8718006733643
4751.142344100307,4536.833140203386,214.30920389692074
5205.780361591289,5212.352799063955,-6.572437472666024
5187.102169243319,5301.012526752606,-113.91035750928768
5224.601696553128,5557.237979585626,-332.6362830324979
5191.594589101349,5498.690961726994,-307.096372625645
5207.220091898752,5054.623971023606,152.59612087514597
5206.214389903329,5507.625576279621,-301.4111863762919
5213.950010609568,5485.9053382081565,-271.95532759858816
5249.379204110259,5424.857244830346,-175.47804072008694
5252.680742232068,4544.138960870536,708.5417813615322
5244.648810774973,5499.68960318221,-255.04079240723695
5243.410927325601,5542.303259741041,-298.89233241544025
5247.403063271357,4874.28264020983,373.1204230615267
5250.81194068772,5553.249644340718,-302.4377036529977
5256.657167266845,4877.832834967423,378.82433229942217
5243.200437936243,5536.29823169517,-293.09779375892685
5267.0281799686945,5484.961289642896,-217.93310967420166
5245.6811226837,5198.706789263987,46.97433341971282
5244.581067635162,4718.38177377282,526.1992938623416
5493.3405217940235,5494.583503725038,-1.242981931014583
5521.634561888915,4894.710485799937,626.9240760889788
5509.76150996471,5539.782533091597,-30.021023126886575
5516.391977034969,5110.055988291981,406.3359887429888
5230.3705941170865,4855.710319805104,374.6602743119829
5208.255889224713,5543.139926479733,-334.8840372550194
5219.944059268247,5160.815384630084,59.12867463816292
5219.718878868463,5493.606103060431,-273.887224191968
5214.918018024961,4550.120116842109,664.797901182852
5231.837586903507,5519.263616614175,-287.42602971066754
5222.251166481331,5416.06643607562,-193.81526959428902
5229.1988116439825,4562.7660372367045,666.432774407278
5534.171822291279,5515.910682441674,18.26113984960466
5529.5527824287665,5478.418025709519,51.13475671924789
5547.438602965386,5235.013288436918,312.42531452846833
5520.436742367511,4542.6993951670165,977.7373472004947
5531.462847516221,5193.109560931259,338.353286584962
5545.443844329593,5529.434104572159,16.009739757433636
4861.086819255652,5196.274630767511,-335.18781151185885
5494.403013479263,5557.524273661852,-63.12126018258914
5500.5276853535925,5566.394107217799,-65.86642186420613
5495.936806783231,5118.683464521738,377.25334226149334
5484.640559971432,5554.3456887723505,-69.70512880091883
4451.114008828956,4558.62185256282,-107.50784373386432
5518.799030652913,5536.766060655982,-17.96703000306934
5518.227743185211,5535.345579946576,-17.117836761365652
5537.478754613094,5235.295015213345,302.18373939974845
5517.4661074716705,5549.46456730184,-31.99845983016985
5512.029331137103,4549.911802402948,962.1175287341557
5518.739619578179,4551.929263644359,966.8103559338206
5509.455826979413,5471.2631452878095,38.192681691603866
5525.131160563888,5219.900802924738,305.2303576391505
5490.82169705783,5141.252159080909,349.5695379769204
5507.526172682233,5558.506092448351,-50.979919766118655
5519.535999823371,5552.154902375865,-32.618902552494546
5495.168013109525,5512.135976819053,-16.967963709527794
5514.322675136891,5518.614440355209,-4.291765218317778
4448.2808693126735,5032.7712100120625,-584.490340699389
5509.767124932661,5481.116732678192,28.650392254468898
5544.224100933796,5086.902680698699,457.3214202350964
5514.978039056131,5476.956886383496,38.02115267263525
5511.603659394368,5014.850300891587,496.75335850278134
5504.973217665922,5236.503035518396,268.4701821475255
5493.486420041752,5158.965152999115,334.5212670426372
5529.347220917408,5495.059424338075,34.28779657933319
5491.699230393695,5534.7532912700135,-43.054060876318545
5508.377173898169,5550.810040749408,-42.43286685123894
5519.98229971112,5523.680275853402,-3.6979761422826414
5525.705193479713,5555.357771484435,-29.652578004722272
5522.073296570994,4856.292495023479,665.7808015475148
5514.922966154938,4572.4740370280015,942.4489291269365
4434.63410684255,4876.9276471592,-442.29354031665025
5492.3217057511665,5183.4716696044925,308.85003614667403
5496.4551298127735,5331.595881946458,164.85924786631585
5482.116903989439,5470.305357358632,11.811546630807243
5497.725290566,5137.228627887398,360.49666267860175
5490.4325909281315,5012.302014877509,478.13057605062295
5499.195577726563,5207.0180382611,292.17753946546327
5494.012481051117,4896.61472117092,597.3977598801966
5505.074088085078,4552.20151761826,952.8725704668177
4752.173217425722,5506.242673427366,-754.0694560016436
5187.948717962015,5514.331042434897,-326.38232447288283
5196.786363672123,5495.3659019465,-298.5795382743772
5189.664251811063,5509.176071706766,-319.5118198957034
5191.849257069878,4948.768602883147,243.0806541867314
5205.190645087686,5442.730204366814,-237.5395592791283
5203.823751529038,5558.570833011643,-354.7470814826047
5208.215064764427,5560.00525089357,-351.79018612914297
5249.379204110259,5323.120207617227,-73.7410035069679
5263.510273824547,5231.499799909001,32.010473915545845
5246.279438325004,5090.312057532272,155.967380792732
5238.365154125521,5415.21300543729,-176.84785131176886
5238.636384718067,5159.84413422096,78.79225049710749
5247.431478189012,5205.163279756015,42.26819843299654
5236.6169426443,4888.302411933759,348.3145307105415
5269.345620750803,4576.387879848147,692.957740902656
5254.3153635671115,5208.50356534422,45.81179822289141
5255.299288867816,5179.042049520105,76.25723934771122
5241.193678254813,4946.894938120113,294.2987401347
5521.634561888915,5229.110553101286,292.5240087876291
5502.713944718856,5164.3498197671315,338.3641249517241
5511.006407243722,5176.806659891459,334.1997473522624
5494.345436321324,5533.917372873459,-39.5719365521345
5230.324791933133,5063.895561734648,166.42923019848513
5192.898580470259,5391.406384837245,-198.50780436698642
5220.030560967774,5316.460639968107,-96.43007900033263
5214.127137645875,5429.416015021169,-215.28887737529385
5226.951206114897,5323.468792967088,-96.51758685219102
5214.420203981835,5546.225843615738,-331.8056396339034
5222.782694817132,5524.649097854859,-301.86640303772674
5219.412124154868,5528.8528628530485,-309.4407386981802
5528.435509791985,5157.67172368073,370.7637861112553
5537.168230865786,5341.015346830893,196.15288403489376
5539.502220088097,4884.726262170883,654.7759579172134
5515.874810410908,5160.386454085427,355.4883563254807
5515.168255622962,5525.143925664475,-9.975670041513695
5532.839999399409,5542.101980999815,-9.261981600406216
4864.515855017287,5331.109532049857,-466.59367703256976
5484.561114011293,4564.569970251645,919.9911437596484
5495.59368838745,5572.600840539622,-77.00715215217224
5491.718166569755,5535.248881022623,-43.53071445286787
5494.448962562694,4701.191390890895,793.2575716717993
4451.143981271215,4545.749808494929,-94.60582722371419
5515.545250657088,5221.89664164616,293.64860901092834
5506.6364090011575,4575.270412938617,931.365996062541
5508.0580181236255,4861.093359700783,646.9646584228421
5495.632320606945,5309.458391625702,186.17392898124308
5511.538647850894,4566.445186707301,945.0934611435932
5517.549707569615,5556.565016828434,-39.01530925881889
5514.1745822482635,5477.722908775856,36.45167347240749
5511.971608998153,5542.347561274195,-30.37595227604197
5526.401778849451,5578.421774855709,-52.019996006258225
5495.462752104599,5569.455819643721,-73.99306753912242
5503.623315583498,5205.4730165555575,298.1502990279405
5497.872108822605,5194.667061425197,303.2050473974077
5527.642703108086,5545.498141518407,-17.855438410320858
4468.4617697079075,5219.2068531137,-750.7450834057927
5511.56650564282,5471.969219356252,39.597286286567396
5509.860901956277,5553.299761026497,-43.43885907022013
5498.329044333745,5509.889762880698,-11.560718546953467
5514.7449367281415,5536.054071414054,-21.309134685912795
5519.276127571283,5106.033155253075,413.24297231820765
5506.578617380087,4390.9375889755165,1115.6410284045705
5522.073296570994,4567.545968682308,954.5273278886862
5532.9212500907015,4555.282310709059,977.6389393816426
5511.723781829626,5552.750724098115,-41.02694226848871
5506.2660549063885,5546.3118798887135,-40.04582498232503
5500.418345172056,5329.555033561934,170.86331161012276
5512.958826963469,5418.892420979127,94.06640598434205
5500.500198854083,5333.436071074109,167.0641277799732
4443.779212277535,5206.4506508680415,-762.6714385905061
5492.201351076898,5060.394457487812,431.80689358908603
5476.8089805233185,5521.783171236539,-44.974190713220196
5497.560288510498,5175.414854556563,322.145433953935
5470.835300181125,5526.677299988528,-55.841999807403226
5514.9716044718125,4739.388053785305,775.5835506865078
5493.58004225694,5431.1729141560745,62.40712810086552
5509.505002440221,5552.823076984704,-43.31807454448335
5507.676844921569,5441.391979948534,66.28486497303493
4757.681801295155,5470.853778247728,-713.1719769525725
5202.037165833201,4959.499997833304,242.53716799989616
5206.440878934443,5474.219228031973,-267.7783490975298
5191.513493868551,5426.392386422664,-234.8788925541121
5199.042323610676,5193.981640340625,5.060683270051413
5193.636679125435,4861.016137717095,332.6205414083397
5205.556302600349,5212.656902452998,-7.100599852648884
5203.9180114506635,4596.790173298079,607.1278381525844
5249.379204110259,5537.590958702455,-288.2117545921965
5269.64833881254,5478.379177102449,-208.73083828990912
5252.747983736734,5550.261723776923,-297.5137400401891
5253.216162116447,4567.083076396491,686.1330857199555
5249.661774953676,5205.170178168018,44.49159678565866
5243.8452407809955,4881.597325755003,362.24791502599237
5248.133976257859,5213.426767485753,34.70720877210624
5266.962107534021,4566.502937622062,700.4591699119592
5243.374855735419,5199.949944229136,43.424911506283024
5269.013691772493,5487.510967741623,-218.49727596913
5252.940691385965,5427.511720507911,-174.5710291219466
5509.76150996471,5328.910905000817,180.8506049638927
5511.006407243722,5540.812239359346,-29.80583211562407
5509.061189379344,5561.750079992574,-52.68889061322989
5488.514128612969,4532.978667534173,955.5354610787963
5223.982687301234,5523.653404602166,-299.67071730093176
5225.424037644637,4545.280659256671,680.1433783879656
5217.912145019753,5510.405018021888,-292.49287300213564
5214.664940961292,5407.038182376147,-192.37324141485533
5223.286004101226,5055.604530051411,167.68147404981573
5215.111175999292,5496.1091492127225,-280.99797321343067
5233.182031479622,4970.897372148469,262.2846593311533
5209.930463974676,5528.218039355524,-318.28757538084756
5537.996040662969,5169.5603990970485,368.4356415659204
5515.874810410908,5458.004338845882,57.87047156502649
5522.763608390237,5098.6216351626235,424.14197322761356
5533.656886040573,5518.649391304053,15.00749473652013
5529.754790625523,4567.1096718269955,962.6451187985276
5534.013616504353,5503.2524637989745,30.761152705378663
4856.297629549786,5545.708091319517,-689.4104617697312
5494.792191107769,5505.846521259171,-11.0543301514017
5486.950020372812,5514.134569805181,-27.18454943236884
5495.639577720839,5537.735321748607,-42.09574402776798
5488.250550514588,4724.05555655776,764.1949939568285
4445.465168034129,5192.373188021638,-746.9080199875089
5493.20358096523,5324.316116849822,168.88746411540797
5511.538647850894,5197.891567576204,313.6470802746908
5507.4079765824135,5318.639908206127,188.76806837628646
5523.7045804336085,5058.416225689495,465.28835474411335
5507.0606203850175,5194.303406873719,312.7572135112987
5507.75966872085,5561.33446254199,-53.5747938211407
5509.237015239571,5211.389229159113,297.8477860804578
5514.163358856694,5533.12426257077,-18.960903714076267
5520.3875033607355,5539.551890168345,-19.164386807609844
5511.603659394368,5053.827257291977,457.77640210239133
5535.336522071398,4567.041229210646,968.2952928607519
5533.761601122131,5586.011388646272,-52.24978752414154
5511.971262620374,5050.735955784386,461.235306835988
4452.283267947526,5015.056533036878,-562.7732650893522
5529.396029197976,5560.122840086354,-30.726810888378168
5535.953863742808,5560.185104840702,-24.23124109789387
5519.963822799534,5322.408817521148,197.55500527838558
5498.580362931663,5246.685239299727,251.89512363193626
5514.5800146951315,5354.532365769667,160.04764892546427
5493.93587352741,5461.477612802026,32.45826072538421
5508.504071261875,5548.783453822673,-40.279382560798695
5506.767255900055,5549.447639701636,-42.68038380158123
5510.559957536596,5534.576235804035,-24.016278267438793
5531.165560337443,5584.932939531814,-53.76737919437073
5521.827530142895,4577.192365335992,944.635164806903
5523.9474557829335,4556.004229335656,967.9432264472771
5510.837008607172,5210.843528204605,299.993480402567
4447.1740930570395,5547.5541469605805,-1100.380053903541
5516.862785455268,4987.43884984517,529.4239356100979
5494.71066928216,5580.918643679014,-86.2079743968543
5497.050514954402,4549.68816996104,947.3623449933621
5491.992202094351,5479.827963940944,12.164238153407496
5487.459953897323,5167.77313115149,319.6868227458335
5516.7968898276085,5443.7740139382,73.02287588940817
5510.899081296079,5268.668407379548,242.2306739165315
5510.9265923992725,5563.790936992538,-52.86434459326574
4760.712765238289,5515.870440071019,-755.1576748327307
5203.9180114506635,5322.543581858562,-118.62557040789852
5200.317488627226,4540.120813811022,660.196674816204
5191.556790012388,5519.7816225407805,-328.22483252839265
5217.0191757485,5529.907570763163,-312.8883950146628
5207.772508921708,5524.041922827658,-316.2694139059495
5195.930367674534,4875.409127087817,320.5212405867169
5200.364308638791,5351.721445179907,-151.35713654111623
5249.379204110259,5537.590958702455,-288.2117545921965
5263.296595777664,5542.5438848562535,-279.24728907858935
5272.409865602966,4759.479064138278,512.9308014646886
5252.412567431548,5241.856097945346,10.556469486202332
5237.561692966058,5456.283135154164,-218.72144218810536
5250.205290213483,5557.305040489485,-307.09975027600194
5269.345620750803,5482.489634863504,-213.14401411270046
5240.347293145543,4530.361902092713,709.98539105283
5246.360982364442,4704.605820455557,541.7551619088854
5239.542257381765,4839.433821712028,400.10843566973745
5250.128364359533,5316.060888502002,-65.93252414246854
5516.391977034969,5544.74959289724,-28.357615862270904
5494.345436321324,5533.917372873458,-39.57193655213359
5488.514128612969,5194.850710219037,293.66341839393226
5497.1874946696,4544.403338601636,952.7841560679635
5216.678978282641,5523.539515051758,-306.86053676911706
5218.9153712708085,5503.5072608790715,-284.59188960826305
5224.412831402179,5015.914351941123,208.49847946105638
5222.782694817132,5528.217171221341,-305.4344764042089
5221.573054575843,5540.330908762682,-318.7578541868388
5218.425202658676,5518.825284235049,-300.40008157637294
5225.333692921274,4711.451277664904,513.8824152563693
5237.7903100957465,5228.410839976929,9.379470118817153
5539.408259156013,5325.494678050851,213.91358110516194
5532.839999399409,5205.635966983412,327.20403241599706
5530.817641232029,4557.691469030373,973.1261722016561
5534.013616504353,5541.600990855586,-7.587374351232938
5532.221707477584,5211.34989101665,320.8718164609336
5534.685386170894,5245.037234807293,289.64815136360085
4847.230407614255,4587.8009908345175,259.42941677973704
5491.766470034573,5568.781988639373,-77.01551860479958
5487.67454332275,5553.538065381674,-65.86352205892399
5485.090311821442,5206.828368292331,278.2619435291108
5501.352379941371,4570.945819237395,930.4065607039756
4438.455580119727,5045.794566418889,-607.3389862991626
5517.644842488574,5220.993401082183,296.6514414063913
5511.971608998153,5210.830098050968,301.14151094718454
5523.411957181464,4552.278653595186,971.1333035862772
5522.8624344371465,4572.031464364272,950.8309700728742
5514.163358856694,5532.773229532625,-18.609870675931234
5506.660558061831,5536.546160935141,-29.885602873310745
5524.589919749176,5061.899011162157,462.6909085870193
5511.566505642821,4642.590680431294,868.9758252115271
5514.529141980735,5539.20083246369,-24.671690482954546
5491.699230393693,4530.096909219881,961.602321173812
5513.363255596819,5319.489848910203,193.87340668661545
5527.983206867478,5604.678246302515,-76.69503943503696
5506.043983110934,5557.740695058608,-51.696711947673975
4470.494372807444,4889.687317155875,-419.1929443484305
5514.149601581182,5482.405520267043,31.744081314138384
5501.380661227459,5455.717325700673,45.663335526785886
5519.761149282523,5559.334197514404,-39.57304823188133
5506.767255900055,5336.755820147492,170.01143575256265
5535.620117604826,5582.048264762846,-46.42814715801978
5518.588518349331,5506.641329074268,11.947189275063465
5515.810250952889,5211.554091179069,304.2561597738204
5508.473237124323,5200.14400737634,308.32922974798294
5498.793762681799,5045.087172791078,453.70658989072126
5514.030730988104,5212.817237745882,301.2134932422214
5516.974432069781,5323.005983203561,193.96844886621966
5518.413007789379,5549.20555452332,-30.79254673394098
5527.181538493106,5224.673283486024,302.50825500708197
4446.710970679508,4875.011001440776,-428.3000307612683
5484.843335523189,5567.568570481113,-82.72523495792393
5492.084867770541,5561.130416663738,-69.04554889319752
5495.275587994648,5575.211751885986,-79.93616389133786
5490.52584665608,5199.648877714072,290.8769689420078
5516.094594546089,5191.232176589078,324.8624179570106
5522.885051560089,4565.153095920152,957.731955639937
5512.065257689181,4899.843578284703,612.221679404478
5485.280748406368,5036.737421945617,448.5433264607509
4760.264358970485,5531.842957833314,-771.5785988628295
5202.175335816281,5472.340721509894,-270.16538569361273
5212.503762524741,5606.218732377685,-393.7149698529438
5194.350700551234,5157.114854843335,37.23584570789899
5203.93774026138,4591.455205106182,612.4825351551981
5186.063078791516,5532.53106561109,-346.4679868195735
5203.464490797769,5554.147742161873,-350.68325136410385
5208.452825785897,5116.848087430148,91.60473835574976
5249.379204110259,5529.241785649643,-279.86258153938434
5256.452065411614,4963.219578149803,293.232487261811
5246.2726461550565,4543.07840310465,703.1942430504068
5254.27404777557,5551.503662877844,-297.2296151022747
5247.431478189012,5157.715590319018,89.71588786999382
5277.640213582749,5440.969086791458,-163.3288732087085
5258.464943964072,5534.062339365293,-275.59739540122155
5240.074852152048,5492.881139980375,-252.80628782832719
5241.193678254813,5493.803317551553,-252.60963929674017
5258.878825869549,4892.761462709242,366.1173631603069
5251.027781913868,4540.682752547236,710.3450293666319
5509.875632527586,5332.778866297278,177.09676623030828
5506.420835837759,5549.3042642065375,-42.88342836877837
5500.561484988425,5208.080195304097,292.48128968432775
5495.2439363189205,5498.062250099062,-2.8183137801415796
5234.093261854822,5552.85762894528,-318.7643670904581
5214.420203981835,4627.3979313829395,587.0222725988951
5240.383507566664,5569.805132460276,-329.4216248936118
5226.846526535877,5604.75016354906,-377.90363701318256
5229.038720415335,5330.75135523836,-101.71263482302493
5225.888540460701,5521.52408734866,-295.6355468879592
5231.231830500138,5363.60345222812,-132.37162172798162
5230.893840135561,5503.564403198924,-272.67056306336326
5524.809554874331,5534.177751306339,-9.368196432007608
5530.595759282254,5427.181581760439,103.41417752181496
5532.522017918893,5517.550314483482,14.971703435410745
5540.826836378731,5210.403501701809,330.4233346769224
5525.538842317142,5589.361703397715,-63.8228610805736
5537.801115305535,4562.085131865081,975.7159834404538
4862.564596667149,5539.12932923553,-676.5647325683813
5476.8185961021345,5585.263258605877,-108.44466250374262
5500.094111656956,5502.428699987072,-2.3345883301162758
5493.770926947101,5536.75164932354,-42.98072237643919
5495.757219200856,5563.195050522034,-67.43783132117824
4436.2676332442625,4950.309245198876,-514.0416119546135
5517.927066539178,4713.50312510875,804.4239414304275
5503.623315583498,5490.023962741152,13.59935284234598
5504.996463033202,5424.303856340181,80.69260669302184
5521.852154724316,5552.980856358433,-31.128701634116624
5535.336522071398,5343.714787623299,191.62173444809832
5509.860901956278,4743.541347774079,766.3195541821988
5525.879565871625,5555.228718176507,-29.3491523048815
5513.363255596819,4899.1458586509,614.2173969459191
5494.151966632526,5522.451488403148,-28.29952177062205
5522.073296570994,5201.9633979565,320.10989861449434
5527.920597741478,5230.79064784048,297.1299499009974
5515.1644057433905,5558.999869400765,-43.83546365737493
5498.818861937765,4535.951499851208,962.8673620865575
4460.881704587534,5556.545756786537,-1095.664052199003
5515.630607017939,4557.272233189724,958.358373828215
5498.786128278291,5199.150312284324,299.6358159939664
5495.306106521613,4580.7656034644615,914.5405030571519
5523.9474557829335,5441.8959331973465,82.05152258558701
5518.6782321985675,5329.656304726524,189.0219274720439
5522.640887057332,5538.957321627821,-16.316434570489037
5501.534124828416,5540.794345252845,-39.26022042442946
5518.413007789379,5322.840898748681,195.5721090406978
5509.609985927087,5215.549882795593,294.06010313149454
5505.080083918436,5201.964442770447,303.11564114798875
5505.939244282089,5423.866683412275,82.07256086981397
5509.346792905496,4540.492973258921,968.8538196465752
5501.922699042767,5417.707121957136,84.21557708563068
4439.750549593615,4546.421275772162,-106.67072617854683
5501.672175272859,5558.480488683074,-56.808313410215305
5474.653102095737,4835.012002563917,639.6410995318201
5498.487857718601,5332.885443986179,165.60241373242206
5478.953922617571,5255.092038295656,223.86188432191557
5504.930140726771,5557.446824976915,-52.51668425014395
5496.134844078879,5510.842462075323,-14.707617996444242
5524.029322796153,5579.370545606225,-55.341222810072395
5500.90299988726,5598.889752895996,-97.98675300873583
4772.604395192673,5452.366668773435,-679.7622735807618
5204.708241424174,5319.342069987594,-114.63382856342014
5196.417177939778,5205.754282727141,-9.337104787362478
5211.153030248259,5054.1048406082755,157.04818963998332
5192.103641543893,5551.373985167359,-359.27034362346603
5189.560651103901,4890.948345792035,298.6123053118663
5209.952399504006,5511.750256632578,-301.7978571285721
5205.19675889462,5216.316862910779,-11.12010401615862
5249.379204110259,4956.539671462246,292.8395326480131
5245.383897233853,5539.325558523388,-293.94166128953566
5254.687485902465,5199.721413179662,54.96607272280289
5238.636384718067,4556.213641127715,682.4227435903522
5251.320494157112,5511.833905768608,-260.51341161149594
5241.5097164159015,5200.951138952065,40.55857746383663
5254.3153635671115,5595.141746253774,-340.8263826866623
5246.360982364442,5548.00599464844,-301.64501228399786
5248.300291713094,5557.042770670716,-308.74247895762164
5253.349043091631,5341.895279791694,-88.54623670006276
5248.41798011503,5540.4250434188,-292.0070633037694
5490.983805178897,5557.046755918229,-66.06295073933234
5474.527386429746,4564.602659910902,909.9247265188442
5505.281616959752,5547.064593766038,-41.78297680628657
5495.384194385218,5457.777490820071,37.606703565146745
5214.420203981835,5496.450927024021,-282.03072304218676
5207.283789561965,4535.604583001524,671.6792065604413
5220.714238019536,5531.735401445772,-311.02116342623594
5222.48650992795,5556.97087636634,-334.4843664383907
5224.074243584516,5212.739480366391,11.334763218124863
5237.136663770212,5211.7913342605625,25.345329509649673
5217.997666859403,5521.649933707343,-303.65226684794015
5232.458549807971,5525.1803896258325,-292.7218398178611
5529.093683823369,5466.2020441464,62.891639676969135
5537.752811840718,5546.289029168792,-8.53621732807369
5512.309273649003,5307.493295349891,204.81597829911243
5541.674222991801,4905.2917267363,636.3824962555009
5528.892273649602,5157.226201423408,371.66607222619405
5531.124957092403,5492.147965593101,38.97699149930213
4848.491993457709,5525.500878404934,-677.0088849472249
5493.770926947101,5435.212141307244,58.55878563985698
5497.489981128148,5326.232377135315,171.25760399283354
5483.765032827522,5550.952261413444,-67.18722858592173
5471.6839714820835,5243.183759024248,228.50021245783591
4435.411726475017,5508.491642320931,-1073.079915845914
5506.660558061831,5121.543266847745,385.1172912140855
5514.145566950606,5546.3401305757225,-32.19456362511664
5496.8688756887595,5194.554216199559,302.3146594892005
5530.811139918143,5616.497875159648,-85.68673524150472
5514.744936728141,5539.51373824103,-24.768801512889695
5509.781945786735,5528.3820168030215,-18.600071016286165
5518.81361865911,5543.133884920659,-24.320266261548568
5532.9212500907,5337.508048418915,195.41320167178492
5505.5865635078335,5546.046802212066,-40.460238704232324
5522.842297085207,5227.605498803255,295.23679828195236
5512.95882696347,4544.883686105866,968.0751408576034
5505.454783482942,5527.38624722449,-21.931463741548214
5506.236510709233,5428.075493087882,78.16101762135077
4449.142055168543,5509.964932879715,-1060.8228777111717
5508.473237124323,5319.599439642252,188.8737974820706
5526.278382936691,5556.288438471481,-30.0100555347899
5504.316205124749,5488.8338100955925,15.482395029156578
5521.097836554595,5172.357483383793,348.74035317080234
5510.665419275683,5129.9776659526,380.6877533230836
5511.074818563418,5541.531381315428,-30.45656275200963
5516.8319544343785,4548.57349122376,968.2584632106182
5518.472035042973,5427.013332725286,91.45870231768731
5503.932475951175,5535.959492054782,-32.02701610360691
5513.204269110467,5097.828570903329,415.37569820713816
5513.292086969688,5198.008875140105,315.2832118295828
5501.040269368173,4530.850670697109,970.1895986710633
5497.228657545532,5042.510599048271,454.71805849726115
4460.260056275652,5424.622993138508,-964.3629368628563
5480.52594346261,4547.27714791745,933.2487955451597
5484.677349543664,4726.1025897533555,758.5747597903082
5478.80013007843,5351.639650336399,127.16047974203047
5482.345397340638,5528.861280236828,-46.515882896190305
5488.478183918639,5199.7913077188,288.6868761998385
5499.398753195659,5509.675504552277,-10.276751356617751
5498.485517085571,5321.91354201413,176.57197507144065
5506.208550335542,4968.5593593010635,537.6491910344785
4769.492328707343,5479.732787652295,-710.2404589449516
5204.342853122235,5513.174754153267,-308.8319010310315
5206.14863672293,5220.016313048631,-13.867676325700813
5192.796231095596,5317.832973061496,-125.03674196589964
5205.660785369822,5563.071555098672,-357.41076972885
5188.031252393551,5192.442718372952,-4.411465979401328
5197.495477016472,5511.6967332680415,-314.20125625156925
5215.450462386459,4604.145768032693,611.3046943537656
5249.379204110259,5550.329591178803,-300.95038706854393
5253.962452965449,5545.364162914919,-291.4017099494695
5249.413811844963,5191.474303076221,57.93950876874169
5250.0378702924245,4548.610711223212,701.4271590692124
5235.896724834925,5245.490930530807,-9.59420569588201
5270.540395142665,5344.713835942166,-74.1734407995009
5236.689789242529,5411.702016912467,-175.0122276699385
5250.920884310329,5467.038801068616,-216.1179167582868
5271.4474281089215,5556.534400863855,-285.0869727549334
5258.38568242383,5483.533415802382,-225.1477333785515
5253.1193147769745,5558.877832473029,-305.7585176960547
5501.288401607217,5558.826402967811,-57.538001360594535
5502.377506402911,5543.044511148123,-40.66700474521167
5496.1233503312615,5312.986382126666,183.13696820459518
5505.359984254255,5593.030990423503,-87.67100616924745
5240.383507566664,5527.330742129721,-286.94723456305746
5220.714238019536,5552.823206974932,-332.10896895539554
5242.655596745393,5544.773247301675,-302.11765055628166
5220.0657070871775,5241.006558026332,-20.94085093915419
5218.472448313107,4534.534818044361,683.937630268746
5225.538396202101,5509.441932246576,-283.903536044475
5213.520231150884,5547.581118233343,-334.060887082459
5226.6473581683085,5166.796691272283,59.85066689602536
5549.217671446067,5204.874442644591,344.34322880147556
5532.188008753549,5025.660400897068,506.52760785648115
5532.625065006442,5522.335862480722,10.289202525719702
5530.1829556493285,5172.9595885477975,357.22336710153104
5544.748712483554,5365.287438140709,179.46127434284517
5527.7925285584415,5411.486464159288,116.30606439915391
4861.162212523086,4574.079130842372,287.0830816807138
5475.661818834878,5586.352275037903,-110.69045620302495
5470.182645570463,5197.24463858714,272.93800698332325
5476.318373298286,5539.833529016727,-63.51515571844084
5491.199258433615,5589.254858129982,-98.0555996963667
4458.9333751732465,5107.727591072991,-648.7942158997448
5521.837601534525,5569.7980479017215,-47.96044636719671
5498.329044333744,5528.64332584299,-30.31428150924603
5498.490855872907,5538.516339213987,-40.02548334107996
5515.032871396038,4892.726127209816,622.3067441862222
5519.963822799533,5551.8268774439,-31.863054644367367
5520.962729027582,5541.591363093086,-20.62863406550423
5512.715294600541,5484.4193121250555,28.29598247548529
5519.761149282522,5521.683728775791,-1.9225794932690405
5513.796205792542,5180.95876886182,332.8374369307221
5509.931740594373,4551.640771241131,958.290969353242
5495.3061065216125,5525.500905064924,-30.194798543311663
5525.5046508807845,5556.557712585884,-31.053061705099026
5518.952740998684,5335.053288360014,183.89945263866957
4450.105168864019,5025.489907596019,-575.3847387320002
5510.964229659242,5173.545212630048,337.41901702919404
5500.929086713769,5462.282539399913,38.64654731385599
5504.540870545453,5201.857569413284,302.6833011321687
5527.5330526954185,5491.107844021795,36.425208673623274
5516.7281396369735,5217.064599974534,299.6635396624397
5516.268887926374,5202.144191732392,314.12469619398234
5514.7579451852525,5432.326412173623,82.43153301162965
5533.621214427899,4872.374747582867,661.246466845032
5517.500615060265,5560.552589746385,-43.05197468612005
5519.5617659261,5521.572559093425,-2.0107931673255734
5510.977512706829,5211.254212874953,299.7232998318759
5506.871006946689,5517.985062467571,-11.114055520882175
5515.487021220789,5504.76087315245,10.726148068339171
4449.01799940458,5553.3251994462025,-1104.3072000416223
5499.7922030322825,5023.7414997289725,476.05070330331
5483.747748791035,5116.374004306186,367.37374448484843
5487.778135194572,5328.705134352485,159.0730008420869
5494.615949728873,5553.507451972111,-58.89150224323839
5508.566230623682,5549.416105630152,-40.84987500647003
5470.254838694628,5163.320803771078,306.9340349235499
5499.950530785188,4531.298570201868,968.65196058332
5478.558731675574,5303.15688136128,175.40185031429337
4769.407269655643,5176.76858448684,-407.361314831197
5229.435798015434,5235.78908544673,-6.353287431295939
5208.961749238366,4495.351026605124,713.6107226332415
5200.664092607079,4846.621480091352,354.04261251572643
5193.934326841846,5536.3225559927,-342.3882291508535
5204.534185225335,5175.041459573735,29.492725651600267
5204.33964767485,5562.0774526586565,-357.7378049838062
5200.205887171142,5340.371211868908,-140.16532469776575
5249.379204110259,5204.175498916293,45.203705193966016
5242.299362786133,5539.703141896285,-297.40377911015185
5238.365154125521,5512.0025379306735,-273.63738380515224
5237.7303500995895,5529.206792051813,-291.47644195222347
5236.6169426443,5162.151360871625,74.46558177267525
5258.464943964072,5537.639493998653,-279.17455003458144
5255.299288867816,5567.5773615488115,-312.27807268099514
5239.542257381765,4714.625579542195,524.9166778395702
5253.349043091631,5555.794861776364,-302.44581868473324
5261.431576067968,5542.076860080827,-280.6452840128586
5260.485374382569,5483.555815789424,-223.07044140685502
5498.132125476768,4847.70851062589,650.423614850878
5491.061359070037,4545.43458122851,945.6267778415267
5491.851977412389,5522.672052417183,-30.82007500479449
5503.444350623283,5474.768431937925,28.67591868535783
5226.846526535877,5558.027711481335,-331.18118494545797
5222.48650992795,5474.978508132657,-252.49199820470767
5220.0657070871775,5206.0464129921975,14.019294094980069
5204.813245967297,5536.184073810642,-331.37082784334507
5228.109450189306,5520.666934215252,-292.557484025946
5220.136213810109,5163.605965181484,56.530248628625486
5221.2162167899205,5532.107971349274,-310.8917545593531
5226.258354667449,5469.704195048298,-243.4458403808494
5524.879296035673,4427.18816878767,1097.6911272480029
5528.892273649602,5525.401566389212,3.4907072603900815
5522.853241373097,5179.63814328773,343.2150980853676
5533.794512499341,5542.180286523706,-8.385774024364764
5546.361266679863,5530.651018035719,15.710248644143576
5534.227473646599,5598.554925755994,-64.32745210939538
4850.679198341955,5551.176860838195,-700.4976624962401
5479.844534960982,5154.457253752077,325.3872812089048
5487.5328736123965,5553.833552124434,-66.30067851203785
5490.36678632809,4599.213361505331,891.153424822759
5469.707639419236,5455.857078238577,13.850561180659497
4438.975881118965,5311.776287278735,-872.8004061597703
5513.363255596819,5547.406849259555,-34.043593662736384
5506.578617380086,5528.16756988483,-21.588952504744157
5506.722058107746,5212.409394611972,294.31266349577436
5511.723781829627,5541.874367887818,-30.15058605819104
5493.935873527409,5546.91045607696,-52.97458254955109
5512.95882696347,5214.389327378737,298.5694995847325
5513.551621997511,5556.776531390907,-43.22490939339605
5518.588518349333,5470.871176586141,47.71734176319205
5501.737215008894,5531.008220071503,-29.27100506260922
5497.222467453561,5304.135627493194,193.0868399603669
5522.640887057331,5250.296302681043,272.34458437628837
5520.24116530803,4545.710566885025,974.5305984230044
5502.581781815722,5535.014866317945,-32.43308450222321
4457.329954605187,4904.566309374028,-447.236354768841
5511.230502795622,5519.244930291061,-8.014427495439122
5509.346792905496,5506.369198565636,2.977594339859934
5516.268887926374,4557.584512580866,958.6843753455078
5517.01571832517,5442.208578734029,74.8071395911411
5518.548688285622,5218.647594748962,299.9010935366605
5500.24292663186,5038.556115004734,461.6868116271262
5505.341089890007,5193.305130212494,312.03595967751335
5506.913110735044,5339.568858453913,167.34425228113105
5500.895262069507,5213.55463925549,287.3406228140175
5504.489628614329,4537.590123665385,966.899504948944
5518.385061010695,5468.533701321436,49.85135968925897
5511.213178525001,5508.819650673338,2.3935278516628387
5498.926840741305,4474.513532229343,1024.413308511962
4463.965929390035,5265.754102040375,-801.7881726503401
5481.586315753246,5212.39125774019,269.19505801305604
5489.396657437324,5219.304867335606,270.0917901017183
5488.331622361135,4547.386233431287,940.9453889298475
5477.149722349914,5456.856010879891,20.293711470022572
5495.849013398492,5188.73172770813,307.1172856903622
5527.725354368989,5492.2566517529285,35.46870261606091
5516.5886674304775,4903.955087673454,612.6335797570237
5500.083785046202,4702.297812518639,797.785972527563
4755.005765234294,5328.726444177772,-573.7206789434777
5198.079272533355,5523.44900885401,-325.36973632065474
5206.881837134822,5511.274700229512,-304.39286309469026
5212.417634008613,5216.503171761519,-4.085537752906021
5212.998675498047,4550.882630806171,662.1160446918766
5201.64739992433,5566.298512755489,-364.6511128311595
5172.154685007808,5523.321021558222,-351.1663365504137
5205.700643255219,4569.3839539442315,636.3166893109874
5249.379204110259,5218.767087916351,30.61211619390815
5245.478737402312,4865.971176817067,379.5075605852444
5248.0339320575795,5041.865636325491,206.16829573208815
5246.04808297604,4560.452396869932,685.5956861061077
5263.69269977982,5558.821817141845,-295.1291173620248
5250.1710177106415,5532.873103568097,-282.70208585745513
5252.685679214964,5541.151453249428,-288.46577403446463
5257.330743430947,5210.238454430254,47.0922890006932
5269.437648021616,5230.869664425248,38.56798359636832
5260.1870084938655,5557.885506904126,-297.6984984102601
5251.915601923044,5481.510709019014,-229.59510709596998
5493.7079276884615,5546.5027054525035,-52.79477776404201
5509.281022903158,5212.379207806802,296.9018150963566
5500.550803605863,5525.890617212789,-25.339813606926327
5497.869191575324,5053.399401634329,444.4697899409957
5229.038720415335,4546.029955137688,683.0087652776465
5224.074243584516,5490.921608513146,-266.84736492862976
5218.472448313107,5169.615753816693,48.85669449641409
5228.109450189306,5550.631206115931,-322.5217559266248
5215.818420369683,5533.858649706377,-318.0402293366942
5221.148227162486,5566.27822420801,-345.12999704552385
5201.581560366565,5485.724081354604,-284.142520988039
5230.257290268029,4548.622358281322,681.6349319867068
5523.040474032467,5502.485535709868,20.5549383225989
5517.888185255392,5539.675514769362,-21.78732951396978
5538.966473717164,5560.105282496601,-21.13880877943666
5545.960445082055,5502.2374387427135,43.72300633934174
5546.0585933284865,5607.544565663412,-61.485972334925464
5545.118299085593,5596.798575747662,-51.680276662068536
4850.653298680442,5375.389892630146,-524.736593949704
5498.073374101802,5565.71948883478,-67.64611473297828
5492.791410623267,5534.032290070866,-41.24087944759867
5507.032359295628,5502.253023883793,4.779335411835746
5484.598393275653,5550.90990978886,-66.31151651320761
4453.915805173199,5476.73007550186,-1022.8142703286603
5500.382527907524,5195.991596102975,304.3909318045489
5511.723781829627,5532.075836829457,-20.352054999830216
5515.419494751875,5535.904479026438,-20.48498427456252
5527.194748421463,5332.871245483569,194.32350293789477
5510.559957536597,5540.691778024806,-30.131820488209087
5515.942763256299,5440.2846098745395,75.6581533817598
5516.816849223783,5546.805823189777,-29.988973965993864
5498.793762681799,5460.3821848974085,38.41157778439083
5508.516745773805,5215.128521784859,293.38822398894627
5517.453424573915,4544.465548503179,972.9878760707361
5509.609985927086,5550.7232716963845,-41.11328576929827
5503.350802916569,5535.178195583582,-31.827392667013555
5531.318479700576,5564.472131694636,-33.153651994060056
4451.689671340626,5001.026886596461,-549.337215255835
5515.492050867116,4550.717025441037,964.7750254260791
5517.3657281267915,4855.774654605699,661.5910735210928
5517.500615060265,5547.42158234732,-29.920967287054737
5518.368933907857,5346.322116348864,172.0468175589931
5516.9141689194685,5455.156215117641,61.75795380182717
5500.895262069507,5190.531689008482,310.3635730610249
5512.92264067394,4880.223492559254,632.6991481146861
5495.852439010574,5094.218016747265,401.6344222633088
5516.397499271887,5328.768719845587,187.62877942629984
5515.652950773266,5567.874411579222,-52.22146080595667
5522.4032416845475,5368.059201754526,154.3440399300216
5496.2897496116075,5148.1714366768865,348.11831293472096
5500.574598074163,5209.488954670123,291.08564340403973
4424.607687197345,4542.627076627073,-118.01938942972811
5492.712176480239,5551.888593221028,-59.176416740789136
5475.02025049907,4413.947932948812,1061.072317550258
5486.506003555162,5525.238921358579,-38.73291780341697
5497.736810099818,5441.111654781067,56.62515531875124
5486.265984649229,5013.402375962885,472.86360868634347
5501.480536741429,5548.908810532306,-47.42827379087703
5505.87541755339,5510.037688186278,-4.162270632887157
5501.030719580766,5568.2943034737955,-67.26358389302914
4752.752126377683,5549.544372512717,-796.7922461350336
5201.64739992433,5317.0326300858815,-115.38523016155159
5205.428174459453,4726.373180411693,479.05499404775946
5213.574551735131,5540.45413902866,-326.87958729352977
5198.797053786507,5549.702443514846,-350.9053897283393
5207.543407431096,4866.670681018044,340.8727264130521
5202.048429741272,4541.6095862708535,660.4388434704188
5206.529592998642,5534.294760475533,-327.7651674768904
5249.379204110259,5500.959648572057,-251.58044446179792
5262.684849130938,5365.947034371353,-103.26218524041451
5245.593184495057,5344.631422724416,-99.03823822935829
5247.431478189012,5553.471765817971,-306.04028762895905
5241.5097164159015,5198.666462394775,42.843254021126086
5259.715292590694,5483.095245721459,-223.379953130765
5241.193678254813,5530.320730650416,-289.12705239560364
5250.128364359533,5158.609030783025,91.51933357650796
5248.41798011503,5337.170946403563,-88.75296628853266
5260.485374382569,5538.879812993701,-278.3944386111325
5254.78993204833,5358.106244673188,-103.31631262485735
5510.947786435178,5174.5109022224715,336.4368842127069
5497.911421976665,4559.840466024772,938.0709559518937
5494.099487273569,5545.990200563223,-51.89071328965383
5497.482553893361,5019.306867822732,478.1756860706291
5225.888540460701,4547.686321854248,678.2022186064532
5237.136663770212,4561.447005099831,675.6896586703815
5225.538396202101,4554.803948440597,670.7344477615034
5220.136213810109,5513.163994850629,-293.0277810405196
5221.148227162486,5469.468107816891,-248.3198806544042
5203.881375662324,5508.298926083655,-304.4175504213308
5229.843189185204,4712.383047963235,517.460141221969
5230.710446116337,5436.031112794746,-205.320666678409
5540.550227129358,5566.924242535153,-26.374015405795035
5539.805572218062,5547.791797469708,-7.986225251646829
5525.106020643076,5305.985050384119,219.12097025895673
5530.015533369296,4537.78507906552,992.2304543037753
5525.879180231945,5525.510973443402,0.36820678854292055
5528.916422710277,4841.389073741075,687.5273489692026
4866.246120246104,5524.674093677524,-658.4279734314205
5486.082121333762,5472.415724909137,13.666396424625418
5467.156769380925,5529.617576213582,-62.460806832657
5486.003165164218,5177.608319340048,308.39484582417026
5498.294515948478,5169.305962913327,328.9885530351512
4454.90778389045,4714.65994711594,-259.7521632254893
5501.38066122746,5212.512206023068,288.8684552043924
5512.95882696347,4568.662466728381,944.2963602350883
5536.268089796686,5236.566570785212,299.70151901147347
5515.942763256299,5053.818741801936,462.1240214543632
5523.9474557829335,5059.927931392283,464.0195243906501
5526.278382936691,5523.666203159921,2.6121797767700627
5508.302952768122,5512.966064987755,-4.663112219633149
5518.413007789379,5359.661405608653,158.75160218072597
5502.460460996674,4870.053849494775,632.4066115018986
5516.831954434378,5424.1887145060155,92.64323992836216
5509.346792905496,5415.925095269361,93.42169763613492
5495.976165293844,5514.022174493659,-18.046009199814762
5486.9468028012325,5184.000760121014,302.94604268021885
4448.907437669008,5553.104193462018,-1104.1967557930102
5496.016911274178,5208.320764442868,287.6961468313102
5536.670496602944,5454.663269217346,82.00722738559762
5506.871006946689,5547.2226067174415,-40.35159977075273
5505.187297350865,4539.80685606169,965.380441289175
5513.0182423545175,5355.833875229639,157.18436712487892
5511.213178525001,4549.928842954276,961.2843355707255
5510.784334051073,5322.141376058701,188.64295799237152
5516.944713203352,5538.115695042608,-21.170981839256456
5496.2897496116075,5422.879227744574,73.41052186703382
5509.3219205209425,5514.266286015249,-4.944365494306112
5504.913291593281,4704.555145488024,800.3581461052572
5515.514577324446,5432.929295880166,82.58528144427964
5516.503093299923,5558.904635941901,-42.40154264197736
4450.257453670737,5484.489189562426,-1034.231735891689
5484.432780641579,5548.7152435257985,-64.28246288421997
5483.044554710452,5504.424328969935,-21.379774259483384
5482.827128165825,5539.273796489334,-56.446668323508675
5478.195415085772,5547.323747224783,-69.12833213901104
5498.755555662236,5552.264352148279,-53.50879648604314
5498.521395554429,5195.718621347162,302.80277420726634
5500.977246157995,5503.5298666746785,-2.552620516683419
5504.562654369001,5027.9448931528095,476.61776121619187
4771.978840974668,5224.557872566218,-452.5790315915501
5201.197868601861,5551.2612963482525,-350.0634277463914
5186.477462409938,5536.890691136499,-350.4132287265611
5203.124419734575,5324.54518597541,-121.42076624083529
5197.953797997334,5217.2405141397085,-19.286716142374644
5204.177564538501,5428.967804911622,-224.79024037312047
5212.888725272563,5538.062105705775,-325.1733804332125
5219.139480294984,5342.533830898634,-123.3943506036494
5249.379204110259,5537.590958702455,-288.2117545921965
5260.488968446922,5547.771028526916,-287.28206007999415
5252.412567431548,4548.233592780944,704.1789746506047
5248.483983061389,5536.40622536222,-287.9222423008305
5269.345620750803,5584.3251026180305,-314.97948186722715
5240.074852152048,4945.995213247851,294.07963890419705
5239.542257381765,5519.523699523917,-279.98144214215154
5250.1416053016965,5553.382764812625,-303.2411595109288
5249.760060611059,5213.539457999936,36.22060261112347
5241.292052021395,4717.420887993503,523.8711640278916
5246.839560732076,5487.0346660769665,-240.19510534489018
5498.238368126365,5533.255723180164,-35.01735505379929
5503.444350623283,5573.316458312804,-69.87210768952082
5514.139365423363,5542.360339428649,-28.220974005285825
5502.453826787342,5560.711459929494,-58.25763314215146
5231.231830500138,4740.169755137397,491.06207536274087
5217.997666859403,5351.118403880874,-133.12073702147154
5213.520231150884,5307.329720109199,-93.80948895831534
5221.2162167899205,5023.210241149469,198.00597564045165
5201.581560366565,5305.509350223026,-103.92778985646055
5229.843189185204,4550.693950680772,679.1492385044321
5234.716657961161,5555.036237345567,-320.3195793844061
5232.032700519997,5568.615646090939,-336.5829455709418
5534.637853200038,5209.112635895092,325.5252173049457
5534.227473646599,5555.086193750542,-20.858720103943597
5540.182931187627,5560.274535404826,-20.091604217198437
5536.419223505141,5524.561605589553,11.85761791558798
5546.645110905352,5224.696827818246,321.9482830871066
5533.822370291266,5014.414391265905,519.4079790253618
4859.965694274398,4891.896422807956,-31.930728533558067
5489.584474974303,5504.58025821083,-14.995783236527132
5479.971488902267,4881.939782274037,598.0317066282305
5509.142469468183,5588.141781377798,-78.99931190961524
5494.930092401086,5566.583725566916,-71.65363316582989
4449.278442785874,5443.808936287995,-994.5304935021204
5515.630607017939,4872.377629262852,643.2529777550872
5518.588518349333,5539.035034540635,-20.44651619130218
5500.524471390384,5039.768839697019,460.7556316933651
5498.793762681799,5551.247220898268,-52.45345821646879
5543.249952727703,4566.604516467102,976.645436260601
5518.413007789379,5522.858569272557,-4.445561483178608
5519.560894010723,4560.482321682193,959.0785723285298
5511.230502795624,5196.936315151241,314.2941876443829
5517.291183584274,5537.975694963389,-20.684511379115065
5516.913013928513,5347.743913281672,169.1691006468409
5528.0593425452935,5567.2537080418,-39.19436549650618
5522.801420556991,5552.466287037111,-29.66486648012051
5517.711973582088,5052.818552306825,464.8934212752629
4465.249439409462,5197.406502078091,-732.1570626686289
5512.623984799424,4597.057801687131,915.5661831122925
5511.639162755069,5545.523190215965,-33.884027460895595
5526.179370304717,5441.454911935858,84.7244583688589
5519.213278688292,5056.681854842908,462.53142384538387
5502.3033674436765,5318.563908210263,183.73945923341307
5507.97348302568,5551.035666755624,-43.06218372994408
5519.087349985384,5540.485574187323,-21.39822420193923
5507.099605960727,4553.731199786768,953.3684061739586
5519.099343752673,4551.776425306334,967.3229184463389
5512.966809754208,5528.276147266279,-15.30933751207067
5504.5715956772,5525.481463758115,-20.909868080914748
5510.819947914012,5495.92675837728,14.89318953673228
5514.565305226103,5020.118134008457,494.4471712176464
4440.344302560316,5555.327193925921,-1114.9828913656056
5480.719182866232,5193.176636473193,287.5425463930387
5473.824945040686,5529.83602083927,-56.01107579858399
5499.2192705927855,5518.062426167489,-18.843155574703815
5453.971791659565,4997.649576486634,456.32221517293056
5509.50474054198,5550.970420985178,-41.465680443197925
5485.253914006966,4857.312150721519,627.9417632854465
5499.023198483286,4727.768530723222,771.254667760064
5490.772232067219,5518.689641464543,-27.917409397323354
4738.808936682089,5509.025130500313,-770.2161938182244
5209.0373947733915,4910.906233601886,298.1311611715055
5207.873468779168,5166.831389465537,41.0420793136318
5216.898611324038,5570.063782415132,-353.1651710910937
5204.229620346313,5560.609959700777,-356.380339354464
5218.318399821287,5224.373334968468,-6.054935147180913
5218.368570082932,5212.45971821539,5.908851867541671
5200.76937460995,4887.837113580959,312.932261028991
5249.379204110259,5206.501173829268,42.87803028099097
5244.648810774973,4871.625500477736,373.023310297237
5247.403063271357,5542.796377055032,-295.3933137836757
5256.657167266845,5536.360536290591,-279.70336902374584
5267.0281799686945,5570.288060922385,-303.2598809536903
5244.581067635162,5188.221765428985,56.359302206176835
5273.444966445886,5551.8532403509425,-278.4082739050564
5267.399038059694,5559.329958301853,-291.9309202421591
5238.416471674149,5208.986097782746,29.43037389140318
5249.8794613179,5204.819595198254,45.05986611964545
5261.998169352943,5366.453708790901,-104.45553943795858
5510.575965954824,5522.58755739143,-12.011591436606068
5497.424676675301,5161.665148069983,335.75952860531834
5488.308636614046,5540.95667183187,-52.648035217824145
5513.315738576126,5517.294971045226,-3.9792324690997702
5230.893840135561,5183.916620119723,46.9772200158377
5232.458549807971,5491.560186923576,-259.1016371156047
5226.6473581683085,5508.075323986187,-281.42796581787843
5226.258354667449,5321.261122201294,-95.00276753384514
5230.257290268029,5222.340976566593,7.9163137014356835
5230.710446116337,5182.785103848552,47.9253422677848
5232.032700519997,5479.454765727936,-247.42206520793934
5220.355105183161,4552.049071125748,668.306034057413
5517.423877757972,5156.9670502722865,360.4568274856856
5517.718616753045,5537.232427182843,-19.51381042979756
5566.479965582243,4929.747647239512,636.7323183427307
5533.859524042816,5503.236399934001,30.62312410881441
5515.742284690198,5032.418091153204,483.32419353699424
5513.955095042142,5452.256245172688,61.698849869453625
4856.926954625731,5437.78327430813,-580.8563196823989
5498.294515948478,5565.086204470607,-66.79168852212933
5481.44774319862,4948.421587172335,533.0261560262843
5499.063516462692,5510.973986038622,-11.91046957592971
5500.333677215919,5064.856092049505,435.4775851664144
4444.2629769758305,5513.723266820368,-1069.4602898445373
5515.810250952889,5527.366309861911,-11.556058909021885
5497.222467453561,5311.271774226158,185.95069322740255
5497.415175685295,4534.90713922801,962.508036457285
5517.453424573915,5181.674648570256,335.778776003659
5518.379369366784,4551.515407530246,966.8639618365378
5516.831954434378,5563.177569631843,-46.34561519746512
5523.23906044096,5578.136641570635,-54.89758112967502
5516.913013928513,5199.648877714072,317.26413621444044
5520.396486744579,5550.913498279762,-30.517011535182974
5505.463159982235,5558.282478737163,-52.819318754927735
5505.341089890007,5558.068286681373,-52.727196791365714
5498.748452577937,5531.082120877292,-32.33366829935494
5509.888057768685,5316.092975406533,193.79508236215224
4453.920197437226,5528.861280236828,-1074.9410827996016
5515.383402193399,5326.63622053114,188.7471816622592
5510.784334051073,5512.050129053404,-1.2657950023312878
5521.003117001307,4576.816289745055,944.1868272562524
5517.041383422573,5205.99980908414,311.04157433843284
5502.39544963764,5410.376598019604,92.01885161803602
5503.536889622349,5308.690351512251,194.84653811009775
5503.158224408653,4700.428851827021,802.7293725816317
5506.352114153205,5101.779283271111,404.5728308820935
5524.123977372254,4576.039128877731,948.0848484945227
5495.680621897514,5413.520899203345,82.15972269416943
5519.6628140768125,5561.590671072033,-41.92785699522028
5504.582582358205,4875.424935115402,629.1576472428033
5514.008019798214,5555.721020058241,-41.713000260027
4441.391267911904,5540.894240395244,-1099.5029724833403
5453.971791659565,5328.978289951966,124.99350170759863
5486.347941753154,5533.501830974358,-47.153889221203826
5479.326216050813,5206.444142065933,272.88207398487975
5481.660404664228,5549.787160772913,-68.12675610868519
5519.93660446745,5573.557080510144,-53.62047604269446
5493.916768222315,5535.772510566592,-41.85574234427713
5489.163638011272,5530.248442861761,-41.08480485048858
5510.117413760653,5231.7051662873655,278.4122474732876
4750.991930351273,5594.19432797965,-843.2023976283763
5203.876471382977,5533.269660718082,-329.3931893351055
5198.864875888819,5041.522808206594,157.3420676822252
5210.489102108779,5551.052312822647,-340.5632107138681
5185.578696885798,5533.75423440349,-348.17553751769174
5213.1123844378135,5544.148685785277,-331.03630134746345
5198.704104236332,4879.004707209862,319.69939702646934
5196.525896962734,4554.425226984316,642.1006699784175
5249.379204110259,5549.480349013713,-300.10114490345404
5260.790900962899,5207.576725820215,53.214175142684326
5259.095377363583,5539.042342946357,-279.9469655827743
5237.663015158476,5041.064817257397,196.5981979010785
5260.266266951349,5203.56008769501,56.706179256339055
5245.63792604352,5565.990395271257,-320.35246922773695
5267.536025523602,5566.694968793962,-299.1589432703604
5237.902022693326,5034.014108633926,203.88791405939992
5259.404338814758,5203.596364159382,55.80797465537671
5249.527185066579,5530.72424939887,-281.1970643322911
5237.372691260518,5200.112534287753,37.26015697276489
5502.043716537813,5465.79774447712,36.24597206069302
5496.30740403852,4868.5607733110255,627.7466307274944
5505.867934909504,5489.818635996448,16.04929891305528
5507.280153402549,5348.775249546419,158.5049038561301
5210.804408238327,5307.831898889389,-97.02749065106218
5218.334215979552,5523.448903159145,-305.1146871795927
5233.954285117012,5567.554567492909,-333.6002823758972
5216.817288489938,5309.666808490458,-92.84952000051999
5207.376740139242,5458.036853984371,-250.66011384512876
5227.98829395158,5504.960817284111,-276.9725233325307
5225.14175950368,5498.780865254418,-273.63910575073805
5205.328245833657,5499.155067023408,-293.8268211897512
5536.786439921231,5196.574630942787,340.2118089784444
5520.127973471051,5423.648751634023,96.47922183702758
5535.744763637095,5225.10379998396,310.64096365313526
5556.017465770578,5363.770456286359,192.24700948421923
5541.299274438726,5325.535266763698,215.76400767502764
5550.2390715159245,5568.443900529789,-18.204829013864583
4849.844760431259,5201.963181519309,-352.1184210880501
5491.3856251208745,5219.801938282032,271.58368683884237
5499.282257916491,5254.587077011536,244.69518090495512
5481.676002860425,5503.841011833733,-22.16500897330843
5480.969863296409,5202.01226959276,278.95759370364885
4458.063399653049,5579.768048751136,-1121.7046490980874
5509.581245503413,5530.947809709733,-21.36656420631971
5520.24116530803,5436.045685332343,84.1954799756868
5525.498925135174,5611.670794390381,-86.17186925520673
5503.350802916569,5522.439563107235,-19.088760190666108
5521.635244163889,5200.297948458043,321.3372957058464
5495.976165293844,5508.9739739791885,-12.997808685344353
5516.0067565778045,5474.666189737189,41.34056684061579
5522.801420556991,5527.58130178635,-4.779881229359489
5516.2948730077405,4545.471352361798,970.8235206459422
5498.748452577937,5522.125776854755,-23.37732427681749
5534.765485663962,5072.965747757204,461.7997379067583
5503.963640151804,5521.644563464943,-17.68092331313892
5512.184206592671,5568.815248681336,-56.6310420886648
4455.967805163805,5495.351417616339,-1039.3836124525342
5505.61468610729,5551.723359102651,-46.10867299536039
5529.114707669497,5455.622346181251,73.49236148824639
5510.686693652997,5515.28932873859,-4.602635085592738
5501.341010121678,5517.774091801032,-16.433081679354473
5524.614457203741,5524.633726940658,-0.0192697369166126
5527.324830298285,5524.507025431024,2.8178048672607474
5516.010401780292,5561.033970265181,-45.02356848488853
5521.083171025314,5543.413349602978,-22.3301785776639
5516.6115804211995,5558.344622556948,-41.73304213574829
5520.603678443067,5215.211154064575,305.39252437849245
5516.713583622297,5117.072627169739,399.6409564525584
5511.713409025806,5472.386160266657,39.32724875914937
5507.2166471928585,5313.609431533111,193.60721565974745
4447.704250111418,5098.843578478261,-651.1393283668431
5483.372194078663,5207.784830940459,275.5873631382037
5465.738091497975,5534.839517038822,-69.10142554084723
5503.224891437602,4917.70637607226,585.518515365342
5473.512633606647,5531.94692719194,-58.434293585292835
5484.835514044553,5462.669222503289,22.16629154126349
5499.804940978002,5344.2259991850715,155.5789417929309
5517.22265026108,5072.014175068408,445.20847519267227
5495.116459762227,5527.181721348435,-32.06526158620727
4746.717902075273,5540.217684735109,-793.4997826598365
5204.775832011442,5014.53929891592,190.23653309552174
5208.3049948344715,4549.547224822685,658.7577700117863
5205.828041408517,5552.53191796335,-346.7038765548332
5196.460458174917,5189.900608312462,6.559849862454939
5201.295504655625,5560.31789132668,-359.02238667105485
5189.380103155097,5525.892715832673,-336.5126126775767
5208.548566085546,5170.362074789514,38.18649129603182
5249.379204110259,5192.228880363338,57.15032374692055
5246.279438325004,5534.504702767822,-288.2252644428181
5238.636384718067,5193.280553001686,45.355831716381545
5236.6169426443,5193.646437034943,42.97050560935713
5254.3153635671115,4880.963494332014,373.3518692350972
5241.193678254813,5547.636236924708,-306.44255866989533
5253.349043091631,5517.368085481529,-264.01904238989846
5249.760060611059,5521.178740397109,-271.41867978605023
5223.059162919694,5527.6247338086205,-304.56557088892623
5244.287720095311,5003.763193243361,240.5245268519502
5244.58078643127,5496.450927024021,-251.87014059275134
5497.424676675301,5238.338991492726,259.0856851825756
5505.040125112321,5533.192095743823,-28.15197063150208
5483.746704657443,5512.795895343882,-29.049190686439033
5500.711893645945,5521.649933707343,-20.93804006139817
5220.136213810109,5539.461740215606,-319.32552640549693
5224.057501848638,5478.4305894105455,-254.3730875619076
5224.722596743156,5539.79017808314,-315.0675813399839
5215.931214074492,5157.226201423408,58.70501265108396
5205.859719626057,5517.457669367286,-311.59794974122906
5231.595423468693,5215.4916939417435,16.10372952694979
5221.978867724239,5519.820140833895,-297.84127310965596
5205.0342583334605,5548.553373036838,-343.51911470337745
5520.127973471051,5163.731583790204,356.39638968084637
5536.401431599053,5215.638779747218,320.76265185183456
5532.116766604726,4573.042825379307,959.0739412254188
5537.000801376589,5558.367912938149,-21.367111561559796
5528.834482028534,5311.415459407992,217.4190226205419
5555.177114739146,5344.761024150697,210.41609058844915
4856.253076789474,4586.87019241166,269.38288437781375
5489.1800463409545,5018.351563973624,470.82848236733025
5484.03718947972,5089.703605224691,394.33358425502865
5479.417367173238,5528.406261492115,-48.9888943188771
5473.443686831045,5516.029526765075,-42.585839934030446
4438.2157785527625,5547.84587209327,-1109.630093540508
5518.413007789379,5133.807538512664,384.60546927671476
5511.074818563418,5430.830943339826,80.24387522359211
5506.396721008492,5197.431509594603,308.96521141388894
5503.932475951175,5543.034227083326,-39.10175113215155
5517.015718325171,4881.66523749613,635.3504808290409
5501.040269368172,4383.374918514966,1117.6653508532054
5503.023248218528,5557.099134391943,-54.0758861734148
5506.913110735044,5161.06862039358,345.8444903414638
5507.3846558511605,5467.360254831114,40.02440102004675
5508.732564613073,5517.195211936185,-8.462647323111923
5511.213178525,5541.940095111841,-30.72691658684107
5509.221679953383,5258.663161728675,250.55851822470777
5508.678730483917,5321.571974564098,187.10675591981908
4469.256032317755,4552.606563670707,-83.3505313529522
5507.099605960727,5344.40370867243,162.6958972882967
5515.514577324446,5501.344711858072,14.169865466374176
5538.4615172367985,5455.658964067577,82.80255316922194
5526.044071801417,5186.720545502216,339.32352629920115
5517.2435464996015,4597.430954413322,919.8125920862794
5506.843346755433,5528.4435924687405,-21.60024571330723
5504.582582358205,5537.132841243704,-32.550258885498806
5500.21211231312,5511.082457876979,-10.870345563858791
5514.041201342248,5497.040545075729,17.0006562665194
5513.732591107965,5210.653631530333,303.0789595776323
5509.604423178987,5019.023611421613,490.58081175737425
5508.153193422066,5196.405584980994,311.74760844107186
5512.610405754475,5537.303327208633,-24.69292145415784
4453.917175150569,5330.044419635907,-876.1272444853375
5494.4337164037015,5563.04099236754,-68.60727596383822
5493.355461225324,5223.470906571808,269.8845546535158
5499.436550465074,5523.55019218461,-24.113641719535735
5490.412832392618,5476.2515528414815,14.161279551136431
5495.643645949923,5500.6674093021375,-5.023763352214701
5488.01732809933,4838.361408502294,649.6559195970367
5509.172354272495,5200.745129840664,308.42722443183084
5502.287234951918,4485.768990657949,1016.5182442939695
4735.692571789353,4718.321298930596,17.371272858757038
5197.722599626786,4551.205060375099,646.5175392516876
5207.285844469085,4865.759462118363,341.5263823507212
5199.240747291738,5537.54794977712,-338.3072024853818
5188.397318310802,4840.128083695676,348.26923461512615
5210.699456553579,5022.365516851093,188.33393970248562
5209.614176989326,5514.095307719873,-304.4811307305472
5194.32595262853,5349.545747124733,-155.21979449620267
5249.379204110259,5509.756443419359,-260.37723930910033
5249.872785216473,5525.785178062381,-275.91239284590847
5245.744631211329,5558.815171740942,-313.070540529613
5277.640213582749,4745.632520487576,532.0076930951736
5259.715292590694,5214.022273197582,45.69301939311208
5251.788627124212,4889.659751582412,362.12887554179997
5251.027781913868,5172.320051211238,78.70773070263022
5243.152440645792,5455.824291623169,-212.6718509773773
5254.78993204833,5537.156004209172,-282.3660721608421
5264.253844304256,5441.0897193437595,-176.83587503950366
5255.239465595586,5431.0489324144655,-175.80946681887963
5515.310497211922,5499.062009063401,16.248488148520664
5507.3741143346315,5346.046563326161,161.32755100847044
5490.635502636771,5473.930845366413,16.70465727035753
5498.689535478564,5530.239285382652,-31.549749904088458
5223.82473308874,5471.016496873745,-247.1917637850056
5203.881375662324,4713.123569567643,490.75780609468075
5219.885213096076,5429.156652160449,-209.27143906437323
5207.426278273605,4526.990169988217,680.4361082853884
5227.883830926972,5514.2462055817505,-286.36237465477825
5208.258086034623,5382.250524753555,-173.99243871893123
5230.702323813272,4558.82286407243,671.8794597408423
5254.778878044817,5360.428644349322,-105.64976630450474
5535.744763637095,5212.892934967179,322.85182866991636
5532.116766604726,5354.989542639497,177.12722396522895
5536.165260226889,5166.947491133622,369.2177690932667
5558.209728391256,5530.230531748765,27.979196642490933
5550.1764623899235,5561.408933198653,-11.232470808729886
5523.636525875908,5534.03256021021,-10.396034334302385
4862.506549979162,5057.6796801330465,-195.1731301538848
5475.007347655774,5519.30631892091,-44.29897126513606
5503.989394876103,4885.9305908484375,618.0588040276652
5502.499602314174,5213.997695771406,288.50190654276776
5477.755344205899,5544.759758370467,-67.00441416456852
4434.961785369397,5313.854261841253,-878.8924764718558
5503.405964521399,5312.569032084417,190.83693243698235
5509.346792905496,5462.518165535554,46.828627369942296
5516.445396731201,5503.307502622128,13.137894109073386
5517.365728126792,5110.497766618238,406.8679615085548
5524.875024991035,5223.850408790092,301.02461620094346
5536.670496602944,5588.539574055783,-51.86907745283952
5522.301391586941,4555.036257569353,967.2651340175871
5511.639162755068,5555.421020890542,-43.78185813547407
5521.31833078355,5493.223484133982,28.094846649567444
5510.784334051073,4536.623948618134,974.1603854329387
5503.211176504317,5001.62879704866,501.58237945565725
5529.114707669497,5569.041584056173,-39.92687638667576
5488.118888420218,5303.515380751933,184.6035076682856
4461.093933846828,5557.545570096186,-1096.4516362493578
5518.598968669827,4498.757593084768,1019.8413755850588
5508.264681548908,5423.42302736851,84.84165418039811
5505.822218060471,5424.122443667082,81.6997743933889
5509.214295438258,5528.233648343167,-19.019352904909283
5498.10744236675,5530.580391415722,-32.47294904897262
5520.33928393569,5446.032647349725,74.30663658596495
5517.5013459162665,4539.812217156624,977.6891287596427
5515.2988172368105,5562.787274739021,-47.48845750221062
5508.397629546527,5526.77290505742,-18.375275510892607
5501.326627805272,4696.690070736589,804.636557068683
5511.674469717176,5474.150547884948,37.52392183222855
5507.479527942618,4589.113757461755,918.3657704808629
5513.181512934739,5556.453142711909,-43.27162977717035
4449.840550412834,5219.596896979789,-769.7563465669546
5491.5574565016805,5503.733483258474,-12.176026756793362
5497.757584327739,5542.401420567702,-44.64383623996309
5486.914475920679,5506.636842824622,-19.72236690394311
5465.151297732243,5552.3207508147225,-87.16945308247978
5503.698534796758,5050.352622452033,453.34591234472555
5491.00305374886,4891.2182167319115,599.7848370169486
5498.611463838892,5203.228482539373,295.3829812995191
5499.592087555664,5522.038310799819,-22.44622324415468
4779.010862108114,5459.384758687127,-680.3738965790126
5188.397318310802,5498.431228290556,-310.03390997975384
5207.678874656935,4546.52785397724,661.1510206796947
5192.466810553302,4701.406928531357,491.05988202194476
5204.685095206868,5320.340772389003,-115.65567718213515
5203.318386637349,5472.653328537155,-269.3349418998059
5194.44642710822,5203.8807238115,-9.43429670327987
5211.230857190621,5327.56650411404,-116.33564692341952
5249.379204110259,4883.575061462279,365.80414264797946
5252.747983736734,5319.84045216665,-67.09246842991615
5249.661774953676,5548.513648957237,-298.8518740035606
5248.133976257859,5321.631093413027,-73.49711715516787
5243.374855735419,5189.239481278771,54.135374456648606
5252.940691385965,4854.001808581386,398.9388828045785
5264.962522150883,5446.398098216221,-181.43557606533795
5240.875734413895,5416.256558388545,-175.3808239746504
5255.584620094071,5212.789342795823,42.79527729824804
5244.8255234107255,5532.364749271314,-287.5392258605889
5245.271758448726,5051.476607167228,193.79515128149797
5488.308636614046,5528.218039355524,-39.90940274147761
5483.746704657443,5192.889948224176,290.85675643326704
5501.528780287108,5197.828449695228,303.7003305918797
5501.885510750888,5548.847480881333,-46.96197013044457
5227.753233721531,5360.9288626516045,-133.1756289300738
5229.538194592158,4888.987743707324,340.5504508848344
5217.411039361179,5314.0358827638265,-96.62484340264746
5222.665323236086,5057.961096545589,164.7042266904973
5237.96774672621,5442.983712037186,-205.01596531097584
5220.071640283672,5193.027726366303,27.043913917369537
5222.920882149567,5510.194724113343,-287.27384196377625
5222.185115022484,5564.713129425584,-342.5280144031003
5556.017465770578,5195.975056420124,360.04240935045436
5537.000801376589,5096.95077583206,440.0500255445295
5558.209728391256,5232.379970630094,325.829757761162
5520.836227580111,4857.529740390751,663.3064871893603
5516.1917381758585,5181.6655158019785,334.52622237388005
5529.023120548503,5314.441978623397,214.58114192510675
4870.3898738297385,5135.8222049371,-265.4323311073613
5500.1686751604175,5543.845309332393,-43.67663417197582
5482.137088908229,5472.258304015691,9.878784892538533
5497.319055932078,4550.952611470778,946.3664444613005
5494.600588744271,5479.827963940945,14.772624803325925
4454.3287904657855,5174.926161242416,-720.5973707766307
5521.662755267081,5227.480194955499,294.18256031158126
5517.015718325171,4958.809136970254,558.206581354917
5500.574482966508,5198.488856364007,302.0856266025012
5518.368933907858,5217.252444350283,301.1164895575748
5506.0416334589945,4585.497729331474,920.5439041275204
5505.187297350866,5545.904566753323,-40.71726940245662
5501.979848098112,4865.32442194962,636.6554261484916
5519.213278688292,4887.602167851719,631.6111108365731
5495.976712284538,5494.005489701601,1.9712225829371164
5517.041383422574,5559.8204078994395,-42.77902447686574
5514.718789633569,5558.5288103409475,-43.8100207073785
5501.341010121677,5083.026269956405,418.31474016527227
5498.765694431864,5201.313080283989,297.45261414787547
4474.796614455419,4601.367713328892,-126.57109887347269
5504.643267529193,5424.838593904373,79.80467362481977
5509.214295438258,5526.5351640129875,-17.320868574729502
5507.593312798245,5011.709901034896,495.8834117633496
5509.95221373068,5243.144458221063,266.807755509617
5517.633259889289,5220.663058543518,296.9702013457709
5513.87941614604,5598.364429112353,-84.48501296631275
5505.713383323247,5206.444142065933,299.2692412573142
5509.3087389918755,5528.453456582502,-19.144717590626897
5514.408638422063,5522.518124064852,-8.109485642788968
5496.94426504295,5208.124432629857,288.8198324130926
5513.045238162581,5438.669975020316,74.37526314226488
5525.8237177375095,5544.913311071368,-19.08959333385883
5515.162612526871,5557.261427852153,-42.098815325281976
4436.624064728677,5152.412811546289,-715.7887468176123
5483.13308136288,5551.433152536324,-68.30007117344394
5479.968671014031,5199.20576467865,280.76290633538156
5500.549589335586,5566.124932170198,-65.57534283461246
5482.391108362307,5323.147345414788,159.24376294751892
5514.392239834409,5217.783033123801,296.6092067106083
5500.794084946118,4708.274395679146,792.5196892669719
5507.73628276288,5224.479587111205,283.2566956516757
5502.810674102307,4875.148355157742,627.6623189445645
4754.47412962207,5549.009179148941,-794.5350495268713
5194.32595262853,4899.973678300637,294.3522743278927
5195.504462974002,5533.349815918164,-337.8453529441613
5190.899050850402,5525.748195225321,-334.849144374919
5211.230857190621,5515.616068800002,-304.38521160938126
5193.337991912455,5522.593496418699,-329.2555045062436
5193.124908833603,5548.062989888989,-354.93808105538665
5223.913096560791,5466.2819659879215,-242.36886942713045
5249.379204110259,5009.378819232696,240.0003848775632
5259.612674728799,5541.625823358929,-282.01314863012976
5237.7303500995895,4536.8711588265105,700.859191273079
5254.181463001826,5326.5300487876175,-72.34858578579133
5255.299288867816,5535.158309184465,-279.85902031664864
5258.878825869549,5101.36949903095,157.509326838599
5261.431576067968,5325.850447320072,-64.4188712521036
5241.292052021395,4727.692510848422,513.5995411729727
5244.287720095311,5523.038683614877,-278.75096351956654
5260.872007742102,5016.531193236674,244.34081450542817
5257.007108985312,5181.093027800768,75.91408118454365
5499.334741762756,5526.544521512492,-27.2097797497363
5483.0401498694955,5523.4454413342955,-40.40529146480003
5497.626684872059,5583.550509473857,-85.92382460179851
5500.093601724118,5174.575769299117,325.51783242500096
5212.476804206854,5039.370005178284,173.10679902856918
5215.931214074492,5428.628139960595,-212.6969258861027
5231.163977803147,5554.199381917464,-323.0354041143173
5232.671810580016,4594.170705442864,638.5011051371521
5231.6522546295455,5485.478231388663,-253.8259767591171
5211.8314974574905,5186.976048176654,24.855449280836183
5238.806150684195,5544.439350403588,-305.6331997193929
5207.158116526316,5524.277994415996,-317.11987788967963
5541.299274438726,4601.165202833555,940.1340716051709
5528.834482028534,4537.3812006469225,991.4532813816113
5550.1764623899235,5340.338041191953,209.8384211979701
5516.1917381758585,5496.416522123192,19.77521605266611
5545.80177453187,5566.7218416492815,-20.920067117411236
5540.84438299778,5479.586704034995,61.25767896278467
4850.658870897129,4564.991229606869,285.6676412902607
5498.862106434817,5331.830180102126,167.031926332691
5494.516571536466,5524.163589746413,-29.64701820994742
5487.296037940901,5484.287292974876,3.008744966025006
5480.9701851773125,4694.548402698596,786.4217824787165
4447.3448105379575,5523.69317347422,-1076.3483629362627
5528.0593425452935,5558.088113760357,-30.028771215063898
5500.24292663186,5503.38160050926,-3.138673877399924
5519.045055044541,5446.17738688214,72.86766816240106
5500.895262069506,5015.128708123502,485.766553946004
5502.278117214873,5106.781447089707,395.496670125166
5511.213178525,5564.16824149511,-52.95506297010979
5503.216361795652,4633.232953614679,869.9834081809731
5507.97348302568,5592.274352907025,-84.30086988134462
5502.618895625403,5525.686661525072,-23.06776589966921
5503.536889622349,5424.7094437263195,78.82744589602953
5496.647922579567,5342.295302430932,154.35262014863565
5527.324830298284,5570.366102345875,-43.04127204759152
5516.4385565861585,5533.571730912273,-17.133174326114386
4457.90726803665,5206.807891159222,-748.9006231225721
5507.106350138666,4558.224381552698,948.881968585968
5520.33928393569,5225.848339063093,294.49094487259754
5515.527646033391,5046.521510025902,469.00613600748875
5513.87941614604,5557.125742960951,-43.2463268149113
5520.910976611969,5123.049367179844,397.8616094321251
5511.588863044486,4857.248212000206,654.3406510442801
5494.545345037664,5537.872518138998,-43.327173101333756
5520.820883676138,5170.290155361037,350.53072831510053
5504.131731180321,4547.260699099876,956.8710320804457
5500.561575834169,5534.223576609625,-33.66200077545545
5507.652416685386,5212.236528350873,295.4158883345126
5513.1702508984545,5555.213886509429,-42.04363561097489
5516.183291147116,5559.174740960628,-42.99144981351219
4445.0275628605,5549.336651744343,-1104.3090888838424
5479.9691842301045,4554.637869680359,925.3313145497459
5479.562941794171,5559.9574331217445,-80.39449132757363
5477.71958554965,4437.577427169432,1040.1421583802185
5477.798587618727,4547.551714753749,930.2468728649774
5483.028886933153,5455.555542722398,27.473344210755386
5504.827613179059,5507.154523533162,-2.3269103541033473
5502.108690596952,5178.019317080651,324.08937351630175
5508.923685853187,4559.926154532388,948.9975313207988
4770.029853646637,4880.645932801493,-110.61607915485547
5219.662873339023,5058.871468355007,160.79140498401557
5201.320291959764,5427.978621930249,-226.65832997048437
5199.597722059848,5594.177200496393,-394.5794784365453
5201.088833504571,5500.301179346279,-299.21234584170816
5192.527471743956,5587.622055268992,-395.0945835250359
5218.931067617557,4558.233956879013,660.6971107385443
5205.83553320873,5473.296085841442,-267.46055263271137
5249.379204110259,5509.462310153421,-260.08310604316193
5272.409865602966,5198.689953378934,73.71991222403267
5237.561692966058,4528.994679748013,708.5670132180448
5269.345620750803,5231.945654389412,37.39996636139131
5246.360982364442,5412.68765162502,-166.32666926057846
5250.128364359533,5513.168972308497,-263.04060794896395
5249.760060611059,5204.081222004528,45.67883860653092
5244.191208150575,5206.288002463424,37.90320568715106
5249.075953720245,5511.43257236324,-262.3566186429953
5252.943277266567,5565.630807200421,-312.6875299338544
5248.585785108113,5210.579328724509,38.00645638360402
5513.315738576126,5233.47253391928,279.84320465684596
5500.711893645945,5432.891154806149,67.82073883979592
5501.885510750888,5343.766222310617,158.1192884402708
5502.55728041743,4557.918599937409,944.6386804800204
5229.843189185204,5214.7604949131955,15.082694272008666
5222.8446316098425,4863.402790627541,359.4418409823011
5217.420013850441,5525.643143756465,-308.22312990602404
5221.978867724239,5421.511803636332,-199.5329359120933
5230.948527314697,5169.119791642653,61.82873567204388
5215.946304902673,5559.756497100395,-343.81019219772224
5223.546505003783,5542.212940173151,-318.666435169368
5207.303931076243,5498.945991453129,-291.64206037688564
5550.2390715159245,5547.918839969546,2.3202315463786363
5555.177114739146,5223.639638415693,331.5374763234531
5523.636525875908,4435.0849221439385,1088.5516037319694
5529.023120548503,4550.805997615938,978.217122932565
5540.84438299778,4896.496402512414,644.347980485366
5530.7291017727675,5528.564259665577,2.1648421071904522
4854.767493869315,5479.63225985679,-624.864765987475
5494.634227166862,4891.025845435693,603.6083817311692
5485.350370609487,5503.227637199698,-17.87726659021064
5494.693254420456,4569.714638865402,924.9786155550537
5493.134233305997,5547.412874222089,-54.27864091609172
4468.940553480723,5549.544056036282,-1080.6035025555593
5496.016911274178,5545.38347731893,-49.36656604475229
5506.913110735044,4559.166538228707,947.7465725063366
5507.068500356425,4539.351303911043,967.7171964453819
5495.852439010576,5227.262852570972,268.5895864396034
5519.213278688292,5537.725065328529,-18.511786640237005
5516.944713203352,5561.837647675478,-44.8929344721264
5502.134493739672,5535.958001595154,-33.8235078554826
5507.099605960727,5550.0149963190215,-42.915390358294644
5538.1322176301,5558.28602555221,-20.15380792210999
5506.352114153205,5591.506555420555,-85.1544412673502
5510.819947914012,5193.331052054863,317.4888958591491
5521.083171025313,5560.535742014516,-39.452570989202286
5523.411145846531,5555.296496043986,-31.8853501974545
4447.6436521521055,5553.046357004524,-1105.4027048524185
5525.749838784559,5568.50408780015,-42.754249015591085
5515.2988172368105,5547.170252794909,-31.87143555809871
5495.990076874775,4404.131910648436,1091.8581662263387
5509.3087389918755,5549.128343851161,-39.81960485928539
5495.559646812609,5163.311216184551,332.2484306280576
5520.820883676138,5563.04099236754,-42.22010869140195
5520.853576628464,5208.447515174782,312.406061453682
5499.558907804926,5529.925510416354,-30.36660261142788
5528.39644193532,4902.296844521963,626.0995974133566
5515.417085706107,5532.698877271428,-17.281791565320418
5496.974064481715,5499.26976643867,-2.295701956954872
5513.023397819727,5043.7726347699645,469.2507630497621
5516.401526361049,5510.587662048687,5.813864312362057
4435.778325464536,4864.823370164295,-429.0450446997593
5482.96222751706,4880.692305478232,602.2699220388276
5481.6195036243635,5468.251451635225,13.368051989138621
5487.15966969768,5357.449681533133,129.7099881645472
5496.099108356344,5529.562940760555,-33.463832404210734
5509.0939007815205,5205.716323342382,303.3775774391388
5490.016270742611,5307.151525275305,182.8647454673055
5494.7587035348615,5525.753738644729,-30.995035109867786
5516.449335679012,5532.418377071703,-15.969041392690997
4758.104102691232,5331.235516201787,-573.1314135105549
5209.334869195125,5521.009625051728,-311.67475585660304
5197.942306354564,5592.186316312415,-394.24400995785163
5202.178497914797,4707.300704682547,494.87779323225004
5204.15037676432,5502.61431125983,-298.46393449551033
5206.603141997339,5168.394275618332,38.208866379006395
5210.851541214394,5222.954587634754,-12.103046420359533
5203.601865760601,4545.230473148779,658.3713926118216
5249.379204110259,5170.739080135566,78.64012397469287
5238.175307040551,5528.934818829269,-290.75951178871765
5243.907019825864,5535.190014373074,-291.28299454720946
5233.660068475356,5088.214762025402,145.44530644995393
5256.967962832242,4874.738358696737,382.2296041355048
5261.560314589924,5540.1521023179785,-278.59178772805444
5265.742329964864,5441.920253625807,-176.17792366094272
5268.62617836361,5534.444242042065,-265.81806367845456
5246.611450559375,5531.739513152347,-285.1280625929721
5255.417686590054,5215.0791628945235,40.33852369553006
5249.16366857015,5204.54082389368,44.62284467646987
5503.836476015504,5520.523978277078,-16.687502261574082
5514.967256111301,5567.780788704484,-52.81353259318257
5502.960481546529,5507.492193890474,-4.531712343944491
5494.725838624664,5308.948184620072,185.77765400459157
5229.88286243967,5522.832450779525,-292.9495883398549
5215.740422750475,5201.086195991472,14.654226759002995
5229.02240737979,5421.929292353781,-192.9068849739915
5222.231018870043,5519.18336429596,-296.952345425917
5210.31069467073,5458.174750914955,-247.86405624422514
5234.690878251167,5338.2736374207325,-103.58275916956518
5228.645052729107,5222.7290345019455,5.916018227161658
5228.064179631078,5510.944366190909,-282.8801865598307
5528.488659040251,5549.303226447626,-20.814567407374852
5528.521919554835,5525.2859595819145,3.235959972920682
5546.55283350127,5449.592408254359,96.96042524691075
5553.421424985888,4564.959095322071,988.4623296638165
5528.37867952426,5538.509191476477,-10.130511952216693
5536.286595636551,5534.328188585658,1.9584070508935838
4846.175343594342,4578.973509051193,267.20183454314883
5481.301303295921,5548.026769566702,-66.725466270781
5484.75392227921,5211.884664010185,272.8692582690255
5489.425488487951,4540.77924275225,948.6462457357011
5485.2713063004,5190.655146553378,294.6161597470227
4461.518034188081,4969.775783311488,-508.25774912340694
5528.6060845314805,5562.593816902398,-33.98773237091791
5504.4896286143285,5464.524752778308,39.96487583602084
5515.7706096019,4551.801549376967,963.969060224933
5515.652950773265,5561.389491409942,-45.73654063667709
5496.740386929863,5501.169849405833,-4.429462475969558
5509.321920520942,5527.872265404694,-18.550344883752587
5511.443611124856,5430.253320170005,81.19029095485075
5512.966809754208,4953.229724006772,559.7370857474361
5513.843600734128,5318.948408659273,194.895192074855
5495.680621897514,5498.988755619401,-3.3081337218864064
5522.929244800526,5562.210029210792,-39.28078441026537
5520.603678443068,5222.085576244688,298.5181021983799
5511.555471122059,5429.386138919089,82.16933220297051
4464.668131507994,5550.846749132408,-1086.178617624414
5519.332109674631,5580.923188509474,-61.59107883484285
5501.326627805272,5520.2831742335875,-18.95654642831505
5506.344599768394,4902.358948071492,603.9856516969021
5496.94426504295,5001.0471813861695,495.8970836567805
5509.431842316035,5316.693435342424,192.73840697361084
5500.561575834169,5520.492453370102,-19.930877535933178
5522.873899174399,5542.25445409873,-19.38055492433068
5515.417085706107,5558.176142224123,-42.75905651801622
5512.468966329804,5217.194424459175,295.27454187062904
5505.8227561746735,5506.163327999041,-0.34057182436754374
5514.054214364649,5534.664360722004,-20.610146357355006
5513.347858178232,5543.221116646279,-29.873258468047425
5504.670390277909,4588.993119288408,915.6772709895013
4427.784298465738,5517.997083321868,-1090.2127848561295
5504.339362984577,4750.473346840801,753.8660161437756
5504.423650874287,4604.060992078191,900.3626587960962
5488.976066471136,5039.0925838567855,449.8834826143502
5496.03947115299,5535.579045632247,-39.53957447925677
5503.15905128105,5497.098954019492,6.06009726155753
5506.9127422439515,5515.067423831611,-8.15468158765998
5486.916642692067,4413.458765147673,1073.4578775443943
5502.02745941434,5534.244638133444,-32.217178719103686
4766.201139038487,5549.810987480681,-783.6098484421946
5213.176910656355,5539.860132257112,-326.68322160075695
5186.608940350994,5199.3889280866415,-12.77998773564741
5205.669076498722,5175.0776695064105,30.591406992311022
5225.5185610315175,5554.770818015614,-329.2522569840967
5177.49687116917,5509.444434218646,-331.94756304947623
5192.996601039775,5500.481645360601,-307.4850443208261
5203.920408702174,5556.032460648887,-352.1120519467122
5249.379204110259,5353.450985733794,-104.07178162353557
5246.2726461550565,5170.24942737786,76.02321877719623
5247.431478189012,4842.682444851832,404.74903333717975
5258.464943964072,5330.213410387742,-71.74846642367083
5241.193678254813,5524.205188429647,-283.01151017483426
5251.027781913868,5532.032702664839,-281.004920750971
5260.485374382569,5537.41487389528,-276.9294995127111
5246.839560732076,5536.2781475281045,-289.4385867960282
5244.58078643127,4725.676675687852,518.9041107434177
5257.007108985312,5478.448819041681,-221.44171005636963
5256.049122910136,5346.046563326161,-89.9974404160248
5508.309552996759,5535.300728771431,-26.99117577467223
5498.46765352879,5517.117128349814,-18.64947482102434
5508.698730625268,5550.903254817686,-42.20452419241792
5505.67300955207,5575.485449969771,-69.81244041770151
5207.426278273605,5405.368848761745,-197.9425704881396
5231.595423468693,4875.397652690905,356.1977707777887
5211.030677341662,4534.739021959255,676.291655382407
5211.8314974574905,5154.457253752077,57.37424370541339
5229.649199851265,5510.7297410549645,-281.0805412036998
5223.554081486084,5326.492768199611,-102.9386867135272
5223.337934526947,4701.364386532776,521.973547994171
5228.37619655663,4588.1450132572545,640.2311832993755
5537.420270391839,4592.246041327836,945.1742290640032
5535.214691611917,4877.723197033799,657.4914945781184
5521.041992926737,5547.661973341369,-26.619980414631755
5546.203320431378,5526.87215917848,19.33116125289871
5544.89675170578,4854.045308927732,690.8514427780483
5540.668872437824,5359.661405608653,181.00746682917088
4845.459247159711,5205.100589503412,-359.6413423437016
5485.568012282981,5528.8005278961145,-43.23251561313373
5485.399542908566,5354.9339479436085,130.46559496495775
5477.2614887456575,5529.501482374047,-52.23999362838913
5481.562309267491,5091.541851686206,390.020457581285
4447.345528674325,5548.628015741119,-1101.2824870667946
5511.639162755068,5542.290013491478,-30.650850736409666
5511.213178525,4853.341245342904,657.8719331820967
5519.651521683316,5184.070817371873,335.5807043114428
5496.289749611608,5497.193860078438,-0.9041104668294793
5514.718789633569,5014.817654237381,499.9011353961878
5515.514577324446,4567.053006893256,948.46157043119
5508.592212862287,5525.8598484002705,-17.26763553798355
5510.819947914012,5551.943911161731,-41.123963247719075
5517.919103440366,5470.137088700692,47.782014739673286
5504.5825823582045,5525.243450932446,-20.66086857424125
5520.339283935689,4971.743618183389,548.5956657523002
5511.713409025806,5361.0697902056245,150.64361882018147
5516.0947965751975,5528.896744403681,-12.801947828483208
4461.2448927408,4729.045127040811,-267.80023430001074
5501.508394935027,5476.577562060326,24.930832874701082
5507.479527942618,4847.293571185675,660.1859567569427
5490.976586837463,5521.946259212853,-30.969672375389564
5525.8237177375095,5549.837916996765,-24.014199259255292
5521.261162844941,5363.123491721688,158.1376711232533
5513.1702508984545,4562.15953266983,951.0107182286247
5491.538465004676,5336.951918479957,154.58654652471887
5513.023397819727,4550.953792734219,962.0696050855076
5504.524304404306,5549.663021998634,-45.13871759432732
5513.347858178232,4851.626960081818,661.7208980964142
5509.838652035306,5527.132951506924,-17.294299471617705
5495.60594443731,4578.607462735582,916.9984817017285
5502.433755974027,4946.148374684091,556.2853812899357
4450.56721726972,5502.017278435458,-1051.4500611657386
5493.272681448561,5559.752626594003,-66.47994514544189
5468.31156950719,4535.012343862011,933.2992256451789
5495.574095897909,5035.295121360884,460.2789745370246
5482.056071000985,5552.21236618948,-70.15629518849528
5502.743144530359,5533.135420948025,-30.392276417665926
5493.25625500685,4533.293069997344,959.9631850095057
5489.238858275788,5503.838476031582,-14.599617755794497
5507.177401964346,5361.116484103267,146.06091786107936
4765.390134414301,5236.379976151853,-470.9898417375516
5217.941249530513,5546.432695707894,-328.49144617738057
5200.486513535792,5531.874581845515,-331.38806830972317
5208.773440631688,4961.202649841502,247.57079079018604
5192.207933270572,5420.130448732471,-227.92251546189982
5215.896423766351,5432.578052017136,-216.68162825078434
5193.751053515769,5524.257908666485,-330.50685515071564
5198.250756184429,4418.151950052837,780.098806131592
5249.379204110259,4956.539671462246,292.8395326480131
5256.446382747939,4420.718709314543,835.7276734333964
5251.689519809032,5529.823161641985,-278.1336418329529
5245.04093102237,5501.046173774454,-256.0052427520832
5248.651514730859,5091.778559107275,156.87295562358395
5246.766891431654,5427.762632166062,-180.99574073440817
5243.724186355898,5490.989924062676,-247.26573770677805
5246.757115442417,4538.991955248629,707.7651601937878
5236.3639747193365,5547.159555993054,-310.7955812737173
5247.074483587554,5533.552777182118,-286.4782935945641
5251.118702882274,4485.247863860801,765.8708390214733
5514.434224871088,5328.321702249495,186.1125226215936
5509.500227904948,5553.912911414798,-44.41268350985047
5500.856559890307,4588.5022298539825,912.3543300363244
5501.581082840248,5193.228797029525,308.3522858107235
5231.327353827339,5367.684295532711,-136.35694170537226
5230.268334208818,5216.581651898625,13.686682310192737
5204.425380333112,5512.376867707782,-307.95148737467025
5223.7126087439365,5472.664928348543,-248.9523196046066
5224.296779830086,5501.316497611287,-277.0197177812006
5205.034775558796,5146.618168211358,58.416607347438
5217.708126396179,5523.424580752548,-305.71645435636856
5211.784503155623,5422.337952597191,-210.55344944156877
5545.316903187454,5528.621473739952,16.695429447501738
5530.071834750684,5336.620207098866,193.45162765181794
5550.024040147066,5567.414962682386,-17.390922535319987
5528.171734179193,5319.409950273942,208.76178390525092
5540.551216807429,4553.350032320163,987.2011844872659
5531.385015880451,5209.043782902546,322.34123297790484
4852.418189306187,5173.074890625782,-320.6567013195954
5485.399542908566,5337.758782924303,147.64075998426324
5495.384316747547,5573.718163696948,-78.33384694940105
5494.863112961476,5561.599360439523,-66.73624747804661
5484.901409274944,4568.421602609437,916.4798066655067
4449.017999404578,5553.3251994462025,-1104.3072000416241
5522.8850433088055,5024.643134327319,498.24190898148663
5531.001632114817,5572.137612531165,-41.1359804163485
5523.012757370045,5565.7556494881055,-42.74289211806081
5488.894960996861,5237.981177381713,250.91378361514853
5513.827471869161,5557.562873996007,-43.735402126845656
5511.282519398262,5542.403051057421,-31.120531659159496
5512.29902322074,5542.1566514801725,-29.857628259432204
5502.115388876467,4426.796013553098,1075.3193753233681
5517.170635049096,4547.552218788253,969.6184162608424
5508.0448046663205,5533.080213844294,-25.035409177973634
5500.787153864296,5557.524068100696,-56.73691423640048
5514.263557091875,5499.482081218831,14.781475873043746
5502.533011317796,5406.89969876386,95.63331255393587
4465.806565461828,5213.881319587222,-748.0747541253941
5503.469071281525,5563.717856668561,-60.24878538703524
5510.513122424442,4959.389282397201,551.1238400272414
5493.899640720659,4724.434991467828,769.4646492528309
5504.661283142946,4586.312695872716,918.3485872702295
5493.314946292285,5512.738526109644,-19.423579817359496
5506.757803061621,5560.657597598337,-53.89979453671549
5524.938965909899,5328.809084122685,196.1298817872139
5499.795095399053,4533.605985184663,966.18911021439
5523.327858661977,5214.156135626094,309.1717230358836
5498.157375825904,4521.933022597207,976.2243532286966
5522.9649773294805,5555.254293108925,-32.28931577944422
5509.096176208338,5204.835590497888,304.26058571044996
5522.681670922968,4887.897796609621,634.783874313347
4434.753521864266,4528.296649431643,-93.54312756737727
5512.431811071603,5135.139105715502,377.29270535610067
5499.636369001026,5556.687783316704,-57.0514143156779
5486.3276515240195,5325.539371467622,160.78828005639753
5491.9491271070165,5552.270468663555,-60.321341556538755
5487.888576026809,5518.430278301309,-30.541702274500494
5494.64644081023,5170.790889679904,323.8555511303266
5501.278351805922,5098.10672417952,403.17162762640237
5490.52014687277,5186.525172385219,303.9949744875512
4755.818840833775,5547.984501388776,-792.1656605550015
5208.544727240599,5203.525475623947,5.0192516166516725
5205.306973947716,5438.774423906688,-233.46744995897188
5211.133507323142,5118.7976086907265,92.33589863241559
5212.801546716621,5575.0070497034085,-362.2055029867879
5202.418015566452,5537.476867893354,-335.0588523269025
5203.489443167444,5548.502078002474,-345.01263483503044
5191.568249769186,5522.954103140917,-331.3858533717312
5249.379204110259,5548.074939990033,-298.6957358797745
5254.687485902465,5532.918889032839,-278.231403130374
5251.320494157112,5541.240055050459,-289.9195608933469
5254.3153635671115,5214.02352149439,40.29184207272192
5248.300291713094,5473.392658650029,-225.09236693693492
5248.41798011503,5434.524770457251,-186.10679034222085
5223.059162919694,4860.5543982479785,362.50476467171575
5249.075953720245,5191.41445518443,57.661498535814644
5237.4443720114,5084.278558937729,153.16581307367142
5252.647092377384,5195.033652248815,57.61344012856898
5267.2972462196485,5356.963301173628,-89.66605495397926
5509.843346300731,5350.5586090961515,159.28473720457987
5505.624706087252,5546.289029168792,-40.664323081539806
5509.546117238335,4729.25359771508,780.2925195232547
5498.996851338938,5537.762527069823,-38.76567573088505
5231.595423468693,4970.217804979833,261.3776184888602
5219.785977750814,5413.818472434206,-194.03249468339254
5211.144466533619,5199.468183154909,11.67628337871065
5229.556351283248,5533.601498099373,-304.04514681612545
5237.550469265675,5334.811250429567,-97.2607811638918
5223.144058700973,4546.10702574743,677.0370329535426
5239.401921433755,5533.23472329703,-293.83280186327465
5235.995495911782,5562.6136249798965,-326.6181290681143
5527.710648131388,4704.668298112149,823.0423500192383
5525.452012444201,5200.425768095638,325.0262443485626
5548.534247585138,5572.031664685472,-23.497417100334133
5543.353701203044,5526.643425002653,16.71027620039058
5533.330683211863,5208.705877881965,324.62480532989866
5540.727899691419,5557.165003546116,-16.437103854696943
4856.2540608351765,4539.3143036538295,316.939757181347
5477.2614887456575,5199.2027756847365,278.05871306092104
5494.863112961476,4559.195079475661,935.6680334858147
5487.285736193585,5541.77900088255,-54.4932646889647
5484.953783990555,5209.179112206593,275.7746717839618
4451.14970982261,5552.704476893272,-1101.554767070662
5516.944713203352,5539.58063414103,-22.635920937677838
5515.783824709757,5509.756762397747,6.027062312010457
5503.339451415229,5156.683098247052,346.6563531681768
5501.407417771503,5501.270929275959,0.13648849554374465
5526.044071801417,4583.663552456564,942.3805193448534
5509.431721982886,5538.801978945684,-29.370256962797612
5508.857785287168,5470.494018091809,38.36376719535838
5500.212112313118,5458.34994064097,41.86217167214818
5511.458195239173,5531.353264844585,-19.895069605412573
5512.735109025592,5521.337553546768,-8.60244452117604
5508.153193422066,5525.784031395557,-17.630837973490998
5492.12525877041,5299.371041310304,192.7542174601067
5500.439768427985,5467.947006601846,32.49276182613903
4464.438906258144,5214.38915829235,-749.9502520342057
5499.558907804926,5493.4080973174905,6.150810487435592
5524.144751600174,5530.392444311672,-6.24769271149853
5498.753490967139,5340.3503016824025,158.40318928473698
5506.355838286466,5458.83372485295,47.5221134335161
5514.435694651615,5177.963565958969,336.47212869264604
5505.950109066607,5540.287314214937,-34.33720514833021
5503.607548600904,5207.02576994982,296.5817786510843
5508.006670896797,5480.140841946482,27.865828950314608
5517.497258749025,5559.572158470628,-42.07489972160329
5530.810818146721,5373.095517413363,157.71530073335816
5520.113525726718,5563.318446137089,-43.204920410371415
5494.6987367796255,5472.59713827785,22.101598501775698
5510.962912134189,5530.533845404086,-19.57093326989707
4452.417777445235,5217.142973582988,-764.7251961377533
5492.852213433242,4557.4542647163835,935.3979487168581
5483.5152983722655,5508.880290974136,-25.364992601870654
5453.082891004959,5431.592748646229,21.490142358729827
5474.119580023519,5486.748013697869,-12.628433674350163
5500.675588951323,4568.344956371373,932.3306325799504
5503.113923103119,5555.92753814654,-52.81361504342112
5500.566650231965,5532.166876115846,-31.60022588388165
5498.681538469597,5551.448795776587,-52.76725730698945
4748.00779242584,5315.974000769898,-567.966208344058
5203.321940668047,4956.820090721716,246.50184994633128
5202.473922955854,5531.022034593416,-328.5481116375622
5194.906394069841,5319.644979211509,-124.73858514166841
5203.131485170708,5507.063561367747,-303.93207619703844
5192.361638870069,5097.784126802738,94.57751206733155
5202.2812796159305,4553.954691191526,648.3265884244047
5209.07094591442,5535.508880138299,-326.437934223879
5249.379204110259,5242.545868538867,6.833335571392126
5243.410927325601,5417.235395393956,-173.8244680683556
5256.657167266845,5265.867819474161,-9.210652207315434
5245.6811226837,5507.7202080740635,-262.03908539036365
5273.444966445886,5498.741142432668,-225.29617598678215
5260.531176566521,5215.614678251086,44.91649831543509
5249.8794613179,4884.150451805074,365.72900951282554
5252.4117489307655,5173.94889874024,78.46285019052539
5249.572706604302,5545.975255264586,-296.4025486602841
5248.609260639766,4696.264379831493,552.344880808273
5261.054422584996,5216.641815058755,44.41260752624112
5498.547099488927,4848.021272903827,650.5258265851007
5508.355502080191,5198.604855637283,309.75064644290796
5502.157090032085,5491.821627766665,10.335462265419665
5515.258919458868,5558.717815416363,-43.45889595749486
5227.551499004996,5267.961032337435,-40.40953333243942
5205.0342583334605,4836.972334396128,368.0619239373327
5227.068617162375,5534.951169376767,-307.8825522143925
5207.158116526316,5226.23082731284,-19.072710786524112
5220.948105849055,4537.763791099533,683.184314749522
5228.37619655663,4857.7574341219,370.61876243473034
5229.692781936132,5017.9156166057,211.77716533043167
5232.33045738852,5567.492120684044,-335.1616632955238
5527.004508567374,5478.026453794547,48.97805477282691
5519.478332102009,4715.551556962994,803.9267751390144
5523.7899894768625,5205.94581218976,317.84417728710287
5540.6352340152325,5604.323225064111,-63.68799104887876
5527.004830448275,4533.055193050515,993.94963739776
5539.168878576959,4705.718024765947,833.4508538110122
4851.545383134479,4870.124101146315,-18.578718011835917
5481.562309267491,5190.603792005968,290.9585172615234
5484.901409274944,4886.670467875412,598.2309413995317
5484.953783990555,5322.362095297536,162.59168869301902
5499.08228601157,5225.972425264486,273.109860747084
4456.964356890748,4911.933791871547,-454.96943498079963
5519.087349985384,5019.0655360626,500.02181392278453
5503.536889622349,5466.0260121029705,37.51087751937848
5523.603120602875,5553.713253865623,-30.110133262748604
5524.123977372254,5478.024631311104,46.099346061149845
5517.6395788781065,5349.740748140162,167.89883073794408
5504.5825823582045,4590.008645806062,914.5739365521422
5512.693586209787,5485.660945801892,27.032640407895087
5480.358958931998,5497.843756605525,-17.484797673527282
5515.954676496625,5479.561041330933,36.3936351656921
5508.047571936664,5311.691600852579,196.35597108408547
5494.545345037666,4533.928288999417,960.6170560382488
5499.899800879082,5417.374166515263,82.52563436381934
5515.420508773655,5533.459046113584,-18.038537339929462
4468.806182128106,4495.570517827555,-26.764335699448566
5525.741780681712,5568.183573560559,-42.44179287884708
5491.538465004676,4571.5116486728275,920.0268163318487
5513.518108306421,5210.109904856466,303.4082034499552
5508.7782756347415,5528.200567805444,-19.42229217070235
5504.982677766415,5542.538476192358,-37.55579842594307
5504.185754891161,4557.976165966586,946.2095889245747
5510.683335028795,5555.541875376052,-44.858540347257076
5522.486275628779,5200.012989045091,322.4732865836886
5520.455867333294,5522.762367136769,-2.3064998034751625
5522.426638425424,5563.503167704404,-41.07652927898016
5501.268172822998,5521.080996514978,-19.812823691980157
5508.44323827342,5552.21236618948,-43.769127916059915
5511.659482506375,5475.991592921688,35.667889584687146
4453.3901891929945,5512.316696959602,-1058.9265077666078
5502.325232766039,5543.291852016861,-40.96661925082208
5474.119580023519,5575.754977137688,-101.63539711416888
5493.2086714864,4606.180287135716,887.0283843506841
5487.448640728729,5557.252699923567,-69.80405919483837
5522.462152100653,5577.485411837847,-55.02325973719417
5499.914908072909,5553.020535302352,-53.10562722944269
5495.582004890258,4952.139632787662,543.442372102596
5493.536112109182,5188.380931382457,305.1551807267251
4761.5830656302605,5180.971183419009,-419.3881177887488
5208.968016001735,5536.394224951458,-327.42620894972333
5212.729006915358,5367.515162169592,-154.78615525423447
5220.351766685507,5226.040808002176,-5.689041316669318
5199.223612582012,5159.95017372182,39.27343886019207
5205.479183296956,5167.324628678455,38.1545546185007
5200.104474493218,5517.164669058983,-317.0601945657654
5227.14013036606,5566.722144262114,-339.5820138960544
5249.379204110259,5591.568277330203,-342.1890732199445
5249.413811844963,5534.360376534764,-284.94656468980156
5235.896724834925,5245.490930530807,-9.59420569588201
5236.689789242529,5541.066217522816,-304.37642828028766
5271.4474281089215,5451.9094990184385,-180.46207090951702
5253.1193147769745,4598.945552681919,654.1737620950553
5250.191143417212,5175.062620708801,75.12852270841086
5254.573413851614,5476.762475845043,-222.18906199342928
5250.874820468972,5426.842579389279,-175.96775892030746
5250.226289536613,4633.192254102888,617.034035433725
5255.698978651536,5598.7697411668805,-343.07076251534454
5506.0257317172145,5500.270333541639,5.755398175575465
5500.059903000086,5217.944299314249,282.1156036858365
5498.0548498958615,5204.949814307055,293.10503558880646
5495.664422804978,5051.7425653934215,443.92185741155663
5211.030677341662,5185.418202352939,25.61247498872308
5211.144466533619,5466.737159393826,-255.59269286020663
5235.043680453778,4554.307542539547,680.7361379142303
5208.678875487939,5530.341810173169,-321.66293468522963
5227.178491728219,5219.526544093226,7.651947634993121
5231.920712529176,5552.982544277396,-321.06183174822036
5229.211897686684,4568.710074327665,660.501823359019
5216.818496025743,5518.087060936454,-301.26856491071067
5547.760515529229,5568.44710289714,-20.68658736791076
5526.572069773196,5488.8338100955925,37.73825967760331
5523.1849513622155,5531.080021718194,-7.8950703559785325
5549.788917343867,5329.450528603285,220.33838874058165
5538.524752574821,5515.155400126226,23.369352448595237
5555.877079076347,5554.538639651014,1.3384394253334904
4866.842513355486,5215.525361573034,-348.6828482175488
5483.092226324174,5467.241455991564,15.8507703326095
5487.155804507251,5325.455351540664,161.70045296658645
5486.356135440952,4556.637106103606,929.719029337346
5497.224336378793,5426.4801576627415,70.74417871605147
4424.723716979383,5499.403566852056,-1074.679849872673
5489.294894543384,5152.256551469666,337.03834307371744
5538.4615172367985,5345.652371044445,192.80914619235318
5510.483060629248,5535.368551600347,-24.88549097109899
5512.216699609237,5221.328716376576,290.8879832326611
5507.593312798245,5550.936494110592,-43.34318131234704
5509.257558422239,4959.839667712778,549.4178907094611
5509.388772603347,4961.49744669032,547.8913259130268
5495.990076874775,4404.131910648436,1091.8581662263387
5495.547093209268,5545.648334629376,-50.101241420108636
5504.652931090125,5500.650785468719,4.002145621406271
5490.976586837463,5452.762518870113,38.214067967350275
5510.541103845813,4731.947662661707,778.5934411841063
5490.053160374017,4853.44866559726,636.6044947767577
4451.966593850521,4579.7812413421925,-127.81464749167117
5517.281074268699,5064.267435498818,453.01363876988125
5501.73921661667,5313.577940870072,188.16127574659822
5497.717793660944,5182.454058221741,315.2637354392027
5511.5302478139265,5524.472604795943,-12.942356982016463
5508.164929065073,5551.505302779101,-43.34037371402792
5515.563776046867,5185.026323292208,330.53745275465917
5527.928620257213,5557.455637158683,-29.527016901470233
5500.752433610418,5185.461738642904,315.29069496751436
5515.412727760725,4554.4251272849915,960.9876004757334
5517.648905111761,5477.86067911759,39.788225994171626
5527.65890503021,5559.694613520836,-32.03570849062635
5503.992417874659,4693.713275968742,810.2791419059167
5528.475914137724,4508.962851947582,1019.5130621901426
4441.142336990955,5313.235358944668,-872.0930219537131
5492.38136986115,5561.096662335966,-68.71529247481612
5487.462918698493,5544.038147835283,-56.57522913678986
5492.274276251922,5204.668421626804,287.6058546251179
5484.263903668285,5053.712646938368,430.55125672991653
5505.489527487725,4547.8454226690355,957.6441048186898
5498.374612528207,4887.947506513211,610.4271060149958
5500.508893467259,5554.390920046664,-53.88202657940474
5510.308500786741,4544.307437513602,966.0010632731392
4749.235905616483,5053.46223156267,-304.226325946187
5180.947225238717,5460.806512123831,-279.85928688511467
5206.459116853029,5436.3427684712,-229.88365161817092
5198.331481157678,4567.821451937863,630.5100292198158
5208.388959737553,5223.244680020642,-14.855720283088885
5217.0533572350705,5522.188018474697,-305.13466123962644
5215.616286072581,4903.601245293224,312.01504077935715
5194.826905188647,5518.944670332871,-324.117765144224
5249.379204110259,5316.950790855737,-67.57158674547827
5249.515631953679,5555.384529421344,-305.8688974676652
5250.205290213483,5047.199016899348,203.0062733141349
5240.074852152048,4532.290908819722,707.7839433323261
5250.128364359533,5209.624793586506,40.503570773027604
5243.152440645792,5522.792915684872,-279.64047503908023
5246.839560732076,5497.577965964935,-250.7384052328589
5252.429886866978,5555.622248568734,-303.19236170175554
5248.585785108113,5537.578847197343,-288.9930620892301
5261.3924129495745,5213.408205482761,47.98420746681313
5248.17432390728,5544.723559677446,-296.549235770166
5508.926789547894,5204.652816322879,304.27397322501565
5505.67300955207,4873.971271034564,631.7017385175059
5483.33133986021,5537.431559435704,-54.10021957549361
5507.772601383557,5516.436834992874,-8.664233609316398
5230.702323813272,5323.5943614798125,-92.89203766654009
5215.946304902673,4548.7319436286225,667.2143612740501
5232.3182924034245,5366.253350375482,-133.93505797205762
5223.337934526947,4564.874964438093,658.4629700888536
5210.32810040831,5504.791171233263,-294.4630708249533
5213.254518596056,5455.480072261619,-242.22555366556298
5226.282531713078,4879.121761861474,347.1607698516045
5226.838100602667,5546.119872824203,-319.2817722215368
5531.837110151859,5561.882511963382,-30.045401811523334
5540.668872437824,5223.237658652791,317.4312137850329
5525.661829169844,5534.336400171185,-8.674571001341064
5543.918619915529,4559.7005875103705,984.2180324051587
5550.315207193742,5445.416553111067,104.89865408267542
5518.272775922625,5082.408217262952,435.8645586596731
4873.437369922943,5548.0134514977835,-674.5760815748408
5487.860382132554,4552.355760953985,935.5046211785693
5499.10626268629,5371.035900229964,128.07036245632662
5493.165932580837,5538.731391975939,-45.56545939510215
5495.308569362868,5606.385635523254,-111.07706616038558
4426.269151411154,5462.03162364264,-1035.7624722314858
5518.598968669827,5215.923073764487,302.6758949053401
5510.819947914012,4590.1337213787565,920.6862265352556
5511.1507866487145,5004.308900451122,506.84188619759243
5511.766882448575,5009.597872128937,502.1690103196388
5525.606437865221,5568.442859584277,-42.83642171905649
5515.298817236812,5566.215564737302,-50.91674750048969
5501.709629991301,5344.155480349133,157.55414964216834
5501.508394935027,4846.292653512357,655.2157414226704
5517.965534015377,5323.845892675453,194.11964133992387
5520.853576628464,5479.565939221018,41.2876374074458
5517.944623774114,5058.511082472236,459.433541301878
5505.852622630036,5322.146194064558,183.70642856547875
5505.453263422506,5321.310975163272,184.1422882592342
4455.593289708263,5545.479232548787,-1089.885942840524
5514.910925283212,5198.0844684600115,316.8264568232007
5510.328250423476,5047.860835379105,462.4674150443707
5499.942256670768,5314.816505378354,185.12575129241395
5513.546836970115,5432.666758775262,80.88007819485301
5507.045859985165,5415.70877312031,91.33708686485534
5519.659848720995,5480.872748665057,38.787100055938026
5502.325426493884,5518.700466129919,-16.37503963603467
5527.185498546821,4576.79103031051,950.3944682363108
5498.3525897747195,5042.017290976143,456.33529879857633
5512.763622282151,5510.699402742687,2.0642195394639202
5504.384323160098,5311.473362392911,192.91096076718622
5517.913564832155,5213.477652001315,304.4359128308406
5510.324738040657,4711.470908028106,798.853830012551
4442.249827875005,5153.85932767987,-711.6094998048648
5498.143756285104,5556.614180343361,-58.47042405825687
5483.030534064972,4531.991791342261,951.0387427227106
5466.382660731319,5196.277132719401,270.10552801191807
5477.8851077045565,5318.853164089498,159.03194361505848
5491.5030075060895,5544.469612574377,-52.96660506828721
5510.308500786741,5572.094335681219,-61.785834894477375
5511.231884461688,5480.519675215437,30.712209246251405
5498.806821416361,5540.227661917847,-41.420840501486055
4750.934115168291,5569.910154760303,-818.9760395920121
5208.811484209069,5598.89472564202,-390.0832414329507
5197.668894131546,5489.079882876381,-291.41098874483487
5212.626155430629,5207.102935039036,5.523220391592986
5209.923208854547,4712.266925150737,497.65628370381
5187.698965735338,5547.822236115915,-360.1232703805772
5194.118071538533,5533.650968561249,-339.5328970227165
5195.629387061756,5043.097155052888,152.53223200886714
5249.379204110259,5539.289443032634,-289.91023892237536
5238.365154125521,5457.558451194414,-219.19329706889312
5236.6169426443,5534.767174939241,-298.1502322949409
5255.299288867816,5481.340522859283,-226.04123399146647
5253.349043091631,4863.515384316503,389.83365877512824
5260.485374382569,4576.411823214328,684.0735511682406
5244.287720095311,5531.7646504975355,-287.47693040222475
5252.943277266567,4544.720930398628,708.2223468679385
5252.647092377384,5013.356222545268,239.2908698321162
5234.9738284167315,4886.9394503901285,348.034378026603
5250.296796259545,5539.461740215608,-289.1649439560633
5508.355502080191,5212.0702707544615,296.2852313257299
5496.764167896139,5549.1803470117275,-52.41617911558842
5501.666406745876,5478.415173735425,23.25123301045096
5502.0993678931345,4560.075795137431,942.0235727557038
5211.8314974574905,5512.3799660443365,-300.54846858684596
5229.556351283248,5574.555443741193,-344.99909245794515
5208.678875487939,5421.658147371207,-212.97927188326776
5216.276041103519,5445.834778747475,-229.5587376439562
5222.003363998424,5501.265045577544,-279.2616815791198
5226.404072290627,5480.217409975417,-253.81333768478999
5230.839327854111,5561.96457299806,-331.12524514394954
5208.572428661352,5550.280011076497,-341.7075824151452
5542.497029956477,5171.008979601202,371.48805035527494
5533.330683211863,5176.329640838533,357.00104237333016
5531.602657553944,5219.176182291734,312.42647526220935
5539.271582973618,5106.947235070035,432.32434790358275
5522.498791280306,5503.634358094332,18.86443318597412
5529.168975383491,5547.978636807174,-18.809661423682883
4850.13109185865,5517.314673886443,-667.1835820277938
5487.434397902486,5319.723450115723,167.71094778676343
5507.2228514923,5074.219728875078,433.0031226172223
5492.005044087241,5478.613055989725,13.391988097516332
5479.758108999834,5524.015371127086,-44.257262127252034
4472.285622078397,5236.484251246697,-764.1986291682997
5510.819947914012,5009.294961545775,501.5249863682375
5506.843346755433,4543.314955201302,963.5283915541313
5521.337509357656,5526.906940984201,-5.569431626545338
5514.041201342248,5566.298512755489,-52.25731141324104
5513.879416146039,4877.154317424927,636.7250987211119
5508.153193422066,4596.222465070169,911.9307283518965
5504.382427613415,5502.875577288627,1.5068503247875924
5520.820883676136,5550.302359891193,-29.481476215057228
5516.8622596916075,4542.590694841175,974.2715648504327
5516.799999665053,5165.995247782316,350.80475188273704
5513.170250898455,5597.4016838653715,-84.23143296691615
5519.908517140304,4545.4597802653925,974.4487368749114
5513.412231117688,5110.226256578464,403.18597453922393
4454.301644410987,5158.607039021388,-704.305394610401
5509.349394789494,5502.0511364972235,7.298258292270475
5495.60594443731,4945.587681708384,550.0182627289269
5515.563776046867,5558.990443383283,-43.42666733641545
5503.18909950069,5523.522082877676,-20.332983376986704
5507.466995073318,5528.17707434404,-20.710079270722417
5529.794251889492,4884.700731425836,645.0935204636562
5508.44323827342,5110.4205815722835,398.02265670113684
5519.239380705675,5504.568503001288,14.67087770438684
5504.150715397864,5086.184193928921,417.96652146894303
5520.275683868046,5562.789670714538,-42.51398684649212
5522.65436760108,4749.581823402023,773.0725441990571
5527.6736912745455,4559.078616748643,968.5950745259024
5505.355291309819,5558.935241465276,-53.57995015545657
4452.85353788217,5487.811842037296,-1034.958304155126
5496.195599243228,4600.582830818647,895.6127684245803
5488.124751020535,4551.153627241185,936.9711237793499
5480.850644660703,5537.620345716633,-56.769701055929545
5494.04195220151,5481.907832474337,12.134119727173129
5502.006534531523,5480.064497757114,21.942036774409644
5477.685924614899,5176.544938433404,301.14098618149455
5508.030254149085,4749.283079451789,758.747174697296
5505.742386402738,5013.957123481413,491.78526292132483
4762.03744881264,5318.814363339582,-556.7769145269422
5212.65378257365,5576.416009539289,-363.76222696563946
5193.752912156709,5332.334892570383,-138.5819804136745
5224.512140413668,5561.525447251555,-337.0133068378873
5197.693240350379,5535.108581495863,-337.4153411454845
5191.312479610319,4573.911328692438,617.4011509178818
5214.200410800064,4713.685199720827,500.5152110792369
5193.615139505415,4843.005963670758,350.6091758346565
5249.379204110259,5094.0055204906985,155.37368361956032
5255.621006475914,5538.234245418442,-282.61323894252746
5244.399003189549,5187.638900373108,56.76010281644085
5238.473108248494,4532.790421877029,705.682686371465
5250.212301236459,5109.240036227835,140.97226500862416
5251.311182899232,4584.667115847961,666.6440670512711
5255.449330006108,4487.183588696121,768.2657413099869
5263.328162844955,4713.711104949444,549.6170578955107
5246.784098891285,5414.88354983052,-168.09945093923488
5246.865041781118,5530.581906329698,-283.7168645485799
5235.769653647587,4712.797172446402,522.9724812011846
5527.606513508074,5555.087003936815,-27.480490428740268
5498.185777018606,4723.425254899231,774.7605221193753
5497.535735477395,5426.988374745065,70.54736073233016
5513.539716076442,5577.5118588310515,-63.972142754609195
5218.449454564021,5205.592581226067,12.856873337954312
5209.987537686624,5476.700337666156,-266.71279997953206
5210.701074395767,5186.062690874413,24.638383521353717
5220.044551509533,5217.557330719411,2.487220790122592
5229.634559831285,4717.5137177357055,512.1208420955791
5245.225407252466,5375.209511741226,-129.98410448876075
5211.541209482147,5473.0130483119865,-261.4718388298397
5210.2879625104,5002.12062562674,208.16733688366003
5547.754789783619,5451.649855333795,96.10493444982421
5528.652585656938,5548.495270270416,-19.842684613478013
5538.701261379648,5547.755499743087,-9.054238363439254
5522.830347614955,5518.083138210601,4.74720940435418
5541.30091969299,4556.540983789065,984.759935903925
5529.32436500487,5514.079743589469,15.244621415400616
4859.524877323323,5535.785838005592,-676.2609606822689
5495.872741060799,4546.97553296084,948.8972080999592
5499.233976747529,5556.5572342702035,-57.323257522674794
5479.5606707927145,4869.509332309333,610.0513384833812
5499.824339980359,5527.30012958319,-27.475789602831355
4446.972646532431,4543.2903520667705,-96.31770553433944
5511.1507866487145,5200.772125851227,310.3786607974871
5521.337509357656,5022.757635518846,498.5798738388103
5507.034120192974,4537.018291957016,970.015828235958
5521.049216400684,5525.205799631364,-4.156583230680553
5521.4665393064515,5329.681065132717,191.78547417373466
5508.8012932204965,4542.857763323373,965.9435298971239
5510.511967264566,4805.642142360173,704.8698249043928
5527.312796248251,5209.37538722939,317.9374090188612
5509.3294449058785,4869.872389194174,639.4570557117049
5518.8150262405725,5593.466611264603,-74.65158502403028
5511.149165064023,4902.941211621003,608.2079534430195
5515.076005928384,5534.236456165537,-19.160450237152872
5491.467662876339,4382.819519320135,1108.6481435562036
4455.846411130241,5527.357043796042,-1071.5106326658006
5520.028299186826,5330.236945758633,189.79135342819336
5505.4984232822735,4867.560768449848,637.9376548324253
5503.970935893223,5527.425651103127,-23.454715209903952
5505.883090220328,5429.795099188263,76.08799103206547
5517.301006558299,4551.04260779166,966.2583987666394
5508.274423591642,5480.911739422163,27.362684169478598
5505.259886236139,5509.962732488694,-4.702846252554991
5511.639915197522,5206.080487457138,305.5594277403843
5520.566109532225,5526.211298671402,-5.645189139177091
5513.835121853099,5328.330349839469,185.50477201362992
5501.57386353774,5498.3425473111865,3.231316226553645
5518.650842147544,5549.89828899758,-31.247446850035885
5515.88827557308,4878.662680603842,637.225594969238
4456.951261417212,5026.460016675951,-569.5087552587393
5475.526076635883,5499.79835788009,-24.27228124420708
5476.781385107703,5546.364067769467,-69.58268266176401
5458.292151810696,5544.693706506638,-86.40155469594174
5502.019264078626,5197.097647607135,304.9216164714917
5476.077942648762,5300.049207470804,176.02873517795797
5494.39827795038,5052.9724037522365,441.4258741981439
5500.250180529688,5541.244579524368,-40.99439899468052
5509.940418196696,5559.52767548315,-49.58725728645459
4761.11550798575,5547.09325221211,-785.9777442263603
5224.512140413668,5555.873827402427,-331.3616869887592
5197.969894106003,5525.199098289286,-327.2292041832825
5204.50086480958,5195.878635332794,8.622229476785833
5187.724712423735,5542.404573293574,-354.6798608698391
5197.040196092065,5206.368451834022,-9.328255741957037
5189.634947446086,5517.802220961547,-328.1672735154616
5216.715678635726,4552.908827567585,663.8068510681414
5249.379204110259,5342.508682936656,-93.12947882639764
5248.0339320575795,5534.341897087665,-286.30796503008514
5263.69269977982,5351.734809029123,-88.0421092493034
5252.685679214964,5207.117065196894,45.56861401806964
5269.437648021616,4647.011815676909,622.4258323447075
5251.915601923044,5026.068152297818,225.84744962522564
5257.1117885643325,5565.326783363633,-308.21499479930026
5251.733637025278,4543.142882818645,708.5907542066325
5254.23482603395,5543.492020481786,-289.2571944478359
5258.270032638742,5330.205494703495,-71.93546206475276
5251.308809611922,4539.975411456967,711.3333981549549
5507.593866366652,5171.325213763112,336.26865260354043
5485.760079501927,5094.40479636535,391.3552831365769
5513.832339328589,5580.551583363998,-66.71924403540925
5512.990193332126,4548.750892868705,964.2393004634214
5229.649199851265,5540.2422238820845,-310.59302403081983
5237.550469265675,5179.049709876265,58.50075938940972
5227.178491728219,5178.953978579537,48.22451314868249
5222.003363998424,4874.627375208587,347.3759887898368
5236.997499051707,4880.969196497478,356.0283025542285
5227.843802598089,5518.495671370107,-290.65186877201813
5209.802784274747,5012.0116890073605,197.79109526738648
5225.814355787024,5210.617808965298,15.19654682172677
5525.606667565016,5470.317009776332,55.28965778868405
5526.188340599621,4534.368063110134,991.8202774894871
5539.621592775239,5446.416487934202,93.2051048410367
5540.624798556306,5220.820517716766,319.8042808395403
5523.151126717952,4552.990875723924,970.1602509940285
5518.108303659023,5094.218016747265,423.89028691175736
4852.611302792942,4700.481822091446,152.1294807014965
5472.510968989092,5204.557294280975,267.95367470811743
5465.116180374346,5295.932876071121,169.18330430322476
5477.628637148989,4839.204088429952,638.4245487190365
5500.3451967497385,5225.110218608542,275.23497814119673
4452.07192731524,5541.261121957945,-1089.189194642705
5511.766882448575,5353.30553451989,158.46134792868543
5514.041201342248,5556.808998848566,-42.76779750631795
5521.049216400684,5577.290506924581,-56.24129052389708
5514.462846968375,5546.506710698916,-32.04386373054149
5514.408638422063,4556.15494554187,958.2536928801928
5512.2424512525195,5325.89537787841,186.34707337410964
5513.40463941264,5535.150359963362,-21.74572055072167
5528.39644193532,5514.899659938519,13.496781996800564
5503.844656289596,5547.128820313003,-43.28416402340736
5523.348291801514,5217.679312515041,305.6689792864736
5504.524304404305,5320.146864098392,184.3774403059133
5507.715757470135,5493.951900977454,13.763856492681043
5514.504351806952,4730.237257581594,784.267094225358
4468.4320463106715,5478.316330575307,-1009.8842842646354
5510.22922030851,5209.391552331787,300.8376679767225
5507.451221590609,5550.964823923795,-43.5136023331861
5515.412727760725,5441.725351705497,73.68737605522801
5502.79615982282,5189.772542528671,313.0236172941495
5513.955865168545,4878.16553420939,635.7903309591547
5504.150715397864,4866.318565635798,637.8321497620655
5518.292091789811,5570.6976999212875,-52.40560813147658
5524.099669910528,5529.195801602029,-5.0961316915008865
5498.612106378487,5536.9097192248855,-38.297612846398806
5488.387477226566,4545.5316668712685,942.8558103552978
5527.625300822268,5569.910231086689,-42.28493026442084
5526.810742246463,5233.078799269661,293.7319429768013
5502.740806480885,5534.493170013451,-31.75236353256605
4446.352514592752,4885.822829918087,-439.4703153253349
5483.5247534290365,4566.348942498984,917.1758109300526
5477.640975758253,5522.728174975982,-45.087199217728994
5498.580009952497,5067.880275689313,430.6997342631839
5490.531334679015,5177.767825968245,312.7635087107701
5502.826739601242,5551.590008872903,-48.76326927166156
5518.230902150489,5565.960745225208,-47.7298430747187
5484.83575362371,5537.185947773281,-52.35019414957151
5484.694076301193,5512.855457256295,-28.161380955102686
4768.420314276588,5446.208754878764,-677.7884406021758
5191.312479610319,5196.0767972522435,-4.764317641924208
5194.66681367386,4538.06655922417,656.6002544496896
5197.040196092065,5311.012852567012,-113.97265647494623
5187.038166254001,5539.8711782395785,-352.8330119855773
5199.343410503022,5096.537737654568,102.80567284845347
5189.962309464967,5307.384452939104,-117.42214347413756
5190.02115214083,5462.152272817705,-272.13112067687507
5249.379204110259,4563.474871935779,685.9043321744794
5253.216162116447,4960.88467319886,292.3314889175872
5248.133976257859,4866.738704691692,381.39527156616714
5269.013691772493,5571.7061688431795,-302.69247707068644
5264.962522150883,5217.74023688987,47.222285261012985
5254.14326975067,5130.738466907965,123.40480284270507
5244.8255234107255,5521.324601125147,-276.4990777144212
5263.342613929057,5544.05882375883,-280.7162098297731
5236.227743931636,5525.534527820231,-289.3067838885954
5249.1342654906375,5531.715709066286,-282.58144357564834
5257.913816170966,4549.726930118738,708.1868860522281
5502.157090032085,5473.372083369046,28.785006663038985
5501.666406745876,5013.760715572505,487.90569117337054
5497.188379279997,5512.979641486676,-15.791262206678766
5504.291117751676,5484.515400520595,19.775717231081217
5247.448544310875,5189.361477967898,58.08706634297687
5221.61685773235,5566.373076734373,-344.7562190020235
5225.1134107379585,5217.786068675231,7.327342062727439
5206.712358845025,5457.93836288443,-251.22600403940487
5226.544418426524,5553.430410501153,-326.88599207462903
5234.573721308906,5221.42266848006,13.151052828846332
5252.510834503467,4566.604516467102,685.9063180363646
5228.838775463764,5324.779271809663,-95.94049634589919
5543.891108812336,5332.93973865428,210.9513701580563
5539.271582973618,4574.997718985451,964.2738639881672
5547.130889639481,5544.774382837576,2.356506801905198
5528.29749810744,5314.7169530327,213.58054507474026
5524.533981863322,5315.60981809905,208.92416376427173
5541.469143336736,5437.787806544977,103.68133679175935
4839.701666510256,5527.578697691078,-687.8770311808221
5490.940009011052,5026.707044548639,464.2329644624133
5490.048691246647,5214.875301125908,275.173390120739
5502.265291178902,5219.308101035308,282.95719014359383
5493.86079825559,4562.520989381195,931.3398088743952
4449.032973181206,5415.491444349143,-966.4584711679372
5525.606437865221,5220.349126894435,305.2573109707855
5513.879416146039,5544.387110484604,-30.50769433856476
5521.4665393064515,4918.008512767912,603.4580265385393
5514.408638422063,5507.032109784414,7.3765286376483346
5512.026223316552,4556.842065464164,955.1841578523881
5525.8237177375095,5238.639910086431,287.1838076510785
5507.207127682695,5546.390278169513,-39.183150486818704
5509.520248635316,4433.679292434993,1075.8409562003235
5522.258907097701,5177.663849267701,344.59505782999986
5508.778275634742,5470.05922446252,38.71905117222195
5504.106752822084,5490.24085535307,13.865897469013362
5518.472445630689,5537.329272962249,-18.856827331559543
5497.959673335397,4527.590837991306,970.3688353440912
4456.477030759592,5207.987577759844,-751.5105470002518
5515.2039287730795,5590.1389041680095,-74.93497539493
5521.961263170342,5525.227817149333,-3.266553978990487
5500.162537914444,5427.383839341378,72.77869857306632
5532.496526111926,4749.067898872157,783.4286272397694
5504.0219026116465,5187.581692047293,316.44021056435395
5511.181312712897,5462.557581584902,48.62373112799469
5519.595838758836,5520.672802930103,-1.076964171266809
5514.865507216853,4569.009253771294,945.8562534455587
5511.427796566371,5093.95975070513,417.4680458612411
5513.892035315672,5319.947448134191,193.94458718148053
5503.362533766877,5557.071403414239,-53.70886964736201
5507.237811933139,4542.999149291728,964.2386626414109
5505.602571996898,5353.684294507591,151.918277489307
4438.057224112259,5306.59325416748,-868.5360300552211
5502.785490332424,5549.447994624858,-46.66250429243428
5488.726828363511,4593.0216100309535,895.7052183325577
5483.768047282908,5320.28919465724,163.47885262566797
5508.6018461717,4752.913295370166,755.6885508015339
5500.5804240843145,5413.13811085684,87.44231322747419
5490.729969460779,5529.98481847904,-39.25484901826076
5509.760775158007,5531.718609220292,-21.957834062284746
5493.688115684633,5090.658628516439,403.02948716819355
4754.0664507582405,5202.128875933223,-448.0624251749823
5193.615139505415,4871.098770627168,322.5163688782468
5192.699505797273,5308.304682754447,-115.60517695717408
5216.715678635726,4597.286652765048,619.4290258706787
5208.3342240691045,5510.51256004963,-302.17833598052584
5190.02115214083,5188.075985410954,1.9451667298762914
5199.74418266383,5552.373970709792,-352.6297880459624
5217.638645022062,5547.872526253007,-330.23388123094537
5249.379204110259,5193.381520981935,55.99768312832384
5245.593184495057,4870.947978597205,374.64520589785207
5241.5097164159015,5209.331230082708,32.17848633319318
5241.193678254813,5520.129824669337,-278.93614641452405
5248.41798011503,4539.7323155319955,708.6856645830348
5254.78993204833,5560.0855426665985,-305.29561061826826
5244.58078643127,5200.992783053204,43.58800337806588
5248.585785108113,5539.277331527522,-290.69154641940895
5267.2972462196485,5561.943730791559,-294.64648457191015
5250.296796259545,5315.8372379996845,-65.54044174013961
5234.0419581117585,5174.974505990032,59.06745212172609
5508.867378473157,4910.817301226612,598.0500772465457
5507.677466464596,4562.9144165682355,944.7630498963608
5497.88742761583,4561.563859688035,936.323567927795
5496.788316956813,5557.289957207716,-60.50164025090271
5223.554081486084,5549.334347908875,-325.7802664227911
5223.144058700973,5569.33596244484,-346.19190374386744
5231.920712529176,5538.54542747087,-306.62471494169404
5226.404072290627,5553.292036724265,-326.88796443363844
5227.843802598089,4871.852946090509,355.99085650757934
5239.646044944766,5546.595741617349,-306.94969667258283
5227.36035146977,5539.014648542242,-311.6542970724722
5227.112019471154,5345.180767315319,-118.06874784416505
5518.23202994229,5198.320992691775,319.9110372505147
5523.296134016618,5326.563518126649,196.73261588996957
5558.92636125139,5222.2402177368995,336.68614351449014
5527.443161999312,4866.264082904724,661.1790790945879
5533.469043173446,5178.223579255812,355.24546391763397
5539.200577851799,5539.58063414103,-0.38005628923110635
4856.471992391417,5530.419991899964,-673.9479995085467
5491.735796701931,5201.775776329386,289.96002037254493
5487.503738775745,5466.310364726225,21.19337404951966
5485.652941360371,4417.98460924943,1067.6683321109413
5480.803801735689,5517.647523922706,-36.84372218701628
4447.80007650372,5551.754191147799,-1103.9541146440788
5515.298817236812,4728.991608002352,786.3072092344601
5508.153193422066,4874.034502333189,634.1186910888764
5508.8012932204965,5554.424017838835,-45.62272461833891
5512.2424512525195,5554.777555140423,-42.53510388790346
5525.8237177375095,5543.2148267411885,-17.39110900367905
5524.1447516001745,5538.256079118061,-14.11132751788682
5500.888454659952,5553.462879410354,-52.574424750401704
5513.023397819728,5531.042115742259,-18.018717922530413
5506.064765083094,5202.782906600936,303.281858482158
5503.607548600903,5556.39672240335,-52.789173802447294
5495.6059444373095,4880.138098241342,615.4678461959675
5522.74749498497,5513.652955990278,9.094538994691902
5504.948121008164,5200.400679662382,304.5474413457823
4437.943970642863,4849.16137718408,-411.2174065412173
5527.185498546821,5372.429542427404,154.75595611941662
5499.419786887914,5149.614989673614,349.80479721429947
5503.992417874659,5457.991834910978,46.000582963681154
5479.470058277391,5177.341979046994,302.1280792303969
5512.931020819455,5344.236080669278,168.694940150177
5527.6736912745455,5534.790028077338,-7.11633680279283
5500.586409799738,5501.096337641358,-0.5099278416200832
5509.417701337407,5521.872441513962,-12.454740176554878
5526.810742246463,5525.279367738744,1.531374507718283
5513.6445129109225,5543.513604304897,-29.869091393974486
5509.193118515287,5213.727286427108,295.465832088179
5510.066641213679,5387.7093781127705,122.35726310090831
5532.464284377747,5571.692003743228,-39.22771936548088
4443.518693426138,5520.7477397351195,-1077.2290463089812
5490.091381998112,5560.660633228261,-70.56925123014844
5498.852701044524,4567.745538168164,931.1071628763602
5488.475924294206,5555.112352334692,-66.63642804048595
5493.494601854367,4550.239390438048,943.2552114163191
5511.720407439743,5508.432150273708,3.288257166034782
5489.447095675162,4553.031316851367,936.4157788237953
5510.187875783576,5542.361873560874,-32.17399777729861
5504.220822795414,5055.204583682794,449.0162391126205
4759.422929187322,5440.330769549616,-680.9078403622943
5190.1339371055155,4536.985334440818,653.1486026646971
5206.391679302076,5019.397571933897,186.99410736817936
5186.366206988593,5190.6627471413685,-4.296540152775378
5192.075274570915,4865.837058896999,326.2382156739159
5185.419054092186,5509.054624111099,-323.6355700189124
5219.3049633244955,5489.9892142906165,-270.684250966121
5206.429340536953,5209.8179819147235,-3.3886413777709095
5249.379204110259,5505.59565167849,-256.21644756823116
5265.188564525691,5561.856388223421,-296.66782369773046
5260.650814924775,5571.739129350561,-311.08831442578594
5260.942583037358,5573.624710098175,-312.68212706081613
5256.129589737909,4851.053325044723,405.0762646931853
5263.293036949838,5219.488021333073,43.80501561676465
5248.880079847637,5513.582926118743,-264.70284627110595
5254.242976865287,5199.9562511338345,54.28672573145286
5247.398872685136,4538.954478164582,708.4443945205539
5250.3225863079415,5242.795587340189,7.526998967752661
5261.577747628353,5218.162793455436,43.41495417291662
5499.583585874395,4564.707840706823,934.875745167572
5504.302341143245,5544.379081347567,-40.07674020432205
5499.364774134552,5565.415486580175,-66.0507124456226
5514.7176786441605,5194.8811834497055,319.836495194455
5235.525329947323,5034.49763502222,201.0276949251038
5227.542406098565,5016.230371938002,211.3120341605636
5222.272724798556,5555.855050364644,-333.582325566088
5222.172649686241,5318.140954956606,-95.96830527036491
5230.678783827867,5549.646624991547,-318.9678411636796
5219.890517524049,4556.77339885754,663.1171186665088
5230.5845051618835,4880.042718483798,350.5417866780854
5231.610227907574,5490.457196876231,-258.84696896865717
5538.262621226251,5200.215823054368,338.046798171883
5525.279112866975,5506.316824318614,18.962288548361357
5544.557256235386,5507.231186167762,37.32607006762464
5524.235712746558,5306.778112972516,217.45759977404214
5525.472226444101,4952.098684774282,573.3735416698182
5524.390358388118,5511.260225511662,13.130132876456628
4851.136553042854,5555.510972384546,-704.3744193416924
5484.81343223977,5492.931620508024,-8.118188268254016
5488.520242598225,5510.501146140092,-21.98090354186661
5485.079004664651,5011.857256829071,473.22174783557966
5488.914805587273,5431.20447655875,57.71032902852312
4444.2759703427955,5428.387254998893,-984.1112846560973
5501.709629991301,5577.129229334461,-75.41959934316037
5504.382427613415,5537.371884430482,-32.98945681706755
5510.511967264566,5542.672986552429,-32.16101928786338
5513.40463941264,5214.675294682503,298.7293447301372
5507.207127682695,5464.7599621144245,42.447165568270066
5500.888454659952,5502.554822776076,-1.6663681161244313
5515.394152584235,5519.402770391943,-4.008617807708106
5499.870752864254,4891.969939914767,607.9008129494878
5492.232780464595,5201.081872432591,291.1509080320038
5510.67517157247,5532.338552087792,-21.663380515321478
5514.622726466937,5558.808124922862,-44.18539845592477
5501.745386622133,4534.108703139706,967.6366834824266
5508.353855064546,5551.645660821344,-43.29180575679766
4450.757112671227,4556.606876311802,-105.84976364057457
5514.999313445602,5199.349683866102,315.64962957949956
5504.897467696299,5044.595279853926,460.3021878423733
5512.430054779844,5532.977718248121,-20.54766346827728
5531.176585195196,5574.563208679653,-43.38662348445723
5524.740650017866,5581.334106958989,-56.593456941122895
5518.2821644931955,5324.478495077025,193.80366941617012
5513.793175898998,5557.630988226085,-43.837812327086795
5516.4274790148465,5535.85033100787,-19.42285199302387
5530.997565998731,5548.297792428066,-17.300226429334543
5525.999265827056,5567.52158737989,-41.522321552834
5522.057722128534,5222.260893154495,299.7968289740393
5519.393056704994,4541.852858500116,977.5401982048779
5506.653477415888,5550.369902773952,-43.71642535806404
4434.2720277627695,4580.493603212393,-146.22157544962374
5468.647057876519,5515.2792901618795,-46.63223228536026
5472.20848790801,5491.273530603689,-19.06504269567904
5476.50686703111,4725.816979832513,750.6898871985968
5479.463952695322,5352.768614452148,126.69533824317477
5508.973571195069,5202.697503309601,306.27606788546746
5490.95585136898,5205.737199931191,285.21865143778905
5508.672820257261,5183.960388433075,324.71243182418584
5512.023834640779,5507.394813326371,4.62902131440751
4755.606894828622,5565.940481500008,-810.333586671386
5205.401239675291,5559.477529482233,-354.07628980694153
5200.846056508852,4568.230618985735,632.6154375231163
5185.044074867205,5528.05615479118,-343.01207992397485
5211.029945493107,5366.906344633283,-155.87639914017564
5205.801016752088,5599.386358300472,-393.58534154838435
5210.127752445501,5217.099004429487,-6.971251983985894
5196.368140396951,5498.307164929056,-301.93902453210467
5249.379204110259,5541.131175960902,-291.7519718506428
5252.412567431548,4572.0123734034605,680.4001940280878
5269.345620750803,5573.853398929125,-304.50777817832204
5239.542257381765,5517.825215193737,-278.28295781197176
5249.760060611059,5202.9263450108865,46.83371560017258
5246.839560732076,5201.783156093101,45.05640463897544
5252.943277266567,4901.69456546482,351.24871180174705
5255.494275370708,4557.314584113567,698.1796912571408
5248.158249308838,5029.287821422617,218.87042788622148
5251.376799239354,5529.793790085763,-278.41699084640913
5260.003771634639,5221.89664164616,38.107129988478846
5515.258919458868,5576.620809887163,-61.36189042829483
5502.0993678931345,5486.091547944439,16.007819948695214
5504.291117751676,5533.7399595041,-29.448841752423505
5501.694264537801,5466.386766378359,35.30749815944182
5223.337934526947,5553.3515444151835,-330.0136098882367
5239.401921433755,4555.282310709059,684.119610724696
5229.211897686684,5115.6135134198385,113.59838426684564
5230.839327854111,4564.672012450142,666.167315403969
5209.802784274747,5520.293107632341,-310.4903233575942
5227.36035146977,5523.903332560624,-296.5429810908545
5222.472511327397,5531.5814447502835,-309.10893342288637
5226.180013299686,5212.656902452998,13.523110846687814
5545.057285205437,4565.228741881252,979.8285433241854
5529.168975383491,5458.613808121625,70.55516726186579
5533.895027403517,5198.576360431357,335.3186669721599
5541.469143336736,4859.112722570136,682.3564207666004
5530.229347674129,5496.828430439322,33.40091723480691
5529.355470609174,5539.824090337944,-10.468619728770136
4853.713331078856,5552.946549276163,-699.233218197307
5487.041167291496,5564.670266039407,-77.62909874791058
5478.33660825395,4550.297164319488,928.0394439344618
5476.433331690604,5529.836020839271,-53.40268914866738
5456.580178309484,5167.22915028713,289.3510280223536
4429.053858537995,4524.957340399355,-95.90348186135998
5501.508394935027,5543.3176642521485,-41.80926931712111
5520.820883676136,5170.290155361037,350.5307283150987
5527.312796248251,5228.629703326155,298.68309292209597
5528.39644193532,5548.455430769101,-20.05898883378177
5509.520248635316,4541.752726553639,967.7675220816773
5513.023397819728,5431.586303185561,81.4370946341678
5499.870752864254,5017.807467482279,482.0632853819752
5509.349394789496,4700.599298665518,808.7500961239775
5519.611084188208,5563.81157040367,-44.20048621546175
5522.486275628779,4596.406032565582,926.0802430631975
5519.659848720995,5512.016455073079,7.6433936479161275
5505.49486640267,4417.257618029905,1088.237248372765
5499.025661880394,5518.331552173572,-19.30589029317798
4470.969933805316,5540.20953341965,-1069.239599614334
5498.007459757705,4683.832520285792,814.1749394719127
5517.913564832155,4904.614462254686,613.2991025774691
5518.768537133585,5539.514575170577,-20.746038036992104
5514.865507216853,5210.514325543668,304.35118167318524
5513.080679327058,4537.692638467986,975.3880408590712
5522.582766515661,5210.03021231953,312.5525541961315
5504.272274976991,5504.2337387774805,0.038536199510417646
5508.213832532451,5539.107579056128,-30.893746523676782
5509.911920701471,4847.095519577328,662.8164011241433
5524.922603911386,4603.740523886431,921.1820800249552
5519.728996528607,5561.105675241224,-41.37667871261692
5516.478549270547,5166.221958441705,350.2565908288416
5503.452925285008,5510.448686787336,-6.995761502327696
4448.109455273541,5222.935531570104,-774.8260762965629
5492.763901563324,5215.802276145803,276.96162541752074
5500.060351060647,5570.033531591711,-69.97318053106392
5478.0371112800085,4704.091925789808,773.9451854902009
5500.816451131516,4856.770277363912,644.0461737676042
5504.191531525046,5547.2977305649365,-43.10619903989027
5500.891274092745,5554.7039860712775,-53.81271197853221
5507.587392798578,5217.2613729978775,290.3260198007001
5474.812865124786,5482.881068482842,-8.068203358056053
4752.2664109596335,5539.893635380894,-787.6272244212605
5185.709986982241,5042.029810593496,143.68017638874517
5203.5766027444815,5164.917580105886,38.65902263859516
5208.898033429006,5228.3834025339465,-19.48536910494022
5205.161325821836,4708.974613293981,496.186712527855
5198.5300460041335,5213.2877348516795,-14.757688847545978
5200.7250816596525,5163.510127853225,37.21495380642773
5210.224449608381,5570.268476965612,-360.04402735723033
5249.379204110259,5495.622594545338,-246.24339043507916
5239.353746974813,5548.960941630254,-309.60719465544116
5237.243941949741,5554.6577758916455,-317.41383394190416
5254.565540022942,5476.834369504559,-222.2688294816171
5232.704137074129,5174.564525245417,58.13961182871208
5263.6965363393365,5330.785680299778,-67.0891439604411
5239.5174439145685,5459.502465274274,-219.98502135970557
5237.307113215049,5520.262659003054,-282.9555457880051
5258.270017724097,4544.299633806629,713.9703839174681
5251.131706493617,5509.018306136203,-257.8865996425866
5257.758621011587,4746.561922165728,511.1966988458589
5480.949455952811,4534.149060412631,946.80039554018
5516.529537744433,5565.678540886515,-49.14900314208262
5510.51526225572,5480.568021750985,29.94724050473451
5504.656900875717,4541.891371224369,962.7655296513476
5205.009322150076,5576.8211819536145,-371.81185980353894
5218.398300648241,4838.848446899205,379.54985374903663
5224.266442621864,5198.215451132958,26.05099148890622
5209.168998134047,5531.40059499422,-322.23159686017334
5223.403231456774,5510.285481448835,-286.8822499920607
5213.400916889677,5543.546813968719,-330.1458970790418
5228.677283117959,5326.3066772036145,-97.6293940856558
5226.3478063035145,5514.396085180899,-288.0482788773843
5538.550737656189,5213.775365662544,324.7753719936454
5529.640520499608,5237.772925629422,291.8675948701857
5543.5741954319965,4970.989472103326,572.5847233286704
5518.232576932985,5200.126184765938,318.1063921670466
5524.87476027385,5316.916049621702,207.9587106521485
5560.388082278549,5582.064806174725,-21.676723896176554
4859.213921274348,5504.420750703783,-645.206829429435
5494.140322817851,5519.468334464896,-25.32801164704506
5493.391854426582,5534.707742636689,-41.315888210107005
5487.679414616656,5514.642021331424,-26.9626067147683
5492.175895874109,5558.138152984706,-65.96225711059651
4431.806622300478,4529.657022421149,-97.85040012067111
5517.965534015377,5168.54348871452,349.42204530085655
5516.8622596916075,4490.527743284883,1026.334516406724
5509.3294449058785,5596.0227210124895,-86.69327610661094
5503.844656289596,4865.959771403647,637.8848848859488
5522.258907097701,5507.111036537613,15.14787056008845
5506.064765083094,4542.808705285709,963.2560597973852
5492.232780464595,5510.545752934473,-18.312972469878332
5519.611084188208,5327.871829752343,191.7392544358654
5520.959453605138,5563.961294738844,-43.001841133705966
5505.221353704167,5551.100906777221,-45.87955307305401
5510.247798460998,5464.359042722406,45.8887557385915
5519.605906962706,4879.362661056014,640.2432459066922
5509.077631099127,5548.811507268216,-39.733876169088944
4450.736959115991,5518.7085849743735,-1067.9716258583821
5510.9777515421965,5323.45725808251,187.5204934596868
5512.157405432338,5415.4429544204,96.71445101193785
5526.426591147942,5565.235913932039,-38.809322784096366
5526.29935295134,5530.2207349839855,-3.9213820326458517
5517.252822600351,5478.726830610132,38.525991990218245
5523.838784803725,5221.867078975661,301.97170582806393
5520.372122919202,4884.240401073976,636.1317218452268
5518.2006276232305,5562.051787428008,-43.851159804777126
5508.567798277755,5313.2969720339615,195.27082624379364
5501.107943652035,4897.51328928791,603.5946543641248
5535.2195826792795,5578.1499695347775,-42.930386855498
5516.937406661755,4592.033918352123,924.9034883096319
5511.111675137928,4569.7765400552225,941.3351350827052
4454.402050189925,5516.010227336442,-1061.608177146517
5492.8037935053435,5560.85177750334,-68.0479839979962
5498.048570953605,5486.348432471091,11.700138482514376
5487.122567363671,5543.18804878428,-56.0654814206091
5495.532394058471,5538.878581710319,-43.346187651847686
5508.431247293676,5509.574246057922,-1.142998764245931
5485.638570307714,5547.963935475019,-62.32536516730488
5505.421532864125,4961.639103077091,543.7824297870338
5503.140441825097,5420.555319457763,82.5851223673335
4745.350310671867,5538.565299229885,-793.2149885580175
5201.981703376832,4873.975137955,328.0065654218324
5224.233962227999,5342.336975184564,-118.10301295656518
5193.2967207144775,4590.587679345579,602.7090413688984
5203.221987569893,5209.743856437747,-6.521868867854209
5202.315419272759,5024.129865045594,178.18555422716508
5193.619243261768,4535.880632765951,657.7386104958168
5221.230606614689,5228.682570309791,-7.451963695101767
5249.379204110259,5559.819105085725,-310.4399009754661
5247.403063271357,5322.504428015703,-75.10136474434603
5267.0281799686945,5178.143967759842,88.88421220885266
5273.444966445886,5282.618224495531,-9.173258049644573
5238.416471674149,4573.571037571319,664.84543410283
5261.998169352943,5522.969366554141,-260.97119720119827
5249.572706604302,5524.463403429513,-274.8906968252113
5267.950892545181,5571.760347243563,-303.80945469838207
5262.619132257407,5491.560186923576,-228.9410546661693
5256.418937116884,4702.656329989316,553.7626071275681
5260.8710285657735,5541.149337879942,-280.27830931416884
5497.6539315772125,5527.220357156559,-29.566425579346287
5485.59051099958,5466.674007139192,18.91650386038782
5501.73141828935,5009.676476237264,492.0549420520856
5481.826989288678,5148.642627780602,333.1843615080761
5228.37619655663,5055.973625218708,172.40257133792238
5235.995495911782,5521.218170309618,-285.22267439783536
5216.818496025743,5201.612121183034,15.20637484270901
5208.572428661352,5311.271774226158,-102.69934556480621
5225.814355787024,5484.442742252894,-258.6283864658699
5227.112019471154,5321.783366820933,-94.67134734977935
5226.180013299686,5320.83187413823,-94.65186083854405
5217.895775306527,4951.18789777461,266.7078775319169
5521.004317226384,5248.538541961004,272.4657752653802
5530.98842926152,5046.624292945688,484.3641363158322
5533.040198699519,5314.888400326919,218.15179837260075
5539.29724807102,5521.454776166275,17.842471904744343
5525.792754270797,5185.00988662072,340.7828676500767
5528.6079788016505,5537.529236792806,-8.921257991155471
4842.764417359276,5500.047931324106,-657.2835139648296
5480.803801735689,5203.753378965967,277.050422769722
5484.266024043805,4725.318844964974,758.9471790788311
5488.956328403074,5533.003621847411,-44.0472934443369
5484.268791314147,4633.263505318122,851.0052859960251
4443.328628820048,5045.662898607077,-602.3342697870294
5520.853576628464,5054.922001273834,465.9315753546298
5516.799999665053,5439.640420979813,77.15957868524038
5518.8150262405725,5569.138782002539,-50.32375576196682
5523.348291801514,5330.018894019065,193.32939778244963
5508.778275634742,4593.410725340813,915.3675502939295
5503.607548600903,5207.02576994982,296.58177865108337
5510.67517157247,5541.638874019206,-30.963702446735624
5522.486275628779,5488.461627330029,34.024648298750435
5505.221353704167,4537.915605783839,967.305747920328
5496.604076613584,5192.417598983944,304.18647762963974
5508.443238273421,5318.884067704998,189.55917056842281
5523.741187561667,5554.951719919199,-31.21053235753152
5516.642646640927,5536.0652284772905,-19.42258183636386
4455.184251079785,4898.483748892933,-443.29949781314826
5520.244569850191,5536.624038894005,-16.379469043814424
5500.586409799738,5531.457493949073,-30.87108414933482
5510.651070940719,5549.90436434982,-39.25329340910048
5500.8625928811525,4583.676453293701,917.1861395874512
5521.871581097808,5208.293624783745,313.57795631406316
5520.429119473944,4548.781705430867,971.6474140430773
5513.30348963647,5533.254896260555,-19.951406624085394
5510.614242032643,4959.629139708307,550.9851023243364
5516.918501951451,5563.156495316455,-46.23799336500451
5507.036253630718,5531.347276260099,-24.311022629380204
5507.375014619647,5546.907701100185,-39.53268648053745
5519.881769126801,5367.348140525623,152.53362860117795
5510.571892940318,5014.400087277404,496.17180566291427
4444.309120586777,5542.578555886648,-1098.2694352998715
5500.816451131516,5547.81844004361,-47.00198891209402
5494.885031237271,5541.555843595493,-46.670812358222065
5473.257441828082,5211.964648720953,261.292793107129
5469.956240859901,5526.67214340172,-56.71590254181865
5505.154676000793,4546.895897236695,958.2587787640978
5490.761839669079,5419.206349565757,71.55549010332197
5502.142841227394,5429.196743623121,72.94609760427284
5517.493445100946,4558.350833735519,959.142611365427
4743.5666282389475,5532.6502499083945,-789.083621669447
5187.950380532798,5198.263430035907,-10.313049503109141
5197.6845738755965,5205.489487360712,-7.804913485115321
5209.209821341686,5560.012623573615,-350.8028022319295
5193.082611593051,5153.1581268589125,39.92448473413879
5186.9146519055,5192.7676642086535,-5.853012303153264
5213.938134118378,5223.360100785965,-9.421966667587185
5206.076525583079,5533.428655817757,-327.35213023467804
5249.379204110259,5242.545868538867,6.833335571392126
5254.27404777557,5596.707762146869,-342.4337143712992
5258.464943964072,4895.709190126145,362.75575383792693
5258.878825869549,5358.526231211755,-99.64740534220618
5260.485374382569,5521.129538454453,-260.644164071884
5264.253844304256,5108.728247934859,155.52559636939714
5257.007108985312,5512.025385968398,-255.01827698308625
5261.3924129495745,5362.293416289428,-100.90100333985356
5250.296796259545,5502.944327116743,-252.64753085719803
5242.637386656288,5536.6945561743605,-294.05716951807244
5237.58686072304,5311.702192437837,-74.11533171479641
5509.663758718353,4815.716446022641,693.9473126957118
5493.751074478479,5187.893290341744,305.85778413673415
5525.464280966378,5454.7741727786715,70.69010818770676
5503.4910144918,5207.443233479737,296.04778101206375
5239.264193165015,5505.350791068676,-266.08659790366073
5226.404072290627,5433.46000969115,-207.05593740052336
5208.766224021257,5480.446470958185,-271.6802469369286
5227.857555918138,5324.195824242214,-96.33826832407613
5219.175580010802,5526.195117948232,-307.01953793742996
5219.666034310014,5550.780955148997,-331.1149208389834
5238.136967195111,5575.795994957365,-337.6590277622545
5216.946375603196,5547.729530609362,-330.78315500616554
5557.021350312408,5523.857856424355,33.16349388805247
5533.469043173446,5198.9662527993005,334.50279037414566
5525.467041152764,5525.332512010411,0.13452914235313074
5536.974654282015,5534.750029718432,2.224624563582438
5518.903787228014,5547.887107364726,-28.983320136711882
5533.075812562459,5532.733962991496,0.34184957096294966
4862.020536104965,5207.525741898611,-345.5052057936464
5496.560503313174,4971.743618183389,524.8168851297851
5477.008373241781,5531.727848350943,-54.719475109161976
5484.374412799551,5514.256876301408,-29.882463501857274
5470.76656441515,4533.928288999416,936.8382754157346
4428.5353621989525,5495.470017790947,-1066.9346555919947
5517.944623774114,5559.760717535688,-41.81609376157394
5513.170250898455,5556.162997713969,-42.99274681551378
5511.149165064023,5174.203889082783,336.94527598124023
5504.524304404305,4586.201708461102,918.3225959432039
5504.106752822084,4551.200647804707,952.9061050173768
5495.6059444373095,5460.413663543896,35.192280893413226
5514.622726466937,5571.865712196266,-57.24298572932912
5519.659848720995,5483.380529384731,36.27931933626405
5510.247798460998,4585.748480397632,924.4993180633655
5508.443238273421,5515.9171640528575,-7.473925779436286
5511.724279576449,5542.3084314123225,-30.584151835873854
5499.975021143597,4529.567136768076,970.4078843755206
5500.442564087539,5553.549005043054,-53.10644095551561
4474.384635512688,5342.481007027344,-868.0963715146563
5524.530923557539,4600.743896204887,923.7870273526514
5501.86713902384,4548.382270040299,953.4848689835408
5510.102054423056,4542.827887358729,967.2741670643272
5507.237811933139,5203.571683532922,303.6661284002166
5496.342969976381,5496.15161161797,0.19135835841098014
5518.544633273326,5180.937515442625,337.6071178307011
5510.22632602354,4845.820311848266,664.4060141752743
5516.478549270547,5345.82838500983,170.65016426071725
5507.324440089591,5526.322797718005,-18.99835762841394
5508.539204166174,5160.456089967873,348.0831141983017
5512.932215392966,4541.443088250985,971.489127141981
5504.531988400144,5313.504701935373,191.02728646477044
5507.839606461992,4560.958886920244,946.8807195417476
4455.246383735458,4880.286802529143,-425.0404187936847
5481.823123086728,5503.158912502499,-21.335789415771615
5473.925945649243,5420.519086113124,53.406859536118645
5494.106131844294,5215.567323147001,278.53880869729346
5479.85390775351,5524.29577095035,-44.44186319684013
5483.520662588376,5003.029044713188,480.49161787518733
5494.5867862345785,5536.125340853425,-41.53855461884632
5511.960461192702,5560.599272607399,-48.63881141469756
5505.96473307273,5511.1142861827875,-5.149553110057241
4760.067220670103,5198.771843433258,-438.7046227631554
5198.41236997143,5354.891054872791,-156.4786849013608
5207.6222312158125,5103.5969667580475,104.02526445776493
5194.788990682345,4530.938482595602,663.8505080867426
5199.479658281315,5205.616263419714,-6.136605138399318
5205.292983243448,5434.824823810431,-229.53184056698228
5213.693350794116,5552.24255261625,-338.5492018221339
5207.282332269039,5431.787098385003,-224.50476611596423
5249.379204110259,5342.508682936656,-93.12947882639764
5259.095377363583,4908.883047029668,350.2123303339149
5260.266266951349,5485.548006012772,-225.28173906142274
5267.536025523602,5072.236352162572,195.29967336102982
5259.404338814758,5574.445514353769,-315.0411755390105
5237.372691260518,5183.63421112306,53.73848013745828
5246.201739253203,5040.509839588557,205.69189966464637
5260.1734478534945,4737.0248592860125,523.148588567482
5248.494798428986,5425.589364701718,-177.09456627273266
5246.977870939375,5544.403426074158,-297.4255551347833
5258.148876401014,5444.833322691646,-186.68444629063197
5485.295772004507,5458.073342176842,27.22242982766511
5487.9998677175845,4584.9675032758605,903.032364441724
5523.889360017113,5185.531859130334,338.35750088677923
5518.110965762459,5487.323748342059,30.78721742040034
5225.881193209449,5200.547622185269,25.333571024179946
5221.32667876507,4708.734580605579,512.5920981594909
5235.3777323304075,4580.662319596948,654.7154127334597
5229.194540321288,5212.274893952503,16.919646368784925
5214.221032746175,5559.275931003155,-345.05489825697987
5208.214510490535,4889.759301705018,318.45520878551724
5237.513415006394,5573.210083309683,-335.6966683032888
5212.143257365563,4896.408769537324,315.73448782823925
5526.2195048002495,5509.843915370437,16.375589429812862
5531.477544601829,4551.991513622099,979.4860309797305
5551.370572317945,5490.0595022038,61.31107011414497
5523.596874770126,5542.402114588637,-18.805239818510927
5549.580694946732,4743.178369044112,806.4023259026208
5543.339035673762,5488.309632496547,55.02940317721459
4865.043269160951,5542.239370111383,-677.1961009504321
5487.93462840329,4543.402570399629,944.5320580036605
5490.484776469358,5544.608418185141,-54.12364171578338
5468.346478147893,5452.979405910668,15.36707223722533
5476.121020256566,5553.4587790270125,-77.33775877044627
4449.292253463688,4545.1992484236725,-95.90699495998433
5505.852622630036,5526.332479183345,-20.47985655330831
5519.908517140304,5049.464639985668,470.44387715463563
5515.076005928384,5210.58404711305,304.4919588153343
5507.715757470135,5217.537300332585,290.17845713755014
5518.472445630689,4879.6392693127245,638.8331763179649
5522.74749498497,5563.714118545322,-40.96662356035176
5501.745386622133,5508.50378844409,-6.758401821956795
5505.49486640267,5535.446435498863,-29.951569096193452
5519.605906962706,4559.668133190684,959.9377737720224
5523.741187561667,5554.951719919198,-31.21053235753061
5499.975021143597,4690.612502704576,809.3625184390203
5522.180099140438,5513.413433299203,8.766665841235408
5514.6603999077415,5524.753511532166,-10.093111624424637
4463.312388061412,5316.659291491621,-853.3469034302088
5511.71780797437,5533.119079090353,-21.401271115983036
5503.3372831019215,5197.27816895774,306.0591141441819
5511.245056335068,5495.418853463578,15.82620287148984
5496.840086087872,5539.874283614997,-43.03419752712489
5510.257946856745,5215.308843111649,294.9491037450953
5518.766417016895,5062.849943152657,455.91647386423756
5502.012415042911,5318.807405926627,183.2050091162837
5514.290778682352,5567.531120664133,-53.24034198178106
5495.571916491517,5196.61097611237,298.96094037914736
5519.5232341783585,5572.351849419556,-52.82861524119744
5513.856732171751,5544.303043829453,-30.4463116577017
5520.924038651382,5350.169645748034,170.75439290334816
5512.654876441859,5517.32298887333,-4.668112431470945
4456.617497532265,5216.407913507976,-759.7904159757118
5491.936388393953,5538.212838440956,-46.27645004700298
5463.2961544076725,5078.360450622712,384.9357037849604
5476.5562032340895,5003.815677541484,472.74052569260584
5486.491836822769,5216.11176975051,270.3800670722594
5502.674013737034,5176.908905395668,325.7651083413666
5487.205181983014,5457.259795243286,29.945386739727837
5530.769059404415,4582.123085545105,948.6459738593103
5495.416841276415,5550.088819551868,-54.67197827545351
4762.872153683782,4899.971147731399,-137.09899404761654
5187.410112159026,5201.62230790266,-14.212195743634766
5199.187689565803,5314.981677645242,-115.79398807943835
5207.018379818384,5205.0595905757145,1.958789242669809
5214.198432587788,5510.489725067,-296.29129247921173
5188.483158015723,5461.942000503545,-273.45884248782204
5186.277387330903,4708.226801601738,478.0505857291655
5199.412310172266,5481.832393299736,-282.4200831274702
5249.379204110259,5211.311645649257,38.06755846100168
5251.962267555454,5108.58856128422,143.37370627123346
5257.99224986972,4851.521939486982,406.4703103827378
5233.559595890419,5155.427139177608,78.13245671281038
5252.717069337763,5197.380260261882,55.33680907588132
5249.1826022650175,5530.325585390866,-281.14298312584833
5251.447894222716,5206.088777553032,45.35911666968423
5247.883100204293,5468.888274681421,-221.00517447712718
5248.020803623866,5490.4505764913465,-242.4297728674801
5243.218095545183,4721.286110704671,521.9319848405121
5235.174384206285,4887.5573591271905,347.6170250790947
5504.45043403187,5532.714936736493,-28.264502704622828
5517.770462003066,5434.872983551615,82.8974784514512
5502.099021515354,5512.3435877254715,-10.244566210117227
5496.171742005916,5424.396723620877,71.77501838503849
5214.053194333983,5459.119611125764,-245.0664167917812
5222.241338588056,5537.766064768584,-315.524726180528
5231.479723184309,4545.592112952894,685.8876102314143
5213.596371144769,5544.912696992524,-331.31632584775434
5241.915235336566,5064.955405161796,176.9598301747701
5198.580188321692,5293.35839981695,-94.77821149525789
5228.8287427167315,5556.508605013641,-327.67986229690905
5221.093487068189,5538.935064444236,-317.8415773760471
5534.44007124112,4566.453344054659,967.9867271864605
5530.934595132363,4562.421516854,968.5130782783626
5510.374753068665,4871.94774133208,638.427011736585
5521.021559080309,5545.791838952163,-24.770279871853745
5538.694421234603,5343.1031351577785,195.59128607682487
5545.667010494977,5369.364081362187,176.30292913279027
4853.932306568082,5553.349409216284,-699.4171026482018
5492.316015952682,4853.439987583917,638.8760283687652
5478.754230695283,5197.4258628240605,281.3283678712223
5476.66098780547,5407.840715171776,68.820272633694
5491.6417281511385,5546.4907538964335,-54.849025745294966
4426.7164778869055,5201.3655939344235,-774.649116047518
5505.453263422506,5314.174828430308,191.27843499219853
5513.412231117688,5552.854094472888,-39.44186335520044
5491.467662876339,4525.890340950709,965.5773219256298
5514.504351806952,5568.225267034236,-53.72091522728351
5497.959673335397,5519.34699013116,-21.387316795762672
5504.948121008164,5459.733988323217,45.21413268494689
5508.353855064546,5200.226031668104,308.1278233964422
5499.025661880394,5424.833995879774,74.19166600061999
5509.077631099127,5318.294835641115,190.7827954580116
5516.642646640927,5546.71300170074,-30.070355059813664
5500.442564087539,4533.837984849804,966.6045792377345
5514.6603999077415,5548.308970144066,-33.6485702363243
5509.489509400912,5158.186585073757,351.30292432715487
4464.273819294798,5524.907124226802,-1060.6333049320037
5505.379949658247,5203.446764113085,301.9331855451619
5511.69181130197,5564.623316708385,-52.931505406414544
5540.514392754965,5582.465962913002,-41.9515701580367
5507.790414445368,5315.834271447625,191.95614299774297
5521.517209781405,5518.626647583958,2.890562197446343
5509.307621283282,5193.95238218082,315.3552391024623
5513.57309349361,4541.943797682889,971.6292958107206
5507.335430498057,5468.4974261915895,38.838004306467155
5503.893711799092,5310.051905469141,193.8418063299505
5521.140829348403,5543.106844690031,-21.966015341628008
5497.493269442435,5517.375956892434,-19.88268744999914
5495.467392426305,5503.566737232364,-8.09934480605898
5513.216779473053,5428.596704936997,84.62007453605565
4450.969188378232,4546.634559720041,-95.66537134180908
5489.490491858205,5326.724870892037,162.76562096616817
5476.90545930205,5551.445866251203,-74.5404069491533
5484.054371669623,5530.694383669874,-46.64001200025086
5490.766989657105,5547.615836100638,-56.84884644353315
5495.502644385146,5559.0612587533815,-63.558614368235794
5487.393624765163,5540.410336861584,-53.01671209642154
5497.106454503852,5540.287876451303,-43.18142194745178
5494.537170967323,5557.58479419833,-63.04762323100749
4765.851101328594,5441.864751402069,-676.0136500734743
5220.414586586176,4559.827560011537,660.5870265746389
5194.374062220855,5465.716323105435,-271.34226088457945
5201.83214581956,5429.828036571435,-227.99589075187578
5202.09480584232,5500.542235395669,-298.44742955334914
5202.954159286009,5357.679947614933,-154.72578832892395
5205.274652451154,5320.682613485505,-115.40796103435059
5217.9634130376535,5028.148089995985,189.8153230416683
5249.379204110259,4727.200255315386,522.1789487948727
5238.636384718067,5305.881614408681,-67.245229690614
5254.3153635671115,5563.392574009296,-309.0772104421849
5253.349043091631,5543.056229300017,-289.7071862083858
5223.059162919694,5514.886101332274,-291.8269384125797
5244.58078643127,5036.43504461485,208.14574181642
5252.647092377384,5567.442580055245,-314.7954876778613
5248.158249308838,5527.664864193287,-279.50661488444894
5254.218084298072,5559.027661645139,-304.8095773470668
5246.091796523928,5200.5377242929235,45.554072231004284
5261.756005918129,5115.451465849921,146.30454006820764
5485.59051099958,5412.046042966923,73.54446803265728
5504.273325845588,4578.614316930383,925.659008915205
5504.872695623124,5497.491436495844,7.381259127279918
5523.049008985681,4433.786050205377,1089.262958780304
5226.404072290627,5546.647926111959,-320.2438538213328
5213.33100517456,5525.79583683023,-312.4648316556695
5213.911815203017,5467.568979197133,-253.65716399411576
5222.660876532538,5508.909146003868,-286.2482694713299
5214.260389824773,5309.336581680838,-95.07619185606563
5209.326602425761,5550.637653569338,-341.31105114357706
5222.799046515619,4571.055928539965,651.7431179756541
5217.124916555551,5209.179112206593,7.9458043489576085
5531.477544601829,4870.575031122187,660.902513479642
5538.039689358206,5559.497092107085,-21.45740274887976
5537.7704419728925,5328.721119432433,209.0493225404598
5548.299936449864,5235.668553802123,312.6313826477408
5529.09921140388,5527.594350303651,1.504861100229391
5522.467976961567,4543.0602171715655,979.4077597900014
4857.109691958155,4571.110682290374,285.99900966778114
5484.374412799551,5341.545485579046,142.82892722050474
5497.686256906132,5018.962467091032,478.72378981510064
5495.963847875241,5214.38915829235,281.57468958289155
5493.021219042537,5218.770301004485,274.2509180380521
4440.077203539263,5530.69494592283,-1090.617742383567
5513.023397819728,5533.2388091993835,-20.215411379655052
5505.950109066605,5538.445581286672,-32.495472220066404
5507.542145447954,4887.3572829918685,620.1848624560853
5517.497258749022,5222.761112691476,294.73614605754574
5503.189099500691,5551.379528171189,-48.19042867049848
5494.6987367796255,5481.242454946159,13.456281833466164
5501.152987633903,5512.281855629931,-11.12886799602802
5519.239380705674,5473.995689221371,45.24369148430287
5500.570616279401,5521.754520596589,-21.183904317187626
5500.506747295953,5486.748013697869,13.758733598083381
5527.6736912745455,5567.944547542967,-40.270856268421085
5511.3028130997745,5476.6823653449,34.620447754874476
5525.730944032592,5185.7111096866,340.0198343459915
4452.827687919199,5519.726282225616,-1066.8985943064172
5508.213832532451,4545.491750999286,962.7220815331657
5510.066641213679,4540.345063459109,969.7215777545698
5488.422087482709,5395.373019837455,93.04906764525367
5515.113995635946,5030.1393993780075,484.9745962579382
5507.559962147092,5008.252096489072,499.3078656580201
5521.954874135238,5573.949469646609,-51.99459551137079
5519.881769126801,5229.82422481644,290.05754431036166
5526.4475183330815,4565.954202506918,960.4933158261638
5500.488508601358,5520.034791410223,-19.546282808864817
5520.928483255217,5228.974733191971,291.95375006324593
5497.920090478526,5535.340685838257,-37.420595359731124
5500.313112921677,4876.892773161762,623.4203397599149
5520.5088952198685,5507.406153277129,13.102741942739158
4449.131802168823,5545.974499369553,-1096.84269720073
5471.937945851484,4535.223889986119,936.7140558653655
5487.332670678091,5541.967799568572,-54.63512889048161
5488.7036021508475,5322.0053845619805,166.698217588867
5471.944745362877,5486.042635445679,-14.097890082801314
5494.2025911952305,5465.871159489054,28.331431706176772
5501.067785339136,4558.378760116646,942.6890252224903
5484.986531474505,5515.756604812477,-30.770073337972462
5491.604304087263,5498.93196651429,-7.327662427027462
4748.851431317501,5496.9863027655765,-748.1348714480755
5204.627565847132,4713.405644994275,491.2219208528577
5192.278371190995,5202.296764525459,-10.018393334464236
5195.700763954604,5155.808424227958,39.89233972664533
5200.294287136584,5321.838397315408,-121.54411017882376
5199.784847141801,5320.0311471708665,-120.24630002906542
5201.859289364251,5497.583427788087,-295.72413842383594
5203.007965570169,4540.481241538364,662.5267240318053
5249.379204110259,5323.737947915922,-74.35874380566293
5248.457207312156,5351.427293244119,-102.97008593196279
5240.347293145543,5194.938975104038,45.40831804150457
5250.1416053016965,4544.751308787391,705.3902965143052
5244.191208150575,4716.734800860635,527.4564072899402
5252.429886866978,4596.592355902576,655.8375309644025
5255.494275370708,4545.425193802308,710.0690815684002
5255.22760785679,5556.726318241045,-301.498710384255
5255.687917417085,5542.3736907668945,-286.6857733498091
5264.877240410596,5490.7248494422165,-225.84760903162078
5259.694153795909,5490.505669981964,-230.8115161860551
5499.894883827642,5533.482549659716,-33.58766583207398
5501.694264537801,5505.695527074288,-4.001262536487047
5519.523788092957,5547.384207610005,-27.860419517048285
5504.277360476163,5557.615992621861,-53.338632145697375
5226.282531713078,5185.114326363677,41.16820534940143
5215.321893695643,5166.707588595615,48.614305100028105
5222.748586404893,5540.37025895271,-317.62167254781707
5222.472511327397,5211.204373519738,11.268137807659514
5224.846635240186,4562.606415752295,662.2402194878905
5207.087690652527,5502.02156552501,-294.9338748724831
5224.901403612148,5058.34700562058,166.5543979915683
5224.088201497106,5545.3745228031485,-321.28632130604274
5527.870550755737,5548.718765365007,-20.848214609270144
5529.355470609174,5541.665823266209,-12.310352657035764
5540.854833318273,5551.36741545585,-10.512582137576828
5526.899132177639,4550.672789084013,976.2263430936264
5529.362214787113,5547.21044756332,-17.848232776206714
5548.005703433006,4550.662443182286,997.34326025072
4863.862611759247,5540.818485032743,-676.9558732734968
5477.729614312508,5051.100188868087,426.62942544442103
5479.69029065901,5546.542691649257,-66.85240099024668
5475.78012718241,5309.039165361906,166.7409618205038
5501.963000059199,5490.080250864975,11.882749194223834
4457.523294058693,5564.820960773061,-1107.2976667143685
5514.910925283212,5474.550501466623,40.36042381658899
5509.349394789496,5257.950324671175,251.3990701183211
5520.028299186826,5513.4431839639465,6.585115222879722
5510.22922030851,5047.8592349239125,462.3699853845974
5515.203928773079,4560.726124778973,954.4778039941057
5527.185498546823,5559.499990259514,-32.31449171269105
5514.999313445601,5243.336682654223,271.6626307913775
5498.007459757705,4856.44727996713,641.5601797905747
5510.977751542197,5563.584588860102,-52.60683731790414
5520.244569850191,5215.818440901789,304.42612894840204
5524.530923557538,5027.9259986425295,496.60492491500827
5511.71780797437,5174.05428240945,337.66352556491984
5505.379949658247,5190.339622157845,315.0403275004019
4462.052882778385,5470.962175415115,-1008.9092926367302
5509.619736329858,5539.75810553522,-30.138369205362324
5509.5429842841695,5459.628366307693,49.91461797647662
5508.147797310818,4726.992753640231,781.1550436705866
5530.661580372534,5224.596992833049,306.06458753948573
5518.399235876981,5218.326153897884,300.07308197909697
5519.151068835758,5480.011280848136,39.139787987622185
5502.234122232584,4407.898825858186,1094.3352963743982
5522.655851907622,5062.102439734342,460.55341217327987
5515.1358706101,5344.472162490638,170.66370811946217
5501.299354546787,5461.603865061675,39.695489485112375
5521.422496553278,5542.7062431843415,-21.283746631063877
5485.549027992598,5517.699997251528,-32.15096925892976
5501.166150610025,5202.583070241187,298.58308036883864
4441.398894714782,5522.1441839762165,-1080.7452892614347
5473.4128743085275,4855.872983934708,617.5398903738196
5470.430999578758,5534.541290457451,-64.11029087869338
5487.551579798243,4553.139508544838,934.4120712534059
5484.129429564242,5354.565452437705,129.56397712653688
5517.660158636006,5549.664245269577,-32.004086633571205
5511.93516736201,4576.219653321374,935.7155140406367
5493.586782501538,4527.392998344734,966.1937841568042
5491.246970755708,5545.203184882658,-53.95621412694982
4749.0127584217225,5315.15793447592,-566.1451760541977
5208.570673969301,5497.925431568725,-289.35475759942346
5208.457530220417,5227.882383748553,-19.424853528136737
5191.052990412568,4545.081772893179,645.971217519389
5186.459677540948,5009.787888999552,176.67178854139638
5209.563908657162,5519.482343419827,-309.91843476266513
5217.3117424608345,5222.6978419740335,-5.386099513199042
5202.782551891132,5511.635127724154,-308.85257583302155
5249.379204110259,5504.470514263951,-255.09131015369258
5245.744631211329,5111.857992604947,133.8866386063819
5259.715292590694,5561.721994119499,-302.006701528805
5251.027781913868,5094.881722683187,156.1460592306812
5254.78993204833,5592.308935127477,-337.5190030791464
5255.239465595586,5554.673056133886,-299.43359053830045
5256.049122910136,5561.591914798802,-305.5427918886653
5248.17432390728,5436.634818885355,-188.46049497807508
5234.0419581117585,5143.213431011345,90.82852710041334
5237.58686072304,4856.912328170703,380.67453255233704
5238.418668484056,5521.78721157974,-283.3685430956839
5534.3518598287765,5254.987821128433,279.3640387003434
5499.988660851261,4176.072558803104,1323.916102048157
5526.08162263779,4556.792408298826,969.2892143389645
5491.508420122443,5521.792136860809,-30.28371673836591
5212.218299800686,4533.54594097523,678.6723588254554
5239.646044944766,5545.248290325312,-305.60224538054626
5210.9504192417335,5329.998686603857,-119.04826736212362
5219.666034310014,5538.991433877193,-319.3253995671794
5224.181127024367,5535.830356142644,-311.6492291182767
5248.053631542259,5203.3223339360975,44.731297606161206
5224.561450960718,5505.192334933215,-280.63088397249703
5218.772124713595,5160.584168503562,58.18795621003301
5551.370572317945,5147.218260733083,404.1523115848613
5537.7704419728925,5501.344711858072,36.42573011482091
5530.520546197356,5469.312329319616,61.2082168777406
5531.4701600867065,5258.186296942102,273.28386314460477
5542.595148584137,5222.28026569661,320.31488288752735
5537.554681885259,5501.333924498773,36.220757386486184
4845.285630043021,5531.323322379756,-686.0376923367348
5483.700747320105,4537.59978553133,946.1009617887748
5486.734341801926,5435.630107696261,51.104234105665455
5500.365970977658,4862.752929372555,637.6130416051037
5467.759684382161,5504.177880140867,-36.41819575870613
4435.087473170897,4838.472292523751,-403.3848193528538
5510.328250423476,5198.5046817516195,311.82356867185626
5495.6059444373095,5538.525043657493,-42.91909922018385
5505.4984232822735,5490.557670853766,14.940752428507949
5507.45122159061,5217.191129786429,290.2600918041808
5521.961263170343,5552.920746071246,-30.959482900902913
5499.419786887913,5541.831339635079,-42.41155274716584
5504.897467696297,5202.618966575214,302.27850112108354
5517.913564832155,5209.322632667793,308.59093216436213
5512.157405432338,5518.8306266168365,-6.6732211844982885
5500.586409799737,5308.578988207992,192.0074215917457
5501.86713902384,5306.545688953674,195.32145007016607
5503.3372831019215,5349.10899962437,154.22828347755149
5511.691811301971,5056.006315480961,455.6854958210097
4455.727956086767,5507.063561367747,-1051.3356052809795
5509.5429842841695,5201.788510390886,307.75447389328383
5516.022161858062,5486.2324463351015,29.78971552296025
5520.58163997025,4711.355824012015,809.2258159582352
5514.863091566641,5016.459051431815,498.40404013482566
5512.91350053426,4540.582292768765,972.3312077654946
5504.531988400144,5543.881800854591,-39.3498124544476
5512.967918428344,5212.717558609312,300.2503598190324
5514.956985663226,5203.716530609187,311.24045505403865
5498.354212054927,5198.945655279816,299.4085567751117
5499.646856227876,5552.505887930719,-52.85903170284291
5520.037019487311,5563.255990564612,-43.21897107730092
5501.4805711848885,4863.873451122031,637.6071200628576
5516.435215220821,5476.768328224832,39.666886995989444
4457.271172738006,5547.373393589255,-1090.1022208512495
5490.313728668107,4557.6299093662365,932.6838193018702
5500.482386618742,5067.142311440892,433.34007517784994
5479.63107732863,5536.918296050874,-57.28721872224378
5476.162900116783,4944.086137318075,532.0767627987079
5512.223753620508,4557.744668428304,954.4790851922044
5505.079352564366,5533.352139728327,-28.272787163960857
5514.885248479813,5225.738702370247,289.14654610956586
5508.39600442527,4589.442607526909,918.9533968983606
4770.194830401813,5353.680318554259,-583.4854881524461
5200.294287136584,4591.866539451551,608.427747685033
5199.175064928968,5239.021336555366,-39.84627162639845
5193.604280739092,5550.1842524711465,-356.5799717320542
5205.492638650479,5516.619219769648,-311.1265811191688
5211.371784430989,5171.817630965715,39.554153465273885
5203.061262185512,5197.5471799766465,5.5140822088651475
5217.226313329903,5559.750301601261,-342.52398827135767
5249.379204110259,5549.480349013713,-300.10114490345404
5250.0378702924245,5516.461674833696,-266.42380454127124
5236.689789242529,4794.262032432127,442.42775681040166
5258.38568242383,5572.671214470283,-314.2855320464532
5250.191143417212,5514.778723577626,-264.5875801604143
5270.544090016098,5603.6350003358175,-333.0909103197191
5250.226289536613,5010.959656326643,239.26663320996977
5243.680813600317,5307.827929236145,-64.1471156358275
5254.8831791925895,5503.272764984277,-248.38958579168775
5261.324560252582,4742.557004376754,518.7675558758283
5241.191259791097,5003.875072660025,237.31618713107218
5505.105797951113,5488.88606202809,16.21973592302311
5488.456803228727,4717.956111593499,770.5006916352277
5510.091581694515,5562.867025590068,-52.7754438955526
5509.888908177504,4962.645071676485,547.2438365010194
5208.766224021257,5500.455666375107,-291.6894423538506
5213.911815203017,5538.647456875369,-324.73564167235236
5216.475513116843,5213.972475885948,2.5030372308947335
5227.1393128776135,4569.473902892125,657.6654099854886
5226.922844650982,4559.237618809623,667.6852258413592
5218.980755340641,4703.016875888492,515.9638794521488
5235.759929657819,5189.222488017962,46.53744163985721
5231.117377694526,5171.835543983944,59.28183371058185
5532.942558301444,4531.298570201868,1001.6439880995758
5560.717381885246,5562.97512232138,-2.257740436133645
5528.0780827089175,5424.122443667082,103.95563904183564
5529.849177446692,5162.530539959648,367.3186374870438
5537.7835106818375,5526.9000716712535,10.88343901058397
5518.2459415232215,5526.47490014988,-8.228958626658823
4852.804382107164,5048.342190259401,-195.53780815223672
5467.197806214947,5534.6848916891995,-67.48708547425213
5470.120860098144,5486.675528398772,-16.55466830062869
5474.9747103446225,4947.371077737747,527.6036326068752
5489.739327683906,5208.835740835584,280.90358684832154
4433.1535787884595,5555.765975147419,-1122.6123963589598
5499.942256670766,5002.688170751285,497.25408591948144
5515.563776046867,5516.054005728744,-0.4902296818772811
5503.970935893221,5535.239677654077,-31.268741760855846
5515.412727760725,5441.334859987692,74.07786777303318
5500.162537914443,5519.3646142855205,-19.202076371077055
5503.992417874661,5534.244122788669,-30.25170491400786
5512.430054779844,5555.907256705546,-43.4772019257025
5518.768537133585,5509.289984650935,9.47855248264932
5526.426591147943,5568.352084884571,-41.925493736627686
5510.651070940719,4171.3804401439165,1339.2706307968028
5510.102054423057,5540.3540923204255,-30.25203789736861
5511.245056335069,5532.077078522569,-20.832022187499206
5540.514392754965,5593.786908766999,-53.27251601203352
4447.750993529318,5295.777815280534,-848.0268217512157
5508.147797310818,5461.919400434336,46.22839687648138
5520.58163997025,5533.811262053028,-13.229622082778405
5501.335551362862,5521.548609543164,-20.21305818030214
5501.466132328588,5517.2461860026915,-15.780053674103328
5513.611442629039,5217.614900664665,295.99654196437405
5522.246124394545,5448.162372353065,74.0837520414807
5513.7396754648325,5525.586867883349,-11.847192418516897
5511.6274369605535,5020.490720291073,491.13671666948085
5500.267588561429,5002.711161881098,497.55642668033124
5505.952132822743,5549.369687502492,-43.41755467974872
5533.6256964094255,5241.459084742272,292.1666116671531
5505.322949102387,5093.224189017745,412.098760084642
5514.619260206262,5179.374852274911,335.2444079313509
4449.757727632736,5207.403347049448,-757.6456194167122
5490.658252886844,4963.172650735311,527.4856021515325
5485.416780934512,5568.161180630068,-82.74439969555624
5485.424796653126,5553.272105037073,-67.84730838394717
5492.258865433715,4735.530310167136,756.728555266579
5508.456252651493,5516.313654199938,-7.857401548445523
5500.817608111747,5528.580048790939,-27.76244067919197
5496.338370362747,4844.775095960119,651.5632744026279
5508.890414581048,5481.6961659383405,27.194248642707862
4740.416053397676,5517.352571792729,-776.9365183950531
5183.585506426607,5302.988451979716,-119.40294555310902
5194.3026620685605,5495.1566741540755,-300.854012085515
5210.080746995793,4711.678621873318,498.4021251224749
5211.142443327139,5480.028793931481,-268.8863506043426
5201.7345035636545,5524.428963271446,-322.6944597077918
5211.2766732514365,5551.128341678537,-339.8516684271008
5205.890803238816,5547.161868240412,-341.27106500159607
5249.379204110259,5539.289443032634,-289.91023892237536
5249.661774953676,5550.818257814966,-301.15648286129
5243.374855735419,5190.09947210796,53.27538362745963
5264.962522150883,5208.568106598175,56.39441555270787
5255.584620094071,5438.808686599574,-183.22406650550238
5245.271758448726,4626.030100757513,619.2416576912137
5236.227743931636,5456.763698227284,-220.53595429564848
5255.32824714868,4588.856819306537,666.4714278421434
5259.698777041592,5561.514102371123,-301.81532532953133
5252.825905685521,5465.05211586233,-212.2262101768083
5250.232222733108,5539.106316158721,-288.87409342561295
5501.73141828935,5211.879844115022,289.85157417432765
5504.872695623124,5204.7287233260995,300.14397229702445
5488.708121826646,5464.858899277702,23.849222548943544
5496.895014795038,5559.919343390541,-63.02432859550299
5234.573721308906,5556.583941808742,-322.01022049983567
5232.042435888523,5441.615826031346,-209.57339014282297
5234.231435980974,5538.381009116294,-304.14957313531977
5224.541722150001,5570.563332793614,-346.0216106436128
5228.396219621045,5503.529579648473,-275.13336002742835
5217.16921530246,5214.136830145801,3.0323851566590747
5229.076536485234,5572.691844188146,-343.6153077029121
5231.926223615829,5334.548742449507,-102.62251883367753
5523.596874770126,5530.51272427738,-6.91584950725337
5548.299936449864,5550.889815836192,-2.5898793863279934
5531.4701600867065,4846.800431001218,684.6697290854881
5532.208078379129,5427.204531420696,105.00354695843271
5536.135280794486,5052.934524995062,483.20075579942386
5531.564603640324,5048.527001519031,483.0376021212933
4846.876278622704,4577.576938328424,269.2993402942802
5502.0449371149925,5225.170137158557,276.8747999564357
5480.882502520429,5509.340942123293,-28.45843960286402
5482.577057663952,4898.26822437694,584.3088332870111
5484.9994950122245,5210.20679784962,274.7926971626048
4447.355735174653,5099.585760491679,-652.230025317026
5513.546836970116,5195.606335349614,317.9405016205019
5503.189099500691,5029.794525067929,473.39457443276206
5505.883090220328,5197.477860003704,308.40523021662375
5502.79615982282,4555.583221575927,947.2129382468929
5532.496526111926,4564.216810266701,968.2797158452249
5479.470058277391,5174.376674249553,305.0933840278385
5531.176585195198,5536.963093245247,-5.786508050049633
5514.865507216854,5567.698615989208,-52.833108772353626
5526.29935295134,5333.113195354664,193.1861575966759
5500.862592881151,4860.252059457371,640.61053342378
5507.237811933139,5412.079095078418,95.1587168547212
5496.840086087872,5149.262381928691,347.57770415918094
5507.790414445368,5462.44509501889,45.345319426477545
4463.934544268283,5548.540587921147,-1084.6060436528633
5530.661580372534,5114.026009822051,416.63557055048386
5514.863091566641,5440.090403454428,74.77268811221256
5501.466132328588,5199.123350434225,302.3427818943628
5498.003759876532,5541.747458756231,-43.74369887969897
5510.377173799738,5563.126598767798,-52.74942496806034
5501.5796743443025,5520.625805966542,-19.046131622239955
5499.644609100516,5307.567888816843,192.07672028367324
5505.179874576756,5467.644771363332,37.53510321342401
5498.47441533079,5531.199004730391,-32.72458939960052
5505.637452563441,5421.3633909880145,84.27406157542646
5507.757647450623,5206.5603542690105,301.1972931816126
5515.090769423281,4545.28313228122,969.8076371420611
5500.184428876953,5520.47989277544,-20.29546389848747
4454.626360610191,5546.554616648404,-1091.9282560382126
5490.421715570537,5230.911418973981,259.51029659655615
5483.622710729636,5157.877518523518,325.7451922061182
5468.359292149129,5196.82851074704,271.5307814020889
5487.425245605233,5013.399844897267,474.0254007079657
5494.043812624197,5466.318284059942,27.725528564255
5508.240580744337,5213.884766071093,294.3558146732448
5500.00123164443,4594.928477747242,905.0727538971878
5503.899324168803,5474.479588387092,29.419735781711097
4752.496831995827,5044.098519539091,-291.60168754326423
5203.007965570169,5498.514119207042,-295.506153636873
5213.079220245539,4582.461859563988,630.617360681551
5204.7965860568665,4959.855103567378,244.9414824894884
5217.226313329903,4430.830591714189,786.3957216157141
5206.380595428642,5211.71502314392,-5.334427715278252
5210.559468611268,5172.945312604586,37.6141560066817
5192.7061874487235,4896.213653666896,296.49253378182766
5249.379204110259,5526.550810556286,-277.171606446027
5261.086600482437,5549.448931321471,-288.36233083903426
5242.329873412922,5505.125825467594,-262.79595205467194
5256.279003746129,5435.165116292172,-178.88611254604257
5261.230295188453,4968.43106854534,292.7992266431129
5243.057890837447,5535.709800483588,-292.65190964614067
5243.728723297217,5184.835957563798,58.892765733418855
5242.66164921147,5525.702031515792,-283.0403823043225
5258.109597990517,4550.879381776119,707.2302162143978
5262.118231462727,5582.3140954509345,-320.19586398820775
5266.697887661111,5492.583362782233,-225.885475121122
5495.100976560904,5352.514304224016,142.5866723368881
5509.403886466264,4881.2290058471635,628.1748806191008
5504.707773590114,4703.195482422387,801.5122911677272
5525.747876499807,5555.264890402689,-29.517013902882354
5225.823418006801,5472.543433325276,-246.7200153184749
5223.830841271131,4557.860093716614,665.9707475545174
5229.253779616535,4597.316301739098,631.9374778774372
5232.35689887973,5482.316416758158,-249.95951787842841
5227.598038802628,5061.822335754524,165.77570304810433
5224.267896110714,5524.2054942772365,-299.93759816652255
5216.948685939925,4578.092132682107,638.8565532578177
5213.236186113239,5509.986121341976,-296.74993522873774
5546.87032185219,5329.760141480716,217.1101803714737
5539.499411148048,5226.33883996179,313.1605711862585
5520.363307015199,5311.013036311961,209.3502707032385
5539.889124537737,5548.201458110904,-8.312333573167052
5543.166841260416,4556.464813638667,986.702027621749
5517.815511461055,5467.766688029123,50.04882343193276
4855.709375067713,4871.247392237296,-15.538017169582417
5497.482382222427,5525.920444402844,-28.438062180416637
5469.5361656697705,5144.323265232133,325.2129004376375
5490.6569140291,5355.568560821965,135.0883532071357
5481.203897143899,4731.25476538347,749.9491317604288
4447.862900807137,5022.9706263879825,-575.1077255808459
5507.0458599851645,4539.299982326167,967.7458776589974
5507.466995073317,4707.609176193013,799.857818880304
5517.301006558299,5218.765635703283,298.5353708550165
5513.955865168544,5321.49129150761,192.46457366093364
5504.021902611646,5519.368407299258,-15.34650468761265
5512.931020819454,5497.938800713522,14.992220105931665
5524.740650017866,5224.767666234279,299.97298378358664
5513.0806793270585,5220.10880685087,292.97187247618876
5517.252822600351,5522.606446680648,-5.353624080297777
5521.871581097808,5495.4847643821695,26.386816715638815
5496.342969976381,4528.440504341743,967.9024656346382
5510.257946856745,5428.217935320723,82.04001153602167
5521.517209781407,5505.616813664309,15.900396117097443
4454.770097793574,4589.568829854369,-134.79873206079537
5518.399235876981,4600.657656622235,917.7415792547463
5512.91350053426,5543.863331612902,-30.94983107864209
5513.611442629039,5555.507551021213,-41.89610839217403
5510.377173799738,4953.542274909583,556.8348988901544
5507.696140426227,5537.8580073186895,-30.161866892462058
5499.830587961274,5460.53690140411,39.29368655716462
5526.878382527827,5569.158919930313,-42.280537402485606
5526.6348305489555,5175.521731313496,351.11309923545923
5523.6053493646195,4547.9219195627775,975.6834298018421
5492.669720235063,5453.274778864881,39.394941370182096
5499.367060718942,4838.271449876319,661.0956108426235
5506.497540924928,4587.556525555804,918.9410153691242
5510.231905781289,5484.9216552088255,25.3102505724637
4449.155690251758,5528.483056094044,-1079.3273658422859
5469.505159933067,5229.291884932118,240.21327500094958
5478.791027748682,5201.371201168436,277.4198265802461
5499.610709136914,5339.756808173123,159.8539009637907
5497.5291825498125,4556.697890861591,940.8312916882214
5493.518686501621,5496.916631079512,-3.3979445778904847
5490.629999313626,5531.413270270767,-40.7832709571403
5494.093991921758,5529.930048498717,-35.83605657695898
5518.419339391451,5374.394468046366,144.02487134508556
4760.807518505438,4732.448674795929,28.35884370950862
5177.848256403873,5529.277389424233,-351.4291330203596
5197.980766761752,5172.798141203707,25.1826255580454
5201.526462668116,5218.277568311003,-16.751105642886614
5212.133515861319,5446.0245436942505,-233.8910278329313
5204.152597523121,4741.761574262565,462.3910232605558
5197.623850287465,5548.027619950829,-350.4037696633641
5189.458133728717,5231.078028355439,-41.61989462672136
5249.379204110259,5204.175498916293,45.203705193966016
5237.7303500995895,5519.514095197683,-281.7837450980933
5255.299288867816,5218.168422012329,37.13086685548751
5261.431576067968,5541.227617915737,-279.7960418477687
5244.287720095311,5531.7646504975355,-287.47693040222475
5257.007108985312,5248.338064914521,8.669044070790733
5234.9738284167315,5512.405293188128,-277.43146477139635
5251.376799239354,5584.946721004068,-333.5699217647143
5246.091796523928,5350.6550618478705,-104.56326532394269
5262.832393029452,5328.561672941362,-65.72927991191045
5241.992079906924,4584.3639186386235,657.6281612683006
5483.614178936735,5547.488330581248,-63.874151644513404
5496.7063762750695,5536.893536767488,-40.187160492418116
5484.063632422392,5580.889674175491,-96.82604175309825
5508.716277244313,5480.04117780922,28.675099435092307
5227.857555918138,5201.828807748195,26.028748169943356
5222.660876532538,5211.887939964273,10.772936568265322
5227.1393128776135,5219.965132323363,7.174180554250597
5212.957572648819,5197.944435276964,15.01313737185501
5216.337799672073,5334.459976184045,-118.12217651197261
5225.331952123512,5472.493694604242,-247.16174248073003
5221.255655842672,5494.159190313321,-272.903534470649
5212.81719737426,5345.578014660644,-132.76081728638383
5549.580694946732,5529.361682299031,20.219012647701675
5529.09921140388,4739.098609613404,790.0006017904761
5542.595148584137,5363.064340230536,179.53080835360106
5536.135280794486,4960.591542749802,575.5437380446838
5533.844727692933,4559.8246386276,974.0200890653332
5543.0767483245845,4567.926799777209,975.1499485473751
4847.788109319291,5168.265730918095,-320.47762159880403
5489.39147027594,5573.338162733275,-83.9466924573344
5482.979022439106,5471.175056734169,11.803965704937582
5482.17132844409,5548.536618228298,-66.36528978420756
5480.406974268645,5534.958354543527,-54.55138027488192
4453.235583155188,5533.513178430588,-1080.2775952754
5519.659848720995,5562.007277782772,-42.34742906177689
5529.794251889491,5488.224658806627,41.56959308286332
5508.274423591641,5528.394626966846,-20.120203375205165
5504.150715397864,4559.9329274679985,944.2177879298652
5511.181312712897,5214.657785667668,296.52352704522946
5527.6736912745455,4906.766003242906,620.9076880316397
5518.282164493196,5471.44128423297,46.840880260226186
5522.582766515662,5547.6351134603665,-25.052346944704368
5523.838784803725,5217.867078975661,305.97170582806393
5520.429119473945,5050.753624688439,469.6754947855061
5518.544633273327,5517.086048351015,1.458584922312184
5518.766417016895,5219.7231343657295,299.0432826511651
5509.307621283282,5356.505688572283,152.8019327109987
4464.269589017425,5543.01476739296,-1078.745178375535
5519.151068835758,5550.446321974333,-31.29525313857448
5504.531988400144,5498.106884262873,6.425104137270864
5522.246124394545,5014.491564424185,507.7545599703608
5501.5796743443025,5050.953220444931,450.6264538993719
5499.830587961274,5164.501029230608,335.3295587306666
5514.962981228558,5318.4352655102,196.5277157183582
5506.241075025944,5537.034403426697,-30.793328400753126
5498.325113123918,5584.369790486292,-86.04467736237439
5527.764647030119,5217.332065785223,310.432581244896
5514.393118010282,4543.167471708297,971.2256463019849
5505.6867645429775,5545.182606649346,-39.4958421063684
5506.9317893384805,5537.777783775738,-30.845994437257104
5523.332801616781,5225.449297043349,297.8835045734313
4442.7769830350135,5487.421645311682,-1044.644662276669
5486.488506454004,5329.227738612392,157.2607678416116
5487.633330297258,4880.138125980002,607.4952043172561
5487.443968510902,5532.835771426345,-45.391802915442895
5485.80626363872,5544.840633257603,-59.03436961888292
5494.392813019345,5093.490872507995,400.9019405113504
5487.4552752703485,5146.709937369491,340.7453379008575
5490.993518609649,5486.409251106667,4.584267502981675
5519.821837442864,5574.605672313027,-54.783834870162536
4753.153720685745,5255.110199826625,-501.9564791408802
5204.044736486586,5262.68595219492,-58.64121570833413
5190.669459656952,4878.181935837133,312.4875238198192
5197.947624475519,5498.946803467703,-300.99917899218417
5205.341971576489,4555.099460476818,650.242511099671
5202.132749510228,5320.141260756895,-118.00851124666679
5203.01579716985,5544.099019177209,-341.0832220073589
5211.145558603752,4883.635189412001,327.5103691917511
5249.379204110259,5490.659699880353,-241.2804957700946
5250.81194068772,5209.258275898905,41.553664788815695
5244.581067635162,5212.023143017416,32.55792461774581
5260.531176566521,5206.594034536205,53.937142030315954
5261.998169352943,5327.710368478453,-65.71219912551078
5263.592508134495,5545.676511732171,-282.0840035976762
5261.054422584996,4877.409125091407,383.64529749358917
5260.42267356393,5561.394083443587,-300.9714098796567
5260.8710285657735,5215.070522629278,45.80050593649594
5257.71208145443,5573.666754210938,-315.95467275650844
5284.939460494254,5577.593580668331,-292.65412017407743
5519.474979812389,4970.370957668214,549.1040221441754
5512.2010554659755,5055.973625218708,456.2274302472679
5498.631830156857,5524.824744868139,-26.192914711281446
5505.9380098478705,4552.20151761826,953.7364922296101
5212.472967769216,4714.916709211015,497.5562585582011
5227.112019471154,5589.974846129688,-362.8628266585338
5226.960500871879,5556.79145406194,-329.83095319006134
5216.946375603196,5547.729530609362,-330.78315500616554
5225.815991421986,5524.277510242414,-298.46151882042795
5218.772124713595,5554.323722476944,-335.5515977633486
5230.576110203343,5326.333953951917,-95.75784374857358
5216.481284880445,5470.868965647833,-254.3876807673878
5538.26626642874,5117.868443394482,420.3978230342582
5526.838447006653,5507.2925770112715,19.54586999538151
5539.757210564713,5537.228989157993,2.5282214067201494
5527.969247971694,4843.98572969951,683.9835182721845
5516.801209686114,5537.872518138998,-21.071308452884296
5543.109441276909,5058.49592658884,484.6135146880688
4862.7956685071285,5439.241522957424,-576.4458544502959
5467.759684382161,5464.535324017889,3.224360364271888
5501.160185287384,5483.935895064227,17.22429022315646
5479.828767978388,5542.671298652172,-62.842530673783585
5486.90455440628,5258.659687380527,228.24486702575268
4457.337321418552,5499.33516434262,-1041.9978429240682
5502.325426493886,5540.212317964992,-37.88689147110563
5508.443238273421,5475.806960770202,32.63627750321939
5505.25988623614,5547.895240383618,-42.63535414747821
5518.29209178981,5479.037843137598,39.25424865221157
5519.595838758836,4566.647202277021,952.9486364818149
5500.586409799737,5198.456020806211,302.13038899352614
5513.793175898998,5101.123785880227,412.6693900187711
5504.272274976993,5523.642211733155,-19.369936756162133
5520.372122919202,5541.980598401614,-21.60847548241145
5513.303489636471,5211.1142033742535,302.18928626221714
5510.226326023539,5170.39337101161,339.8329550119288
5502.01241504291,5464.581758607411,37.43065643549926
5513.573093493609,5587.92296520233,-74.34987170872046
4466.717954082316,5575.898924617607,-1109.1809705352907
5502.234122232584,5189.983445997,312.25067623558425
5512.967918428344,4545.794580280018,967.1733381483264
5513.7396754648325,5198.480729538228,315.2589459266046
5499.644609100516,5552.0943618316805,-52.44975273116415
5526.878382527827,4712.669096414674,814.2092861131532
5506.241075025944,4539.595171997474,966.6459030284705
5530.22405656391,5573.509802321367,-43.285745757456425
5528.229607968755,5230.97042971588,297.25917825287524
5507.428568095725,5209.624117067539,297.8044510281852
5515.783149700364,5214.165666097464,301.6174836029004
5513.665838929551,5205.370713122002,308.2951258075491
5502.5500673892175,5509.712145039448,-7.162077650230458
5518.479075859025,5217.9879597941845,300.49111606484075
4435.7919266442,5550.940566378374,-1115.1486397341732
5493.276890925811,5540.002129266849,-46.725238341037766
5493.085796789483,4971.485300325434,521.6004964640488
5492.674410995176,5538.746243039782,-46.0718320446058
5486.785789606331,5499.7716546604015,-12.985865054070928
5501.19466821526,4560.017450095106,941.1772181201541
5498.531845130603,5350.636853647731,147.89499148287177
5504.178792839286,5557.86201491717,-53.68322207788424
5502.703806979392,5013.3445393076045,489.35926767178717
4777.559003274142,5229.792435396302,-452.2334321221597
5202.437767516001,5208.802751152394,-6.364983636392935
5183.644339295528,4887.180105733528,296.4642335620001
5207.685485979218,5572.388594762521,-364.7031087833029
5194.903465958008,5206.725239846663,-11.821773888654207
5199.552390089769,5549.449153651521,-349.89676356175187
5180.778230839212,4549.142390779235,631.6358400599765
5200.665824211114,5502.788249357616,-302.1224251465019
5249.379204110259,5527.898261848322,-278.51905773806357
5237.561692966058,5537.957324426528,-300.3956314604702
5246.360982364442,5558.265809633433,-311.90482726899063
5249.760060611059,5431.855172961918,-182.09511235085847
5249.075953720245,5522.424133742808,-273.3481800225636
5248.585785108113,5493.441003231385,-244.8552181232726
5248.158249308838,4562.967892990433,685.1903563184051
5255.687917417085,5245.037234807293,10.650682609792057
5253.005214059278,5513.941197693262,-260.9359836339845
5252.139450173673,5346.826207242649,-94.68675706897557
5246.106887352107,5333.5752849958335,-87.46839764372635
5481.826989288678,5498.945991453129,-17.11900216445065
5523.049008985681,5618.908763840295,-95.85975485461404
5496.895014795038,5510.716543097504,-13.821528302465595
5498.600996019302,5424.717317922728,73.88367809657393
5227.36035146977,5485.099101899897,-257.73875043012686
5231.603908016812,5436.501397347804,-204.89748933099236
5240.808098929828,4870.909808484446,369.89829044538146
5222.799046515619,4705.846799265026,516.9522472505932
5206.686789490854,5190.761527280925,15.925262209928405
5230.56373196862,5539.957427970872,-309.393696002252
5218.762420504672,5555.441112282056,-336.6786917773834
5218.11918771581,4727.758552564577,490.3606351512326
5543.339035673762,5540.722374509623,2.616661164139259
5522.467976961567,5420.855516404949,101.6124605566174
5537.554681885259,4545.219209567603,992.3354723176562
5531.564603640324,5550.53375287484,-18.9691492345155
5543.0767483245845,5520.530803566651,22.545944757933285
5521.814772453375,5529.925510416354,-8.110737962979329
4860.7448823972045,5345.393478592943,-484.6485961957387
5489.244617197212,5519.941790480276,-30.69717328306342
5476.016314776536,5165.922192170336,310.0941226062005
5484.227890274281,5158.808782445081,325.4191078291997
5498.707495006262,4571.069364659955,927.6381303463077
4438.743555303346,4533.192301407579,-94.44874610423358
5527.185498546823,4717.973462072452,809.2120364743705
5519.239380705674,5067.217274070354,452.0221066353206
5511.639915197522,5532.4503983139475,-20.81048311642553
5524.099669910526,5326.213683215446,197.88598669508065
5514.865507216854,5210.514325543668,304.35118167318615
5509.417701337406,5188.630382355377,320.7873189820284
5516.427479014845,5431.170901214621,85.25657780022357
5508.213832532452,5207.557448233342,300.65638429910996
5518.200627623231,5443.92657532185,74.27405230138174
5510.614242032643,5464.843991563908,45.77025046873496
5516.478549270547,4642.797469400903,873.6810798696442
5514.290778682352,5566.548930882149,-52.25815219979722
5507.335430498058,5480.386816502847,26.948613995210508
4467.339744108353,5217.184070014498,-749.8443259061441
5522.655851907622,4960.6242524062545,562.031599501367
5514.956985663226,5556.672396697723,-41.715411034497265
5511.6274369605535,5554.7039860712775,-43.076549110724045
5505.179874576756,4545.708776178552,959.471098398204
5526.6348305489555,5497.453221609315,29.181608939640682
5498.325113123918,5192.064379267242,306.26073385667587
5528.229607968755,5547.365634769657,-19.136026800902073
5496.818166851193,5534.541290457451,-37.723123606258014
5507.534306663273,5499.679402936518,7.854903726754856
5516.378723405053,5534.127096460961,-17.748373055907905
5516.69837120989,5198.258322989368,318.44004822052193
5502.340466955073,5459.907007311781,42.433459643291826
5505.976291529922,4543.831878092592,962.1444134373296
4439.004060558901,5552.805792911959,-1113.8017323530576
5493.141060474596,4731.168792220896,761.9722682537003
5489.799476873584,5474.814398905364,14.98507796822014
5488.24831976418,5544.908586754292,-56.66026699011127
5485.659666427174,4875.692254448412,609.9674119787614
5500.530188546506,5533.0649279903255,-32.53473944381949
5504.582005796184,5013.429390805243,491.1526149909405
5481.687389176842,5535.541304635916,-53.853915459074415
5500.9605038570135,5008.543988339752,492.41651551726136
4752.427546299217,5255.884749299616,-503.4572030003983
5206.592451774355,5332.667442623804,-126.07499084944902
5194.812851119777,5539.850711253515,-345.0378601337379
5215.29422309101,5541.717250735646,-326.423027644636
5196.770454720906,5585.998494813117,-389.2280400922109
5200.998865198456,5563.429561995187,-362.43069679673135
5190.249310780872,4570.097144834335,620.152165946537
5197.264617935431,4721.956401105457,475.3082168299734
5249.379204110259,5505.935453362373,-256.55624925211396
5246.04808297604,5501.942025822734,-255.8939428466938
5252.685679214964,5504.634040150566,-251.94836093560207
5260.1870084938655,5326.209488556964,-66.02248006309856
5257.1117885643325,5489.327543819888,-232.21575525555545
5259.199302864769,5171.211096807529,87.98820605723995
5258.270032638742,5561.671354262097,-303.4013216233552
5231.742142816,5415.940549045667,-184.19840622966694
5236.020302075493,5500.391197004476,-264.37089492898303
5261.812837078979,5483.570147301311,-221.7573102223323
5259.809782300697,5171.517130717665,88.29265158303224
5498.504932793152,5162.656753321066,335.8481794720856
5501.851540724608,4590.649340837619,911.2021998869886
5500.6877164315765,5540.691778024807,-40.00406159323029
5488.921521576781,5193.981902338645,294.9396192381355
5219.175580010802,4546.4324232306635,672.7431567801386
5214.260389824773,5523.220859578434,-308.9604697536615
5226.922844650982,5560.552589746384,-333.62974509540163
5216.337799672073,5492.357883653691,-276.020083981618
5226.242221859523,5502.959579752206,-276.71735789268314
5210.184361803239,5549.139254860935,-338.9548930576957
5229.3545175424915,5550.190108890847,-320.8355913483556
5236.287507732783,4903.976104976337,332.3114027564452
5538.867445069646,5524.698127003421,14.16931806622506
5536.297065990696,5475.703980809538,60.59308518115813
5530.653494194974,5161.184093932479,369.4694002624947
5536.664503070509,4882.9326883443255,653.731814726184
5526.387595828769,4865.559581554404,660.8280142743652
5550.652306583767,4881.596335403731,669.0559711800361
4852.288238438591,5224.636764541144,-372.34852610255257
5480.745523781789,5170.720337937533,310.02518584425616
5499.549078039461,4572.959658377433,926.5894196620284
5493.718478126509,5171.745349887995,321.9731282385137
5496.677086710778,5330.106002446638,166.57108426414015
4445.698635721216,5216.831747960727,-771.1331122395104
5498.3525897747195,5460.438703830955,37.9138859437644
5504.150715397864,5556.8550728064965,-52.70435740863286
5520.566109532224,5440.627842700678,79.93826683154566
5498.612106378486,4724.208912941343,774.4031934371424
5511.427796566372,4847.193649887513,664.2341466788594
5526.810742246464,5569.747789985497,-42.937047739033005
5530.997565998733,5572.925815215672,-41.92824921693864
5509.911920701471,5527.733239436571,-17.82131873510025
5508.567798277754,5511.621822877761,-3.0540246000064144
5516.918501951449,4543.670989866098,973.2475120853505
5507.324440089589,5006.539744056372,500.7846960332172
5495.571916491517,5245.083617787432,250.48829870408554
5503.893711799092,5443.17790113096,60.71581066813178
4445.688989006099,4542.308631196367,-96.61964219026777
5515.1358706101,5535.734281249825,-20.598410639724534
5498.354212054927,5516.590606744009,-18.236394689081862
5500.267588561429,5492.846443230399,7.421145331029948
5498.47441533079,5165.9082640104225,332.5661513203677
5523.6053493646195,5555.557055682466,-31.9517063178464
5527.764647030119,4574.188239767506,953.5764072626125
5507.428568095725,5548.162435804235,-40.73386770851084
5507.534306663273,5538.906446042046,-31.372139378772772
5515.30112073392,5442.301615687775,72.9995050461448
5497.798568030084,5512.626282083792,-14.827714053707496
5514.670771806098,5503.9997230620575,10.67104874404049
5516.673466294485,5324.883606561871,191.78985973261388
5529.311025273831,5231.453390863876,297.8576344099547
4445.620361911344,4541.9272150973875,-96.30685318604355
5489.925486521992,5488.688642291585,1.2368442304068594
5486.4396397714045,4547.107425877861,939.3322138935437
5497.490311062855,5512.6134133173355,-15.123102254480727
5482.448590342361,5538.283661638233,-55.835071295871785
5503.598853142009,5433.787334236772,69.81151890523688
5499.353161468659,4847.25060480708,652.102556661579
5492.849180307132,5543.158256897786,-50.3090765906536
5498.995208607448,4729.623394854837,769.3718137526112
4758.579103526605,5595.129525003431,-836.5504214768262
5202.132749510228,4886.710941421692,315.4218080885357
5186.718532459464,5522.083655516844,-335.3651230573805
5208.139429921925,5551.5653430461125,-343.4259131241879
5201.834295075189,4540.3918569013495,661.44243817384
5188.304853184657,5543.253714246236,-354.948861061579
5202.549122459015,5208.432530214322,-5.883407755306507
5203.980381256333,5027.421167229264,176.55921402706917
5249.379204110259,4637.35661539773,612.0225887125289
5243.907019825864,5500.371085604389,-256.46406577852485
5256.967962832242,5569.512879984006,-312.5449171517639
5265.742329964864,5566.34947693638,-300.60714697151525
5246.611450559375,5552.48330942492,-305.8718588655447
5249.16366857015,5553.935219509371,-304.771550939221
5263.876093322768,5108.4590599750945,155.41703334767317
5245.13549738745,5552.603654408787,-307.468157021337
5245.9010051999085,5535.691784386013,-289.7907791861044
5252.3916013194785,5480.925099148532,-228.53349782905389
5264.851460700602,5500.662731012672,-235.81127031207052
5510.110058606101,5426.262466791609,83.84759181449226
5496.39381380137,5318.854811215492,177.53900258587782
5521.293319232424,5562.704793148544,-41.411473916119576
5504.158489883085,4704.730541621005,799.4279482620805
5215.528867738437,5312.270393402339,-96.7415256639024
5224.820095648629,4850.307111926829,374.5129837218001
5233.03475389156,5427.445665343297,-194.41091145173687
5216.214604782977,5522.362874400915,-306.14826961793733
5222.279996807049,5539.5307229751825,-317.25072616813304
5219.218167705295,5436.797323306257,-217.5791556009617
5220.552804408229,4590.501438872251,630.0513655359782
5208.192379472484,5501.274043415181,-293.08166394269665
5542.859543091514,5511.596542742159,31.263000349355025
5535.988455756412,5475.956011524152,60.03244423225988
5523.582492453721,5503.947486787364,19.635005666356847
5519.200129691396,5571.161329062872,-51.96119937147614
5522.817440482618,4864.300016307877,658.5174241747409
5537.672950354554,5110.823924969954,426.8490253846003
4848.834189428486,5308.276299760678,-459.442110332192
5489.569077555717,5501.204055946021,-11.63497839030424
5474.378595203387,5504.410373792055,-30.031778588668203
5507.0320375242045,5583.324915056725,-76.29287753252083
5498.647857802909,5558.011025253805,-59.36316745089607
4444.891372845634,5515.053138671186,-1070.1617658255527
5512.763622282151,5516.199877858518,-3.43625557636733
5520.275683868048,5604.877599031029,-84.60191516298073
5513.835121853101,5545.527385412266,-31.69226355916544
5488.387477226566,4683.102178626448,805.285298600118
5513.892035315673,5555.932591609434,-42.040556293761256
5513.6445129109225,5545.212088635076,-31.567575724153357
5525.999265827056,5032.504663722549,493.49460210450707
5524.9226039113855,5459.273115976462,65.64948793492385
5501.107943652033,5308.5433431766105,192.5646004754226
5507.036253630718,4538.530382335248,968.5058712954706
5508.539204166174,4871.640229914853,636.8989742513213
5519.523234178359,5534.938213440475,-15.414979262115594
5521.140829348403,5206.066410523249,315.07441882515377
4461.538885745167,5324.934898990539,-863.3960132453722
5501.299354546787,5420.013587102796,81.28576744399106
5499.646856227876,5516.556919289118,-16.910063061242
5505.952132822743,4633.268762446719,872.683370376024
5505.637452563441,5557.629385095212,-51.991932531770544
5492.669720235063,4540.678695007669,951.991025227394
5514.393118010282,5531.779318149445,-17.38620013916352
5515.783149700364,4557.689641138227,958.0935085621377
5516.378723405053,5169.7998622110135,346.57886119403975
5497.798568030084,5512.626282083792,-14.827714053707496
5512.258081979028,5046.119515531138,466.1385664478903
5504.084089026383,5191.069671777346,313.01441724903634
5505.430497952126,4539.284469367708,966.1460285844178
5519.417725666352,5549.662479329292,-30.24475366293973
4450.668163651113,5207.768706018002,-757.1005423668894
5491.09369415702,5559.7286427546005,-68.63494859758066
5502.633904472193,4886.491209648104,616.1426948240887
5492.009259545411,5549.3040520830045,-57.29479253759382
5487.214829396989,5433.583988107871,53.63084128911851
5504.290976971597,5534.123491548119,-29.832514576522044
5483.2963742938555,5533.430347662267,-50.133973368411716
5468.853324932527,5016.1782137864175,452.6751111461099
5507.010642868332,4594.23463056492,912.7760123034122
4743.030613881718,4945.7032823756845,-202.67266849396674
5204.644804997069,5504.798521724762,-300.1537167276938
5205.60879515659,5505.715937012766,-300.107141856176
5202.506286585001,5558.430682236329,-355.92439565132736
5184.979272644659,4579.399635949347,605.5796366953127
5206.209570573892,5169.933973099699,36.27559747419309
5189.310758950097,5151.750551651811,37.560207298285604
5203.884494812318,5208.295276771341,-4.410781959023552
5249.379204110259,5581.703741474591,-332.3245373643322
5248.029659479563,5554.1448802427485,-306.1152207631858
5248.870705372685,5543.245804239859,-294.37509886717453
5251.155784849808,5430.330853461282,-179.17506861147376
5248.106819585648,5425.464570249539,-177.35775066389124
5273.244003127882,4893.590552243748,379.65345088413414
5242.406849584205,5475.892257465061,-233.48540788085666
5253.333762136204,4850.564440754034,402.76932138217035
5270.5786120905095,5564.79904123664,-294.2204291461303
5250.331212946893,5574.989097990635,-324.65788504374177
5264.817102206693,4562.597116354791,702.2199858519016
5515.832952374695,5363.699422123205,152.1335302514899
5490.546104067039,4696.401047381807,794.1450566852318
5511.955289037877,5564.4844581136695,-52.5291690757922
5507.102190964763,5323.005983203561,184.0962077612021
5217.250539565009,5548.713002606978,-331.4624630419694
5223.16726820273,5551.789629102216,-328.622360899486
5225.037935395567,5416.151040367583,-191.11310497201612
5225.361845893381,5550.058359446408,-324.6965135530272
5234.213405975114,5336.513598922592,-102.30019294747763
5219.728496529483,5549.830643147644,-330.102146618161
5217.11283250652,5548.762035253684,-331.64920274716405
5225.8326883572545,5551.399765090954,-325.56707673369965
5538.969448270744,5209.574983241405,329.3944650293388
5531.860287827435,5531.401678128161,0.4586096992743478
5533.930334365621,4487.702497880721,1046.2278364848999
5535.301102811028,4876.436146894481,658.8649559165469
5529.908281333834,4168.643150260933,1361.2651310729007
5519.229929130163,5528.86672697984,-9.63679784967644
4858.518220297457,5177.145493080152,-318.6272727826945
5486.059871412789,5214.576635935583,271.4832354772061
5499.186196706965,5543.364902797666,-44.17870609070087
5496.334745104202,5064.656753798435,431.67799130576714
5477.489392200481,5017.216998907724,460.27239329275744
4458.40690625611,5062.6651448687035,-604.2582386125932
5504.384323160096,5335.252143015428,169.13218014466747
5522.65436760108,5202.158351919464,320.496015681616
5501.57386353774,5197.526295084315,304.0475684534249
5527.625300822269,5061.1187497427245,466.5065510795448
5503.362533766877,5209.378506946773,293.9840268201042
5509.193118515286,5471.323677332336,37.86944118295014
5522.057722128534,4551.006260415777,971.0514617127565
5519.728996528607,4961.474270812534,558.2547257160732
5535.219582679279,4602.1769570704055,933.0426256088731
5507.375014619645,5469.811650170807,37.563364448838
5512.932215392966,4902.48727032484,610.4449450681259
5513.856732171753,5328.045928237584,185.8108039341687
5497.493269442437,5206.637998891731,290.85527055070634
4451.254854982154,5549.777802644785,-1098.522947662631
5521.422496553278,5511.190673630349,10.231822922928586
5520.037019487311,5564.105232729703,-44.06821324239172
5533.6256964094255,5453.000143484696,80.62555292472916
5507.757647450623,4871.214492685694,636.5431547649296
5499.367060718942,5551.744670789364,-52.377610070421724
5505.6867645429775,5159.474094869195,346.21266967378233
5513.665838929551,5497.594656427056,16.071182502494594
5516.69837120989,4873.27960871172,643.4187624981696
5514.670771806098,5570.797640044801,-56.12686823870263
5504.084089026383,5319.20071779404,184.88337123234214
5528.44623510575,5549.603128299771,-21.156893194020995
5496.881786207681,5227.037117241188,269.8446689664934
5505.457006838438,4590.606697112975,914.8503097254634
4470.815470003217,5237.811261999094,-766.995791995877
5488.106496051453,4545.363318906208,942.7431771452448
5489.305051712693,5224.66792638636,264.63712532633326
5479.506635546561,5559.785807331425,-80.27917178486405
5486.028116769545,5326.471953668001,159.55616310154346
5486.775240686908,5194.796458400398,291.97878228651007
5508.539827468356,5511.161624416821,-2.6217969484650894
5499.7180495732455,5543.657603504283,-43.93955393103715
5486.598187842923,4857.532498629597,629.0656892133256
4753.958681449456,4725.953387923922,28.005293525534398
5213.986725051884,5531.891823541439,-317.9050984895557
5207.494157413758,5216.491593886758,-8.997436472999652
5202.699201002502,4424.295553477231,778.4036475252715
5209.177983979343,4544.925057202643,664.2529267766995
5198.57488559274,5201.6648514611625,-3.0899658684220412
5195.47033084829,5497.39572543943,-301.9253945911396
5212.354313519877,5553.271796630844,-340.9174831109667
5249.379204110259,5527.0490196832325,-277.6698155729737
5247.431478189012,4880.589325129437,366.84215305957423
5241.193678254813,5530.320730650416,-289.12705239560364
5260.485374382569,5441.375629177295,-180.8902547947264
5244.58078643127,4559.840466024772,684.7403204064985
5256.049122910136,5322.765991830592,-66.71686892045545
5250.296796259545,5178.5424208569575,71.75437540258736
5260.003771634639,5556.055633761699,-296.0518621270603
5261.756005918129,4574.803806879492,686.9521990386365
5241.992079906924,5557.447276491312,-315.4551965843875
5253.714663935519,5130.017675678138,123.69698825738033
5512.2010554659755,5574.575718377532,-62.3746629115567
5503.086585858451,5517.330882888284,-14.244297029832524
5514.075214677912,5554.493082555844,-40.41786787793171
5508.540766684359,5441.391979948534,67.14878673582552
5219.666034310014,5208.527694123716,11.138340186297683
5209.326602425761,5542.632489773112,-333.305887347351
5218.980755340641,4872.14333107134,346.83742426930075
5225.331952123512,4549.928842954276,675.4031091692359
5210.184361803239,5488.226165987947,-278.04180418470787
5226.28449606916,4847.524817552731,378.7596785164287
5220.426192883882,4538.6197494483295,681.8064434355529
5217.119140537294,4547.426255622219,669.6928849150745
5533.969273674251,5243.38631840702,290.5829552672312
5530.4090580705115,5174.265097355664,356.1439607148477
5529.735392591065,5538.761867783582,-9.026475192516955
5548.079582385955,5215.616425500537,332.46315688541836
5535.426115546903,5543.424365237622,-7.998249690718694
5535.279262468176,5431.586303185561,103.69295928261545
4857.285044743569,4421.487452875078,435.7975918684915
5471.827163814795,5194.68702074748,277.14014306731497
5485.317395585823,5539.601556638422,-54.2841610525993
5470.919956157112,4246.537991849536,1224.3819643075758
5484.664457650907,5208.276826046325,276.38763160458166
4438.776078340104,5156.192889376173,-717.4168110360697
5517.913564832155,5322.00764794524,195.9059168869153
5527.6736912745455,5192.315965053468,335.3577262210774
5518.650842147544,5560.089194978658,-41.43835283111457
5526.810742246464,5222.278714441964,304.5320278044992
5507.237811933139,4728.423494348114,778.8143175850246
5510.066641213679,5554.052678155515,-43.98603694183657
5519.393056704994,5513.1071956684755,6.285861036518327
5516.478549270547,5059.4714387786835,457.0071104918634
5516.937406661755,5547.524662033396,-30.58725537164173
5519.881769126802,5565.845931081844,-45.96416195504207
5504.531988400144,5535.108581495863,-30.576593095719545
5520.924038651382,5173.8747270882795,347.0493115631025
5495.467392426305,4580.989297956253,914.4780944700524
4453.321951402061,5532.777251012937,-1079.455299610876
5485.549027992598,4520.832748344268,964.7162796483299
5501.4805711848885,5543.49856386993,-42.01799268504146
5505.322949102387,4696.80095949677,808.5219896056169
5515.090769423281,4887.310725806201,627.7800436170801
5506.497540924928,5310.972684486149,195.52485643877935
5506.9317893384805,5527.586877794661,-20.655088456180238
5502.5500673892175,5493.195706458786,9.35436093043154
5502.340466955073,5211.79611945524,290.54434749983284
5516.673466294485,5559.648489781188,-42.97502348670332
5505.430497952126,5525.246855136761,-19.816357184635308
5496.881786207681,5514.412005755272,-17.530219547590605
5507.728138168274,5161.196224636277,346.5319135319969
5502.590136645249,5169.3622223224465,333.22791432280246
4432.762834694641,5331.821189835663,-899.0583551410218
5504.170833038241,5453.932714375831,50.23811866240976
5485.095879257391,5220.290393964903,264.8054852924879
5500.415734664983,4899.567811552718,600.8479231122647
5487.863749239298,4956.83738691551,531.0263623237879
5492.165429559896,5164.368275425251,327.7971541346451
5508.800214469131,5347.220355348848,161.5798591202829
5492.686937642049,5462.412469767983,30.27446787406643
5491.036566735315,5544.759808661716,-53.72324192640099
4759.784650397848,5602.769327285847,-842.9846768879988
5204.179766495269,5502.1633706662005,-297.98360417093136
5202.261809413684,5117.893972912918,84.36783650076632
5214.520138354455,5487.877650654161,-273.3575122997054
5210.111461816456,5221.083085646555,-10.971623830099816
5188.690471861006,5403.815192245833,-215.12472038482701
5209.472118639856,5185.131812078678,24.340306561177385
5201.507668880549,5317.417854541299,-115.91018566074945
5249.379204110259,5550.329591178803,-300.95038706854393
5257.626140297222,5501.950864276425,-244.32472397920264
5241.237175423231,5529.412958291068,-288.17578286783737
5239.432822662318,5304.436123310884,-65.00330064856553
5255.258429374054,5330.0061199474,-74.74769057334652
5242.7646889356465,5185.311308947079,57.453379988567576
5243.77210144653,5560.497991588192,-316.7258901416626
5249.186977306401,5258.985175787261,-9.798198480860265
5250.677528199445,5511.3465678474,-260.6690396479553
5238.372300310167,5456.560459753859,-218.1881594436918
5252.86862661906,5118.451570697209,134.417055921851
5505.050725049919,5557.606351404458,-52.55562635453953
5490.627957749065,5188.481530820778,302.1464269282869
5500.964767502155,5012.710905802985,488.25386169917056
5517.309297388088,4888.420595277663,628.8887021104256
5212.89413750287,5434.791520144331,-221.89738264146126
5208.230312496159,5151.50904357896,56.72126891719927
5229.782628719725,5540.765779883331,-310.9831511636057
5211.129561009965,5196.8376608068065,14.291900203158548
5215.588413227033,5532.058047308764,-316.4696340817309
5227.84869456331,5509.64859036669,-281.7998958033795
5229.499100424622,5270.315604419409,-40.816503994787126
5221.233636739421,5261.224199565003,-39.99056282558195
5529.472511841304,5313.609431533111,215.86308030819328
5534.866270402922,4542.644564838255,992.221705564667
5535.437377583185,5559.8999766369325,-24.46259905374791
5537.418477175318,4879.155884684314,658.2625924910044
5538.439155795563,5322.243795450523,216.19536034504017
5538.657391009496,5052.936530961395,485.7208600481008
4846.298609279634,5529.4914153200725,-683.1928060404389
5478.65497535151,5540.414593629124,-61.75961827761421
5498.902890300453,4743.389094804628,755.5137954958245
5487.184131511674,4876.864233829877,610.3198976817976
5487.880701883858,5213.681772098337,274.1989297855207
4468.3637384978465,5572.538930410411,-1104.1751919125645
5510.324738040657,5553.788521936034,-43.463783895376764
5505.355291309819,5502.198007580646,3.1572837291732867
5515.88827557308,5211.860293388546,304.02798218453427
5502.740806480885,5469.89055335894,32.85025312194466
5505.6025719969,5559.036078829022,-53.433506832121566
5532.464284377749,5214.103215325318,318.36106905243105
5506.65347741589,5547.116182711678,-40.46270529578851
5503.452925285008,5508.921435410465,-5.468510125457215
5511.111675137927,5563.2539388239975,-52.14226368607069
5510.571892940319,5342.851123175116,167.72076976520293
5507.83960646199,5547.687667142329,-39.848060680338676
5512.6548764418585,5060.2979982895595,452.35687815229903
5513.216779473053,5199.089718854385,314.1270606186681
4465.204534128741,4560.382459808074,-95.17792567933247
5501.166150610025,5523.884678516627,-22.718527906601594
5516.435215220821,5365.4917946435535,150.94342057726772
5514.619260206262,5226.368224673666,288.2510355325958
5500.184428876953,5533.013391431342,-32.82896255438936
5510.231905781289,5564.388004703833,-54.156098922543606
5523.332801616781,5521.280435600854,2.052366015926964
5518.479075859025,5511.293700508481,7.185375350543836
5505.976291529922,5162.170491459454,343.80580007046774
5529.311025273831,5238.378508630652,290.93251664317904
5519.417725666352,4547.588454738651,971.8292709277011
5505.457006838438,4595.205785237782,910.2512216006562
5502.590136645249,5463.67692824703,38.91320839821856
5518.014673805662,5335.209059488106,182.80561431755632
4439.83576594535,5206.493594748477,-766.6578288031269
5495.643002577984,5553.3624359937185,-57.719433415734784
5478.614490724481,5192.794631351653,285.8198593728275
5481.807143381074,4897.960786561032,583.8463568200414
5475.07429069951,5553.614120912096,-78.53983021258591
5483.164032233278,5147.947850027352,335.2161822059261
5498.7672372571105,5517.376549158169,-18.60931190105839
5497.621492839692,4860.789705726553,636.8317871131394
5497.162793782414,5426.537252495097,70.62554128731699
4744.0131407326135,5144.845972962877,-400.8328322302632
5197.971596566031,5323.5968515765135,-125.62525501048276
5206.1273180019525,5553.420006031192,-347.2926880292398
5204.081360676416,4492.691397068346,711.3899636080696
5185.27108702221,5309.061511268161,-123.79042424595082
5193.364713940969,4700.590488996953,492.77422494401526
5201.401870831217,5552.676791452258,-351.274920621041
5205.32130094101,5210.834102146651,-5.5128012056411535
5249.379204110259,4869.57921737974,379.79998673051887
5251.689519809032,5022.834766734513,228.85475307451907
5248.651514730859,5516.073323655389,-267.4218089245296
5243.724186355898,5562.807086845947,-319.0829004900488
5236.3639747193365,5498.010076009314,-261.6461012899772
5251.118702882274,5544.290670647525,-293.1719677652509
5263.23312044367,5519.086131662666,-255.85301121899647
5251.985742995804,5564.00976907058,-312.024026074776
5260.428916658251,5363.236869282523,-102.80795262427182
5253.873191193371,4567.209854378551,686.6633368148196
5235.195358008232,5191.171104270303,44.02425373792903
5495.354282716118,5536.134532042309,-40.78024932619064
5497.943728997217,5511.607877661046,-13.66414866382911
5496.043628425727,4870.775963950565,625.2676644751618
5499.256910126984,5516.560085081712,-17.303174954728092
5219.081202928191,5561.198274237107,-342.1170713089168
5233.487430103454,5540.117142313586,-306.6297122101314
5221.7100558620905,5541.435809134946,-319.7257532728554
5241.3429254882385,4725.670953191287,515.6719722969519
5200.71120450453,4563.226121202019,637.4850833025102
5222.277489397764,5572.316848553074,-350.0393591553102
5214.108205240649,5493.7237093288495,-279.6155040882004
5215.2525778630625,5214.008742130063,1.2438357329992868
5536.5194217403205,4704.180676938282,832.3387448020385
5543.720902177094,4909.04638923605,634.6745129410438
5532.768987072889,5197.524999381044,335.2439876918452
5526.917147791392,5546.737110148409,-19.819962357016266
5529.013667710068,4953.142412669843,575.8712550402252
5522.050960047501,5197.912417929594,324.1385421179066
4836.497137873859,5540.428412652346,-703.931274778487
5485.317395585823,5503.084143539558,-17.76674795373492
5479.431493334889,5521.946175762331,-42.514682427442494
5502.244755650945,5569.426415793053,-67.18166014210783
5494.557513756933,5172.013499170958,322.54401458597476
4441.142336990955,5348.9682776720765,-907.8259406811212
5501.256309740582,5204.87509048335,296.38121925723226
5514.647289620066,5555.857376638857,-41.210087018791455
5522.80673499614,5440.714346844408,82.09238815173194
5512.321746572625,4958.928214155603,553.3935324170216
5497.951552939973,5466.774465637867,31.177087302105974
5500.306867195728,5091.015080080282,409.2917871154459
5503.24115856775,5423.940339960559,79.3008186071911
5513.061136571316,5319.505501637469,193.5556349338467
5519.406044632745,5548.240087725281,-28.834043092536376
5500.145007114202,5036.087266229957,464.0577408842446
5519.314911938734,5540.863098640173,-21.54818670143868
5516.189586656425,5534.410351632779,-18.220764976354076
5510.172097550406,5216.915394611435,293.2567029389711
4461.021192480081,5533.235866893207,-1072.214674413126
5502.5669068029465,5545.922964598731,-43.35605779578418
5515.394479200842,5509.583739162658,5.810740038184122
5521.55264298174,5105.8006763893245,415.75196659241556
5522.390149961426,4593.907169306569,928.4829806548569
5511.4628913154675,5358.27967694115,153.18321437431769
5509.067010259808,5212.042367066399,297.02464319340925
5509.495828117137,4555.219343159563,954.2764849575733
5509.088547801352,5504.398989501838,4.689558299514829
5513.1358130677645,5484.544911075126,28.590901992638464
5518.2283288953695,4547.76653320767,970.4617956876991
5534.637876439445,4754.428767598438,780.209108841007
5500.152702545327,5518.729193747534,-18.576491202206853
5512.215941667569,5221.608054382764,290.60788728480475
4441.795181606628,5555.590694698374,-1113.7955130917462
5491.763487081899,5555.513513610543,-63.7500265286435
5487.4799443274505,5533.231870177623,-45.75192585017248
5492.710807232834,5538.193345838735,-45.48253860590103
5490.856706395824,4543.600400374194,947.2563060216307
5511.404012426544,5543.440647419767,-32.03663499322283
5492.38544830686,5507.723330126136,-15.337881819275935
5494.072059769056,5466.564057781656,27.50800198740035
5500.746685381993,4594.235842236186,906.5108431458075
4759.711332588562,5216.375881271553,-456.66454868299115
5205.4745853134245,5423.136740373923,-217.66215506049866
5200.3924219525925,4589.52367233534,610.8687496172524
5193.981541024353,5539.540303448377,-345.5587624240243
5193.514029054505,4538.880566642264,654.633462412241
5192.574168853925,5349.073519094681,-156.49935024075603
5198.274412654475,5201.040979338882,-2.7665666844068255
5206.7459920495085,5535.755657727235,-329.00966567772684
5249.379204110259,5541.131175960902,-291.7519718506428
5248.483983061389,5252.968874907434,-4.484891846044775
5239.542257381765,5085.328194275452,154.214063106313
5241.292052021395,4584.912110777955,656.37994124344
5252.943277266567,5556.141293293499,-303.19801602693224
5261.3924129495745,4710.01405971852,551.3783532310545
5251.376799239354,5316.62205929863,-65.245260059276
5264.877240410596,5071.191585713608,193.6856546969875
5252.139450173673,5518.2189127251595,-266.07946255148636
5268.966733133629,5341.61103420606,-72.64430107243152
5253.49851697638,5535.517458948298,-282.01894197191723
5508.836631918582,5603.245537920373,-94.40890600179137
5508.716277244313,5539.035034540636,-30.318757296323383
5533.377711622685,5563.94973074037,-30.57201911768516
5501.358261690603,5024.660761377223,476.69750031338026
5238.136967195111,5525.858253371517,-287.72128617640647
5222.799046515619,5410.627519933338,-187.82847341771867
5235.759929657819,5480.317900404667,-244.5579707468478
5221.255655842672,5510.7034603880265,-289.4478045453543
5229.3545175424915,5539.648169871627,-310.2936523291355
5220.426192883882,5021.184351857031,199.24184102685103
5219.087807104564,5169.209788249856,49.87801885470799
5192.778395707146,5510.582389081875,-317.80399337472863
5532.015225999542,5219.725198151472,312.29002784807017
5543.0767483245845,5550.302359891193,-7.225611566608677
5540.200488422562,5570.099473607699,-29.898985185137462
5531.776113283762,5552.282394701415,-20.506281417652644
5528.612216150985,5433.300316619912,95.31189953107241
5531.605259437943,5502.961534714251,28.643724723691776
4879.14276952913,5348.002779882602,-468.8600103534718
5495.8810680984825,5252.4116125151195,243.46945558336301
5515.040197721523,5581.400322220431,-66.36012449890768
5495.46060008316,5537.6618069243805,-42.20120684122048
5504.933619415959,5533.420605215559,-28.486985799600006
4452.512460039696,5178.744672342762,-726.2322123030663
5524.530923557538,5528.8280701336125,-4.297146576074738
5522.582766515662,5370.752867654184,151.8298988614779
5501.913243908318,5545.657434794942,-43.74419088662398
5509.911920701471,5507.1671946416745,2.7447260597964487
5529.172657604859,5575.382126819927,-46.209469215068566
5516.478549270547,4568.42883135168,948.0497179188669
5495.034225148953,5005.9382624006985,489.09596274825435
5519.151068835758,4960.286768445827,558.8643003899315
5519.190960777778,5213.510885302336,305.6800754754422
5527.203618403952,4559.544866815546,967.6587515884057
5508.210290359164,4882.978448397873,625.2318419612911
5518.3235556663885,5215.348206526331,302.9753491400579
5515.877659130639,5197.034270673253,318.843388457386
4452.661601996302,5327.23299246191,-874.5713904656077
5499.800041580962,5344.353600564089,155.446441016873
5516.700895940542,5331.1262569587025,185.5746389818396
5517.045420159278,5514.449989506613,2.5954306526655273
5516.808882842974,5170.849497434024,345.95938540894986
5495.892327205502,5543.485164737381,-47.59283753187901
5512.875673726438,4638.84265737619,874.0330163502485
5519.664058198246,5604.521386913819,-84.8573287155732
5519.528227747032,5538.482390623214,-18.954162876181726
5516.312653794428,4890.438758386484,625.8738954079445
5517.480861429454,5477.954531626446,39.52632980300859
5514.493663323888,4556.754500090519,957.7391632333683
5530.558000310675,5241.82304038024,288.73495993043525
5522.030169850419,4550.34798025284,971.682189597579
4453.068493560549,5560.156413896052,-1107.0879203355034
5479.728710495585,5541.718836479646,-61.990125984060796
5492.643327423557,4547.2981013354665,945.3452260880904
5488.273383363098,5199.787682784887,288.48570057821144
5487.839204063084,5111.202077429394,376.63712663369006
5487.201062084576,5461.203051469149,25.99801061542712
5510.511127651652,5606.5926689673715,-96.08154131571973
5486.901466743844,5314.532229006902,172.36923773694252
5488.257626884405,4721.686665286158,766.5709615982469
4776.355469471886,5340.726227250162,-564.3707577782761
5183.270654207505,5492.74531788851,-309.47466368100504
5197.117618697472,5491.209121015966,-294.09150231849435
5189.257802978447,5162.404558295503,26.853244682944023
5198.254516250888,5525.218389660157,-326.9638734092696
5198.316095463656,4699.5399211551085,498.7761743085475
5210.700394730789,5566.956001469333,-356.255606738544
5204.359970691416,4874.593633906487,329.76633678492817
5249.379204110259,5170.739080135566,78.64012397469287
5251.320494157112,5175.983049607263,75.33744454984935
5248.300291713094,5552.465896872773,-304.1656051596783
5223.059162919694,5181.743691699858,41.31547121983658
5237.4443720114,5470.830584565393,-233.38621255399266
5267.2972462196485,5430.743723520257,-163.44647730060842
5254.218084298072,5058.975599286136,195.24248501193688
5253.005214059278,4540.3556623948725,712.6495516644054
5249.946560200248,5010.243765280626,239.70279491962265
5259.716933732682,5519.871825005451,-260.1548912727685
5253.304641150407,5208.100103630179,45.20453752022877
5512.970055980188,5500.854108185234,12.115947794954081
5493.323906690735,4580.723223588164,912.6006831025716
5511.225595449578,5327.610309021177,183.6152864284004
5508.599793937956,5204.037399580901,304.5623943570545
5209.326602425761,5458.596195088023,-249.26959266226186
5222.865954503504,5541.77900088255,-318.9130463790452
5224.126423069601,5530.390635369178,-306.2642122995776
5224.966563821572,5168.289104532127,56.67745928944532
5208.654963092888,5525.353785527993,-316.6988224351053
5220.97073207798,5205.996432223601,14.974299854378842
5208.376056986525,5206.256876423464,2.119180563061491
5220.499088728963,5530.455895352141,-309.9568066231777
5514.381123418854,5499.395422428288,14.985700990566329
5541.998493146205,5571.871330589,-29.872837442794662
5546.400616248622,5518.899160903213,27.50145534540934
5528.611702934914,5484.251895591557,44.359807343357716
5528.205973715053,5190.368485728105,337.83748798694796
5530.262535545243,5541.318710019867,-11.056174474623731
4871.385899698853,5550.5393698437265,-679.1534701448736
5470.919956157112,5543.357801252179,-72.43784509506713
5502.244755650945,5335.673615943301,166.57113970764385
5486.123685022183,5469.818753733469,16.304931288714215
5476.727966673438,4539.23381984661,937.494146826828
4449.983622662237,5243.103261714644,-793.1196390524065
5509.417701337406,5495.898917026014,13.518784311391755
5514.5119182929675,5214.876647288056,299.6352710049114
5503.168552380136,5512.130065592415,-8.961513212278987
5504.028143030687,5511.911348840428,-7.883205809741412
5515.113995635946,5498.629868061556,16.484127574389277
5525.239868316957,5539.368630373154,-14.128762056197047
5498.595655180444,5208.336861989701,290.25879319074284
5526.447518333082,5546.254750969195,-19.80723263611253
5524.435738226038,5452.145200635739,72.29053759029921
5521.272198509707,5566.991766663612,-45.71956815390513
5500.313112921676,5479.951698326423,20.361414595253336
5489.683321680107,5532.605735102969,-42.92241342286252
5503.292626574485,5551.445866251203,-48.15323967671793
4463.178599447306,5542.360174491289,-1079.1815750439837
5496.818166851193,4530.441361269381,966.3768055818127
5526.869553891178,5032.216970371143,494.65258352003457
5511.803948206946,5532.1740548992375,-20.3701066922913
5510.009878002071,5552.832821704267,-42.822943702196426
5505.178195021116,5192.412223234078,312.7659717870383
5514.020497569692,4737.18442561679,776.8360719529028
5519.472964061917,5173.405206471851,346.0677575900663
5516.186644146018,5559.698435022725,-43.51179087670698
5512.826807043838,5109.453745278279,403.3730617655592
5529.021071744627,5336.24371451163,192.77735723299702
5515.692218985127,4895.5842842867305,620.1079346983961
5511.483046529826,5494.302152703721,17.180893826105603
5505.001657996915,4860.029000671785,644.9726573251301
4442.960066936707,5520.143369774757,-1077.1833028380497
5492.643327423557,5102.5477955848555,390.0955318387014
5482.086975276114,5509.425749024217,-27.33877374810345
5484.259755511862,5562.216147790247,-77.95639227838547
5493.457719754278,5333.9164845730975,159.54123518118013
5502.617940988077,5535.153676434852,-32.53573544677511
5495.412358334233,5558.07197090107,-62.659612566836586
5511.357961901327,5428.481646753216,82.87631514811073
5502.263214662536,5176.162236088716,326.1009785738197
4769.166715361813,5335.097572043959,-565.9308566821464
5185.407215880459,5519.719986495896,-334.3127706154364
5190.778082200982,5492.2980143494515,-301.5199321484697
5195.905987034193,4843.567739664045,352.33824737014766
5200.316063753757,4869.544386393567,330.77167736018964
5205.591180608523,5025.050962887907,180.54021772061606
5199.518135646071,5209.916397956622,-10.398262310551218
5206.796078862642,5559.347340192912,-352.5512613302699
5249.379204110259,5526.550810556286,-277.171606446027
5243.8452407809955,4693.707508185672,550.1377325953235
5252.940691385965,5470.161217429355,-217.22052604339024
5254.14326975067,5225.077876557579,29.06539319309104
5245.271758448726,5524.50798243729,-279.2362239885633
5243.0662298739635,5417.796219855172,-174.72998998120875
5257.913816170966,5538.487243968168,-280.5734277972015
5235.925371405374,4552.794287341464,683.1310840639098
5250.232222733108,4706.256363364467,543.9758593686411
5277.60912676031,5344.212996750247,-66.60386998993727
5273.948472689978,5185.579076007166,88.3693966828123
5498.631830156857,5513.441249213187,-14.809419056329716
5514.075214677912,5370.857202039917,143.21801263799534
5513.565441121817,5335.820571635635,177.74486948618141
5511.790514162062,5204.581883688265,307.2086304737968
5237.642886447837,4912.501916275892,325.1409701719449
5217.16921530246,5548.159217942091,-330.9900026396317
5223.608360943081,4427.336098491677,796.2722624514035
5225.820469593957,4596.403636853365,629.4168327405914
5222.5321669234,4958.771149015014,263.76101790838584
5220.048936215213,5593.251115117083,-373.20217890186996
5235.43240803557,4552.790256988091,682.6421510474793
5216.0879841193755,4427.078244234051,789.009739885324
5551.867923358484,5490.016302031172,61.85162132731239
5548.079582385955,5115.327463744043,432.7521186419126
5535.5575078415595,5519.3727524871165,16.18475535444304
5549.192621256468,5218.590703164709,330.6019180917583
5526.36261747053,5535.795468742933,-9.43285127240324
5535.802701618563,5110.418927916551,425.38377370201215
4860.821298056066,5527.547757527837,-666.7264594717717
5498.182482547827,5353.799130989721,144.38335155810637
5488.936038173939,5542.464528574962,-53.52849040102319
5455.691277654875,5499.114620906983,-43.42334325210777
5495.817058136318,5104.042217544591,391.7748405917273
4450.668988034707,5366.957165971546,-916.288177936839
5492.769828003754,4688.664024248179,804.1058037555749
5507.237811933139,5046.995380243024,460.24243169011515
5484.67931908313,5491.658716175221,-6.979397092090949
5524.967177224931,5035.890049930056,489.077127294875
5510.155214555342,5561.833414308528,-51.678199753185254
5514.863091566642,5557.367003523463,-42.50391195682096
5502.894034303545,4864.591591762469,638.3024425410758
5504.424278552441,5521.534585042702,-17.110306490260882
5513.509734636104,5532.646109765059,-19.13637512895457
5499.644609100516,5463.134919523093,36.50968957742316
5520.493299116727,5227.574667155486,292.91863196124086
5502.943370506523,5524.16610536039,-21.222734853867223
5510.441538942057,5514.818618665318,-4.377079723260977
4458.898724408803,5545.264057891897,-1086.3653334830942
5513.938747070678,5533.068019624684,-19.129272554006093
5506.018244601065,5536.918296050874,-30.900051449809325
5511.81196392556,5207.688374741816,304.1235891837441
5494.746459421565,5481.7736920839225,12.972767337642836
5525.997876409348,4551.750001454538,974.24787495481
5513.831135783337,4891.838335989384,621.992799793953
5519.061578267609,5516.114318594612,2.9472596729965517
5514.635487036613,4537.997490910451,976.6379961261619
5523.87747833529,5576.825446715579,-52.94796838028924
5518.396426817845,5101.590091269794,416.8063355480508
5505.893802818997,5507.29709222942,-1.4032894104229854
5526.802901937417,5256.178020893039,270.6248810443785
5508.19431065351,5528.264625979646,-20.070315326135642
4450.515404026644,5321.897663865933,-871.382259839289
5488.273383363098,5327.563366463389,160.71001689970944
5484.259755511862,4567.51177478294,916.7479807289219
5496.974628465872,5034.598886465146,462.37574200072595
5484.805338006873,5162.697823403174,322.1075146036992
5490.058114892076,5510.356825094438,-20.29871020236169
5501.353380185412,4553.97314370796,947.380236477452
5511.503646338747,5350.923179939692,160.58046639905479
5506.55558820832,5329.635410323149,176.92017788517114
4757.864992364706,5318.794830532935,-560.9298381682283
5201.507668880549,5555.966936209157,-354.4592673286079
5201.761326574695,5192.767758524501,8.993568050193971
5184.827226108741,5481.402367725573,-296.5751416168314
5189.69603466091,5249.586755797061,-59.890721136151114
5218.058347114292,5573.000501162066,-354.94215404777424
5199.935376089193,5540.623701214664,-340.68832512547124
5201.551748991482,4586.635081243924,614.9166677475578
5249.379204110259,5218.114687169422,31.264516940836984
5256.657167266845,5591.513467208895,-334.8562999420501
5273.444966445886,5528.923701893516,-255.47873544763024
5249.8794613179,5550.511052967036,-300.6315916491367
5249.572706604302,5513.876708410676,-264.3040018063739
5261.054422584996,5521.362336914702,-260.30791432970545
5256.418937116884,4430.9057599716625,825.5131771452216
5262.193282969433,5549.761471393822,-287.5681884243886
5235.194840782895,5458.527442521086,-223.33260173819144
5237.3186989757505,5547.488330581248,-310.16963160549767
5258.536779006064,5606.32489062201,-347.78811161594604
5514.240216733417,5514.176794108119,0.06342262529778964
5487.3502263485425,5149.161960938641,338.18826540990176
5508.507128261767,5568.859656854884,-60.3525285931164
5507.040772823495,5593.132132408889,-86.09135958539446
5216.946375603196,5589.817458925852,-372.871083322656
5217.124916555551,5532.936643997136,-315.8117274415854
5231.117377694526,5117.196391168796,113.92098652572986
5212.81719737426,5195.714106720167,17.10309065409274
5236.287507732783,5543.652242515104,-307.36473478232165
5217.119140537294,4729.823872605368,487.295267931926
5192.778395707146,4532.322890327371,660.4555053797749
5216.683117787673,4552.668501079097,664.0146167085759
5522.155665527528,5417.374166515263,104.78149901226516
5539.055864313499,5439.640420979813,99.4154433336862
5513.794329653123,4691.159252155274,822.6350774978491
5531.03414028319,4554.923436111263,976.110704171927
5526.441619539608,4534.197385344071,992.2442341955366
5544.742140277228,5504.452336811378,40.28980346585013
4867.795409094149,5524.288293806151,-656.4928847120018
5484.664457650907,5561.701880096403,-77.0374224454963
5494.557513756933,5512.316696959602,-17.759183202669192
5476.727966673438,5531.642194365551,-54.914227692113855
5490.057027378647,5543.384027574303,-53.32700019565618
4450.62643683748,5195.570134840943,-744.9436980034634
5504.272274976993,5545.622638986038,-41.350364009044824
5520.429119473945,5502.966598605704,17.462520868240972
5528.406431351061,5213.704951859328,314.70147949173315
5516.918501951449,4566.951561361667,949.9669405897821
5534.989013444135,5567.864461733703,-32.87544828956834
5519.881769126802,5551.801189198034,-31.919420071231798
5505.851119967755,5525.892894435678,-20.04177446792255
5527.203618403952,5177.283679898918,349.9199385050333
5521.9195613309075,4549.108170466693,972.8113908642144
5496.343408132338,5492.5596717429025,3.7837363894350347
5506.241075025942,5349.652958975353,156.58811605058963
5512.8790040952035,4562.099901902449,950.7791021927542
5517.1541569295405,5601.593154728387,-84.43899779884669
4443.178806001098,5532.044212715774,-1088.8654067146763
5510.5165968366755,5218.010347860801,292.50624897587477
5502.5500673892175,5420.325327304851,82.2247400843662
5518.64603270615,5423.90487098191,94.74116172424056
5513.812412877667,4599.608777790195,914.2036350874723
5523.916349822247,5568.086745074203,-44.1703952519556
5512.193430911156,5532.102000781257,-19.90856987010102
5513.172956878765,5319.042056538362,194.13090034040306
5512.046833699609,5197.680739878667,314.3660938209423
5508.835757614795,5413.175828989578,95.65992862521671
5513.601996669424,5512.286391657627,1.3156050117968334
5512.415284041979,5197.9119251875245,314.50335885445475
5514.250916511733,5476.419914047014,37.83100246471895
5501.4614579719455,5246.630710893004,254.83074707894139
4445.415480682817,4543.600400374194,-98.18491969137631
5487.839204063084,4541.804267575808,946.0349364872764
5493.457719754278,5214.4461416762415,279.0115780780361
5484.805338006873,5162.697823403174,322.1075146036992
5475.538391340519,4586.201931515892,889.3364598246271
5504.791239825951,5061.752935123057,443.0383047028945
5508.127899019788,5066.216659412111,441.9112396076771
5501.205045146233,5542.039996531747,-40.834951385514614
5506.8849520038775,5332.983668914077,173.90128308980093
4746.644013000718,5522.213408181234,-775.569395180516
5214.200558699897,5023.835498041015,190.3650606588817
5197.981502961228,4536.816729886932,661.1647730742961
5205.9543583337145,5532.0915183404795,-326.13716000676504
5191.9754434474125,4868.924091786918,323.0513516604942
5206.981178503282,4549.932147310568,657.0490311927133
5219.211228230002,5556.777235582216,-337.566007352214
5195.680957367042,5520.780129717418,-325.09917235037665
5249.379204110259,5529.241785649643,-279.86258153938434
5264.823181906152,5221.604086364586,43.219095541566276
5241.642758342031,5483.667924741849,-242.02516639981786
5253.880452493847,5208.8511334282175,45.02931906562935
5257.666259286528,5554.553166264333,-296.88690697780567
5244.776222272467,5106.1537051186115,138.62251715385537
5247.485267592394,5321.041922303511,-73.55665471111661
5243.56172964781,5463.065542905875,-219.50381325806484
5266.3058579967665,4501.649527191518,764.6563308052482
5236.258584107527,5008.0567429061475,228.20184120137947
5271.266968123836,5568.83446080834,-297.56749268450403
5491.296512690923,5519.798155002618,-28.501642311694923
5515.835526234603,5207.45809078542,308.3774354491834
5488.323875660114,4529.800367615651,958.5235080444627
5516.9585163088805,5565.376492434155,-48.417976125274436
5226.748247349055,5216.471104566604,10.277142782451847
5207.894413961341,5148.77554491532,59.118869046021246
5228.422454462278,5509.396712303821,-280.97425784154257
5216.128742049148,5537.168878350575,-321.0401363014271
5210.050256360104,5529.00030355483,-318.9500471947258
5219.774831322746,4562.092464096733,657.6823672260125
5224.168051883618,5538.231788508831,-314.0637366252131
5238.490311072906,5529.162942693713,-290.6726316208078
5517.82754156081,5514.59100358847,3.2365379723396472
5528.6356734661795,5198.5317612879135,330.103912178266
5536.690562313015,5521.592161928947,15.098400384068555
5547.384267350667,5173.903417053286,373.48085029738104
5516.02091444941,5192.047807119894,323.9731073295161
5542.085928297775,5551.766978990672,-9.68105069289686
4857.891979023138,4874.994461007282,-17.102481984143196
5489.700526775652,5530.938727490899,-41.23820071524642
5474.845958272103,5086.057824751335,388.7881335207685
5487.632971196618,5540.812643466907,-53.17967227028839
5509.419534345948,5379.858417841066,129.5611165048822
4453.978789278777,5210.39181819727,-756.4130289184932
5502.239170373897,5189.514291953767,312.72487842013015
5512.742697399333,5565.654435820638,-52.91173842130502
5486.8141055165715,4525.504507794613,961.3095977219582
5513.56290246905,5205.294828519205,308.2680739498446
5511.3165869521235,5429.164414030313,82.15217292181023
5522.456570307553,5540.7842963991,-18.327726091546538
5519.709734062877,4576.766897286778,942.9428367760993
5514.927694392855,5197.676383477441,317.25131091541425
5519.167410161486,4592.782375796258,926.3850343652284
5515.890838868603,5177.102155915086,338.7886829535173
5494.256825456187,5298.471455264484,195.7853701917029
5513.410176604844,5511.969855996011,1.4403206088336447
5506.238807252955,5239.12649212589,267.1123151270649
4451.82344147543,5591.101643241257,-1139.2782017658274
5528.396321503817,5221.854737968904,306.5415835349122
5522.9599164883175,5610.135135889901,-87.17521940158349
5519.192415519303,5437.690365230279,81.50205028902383
5504.779975492006,5204.868071894143,299.9119035978629
5504.2548493694285,5546.17267665472,-41.91782728529142
5505.128975887154,5238.972389333395,266.15658655375955
5511.93083108307,5563.507255001335,-51.57642391826448
5511.266351414318,5051.528097016241,459.7382543980766
5514.335016009819,5535.984276877697,-21.649260867878183
5515.027139839406,5546.862124024467,-31.83498418506133
5497.511403554719,5208.265489310996,289.24591424372375
5502.9015924277055,4697.896292137993,805.0053002897121
5493.900195101086,5524.399311656162,-30.499116555076398
4461.962175343762,4602.756983513171,-140.7948081694085
5471.5500576799495,5528.0629232100055,-56.51286553005593
5486.966936583453,5543.502849487664,-56.53591290421082
5474.407110487452,5207.137697688246,267.2694127992063
5489.140235421328,5534.816250315985,-45.67601489465687
5510.386197409134,4961.960243070621,548.4259543385133
5507.892172866989,4579.338011082036,928.5541617849531
5498.942412904899,5482.071126167459,16.87128673744064
5515.203387516485,4917.022349691172,598.1810378253131
4774.641883543159,4562.528554369703,212.1133291734559
5197.622870170471,5316.103555125413,-118.48068495494135
5208.329860588268,5552.51661557999,-344.1867549917215
5208.155475993044,5213.740301783668,-5.584825790623654
5201.853517118719,5162.883055139163,38.970461979555694
5210.979310481312,5513.754978026215,-302.7756675449036
5212.927330446898,5055.425388912888,157.50194153401026
5196.917683728298,5207.185679776188,-10.267996047890847
5249.379204110259,5242.545868538867,6.833335571392126
5235.896724834925,5468.286119118663,-232.3893942837376
5271.4474281089215,5531.287696840078,-259.84026873115636
5250.191143417212,5544.742995478303,-294.55185206109127
5250.874820468972,4544.197506400977,706.6773140679952
5255.698978651536,5327.762162154399,-72.06318350286347
5254.8831791925895,5432.787117456845,-177.90393826425588
5247.580596299874,5202.894461575867,44.68613472400648
5241.305048983055,4574.728678076032,666.5763709070225
5238.8394579373735,4717.956111593499,520.8833463438741
5262.0812949786105,4562.610407975841,699.4708870027698
5500.059499489353,5463.716224319289,36.34327517006386
5494.443964019731,4879.731774933561,614.7121890861699
5517.6608115904,5515.990276538587,1.6705350518132036
5523.74897332288,4870.909808484446,652.839164838434
5218.980755340641,5549.47725790621,-330.49650256556924
5224.126423069601,5015.476110194919,208.65031287468173
5193.965333958656,5508.978775899805,-315.0134419411497
5250.059508714772,5352.905346776226,-102.84583806145383
5225.157895924672,5562.3972931532335,-337.23939722856176
5220.7838028589495,5593.941988503743,-373.1581856447938
5206.239227287589,4526.422279497777,679.8169477898118
5218.854071670758,5045.662898607077,173.19117306368025
5532.796968494259,5207.659862588119,325.1371059061403
5521.009355615587,5528.996461592649,-7.987105977062129
5523.995081265117,5459.994859047327,64.00022221779
5533.786112462376,5403.920924850577,129.86518761179923
5537.819640695314,5499.670493476677,38.149147218637154
5523.0082982588665,5506.12515669893,16.88314155993612
4854.305361505146,5209.501632564982,-355.19627105983636
5480.213637252143,5524.053216807592,-43.839579555449745
5481.603823055523,5552.496210431755,-70.89238737623145
5490.071305348412,5439.315664193679,50.755641154732984
5486.872290318202,5207.688304204744,279.18398611345856
4445.460794559019,5197.434695161187,-751.9739006021682
5521.044663654549,5551.350539408647,-30.305875754097542
5488.422087482709,4689.847428003853,798.5746594788561
5505.134440818189,5115.412294606671,389.7221462115185
5528.9670650183,5225.784091457814,303.18297356048606
5501.466132328589,5499.181678979986,2.284453348603165
5500.183258542971,4420.8722193265185,1079.3110392164526
5501.692014236788,5506.987452549289,-5.295438312500664
5511.6274369605535,4889.919984721542,621.7074522390112
5496.374733175524,5197.039073315977,299.3356598595474
5501.498002536886,5002.070807670726,499.4271948661599
5505.322949102385,5561.921560603176,-56.59861150079087
5497.941344850823,5517.5879338840305,-19.64658903320742
5498.12978763297,4585.321862798698,912.807924834272
4461.025485808184,4591.8829851811615,-130.85749937297714
5522.671330229819,5209.543698197581,313.1276320322386
5515.815515432175,5600.068090832422,-84.25257540024722
5511.553770979557,5511.723700784043,-0.16992980448594608
5518.976743612146,5510.922069533023,8.054674079122378
5501.366162181435,5502.243571024717,-0.8774088432819553
5498.191438138158,5550.049887859132,-51.85844972097311
5509.268007998411,4538.693739755431,970.57426824298
5515.318168663992,5508.719458977258,6.598709686733855
5510.089324336467,5526.875820390908,-16.78649605444116
5494.032537161667,5533.430347662267,-39.39781050059992
5519.275990336164,4560.007206223087,959.2687841130764
5519.53637733694,5201.731905024531,317.8044723124085
5509.503400124919,5551.131537631633,-41.628137506714666
4439.157808652423,5532.867778712606,-1093.709970060183
5494.860123247027,5336.123747172831,158.73637607419641
5479.761353929608,4549.354026027608,930.4073279020004
5485.702375780787,5208.788495671225,276.91388010956234
5492.4768946151635,4572.718119553077,919.7587750620869
5507.892172866989,5494.416358562045,13.475814304943924
5513.604799977339,5020.224386852898,493.3804131244415
5503.567633373416,5486.103754381198,17.46387899221827
5503.0666828340345,5347.014094419849,156.05258841418527
4750.065386565253,5314.054542194605,-563.9891556293524
5201.169815284042,5472.700579965802,-271.53076468176005
5190.148891524968,5517.754626467147,-327.60573494217897
5203.105928363407,5208.537645904088,-5.431717540681348
5191.186640528566,5306.304089918282,-115.11744938971606
5193.00477158645,5500.679553404535,-307.67478181808474
5225.05508596519,5228.201926959875,-3.1468409946846805
5206.687610313508,4708.259324430128,498.42828588338034
5249.379204110259,4872.426264978267,376.952939131992
5237.663015158476,5513.479192760323,-275.8161776018469
5267.536025523602,5222.058162468348,45.47786305525369
5249.527185066579,5325.299401169317,-75.77221610273864
5246.201739253203,5441.395889077737,-195.19414982453327
5240.964990687761,5546.916383782685,-305.95139309492424
5246.977870939375,5493.0500863848565,-246.07221544548156
5255.3023419531155,4549.826447797896,705.4758941552191
5238.874776917762,5537.529254248079,-298.6544773303176
5258.410502526242,5325.418437764881,-67.00793523863831
5256.041775658883,5508.365085763176,-252.32331010429243
5494.876402813905,5202.01226959276,292.8641332211446
5510.3689242030105,5212.274893952503,298.0940302505078
5511.763003058872,5268.668407379548,243.0945956793239
5512.929179451972,5505.53502821501,7.394151236961989
5244.386478876199,5566.631913129878,-322.24543425367847
5218.280018668877,5533.862544599737,-315.58252593085945
5219.121274892654,5195.439932373849,23.68134251880474
5233.988836332709,5359.589603834636,-125.6007675019273
5225.6146281346555,5559.293733761489,-333.6791056268339
5223.934057145915,5553.632892477358,-329.69883533144275
5220.826455411971,5205.732978189813,15.093477222158072
5213.047348846888,5152.619362635793,60.42798621109523
5550.214677777337,5523.944984671207,26.269693106130035
5542.164381788752,4738.641004976843,803.5233768119087
5531.6034913551475,5557.956270658557,-26.35277930340908
5540.728310279135,5170.362074789514,370.36623548962143
5535.100718113209,5518.948678582434,16.152039530775255
5527.750731051118,5558.656771664114,-30.90604061299564
4846.738823738681,4548.364498870845,298.37432486783655
5476.196240521082,5529.084344384085,-52.88810386300338
5488.235734051217,5541.661308046682,-53.42557399546513
5487.5240324772585,4558.904319731636,928.6197127456226
5482.539387135554,5424.532015913705,58.00737122184819
4446.146695380171,5157.784228290657,-711.6375329104858
5521.968047329498,5533.676192451447,-11.708145121948291
5518.766417016895,5561.620440052404,-42.85402303550927
5510.986343397497,5013.876015654874,497.11032774262276
5495.571916491517,5525.296557462023,-29.72464097050579
5520.496938025817,5550.472172182585,-29.975234156768238
5520.924038651382,5555.477299867068,-34.55326121568578
5519.40898312507,5523.891637013432,-4.48265388836171
5518.3235556663885,5578.317541917686,-59.99398625129743
5516.157695731934,4816.811320818712,699.3463749132216
5512.8790040952035,5348.556845429015,164.32215866618844
5522.69662406051,5552.951584033038,-30.254959972528013
5541.505222272226,5572.545579515674,-31.040357243447943
5507.842617371663,5551.328024597472,-43.48540722580856
4449.113705824021,5421.145443218415,-972.0317373943935
5504.322945369349,4527.891207471681,976.4317378976684
5525.621411347623,5567.729173567435,-42.107762219812685
5507.074533230555,5199.0291922571305,308.0453409734246
5510.737394512238,5417.252648991628,93.48474552060998
5504.830154789568,5512.141877249401,-7.311722459832708
5501.72968147746,5233.502721732859,268.2269597446011
5514.914955707095,5177.996761672703,336.9181940343924
5492.423552044651,5525.350398654838,-32.92684661018666
5503.585343174943,5155.064763607907,348.5205795670363
5479.589487800337,5509.747425685226,-30.15793788488827
5510.454212441055,5550.732338532826,-40.27812609177181
5503.423100509857,4531.026254456391,972.3968460534661
5508.357655707502,5209.989081126086,298.3685745814164
4445.5578044505,4869.537237828326,-423.97943337782635
5471.250462339221,5547.273008184966,-76.0225458457453
5495.706957496701,5567.67662433824,-71.96966684153904
5495.852641934123,4600.221768656538,895.6308732775851
5485.554040741609,5532.347299677615,-46.79325893600617
5498.942412904899,5105.573153871503,393.3692590333967
5503.567633373416,4587.02389221163,916.5437411617868
5516.46506689242,5611.423642334988,-94.95857544256796
5487.951512664522,5457.1161947127075,30.83531795181443
4752.145029011285,4866.487860734009,-114.34283172272353
5204.325197106882,5549.804353340642,-345.47915623375957
5214.947691371694,5218.874188989256,-3.926497617561836
5206.22942566645,5601.521010678909,-395.2915850124591
5193.037193124533,5308.855868688544,-115.81867556401176
5182.250935241058,5192.001319042011,-9.750383800953387
5198.811276363179,5538.448808600125,-339.63753223694584
5204.245072567614,5574.174085399373,-369.9290128317589
5249.379204110259,5160.295882845777,89.08332126448204
5250.205290213483,5539.989534215193,-289.78424400171025
5250.128364359533,5020.5344153663245,229.59394899320887
5246.839560732076,5487.0346660769665,-240.19510534489018
5248.585785108113,5495.446727308469,-246.86094220035648
5248.17432390728,5541.630466566963,-293.4561426596829
5260.003771634639,5535.3807464930405,-275.3769748584018
5259.694153795909,5529.481375677671,-269.787221881762
5246.106887352107,5496.123366683262,-250.0164793311551
5253.49851697638,4868.713775966833,384.78474100954736
5243.415101045491,5333.6515330975135,-90.23643205202279
5505.9380098478705,5216.186980998827,289.7510288490439
5508.540766684359,5539.014648542242,-30.47388185788259
5511.790514162062,5520.395222779669,-8.604708617606775
5486.144670169159,5539.957361355897,-53.81269118673754
5224.561450960718,5212.706939730095,11.854511230622848
5230.56373196862,5535.567968547337,-305.0042365787167
5200.79432498561,5531.8534542695415,-331.0591292839317
5220.426192883882,5436.5115300611515,-216.08533717726914
5221.23068329707,5195.084832178136,26.145851118933933
5227.217051409499,5102.3221080030335,124.89494340646525
5215.068380797335,5466.119061000306,-251.0506802029713
5233.512435971899,5171.9069439741625,61.60549199773686
5528.108487278483,5486.102513867111,42.005973411372
5535.279262468176,5556.519380694955,-21.240118226778577
5532.584115071922,5218.455897632014,314.12821743990753
5535.802701618563,5567.435277363697,-31.63257574513409
5541.915713369443,5570.012441578998,-28.096728209554385
5549.4413631952675,4553.012249687996,996.4291135072717
4855.33152960212,4541.059588465766,314.27194113635414
5494.13478420964,5455.427691057493,38.707093152147536
5477.477529118064,5232.971110279974,244.5064188380902
5485.638920714892,5529.468368523703,-43.82944780881098
5480.493494354476,5546.57175019058,-66.07825583610429
4450.173350524273,5220.407110343776,-770.2337598195036
5509.5429842841695,5334.747844454948,174.79513982922163
5516.478549270547,4596.537705483705,919.9408437868415
5520.6765810645065,5550.0427630690765,-29.366182004569964
5495.430239169003,5411.345696169834,84.08454299916866
5504.424278552441,5430.006470253208,74.417808299233
5514.956985663226,5500.355088328647,14.601897334579007
5522.759997508588,5349.718724075316,173.04127343327218
5485.549027992597,5140.547419100004,345.00160889259314
5513.876604692907,5210.198080266432,303.6785244264747
5528.229607968753,5547.863843896604,-19.63423592785057
5516.700895940542,5323.372369927043,193.32852601349896
5506.153004144225,5506.162507365523,-0.009503221298473363
5505.273333835133,5524.316499668893,-19.043165833760213
4455.912684928311,5170.023445070933,-714.110760142622
5501.983133623518,4872.826982292269,629.156151331249
5519.13216729308,5539.89450761505,-20.76234032197044
5519.626577448859,5034.296664619907,485.32991282895273
5514.635487036613,5486.36897869835,28.26650833826352
5529.155502259261,5444.977789786535,84.17771247272594
5530.558000310675,5510.7375341825145,19.82046612816066
5513.439969847202,5520.115497225773,-6.675527378571132
5511.696666724823,5552.598527956174,-40.90186123135027
5509.731371475258,5515.174915432014,-5.4435439567560024
5517.746805736142,5212.7599928246555,304.9868129114866
5497.334350710734,5488.1630024640945,9.171348246639354
5501.772729603126,5465.555074956763,36.21765464636337
5507.898956650223,5550.5043957505695,-42.6054391003463
4444.7063339755305,5564.941643128999,-1120.2353091534687
5472.606622479781,5040.7825384483385,431.8240840314429
5486.612210257908,5165.719038798925,320.8931714589835
5490.9045838036955,5501.896785909797,-10.992202106101104
5491.233947599252,5537.912165900578,-46.678218301325614
5515.203387516485,4566.553943112856,948.6494444036289
5503.0666828340345,5543.689537208195,-40.62285437416085
5487.951512664522,5554.091232959619,-66.1397202950975
5500.565345478269,4553.767692420628,946.7976530576407
4760.472577134822,5218.351365668831,-457.8787885340089
5194.47281501438,5553.908680810956,-359.43586579657585
5194.833564305209,5122.368478961895,72.46508534331406
5214.138390180989,5176.668496400837,37.469893780151324
5206.989593506017,5484.162685052462,-277.173091546445
5204.455475599354,5179.199810943885,25.255664655469445
5204.3899080857045,4582.851618392568,621.5382896931369
5191.948961206674,5501.519491517508,-309.57053031083433
5249.379204110259,5551.45963105172,-302.08042694146116
5250.151995147914,5526.279899541293,-276.12790439337914
5259.418460313383,5537.946097227669,-278.52763691428663
5252.9975425061875,5053.236568446985,199.76097405920245
5274.072980518164,5186.262213416515,87.81076710164871
5245.222411179706,5532.393184441377,-287.17077326167146
5247.608757967833,5169.737009123719,77.87174884411434
5240.403152814109,5542.955274780345,-302.552121966236
5244.324548561299,5198.890564753321,45.43398380797771
5258.892757558206,5211.65867082449,47.23408673371523
5250.295984245585,5464.45249774563,-214.15651350004555
5495.74820622767,5525.762823780317,-30.014617552646996
5501.704660744178,5553.411673804293,-51.70701306011506
5501.531407427688,5529.141696769464,-27.61028934177648
5501.133216967516,5553.823385086196,-52.69016811868005
5240.408241372705,5062.8589524072795,177.54928896542515
5231.0729326391065,5327.404094973211,-96.33116233410419
5234.978898335312,5483.651182855513,-248.67228452020117
5225.622075309941,5163.603446957658,62.018628352282576
5215.645855078166,5511.145518073675,-295.4996629955085
5238.902197873661,5213.594270347171,25.307927526489948
5205.266065651527,5509.025130500313,-303.7590648487858
5217.628761524079,5552.106399663159,-334.4776381390802
5523.262949088443,5198.783661520684,324.47928756775855
5509.439992479974,4577.4608487886035,931.9791436913702
5562.528641271415,5369.427336471896,193.1013047995193
5528.75694639871,4544.153131427919,984.6038149707911
5544.590939538357,5484.653116342784,59.93782319557249
5536.8655961151135,5553.230303252764,-16.36470713765084
4866.03339100636,4748.428544186367,117.60484681999333
5503.112606160168,5538.397709392577,-35.2851032324088
5490.207875590822,4724.966914796417,765.2409607944055
5478.26912378704,5308.220113738239,170.0490100488014
5489.001828814389,5103.78487442701,385.2169543873788
4441.27231738905,5547.743664584986,-1106.4713471959358
5510.8048699858155,5529.805451283573,-19.00058129775789
5512.085679633316,5543.443638568637,-31.357958935320312
5516.981650094144,5601.070570839859,-84.08892074571486
5524.653691482416,5484.681211385058,39.97248009735813
5505.802964120323,5170.1027543588825,335.7002097614404
5520.105359099934,5555.542455018457,-35.43709591852348
5513.42674998165,5556.450967593087,-43.02421761143705
5507.370199860661,5525.456518574366,-18.086318713704713
5499.186083717957,5520.099383017028,-20.913299299070786
5499.926798776228,5551.695561850787,-51.7687630745595
5519.669594063229,5214.247962137404,305.42163192582484
5513.68244826789,5202.943311266017,310.73913700187313
5521.273263881766,5183.994997859657,337.27826602210916
4449.3456886173935,5003.031213360714,-553.6855247433205
5499.681458046778,5459.388532343878,40.29292570289999
5523.637753227132,5178.162914913161,345.4748383139704
5497.123840838386,4869.265561530639,627.8582793077467
5509.847492495936,5553.019206672323,-43.17171417638656
5515.263614804858,4560.080528610286,955.1830861945718
5511.1217703801885,5210.937513055355,300.1842573248332
5536.304109012007,4563.116213311597,973.1878957004101
5502.029032911103,5192.243396812308,309.7856360987953
5511.637030355894,4958.221885979227,553.4151443766668
5499.895759020524,5530.551629794144,-30.655870773620336
5501.107896315828,4562.133082688523,938.9748136273047
5515.974034962427,5499.168296467731,16.805738494696016
5496.366547149933,5195.861735766357,300.50481138357554
4449.082850338144,5211.278791502431,-762.1959411642865
5507.178415576234,5230.486857349304,276.6915582269303
5506.788116416999,4607.331904587503,899.4562118294962
5485.856660109106,5544.264191571725,-58.40753146261886
5473.756162044985,5499.759441734995,-26.00327969000955
5513.311774260649,5575.579169214653,-62.267394954003976
5495.999041552089,4884.065561713281,611.9334798388081
5493.244774477183,5505.6563876953205,-12.411613218137973
5513.954139595874,5447.887365700177,66.06677389569722
4763.935667976471,5324.791111675188,-560.855443698717
5208.912355351925,4567.548562941902,641.363792410023
5211.800461494175,5360.8161549211045,-149.01569342692983
5201.448493425769,5539.16330974431,-337.7148163185411
5189.239642539287,5042.51270252516,146.72694001412674
5188.592564902574,4541.279203501793,647.3133614007811
5198.651444359609,5316.394375987189,-117.74293162758022
5194.319070310658,4551.728603491109,642.590466819549
5249.379204110259,5549.480349013713,-300.10114490345404
5236.6169426443,5512.335845608764,-275.7189029644642
5253.349043091631,5555.794861776364,-302.44581868473324
5244.287720095311,5561.678447993185,-317.39072789787406
5252.647092377384,5567.442580055245,-314.7954876778613
5250.296796259545,5561.689886598878,-311.39309033933296
5246.091796523928,5548.3311048466385,-302.2393083227107
5252.139450173673,5555.086193750542,-302.94674357686927
5259.716933732682,5204.204125144246,55.5128085884362
5246.436623552953,5004.769608769696,241.6670147832574
5256.564654740062,4882.490037971455,374.0746167686066
5487.3502263485425,5539.808307387592,-52.45808103904983
5501.2025774584,5418.6897939652745,82.51278349312543
5507.143477220151,5175.943426975271,331.20005024488
5497.0408696300265,5171.51181768337,325.5290519466562
5225.331952123512,5554.678727588189,-329.3467754646772
5224.966563821572,5518.492672060241,-293.5261082386687
5250.059508714772,5500.5677483647305,-250.50823964995834
5218.702983232692,4555.204345512559,663.498637720133
5222.2711106236675,5567.280702537471,-345.0095919138039
5221.821579301199,4705.266346418297,516.5552328829017
5229.661105472729,5563.04099236754,-333.3798868948106
5224.500182082314,5435.32865995899,-210.82847787667652
5542.164381788752,5050.454505250738,491.7098765380133
5528.205973715053,5500.229683857627,27.97628985742631
5517.861809085757,5342.5505075649835,175.31130152077367
5525.4449641491365,5312.440843686733,213.00412046240308
5552.050116537941,5550.114713514113,1.9354030238282576
5541.495245354122,5571.1442356733005,-29.648990319178665
4866.119185015691,4605.101558016061,261.01762699963
5503.894910652028,5192.315965053468,311.5789455985596
5490.8685089975515,5566.296001750323,-75.42749275277129
5490.733137670454,5508.221149697604,-17.488012027150035
5496.650338851429,5217.659133247988,278.9912056034409
4435.861603218063,5493.137818296396,-1057.2762150783337
5516.478549270547,5556.806797325529,-40.328248054982396
5521.954874135238,5473.379499579246,48.57537455599231
5530.632993089812,4564.600282135059,966.0327109547525
5500.488508601358,5307.5149964436605,192.97351215769777
5501.579674344302,5212.534257712728,289.04541663157397
5500.313112921676,4560.265905936388,940.0472069852885
5516.729655724335,5330.933224257468,185.79643146686703
5498.325113123917,4548.08001026885,950.2451028550668
5512.420016393447,5536.624336604453,-24.204320211005324
5498.33191263531,5406.297656409556,92.03425622575378
5506.931789338481,4873.472206721254,633.4595826172272
5495.722694342315,5534.720730152281,-38.998035809966495
5529.261751989729,4571.2187411958475,958.0430107938819
4463.495110580244,5475.804647218207,-1012.309536637963
5519.528227747032,5534.33704917357,-14.808821426538088
5507.728138168274,5212.211987439758,295.51615072851655
5498.191438138158,5585.51345606836,-87.32201793020158
5513.167135523316,5207.994757322079,305.1723782012368
5486.248949601808,5459.294668607335,26.954280994473265
5514.7119094720265,5516.0368577940635,-1.3249483220370166
5514.250916511733,5199.000472444791,315.2504440669418
5519.0304946959905,5324.913555592145,194.11693910384565
5510.140409050542,4488.602235044901,1021.5381740056409
5511.563403413305,5494.498573033059,17.06483038024635
5525.025638258181,5487.54068083529,37.48495742289106
5514.383391549277,5052.521205969656,461.8621855796209
5509.554813330521,5551.42832177632,-41.873508445799416
4452.954234940858,5477.175267061829,-1024.2210321209704
5461.964569590183,4524.120161102101,937.8444084880821
5475.246673010475,4527.10949891245,948.1371740980248
5485.9499643804975,5542.835928810093,-56.88596442959533
5499.0938586089205,5224.477534431443,274.6163241774775
5497.207551308631,5203.137983342244,294.0695679663868
5500.586486862083,5021.775988554177,478.8104983079056
5505.251975676205,5502.825707572916,2.4262681032887485
5490.9915996126365,5542.587734956961,-51.596135344324466
4761.087553890723,4545.234721417806,215.85283247291682
5196.63361374759,5563.21818965586,-366.5845759082704
5215.210018397289,5355.974531219414,-140.76451282212474
5197.96244577421,5435.350540437554,-237.3880946633435
5219.663594588316,5509.0745683642135,-289.4109737758972
5199.488296109466,5019.6144242656155,179.8738718438508
5188.740158590709,5513.997004837378,-325.25684624666883
5211.1976708156635,5564.381018351249,-353.1833475355852
5249.379204110259,5549.480349013713,-300.10114490345404
5263.563574367073,5484.726233118527,-221.16265875145382
5243.749904603722,5474.463915519234,-230.71401091551252
5247.936636357275,4416.486868450398,831.4497679068772
5253.250773911334,4704.294169057383,548.9566048539509
5241.196847369226,5194.2000604027735,46.99678696645242
5255.8004300541725,5515.366021515568,-259.56559146139534
5247.088600369106,4582.836595888814,664.2520044802914
5252.017880659052,5510.152608655243,-258.13472799619103
5276.316666899111,5286.516096473826,-10.199429574715396
5237.886462392092,5457.717044877606,-219.83058248551424
5500.559948120124,4559.745739982719,940.8142081374053
5503.659804237636,5543.547714935661,-39.887910698024825
5503.526758914654,4875.488926886252,628.0378320284026
5512.1965287715575,5483.186993706285,29.009535065272757
5217.040888639115,5557.536202403507,-340.49531376439154
5226.7723474222685,5418.416014281881,-191.6436668596125
5229.5854599377035,5533.579267274934,-303.99380733723046
5227.505547834159,5569.020193735075,-341.51464590091564
5226.051885158789,5474.476500771817,-248.42461561302753
5207.101173109275,5448.32588486536,-241.22471175608553
5228.497179478506,5202.031495872026,26.465683606479615
5219.488586588157,5527.091006570047,-307.6024199818903
5538.000165300128,5530.144926182863,7.855239117265228
5540.590334039398,4903.579193948412,637.0111400909864
5537.112228146465,5347.493637207013,189.61859093945168
5525.0290527936995,5202.724150615287,322.3049021784127
5533.412470502917,4879.306430525253,654.1060399776643
5529.673980153392,5107.019758066423,422.65422208696964
4842.119473306149,5497.006314799533,-654.886841493384
5487.884494442266,5195.074903354124,292.80959108814204
5488.325296049423,5200.344603028019,287.98069302140357
5487.452271793018,4553.357796963757,934.0944748292604
5497.377789041196,4884.650788164142,612.7270008770538
4451.64986386256,4593.401396320882,-141.7515324583219
5505.137564037102,4540.106783712286,965.0307803248152
5500.547092922631,5532.814450211247,-32.26735728861604
5506.072959157271,4866.844950880304,639.2280082769666
5504.136210748655,5423.481233339023,80.65497740963201
5501.146287326936,4838.763959105484,662.3823282214516
5513.2241268410435,5557.075371139765,-43.85124429872121
5508.631145312689,5501.44386708205,7.1872782306390945
5515.282231471347,5477.5406869673925,37.741544503954174
5534.160582284688,4560.457718874513,973.7028634101744
5508.581173767283,5202.544570623387,306.0366031438962
5517.074036212044,4811.341731850556,705.7323043614879
5506.252890879009,5537.2644935175695,-31.011602638560362
5500.769262095718,5188.783177056331,311.98608503938704
4454.144708181975,5541.741279209828,-1087.5965710278524
5518.720380830217,5422.691339380031,96.02904145018601
5506.888718689444,5558.850227588367,-51.96150889892215
5502.730935502224,4720.916805009262,781.8141304929622
5523.916404629918,5584.357916217175,-60.44151158725708
5508.260536698073,4888.282790447466,619.9777462506072
5503.535984436724,5533.117980354811,-29.58199591808716
5492.761707141609,5308.6205478915335,184.14115925007536
5509.610676240857,5555.593937467505,-45.98326122664821
5502.30298849527,5587.101122290762,-84.7981337954916
5516.162308773727,5528.039967230305,-11.877658456577592
5517.096369704172,5559.559611663846,-42.46324195967463
5512.199920000077,5551.015102262752,-38.81518226267508
5514.173145769456,4494.282082870774,1019.8910628986823
4443.430533655601,4589.253809087705,-145.8232754321043
5482.709167999979,5188.494691693805,294.2144763061742
5476.26025296513,5534.9981959126235,-58.73794294749314
5485.290137553887,5244.438868655437,240.85126889845014
5485.213634990143,5209.1953908008,276.018244189343
5508.5973201702855,5222.628512308336,285.96880786194924
5487.5856164746,5164.021295182965,323.56432129163477
5514.796368575611,5578.835942884823,-64.03957430921218
5495.032403173566,5104.904772452153,390.12763072141297
4763.826200564169,4888.056529179387,-124.23032861521824
5215.210018397289,5557.19400625634,-341.983987859051
5194.1526110771865,5507.421304380499,-313.26869330331283
5193.460538092265,5468.323414296927,-274.8628762046619
5195.243957842823,5504.8280214461365,-309.58406360331355
5192.7294640056625,5213.265973729729,-20.53650972406649
5202.729171959447,5551.33460288792,-348.60543092847274
5205.07430753223,5208.507570074577,-3.43326254234762
5249.379204110259,5339.264632379831,-89.885428269572
5244.399003189549,5564.889672917334,-320.49066972778473
5250.212301236459,5500.81280121827,-250.60049998181057
5255.449330006108,5556.832538696518,-301.38320869041036
5246.784098891285,5427.297307645358,-180.51320875407328
5235.769653647587,5527.222067987315,-291.4524143397284
5249.106272824838,4885.361942185496,363.74433063934157
5267.883418510386,5026.732664183383,241.1507543270027
5240.148120136059,5581.260185378377,-341.11206524231784
5250.205133958969,5523.730995460874,-273.5258615019047
5275.385989701901,5366.487423300827,-91.10143359892572
5487.542934580279,5481.145058777145,6.397875803133502
5496.5244799034745,4410.860053505179,1085.6644263982953
5490.702241861489,5524.706228466179,-34.00398660469
5497.1962592514055,5030.3362466374265,466.86001261397905
5231.776740947596,5538.812990751868,-307.0362498042714
5213.419941794933,5468.177787530522,-254.7578457355894
5221.287803306416,5531.791396966987,-310.5035936605709
5233.04134470795,4596.887945912671,636.1533987952789
5234.198262434467,5522.353721679477,-288.1554592450093
5223.748130433912,5492.352864396216,-268.60473396230464
5237.522322023375,5488.856941428382,-251.3346194050073
5231.112812808116,5438.357111428422,-207.24429862030593
5537.331870576831,5225.388180954121,311.9436896227098
5529.7980100964,5161.848315728061,367.9496943683389
5527.754287930721,5548.754464471955,-21.000176541233486
5528.138954868777,5187.656124234437,340.48283063433973
5530.530288240088,5049.573007241304,480.957280998784
5533.895779845968,5206.080487457138,327.81529238883013
4855.478894583577,4542.254879985648,313.22401459792945
5494.872061525027,5423.615089366804,71.2569721582231
5499.027954373625,5033.175582332888,465.85237204073746
5479.389771757623,5564.388474953861,-84.99870319623824
5504.627650728545,5041.160041367314,463.46760936123064
4445.498343360169,5539.114256764886,-1093.6159134047166
5520.6765810645065,5522.7303770855,-2.0537960209931043
5530.632993089812,5551.832750397425,-21.199757307613254
5513.8358138457415,5506.060495737836,7.77531810790515
5504.102164114235,4727.720912564783,776.3812515494519
5528.1269250192345,5222.7413836592195,305.38554136001494
5495.758512631421,5179.931522456516,315.8269901749045
5495.625197486159,5468.549537564429,27.07565992173022
5518.168046724847,5549.037727359629,-30.869680634781616
5503.491241257318,5508.960509624058,-5.469268366740835
5515.875692213319,5201.8593444268345,314.0163477864844
5503.802894379575,5546.469661589816,-42.66676721024032
5520.215211638232,4547.130706932659,973.0845047055727
5511.852690612167,5173.297604573497,338.5550860386702
4447.542698497552,5507.721216751007,-1060.178518253455
5501.2366455944075,4545.081772893179,956.1548727012287
5508.78688679649,5494.639518205403,14.147368591086888
5517.423844970439,5559.695729386063,-42.2718844156243
5514.333247589005,4548.420038035742,965.9132095532623
5510.848907002192,5564.557165104918,-53.70825810272527
5508.784690978779,5529.627820249203,-20.84312927042447
5519.877541748348,5202.026198885481,317.85134286286757
5525.692923695254,5558.601224661639,-32.90830096638547
5520.859484239063,5020.561807769268,500.2976764697951
5513.87928832117,5535.501143778902,-21.621855457731726
5511.197108060074,4955.505603687893,555.691504372181
5522.695397546862,5122.659569667335,400.03582787952746
5510.917308479842,5522.871835009094,-11.95452652925178
4441.148582240109,5500.800776391766,-1059.6521941516567
5472.285523892341,5528.30111623895,-56.01559234660908
5476.916382510114,5511.370684261492,-34.4543017513779
5469.744266677337,4530.748535361418,938.9957313159184
5489.812684356021,5564.5925142105825,-74.77982985456129
5508.423036771266,4717.828356433749,790.5946803375173
5503.010410625098,5478.795541864059,24.214868761039725
5506.245535692468,4571.89301454195,934.3525211505184
5512.00356853602,5463.957620193792,48.04594834222826
4758.795744940026,5539.16330974431,-780.3675648042836
5197.96244577421,5429.376607348014,-231.41416157380354
5193.460538092265,5502.117775445022,-308.65723735275697
5203.299828377116,5554.319386315614,-351.0195579384981
5196.046857893133,5170.221507607955,25.8253502851785
5207.049625060127,5537.21500888478,-330.16538382465296
5204.242424504882,5013.417884621835,190.8245398830477
5198.556060700135,5195.737373427722,2.8186872724136265
5249.379204110259,5549.480349013713,-300.10114490345404
5277.640213582749,5138.509046050459,139.13116753229042
5251.027781913868,5550.422954990316,-299.39517307644746
5264.253844304256,5519.737184506775,-255.48334020251878
5256.049122910136,5560.642803594261,-304.5936806841246
5253.985315538175,5529.8868289427055,-275.9015134045303
5237.58686072304,5158.554607904723,79.03225281831783
5260.862906262709,5227.79998463833,33.06292162437876
5253.714663935519,5037.971578895744,215.743085039775
5269.424775614451,5258.245282896226,11.179492718225447
5242.37888225012,5530.346467067077,-287.96758481695724
5491.661883723398,5522.445916846373,-30.784033122974506
5499.474551800478,5538.991433877193,-39.516882076714865
5515.002783886018,5484.090169548249,30.9126143377689
5501.766921650052,5475.358305527208,26.40861612284334
5212.72735224323,5543.543391307144,-330.8160390639141
5226.28449606916,5506.4443156526995,-280.1598195835395
5214.558037541184,5536.3225559927,-321.76451845151587
5233.622386197384,5186.721966570871,46.90041962651321
5219.420764485843,4540.418117431031,679.0026470548128
5218.5775086966705,4724.640292512216,493.9372161844549
5224.8533310456505,4567.601698346848,657.2516326988025
5206.202407585136,4532.115846106201,674.0865614789345
5531.6034913551475,4844.041042707973,687.5624486471743
5517.861809085757,5538.525043657493,-20.66323457173621
5538.594218174161,5475.918664608168,62.67555356599314
5544.217127818788,5183.735009810867,360.4821180079207
5533.980144224895,4539.999454553666,993.9806896712298
5540.169429480602,5361.116484103267,179.05294537733516
4879.15184389008,5452.199046914912,-573.047203024832
5478.088358401324,4840.772606246704,637.31575215462
5496.654164963534,4885.271089435475,611.3830755280587
5486.287860591163,5222.353076764991,263.93478382617195
5486.4475454010235,5553.188618780175,-66.7410733791512
4453.483467516368,5230.432203565359,-776.9487360489902
5519.656520165885,5558.053614979991,-38.39709481410591
5504.531988400144,5008.283170639011,496.24881776113307
5496.716082551636,5528.359831409764,-31.643748858128674
5498.354212054927,5504.605125322931,-6.250913268003387
5520.493299116727,5550.875165635193,-30.381866518466268
5501.4805711848885,5309.600348262248,191.8802229226403
5526.742992550326,5545.986100847828,-19.24310829750266
5516.700895940542,5480.321430686375,36.37946525416737
5511.921940519877,4435.965225845054,1075.9567146748232
5502.5500673892175,5495.051706222306,7.498361166911309
5509.930006672931,5522.420793620144,-12.490786947212655
5525.621411347623,4857.642374504069,667.9790368435533
5512.221472047734,4543.745383837886,968.4760882098481
4463.560696355951,5537.5101552723945,-1073.9494589164433
5493.571794132715,4717.437314739122,776.1344793935932
5517.485709502003,5564.017951323722,-46.532241821718344
5519.382920383413,5557.715511478067,-38.33259109465416
5526.802901937417,5211.531063482651,315.2718384547661
5519.553914233549,5021.315081496886,498.2388327366634
5516.837636353372,5538.9792123830375,-22.141576029665885
5503.902602618888,4424.036662834983,1079.8659397839047
5501.772729603126,5477.219652188414,24.55307741471188
5508.043369060127,5398.688180192794,109.3551888673328
5493.98413827295,4997.739127883708,496.24501038924245
5516.4865369125,4964.426896010262,552.0596409022382
5519.500842212519,5117.0941168017725,402.40672541074673
5494.198552144899,5189.323300294942,304.87525184995684
4443.745657758437,5047.515373176201,-603.769715417764
5478.938343768502,5093.679435122287,385.2589086462149
5482.440959603818,5529.313943008129,-46.872983404311526
5473.890061473289,5498.333428015735,-24.4433665424458
5473.871905434901,5523.79571358348,-49.923808148579155
5501.870427073839,5554.103539269623,-52.23311219578409
5490.39018139164,5098.7834746406925,391.6067067509475
5490.113801397686,5467.0821403896725,23.031661008013543
5512.386413621233,5059.3338028743965,453.05261074683676
4745.207742388635,5312.7030718002625,-567.4953294116276
5219.663594588316,5334.643310184116,-114.97971559579946
5195.243957842823,5522.205263634284,-326.9613057914612
5196.046857893133,5545.7454843229925,-349.69862642985936
5186.440539107066,5500.520312011763,-314.07977290469717
5201.285796757949,4592.805085642086,608.4807111158634
5209.121906053272,4563.191717076154,645.9301889771177
5205.764145004887,5516.543541686282,-310.77939668139516
5249.379204110259,5560.801294867707,-311.42209075744813
5263.69269977982,5551.747082113299,-288.0543823334792
5269.437648021616,5559.6702070555775,-290.2325590339615
5257.1117885643325,5347.247573589603,-90.1357850252707
5254.23482603395,5531.145762928155,-276.9109368942045
5251.308809611922,5542.180488788438,-290.8716791765164
5236.020302075493,5204.791228559462,31.22907351603135
5261.109109764132,5539.947160499177,-278.8380507350448
5267.7110517151095,5234.612997143394,33.09805457171569
5252.163946447859,4556.609833291123,695.5541131567361
5258.004385047524,5201.4651870015505,56.539198045973535
5507.5811834688975,4543.967339376233,963.6138440926643
5494.060234846157,5156.393092222331,337.6671426238263
5508.49669280284,5020.909382133122,487.58731066971814
5485.980197905556,5301.9850596291335,183.99513827642295
5210.184361803239,5204.557294280975,5.627067522264042
5208.654963092888,5305.7853455621325,-97.13038246924498
5225.157895924672,5563.881643263932,-338.7237473392606
5222.2711106236675,5517.572144409523,-295.3010337858559
5228.167118130433,5345.594315113962,-117.42719698352903
5224.801275237839,4571.557798359109,653.2434768787298
5238.942110520624,5537.638604633548,-298.6964941129245
5233.73609513715,5064.097747507772,169.6383476293786
5529.971622118584,5525.351112467062,4.620509651521388
5539.753123397472,5520.2390828436255,19.514040553846826
5529.707086239057,5209.5718343521185,320.13525188693893
5525.052024471265,5203.457898152413,321.59412631885243
5526.40658004631,5331.40780353556,194.99877651075076
5546.355534558973,5511.124916103275,35.23061845569828
4832.109434494727,5196.771404649965,-364.6619701552381
5503.031961623947,5587.772197169891,-84.74023554594442
5488.542965950107,5530.853777637777,-42.31081168767014
5480.249362408171,5521.029690645803,-40.7803282376326
5493.139721328935,5563.156495316455,-70.01677398752054
4456.150626023295,4550.681164741688,-94.53053871839256
5495.430239169003,4858.779051037867,636.6511881311353
5500.488508601358,4891.211870314259,609.2766382870996
5504.102164114235,5190.844645831686,313.2575182825494
5510.140220716087,4593.010594964216,917.1296257518716
5498.47441533079,5021.598002883393,476.87641244739734
5493.2138133045855,5485.673642236368,7.540171068217205
5515.18153939808,5215.025009642989,300.15652975509056
5507.534306663273,5551.645078518394,-44.11077185512113
5511.641026859804,4956.111502788356,555.5295240714477
5493.00842865192,5511.835932167285,-18.827503515364697
5516.6734662944855,4881.189506418922,635.4839598755634
5497.490243264414,5528.944460869641,-31.454217605227313
5513.466405300629,5542.967163198483,-29.500757897853873
4462.868476309114,5525.914423007088,-1063.0459466979737
5521.595707432092,5513.4614275701415,8.134279861950745
5520.020666099703,5525.41478863461,-5.394122534907183
5510.089324336467,5204.958606086142,305.1307182503251
5514.472733917175,4911.93251293028,602.5402209868953
5513.775592191633,5543.846800332019,-30.07120814038535
5510.140409050542,5360.596997271767,149.5434117787754
5507.841477027595,5316.530004999291,191.3114720283038
5510.454460817642,5529.677286810712,-19.22282599306982
5499.45433884038,5039.872574135212,459.5817647051681
5515.752660450622,5560.374532892112,-44.62187244149027
5509.007331911967,5157.785235390647,351.22209652132005
5498.2852693002,5541.270233320814,-42.984964020614825
5505.992205915467,5528.473011785636,-22.480805870169206
4438.0880445507755,5315.753929312772,-877.6658847619965
5481.681486354172,5524.238985230387,-42.557498876214595
5487.075373700245,5587.213692266581,-100.13831856633624
5505.565674690559,5277.57041479811,227.9952598924492
5488.665361614287,5532.256102397371,-43.590740783084584
5505.645948491586,5513.4355007663235,-7.789552274737616
5491.651526327797,5087.5231081835345,404.12841814426247
5480.683998419878,4940.9061980644865,539.7778003553913
5503.987735508395,5343.550573099448,160.4371624089472
4742.554189199207,4577.3619338706185,165.19225532858854
5199.488296109466,5205.18184527529,-5.693549165823242
5192.7294640056625,5522.774739693707,-330.04527568804406
5207.049625060127,5548.606190069091,-341.55656500896384
5201.285796757949,5205.673064775874,-4.387268017924725
5200.034742012537,5212.64612202331,-12.611380010773246
5199.775907884876,5469.637792282494,-269.86188439761827
5200.95093100097,5542.5816024573905,-341.6306714564207
5249.379204110259,5524.852326226106,-275.4731221158472
5243.200437936243,5483.99014083549,-240.78970289924655
5267.399038059694,5530.55943547314,-263.16039741344593
5252.4117489307655,5540.605827359473,-288.19407842870714
5267.950892545181,5554.444840969273,-286.4939484240922
5260.42267356393,5326.819002992527,-66.3963294285968
5262.193282969433,4717.143649013173,545.0496339562605
5248.851560035582,5539.598091880487,-290.7465318449049
5237.464513525676,5544.242805176935,-306.77829165125877
5259.853364385565,5501.675155831044,-241.821791445479
5256.998683052101,5600.097191451952,-343.0985083998512
5505.348580224864,5545.439825612576,-40.09124538771175
5507.040772823495,5209.89532136149,297.14545146200544
5494.090997572794,5423.952159331999,70.13883824079494
5505.51116108838,5527.587689812329,-22.076528723949195
5230.576110203343,5580.092068537106,-349.5159583337627
5218.11918771581,5202.349253338476,15.769934377333811
5224.963358374187,4894.234550915422,330.728807458765
5192.778395707146,5523.321021558221,-330.5426258510752
5222.672140440609,5557.358698712933,-334.68655827232396
5233.512435971899,5218.781286539948,14.731149431951053
5238.992280782269,4919.648430983022,319.3438497992465
5219.327814935669,4868.368975657112,350.9588392785572
5517.556803701387,5525.892715832673,-8.335912131286022
5544.742140277228,5524.299146691007,20.442993586220837
5524.581291142329,4878.344223374185,646.2370677681438
5526.982925973408,5350.95670352049,176.02622245291786
5550.968264686923,5523.711358490341,27.25690619658235
5542.5004344986355,5539.171765389276,3.3286691093599075
4843.43942657568,5523.411183818029,-679.9717572423488
5480.493494354476,4869.725788921854,610.7677054326223
5494.219785581934,5569.245874275047,-75.0260886931128
5486.835461410127,5549.443384717428,-62.60792330730055
5487.9608127906595,4908.7157704978035,579.2450422928559
4459.529452645201,5568.810286644072,-1109.2808339988715
5502.234122232583,5309.405604081325,192.82851815125832
5527.203618403952,5540.105025227486,-12.901406823534671
5498.573574754271,5581.472236443426,-82.89866168915432
5498.951776757854,5504.550083362961,-5.598306605107609
5507.498511874538,5526.896705757095,-19.39819388255728
5528.229607968753,5191.844057223657,336.3855507450962
5519.738428378243,5505.073115614217,14.665312764025657
5510.5165968366755,5207.389743923741,303.12685291293474
5502.760938351465,5207.147742766236,295.6131955852288
5526.322953248723,5569.0622628693845,-42.739309620661516
5519.664058198246,5175.205626912908,344.4584312853376
5492.914570681589,5193.8753821065475,299.0391885750414
5513.611163961706,5111.953265628525,401.65789833318104
4460.402996371036,5554.88874991338,-1094.4857535423434
5528.872590551574,5482.883614753982,45.98897579759159
5513.439969847202,5587.211975126375,-73.77200527917375
5520.984123020416,5595.241124450673,-74.25700143025733
5522.341438095637,5268.046150880464,254.29528721517363
5506.515195176778,5192.523180694317,313.99201448246185
5514.226371335518,5565.235190372499,-51.00881903698155
5490.343441448202,4525.36361015672,964.9798312914818
5496.810716871921,5488.62377856793,8.186938303991155
5515.625552691944,5535.976416632929,-20.35086394098471
5502.440874347434,5473.547296459581,28.893577887853098
5511.527420036117,4587.1139703168465,924.4134497192708
5517.621114871687,5531.165481055928,-13.544366184240971
5512.643861303629,5119.465158000441,393.17870330318783
4445.653041274836,5512.006954728813,-1066.353913453977
5497.472903759985,5543.177220846818,-45.704317086833726
5483.264605213857,5348.678401730535,134.5862034833217
5481.690957399584,5163.533259552358,318.1576978472258
5500.609049967779,4886.345729339277,614.2633206285027
5509.013223373821,5425.762393722056,83.25082965176534
5527.681538684266,5555.974677510984,-28.29313882671795
5494.212514608666,5488.031544883267,6.180969725399336
5506.485810808996,5418.531267016996,87.95454379199964
4750.865897275221,5190.128700130161,-439.26280285493976
5188.740158590709,5310.568882394409,-121.82872380370009
5202.729171959447,5528.405064430493,-325.6758924710466
5204.242424504882,5484.985378362697,-280.7429538578144
5209.121906053272,5531.947199868109,-322.8252938148371
5199.775907884876,5471.521445028248,-271.74553714337253
5207.595246147392,5266.773475624953,-59.17822947756122
5215.519341464427,5338.4453681105215,-122.92602664609421
5249.379204110259,5160.295882845776,89.08332126448295
5248.133976257859,4384.050095457544,864.0838808003155
5264.962522150883,5513.760968609171,-248.7984464582878
5244.8255234107255,5521.324601125147,-276.4990777144212
5236.227743931636,5448.198759299253,-211.97101536761693
5257.913816170966,5538.487243968168,-280.5734277972015
5252.825905685521,5529.441654047358,-276.61574836183627
5253.081464599001,5161.345960149111,91.73550444988996
5251.777440181783,5558.367912938149,-306.59047275636567
5236.872941294461,5511.943677217341,-275.07073592288
5264.7343037583405,4906.230769166237,358.5035345921033
5508.507128261767,5555.362350608059,-46.85522234629207
5507.143477220151,5560.091629104711,-52.94815188455959
5496.169392353975,4541.1199041340105,955.0494882199646
5509.341037583271,4599.607570289215,909.733467294056
5225.820469593957,5558.5288103409475,-332.70834074699087
5236.074173085795,5543.802803208973,-307.72863012317794
5220.82959787048,5550.087251945502,-329.2576540750224
5226.324353954556,4546.103382448662,680.2209715058934
5227.15330369798,5519.677243670028,-292.52393997204763
5239.763190994322,5528.3239364815945,-288.56074548727247
5221.393085309288,5555.286988439057,-333.89390312976866
5217.149607662072,5539.240715951612,-322.09110828954
5540.728310279135,4495.688469260679,1045.0398410184562
5525.4449641491365,5312.55767268555,212.88729146358673
5544.217127818788,5228.92499847012,315.2921293486679
5554.752390760374,5551.8318251357205,2.920565624653136
5533.437177361344,4958.415120077159,575.0220572841845
5537.121371865302,5213.558457518307,323.56291434699506
4852.178903543121,4552.592706802762,299.5861967403589
5483.459031310623,4728.423494348114,755.0355369625086
5474.1727723174545,5554.865865111441,-80.69309279398658
5491.335215013428,4878.415096166504,612.9201188469242
5511.210232821618,4729.632723874597,781.5775089470208
4441.744550381201,5517.246186002692,-1075.501635621491
5504.424278552441,5194.820747274669,309.60353127777216
5501.579674344302,5167.116233052523,334.4634412917785
5528.1269250192345,4554.373766666005,973.7531583532291
5498.47441533079,5154.018873699164,344.45554163162615
5526.885604834986,5359.7832595671,167.10234526788645
5515.090769423282,5536.914884839085,-21.824115415803135
5504.151404363887,5517.037745037102,-12.886340673214363
5516.808882842974,5559.829851854149,-43.02096901117511
5531.545496893963,5146.829861449711,384.71563544425226
5513.812412877668,5201.074734344455,312.7376785332135
5513.831135783337,5564.639126857362,-50.80799107402436
5510.73739451224,5465.925553143997,44.81184136824322
5529.454172608731,5221.634859752353,307.819312856378
4457.355680998386,4552.370631849623,-95.0149508512377
5512.53152281385,5059.073896240824,453.45762657302566
5526.802901937417,4577.0510606553535,949.7518412820637
5515.119074695891,5482.84439607073,32.27467862516096
5502.584419828667,5522.785274828801,-20.200855000134652
5499.236448706527,5179.948663093817,319.28778561270974
5519.165899816384,5214.174889338584,304.99101047780005
5511.192505279307,5553.696445192948,-42.50393991364126
5508.4431717705365,5547.73918618791,-39.296014417373044
5515.90615029414,4592.320438905328,923.5857113888123
5514.191592790401,5505.964947249708,8.226645540693426
5523.761677412183,5120.870999137263,402.89067827492
5512.337131652933,5486.972290403057,25.364841249876008
5516.622098807218,4548.717571158166,967.9045276490524
4453.231236396255,5434.649922829997,-981.4186864337426
5490.147087422604,5510.257255497375,-20.110168074770627
5490.21423453419,5547.457949881656,-57.243715347465695
5484.449730714781,5549.600837544849,-65.15110683006787
5477.048723143084,5546.257394670114,-69.20867152702976
5495.545621818922,5208.012777456449,287.53284436247304
5503.304585934234,5346.57803839514,156.7265475390941
5504.909526369794,5539.572175399711,-34.6626490299177
5488.402997894604,5419.293989427855,69.10900846674849
4751.526189832338,5521.503584284807,-769.9773944524695
5211.1976708156635,4572.9629254554675,638.234745360196
5205.07430753223,4594.016676357305,611.0576311749246
5198.556060700135,5549.880652729344,-351.32459202920836
5205.764145004887,5542.507813586958,-336.7436685820712
5200.95093100097,4540.574765288911,660.3761657120585
5215.519341464427,5225.166722865093,-9.647381400665836
5182.971267632027,5299.729947180453,-116.75867954842579
5249.379204110259,5172.185273157034,77.19393095322448
5243.207637528128,5183.9978906067045,59.209746921423175
5246.71126437868,5519.047514393033,-272.336250014353
5251.576666128102,5557.918821885579,-306.3421557574766
5264.919167856272,4555.317916367126,709.6012514891463
5253.736754861384,5212.80345488596,40.933299975424234
5256.5191183189745,4598.118129750084,658.4009885688902
5254.616191583177,5544.200673707493,-289.5844821243154
5249.056931270533,5207.769689947964,41.28724132256866
5256.787358818932,5047.5069930197415,209.2803657991908
5256.231417030689,5546.235488354005,-290.00407132331566
5484.983013193421,5537.515243610869,-52.53223041744786
5491.496792693143,5585.483333883906,-93.98654119076309
5496.387606245126,5498.370420980976,-1.982814735849388
5497.862832949734,5254.896073992362,242.9667589573719
5229.346196777265,5560.651083947466,-331.30488717020125
5224.975671640165,5224.565372809877,0.4102988302884114
5236.820058510851,5223.663079633596,13.156978877254915
5225.0087022937705,5422.689643232187,-197.68094093841682
5199.327784464915,4990.1008026966365,209.22698176827816
5208.025609997616,5551.703402503753,-343.67779250613694
5223.638375963983,5046.2513745072165,177.38700145676648
5229.320918280278,5039.600971981444,189.71994629883466
5545.992848928528,5547.765148188452,-1.7722992599246936
5525.403121689697,5250.624584547811,274.7785371418868
5531.388274762569,5214.612951711044,316.77532305152545
5542.126958484202,5540.6884039409015,1.4385545433005973
5521.114725419049,5348.360968151168,172.75375726788116
5541.604732874434,5551.884090909775,-10.27935803534092
4855.067669622023,5518.856449611793,-663.7887799897708
5490.978992083072,5545.672766933145,-54.69377485007317
5485.652161392572,5527.481554607548,-41.829393214975426
5494.255308264706,4738.501326478116,755.75398178659
5483.798906619318,5205.525242470436,278.27366414888183
4456.386550724088,5176.840689782556,-720.4541390584682
5512.395282235137,4561.0455431764285,951.3497390587081
5511.956463320342,4729.216544837266,782.7399184830756
5487.130717350511,5087.214587736227,399.9161296142838
5490.981685898541,5191.127400349664,299.85428554887767
5510.058812234092,5210.727377421785,299.33143481230763
5525.366355666692,5532.836262718277,-7.469907051585324
5509.641212297825,5211.536207180379,298.1050051174461
5523.847649810288,4907.135327211266,616.7123225990226
5499.786106580825,5491.893863745069,7.892242835755496
5519.829020560243,5493.249090709116,26.579929851127417
5515.41186986869,5165.555295173599,349.8565746950908
5533.334262661892,5341.479814504956,191.8544481569361
5519.9439622173795,5551.377174987745,-31.43321277036557
4464.11696435444,5442.126899445238,-978.0099350907985
5508.63991455356,4848.94351967698,659.6963948765797
5513.399899043087,5556.3985491307085,-42.99865008762117
5514.341744993025,5534.440120576041,-20.098375583016605
5504.5421511595105,4539.6488554385005,964.89329572101
5499.25158684776,4890.974128503976,608.277458343784
5505.055760887297,5204.500612889903,300.55514799739376
5493.910131667415,4892.856913950504,601.0532177169107
5502.0767891955065,5408.483492550925,93.59329664458164
5514.164791166173,5342.475728820519,171.68906234565384
5516.074324603298,5533.711415249694,-17.637090646396246
5507.294131147387,5510.762681593352,-3.4685504459648655
5523.950710605322,5552.877704244163,-28.92699363884185
5521.742472745302,5180.342806680564,341.3996660647381
4439.969806517309,5566.113890618748,-1126.1440841014391
5488.141503181681,5166.187367327019,321.9541358546621
5483.766170522141,5541.431996378411,-57.6658258562702
5475.2597708055555,5534.212990221306,-58.95321941575094
5494.852490106001,5106.481539763823,388.3709503421778
5498.192499123991,5500.579650306755,-2.3871511827637732
5475.481882622834,5303.989861147841,171.49202147499273
5493.542933887949,5557.694164314179,-64.15123042622963
5509.029387326098,4857.171678858802,651.8577084672961
4757.517883298362,5532.018606189182,-774.5007228908198
5201.269014548402,5056.652752402948,144.61626214545413
5181.791059691901,5338.772241870898,-156.9811821789972
5203.821454059038,5178.051214803043,25.770239255994966
5192.609623195177,5541.309294164262,-348.69967096908476
5198.180720019004,5204.685430178346,-6.504710159341812
5209.084755814431,5564.832336779798,-355.747580965367
5211.162880288959,4544.548876333324,666.6140039556349
5249.379204110259,5537.590958702455,-288.2117545921965
5241.5097164159015,5207.866290984285,33.64342543161638
5248.41798011503,5112.701325376415,135.71665473861503
5244.58078643127,4559.840466024772,684.7403204064985
5267.2972462196485,5179.651835369228,87.64541085042038
5234.0419581117585,5514.922016339231,-280.88005822747255
5261.756005918129,5560.530429946057,-298.77442402792803
5246.106887352107,4536.344344190418,709.7625431616889
5253.304641150407,5243.572164207209,9.73247694319798
5256.564654740062,5567.017460475441,-310.4528057353791
5269.8066273942,5531.711394602353,-261.9047672081524
5506.959713329359,5360.869519122791,146.0901942065684
5491.168028263153,5465.263106526101,25.904921737052064
5495.315056245848,4552.194455499894,943.1206007459541
5507.072472098332,5548.306601023685,-41.234128925353616
5226.28449606916,5432.929295880166,-206.64479981100612
5220.97073207798,5523.6164893498735,-302.6457572718937
5220.7838028589495,5324.263053439979,-103.47925058102919
5221.821579301199,5561.733000037158,-339.9114207359589
5224.801275237839,5565.249258829329,-340.4479835914899
5236.146952501014,5542.401420567702,-306.2544680666879
5219.227462079777,5556.519380694955,-337.29191861517756
5215.195365323866,5037.030237137068,178.16512818679803
5545.003359633418,5104.835372765567,440.16798686785114
5516.954601428074,5456.98425767459,59.970343753484485
5521.675651536362,5516.354074682384,5.321576853978513
5501.725922925838,5473.1391468273405,28.586776098497467
5549.929555922992,5232.888530567158,317.0410253558339
5531.673565985853,5208.448212418596,323.2253535672571
4861.457968012194,5510.700572369402,-649.2426043572077
5486.287860591163,5529.143857660082,-42.85599706891935
5476.528086573213,5307.759713448922,168.76837312429052
5501.46108769444,5208.466835090803,292.9942526036366
5496.102988504286,5056.697407079123,439.4055814251633
4435.26534275316,5517.664741926031,-1082.3993991728703
5514.956985663226,5212.098490783553,302.85849487967334
5500.313112921676,5518.34013420641,-18.027021284733564
5495.758512631421,4689.98934937308,805.769163258341
5493.2138133045855,4992.62487131011,500.58894199447514
5515.090769423282,4555.707583494057,959.383185929225
5526.869553891178,4563.0238553275485,963.8456985636294
5507.4620483854615,5425.8436257534195,81.61842263204198
5502.340466955073,5519.313778476446,-16.973311521373034
5516.85112360439,5560.053442059985,-43.20231845559556
5519.472964061917,4559.193398614201,960.2795654477159
5507.728138168274,5509.244367701896,-1.5162295336222087
5514.47725310988,4892.4831945249125,621.9940585849672
5505.740109005012,5522.416713976311,-16.67660497129964
4456.375843386867,5206.05051723957,-749.6746738527027
5511.696666724823,5206.978325872315,304.71834085250885
5509.42752035178,5530.130041364524,-20.702521012744
5519.53637733694,5211.900466173971,307.635911162969
5510.6469227842945,4851.116801524703,659.5301212595914
5498.643511675133,5528.853384534141,-30.2098728590081
5514.383391549277,4909.342738942761,605.0406526065162
5519.889283776512,5550.688340258761,-30.799056482249398
5512.999377530344,4547.203524314285,965.7958532160592
5498.2852693002,5515.79296836812,-17.50769906791993
5506.723376551907,5526.504751993035,-19.781375441128148
5504.227881852855,5524.395380459574,-20.167498606719164
5508.828126876251,5551.294370261012,-42.46624338476067
5511.921853222942,5478.895247017479,33.026606205463395
4449.994584380914,5476.372881637016,-1026.378297256102
5475.340595208012,5048.665287360831,426.6753078471811
5467.7524122223995,5193.866492844191,273.8859193782082
5493.50583337885,5330.864972414934,162.64086096391657
5462.0714069738815,5520.132259433969,-58.06085246008752
5524.245019399502,5577.929681624686,-53.684662225184184
5511.384883588453,5539.205272423936,-27.820388835482845
5513.130330976854,5565.564304959196,-52.43397398234265
5501.903047131705,5542.369259044761,-40.46621191305621
4752.85570911747,4544.336892302784,208.51881681468603
5204.647824797847,5537.238996316345,-332.5911715184984
5209.674761949134,5526.363822441211,-316.68906049207635
5188.498874681098,5403.138317954121,-214.63944327302306
5204.329988877777,5473.019622285527,-268.68963340774917
5199.917372193076,4957.15317430151,242.76419789156535
5211.917440730459,5519.057345948296,-307.1399052178367
5194.473900201327,5319.769099850237,-125.29519964891006
5249.379204110259,5509.489655816968,-260.1104517067088
5254.181463001826,5558.686209841692,-304.50474683986613
5261.431576067968,5437.731709211031,-176.30013314306234
5260.872007742102,5565.257789587843,-304.3857818457409
5234.9738284167315,5307.4838044535045,-72.50997603677297
5242.637386656288,5527.038796695144,-284.40141003885583
5262.832393029452,5567.518299061101,-304.6859060316492
5268.966733133629,5518.2654737858475,-249.29874065221884
5246.436623552953,5202.386555717493,44.05006783546014
5268.154312235303,5553.983209172934,-285.8288969376308
5258.018138367573,5347.974604864729,-89.95646649715673
5494.876724694808,5564.927733984921,-70.05100929011314
5490.370685526843,5519.919693535159,-29.549008008316378
5492.405876109855,5532.178980495489,-39.773104385633815
5498.1012419206645,5537.90465935656,-39.803417435895426
5210.853419372329,5538.397593457803,-327.54417408547397
5218.702983232692,5555.95000472411,-337.2470214914183
5224.016412929699,5469.07961725892,-245.06320432922075
5218.01865617905,4897.360353689471,320.658302489579
5213.420365554427,5524.496694923124,-311.07632936869686
5224.074718721905,5342.313649369851,-118.23893064794629
5219.8157872151,4728.376228576739,491.4395586383607
5214.738705897881,5167.879509217598,46.859196680283276
5535.100718113209,5497.917728464015,37.18298964919359
5552.050116537941,5533.184903546782,18.86521299115884
5533.980144224895,5513.411377380484,20.568766844411584
5533.437177361344,5531.68240873959,1.7547686217540104
5532.726604305001,5168.125621161766,364.6009831432357
5544.838631164109,5061.131658751558,483.7069724125513
4872.644039210202,5574.8422439713195,-702.1982047611173
5494.765852650811,5561.480186167446,-66.71433351663472
5475.469911114057,5520.171719181836,-44.701808067778984
5498.17609351272,5218.941516732044,279.23457678067643
5481.613355325484,5239.646236641864,241.96711868362036
4447.7490186054965,4811.805389368916,-364.0563707634192
5508.210290359164,5427.7343505128565,80.47593984630748
5514.962981228557,5438.219831252693,76.74314997586316
5530.758010731902,5434.264829979899,96.49318075200244
5527.76464703012,4896.077471499522,631.6871755305974
5536.444683631358,5187.99701192218,348.4476717091784
5506.931789338481,5519.024220813445,-12.092431474963632
5511.366478402321,5503.032530546242,8.333947856079249
5512.875673726438,5550.782795992266,-37.90712226582764
5513.706360628311,4728.027365507431,785.6789951208802
5512.193430911154,4557.123398094911,955.0700328162429
5500.479108740616,5543.056354666408,-42.57724592579234
5501.729681477459,5163.487437195791,338.2422442816678
5509.738430373509,5174.465215544815,335.2732148286941
4465.669465450957,5097.467328059859,-631.7978626089016
5506.115877768019,4542.189628456778,963.926249311241
5516.837636353372,4543.21007016556,973.6275661878117
5509.267084558499,5207.519911312526,301.7471732459726
5519.165899816384,5523.771049414057,-4.605149597673517
5511.296385996404,5554.670835493578,-43.37444949717428
5504.603586030566,5536.088156515921,-31.484570485355107
5517.337611677667,5165.467726517353,351.86988516031397
5488.351736862617,5507.19341124109,-18.841674378472817
5520.040392146584,4739.6637557926715,780.3766363539125
5512.808006280855,5564.236217611296,-51.42821133044072
5512.300657633741,5208.230233544466,304.07042408927555
5522.181562663511,4578.783487560286,943.398075103225
5515.223734828665,5474.9462657068525,40.27746912181283
4439.361827393557,5210.231217823308,-770.8693904297506
5498.145380512055,5204.781592766096,293.3637877459596
5481.322876708081,5434.592288156849,46.73058855123236
5478.198943618973,5542.790935524002,-64.59199190502841
5493.591423226902,5182.47220420306,311.11921902384256
5502.889225060066,5209.220002337887,293.66922272217835
5499.786513745665,5528.108449410609,-28.32193566494425
5496.861367299259,5504.425052707905,-7.563685408646052
5513.629912615734,4561.836899494236,951.793013121498
4756.310290643992,5527.093030623987,-770.7827399799953
5202.740441179769,5533.809701624883,-331.0692604451142
5212.511827349136,5559.544390740105,-347.0325633909688
5204.12668068786,5598.902362472443,-394.77568178458296
5203.869783761446,5597.597866020859,-393.728082259413
5200.850575057249,4875.652511614502,325.1980634427473
5207.134488107794,5603.46229201572,-396.32780390792595
5209.917877861531,4739.599555679767,470.3183221817644
5249.379204110259,5206.501173829268,42.87803028099097
5260.650814924775,4894.135018100315,366.51579682445936
5256.129589737909,4852.518264143144,403.6113255947648
5248.880079847637,5548.84897903539,-299.96889918775287
5247.398872685136,5440.360258473336,-192.96138578820046
5261.577747628353,5610.605898445474,-349.02815081712106
5253.975272473052,5556.268471658826,-302.2931991857731
5268.71012144769,5555.253125452696,-286.54300400500597
5257.7029885480015,5437.454713269319,-179.75172472131726
5252.333232135676,4540.275381000664,712.0578511350113
5250.051099973484,5159.807330955984,90.2437690175002
5513.36681933594,5541.300273674716,-27.933454338775846
5493.151007113511,5102.51125862343,390.6397484900808
5492.107606993094,5555.744549352614,-63.63694235951971
5492.262252634652,5545.006590104642,-52.74433746998966
5224.536964710266,5059.976317548278,164.56064716198853
5220.754736774104,5562.668473527468,-341.9137367533649
5224.951267990185,5222.124902327858,2.8263656623275892
5214.877802843149,5476.5227973173,-261.64499447415074
5225.305864404307,5326.720223057738,-101.41435865343101
5214.294325530639,5507.002098533603,-292.70777300296413
5213.393645374149,5493.094071398559,-279.70042602441026
5220.856222863241,5472.846789826168,-251.990566962927
5524.001251270582,4893.582355544451,630.4188957261304
5523.4088522823495,5196.171062734407,327.23778954794216
5527.153332344745,4550.213507719034,976.9398246257106
5553.4324498436445,5223.765008535813,329.6674413078317
5540.538029141644,5104.917620986837,435.6204081548067
5538.683343663292,4563.819138111559,974.864205551733
4872.817146900202,5555.732066108087,-682.9149192078849
5495.614276082478,4884.288648218838,611.32562786364
5479.462377945235,4879.7080282833695,599.7543496618655
5474.816874557928,5519.85443364508,-45.03755908715175
5482.072339345241,5553.399306691048,-71.32696734580713
4452.488360582106,5191.024083598242,-738.5357230161362
5522.759997508588,5515.901319204259,6.85867830432835
5516.729655724335,5015.694983483168,501.03467224116775
5495.625197486159,5528.05615479118,-32.430957305021366
5515.18153939808,5176.889523826902,338.2920155711772
5504.151404363887,5526.098611145261,-21.947206781374007
5507.4620483854615,4537.816479472799,969.6455689126624
5495.657580308268,5515.199605440537,-19.542025132269373
5505.922390694397,5536.443221136719,-30.52083044232222
5499.590364026265,5540.378823179977,-40.78845915371221
5515.384388210783,5557.744184013599,-42.359795802815825
5513.353562983555,5544.326294645377,-30.972731661821854
5528.917414130635,5447.263154284576,81.65425984605918
5502.432315672699,5523.249529487138,-20.81721381443913
4453.867311291139,5117.20129712582,-663.3339858346808
5518.315908426305,5017.310557545962,501.00535088034303
5513.507056304047,4569.789302158081,943.717754145966
5508.2032544240665,5336.728388625132,171.47486579893484
5521.9105947354465,5511.393171041892,10.51742369355452
5505.562367972058,4720.367406084015,785.1949618880435
5514.1819182228755,4543.947268807066,970.2346494158091
5493.927078057438,5540.196401996723,-46.26932393928473
5504.560791130477,5523.644342218602,-19.083551088125205
5524.212029683785,4554.703487092844,969.508542590941
5511.695196259667,5519.825133078551,-8.129936818883834
5524.88834594907,4962.7788625158955,562.1094834331743
5511.638282185583,4585.906150588492,925.7321315970912
5505.258943542353,5490.948515471734,14.31042807061931
4432.861574037191,5179.146031906065,-746.2844578688746
5482.064691273209,4872.3137955600605,609.7508957131486
5489.634408749347,5331.953280973721,157.681127775626
5473.959375741295,5512.592975873933,-38.633600132638094
5492.272765198447,5131.203859367439,361.0689058310081
5514.490228538311,5176.741984612682,337.74824392562914
5503.111804298924,5556.71784980825,-53.60604550932658
5502.615754332006,5535.474158615007,-32.85840428300071
5492.050528601261,5188.835085972974,303.21544262828684
4741.8113376012925,5516.36479612281,-774.5534585215173
5201.621612237259,5529.743427907144,-328.1218156698851
5204.362591047845,5467.836903427317,-263.4743123794724
5192.4687333649545,5541.655943022603,-349.18720965764896
5187.329214366419,5164.717507732935,22.611706633484573
5188.9359671766215,5230.238830296896,-41.302863120274196
5193.737218642848,5309.339785694606,-115.60256705175743
5217.516670856079,4555.2865061657685,662.2301646903106
5249.379204110259,5550.329591178802,-300.950387068543
5243.2913585069255,5040.182904515864,203.10845399106165
5242.925453180565,5084.761449697866,158.16400348269872
5261.534662287119,4550.950470005355,710.5841922817644
5258.970147393869,5181.820554225698,77.14959316817112
5246.009108567573,5412.327067214402,-166.31795864682863
5260.6390038016525,4564.825847603285,695.8131561983673
5249.38677236529,5523.415403554816,-274.0286311895261
5236.049202726953,5525.511023474822,-289.46182074786884
5253.432877290086,5328.588131787459,-75.15525449737288
5268.748882872309,5279.820089915388,-11.071207043079085
5511.222718963675,4734.648953311485,776.5737656521906
5513.482517681319,5369.662296716718,143.8202209646015
5507.381356359941,5494.916147447673,12.465208912267371
5504.029587236369,5199.169643012615,304.8599442237537
5230.224678181369,5218.771208460176,11.45346972119296
5224.792810152729,5207.809756035855,16.983054116873973
5220.6321000383905,5534.142607978012,-313.5105079396217
5208.225164484173,5527.612972090836,-319.38780760666305
5224.523363256631,4642.393637515646,582.1297257409842
5223.391469388694,5562.767876405773,-339.37640701707915
5222.386242259792,5515.529687591963,-293.1434453321708
5230.410232665266,5446.953231163199,-216.54299849793279
5551.313361776097,5573.684125871484,-22.37076409538713
5532.090691129969,5530.629608270109,1.4610828598597436
5521.021721767597,5205.902743124211,315.1189786433861
5539.2287898452,5501.056747532371,38.172042312828125
5543.344105042136,4562.13216866495,981.2119363771862
5532.728006366339,5203.8349274867605,328.89307887957875
4869.260075212836,4607.00854196554,262.2515332472967
5491.809449499396,5022.027958187258,469.7814913121374
5494.056965877018,5518.152426538395,-24.09546066137682
5494.700116796276,4708.050108841271,786.6500079550051
5486.39510482354,5532.113947383422,-45.71884255988152
4439.528923687961,5203.078128212273,-763.5492045243127
5512.781390951776,5418.7924948680375,93.98889608373884
5511.092846406432,5324.437456784088,186.65538962234405
5515.533681464232,5164.756429506389,350.77725195784296
5502.129857093114,5308.3491225895,193.78073450361353
5516.1923719808765,4731.27307538055,784.9192966003266
5522.516463981628,5539.251206620698,-16.734742639070646
5507.046841119918,5503.12690877556,3.9199323443581306
5515.497460504833,5210.907474617722,304.58998588711074
5513.8440050953095,4567.678266189584,946.1657389057254
5520.272397722704,5218.417148612936,301.855249109768
5525.443480369075,4884.6541256679575,640.7893547011172
5530.723067393765,4877.587301956133,653.1357654376316
5516.8970496019465,4543.501327110481,973.3957224914657
4454.55181009001,5501.647634425801,-1047.095824335791
5515.2974516749255,5394.501344157644,120.7961075172816
5496.032885627428,5484.567948964414,11.46493666301376
5524.289755775956,5518.4175465691,5.872209206856496
5519.340562522673,5580.431661176672,-61.091098653998415
5510.281933132535,4586.916592689433,923.3653404431025
5505.118069105794,5430.2803700156355,74.83769909015882
5511.9334072694755,4563.249299101034,948.6841081684415
5496.880635676126,5166.487764307061,330.3928713690648
5516.33516937096,5558.060942026488,-41.72577265552809
5500.215129906704,4630.10682493501,870.1083049716935
5513.983081029383,4879.717308651331,634.2657723780521
5522.560008272197,4426.05041202252,1096.509596249677
5517.778513349503,5217.050485982466,300.7280273670367
4429.657835676569,5322.753669302806,-893.0958336262365
5477.501570901052,5235.907835201478,241.5937356995746
5492.619376078531,5517.038863120758,-24.419487042227047
5469.089363066888,5501.544240894856,-32.45487782796772
5501.089388682298,5519.818880108698,-18.729491426400273
5502.966906234223,5476.62142996586,26.34547626836229
5501.111414718371,5166.624134492503,334.48728022586783
5504.7955818747005,5557.336196702868,-52.540614828167236
5498.716942441096,4582.152943842599,916.5639985984972
4771.336583424507,5540.7820391673395,-769.4454557428326
5212.13726674449,4967.076954559432,245.06031218505814
5191.3376112330325,5493.652959395146,-302.3153481621139
5196.335593696677,5199.314229084943,-2.978635388265502
5207.451552606342,5061.015699835756,146.43585277058628
5201.097899489171,5319.239318215354,-118.14141872618256
5218.306349045191,5211.665148202921,6.641200842270337
5189.033749941563,5316.141273354944,-127.10752341338139
5249.379204110259,5475.258266396195,-225.87906228593602
5269.345620750803,5446.764039743383,-177.41841899257997
5249.760060611059,5008.699138607003,241.060922004056
5252.943277266567,5320.151965183223,-67.20868791665634
5248.158249308838,5427.709581441722,-179.55133213288354
5260.003771634639,5326.552312347868,-66.54854071322916
5252.139450173673,5545.188363075963,-293.0489129022899
5253.707087453217,5523.459377210857,-269.75228975764
5269.5625038831895,5378.080613932604,-108.51811004941464
5260.999910303547,5552.766157780159,-291.7662474766121
5257.520933919204,5217.113777800893,40.40715611831092
5507.040772823495,5199.648877714072,307.3918951094229
5497.0408696300265,5197.406502078091,299.6343675519356
5509.341037583271,5324.82542148075,184.51561610252065
5497.2273648557075,5539.824090337944,-42.59672548223625
5220.426192883882,5528.721297397804,-308.2951045139216
5208.376056986525,5247.210822065283,-38.8347650787573
5206.239227287589,4885.459448396789,320.7797788907992
5229.661105472729,5537.563727414845,-307.90262194211573
5238.942110520624,5231.164423093276,7.777687427347701
5219.227462079777,5322.51537959577,-103.28791751599329
5220.475470215971,5526.740315336767,-306.26484512079605
5230.237887688662,5541.050213054686,-310.8123253660233
5527.750731051118,5557.674581882132,-29.923850831013624
5541.495245354122,5410.666692637048,130.82855271707376
5540.169429480602,4888.310479225709,651.858950254893
5537.121371865302,4557.6180725869835,979.5032992783181
5544.838631164109,4971.731885007692,573.1067461564171
5530.469697180898,5341.722130612167,188.7475665687307
4868.149369751629,4889.111141001751,-20.961771250122183
5492.69976864803,5166.221958441705,326.47781020632465
5489.282355948801,5532.590443912265,-43.30808796346446
5502.6687377105645,4565.954202506918,936.7145352036468
5503.424837781436,5525.738143751274,-22.31330596983844
4450.641956115029,5050.2422367065,-599.6002805914713
5485.549027992597,4532.722138655526,952.8268893370714
5498.325113123917,5528.162426004493,-29.837312880576064
5518.168046724847,5203.562612440868,314.60543428397887
5507.534306663273,5174.161362359458,333.37294430381553
5516.808882842974,4897.559101192469,619.2497816505047
5502.340466955073,4539.739373523246,962.6010934318265
5505.922390694397,5558.67136751999,-52.74897682559276
5519.528227747031,5549.522538769382,-29.994311022350303
5500.54092691648,5049.904431906964,450.6364950095158
5512.046833699609,5560.314865876412,-48.26803217680299
5530.558000310674,5337.70507424973,192.8529260609439
5492.423552044651,5177.684941503917,314.73861054073404
5480.026263732674,5523.272579197969,-43.24631546529508
4461.169186017672,5549.281722708761,-1088.1125366910892
5507.480916312024,5547.7311453263555,-40.250229014331126
5501.772729603126,5544.759808661716,-42.9870790585901
5521.247290519462,5542.424444358544,-21.177153839082166
5508.4431717705365,5171.329609761477,337.11356200905993
5503.187550947188,4729.009642599271,774.1779083479178
5488.351736862617,5530.972191863605,-42.62045500098793
5517.621114871687,4857.428834367837,660.1922805038494
5507.913918421954,4540.40293870405,967.5109797179039
5508.068653626606,5423.001234024697,85.06741960190902
5509.616957263919,4566.093289862092,943.523667401827
5512.966643405082,4728.020905150168,784.9457382549144
5501.727762480445,5553.908680810956,-52.180918330511304
5517.16037605926,4877.765058040535,639.3953180187245
4442.097882195909,5208.683020734514,-766.585138538605
5483.572660314507,5428.648896374611,54.92376393989616
5501.571937310475,5548.073039362241,-46.50110205176588
5472.751993489979,5199.491079282418,273.26091420756165
5468.980270042595,5456.400263365957,12.580006676638732
5498.793200527261,5471.581761957819,27.21143856944218
5502.330630197598,5533.086078072827,-30.755447875229038
5509.682922486089,5333.4127177843675,176.27020470172192
5510.5966557542215,5542.689024557407,-32.09236880318531
4758.723301768581,5555.0974307169045,-796.3741289483232
5193.553445149996,4587.2807884401245,606.2726567098716
5216.009727781405,5548.480871214677,-332.4711434332721
5203.983721275875,5552.633373993755,-348.6496527178806
5210.134821842539,5524.200814017755,-314.0659921752158
5206.387925777895,5533.734465289312,-327.34653951141627
5187.310432394447,5505.96752194828,-318.6570895538325
5207.233670867759,4598.221831808217,609.0118390595426
5249.379204110259,5554.906464976746,-305.52726086648727
5270.540395142665,4892.084496946078,378.45589819658744
5253.1193147769745,5600.11651862443,-346.99720384745524
5270.544090016098,4570.156725874727,700.3873641413711
5255.698978651536,4875.580768135748,380.1182105157877
5250.045795545511,5530.898519461937,-280.85272391642593
5241.191259791097,5203.394802057699,37.7964577333978
5262.478874852858,5329.365687227091,-66.88681237423316
5262.0812949786105,5560.057279305943,-297.9759843273323
5238.926806470692,4527.782318692313,711.1444877783788
5241.11100169117,5209.276635980722,31.834365710447855
5504.885704080234,5518.655019881554,-13.769315801319863
5496.998765841671,5043.187250421046,453.81151542062526
5504.29306136199,5547.817476549217,-43.52441518722662
5479.422653438364,5324.247697967842,155.17495547052204
5214.558037541184,4578.34229672234,636.2157408188441
5220.7838028589495,5206.422841446609,14.360961412340657
5227.417364304143,5565.551616384126,-338.1342520799826
5204.966663701682,5566.059041984989,-361.09237828330697
5196.02016922788,5405.304339637071,-209.28417040919157
5210.287194338427,5554.824654328335,-344.5374599899078
5210.748395450938,5343.677021793782,-132.92862634284393
5240.832218950189,5569.737402392658,-328.905183442469
5530.490496434891,5434.677947377656,95.81254905723472
5526.2482825231045,5504.827806146966,21.42047637613814
5538.289492634194,5244.421269343132,293.86822329106235
5540.917308172804,5539.835463642964,1.0818445298400547
5532.357919071504,5471.903071583473,60.45484748803028
5543.300528302997,5551.350539408647,-8.0500111056499
4842.95520753677,5460.519923273349,-617.5647157365793
5496.802859347734,5551.598095043846,-54.795235696112286
5487.71997645565,5008.621894167436,479.09808228821385
5476.404477920455,5530.403374402378,-53.99889648192311
5489.960894842317,5353.541727023918,136.41916781839973
4441.600252749898,5547.688672515455,-1106.0884197655578
5523.159752063465,5363.647488377678,159.51226368578682
5505.322949102385,5498.1158046260025,7.207144476382382
5533.455440015145,5537.7380196212935,-4.282579606148829
5505.894807526636,5530.567337273631,-24.67252974699477
5511.811963925558,4701.19117773838,810.620786187178
5515.815515432175,5169.266648484178,346.54886694799643
5530.177183009018,4714.406795968569,815.7703870404494
5519.626577448859,5481.786892663523,37.83968478533643
5516.147528722104,5569.223190209585,-53.07566148748083
5509.268007998412,5506.3205721631875,2.9474358352244963
5519.382920383412,5539.367083071595,-19.98416268818255
5526.326027489671,5326.771109167202,199.55491832246935
5513.996148446081,4870.1423071906065,643.8538412554744
4462.916168931762,5114.482759736521,-651.5665908047595
5535.712169735583,5542.243063749532,-6.530894013948455
5497.963462315313,5537.253306738339,-39.2898444230259
5514.09375889169,5356.448276389123,157.64548250256757
5512.089543053222,5097.515282873579,414.5742601796428
5503.498890796082,5545.555774446786,-42.05688365070364
5511.5179477613365,5516.218393968734,-4.700446207397363
5522.139704869959,5270.0200661383,252.1196387316595
5513.8028457018445,5556.428169684544,-42.62532398269923
5513.757714289796,5548.492851546447,-34.73513725665089
5499.550791574041,5529.324696095927,-29.773904521885925
5500.858800995946,5512.267152771555,-11.408351775608935
5501.126344259448,5554.233681179977,-53.107336920528724
5508.535899191409,5510.117175738575,-1.5812765471655439
4456.988786048,5547.841167501112,-1090.8523814531118
5477.301403581183,5525.046220272114,-47.74481669093075
5495.733879183827,5172.912929226535,322.8209499572922
5480.321858514618,4547.348764801151,932.9730937134664
5475.596389220076,5545.676587330013,-70.08019810993665
5484.985874178285,5110.326042047233,374.6598321310512
5510.180650096818,5216.953318335671,293.22733176114707
5492.392314617545,5556.688060670006,-64.29574605246125
5511.090030201863,5553.400211829019,-42.31018162715645
4748.57431175435,5538.595337146108,-790.0210253917585
5198.4410176369865,5467.180203651769,-268.7391860147827
5196.829293781231,5432.008412011419,-235.17911823018767
5195.2938896567075,4418.54403207004,776.7498575866675
5209.263062916856,4575.946060320274,633.3170025965819
5190.578742505039,5485.051663099012,-294.47292059397296
5208.526197441664,5477.047374177044,-268.5211767353794
5207.106152866464,5329.6596330332195,-122.55348016675543
5249.379204110259,5560.801294867707,-311.42209075744813
5237.243941949741,5456.149722373223,-218.9057804234817
5232.704137074129,5521.798225032529,-289.09408795840045
5239.5174439145685,5552.531561328528,-313.01411741395987
5258.270017724097,4876.548603821829,381.72141390226807
5257.758621011587,5468.486629139067,-210.72800812748028
5264.333384663205,4552.479590983567,711.8537936796383
5252.94698536053,5567.080598696089,-314.13361333555895
5248.558883097674,5322.5316770759055,-73.9727939782315
5239.329580583483,4531.196232225857,708.1333483576263
5243.561499339111,5471.338119200003,-227.77661986089242
5510.524245639563,5051.029465875632,459.49477976393064
5497.512414746143,5088.934384455634,408.57803029050865
5486.104471179521,5200.126184765938,285.9782864135832
5528.259976525083,4562.0701963191605,966.189780205923
5232.695305772779,4552.431472081069,680.2638336917098
5218.623680260767,5508.774759425303,-290.151079164536
5205.1036334054115,5482.805328874243,-277.70169546883153
5226.3075001873995,5505.766058662661,-279.45855847526127
5212.973807398449,5311.378328226722,-98.40452082827323
5217.880914966284,5531.013214320118,-313.13229935383424
5229.845096968025,5328.955388722634,-99.11029175460862
5216.924380873481,5552.673186837523,-335.7488059640418
5541.861771611154,5563.013301845342,-21.151530234187703
5522.82648092785,4580.33658047706,942.4899004507897
5534.413270080784,5481.328607345236,53.08466273554768
5548.5552175997855,5478.793686512097,69.76153108768813
5546.094649452172,5571.804435328651,-25.709785876479145
5540.456492271679,5602.160433706492,-61.703941434812805
4850.45234433308,5200.166760776957,-349.71441644387687
5493.158626039239,5364.423485779431,128.73514025980785
5495.627264010228,5204.90245226223,290.7248117479976
5500.6569576035245,5576.160466793701,-75.50350919017637
5498.140780708391,5564.355846663015,-66.21506595462415
4432.232280048398,5079.819459620931,-647.5871795725334
5513.876604692907,5518.781866143266,-4.905261450358921
5512.420016393447,5519.671171896733,-7.25115550328519
5503.491241257318,5426.476625803823,77.01461545349503
5511.641026859804,4542.855975784033,968.7850510757708
5531.545496893963,5503.516488879627,28.029008014335886
5516.85112360439,5211.070000781313,305.78112282307666
5499.590364026265,5193.285251186338,306.30511283992655
5500.54092691648,5543.1788538115425,-42.637926895062265
5516.859255158973,5323.157672105891,193.70158305308178
5521.81144031481,5213.063977695882,308.7474626189278
5517.9649996383605,5522.227355682949,-4.262356044588159
5506.305486490727,5414.443221797229,91.86226469349822
5522.418699423103,4916.523711904669,605.8949875184344
4469.868418721403,4556.257407959883,-86.38898923847955
5511.207170116444,5464.220891766081,46.986278350363136
5503.247156131215,4579.23006972471,924.0170864065049
5511.097671424766,4538.314740993402,972.7829304313645
5505.4423439607535,5256.74056297145,248.7017809893032
5499.768486777299,5314.767489357852,185.00099741944632
5509.588261666067,5220.007049403982,289.5812122620855
5511.743716361491,5190.146631120415,321.59708524107646
5513.779696180784,4572.228126320323,941.5515698604613
5496.939681274419,5149.1104933957395,347.8291878786795
5514.854934126809,5536.761716294073,-21.906782167264282
5523.692981939824,5215.654259722785,308.0387222170384
5518.083079165878,4730.300682840915,787.782396324963
5500.657378457242,5197.0902397444515,303.56713871279044
4439.218251604262,5501.680608317444,-1062.462356713182
5489.479256465323,5559.055613128142,-69.57635666281931
5496.929362061515,5206.037999881348,290.89136218016756
5456.050677455429,5480.440060529355,-24.389383073926183
5483.1823196170335,5207.387727218278,275.7945923987554
5495.891185333114,5323.127230038885,172.76395529422916
5506.426289406085,5201.685759446525,304.74052995956026
5518.8561844590195,5565.691081530251,-46.83489707123135
5496.831528287124,5210.355610186434,286.47591810068934
4751.996083139071,5564.8870113813055,-812.8909282422346
5197.703467901866,5552.700871422189,-354.99740352032313
5203.133598179765,5553.485547217392,-350.3519490376275
5190.393046875733,4854.315684940536,336.0773619351967
5204.023308549284,5511.754576272007,-307.7312677227237
5185.750301173827,4552.323845295515,633.4264558783125
5181.424447907948,4882.213995710172,299.21045219777625
5222.024580316957,5031.631129596245,190.39345072071228
5249.379204110259,5094.0055204906985,155.37368361956032
5233.660068475356,5544.863621592337,-311.2035531169813
5265.742329964864,5523.557523232924,-257.8151932680594
5255.417686590054,5513.060157105173,-257.6424705151194
5263.876093322768,5208.5346122065885,55.34148111617924
5260.043444889103,5205.436304384407,54.60714050469596
5252.3916013194785,5543.921547186551,-291.52994586707246
5258.805635178541,5326.082416434474,-67.2767812559332
5248.535992833028,5466.727768234942,-218.19177540191413
5248.697031699354,5413.7972761049805,-165.10024440562665
5245.689450187871,5465.642599830391,-219.95314964251975
5499.177845817897,5561.089459754316,-61.91161393641869
5494.61738750931,5202.479175082381,292.1382124269294
5486.868145824845,5499.403971938991,-12.535826114146403
5503.0945686491905,4551.446759572821,951.6478090763694
5233.4869583491,5534.825845196781,-301.33888684768135
5225.597294422194,5552.373478465387,-326.7761840431931
5218.065839731128,5526.559047426858,-308.49320769573023
5211.434415759657,5184.032902624232,27.401513135425375
5223.7580861000115,5101.370138295048,122.38794780496391
5224.446606572184,5534.03828252125,-309.5916759490665
5246.674046088624,5547.562259128001,-300.88821303937675
5236.4569297577145,4875.951019905213,360.50590985250165
5519.908670208325,4535.010169461166,984.8985007471592
5542.531548516494,5574.110616568532,-31.579068052038565
5555.991267746951,4761.387692980829,794.6035747661217
5536.14789996412,5010.091974936901,526.055925027219
5554.209266359952,5193.419590921279,360.78967543867293
5547.178468559833,5224.0892608772965,323.08920768253665
4853.666516604348,4869.085055896215,-15.418539291867091
5484.760423543659,4581.434762309004,903.325661234655
5485.99999025286,5553.532709623102,-67.53271937024238
5497.1497026327015,5220.066894764792,277.08280786790965
5489.255421597542,5316.007882796933,173.24753880060962
4442.668728315423,5546.115967440218,-1103.4472391247946
5532.627695684085,5493.028717847926,39.598977836159065
5514.39311801028,4555.056862019555,959.3362559907246
5513.692663772891,5556.731079556205,-43.03841578331412
5497.798568030085,5245.783850999187,252.01471703089828
5510.876613714516,5222.18755517693,288.6890585375859
5505.430497952126,5514.430029001208,-8.99953104908218
5511.584755269922,4900.783290522994,610.8014647469281
5517.480861429453,5030.388200796109,487.09266063334417
5523.290227308769,5516.63026984781,6.659957460959049
5513.601996669423,5215.417568928571,298.1844277408518
5517.086418077836,5421.642486707753,95.44393137008319
5479.589487800337,5498.707277539058,-19.117789738720603
5523.8802269449325,5566.946839359185,-43.06661241425263
4452.317712554713,5519.019530542064,-1066.7018179873512
5522.372294879878,5423.933345232401,98.43894964747687
5493.98413827295,5545.930493004424,-51.94635473147355
5505.384898991364,5525.435880393755,-20.05098140239079
5514.191592790401,5573.65702294832,-59.4654301579194
5507.1726071854755,5529.388237298456,-22.21563011298076
5512.808006280855,5180.293878055644,332.5141282252107
5507.566585690905,5237.012899878494,270.55368581241146
5509.616957263919,5506.6084286151245,3.0085286487947087
5524.335447586808,5536.310702144648,-11.975254557839435
5522.357662835661,4913.960543816355,608.397119019306
5523.510121704905,4912.517761186658,610.9923605182466
5509.782719015999,5527.534743053489,-17.752024037490628
5513.260082421541,5566.668671995536,-53.408589573995414
4445.883584317972,5049.986660806068,-604.1030764880961
5480.103983280522,5536.748458284569,-56.64447500404731
5481.50786335264,5219.486806514702,262.021056837938
5483.708489071426,5556.684622362494,-72.97613329106844
5496.608537749621,5183.189752815382,313.41878493423883
5496.97625841629,5015.988898086278,480.98736033001205
5505.53264549267,5556.0188445992,-50.486199106529966
5509.16765570596,5551.923621857801,-42.75596615184077
5504.937156094424,5537.257730049864,-32.32057395544052
4766.83529493892,5566.709264611678,-799.873969672758
5196.531350591751,4725.479466859837,471.05188373191413
5201.639317064807,5470.499178903693,-268.859861838886
5188.21155448756,4719.067282170285,469.14427231727495
5209.84522916125,5489.7575582556465,-279.9123290943962
5197.942841581461,5168.275361987328,29.6674795941326
5212.280416353895,5186.259139047319,26.02127730657594
5203.068698783296,5558.0421900389465,-354.9734912556505
5249.379204110259,5432.624215852577,-183.24501174231864
5267.0281799686945,5235.228528535136,31.79965143355821
5238.416471674149,5585.227854796225,-346.8113831220762
5249.572706604302,5540.0428377076305,-290.47013110332864
5262.619132257407,5031.662662196618,230.9564700607889
5260.8710285657735,4575.708044266875,685.1629842988987
5235.194840782895,5515.650340017454,-280.4554992345593
5237.464513525676,5181.898289604036,55.5662239216399
5266.156078361216,5233.973885294009,32.182193067206754
5238.733011110787,4859.512962131507,379.22004897927945
5257.272601920589,4550.038430322183,707.2341715984066
5495.590918877215,5525.512393334672,-29.921474457457407
5498.860323508053,4560.434022135045,938.4263013730078
5507.169142317554,4548.146287518127,959.0228547994275
5496.479873048185,5171.277509437356,325.2023636108297
5217.119140537294,5535.434356913524,-318.31521637623064
5220.499088728963,5317.028973410793,-96.52988468182957
5218.854071670758,5202.2011730073145,16.65289866344301
5224.500182082314,5219.913443195892,4.586738886421699
5233.73609513715,5337.155040752029,-103.4189456148788
5215.195365323866,5204.000945805875,11.194419517991264
5230.237887688662,5494.840991623109,-264.60310393444706
5207.127427268245,5520.301262925692,-313.17383565744694
5545.997052210113,5229.05517495826,316.94187725185293
5522.7626119443985,5522.066985317807,0.6956266265915474
5522.842274448183,5495.851301008008,26.990973440175367
5523.118457529597,5530.840392796803,-7.721935267205481
5542.684984122393,5549.132857427806,-6.447873305412941
5532.870106681091,5584.782948130837,-51.91284144974634
4849.066927538113,5518.245333146932,-669.178405608819
5496.102988504286,5524.039511011939,-27.936522507652626
5476.366226491685,5311.035255597957,165.33097089372768
5497.49341788719,4874.80143342268,622.6919844645099
5472.564627509822,5493.551698963216,-20.987071453394492
4440.982873267432,5522.502667756017,-1081.519794488585
5528.229607968753,5533.790078616547,-5.560470647794318
5498.33191263531,5036.677077772445,461.65483486286485
5515.875692213319,4734.790096712326,781.0855955009929
5493.00842865192,5533.347784002356,-40.33935535043565
5513.812412877668,5210.796302616635,303.01611026103274
5519.472964061917,5548.88983653062,-29.416872468703332
5515.384388210783,5058.93076406842,456.45362414236297
5512.046833699609,5524.245796639828,-12.198962940218735
5521.81144031481,5440.653516079682,81.15792423512812
5516.991009323863,5541.239998557691,-24.24898923382807
5514.250916511732,4542.671892037172,971.5790244745594
5516.880638942346,5525.007029924793,-8.126390982446537
5524.441518980601,4747.058822575952,777.3826964046493
4464.8824173380945,5326.663508841316,-861.7810915032214
5496.810716871921,4996.484402059817,500.3263148121041
5519.889283776512,5552.3868245889425,-32.497540812431
5518.864061887598,5494.015180780085,24.84888110751308
5511.687589270314,5564.520245942004,-52.83265667169053
5501.305004439151,5515.825762790183,-14.520758351031873
5525.481025881354,5330.432677689277,195.04834819207736
5505.0481451755995,5321.612346921131,183.43579825446886
5509.6517724862915,5537.840332061735,-28.188559575443833
5515.052528886721,5321.660528976741,193.39199990997986
5530.096088055509,5232.284863399261,297.81122465624867
5513.118043703448,5535.537325830447,-22.41928212699895
5488.458574246314,5449.491015214786,38.96755903152825
5502.446617352186,5203.495092791663,298.95152456052256
4454.7549294174405,5346.779043031797,-892.0241136143568
5468.980270042595,5194.8291801851365,274.1510898574588
5502.209312311035,5539.82544566433,-37.61613335329457
5484.661221204478,5515.611202673717,-30.949981469238992
5478.939462082532,5050.312314820017,428.6271472625158
5508.474508449372,5268.549690827431,239.92481762194075
5487.100576018785,5230.82401345949,256.2765625592956
5495.012888394669,4843.609391345303,651.4034970493658
5507.10350407345,4597.597468114608,909.5060359588415
4762.057242351088,5564.537393410636,-802.480151059548
5212.992389002014,4602.817238023248,610.1751509787655
5196.248012985957,5319.618882795753,-123.3708698097962
5206.4793985345295,5547.302300889857,-340.82290235532764
5205.821569720081,5429.99901928882,-224.17744956873867
5206.191274829482,5439.507984442795,-233.31670961331292
5198.9649916996495,5313.263033641422,-114.29804194177268
5204.8665352818925,4545.019550226134,659.8469850557585
5249.379204110259,5172.185273157034,77.19393095322448
5260.550764647614,5225.77155385585,34.779210791764854
5250.828446454875,5550.316044064093,-299.487597609218
5249.75452433017,5319.371573084221,-69.61704875405121
5244.167875176898,5202.900414860453,41.26746031644507
5252.702943886048,5214.2024310300585,38.500512855989655
5248.249401957097,5472.121809660118,-223.87240770302105
5249.682725441285,5540.790049151992,-291.10732371070753
5257.643863764568,4704.89736979572,552.746493968848
5251.291958299259,5195.9793620318005,55.3125962674585
5263.822199057291,5255.174423106793,8.647775950497817
5508.006393264354,5481.288262593121,26.718130671233666
5512.274926064561,4555.633299280143,956.6416267844188
5506.446544130494,5559.757051459784,-53.310507329289976
5491.165660287195,4552.367738185138,938.7979221020578
5222.227402246438,5343.61269358554,-121.38529133910197
5212.5255501496395,5089.932766223438,122.59278392620126
5215.909816911609,5527.285793085451,-311.375976173842
5221.884980923848,4580.562691074808,641.3222898490403
5230.942761594695,5564.674753691626,-333.7319920969312
5233.614159241823,5565.9841599928495,-332.37000075102696
5220.981363903157,4422.586733657938,798.3946302452196
5220.975097647134,5543.92877774822,-322.9536801010863
5510.969644946143,5200.010205752013,310.95943919413
5541.327494456139,4546.058572931894,995.2689215242453
5531.614688455692,5541.715539320923,-10.100850865231223
5515.401319830044,5509.827706806606,5.573613023437247
5540.084511683246,5021.024648737776,519.0598629454698
5531.770451309085,5540.039908680204,-8.269457371118733
4840.747746571254,5032.786973490309,-192.03922691905518
5484.135635917571,5210.508254293552,273.6273816240182
5486.24771315908,5563.307829855037,-77.06011669595682
5483.376581428565,5527.073527839488,-43.696946410922465
5475.0685151723665,5037.415390460459,437.65312471190737
4439.2897345937945,5189.817728281343,-750.5279936875486
5496.555603384082,5556.775081499229,-60.21947811514656
5505.048641481156,5547.650021083321,-42.60137960216525
5514.513857301711,5544.469982170873,-29.956124869161613
5510.479551436467,5530.972471355164,-20.492919918697226
5511.078393067786,5515.682212415,-4.603819347214085
5510.933277641265,5166.736788539465,344.19648910179967
5507.149158590636,5472.608340280584,34.54081831005169
5510.458413686972,5220.086033782514,290.3723799044574
5538.546790992855,5581.139862064581,-42.59307107172663
5514.517142672066,5169.562215323948,344.95492734811796
5523.090739320829,5451.7248743410755,71.3658649797535
5518.618072556839,5215.38398472951,303.23408782732895
5503.180129493479,5174.414487277206,328.7656422162736
4465.705891601615,5223.345496746392,-757.6396051447773
5517.2792651338395,5220.119371150555,297.15989398328475
5508.180180700543,5190.6551595802775,317.5250211202656
5508.1955807731265,5548.922090203579,-40.7265094304521
5489.191463855834,5175.009640390205,314.18182346562844
5516.4391631317385,5181.561687766921,334.87747536481766
5522.915987630617,5229.017781340168,293.8982062904488
5520.534836076878,5118.018345096581,402.516490980297
5527.177068613112,5519.972779793285,7.204288819827525
5528.297272941261,4881.287610585991,647.0096623552699
5509.972718813658,4553.846457754188,956.1262610594695
5520.949684889017,5553.098486414907,-32.14880152589012
5496.430742624044,5329.117775476632,167.31296714741165
5519.317135563551,5205.085762973746,314.2313725898057
4458.568845752337,5256.8550098248825,-798.286164072545
5478.438909471626,4870.449688203821,607.9892212678051
5495.012010527067,5574.109881896687,-79.0978713696195
5490.273452114729,5570.110983764511,-79.83753164978225
5476.423414289762,5555.525116324266,-79.10170203450343
5502.392301530038,5524.897023736545,-22.504722206506813
5500.200025691284,5554.15162692381,-53.95160123252572
5521.901217101973,5525.951851135409,-4.0506340334359265
5498.537926121498,5552.645288272055,-54.10736215055749
4742.169837164543,5486.358559705891,-744.1887225413475
5209.206231769712,5560.974760610231,-351.76852884051914
5206.9156468960555,4580.394936162278,626.5207107337774
5208.888968170566,5564.284616034836,-355.39564786427036
5206.245191560852,5323.962885161448,-117.71769360059625
5202.4186709680735,5553.0515014442535,-350.63283047618006
5173.659755253131,5482.200667178551,-308.54091192542
5193.778796068585,4894.495391567173,299.2834045014115
5249.379204110259,4563.474871935779,685.9043321744794
5258.464943964072,5554.239017507001,-295.7740735429297
5260.485374382569,5547.605779876359,-287.1204054937898
5257.007108985312,5535.804166590912,-278.79705760560046
5250.296796259545,5539.461740215606,-289.1649439560615
5237.58686072304,5407.833269020401,-170.24640829736018
5241.992079906924,5490.023962741152,-248.03188283422787
5253.49851697638,5175.453007720478,78.04550925590229
5256.564654740062,5543.8071243101895,-287.24246957012747
5258.018138367573,5450.280848739475,-192.26271037190236
5249.8266167594475,5556.306940151484,-306.48032339203655
5495.468848784987,4859.162049110113,636.3067996748741
5501.340937419981,5553.829485423098,-52.4885480031171
5504.84654852855,5512.669733426096,-7.8231848975465255
5500.947706808995,5115.730263814419,385.2174429945753
5233.622386197384,5493.609550293182,-259.9871640957981
5221.821579301199,5551.2612963482525,-329.4397170470538
5204.966663701682,5202.348887596247,2.6177761054350412
5224.074718721905,5326.786964905942,-102.71224618403721
5216.5240491522045,5548.713910794092,-332.18986164188755
5209.0210290101395,5150.248404676965,58.77262433317446
5233.741306390001,5327.926356959451,-94.18505056945014
5222.79746576776,5528.433585566965,-305.6361197992055
5522.230885792043,4624.066109652118,898.1647761399254
5549.929555922992,5533.724022613972,16.20553330902021
5524.123003672287,5199.365537790681,324.75746588160655
5529.493676581585,4484.603666669421,1044.8900099121638
5540.800497921774,5212.927741201884,327.8727567198903
5538.734413918994,5544.917407014273,-6.182993095279016
4850.973190629984,5551.377251817627,-700.4040611876435
5480.753207777627,5313.504701935373,167.2485058422535
5495.53613131622,4562.850326089451,932.6858052267689
5476.53433229916,5204.072633457259,272.4616988419011
5482.462294403427,5203.995766907343,278.4665274960844
4437.37884124964,4843.47589174425,-406.0970504946099
5516.700895940542,5592.226077129025,-75.52518118848275
5506.931789338481,5395.641382884595,111.29040645388613
5503.802894379575,5521.941507841663,-18.13861346208796
5516.6734662944855,5521.382727087477,-4.709260792991699
5513.831135783337,5554.300370785349,-40.469235002011374
5507.728138168274,5510.707015773342,-2.9788776050681918
5513.353562983555,5327.586441144145,185.7671218394098
5530.558000310674,5240.358101281819,290.1998990288557
5517.9649996383605,5507.168242118548,10.796757519812672
5514.250916511732,5532.7245194425295,-18.473602930797824
5516.837636353371,4165.000364956824,1351.8372713965464
5503.423100509857,5328.234750590879,175.18834991897802
5509.2521829791485,4559.576906862863,949.6752761162852
4462.625389395755,5543.098365539024,-1080.472976143269
5498.993789752215,5461.21263897502,37.78115077719485
5519.500842212519,5411.974959826089,107.52588238643057
5511.5179477613365,5217.92828168925,293.5896660720864
5512.337131652933,5544.926788062991,-32.589656410058524
5505.978719662051,5547.320782958684,-41.34206329663266
5522.181562663511,5563.34793295503,-41.16637029151934
5500.259072707337,4882.340804282879,617.9182684244579
5501.727762480445,5425.8390002493325,75.8887622311122
5507.256119364455,5356.136306922382,151.11981244207345
5509.782719015999,5553.012008006184,-43.22928899018552
5505.723667982314,5202.665042229721,303.0586257525929
5525.53600849491,5557.340252908339,-31.804244413428933
5517.143069981609,5018.403547866896,498.7395221147135
4451.95268897835,5546.400462256132,-1094.4477732777823
5497.978908211107,4561.836899494236,936.1420087168717
5492.185796514583,5574.0753642122645,-81.88956769768174
5484.670809552301,5463.6497992139975,21.021010338303313
5490.296780395572,5113.378081730016,376.9186986655559
5489.439400620287,4548.998601931456,940.4407986888318
5495.170076927631,5191.979356325663,303.1907206019687
5512.512566800539,5539.634026757622,-27.12145995708306
5507.581058805727,5523.153872625912,-15.57281382018573
4745.7504336468555,4530.762271467944,214.9881621789118
5198.648293775407,5314.798107915849,-116.14981414044178
5206.997823113548,5576.708709038283,-369.7108859247346
5180.745067911572,5444.061162824787,-263.31609491321524
5209.896976147806,4552.933220508114,656.963755639692
5210.770886422845,5562.351690317831,-351.58080389498537
5206.512389861077,5262.486889456819,-55.97449959574169
5204.608325236871,5027.029025410631,177.57929982623955
5249.379204110259,5201.726515318931,47.65268879132782
5266.962107534021,4555.111756437754,711.8503510962673
5240.875734413895,4546.332996943853,694.5427374700421
5263.342613929057,4741.694401148357,521.6482127806994
5255.32824714868,5528.862358379239,-273.53411123055866
5235.925371405374,5192.792578132889,43.13279327248529
5253.081464599001,4589.198569626368,663.882894972633
5267.563407264225,5446.844805904944,-179.2813986407191
5247.880711577456,5527.983040342631,-280.1023287651751
5282.671416952901,5357.081156793883,-74.40973984098127
5259.212907570882,5567.744641934722,-308.53173436383986
5494.090997572794,5536.379095833148,-42.28809826035467
5509.341037583271,5550.4636978048775,-41.122660221606566
5508.147529484681,5560.570691330419,-52.42316184573792
5494.771026424172,5353.683043684647,141.08798273952561
5235.43240803557,5513.973344798741,-278.540936763171
5219.753090957815,5508.243983626831,-288.4908926690159
5210.838121448751,5524.157333072359,-313.31921162360777
5221.393085309288,4733.235346900771,488.1577384085167
5217.789251842662,5524.435720151499,-306.6464683088361
5221.882438420843,5246.249226950646,-24.36678852980276
5225.460509114224,5556.510102683452,-331.0495935692279
5213.748619532939,5556.068153685214,-342.3195341522751
5537.480388778754,5322.794491522918,214.6858972558357
5537.121371865302,5497.332625639982,39.7887462253193
5515.025692652199,4552.563529540025,962.4621631121736
5533.684269370212,4539.565656637613,994.1186127325991
5551.428522253306,5569.123813020012,-17.69529076670551
5552.917445020982,5574.01129862332,-21.09385360233773
4857.422577160786,5214.952812955781,-357.53023579499495
5480.645497929927,5158.334429980869,322.31106794905827
5487.704272999524,5490.514165215497,-2.8098922159733775
5481.401093954242,5441.312255558456,40.0888383957863
5483.719731252022,5198.851175069629,284.86855618239315
4440.292562713169,4413.991033927458,26.301528785710616
5513.938747070679,5063.130443938691,450.8083031319875
5516.808882842974,4554.882182328873,961.926700514101
5535.877574427763,5452.833925496834,83.04364893092861
5494.902114595001,4830.530522998521,664.3715915964804
5513.5520581847395,5517.647669599923,-4.095611415183157
5514.635487036614,5517.856183503761,-3.2206964671468086
5500.563231123715,5166.8506649587,333.71256616501523
5512.531522813848,5550.98812029344,-38.45659747959235
5503.168019414969,5534.1067883755595,-30.938768960590096
5522.341438095637,5606.023058319657,-83.68162022401975
5514.660550635532,5111.3050884039185,403.3554622316133
5531.095815330285,5561.837961724617,-30.74214639433194
5507.802596232074,5105.245864431779,402.556731800295
4456.037466828932,5541.794491032282,-1085.7570242033498
5510.364092019236,5200.359803025036,310.00428899419967
5517.29175107613,4813.282098463164,704.0096526129655
5512.193139711189,5568.816319570348,-56.62317985915888
5505.16460060254,5412.041390145057,93.12321045748286
5504.71292110464,5193.710983094769,311.0019380098711
5516.534254695039,5534.03603611989,-17.501781424851288
5508.078124672018,5506.302981572926,1.7751430990920198
5519.085621549652,5559.208210925657,-40.122589376004726
5508.617777059115,5350.367373732282,158.25040332683238
5513.700140347455,5439.233877700769,74.46626264668612
5516.71164368116,5057.032573514476,459.67907016668414
5499.139160762415,5347.8411313272745,151.29802943514005
5514.055995593501,4558.039905384023,956.0160902094785
4441.109215426297,5465.637348114904,-1024.528132688607
5475.1846957688285,5544.1886744041985,-69.00397863537
5489.547925829715,5561.074017924212,-71.52609209449747
5500.279278834285,5208.6470683409,291.6322104933852
5497.336359126416,5224.104816652904,273.2315424735116
5504.942494322842,4877.324074693992,627.6184196288505
5525.21539454532,5231.803836891966,293.41155765335407
5516.13206933666,5338.547327416144,177.58474192051563
5491.84782457129,5462.390807225164,29.457017346126122
4747.839122576077,5206.978836956479,-459.13971438040244
5207.233670867759,5548.239387271771,-341.00571640401176
5186.029530398421,5324.2472030515,-138.2176726530788
5206.139373727377,5544.014491315499,-337.8751175881225
5204.747822882549,5584.874052796899,-380.12622991435
5202.017063616428,5495.320285766495,-293.3032221500671
5204.667891770359,5326.804281408354,-122.1363896379944
5208.20422812509,5060.836802269945,147.36742585514457
5249.379204110259,5194.577718834918,54.80148527534038
5260.266266951349,5101.830850265435,158.43541668591388
5259.404338814758,5551.490096405785,-292.0857575910268
5246.201739253203,5200.957584019489,45.24415523371408
5248.494798428986,4868.3557655479735,380.1390328810121
5258.148876401014,5221.998901932387,36.14997446862708
5238.874776917762,5550.984181272623,-312.109404354861
5262.853463420601,5548.768082134636,-285.914618714035
5251.4872612145045,5530.845914051467,-279.3586528369624
5259.355122770722,5515.598686921778,-256.2435641510556
5238.375092939969,4554.992982310023,683.3821106299465
5488.876211472918,5328.705179854769,160.17103161814885
5499.349438848364,4956.787998669955,542.5614401784087
5491.46876901666,5206.997623443576,284.47114557308396
5511.210929920297,5543.413349602978,-32.202419682681466
5223.934057145915,4727.581115612628,496.35294153328687
5202.000484845179,5399.811859686711,-197.8113748415317
5225.060420250914,5166.041398352363,59.01902189855082
5225.399542710779,5473.119503571864,-247.71996086108447
5221.919215354963,5537.697370020693,-315.77815466572974
5231.685385270172,5564.563360710412,-332.8779754402394
5217.64914208927,5347.411727776281,-129.76258568701087
5237.285066441156,5452.603084442833,-215.31801800167705
5544.435963788885,4858.766949448759,685.6690143401256
5533.558677748221,5504.732585992343,28.826091755878224
5525.593147750369,5537.076989075607,-11.483841325238245
5519.09595073632,5519.358795460534,-0.2628447242132097
5541.022281665341,5328.508875660471,212.51340600487038
5536.546643330797,5534.628087644748,1.9185556860493307
4866.344401260489,5445.177538581007,-578.8331373205183
5497.145258028868,5022.363142544955,474.782115483913
5492.41080603391,5547.148984109127,-54.73817807521664
5465.904541057591,5509.676196645544,-43.77165558795332
5489.100223472688,5532.4656491944115,-43.36542572172311
4428.55213219696,5192.384031591356,-763.8318993943958
5506.153004144225,5558.0939833480925,-51.940979203867755
5495.722694342315,5527.645995123736,-31.92330078142095
5520.215211638232,5512.8008476476425,7.4143639905896634
5497.490243264414,5527.2459765394615,-29.755733275047533
5510.73739451224,5314.907330023619,195.83006448862125
5514.47725310988,5210.252401283556,304.2248518263241
5528.917414130635,5491.034851022276,37.882563108359136
5492.423552044651,5453.956873198462,38.4666788461891
5506.305486490727,5508.050335663783,-1.744849173055627
5516.880638942346,5547.534450365094,-30.653811422747822
5503.423100509857,5527.808101725106,-24.38500121524885
5512.248577010368,5563.234789793221,-50.98621278285373
5510.019421244503,5351.072347773713,158.9470734707902
4465.214437651239,4550.798232720404,-85.58379506916481
5501.981206735627,5532.175611287475,-30.194404551847583
5507.309034868073,5584.730262762547,-77.42122789447421
5514.303796241226,5498.663176163903,15.640620077323547
5512.9698274213715,5505.991856945109,6.977970476262271
5511.205864904974,5529.115578826522,-17.909713921548246
5515.988138544011,5327.937994915653,188.05014362835846
5516.145247760687,5164.5921406994075,351.55310706127966
5508.545030151899,4565.996641337946,942.5483888139524
5491.420161287686,5533.408724020833,-41.988562733146864
5508.63914677874,5159.2428822311185,349.3962645476213
5505.134720935823,5511.403040129973,-6.268319194150536
5523.866493844664,5556.778808001797,-32.91231415713355
5516.077132556146,5222.032457742674,294.04467481347274
4435.582845996283,5553.816613580451,-1118.2337675841682
5494.031918081465,4566.229984268448,927.8019338130171
5491.648933742455,5202.449883172343,289.19905057011147
5483.332246554554,5541.552384090762,-58.2201375362074
5479.361883990045,4859.350823406256,620.011060583789
5513.170793924758,5555.710034004851,-42.539240080092895
5481.8480512036995,5526.816774721566,-44.96872351786624
5499.66251181328,4545.078802931123,954.5837088821563
5508.50008689711,5214.621634373702,293.87845252340776
4753.1480816627545,5552.517693690286,-799.3696120275317
5202.230240574452,5209.660134617761,-7.429894043309105
5189.151146845677,4533.225478700056,655.9256681456218
5197.783178543921,5540.536096589091,-342.7529180451702
5210.57924682967,5514.99068147612,-304.4114346464494
5206.865494054717,5198.1916936970065,8.673800357710206
5205.139788547833,5168.332545850637,36.80724269719576
5197.045514775488,5210.976042320918,-13.930527545429868
5249.379204110259,5553.334184916444,-303.95498080618563
5245.04093102237,5410.389053556125,-165.34812253375458
5243.724186355898,5509.445675197929,-265.72148884203034
5247.074483587554,4948.389553125262,298.68493046229196
5263.23312044367,5064.0514610704695,199.1816593732001
5261.487936276773,5561.89862832073,-300.41069204395626
5253.873191193371,5543.642646143356,-289.7694549499847
5247.868708845614,5520.876854257278,-273.0081454116644
5248.801980636325,5236.527122948603,12.274857687722033
5259.289622841103,5216.920531273573,42.36909156752972
5249.241785377628,4879.1944920017895,370.0472933758383
5498.807948792442,5426.873403358605,71.93454543383723
5521.1293910097975,5217.518226377652,303.6111646321451
5503.955230764143,5210.373537693272,293.58169307087155
5492.243147771446,5455.9607904851855,36.282357286260776
5215.458659715946,5495.21043525208,-279.7517755361341
5229.209356177011,5444.647219386445,-215.437863209434
5207.6358502422645,5513.209773578935,-305.5739233366703
5218.768640396965,5491.666853121229,-272.89821272426434
5230.89054217751,5541.551127976841,-310.6605857993309
5222.102688207714,5553.470228987685,-331.367540779971
5247.25180477087,4908.564619018777,338.6871857520928
5231.429903427456,5335.4562841374845,-104.0263807100282
5534.27037932218,5496.570529444942,37.699849877238194
5536.903154268514,5218.363355104093,318.5397991644213
5542.688810234499,5541.605807557077,1.0830026774219732
5520.207417588417,4559.106288855674,961.1011287327428
5521.504556385022,5314.475024220814,207.02953216420792
5535.317001219764,4595.7617802988025,939.5552209209618
4851.086071651925,5558.109583421045,-707.02351176912
5495.53613131622,5562.327697999177,-66.79156668295673
5484.4891707768975,5202.917151692664,281.57201908423303
5490.381924209193,5027.334952255243,463.04697195395056
5494.965686963498,5538.971044252967,-44.00535728946852
4449.7577276327365,4748.566355297162,-298.80862766442533
5500.736068282007,4579.230166991731,921.5059012902766
5509.067010259809,5172.915994574177,336.15101568563205
5527.236096995931,5445.366796721203,81.86930027472772
5513.1358130677645,4727.522747641513,785.6130654262515
5491.458084362468,4853.019706680639,638.4383776818295
5500.152702545329,5501.04884614666,-0.8961436013314596
5509.108594832965,5556.207097887929,-47.09850305496457
5518.150654354335,5210.960633684188,307.1900206701466
5517.385018495694,4548.282892503388,969.1021259923054
5517.243873668258,5216.868203142102,300.3756705261558
5507.188045784677,5540.828890143864,-33.6408443591863
5504.808222636868,5547.105975707973,-42.297753071105035
5511.475738595786,4560.763510836294,950.7122277594926
4464.843625252116,5534.004394474483,-1069.160769222367
5526.562342287075,5224.93326584193,301.6290764451451
5503.566793865586,5315.852375992036,187.7144178735498
5505.33183268112,5199.144917988286,306.18691469283476
5515.084500416433,4549.012677237674,966.0718231787587
5508.968271180728,5521.704791933135,-12.73652075240716
5506.661144972961,5006.964962672846,499.69618230011474
5505.151185463658,5503.679276645082,1.471908818576594
5508.741785121641,4550.145813897973,958.5959712236681
5516.181412124782,5537.9482035965175,-21.766791471735814
5510.046351059065,5513.694500304419,-3.648149245354034
5525.405583249167,5215.7119811652865,309.69360208388025
5516.228171072395,5548.098946586312,-31.87077551391758
5509.141109592264,4435.89066598828,1073.2504436039844
4461.483832162942,5487.576165864278,-1026.0923337013355
5473.707542001361,5541.556228657583,-67.84868665622253
5486.23306673771,5467.428445898418,18.8046208392916
5483.4279868878875,4592.640702304362,890.7872845835254
5476.286540961806,5502.7286581184635,-26.442117156657332
5492.608288409139,5346.4846656153495,146.12362279378976
5491.301121054358,5589.497849737348,-98.19672868298949
5525.039069246354,4583.267421195372,941.7716480509825
5481.195478402926,5534.998467238394,-53.80298883546857
4763.296596218179,5527.301918248739,-764.0053220305599
5201.749404294082,5553.803501331167,-352.05409703708574
5200.236526335986,5557.943742076395,-357.7072157404091
5206.622395709801,5015.132739464235,191.48965624556604
5210.842573366019,5325.996120347262,-115.15354698124338
5194.10259468466,5156.81905858839,37.28353609626993
5205.862360062762,4719.524080672321,486.3382793904402
5201.497584976248,5546.159448871861,-344.66186389561335
5249.379204110259,5045.338993542647,204.04021056761212
5257.99224986972,5508.362040338084,-250.36979046836404
5252.717069337763,5208.597964691508,44.11910464625453
5251.447894222716,5352.837086158456,-101.3891919357402
5248.020803623866,4539.402641150582,708.6181624732844
5235.174384206285,5299.0033392753785,-63.828955069093354
5267.8003073115,5433.727214779631,-165.9269074681315
5245.4889443820575,5522.773916198989,-277.28497181693183
5252.40192103749,4703.283848926047,549.1180721114433
5243.756953594205,5531.7816895934575,-288.0247359992527
5228.740770771126,5023.351957695979,205.38881307514748
5500.015816663666,5550.824454755494,-50.80863809182847
5498.806489378901,5211.495740637889,287.3107487410116
5488.893453326844,5531.7470970683535,-42.853643741509586
5513.538904741512,5186.328454550771,327.21045019074063
5226.674241981423,4591.359290081127,635.3149519002955
5213.300508991789,5543.488197719469,-330.1876887276803
5205.30725190258,5190.40153082911,14.905721073469977
5221.653726480675,5557.949547463427,-336.29582098275205
5221.456760895387,4584.572589362318,636.8841715330691
5214.198529556765,5156.521063591866,57.677465964899056
5211.642522742473,5197.136668185765,14.505854556708073
5225.449584128573,5215.488834326883,9.960749801690326
5536.916264556189,5521.456742718007,15.4595218381819
5547.98680868104,5478.740100728745,69.24670795229486
5533.947675950418,5541.412980543131,-7.465304592713437
5530.046279093815,5424.90703522618,105.13924386763574
5531.563485931728,5544.754623486313,-13.191137554585112
5529.591295146504,5314.88224893617,214.70904621033424
4862.185138808772,4551.062970327409,311.1221684813627
5471.688611803788,5481.773505132201,-10.084893328412363
5486.393316927892,5483.0355482338855,3.357768694006154
5479.5138459519685,5508.620118478166,-29.106272526197245
5493.3753763070235,5561.484508449903,-68.10913214287939
4438.035156104483,5149.863107622173,-711.82795151769
5505.273333835133,5395.397289129437,109.87604470569568
5529.261751989729,5374.12938413863,155.13236785109984
5511.852690612167,5418.4324239267835,93.42026668538347
5513.466405300629,4543.636320862707,969.8300844379219
5529.454172608731,5541.94277326881,-12.4886006600791
5505.740109005012,5050.593904091397,455.1462049136144
5502.432315672699,5499.704294096379,2.7280215763194064
5480.026263732674,5499.493798575453,-19.46753484277906
5522.418699423103,5496.885155314724,25.53354410837892
5524.441518980601,4879.10812412571,645.3333948548916
5509.2521829791485,5206.560849476066,302.6913335030822
5510.019421244503,5495.835325063196,14.184096181306813
5531.333804030999,4888.133167063254,643.2006369677447
4446.873084290845,5516.603619577172,-1069.7305352863268
5506.068168975274,5552.236249619892,-46.168080644618385
5493.334578426153,5498.776820993591,-5.44224256743837
5509.8129086343115,5539.719647940879,-29.906739306567943
5497.48861296791,5505.9418123356345,-8.453199367724665
5506.836259792164,5041.907564713172,464.92869507899195
5536.886179553044,5559.781790665602,-22.895611112558072
5525.396275237208,5545.035570301393,-19.639295064184807
5508.0903434309275,4547.1136607532335,960.976682677694
5500.331545677416,5532.586528544557,-32.254982867140825
5510.665859362911,5358.5269589480195,152.1389004148914
5516.681204822927,5050.301041022293,466.38016380063345
5517.326686033138,5538.665604099327,-21.338918066188853
5518.813578625042,5548.733271701667,-29.919693076624753
4452.20466273096,5572.652541503576,-1120.4478787726157
5479.384020831582,5425.578709488138,53.80531134344437
5490.48846345736,5179.3299816625,311.15848179485965
5495.639855386501,5202.237369398638,293.40248598786275
5480.530930186335,5537.749749661657,-57.21881947532165
5490.14500729855,5519.985355820683,-29.840348522133354
5504.631065937049,5481.343238083968,23.28782785308158
5495.448674105527,5489.565805116812,5.882868988715018
5493.3880889294705,5036.941477442563,456.4466114869074
4749.721759960642,4538.201563895985,211.52019606465728
5192.031263210553,4947.64147867371,244.38978453684376
5212.710826023915,5220.365537076236,-7.654711052321545
5213.802269551239,5555.407456374334,-341.6051868230952
5210.628009884997,5124.300681920023,86.32732796497385
5202.635316837421,4556.420731110473,646.2145857269479
5240.09235809805,5596.89767906935,-356.8053209712998
5212.592641361741,5439.0455805510655,-226.45293918932475
5249.379204110259,5549.480349013713,-300.10114490345404
5250.1710177106415,5315.921071604765,-65.75005389412308
5251.915601923044,5530.477395244717,-278.56179332167267
5259.199302864769,5560.449003047259,-301.2497001824895
5251.308809611922,5566.27822420801,-314.9694145960884
5258.044413376407,5536.326501874086,-278.28208849767907
5259.809782300697,5203.278577424383,56.531204876314405
5240.488682857745,4626.455300750352,614.0333821073928
5258.004385047524,5535.5088092581545,-277.50442421063053
5249.336162460237,4558.321813541922,691.0143489183147
5254.341709473801,5244.777978225985,9.563731247815667
5503.0503995689205,5177.600003287045,325.4503962818753
5486.417508506591,5548.157065078952,-61.739556572360925
5503.020929722577,5201.050981182102,301.96994854047534
5501.894641343558,5316.182875946695,185.71176539686257
5219.420764485843,5240.3565366770235,-20.93577219118015
5224.801275237839,5119.279357327006,105.5219179108326
5196.02016922788,4823.553580579853,372.466588648027
5216.5240491522045,5313.977447336903,-97.45339818469893
5236.093410386637,5186.095786474131,49.99762391250533
5223.942097336687,4734.124286085458,489.8178112512287
5209.6931005991955,5528.752724567908,-319.0596239687129
5230.602962777849,4734.456127515346,496.14683526250246
5555.530585873656,5563.495801866179,-7.965215992523554
5549.0666068949095,5142.64252988268,406.42407701222965
5530.406188543095,4723.402158090545,807.0040304525501
5547.223041873378,5557.6101870628245,-10.387145189446528
5529.580304738038,5414.599399855222,114.9809048828156
5517.686103817448,5525.594089732644,-7.9079859151952405
4846.077421186633,4894.278797728175,-48.20137654154223
5474.575431432411,5509.345712772414,-34.77028134000284
5477.530588065803,5521.969454755109,-44.43886668930554
5469.43503268207,5325.575141640448,143.85989104162218
5483.649787473208,5513.928433627187,-30.278646153979025
4440.346495921578,5312.586705980971,-872.2402100593927
5504.31348940916,5534.499966195466,-30.18647678630623
5516.6734662944855,5601.836287137132,-85.1628208426464
5505.832941441127,5413.199945348993,92.63299609213391
5513.875830157608,5205.79544034343,308.0803898141785
5523.877478335292,5219.070000660898,304.80747767439425
5520.020666099705,4879.409781392988,640.6108847067162
5492.876182228236,5522.914524822593,-30.038342594357346
5509.731371475257,5414.180144564362,95.55122691089491
5510.741386209745,5342.111974234806,168.6294119749382
5507.841477027595,5176.257666617002,331.5838104105933
5508.043369060127,5546.736897461552,-38.69352840142528
5517.031140520536,4444.37014828182,1072.660992238716
5516.297180403637,4879.464026630151,636.8331537734857
4448.264680557899,5423.196671486622,-974.9319909287233
5524.023659536311,5191.595734847164,332.4279246891474
5510.078188869414,5355.076056765514,155.00213210389938
5513.757714289796,5322.553494985769,191.204219304027
5531.952841962994,5063.2952143270595,468.65762763593466
5509.706259125813,4881.259162217899,628.4470969079139
5507.256119364455,4886.011954833813,621.2441645306417
5501.177791341898,5503.480950151614,-2.303158809715569
5514.723898376204,5544.633079302323,-29.909180926119006
5503.7470803706765,5200.399535216313,303.3475451543636
5506.128068156708,5548.089894422317,-41.96182626560949
5515.225711991445,5431.2859800684955,83.93973192294925
5509.852824728938,5528.583525350919,-18.73070062198167
5518.625973661597,5516.25358577315,2.3723878884466103
4441.980555153287,5559.329461209544,-1117.348906056257
5483.791768938803,5541.5806789873,-57.7889100484972
5482.132058828027,4847.404369153684,634.7276896743433
5477.272500666663,5546.98181788575,-69.7093172190871
5489.899753494437,4554.921682182864,934.9780713115733
5503.854898144281,5557.683108215493,-53.8282100712122
5486.439876263208,5195.931631073256,290.5082451899525
5514.053019869914,5555.1200675681985,-41.067047698284114
5503.906547494229,5566.7658943527085,-62.85934685847951
4754.4371282338725,4543.8503296754125,210.58679855846003
5210.770886422845,5366.782710265274,-156.01182384242838
5188.753902477805,5544.541696442823,-355.78779396501795
5197.624018250556,5202.124830109276,-4.500811858720226
5193.782452172809,5427.378086539468,-233.5956343666594
5214.727714095375,4712.9432671585955,501.7844469367792
5195.748880716821,5441.084513873588,-245.33563315676656
5195.807074754595,5511.928679633199,-316.12160487860365
5249.379204110259,5323.120207617227,-73.7410035069679
5254.3153635671115,5558.479933900318,-304.16457033320694
5223.059162919694,4467.597314069707,755.4618488499873
5252.647092377384,5517.646751761123,-264.9996593837386
5254.218084298072,5509.771616069929,-255.5535317718568
5261.756005918129,5326.915201876754,-65.15919595862488
5259.716933732682,5544.64164624554,-284.9247125128577
5269.5625038831895,5553.891297066379,-284.3287931831892
5243.491587623995,5202.2117633179105,41.279824306084265
5252.821458981973,5208.319866597791,44.501592384182004
5239.487184875198,5192.066628951772,47.420555923426036
5498.860323508053,5106.539240704769,392.3210828032834
5505.91158360474,5501.764767499542,4.146816105198013
5516.171830696399,5568.430825996578,-52.25899530017887
5490.339871208102,5502.229556711487,-11.889685503385408
5221.821579301199,5528.829967017774,-307.00838771657527
5230.542835425785,5549.64318420573,-319.1003487799453
5210.665221565624,5528.996461592649,-318.33124002702516
5218.346310326124,5257.6323003059215,-39.285989979797705
5231.323167252916,4577.407307544159,653.9158597087571
5208.098348971257,5525.716491139223,-317.61814216796574
5229.958579894463,4751.05961479332,478.8989651011425
5213.789482201457,5190.448231031702,23.341251169755196
5533.558677748221,5508.621640725088,24.9370370231336
5536.767782941414,5518.393950930675,18.373832010739534
5532.322505862124,5547.439319457895,-15.116813595771418
5537.369860284392,5214.978374231096,322.39148605329683
5544.210738783684,5439.80427198829,104.40646679539441
5548.70338298153,5330.429081547968,218.27430143356196
4859.92824108237,4813.501319862291,46.42692122007884
5476.53433229916,5392.447177760605,84.0871545385553
5490.381924209193,5208.688918311298,281.6930058978951
5489.941057328012,5545.900391749737,-55.959334421724634
5474.553132012795,4527.2105954818135,947.3425365309813
4449.136095496928,5564.593107263585,-1115.4570117666572
5502.340466955073,5522.359714098663,-20.01924714359029
5514.020497569692,5557.042768701396,-43.02227113170375
5503.1869467808465,5319.388747302144,183.79819947870237
5512.826807043838,5014.034864831067,498.79194221277066
5513.167135523315,4552.370631849622,960.7965036736923
5511.483046529826,5324.07729533,187.40575119982623
5513.623817189357,5506.593125088281,7.030692101076056
5519.030494695991,5029.740190427351,489.2903042686403
5526.874164446768,5333.364895549679,193.509268897089
5519.844887026711,5545.1263957977235,-25.28150877101234
5514.383391549277,5318.223518609776,196.15987293950093
5522.094124769136,5540.893249978082,-18.799125208945952
5497.824263589241,5161.580744152208,336.2435194370328
4445.473082856072,5530.760134642065,-1085.2870517859928
5507.913918421954,4955.063176626547,552.850741795407
5508.828126876251,4904.237533741132,604.590593135119
5511.322649729892,5162.828046033878,348.49460369601366
5516.601401806623,5028.224590569539,488.37681123708353
5513.725592409348,5206.070009612467,307.6555827968805
5507.710043980516,5090.15663697533,417.5534070051863
5488.458574246314,5480.634721622808,7.823852623506355
5527.959104582909,5182.285523605781,345.67358097712804
5510.303302914791,4543.122423266374,967.1808796484165
5507.8950306250745,5432.374079271612,75.5209513534628
5510.214248297955,5530.090929633415,-19.87668133545958
5518.572963787016,5516.623639122431,1.9493246645852196
5510.151316188417,5528.574637797257,-18.423321608840524
4451.525075580508,5224.832933715554,-773.3078581350455
5476.655756372934,5509.3367282252875,-32.68097185235365
5477.499234960161,4896.928025918289,580.571209041872
5478.315442153903,4564.629915168191,913.6855269857124
5499.705187168378,4965.470646944996,534.2345402233823
5493.432937152555,4551.441228281766,941.9917088707889
5507.342243206054,5326.458750787457,180.8834924185976
5503.058514992092,5467.127502041725,35.931012950366494
5515.5885314785655,4894.351899962177,621.2366315163881
4750.121927634822,5485.290172040528,-735.168244405706
5194.6294908397995,5539.52878802392,-344.89929718412077
5184.291281682614,5299.958694799744,-115.66741311713031
5196.553156942509,4267.752763234056,928.8003937084532
5216.7186740713305,5210.73861114139,5.9800629299406864
5206.671181905016,5212.118259800048,-5.447077895031725
5208.008747265898,5019.442552212294,188.56619505360413
5203.458710777896,4547.291581689085,656.1671290888107
5249.379204110259,4551.585481624522,697.7937224857369
5248.454296966036,5160.602317529962,87.85197943607363
5248.08098227139,5161.1814955442005,86.89948672718947
5245.788090416798,5498.71031635734,-252.92222594054238
5257.311732200903,5534.084689354584,-276.7729571536811
5254.23456741194,4546.277898292932,707.9566691190075
5264.019341833133,5555.947043050537,-291.9277012174043
5257.547612229215,5538.1404088814315,-280.59279665221675
5243.422011073561,5524.930024290904,-281.5080132173425
5242.686509249883,5152.958612085565,89.72789716431816
5265.141597704975,5070.46117828929,194.6804194156848
5496.339540365864,5548.717592113533,-52.378051747668906
5488.518511729251,5491.696513387414,-3.1780016581624295
5510.754157716923,4566.142921182807,944.611236534116
5506.017586547894,4545.429796784301,960.5877897635928
5208.898340928278,5466.43041139567,-257.53207046739135
5229.8718364136075,5593.197767048466,-363.3259306348582
5217.525798960329,4536.7825340141935,680.7432649461352
5223.673425535831,5539.195589605106,-315.5221640692753
5207.488165988012,4529.072286826527,678.4158791614855
5218.709122983556,5494.630434338827,-275.9213113552714
5228.518202600289,5211.5272355272255,16.990967073063985
5236.913061116607,5181.280476269006,55.63258484760172
5537.410198558325,4544.065936774483,993.3442617838418
5530.21809753401,5528.812340966698,1.4057565673119825
5525.187740838243,5542.953858660349,-17.766117822106025
5536.308442586054,5507.988026738036,28.320415848018456
5533.217112317612,5205.519349969646,327.6977623479661
5533.246800315506,4904.220925730448,629.0258745850588
4855.713298464434,5558.590823953098,-702.8775254886641
5488.335105744806,4543.789386605556,944.5457191392507
5486.108187774947,5014.554433448738,471.55375432620895
5486.482582057186,5219.852237262195,266.6303447949913
5491.830329070755,5211.348493229982,280.4818358407738
4441.1612335649315,5534.006321071411,-1092.845087506479
5520.141356534807,5558.678333377596,-38.536976842789045
5518.739221218002,5535.932943885515,-17.193722667512702
5522.746088160217,5566.587126929168,-43.841038768950966
5529.130744810315,4608.001671740939,921.1290730693763
5505.859964961678,5408.2656096171195,97.59435534455861
5498.086012377216,5313.21372248186,184.87228989535652
5504.637711090593,5201.058822117989,303.57888897260455
5521.221488742077,5545.650310681401,-24.428821939323825
5520.090103776586,4574.203226235276,945.8868775413102
5497.234814262904,5491.966685320525,5.268128942379008
5494.772020976067,5094.8974517974975,399.8745691785698
5522.070503812824,5061.80345376361,460.26705004921405
5506.063671709886,5522.905786271746,-16.8421145618604
4462.279015283946,4546.608762636611,-84.32974735266453
5505.205337294611,5172.681086568779,332.52425072583173
5508.771956062555,5596.208963063522,-87.43700700096724
5520.373184132184,5184.542369017039,335.830815115145
5520.7135196982645,5228.048542415727,292.6649772825376
5517.366641274883,5537.47785879689,-20.11121752200779
5510.695724955533,5543.731464291592,-33.03573933605912
5503.9647821007975,5191.561438674943,312.4033434258545
5515.5729247150075,5518.001551999422,-2.428627284414688
5510.565558715624,4557.976873549132,952.5886851664927
5510.0131275250005,5530.023602380248,-20.010474855247594
5518.646439253857,5551.241436575619,-32.594997321762094
5487.168319891161,5518.404061558848,-31.235741667686852
5506.365238220118,4580.183603459316,926.1816347608019
4462.963174812393,4746.567516223815,-283.60434141142196
5498.42628353568,5566.872893985183,-68.44661044950226
5482.9516077398375,5415.915308482213,67.0362992576247
5478.453332256177,5461.781964369994,16.67136788618336
5473.637418746527,5506.706293651673,-33.068874905146004
5485.162374353954,4835.952644899324,649.2097294546302
5497.596651474741,4874.493264234973,623.1033872397675
5500.078473446411,5057.144496572352,442.9339768740592
5485.871380587932,5001.855586171094,484.0157944168386
4742.175047220915,5544.532052412395,-802.3570051914803
5206.216516481317,5211.018280547176,-4.801764065859061
5199.357787674585,4887.286419907984,312.0713677666008
5223.263884810884,5065.756817614138,157.507067196746
5197.976542338496,5545.514814172549,-347.5382718340534
5207.006334522172,5513.044741061275,-306.03840653910265
5202.266567692129,5542.51406032845,-340.2474926363211
5213.2504840654055,5541.4366549382285,-328.1861708728229
5249.379204110259,5192.057329552494,57.32187455776511
5240.347293145543,5151.059359033522,89.2879341120206
5244.191208150575,5536.827771474763,-292.6365633241876
5255.494275370708,4494.191944030526,761.3023313401818
5255.687917417085,5532.182784785814,-276.4948673687286
5259.694153795909,5549.790824663134,-290.09667086722493
5253.707087453217,5503.112925764275,-249.40583831105778
5255.834240805306,5533.8372119993455,-278.0029711940397
5245.482476145076,5236.33788205714,9.144594087936639
5252.633093776832,5541.77235073136,-289.1392569545287
5237.248273101962,5528.067971044638,-290.8196979426766
5505.51116108838,4902.974976000778,602.5361850876016
5497.2273648557075,5322.409832664592,174.8175321911158
5494.771026424172,5506.395377231219,-11.62435080704654
5515.8775976795405,4875.0449782671885,640.832619412352
5215.068380797335,5438.113617525171,-223.0452367278367
5211.8113450706,4728.164836969435,483.6465081011647
5231.445081230381,5204.042210059745,27.40287117063599
5220.475470215971,5551.368338124371,-330.89286790840015
5223.568610804283,5594.2338852371895,-370.6652744329067
5237.396332583188,4553.012249687995,684.3840828951934
5210.262181558158,5528.374435501319,-318.1122539431608
5231.475251913731,5438.82661451948,-207.35136260574927
5533.973672622817,4727.480029773063,806.493642849754
5530.469697180898,5530.381612173472,0.08808500742634351
5531.798848932618,4556.214780654281,975.5840682783373
5552.917445020982,5504.544480126161,48.37296489482105
5541.406933484205,4704.794328513479,836.6126049707264
5544.9117165560665,5574.873875748663,-29.96215919259612
4846.3932019383565,5543.189112942194,-696.7959110038373
5461.770247370081,4521.330957471215,940.4392898988663
5478.78812618043,5533.184332122385,-54.396205941955486
5473.039386228678,5423.263132888326,49.776253340352014
5486.737816214161,5542.03002340792,-55.29220719375917
4456.080274848006,5525.570170754389,-1069.489895906383
5501.9831336235175,4869.722701906715,632.2604317168025
5519.528227747031,5551.221023099562,-31.692795352530993
5501.2366455944075,5329.7695833968455,171.46706219756197
5521.595707432094,5569.420085005676,-47.82437757358184
5512.531522813848,5556.471439118143,-43.939916304295366
5511.696666724822,5516.138639551834,-4.4419728270122505
5518.315908426304,5114.317005152335,403.9989032739695
5507.480916312024,5524.508531562431,-17.027615250406598
5511.207170116444,4554.317739983617,956.8894301328273
5496.810716871922,4870.765326215004,626.0453906569173
5498.993789752215,5502.7551275322685,-3.761337780053509
5501.981206735626,5005.263977225973,496.7172295096534
5506.068168975275,5010.098255684022,495.96991329125285
4458.471976704636,4872.487569156173,-414.0155924515366
5512.067927804759,5481.947837081549,30.120090723210524
5511.301508346077,5204.884947704357,306.41656064172
5527.380818616774,5486.050213301554,41.330605315220055
5519.085621549652,5511.722532405088,7.363089144564583
5501.611582136498,5166.9704911189465,334.64109101755184
5509.959827586941,5525.242809502214,-15.282981915273012
5517.221973676806,4873.025597962466,644.1963757143394
5509.727833542192,5471.4825281757185,38.245305366473076
5506.813268840578,5201.506196917101,305.30707192347654
5501.270096337179,5198.579937197002,302.69015914017655
5519.531713311487,5574.260963943479,-54.72925063199182
5521.3328186220315,5333.059444520714,188.27337410131713
5501.994840455062,5014.66993952845,487.3249009266119
4435.112958850821,5316.85562667331,-881.7426678224892
5492.4831291331875,5564.5819390293755,-72.09880989618796
5464.145477710482,5144.334527518618,319.8109501918634
5476.196820166666,5485.91958952926,-9.72276936259368
5468.636053685664,5197.217207980782,271.4188457048813
5494.2746583939215,4880.17690892852,614.0977494654016
5495.526516845166,5201.638522319171,293.88799452599505
5505.1665189286405,5221.1769946455015,283.98952428313896
5502.683456222689,5532.625600628573,-29.94214440588439
4767.530458309334,5541.703095864079,-774.172637554745
5213.742479191649,5563.678809415652,-349.93633022400263
5208.131956677704,5563.356869983797,-355.2249133060932
5197.28654288801,5106.23186334491,91.05467954310006
5206.938619053235,5224.7656817395,-17.82706268626498
5192.369310266485,4424.437090436433,767.9322198300515
5216.697043182699,5399.523826984095,-182.82678380139532
5188.6068148185195,5482.146236914808,-293.53942209628804
5249.379204110259,4845.668181184674,403.711022925585
5245.6811226837,5517.413082311719,-271.73195962801947
5249.8794613179,5414.463982760814,-164.5845214429146
5248.609260639766,5513.84257264474,-265.2333120049743
5256.418937116884,5548.084212422924,-291.6652753060398
5257.71208145443,5523.843040334406,-266.1309588799768
5237.3186989757505,5412.054600863394,-174.7359018876432
5259.853364385565,5579.182016788276,-319.32865240271076
5238.733011110787,5550.280011076497,-311.5469999657107
5241.629592457277,5560.810156239023,-319.18056378174606
5247.106958052631,5543.940187026285,-296.8332289736536
5512.988825529069,5530.223304684393,-17.234479155324152
5493.664648517331,5515.452714145874,-21.788065628542427
5507.76733777309,5022.173478219816,485.59385955327343
5470.486717826981,5079.3122288327995,391.17448899418105
5206.301196250763,5302.57646739219,-96.27527114142777
5224.500182082314,4562.159378511983,662.3408035703305
5223.347713677745,5533.359403716431,-310.01169003868654
5214.738705897881,5422.804444942009,-208.06573904412744
5227.70605736148,5227.366615617785,0.33944174369480606
5222.79746576776,5565.2699534628855,-342.4724876951259
5239.554778316894,5334.110415379359,-94.5556370624654
5227.268689491215,5552.157246933029,-324.88855744181365
5528.574032406516,5467.137204099527,61.43682830698981
5542.684984122393,4548.781705430867,993.9032786915259
5532.482190671987,5549.223205662553,-16.741014990565418
5557.244878092581,5344.041195597218,213.20368249536295
5527.648000596448,5535.587128788297,-7.939128191849704
5549.459483052399,5043.851369547173,505.60811350522636
4850.830728203476,5005.3677493371015,-154.53702113362579
5482.462294403427,5192.8827924491925,289.57950195423473
5494.965686963498,5247.17053819784,247.79514876565827
5474.553132012795,5530.901895244183,-56.34876323138815
5490.22958002323,4871.642472468181,618.5871075550485
4454.902176019354,5213.621621201975,-758.7194451826217
5519.664058198246,5493.058241646662,26.605816551583302
5512.193430911154,4557.123398094911,955.0700328162429
5524.189087645225,5447.698942755733,76.49014488949251
5508.835757614795,5257.002759574939,251.83299803985574
5513.38484510004,4909.785127792265,603.5997173077758
5514.250916511732,4872.293786092302,641.9571304194296
5501.95980199446,5495.565811509771,6.393990484688402
5514.226371335519,5210.1320524936855,304.0943188418332
5513.695924211605,5534.532707066849,-20.836782855243655
5501.925558612954,5308.146238446878,193.7793201660761
5517.337611677667,5537.061511148958,-19.72389947129068
5511.941208014043,4543.176457118962,968.7647508950804
5504.877223410187,5425.793476558467,79.0837468517202
4466.6677503279525,4550.357878542748,-83.69012821479555
5523.860071032419,5476.662351618361,47.197719414058156
5500.259072707337,5499.1081163051995,1.1509564021371261
5518.916302251642,5514.451653731957,4.464648519685397
5503.43589041552,5466.503262091137,36.93262832438268
5515.727686670167,5359.51732065675,156.21036601341712
5519.978590499337,5324.518939886118,195.4596506132193
5505.399744992473,4702.896160114756,802.503584877717
5495.36743731503,4530.381709956531,964.9857273584985
5511.352653051406,5531.150010312215,-19.797357260808894
5522.995705022054,4545.214306448654,977.7813985734001
5514.1652133705775,4886.037454236053,628.1277591345242
5516.683947668008,5178.435678419879,338.24826924812896
5524.196939785859,4438.559625365617,1085.6373144202425
4443.777127749055,5534.494880360775,-1090.7177526117202
5490.327868284599,5346.938030478255,143.38983780634408
5499.705187168378,5218.1925166182045,281.5126705501734
5499.728482831239,5579.43430640022,-79.70582356898103
5494.037568440641,5444.540095125618,49.497473315022944
5490.579313989897,5199.707085210036,290.87222877986096
5502.491633459996,5430.324284918201,72.16734854179504
5486.584654887999,5198.309314983988,288.27533990401116
5505.055949348046,5219.680235823364,285.3757135246824
4741.774110782535,5562.58534158095,-820.8112307984147
5215.197351029286,5068.2222062216115,146.97514480767495
5195.997688263235,5487.250161167237,-291.2524729040015
5205.5321521911665,5246.275174227537,-40.74302203637035
5219.8299612828805,4881.53401800526,338.2959432776206
5195.704466757605,5318.978014586346,-123.27354782874136
5218.804753050791,5566.531165588894,-347.7264125381025
5207.947604151891,5352.403764574415,-144.45616042252368
5249.379204110259,4583.957087511911,665.4221165983481
5259.715292590694,4875.82517241966,383.89012017103414
5254.78993204833,5167.010500647158,87.77943140117259
5256.049122910136,5478.082279369851,-222.03315645971452
5234.0419581117585,5532.92694887126,-298.8849907595013
5238.418668484056,5588.503162683837,-350.08449419978115
5253.714663935519,5484.305115220395,-230.5904512848765
5243.415101045491,5189.283890888882,54.131210156609086
5269.8066273942,5556.288438471481,-286.4818110772803
5249.8266167594475,5338.059993883193,-88.23337712374541
5278.214213991693,5578.20081798377,-299.9866039920771
5500.912092946052,4869.11622225209,631.7958706939626
5505.642336219427,5212.479996428831,293.162339790596
5499.34205433324,4551.844404804424,947.4976495288165
5505.426576131794,4545.717418694549,959.7091574372444
5218.5775086966705,5556.077374057874,-337.4998653612038
5236.146952501014,5511.456336183881,-275.3093836828666
5210.287194338427,5196.389817744931,13.89737659349612
5209.0210290101395,5500.915765765526,-291.8947367553865
5223.942097336687,5354.684534745951,-130.7424374092643
5207.594163613221,5516.354074682384,-308.7599110691626
5224.7740874636565,4546.257272426152,678.5168150375048
5214.021849188985,5520.4173458029045,-306.39549661391993
5525.593147750369,5394.80854365421,130.78460409615946
5532.322505862124,5319.628539832709,212.6939660294147
5538.278026506507,4880.800137396864,657.477889109643
5537.118956215088,5556.517761358373,-19.398805143285244
5526.78785304859,5208.257212738494,318.5306403100958
5537.212850311674,5556.672396697723,-19.459546386049624
4844.9038718364245,5201.285225633909,-356.38135379748473
5477.7017905623725,4581.275255136928,896.4265354254449
5491.615698578327,5538.07307165784,-46.45737307951276
5503.09077326866,5146.720882586503,356.36989068215735
5478.7712867667005,4691.128317454502,787.6429693121981
4451.74549268839,5520.701948695486,-1068.9564560070958
5519.13216729308,5327.254371957915,191.8777953351646
5507.728138168274,5549.299676544199,-41.57153837592523
5508.78688679649,5529.668764316686,-20.881877520196213
5520.020666099705,5528.361328455864,-8.340662356159555
5526.802901937419,4553.770489159785,973.0324127776339
5509.42752035178,4542.7734127749445,966.6541075768355
5513.507056304047,4546.010521535567,967.4965347684802
5501.772729603124,5499.398940873812,2.373788729312764
5503.247156131214,4546.741634838506,956.5055212927082
5519.889283776512,4552.707289214955,967.1819945615562
5519.500842212519,4733.238003286174,786.2628389263455
5507.309034868073,4535.373515133369,971.9355197347031
5493.334578426152,5535.781241040435,-42.446662614283014
4464.17330720955,5195.725849062341,-731.5525418527905
5511.301508346077,5550.1070878190385,-38.805579472961654
5520.099998327304,5223.788046937316,296.3119513899883
5501.126344259448,5540.508257428798,-39.3819131693499
5519.893000651286,5542.423068606227,-22.530067954941842
5516.535499176479,5561.483034967992,-44.947535791513474
5525.53600849491,5555.641768578158,-30.105760083248242
5514.409118922725,5211.233463493676,303.1756554290487
5512.639209999515,5564.597405428031,-51.958195428516774
5509.852824728938,5461.73130747519,48.1215172537477
5505.078893180503,4595.517980423325,909.5609127571779
5515.202914901631,5321.315826638641,193.8870882629899
5511.821105756848,5523.52356456854,-11.70245881169194
5509.977744005666,5011.735567948767,498.24217605689864
4451.017029756613,5547.719939509118,-1096.7029097525055
5491.930054401102,5205.9225487572885,286.0075056438136
5477.574641647994,4869.474884472706,608.0997571752878
5467.562862662509,5513.716416062975,-46.15355340046608
5484.688234267494,5528.585025673786,-43.89679140629141
5487.90921838851,5038.550316316825,449.3589020716854
5504.820203976943,5186.927020559782,317.8931834171608
5506.816486794525,4747.630588758687,759.1858980358384
5488.685061934422,5342.989347184276,145.69571475014618
4764.563943144934,5522.73801360278,-758.174070457846
5216.7186740713305,5568.892491193983,-352.1738171226525
5204.512207418409,5600.77556605342,-396.2633586350112
5219.8056096396185,5211.841031735934,7.964577903684585
5193.560217987292,4874.085817198217,319.47440078907493
5212.347802310018,5063.720942180985,148.62686012903305
5205.093687116582,5556.280769431679,-351.18708231509663
5209.09150817871,5546.848036099938,-337.75652792122855
5249.379204110259,4703.421474692871,545.9577294173878
5238.42807868003,5230.166702313334,8.261376366695913
5259.1461311688845,5522.41594322832,-263.26981205943594
5272.124105919702,5067.527379809334,204.59672611036785
5256.892794523572,4543.644905193286,713.247889330286
5253.098825571246,4880.281274043209,372.81755152803726
5246.6931540376745,5414.84132915835,-168.14817512067566
5260.264816998141,5513.8461830955985,-253.58136609745725
5263.188126195343,4597.695452399531,665.4926737958122
5274.2939399448705,5230.559969868944,43.73397007592666
5251.126584154335,5556.755663164259,-305.62907900992377
5500.023592459442,5503.659041659542,-3.6354492001000835
5498.939715495679,5513.790143115598,-14.850427619919174
5517.8586163430555,5580.242018593031,-62.383402249975916
5514.895189597066,5547.408908228817,-32.513718631751544
5224.803988610821,4890.909975664267,333.89401294655363
5210.091467860012,5483.546278457077,-273.45481059706526
5217.840480377983,5544.303658097924,-326.4631777199411
5230.313603704053,5217.507127271325,12.806476432728232
5223.2912987537975,5552.386176702785,-329.09487794898723
5217.333709727297,4953.779920318323,263.5537894089739
5224.563709536302,5568.067909804656,-343.504200268354
5224.695233641884,4880.949514648096,343.7457189937886
5513.592369894662,5539.033487386873,-25.44111749221156
5543.455986917548,4910.254679113652,633.2013078038963
5521.784150132152,5541.826376821893,-20.042226689741256
5533.305144704472,5530.523324036213,2.7818206682586606
5544.512462688467,4913.440936723216,631.0715259652516
5534.113738353677,5532.451713354808,1.6620249988691285
4855.764334501233,5528.8993217835,-673.1349872822675
5482.313643406375,5254.078793323205,228.2348500831704
5473.639332033619,5184.93158433153,288.70774770208936
5480.314203508459,5422.990276151138,57.323927357321736
5476.36245508608,5235.090718098702,241.27173698737806
4451.549277649889,5529.3880701048765,-1077.838792454988
5510.471859770849,5343.062388589474,167.409471181375
5504.359137474197,5523.691959659184,-19.33282218498698
5522.932208911553,5575.0596850975835,-52.127476186030435
5525.347920666226,4552.625836908742,972.7220837574841
5497.361429719596,4697.009316230561,800.3521134890352
5508.70900220884,5459.708693035447,49.00030917339245
5530.476811341208,5043.274438923657,487.2023724175515
5522.481936989241,5562.444167769155,-39.962230779913625
5503.684424310512,5204.751912907196,298.9325114033163
5506.925754129903,5193.003572804147,313.92218132575636
5499.9017521623355,5497.075931792272,2.8258203700634112
5517.120285900048,5536.756451881793,-19.636165981744853
5510.778304993289,4876.548682025678,634.2296229676103
4462.7708331064,5533.896520714005,-1071.1256876076059
5513.058283839855,5419.326931927085,93.73135191277015
5518.400482770594,5548.671532885813,-30.271050115218713
5521.468458189992,5561.733787145533,-40.26532895554101
5503.641044291876,5464.815833125123,38.825211166752524
5489.872728616358,5533.4241720695245,-43.55144345316694
5535.439071048237,5231.345801413412,304.09326963482454
5516.630863237304,4854.3167852307115,662.3140780065924
5502.527884754162,5472.338591688776,30.189293065385755
5512.476203219523,5534.711556426123,-22.23535320659994
5520.2957642319425,5558.782339263527,-38.486575031584835
5516.090493182109,5537.227637714588,-21.137144532479397
5524.789925834801,5060.046134373524,464.7437914612765
5521.347856561609,5554.26648127298,-32.918624711371194
4448.864871895229,4555.15678944032,-106.29191754509066
5493.87159275271,5562.995781797656,-69.12418904494552
5481.5561274657375,4558.566438193847,922.9896892718907
5482.57795379272,4487.201745681977,995.3762081107434
5486.986624609279,5023.448633012274,463.5379915970052
5492.923956642647,5047.33266913787,445.59128750477703
5492.028636485105,5545.67358065852,-53.64494417341484
5497.882988498023,5551.937425325341,-54.05443682731766
5505.561439274539,5318.98616783465,186.57527143988955
4760.11806570846,5060.905833300985,-300.7877675925256
5212.2103950548335,4882.344833384462,329.8655616703718
5203.712460567261,5055.036065277853,148.676395289408
5203.562974388313,5474.500362150396,-270.93738776208284
5202.077874787493,5537.0609962170865,-334.98312142959367
5203.328911109871,5048.208845124863,155.1200659850083
5212.993020712308,4714.678914472633,498.3141062396753
5203.009813495396,5110.618633268006,92.39118022738967
5249.379204110259,5559.819105085725,-310.4399009754661
5236.689789242529,4543.10379591472,693.5859933278089
5250.191143417212,5532.853605167045,-282.6624617498337
5250.226289536613,5045.884997396392,204.3412921402214
5254.8831791925895,5328.617011419714,-73.73383222712437
5241.191259791097,5519.602971536882,-278.4117117457854
5238.8394579373735,4999.698833721223,239.14062421615017
5259.3724801361195,5523.513500663247,-264.1410205271277
5244.0723976524505,4546.147453663531,697.924943988919
5257.29989532705,5536.31018302252,-279.01028769546974
5249.141337790077,5201.075895683907,48.06544210616994
5511.13087589629,5527.5689213839405,-16.438045487650925
5528.58927613178,4756.872984102526,771.716292029254
5497.721071693226,5162.530539959648,335.1905317335777
5486.117835769755,5528.17338448006,-42.05554871030472
5204.966663701682,5516.294639363725,-311.3279756620432
5210.665221565624,4581.950658103682,628.7145634619419
5209.0082840406485,5093.61234931008,115.39593473056811
5227.22038089534,5555.0250302656605,-327.8046493703205
5226.65946121424,5568.017565663909,-341.35810444966955
5213.929052910135,5523.203974642501,-309.2749217323653
5226.692510929562,4870.785306445116,355.9072044844461
5221.908841913228,5207.688304204744,14.22053770848379
5533.500920983515,5564.8626237355675,-31.361702752052224
5510.6779521311555,5508.566731261987,2.111220869168392
5542.837504618695,5327.312326787727,215.52517783096755
5523.721996977037,5542.723450955387,-19.001453978350582
5544.501989042994,4874.9012588604755,669.6007301825184
5533.883301609001,5209.286675127619,324.5966264813824
4851.749170147034,5513.011747067011,-661.2625769199767
5481.54416847987,5525.085192707256,-43.541024227386515
5497.773862359225,5541.440701474919,-43.66683911569362
5488.02516758443,5554.254351191574,-66.22918360714357
5494.8672520836335,5482.174958340761,12.692293742872607
4446.710927591626,4541.539193599421,-94.82826600779481
5519.626577448859,5224.498293738664,295.1282837101953
5498.191438138158,5546.621597860851,-48.430159722692224
5517.423844970441,5452.302155049416,65.12168992102488
5510.089324336467,5317.125274657093,192.9640496793745
5515.119074695889,4571.740558975697,943.3785157201919
5519.53637733694,5551.312625166468,-31.776247829528074
5508.203254424066,5565.399131112144,-57.19587668807799
5521.247290519462,5533.86178737733,-12.61449685786829
5511.097671424766,5554.950911848838,-43.85324042407137
5518.8640618876,5575.2874011347185,-56.42333924711875
5511.517947761336,4569.053666762949,942.4642809983861
5514.303796241225,5566.41474850325,-52.11095226202451
5509.8129086343115,5241.0895587064315,268.72334992788
4457.679487169647,4539.386125447534,-81.70663827788758
5527.380818616774,5486.050213301556,41.330605315218236
5501.126344259448,5197.075790580595,304.05055367885325
5503.361645551728,5198.462292349964,304.8993532017639
5514.040748802044,5167.236307498624,346.8044413034195
5513.015718160596,5532.643301887755,-19.627583727158708
5510.522676613474,5472.413904008395,38.10877260507914
5501.983556492511,5525.438023965944,-23.454467473433397
5513.066793065407,5507.608813120134,5.4579799452731095
5504.114714871204,5520.092134158243,-15.977419287039083
5516.268808360482,5528.634660585189,-12.365852224706941
5517.73684096612,5478.004654120974,39.732186845146316
5505.906239795441,5525.244498097181,-19.338258301740098
5528.781144502599,5225.773553983838,303.0075905187614
4434.21318221385,5523.715276207801,-1089.5020939939513
5477.149251025923,4694.834176956003,782.3150740699202
5491.691238801431,5523.497080119254,-31.80584131782325
5491.590137051596,5548.137179952566,-56.547042900970155
5486.840629055371,4548.309583725577,938.5310453297943
5499.630945640205,5177.057225967106,322.5737196730988
5506.543270780207,4713.383252745598,793.1600180346095
5485.649653763997,4532.300586913287,953.3490668507102
5504.471585271405,5477.894592388844,26.57699288256117
4767.076992446057,4551.821512899913,215.25547954614467
5200.189316272827,4557.873808976503,642.3155072963245
5200.350654317023,5542.253465345543,-341.90281102851986
5196.94231945436,5533.481556070288,-336.53923661592853
5201.557181827614,4544.376508711905,657.1806731157085
5205.885425462052,5500.8505273655965,-294.96510190354456
5203.788225250311,5207.3564052937545,-3.568180043443135
5209.631147627122,5123.148778264944,86.48236936217836
5249.379204110259,5211.311645649257,38.06755846100168
5245.4048655563665,5466.802738691443,-221.39787313507622
5261.295039376508,5216.389626229123,44.905413147384934
5256.116273619605,4892.579813000542,363.5364606190624
5262.1899938970455,5562.1327420608195,-299.942748163774
5261.547090036135,5548.467911399719,-286.92082136358385
5270.770783793533,5193.966898009981,76.80388578355178
5246.693023216187,4951.55209194464,295.14093127154683
5264.689126151429,5353.09180811474,-88.4026819633109
5259.439463951832,5507.812234599707,-248.37277064787486
5246.856908644472,5202.80761307674,44.04929556773186
5502.974502260476,4899.556792438984,603.4177098214914
5505.826870777772,4901.32274484148,604.5041259362915
5481.881154359814,5321.817241208437,160.06391315137716
5498.740562339259,5593.479996478911,-94.73943413965208
5222.200649473034,5538.541934830042,-316.341285357008
5232.582362969697,5218.86828013258,13.71408283711662
5212.531743231512,5166.169386667575,46.36235656393728
5220.322644585622,4587.046682364869,633.2759622207523
5216.612020675363,5158.634834093928,57.97718658143549
5221.350756739042,5206.4503303401525,14.900426398889067
5218.627597429276,5512.400618467615,-293.7730210383388
5218.460959435911,4871.30224563341,347.15871380250064
5540.649167560868,5332.5941815908855,208.05498596998223
5531.760450814967,5257.866383558351,273.8940672566159
5531.620309919775,5594.792844418257,-63.17253449848249
5544.9582419285425,5565.073262603176,-20.115020674633342
5547.571332408403,5488.076927102195,59.49440530620723
5523.562785303895,5213.867586318331,309.6951989855643
4851.715015639755,4957.347819128138,-105.63280348838362
5466.200981082976,5483.584234628046,-17.383253545070147
5467.493647349005,5488.906291965917,-21.412644616912075
5489.865864856141,5544.331303903909,-54.465439047768086
5470.819683050041,4554.558027941501,916.2616551085403
4450.710148814952,5435.8528385779155,-985.1426897629635
5516.311533523543,5599.934346428424,-83.62281290488045
5514.408987045749,5432.551965070171,81.85702197557839
5502.818423657571,5545.963525491153,-43.145101833581975
5506.162938315355,5548.9981457684025,-42.83520745304759
5509.045462008858,5569.4569361277945,-60.411474118936894
5501.573110709596,5203.383319521197,298.1897911883989
5524.1980328100235,4558.2609462205955,965.937086589428
5503.219960957085,5012.70077867713,490.5191822799552
5511.468444354777,5542.468212493003,-30.9997681382265
5521.406732666826,5364.731223575837,156.67550909098918
5520.001848388442,5215.727674658995,304.2741737294473
5509.442224664544,5552.8953686964505,-43.45314403190696
5520.4922156549965,5185.6756011341295,334.816614520867
4460.463408376156,5478.968957561641,-1018.5055491854855
5511.66908131605,5021.465576816929,490.20350449912166
5519.1773268810275,5229.57739038562,289.59993649540775
5499.060159665327,5047.55621189015,451.50394777517704
5513.216497500591,5543.225550773831,-30.00905327324017
5492.7043220118,5523.122257281634,-30.417935269833833
5522.3667537234605,4556.499890631582,965.8668630918783
5517.556974132262,5442.741692669884,74.81528146237815
5503.275110043986,5209.529927707855,293.7451823361316
5519.935656537971,5551.148655996031,-31.21299945806004
5520.882115745983,5019.668413237304,501.2137025086795
5517.299921961185,5548.048290476699,-30.748368515513903
5511.8697573277395,5098.284246348342,413.58551097939744
5501.838306164031,5544.076568195433,-42.23826203140197
4449.303582567217,5547.364389743867,-1098.06080717665
5479.799084234441,4543.068548900504,936.730535333937
5494.734069006627,5425.133938855802,69.60013015082495
5494.278819680078,5333.877532528582,160.40128715149604
5485.013197005373,5529.137827361313,-44.1246303559401
5500.456653082435,5529.444372853213,-28.987719770778313
5504.086027557053,4551.687198274309,952.3988292827444
5493.670473670155,5501.371815208009,-7.701341537854205
5504.012189361946,5474.393046407972,29.619142953974006
4747.271599805394,5516.089200006498,-768.8176002011041
5196.949029929261,5551.508520272747,-354.5594903434858
5202.712681291472,5049.493443440051,153.21923785142098
5197.887459942148,4539.656003296536,658.2314566456116
5200.069275584311,5432.70310725654,-232.63383167222855
5223.38018659639,5118.029811184198,105.35037541219208
5181.789753480987,5502.747238176344,-320.95748469535647
5216.587682164203,5572.549429725907,-355.9617475617042
5249.379204110259,5423.05490185158,-173.67569774132153
5243.374855735419,5169.579697403339,73.79515833208006
5255.584620094071,4903.599871509308,351.9847485847631
5236.227743931636,5197.778338766542,38.449405165093594
5259.698777041592,5550.4739542249545,-290.77517718336276
5250.232222733108,5009.8568542663,240.37536846680814
5251.777440181783,4538.684674770254,713.0927654115294
5247.880711577456,5536.709007225287,-288.8282956478306
5262.2030183379575,5335.481025051654,-73.27800671369641
5254.702304599436,5559.142517900167,-304.44021330073156
5247.329797751894,4563.585636684205,683.7441610676888
5507.169142317554,5515.308782276624,-8.139639959069427
5516.171830696399,5176.277348212427,339.89448248397275
5500.079972625662,5495.700857162179,4.379115463482776
5499.436497886858,5106.417847921167,393.0186499656911
5239.763190994322,5181.290521088042,58.472669906280316
5216.2837351062635,4882.974499372423,333.30923573384007
5222.496045665645,5532.186019612066,-309.68997394642065
5214.949663327868,5557.27435806215,-342.3246947342823
5213.961702611793,5034.435708318424,179.52599429336897
5186.24865238496,5509.656559926204,-323.40790754124373
5224.225576459939,5545.470469605936,-321.2448931459976
5210.020435821951,5584.817711424551,-374.79727560260017
5519.09595073632,5206.322112304225,312.77383843209554
5537.369860284392,5467.444256076595,69.92560420779773
5537.118956215088,5209.279452646179,327.8395035689082
5520.259624524978,5538.493738693959,-18.23411416898125
5523.835538992749,5553.894100495979,-30.058561503229612
5527.435739225203,5201.451433538874,325.9843056863292
4847.07350032267,5351.739649124605,-504.6661488019354
5491.311988800766,4728.227716566324,763.0842722344423
5498.6113693389125,5554.368643199355,-55.75727386044218
5486.231097379557,5052.372023515012,433.85907386454437
5490.033632255154,5569.766814586734,-79.73318233157988
4461.4577124681455,5507.0553533598295,-1045.597640891684
5514.635487036614,4581.090956726511,933.5445303101033
5513.167135523315,5558.871238105672,-45.704102582357336
5514.333247589004,5526.011882464122,-11.678634875118405
5514.472733917177,5475.535623112273,38.93711080490357
5502.584419828668,5534.67466514006,-32.09024531139221
5510.646922784294,5551.956332805253,-41.30941002095915
5521.9105947354465,5552.155191220395,-30.244596484948488
5508.443171770537,5475.2431219134505,33.200049857086924
5505.4423439607535,4871.578939894827,633.8634040659263
5511.687589270313,5243.312215664178,268.3753736061344
5512.337131652934,5215.090242922286,297.2468887306477
5512.969827421372,5479.18016527109,33.78966215028231
5497.488612967912,5413.689374418994,83.79923854891786
4462.670077511312,5534.719317405307,-1072.049239893995
5519.085621549652,5215.998757926793,303.0868636228597
5519.893000651286,5223.651405669237,296.2415949820488
5514.040748802044,5536.061918090332,-22.021169288288547
5517.724578549134,5435.992979386729,81.73159916240547
5502.199419895192,5532.442764792611,-30.243344897419774
5522.120976099814,5217.9876286817525,304.133347418061
5511.048388476913,5552.805436030215,-41.75704755330207
5515.935093102147,5215.353337511577,300.58175559057054
5506.808627131138,5047.225595318581,459.5830318125563
5508.414809796057,5337.916051099761,170.49875869629614
5500.161747707266,5086.81746939789,413.344278309376
5504.702609426338,5508.980055867168,-4.277446440829408
5495.12595713371,5454.74884881553,40.377108318179125
4449.417934612908,5504.5272654477085,-1055.1093308348009
5489.113185016975,4571.970813191361,917.1423718256137
5483.743576252522,5549.95938913966,-66.21581288713787
5470.304546060043,5516.266338101573,-45.96179204152941
5486.634769383354,5566.114022159181,-79.47925277582726
5499.403947069566,5529.790580445074,-30.3866333755077
5503.636675440033,5051.066147661609,452.57052777842455
5497.772598820812,5566.95714482049,-69.18454599967754
5503.699974972057,4537.482593198589,966.2173817734683
4761.358868825892,5545.711269954692,-784.3524011288
5203.458710777896,4849.9003317151455,353.55837906275065
5205.711335390427,5209.980380127823,-4.269044737396143
5194.796720313095,5534.736492739223,-339.939772426128
5209.09150817871,4602.3640354165755,606.7274727621343
5199.5061879968525,4954.459060276356,245.04712772049697
5200.333159049163,5517.851288297872,-317.51812924870865
5196.87478299016,5207.255664105976,-10.38088111581601
5249.379204110259,5053.258435303211,196.12076880704808
5240.074852152048,5033.610908314447,206.4639438376007
5246.839560732076,5047.050102723722,199.7894580083539
5261.3924129495745,5549.228308532258,-287.8358955826834
5260.003771634639,5557.461042785378,-297.45727115073896
5260.862906262709,5218.680438253261,42.1824680094478
5253.49851697638,5497.6118107046195,-244.1132937282391
5256.443114162514,5528.903267775313,-272.46015361279933
5257.520933919204,5561.944186999667,-304.4232530804629
5268.297549644545,5179.6704243962795,88.62712524826566
5254.722033410153,5517.928244595709,-263.20621118555573
5509.215108880365,5222.807585769569,286.4075231107954
5500.947706808995,5530.419781727985,-29.472074918990074
5515.734196760202,5518.062426167489,-2.3282294072869263
5491.63615383001,5548.743780215181,-57.10762638517099
5224.8533310456505,5537.680421243352,-312.8270901977012
5219.227462079777,5475.787442027944,-256.559979948167
5210.748395450938,5117.414611229833,93.3337842211049
5233.741306390001,5525.882520904225,-292.141214514224
5209.6931005991955,5530.451208898087,-320.7581082988918
5224.7740874636565,5560.350319774592,-335.57623231093567
5231.273047735532,5566.805086324439,-335.5320385889072
5214.374764215106,5500.712673275729,-286.33790906062313
5544.223911977945,5542.23884943266,1.9850625452854729
5538.734413918994,5506.726654306537,32.00775961245654
5541.91238481433,5334.530234634399,207.38215017993116
5526.68014320089,5523.731278499829,2.9488647010603017
5530.466155007611,4593.248751914097,937.2174030935139
5507.804892641045,4876.950038186243,630.8548544548021
4873.2897736971045,4606.850119858204,266.4396538389001
5492.922115318025,5540.391276721452,-47.46916140342728
5476.957287659493,5504.800014655605,-27.842726996112106
5478.561686332559,5155.08698939546,323.474696937099
5495.885277575728,5255.930368317336,239.95490925839204
4454.911510906001,4712.27588757008,-257.3643766640789
5493.571794132714,5536.294471886089,-42.72267775337514
5530.558000310674,4556.658963278942,973.8990370317324
5503.818333783526,5524.802733926439,-20.98440014291282
5509.731371475257,5208.640091945277,301.09127952998006
5514.660550635532,5051.74215357805,462.91839705748134
5501.772729603124,5544.759808661716,-42.98707905859192
5515.3439864417605,5545.659651630607,-30.31566518884665
5498.993789752215,4721.686665286158,777.3071244660568
5517.138663252126,5319.5352249044545,197.60343834767173
5517.6211148716875,5325.847522181111,191.77359269057615
5505.325511040938,5547.298685952494,-41.97317491155627
5498.687675532329,5159.499684033974,339.1879914983556
5501.396070838059,5521.320093643179,-19.92402280511942
4450.522026769317,4725.957328883327,-275.4353021140105
5503.316102541991,5254.107733465403,249.2083690765885
5523.122576489041,5554.34265913024,-31.220082641198132
5503.688570853617,5512.2114966859435,-8.52292583232611
5499.139160762415,4721.488459396833,777.6507013655819
5523.502415744209,5542.609550944634,-19.107135200424636
5524.366075483544,5486.77685932925,37.589216154293354
5519.180613058482,5552.3992471605825,-33.21863410210062
5521.3328186220315,5115.083500917861,406.2493177041706
5510.178936211237,5553.370200259105,-43.19126404786857
5515.673318962233,5567.576735370184,-51.90341640795123
5504.9052312722915,4590.332216745369,914.5730145269226
5518.317221673536,5524.257046144284,-5.939824470748135
5506.752105588675,5316.692187629771,190.0599179589035
4432.722868815999,5444.998226575057,-1012.2753577590574
5508.75959945687,5569.390841400693,-60.631241943822715
5499.937527073941,5191.663985386993,308.2735416869482
5483.9910964639585,5213.091157766296,270.89993869766204
5489.404944943421,4570.019200822507,919.3857441209138
5488.364217242071,5492.775429407186,-4.411212165114193
5504.471585271405,5569.18853084257,-64.71694557116462
5497.701802004667,5461.8181097225615,35.883692282105585
5506.149747051988,4884.367222308226,621.7825247437622
4751.890876736044,5097.278354660871,-345.38747792482627
5210.648173125208,5551.8513800007095,-341.20320687550156
5192.004770176293,5492.698948942772,-300.6941787664791
5205.38886352489,5530.941777479592,-325.5529139547016
5214.806647946128,4575.675356369612,639.1312915765157
5216.741831769638,5124.050281835022,92.69154993461598
5197.5542332697005,5204.577259270195,-7.02302600049461
5192.051135479591,5534.576064323238,-342.5249288436471
5249.379204110259,5399.714494729079,-150.33529061882018
5242.329873412922,5519.135911425836,-276.80603801291363
5261.230295188453,5035.632868328191,225.5974268602622
5243.728723297217,5048.535417295451,195.19330600176545
5258.109597990517,5481.347453632783,-223.23785564226637
5266.697887661111,5536.1367495249415,-269.4388618638304
5259.010115452888,5203.034950558654,55.975164894234695
5275.512290217378,5547.551475586562,-272.03918536918445
5253.991423720566,5530.2594690041215,-276.2680452835557
5262.517481329163,5537.299546994304,-274.7820656651411
5254.428478560149,5564.220473651326,-309.79199509117643
5492.523208532619,5188.025574984504,304.4976335481151
5507.371305394583,5593.2368331783155,-85.86552778373243
5507.761018784272,4599.096832872932,908.6641859113397
5485.68740570759,5487.021004125886,-1.3335984182958782
5232.321470586644,5327.898070008285,-95.57659942164082
5224.7575972512495,5525.127996523316,-300.3703992720666
5221.322549376835,5499.694976203175,-278.3724268263404
5219.964570664884,5475.140069721102,-255.17549905621763
5224.913613562496,5554.58752137847,-329.6739078159744
5224.312796910426,5214.049578471415,10.263218439011325
5221.903340294662,5542.631694337773,-320.7283540431117
5232.068336826297,5607.218320314557,-375.14998348825975
5532.5138115051905,5195.271698539388,337.24211296580233
5529.8158267955405,5549.9443893450025,-20.128562549462004
5535.169365182705,5555.652852884707,-20.483487702001185
5532.6330384481835,5532.549279331717,0.08375911646635359
5522.086452609721,5305.9214805886895,216.16497202103164
5548.890695197401,5547.327703069137,1.5629921282643409
4840.351504301324,5510.362828133327,-670.0113238320027
5482.718760302411,5552.45316411033,-69.73440380791908
5487.684110692951,4585.460136881374,902.2239738115777
5481.399414398602,4562.425697503294,918.9737168953079
5500.137569199732,5531.97212494802,-31.83455574828804
4439.340379100463,5344.839246914245,-905.4988678137825
5529.155502259259,5128.596884610303,400.558617648956
5486.248949601808,5406.203592866323,80.04535673548526
5510.8489070021915,4732.110651985586,778.7382550166058
5513.775592191631,4546.2550622953995,967.5205298962319
5499.236448706527,5528.993914875999,-29.757466169471627
5498.643511675132,5528.461009611424,-29.817497936292057
5505.562367972057,5547.020604773334,-41.45823680127705
5503.187550947187,5318.183885177155,185.00366577003206
5499.7684867773,5516.985933570827,-17.217446793527415
5501.305004439151,5543.749884862341,-42.444880423189716
5505.978719662052,4553.928340994014,952.0503786680374
5511.205864904972,4566.302915653556,944.9029492514164
5506.836259792164,5189.84257414021,316.99368565195437
4464.662157281545,5547.2934002831125,-1082.6312430015678
5501.611582136498,5197.473219170907,304.1383629655911
5516.535499176479,5533.558912895834,-17.02341371935472
5513.015718160596,5431.827984360863,81.187733799733
5502.199419895192,5316.214612993404,185.98480690178712
5499.309360781086,5493.830926804477,5.478433976609267
5504.601263310331,5501.678006336173,2.9232569741579937
5513.97678903914,5166.468556135509,347.5082329036313
5518.653324751799,4564.619807884113,954.0335168676866
5517.164534045808,5537.7913895036445,-20.626855457836427
5526.502395980699,5523.864476362471,2.6379196182278974
5500.10164628953,5542.867372973021,-42.76572668349036
5510.1763157480345,5562.15710337263,-51.980787624595905
5516.765201728186,5532.726621688998,-15.961419960812236
4454.762142201153,5227.230950642262,-772.4688084411082
5491.192905339869,5209.1117707268195,282.08113461304947
5509.694022199471,5564.667332125655,-54.9733099261839
5509.359952775424,5220.726671954939,288.6332808204852
5477.260740951132,5476.368166995083,0.8925739560490911
5508.632512297853,5324.347858896273,184.28465340158073
5501.052926638292,4535.9573441330285,965.0955825052633
5509.114632190897,5579.855876581926,-70.74124439102889
5504.333111323711,5494.889801810679,9.443309513031636
4756.5620239993295,5526.935514329487,-770.3734903301574
5195.027264455682,5520.513430047958,-325.48616559227594
5199.914388864026,5531.4292421457585,-331.51485328173294
5202.18037646156,5325.857741707559,-123.67736524599968
5192.320818652229,5550.0251350930175,-357.7043164407887
5207.371664948713,5532.774535289876,-325.4028703411632
5218.760699471194,5213.102289044357,5.658410426836781
5202.615116844363,5544.762577012543,-342.14746016818026
5249.379204110259,5504.968723390898,-255.58951928063925
5258.126372846571,5210.853756750525,47.27261609604648
5255.6271377991525,5215.598784177752,40.02835362140013
5235.84589337014,5419.805819448634,-183.95992607849348
5252.691737164328,5213.234008416224,39.457728748103364
5256.507890152168,5557.150839457472,-300.6429493053038
5246.050680772464,5491.725432723451,-245.67475195098723
5240.816126470744,4532.828279848642,707.9878466221026
5245.005855316192,4534.728929601426,710.2769257147656
5253.101372258412,5507.39110723209,-254.2897349736777
5268.838809074003,5225.840752332199,42.99805674180334
5499.846648551276,5477.574387732689,22.27226081858771
5513.358299071933,5543.041973358397,-29.68367428646343
5497.427532485399,4581.074320299289,916.3532121861099
5494.3994521927025,5521.563475675801,-27.16402348309839
5203.723648008466,5156.841838501434,46.8818095070319
5204.785713930727,5424.046843075934,-219.26112914520672
5210.771624008375,4550.914364602949,659.8572594054258
5215.5132426076125,5532.35693426695,-316.8436916593373
5219.670432274819,5218.43754158776,1.232890687058898
5216.399765363305,5202.337358452307,14.062406910998106
5223.365938609194,5433.818289654842,-210.45235104564836
5206.874413413691,5080.355870318728,126.5185430949632
5522.621934360208,5082.987189364735,439.63474499547283
5545.1884022202,5564.484954875365,-19.296552655164305
5542.039158747507,5525.0762192431375,16.962939504369388
5535.614572833728,5543.475949065421,-7.861376231693612
5542.015247417565,5206.4628902582335,335.5523571593312
5527.254873329591,4538.831151776224,988.4237215533667
4847.293322913165,5186.301180817939,-339.007857904774
5470.556080084661,5104.3444359160685,366.2116441685921
5483.810584466025,5316.066298108008,167.74428635801723
5474.25068441629,5499.513889042706,-25.263204626416154
5485.823883900947,5508.440339554296,-22.616455653348567
4453.419182325951,5558.652783963128,-1105.2336016371773
5499.558434429637,4549.605701911963,949.9527325176741
5514.657496825226,5530.908933079182,-16.251436253955944
5529.918916738426,5549.405470865105,-19.48655412667904
5504.083454163746,5523.205907563566,-19.122453399820188
5520.487429673223,5328.421681672313,192.0657480009104
5502.604590346826,5546.795772579926,-44.191182233100335
5493.859501903605,5578.280911607781,-84.42140970417586
5532.789620720963,5484.169079014987,48.62054170597639
5500.390817295484,5529.799335980405,-29.408518684920637
5494.637304433517,5456.306742688481,38.33056174503599
5499.037085976233,5335.780384437758,163.25670153847568
5507.25928005308,5527.545026302297,-20.285746249216572
5486.421189198993,5527.774950750257,-41.35376155126414
4461.5420505861875,5546.1842698103355,-1084.642219224148
5499.6733840420275,5201.179462515462,298.4939215265658
5511.825297437398,5177.455710784356,334.36958665304246
5524.7701267265675,5256.921513311866,267.8486134147015
5513.761099068233,4723.354885046106,790.4062140221276
5517.086445112165,4552.275223317501,964.8112217946646
5499.598849344937,5531.959279676425,-32.360430331487805
5509.994414482374,5562.205889037434,-52.211474555059795
5513.620691322351,5533.476080669964,-19.8553893476128
5500.381689003869,5508.726805507102,-8.34511650323293
5493.57627849241,5307.979971257331,185.5963072350787
5506.382834766232,5549.022310933864,-42.63947616763198
5497.657963737986,5517.013221148348,-19.355257410361446
5492.346778964128,5426.5450666988345,65.80171226529365
4448.257100839319,5570.088835582258,-1121.8317347429393
5475.8408855505,5463.078465790123,12.76241976037727
5487.275265643296,5318.676422403528,168.59884323976803
5466.157157639084,5510.465979619656,-44.30882198057134
5491.401422723165,5219.5238858705015,271.87753685266307
5499.846634004201,5542.851335659922,-43.004701655720964
5503.1042313436255,5556.253757115132,-53.14952577150689
5496.248008331676,5526.467509454841,-30.219501123165173
5506.205349226628,5509.818036988514,-3.6126877618862636
4750.338342963447,4548.6719377250165,201.66640523843034
5207.8762952452125,5322.662969685701,-114.78667444048824
5209.722520657342,5518.8537751191525,-309.1312544618104
5211.778880133675,5571.8787091719405,-360.09982903826585
5204.620623656462,5166.057427981049,38.563195675413226
5199.863136489896,5552.558461230032,-352.69532474013613
5200.4248507619295,5416.339216133655,-215.91436537172558
5198.95415756639,5515.507279469472,-316.5531219030827
5249.379204110259,5559.819105085726,-310.439900975467
5255.299288867816,5562.664721439835,-307.365432572019
5244.287720095311,4533.545190917252,710.7425291780592
5234.9738284167315,4711.090557263737,523.8832711529949
5246.091796523928,5309.701116206052,-63.609319682123896
5241.992079906924,5534.236940326059,-292.24486041913497
5246.436623552953,4550.735530056601,695.7010934963519
5260.999910303547,5026.978915463118,234.020994840429
5252.821458981973,4959.499997833304,293.3214611486683
5243.118155098253,5343.525240941564,-100.4070858433115
5255.492534572947,5503.637401012264,-248.1448664393165
5493.664648517331,4721.780212617224,771.8844359001077
5496.971105650415,5209.857904915436,287.1132007349788
5504.007175041022,5567.597446649857,-63.59027160883579
5510.948642571119,5182.179545672296,328.7690968988236
5224.074718721905,4550.270142358572,673.8045763633327
5218.346310326124,5044.48824739852,173.8580629276039
5227.22038089534,5213.96948368725,13.250897208089555
5240.286584038361,4884.20252229889,356.0840617394715
5213.151182443294,4866.318565635798,346.83261680749547
5238.564960229851,5571.0607184955,-332.4957582656489
5235.043659394443,5220.336190253887,14.707469140555986
5229.591726701073,5491.500498225512,-261.90877152443954
5541.022281665341,5593.843832513282,-52.82155084794067
5544.210738783684,5543.01476739296,1.1959713907244804
5526.78785304859,5498.106884262873,28.680968785716686
5523.835538992749,5557.462173862462,-33.62663486971269
5537.218845877005,5318.552094509017,218.66675136798858
5520.580977772364,5203.464323049652,317.11665472271216
4861.1427325962,5533.477802479625,-672.3350698834247
5483.153008715965,4582.428885703385,900.7241230125801
5485.288229637294,5530.3036235591635,-45.01539392186987
5490.2417169471755,5562.794688503094,-72.5529715559187
5488.414650288641,5108.2124264446375,380.20222384400313
4432.461555367893,5457.8795933987,-1025.418038030807
5530.558000310674,5193.208025310591,337.34997500008285
5514.7119094720265,4599.855227081262,914.856682390765
5508.784690978779,5524.135027507524,-15.350336528745174
5510.140409050541,5508.789769199801,1.3506398507397535
5519.165899816383,5328.073114584407,191.09278523197554
5514.383391549277,5597.075684166773,-82.6922926174957
5514.181918222875,4895.147627885722,619.0342903371529
5488.351736862616,5189.151372589847,299.20036427276955
5509.588261666067,5551.982569245696,-42.39430757962873
5525.481025881354,5610.290069789483,-84.80904390812884
5522.1815626635125,5229.822544645215,292.3590180182973
5515.988138544011,5549.804353340642,-33.81621479663045
5536.886179553044,5235.8641007555525,301.0220787974913
4454.1629965707,5509.156182335612,-1054.9931857649126
5509.959827586941,5474.540183176329,35.41964441061191
5525.53600849491,5375.099046698988,150.4369617959219
5510.522676613474,5553.585714363304,-43.06303774983007
5522.120976099814,4734.414164350246,787.7068117495674
5504.601263310331,5429.752805605061,74.84845770526954
5513.706160348289,4543.571864109675,970.1342962386143
5516.683947668008,5425.9153442147735,90.76860345323439
5503.042923645368,4574.863889938068,928.1790337073007
5512.177182546219,4589.58305465836,922.594127887859
5506.510280872269,5481.283381252392,25.22689961987635
5504.787792249474,5497.204114202874,7.5836780465997435
5506.391080775738,5591.964298666803,-85.57321789106481
5513.317253934495,5418.515318787091,94.80193514740404
4448.008285642458,5462.720093233303,-1014.7118075908447
5488.283444623448,5545.760408764828,-57.47696414137954
5479.769031340384,5204.881168918364,274.8878624220197
5487.503909405173,5319.723278992459,167.78063041271344
5499.461656195295,5545.852727049357,-46.39107085406158
5498.2172816516495,5562.376829272665,-64.15954762101592
5504.687353401417,5473.900164879677,30.787188521740063
5507.587466485437,5326.052258291365,181.53520819407186
5510.463907255858,5551.8513800007095,-41.38747274485104
4776.3918068297335,5033.004363741592,-256.6125569118585
5200.807025462547,5435.7320310996065,-234.92500563705926
5215.974179103991,4550.625666128243,665.3485129757482
5201.5751754075,5324.372209252643,-122.79703384514323
5208.587548779746,5017.517996031836,191.06955274790926
5209.920936698241,5442.46472630785,-232.5437896096082
5195.891675034022,5189.952276458742,5.939398575280393
5213.011439076946,5556.757059135134,-343.74562005818825
5249.379204110259,5315.485851757316,-66.10664764705689
5253.408029117758,5550.364277191527,-296.95624807376953
5243.172300334205,4693.594566387216,549.5777339469887
5237.743206461039,5549.30031007545,-311.55710361441106
5250.163732373316,5467.421104247538,-217.25737187422237
5252.303932634288,5535.907334362843,-283.6034017285556
5236.768071559822,5494.466193111655,-257.69812155183354
5245.977631061499,5535.736860430888,-289.7592293693888
5260.861490376436,4545.743986327504,715.1175040489325
5263.588387199326,5229.719403476341,33.86898372298492
5253.5091563099395,5494.521458970734,-241.01230266079438
5493.368435506296,5251.411789222618,241.9566462836783
5513.415839847606,5542.026039854286,-28.610200006680316
5514.738790797955,4577.608063654366,937.130727143589
5512.2609998535645,5354.867990147906,157.3930097056582
5231.3500894587005,5180.430528632026,50.91956082667457
5222.588432692938,5417.1830475379,-194.59461484496205
5225.073074351874,5506.894828673648,-281.82175432177337
5214.309407404077,5519.893705606937,-305.5842982028598
5228.341013425934,5479.340707968838,-250.99969454290385
5215.557392608618,5311.875945646308,-96.31855303768953
5206.732745080305,5489.58143041114,-282.848685330835
5211.692861749524,5522.65842268262,-310.96556093309573
5531.580961942687,5320.960565169831,210.6203967728561
5532.308881771563,5046.260618869462,486.04826290210167
5529.933524203454,5551.740844961678,-21.807320758223796
5524.346293527032,4877.813953984609,646.532339542423
5519.390967163867,5517.164629400648,2.2263377632189076
5526.991587521672,5047.441778291261,479.5498092304115
4839.6974260848765,4710.4975666106,129.1998594742763
5484.176806883792,5212.07202216784,272.1047847159516
5484.0742207242965,5549.470052467074,-65.39583174277777
5482.6022648768985,5488.690140641193,-6.08787576429404
5482.325768682563,5544.958252964552,-62.63248428198949
4455.690614272188,5541.103121255816,-1085.4125069836282
5515.933712154016,4907.746615107917,608.1870970460986
5503.721765562195,4878.142323476933,625.5794420852626
5506.742988378169,5207.240649873582,299.502338504587
5500.013060769696,5198.7397510926085,301.2733096770871
5518.8219403776375,5046.552445178094,472.2694951995436
5499.487457851378,5547.191447628834,-47.70398977745572
5517.712568119407,5325.628021157696,192.08454696171066
5526.052291167415,5567.769340845821,-41.7170496784056
5511.32370336328,4488.249671937383,1023.0740314258974
5512.527170781356,4699.596672870689,812.9304979106673
5507.626327527599,5157.637125347216,349.98920218038256
5523.417443333117,4553.476882571489,969.9405607616281
5496.1551969365155,5304.761187578153,191.39400935836238
4461.152764201127,5548.9600620562205,-1087.8072978550936
5516.466020377551,5572.514892346874,-56.048871969323045
5509.6890809472725,5507.185867908792,2.5032130384806806
5506.947009259273,5515.688644273332,-8.741635014059284
5512.728758170611,5419.4417730254345,93.28698514517691
5501.925551608332,5208.096464830327,293.82908677800515
5511.593642562823,4874.687996875127,636.905645687696
5497.874050046648,5467.569457886197,30.304592160451648
5516.3022382784875,5193.788304638615,322.51393363987245
5520.301831981418,5325.7785968667495,194.52323511466875
5522.530761245477,5606.869302558256,-84.33854131277894
5502.311101636452,5463.8199644022625,38.49113723418941
5501.903805471267,5513.3639512942555,-11.460145822988125
5510.94461030377,5507.601649045884,3.3429612578856904
4443.01454144307,5542.352499569908,-1099.3379581268382
5477.256063908801,5318.388846266583,158.86721764221784
5480.658653458548,5538.6343561048025,-57.97570264625483
5488.415128401093,5216.0421245571115,272.3730038439817
5484.284577264279,5245.728196484114,238.55638078016455
5493.655702936242,5188.320222325456,305.33548061078636
5490.35778478472,5210.043377743275,280.3144070414446
5507.960379044904,5549.889781805507,-41.9294027606029
5494.850926547914,5006.803992477183,488.04693407073137
4762.579385672184,5430.5005903265965,-667.9212046544126
5200.363112940578,5510.253861514132,-309.89074857355445
5204.639276249053,5546.744085232265,-342.104808983212
5187.070978108785,5308.717240189891,-121.6462620811053
5204.991860433814,5507.016906225025,-302.0250457912116
5196.782032860437,4566.026007480186,630.7560253802503
5196.833449567197,5211.407229407411,-14.573779840214229
5201.992763151646,4811.789283796859,390.2034793547864
5249.379204110259,5206.501173829268,42.87803028099097
5244.581067635162,5538.864686407947,-294.2836187727853
5261.998169352943,4578.722221464164,683.2759478887783
5261.054422584996,5535.300728771431,-274.2463061864346
5260.8710285657735,5424.349204819795,-163.4781762540215
5284.939460494254,5085.388491979717,199.55096851453618
5258.536779006064,5101.918600558248,156.6181784478158
5256.998683052101,4430.4962083420405,826.5024747100606
5257.272601920589,4548.57349122376,708.6991106968289
5247.106958052631,5192.278151387371,54.828806665260345
5248.93270716303,4955.247427675462,293.68527948756764
5493.285983303636,5523.287507704774,-30.00152440113743
5494.710341253187,5544.919269327599,-50.20892807441214
5495.841142218229,5553.589452317524,-57.74831009929494
5510.981335523443,4599.760972816307,911.2203627071358
5206.202407585136,5513.238746249028,-307.0363386638919
5215.195365323866,4535.462134701658,679.7332306222079
5240.832218950189,5570.586644557748,-329.7544256075589
5222.79746576776,4540.615892836742,682.1815729310174
5230.602962777849,5528.733800793744,-298.1308380158953
5214.021849188985,5486.939575891253,-272.91772670226874
5214.374764215106,4537.941183357115,676.4335808579908
5222.597139122353,5534.719835358976,-312.1226962366227
5524.268279691358,5521.687014102255,2.581265589103168
5542.137633775248,5033.661456320634,508.4761774546141
5535.223783076792,4546.292789406964,988.9309936698273
5521.900473748963,5534.191367360879,-12.290893611915635
5528.496939674392,5525.99425528053,2.5026843938621823
5550.485472617202,5588.761820598861,-38.276347981659455
4857.372799450486,4736.398432929251,120.97436652123542
5478.7712867667005,5168.094582534386,310.6767042323145
5485.71704749462,5551.889677582915,-66.17263008829559
5495.694183439402,5471.571063424235,24.123120015166933
5489.39417625625,5555.411343842269,-66.01716758601924
4444.126075321015,5010.61739410585,-566.4913187848342
5513.439969847202,5532.059044208072,-18.6190743608704
5514.250916511732,5532.72451944253,-18.473602930798734
5519.877541748348,5223.246899438848,296.6306423095002
5507.841477027595,5094.4076089036125,413.4338681239824
5511.192505279307,5324.899023225846,186.29348205346105
5519.889283776512,5552.3868245889425,-32.497540812431
5493.92707805744,5526.151660112914,-32.22458205547446
5517.6211148716875,4549.202603655893,968.4185112157948
5511.74371636149,5493.992688971876,17.751027389614137
5505.048145175601,5192.283953186577,312.76419198902477
5500.259072707335,5538.684475162979,-38.42540245564396
5516.145247760689,5518.494632031205,-2.3493842705156567
5525.396275237209,4896.136292613312,629.2599826238966
4442.700798420286,5518.04140018107,-1075.340601760783
5517.221973676806,5558.472734954545,-41.250761277739
5514.409118922725,5224.0785095554,290.33060936732454
5501.983556492511,5533.787197018756,-31.803640526245545
5511.048388476913,4896.075161039905,614.9732274370081
5513.97678903914,5223.547874005401,290.42891503373903
5516.683947668008,4957.920799029397,558.7631486386108
5502.85429604995,5535.343933813099,-32.4896377631494
5517.83966694126,4595.789685038831,922.049981902429
5516.286920766872,5547.079493251999,-30.792572485127494
5511.316025387702,5496.384898380703,14.931127006999304
5514.726585405728,5221.1664000937035,293.56018531202426
5511.075401539929,5428.999992816858,82.07540872307072
5528.661845897944,5572.233554324329,-43.57170842638516
4437.640453239484,5504.847702921121,-1067.2072496816372
5489.404944943421,5473.577253922004,15.827691021416285
5483.198184634426,5340.67779798536,142.5203866490665
5474.822366161507,5562.228410255443,-87.40604409393654
5484.056409644532,4537.354332401499,946.7020772430333
5491.358288723411,5520.655593616782,-29.297304893371802
5493.684583231901,5311.571040955277,182.11354227662468
5495.878274607307,5504.3350830476365,-8.45680844032995
5504.517063968985,5217.259291014554,287.25777295443095
4769.582453931064,5554.744664303938,-785.1622103728741
5190.648059495047,5490.742272507831,-300.09421301278417
5211.941115120075,5515.7788840491285,-303.8377689290537
5191.1898822947815,5422.6446154088835,-231.45473311410205
5214.744281024327,5540.478773953902,-325.734492929575
5199.288256843466,4870.914797370865,328.3734594726011
5188.778418200565,5525.1991893470495,-336.4207711464842
5203.404913256,5543.253939440604,-339.84902618460364
5249.379204110259,5470.158956307123,-220.77975219686414
5238.473108248494,5226.434855016908,12.038253231586168
5255.449330006108,5532.204515908915,-276.75518590280717
5246.865041781118,5523.9588160741205,-277.09377429300275
5249.106272824838,5479.402246850958,-230.29597402612035
5248.610037013455,4561.927726654561,686.682310358894
5250.205133958969,5530.354085716452,-280.1489517574828
5241.701791931581,5537.405818334718,-295.7040264031366
5242.297787017323,5536.605879959157,-294.30809294183473
5261.710999913027,5480.636393795034,-218.92539388200657
5261.937323397031,5521.282889666824,-259.3455662697934
5513.730879497856,5506.659819758887,7.07105973896887
5511.46526825264,5541.032340668834,-29.567072416193696
5511.594298201433,5564.5012887492,-52.906990547767236
5517.440555143232,5573.068376152775,-55.62782100954337
5223.146119204156,5113.635757524292,109.51036167986422
5219.864457991077,5433.613624316271,-213.74916632519398
5214.629017865698,4721.07680121134,493.55221665435784
5220.2214327591855,5548.45381730217,-328.2323845429846
5231.967108761441,4553.222386241002,678.7447225204387
5229.397151331025,5522.595042035467,-293.1978907044413
5216.756530196301,4868.40080257304,348.3557276232614
5240.975477384844,5550.6184083426215,-309.642930957777
5533.242208045945,5483.247948245483,49.994259800461805
5552.8888577382595,5493.166550610191,59.72230712806868
5518.971947200084,4528.388183947193,990.583763252891
5550.382789667682,4739.835953396116,810.5468362715665
5553.013875380346,5039.303364396639,513.7105109837066
5540.423911373294,5552.577944618076,-12.154033244782113
4859.329958039795,5555.881837391114,-696.5518793513183
5480.02411375706,5547.41877279436,-67.39465903729979
5503.457316373414,5561.42066843556,-57.96335206214644
5479.4081661583305,5545.238468724626,-65.83030256629536
5500.410307022709,5447.236467409529,53.17383961318046
4450.344312504919,5538.213511260126,-1087.8691987552074
5503.818333783526,5536.076427304366,-32.25809352083979
5508.784690978779,5556.636023377626,-47.85133239884726
5513.532142169919,5531.135707613769,-17.60356544385013
5520.859484239063,5250.399167549119,270.4603166899442
5510.8749126342245,5522.669725446968,-11.794812812743658
5522.695397546862,5482.974716546619,39.72068100024353
5512.761505263322,4553.411649551636,959.3498557116854
5498.672691164776,5162.404558295503,336.26813286927245
5527.610850688376,5581.213926318746,-53.60307563037077
5516.199851628456,5484.452964964834,31.746886663621808
5512.225921137043,5553.702232996259,-41.476311859216366
5516.981698560278,5169.763035646243,347.2186629140351
5516.199187921613,4895.407957839253,620.79123008236
4454.086209836199,4701.068544188032,-246.98233435183374
5509.673018354442,4698.9698796298935,810.7031387245488
5506.490468894611,5479.769875850472,26.720593044138695
5500.349675322355,5554.038913485016,-53.68923816266033
5506.806214804124,4554.09137091772,952.7148438864033
5503.427001728543,5428.213259014848,75.21374271369496
5512.418347865404,4558.820284114321,953.5980637510829
5513.837813217347,5522.070200058356,-8.23238684100943
5510.711865554456,5542.442468012677,-31.730602458220346
5493.355510449332,4528.6218098511345,964.7337005981972
5499.752060409044,4381.037801314527,1118.7142590945168
5517.637873155063,4910.804194537785,606.8336786172777
5490.177060752429,5535.495341085165,-45.31828033273632
5530.313307917362,5238.617194389248,291.69611352811444
4450.939131259879,5216.5470555217635,-765.6079242618844
5495.677999668495,5205.584975004632,290.0930246638636
5476.559198715746,5506.81681703389,-30.257618318144523
5488.46110827605,5557.778717223838,-69.31760894778745
5487.1675817205905,5505.7007336844335,-18.53315196384301
5522.732685477339,5525.359464247332,-2.6267787699925975
5492.601388824536,5545.370946381546,-52.76955755700965
5517.387871259541,5028.035622381935,489.35224887760523
5502.270173628584,5541.98192562576,-39.71175199717527
4762.766269266885,5221.447843900144,-458.6815746332595
5201.5751754075,5512.825341465104,-311.2501660576045
5208.196531255729,5478.369805384723,-270.1732741289943
5202.919513308587,4890.099587840196,312.81992546839047
5206.497758582039,5517.384637484111,-310.88687890207257
5206.605091118137,5439.3047153401085,-232.69962422197113
5194.357659127175,4894.117757114892,300.239902012283
5175.677350013561,5529.515109386881,-353.8377593733194
5249.379204110259,5539.289443032634,-289.91023892237536
5246.360982364442,5433.598045768173,-187.23706340373064
5249.075953720245,4593.995453048812,655.0805006714327
5248.158249308838,5552.292886980893,-304.13463767205485
5253.005214059278,5499.658430522,-246.6532164627224
5246.106887352107,5201.698224898777,44.40866245333018
5269.5625038831895,5226.184465724637,43.378038158552044
5245.482476145076,4840.576998515886,404.9054776291905
5261.764490466248,5219.491235985166,42.273254481082404
5252.959628965053,4848.832365439112,404.1272635259402
5260.724314418055,5548.306601023685,-287.58228660563054
5496.479873048185,5210.403881929578,286.0759911186069
5490.339871208102,4554.949607482824,935.3902637252777
5499.436497886858,5516.116942123282,-16.680444236423682
5489.686666699908,5553.1358465816065,-63.44917988169891
5219.227462079777,5564.52454449118,-345.2970824114027
5218.788138053552,5256.704738316367,-37.91660026281534
5212.221101927955,4545.081691718838,667.1394102091172
5229.958579894463,4608.470027519864,621.4885523745988
5227.226852696676,5225.426922031013,1.7999306656629415
5215.76580506719,5528.619126358613,-312.8533212914235
5221.103614241772,5510.033347123593,-288.9297328818202
5222.904990315268,5207.32768079992,15.577309515348134
5536.546643330797,4871.347716116769,665.1989272140281
5548.70338298153,4858.787399778866,689.9159832026644
5537.212850311674,5195.463893439113,341.7489568725605
5527.435739225203,5536.372755974316,-8.937016749112445
5520.580977772364,4534.725680859171,985.8552969131933
5519.07403149964,5515.577165117647,3.4968663819927315
4860.29613181652,5535.474547752999,-675.1784159364788
5478.561686332559,5017.997736555238,460.5639497773209
5485.309767178836,5020.957930489218,464.3518366896187
5492.407863523503,5505.958105313386,-13.55024178988333
5488.268053077092,5319.173724328497,169.09432874859522
4449.638434672695,5441.436652628527,-991.7982179558312
5511.696666724822,5531.074398522428,-19.37773179760643
5519.030494695991,5324.7967265933285,194.2337681026629
5525.692923695255,5341.063003657044,184.6299200382109
5510.454460817643,4892.077996682527,618.3764641351163
5508.443171770537,5527.712334754614,-19.2691629840765
5512.999377530344,5543.736273701773,-30.73689617142918
5504.560791130478,5187.092386096962,317.4684050335154
5507.913918421954,5203.494238236882,304.41968018507214
5513.7796961807835,5486.796539018485,26.983157162298085
5509.6517724862915,4950.863139938837,558.7886325474547
5501.727762480445,4622.611639204506,879.1161232759387
5508.5450301519,5538.51869065633,-29.973660504429972
5508.0903434309275,5203.68270461211,304.40763881881776
4478.375341192139,5570.902708780215,-1092.5273675880762
5509.727833542192,5318.781415705733,190.94641783645875
5512.639209999515,5327.293639586659,185.34557041285552
5513.066793065407,5514.95339022058,-1.886597155173149
5515.935093102147,5557.120312982029,-41.185219879881515
5518.653324751799,4564.6198078841135,954.0335168676856
5503.042923645368,5201.4937252771915,301.5491983681768
5517.83966694126,5229.158863437751,288.6808035035083
5490.532644982916,5510.533521545895,-20.0008765629791
5515.17239598144,5565.518409708053,-50.34601372661291
5510.395883076221,5552.445341264937,-42.04945818871602
5503.956468921212,4849.103978485939,654.8524904352735
5526.3246943463755,5558.277413702314,-31.952719355938825
5506.068249103326,5209.19531418533,296.87293491799574
4441.08573479708,5455.838172863229,-1014.7524380661498
5494.2055011763,5184.088941346701,310.1165598295984
5496.880569200046,5513.126788366978,-16.24621916693195
5488.048970567434,5553.1356862031225,-65.08671563568896
5494.802964445306,5332.5998886670195,162.2030757782868
5512.205929298518,5543.072195654852,-30.866266356334563
5483.057168585816,5196.680475154387,286.376693431429
5501.178636820591,4739.077318015837,762.1013188047546
5501.90395406496,5555.236767825649,-53.33281376068862
4754.461444578859,5526.115814143298,-771.6543695644386
5199.134445715651,5468.368974277219,-269.23452856156837
5199.420737350478,5045.330356568132,154.09038078234607
5219.1592267478545,4586.371846791322,632.7873799565323
5203.904773397993,5328.0884468188415,-124.18367342084821
5203.383047491784,5539.554479140439,-336.171431648655
5198.5521191361995,5419.888956432912,-221.33683729671247
5209.648999216614,5204.006949637397,5.6420495792172005
5249.379204110259,5537.590958702455,-288.2117545921965
5268.180740178404,5208.201787999692,59.97895217871246
5259.302064165454,5537.863361714976,-278.56129754952235
5239.146773067155,5447.4949838118655,-208.34821074471074
5249.910682492653,5258.692859540399,-8.78217704774579
5255.881633355962,5559.047834152057,-303.1662007960949
5238.9630100522945,5513.287986233664,-274.3249761813695
5272.67656666724,5549.786153031687,-277.10958636444684
5249.44396599844,4733.384516031679,516.0594499667613
5262.546842286954,5206.127400142089,56.41944214486557
5243.603049282664,4537.151412577845,706.4516367048191
5496.217466198107,5535.358057452182,-39.140591254074934
5497.325201860818,5469.852156735841,27.473045124977034
5497.576683323868,5550.66957618062,-53.09289285675277
5502.023486638701,5255.040810873569,246.98267576513172
5224.262678667208,5341.989284986574,-117.7266063193656
5229.841447143518,4966.624727763858,263.2167193796604
5224.02421304426,5555.478643585778,-331.45443054151747
5216.742705052039,5188.773482116225,27.969222935814287
5221.757994800662,5208.060117863714,13.697876936947978
5221.9236648348815,5543.994250151717,-322.0705853168356
5230.786493777014,4502.851112697782,727.9353810792318
5223.460958553991,5556.073464716935,-332.61250616294365
5533.855262090985,5429.082921609589,104.77234048139599
5531.7130277174265,5552.317574734179,-20.604547016752804
5541.884896550762,5426.892575446125,114.99232110463709
5530.803844249621,4900.305792789979,630.4980514596418
5524.804034463783,5001.760236153618,523.0437983101647
5532.273231664813,5041.588560647921,490.6846710168911
4855.9455132267685,5447.955093238022,-592.0095800112531
5481.45089808823,5547.713480014559,-66.2625819263285
5486.284042833129,5596.236987176524,-109.95294434339485
5497.696058156675,5218.493647870374,279.2024102863006
5489.549726226521,5546.491467729449,-56.94174150292838
4438.8254524895465,5233.466945796638,-794.6414933070919
5496.555778705185,5312.848516644027,183.70726206115796
5504.118686921112,5005.744976986689,498.37370993442346
5520.195162937024,4558.063432558735,962.1317303782889
5517.014369431198,5571.128406008396,-54.11403657719802
5518.429149413979,5178.669008194787,339.7601412191916
5525.917617583228,5190.978780170075,334.9388374131531
5506.851754216077,5489.972609464083,16.879144751994318
5499.513542606983,5097.8407609595515,401.6727816474313
5516.003819342316,5537.355125799603,-21.351306457287137
5509.175740209781,5527.68835065845,-18.512610448668966
5519.914956216897,5516.509374328697,3.4055818881997766
5492.298558869491,5530.863435262715,-38.56487639322404
5491.105738487129,5512.110826722395,-21.005088235266157
4455.164203122318,5550.115150496686,-1094.9509473743674
5519.864602107259,4558.635283657268,961.2293184499913
5504.288953245993,5534.909924571923,-30.62097132592953
5517.311755423712,5547.4800659733855,-30.16831054967315
5502.59933001207,5465.040603716528,37.55872629554233
5506.058741773609,5172.09727645544,333.96146531816885
5519.607575217043,5605.185664241866,-85.57808902482338
5522.654335180778,5514.2139637251585,8.440371455619243
5518.702725678626,5530.148378111416,-11.445652432789757
5518.255285300385,5458.592513501799,59.66277179858662
5513.691264596536,5319.65063716244,194.04062743409577
5505.556318952567,5511.739341839223,-6.183022886655635
5501.02864736836,5418.670381296357,82.35826607200306
5519.344880815376,5222.789577220489,296.55530359488694
4454.788046778347,4573.876026687495,-119.08797990914809
5477.660531768962,5523.524832079193,-45.864300310231556
5490.598200612178,5109.047803177467,381.55039743471025
5473.919290686268,5512.764164012451,-38.844873326183006
5480.66897856003,5527.081882281385,-46.41290372135518
5506.673802722309,5180.821034017311,325.8527687049982
5490.513610644583,4535.857819703585,954.6557909409985
5505.420338130882,5546.8759477301965,-41.45560959931481
5512.274736411742,5441.114351036374,71.1603853753686
4746.240125003083,4544.978337091892,201.26178791119128
5205.530443269618,5100.1060680602095,105.42437520940894
5200.141910663824,5474.603597093528,-274.46168642970406
5211.196922524013,5523.401044966707,-312.2041224426939
5194.393091972034,5521.4931204333925,-327.1000284613583
5203.940303919024,5543.479534249349,-339.53923033032515
5208.332373259973,5203.55539236531,4.776980894663211
5181.782600794784,5221.697461417754,-39.91486062297008
5249.379204110259,5468.567969506065,-219.1887653958065
5252.685679214964,5530.11130510326,-277.42562588829605
5257.1117885643325,5477.43815350863,-220.3263649442979
5258.270032638742,4546.695955303916,711.5740773348261
5236.020302075493,5538.545474896445,-302.5251728209514
5259.809782300697,5105.968192500873,153.84158979982476
5252.163946447859,5529.528110334188,-277.36416388632824
5239.963366724182,5517.97892636883,-278.0155596446475
5244.420972274207,5200.344270767235,44.07670150697231
5246.498382121507,5473.1035675569265,-226.60518543541912
5240.344944252674,4860.516263107968,379.828681144706
5514.251736267235,5209.93389773405,304.31783853318484
5504.16896023723,4541.112041397605,963.0569188396248
5504.536397317042,5554.819821035776,-50.2834237187335
5518.5242008303,5559.49557891527,-40.97137808496973
5216.5240491522045,4545.014845604738,671.5092035474663
5231.323167252916,5570.010783582094,-338.6876163291772
5226.65946121424,4554.425127284992,672.2343339292474
5213.151182443294,5556.8550728064965,-343.70389036320285
5209.695829590977,5199.688990935771,10.006838655206593
5236.520134465689,5569.747789985497,-333.22765551980774
5223.791114353499,5550.562908854545,-326.7717945010454
5226.1028939962935,4588.517335908089,637.5855580882044
5517.827781139966,4571.433317989078,946.3944631508875
5522.744373249805,5542.864460828196,-20.120087578390667
5520.610076703374,4479.294328491646,1041.3157482117276
5520.730279979237,5529.500520400212,-8.770240420974915
5550.020511678566,4562.298849456248,987.7216622223186
5529.790171311721,4810.553242598252,719.2369287134688
4840.488004009326,5515.073139203255,-674.5851351939291
5492.89468567197,5550.699770311155,-57.805084639184315
5489.3570324452485,5242.909478614366,246.4475538308825
5489.048026421323,5516.554911355531,-27.506884934207847
5485.0569769922795,5471.42855656285,13.628420429429752
4445.808683982498,5010.837016729439,-565.0283327469406
5509.731371475257,5198.570813237675,311.16055823758234
5510.140409050541,5504.089800775922,6.050608274618753
5520.859484239063,5334.324893277399,186.53459096166443
5499.45433884038,5196.216828673593,303.2375101667867
5515.906150294142,5535.813827524771,-19.907677230628906
5498.285269300198,4546.613655093388,951.6716142068099
5524.212029683785,4578.482267715361,945.7297619684241
5508.068653626606,5536.977617706735,-28.908964080129408
5496.939681274419,5246.213104303211,250.72657697120758
5515.052528886723,5529.809245277907,-14.756716391184455
5507.256119364456,5435.181002484366,72.07511688008981
5491.420161287689,5337.642891914863,153.77726937282569
5500.331545677416,5546.631270428367,-46.2997247509511
4459.7282668613225,5540.845716540076,-1081.1174496787535
5506.813268840578,5505.165422046229,1.6478467943488795
5509.852824728938,5544.162959629038,-34.31013490009991
5504.114714871204,5036.736908310455,467.3778065607494
5506.808627131138,4902.087705269844,604.7209218612934
5517.164534045808,4880.0329377336,637.1315963122079
5512.177182546219,5013.812404958279,498.3647775879399
5516.286920766872,5183.292321922953,332.99459884391854
5515.17239598144,4877.052185010558,638.120210970882
5501.867847465166,5544.368211398384,-42.50036393321807
5508.100107407635,5558.682918212552,-50.582810804917244
5518.1482123988735,5212.32685875276,305.8213536461135
5520.335108020089,4914.4285827114845,605.9065253086046
5491.345414849018,5511.424664164188,-20.079249315169363
4442.7793828191425,5311.440908045279,-868.6615252261363
5503.971318930353,5516.826927816156,-12.855608885803122
5494.859899935347,5568.118794601716,-73.25889466636909
5480.727551940079,5493.576074357058,-12.848522416978994
5478.191111830627,4842.674821178118,635.5162906525093
5491.129939589586,5541.497949890636,-50.36801030105016
5502.4046805025255,5500.8505273655965,1.554153136929017
5492.433984552453,5544.722259872858,-52.288275320404864
5518.818302217531,4974.984425235524,543.8338769820066
4745.019860164887,5519.942213809343,-774.922353644456
5209.920936698241,5584.601015046574,-374.68007834833224
5200.3933907294195,5533.009833382142,-332.61644265272207
5206.605091118137,5215.576286890181,-8.971195772043757
5202.902774278504,5554.600044762192,-351.69727048368804
5188.663169326155,5535.173480047762,-346.5103107216064
5200.512465741166,5540.644766073909,-340.1323003327425
5216.224874052436,5192.910020831846,23.31485322058961
5249.379204110259,5526.550810556286,-277.171606446027
5245.63792604352,4952.669135260969,292.96879078255097
5237.372691260518,5196.54446092127,40.828230339247966
5240.964990687761,5470.451396352965,-229.48640566520407
5258.148876401014,4572.992807265225,685.156069135789
5256.544569278756,5180.90270920792,75.64186007083572
5256.041775658883,5562.004463138407,-305.962687479524
5250.143514605228,5439.127536234252,-188.98402162902403
5238.375092939969,4531.214201687507,707.1608912524625
5274.547061325636,5342.981164911543,-68.434103585907
5270.257144354115,5571.446061953357,-301.1889175992419
5506.138160675273,5481.627957004469,24.510203670804003
5501.841167920787,5552.227483453677,-50.386315532890876
5519.739817605017,4894.173317968107,625.5664996369105
5495.980381525019,5536.874418202566,-40.894036677546865
5217.084168874255,5450.143130638012,-233.058961763757
5231.685385270172,5181.478887189606,50.206498080566234
5221.378160056711,5551.763868202172,-330.38570814546074
5206.063359555399,5190.282984852511,15.780374702888366
5242.444347659093,5565.586661119075,-323.1423134599818
5211.889572749352,5098.553557909565,113.33601483978691
5233.124601985865,5561.202974772465,-328.0783727865992
5216.153346882467,5523.151953200676,-306.99860631820866
5538.26318120427,4709.240283818607,829.0228973856629
5543.179903299831,5221.322416525276,321.8574867745547
5518.63445504834,5459.799950936148,58.83450411219201
5525.199235154968,5535.732874044818,-10.533638889850408
5544.952488708958,4594.7724677383585,950.1800209705998
5528.408868792672,5550.088819551867,-21.67995075919498
4863.656941203564,5564.375924229681,-700.7189830261168
5501.842630725106,5449.266552597232,52.5760781278741
5462.081646802442,5490.368483712667,-28.286836910224338
5490.698472487363,5212.446811351766,278.2516611355968
5491.136175084581,5327.287629252442,163.84854583213928
4457.489302282514,5578.770396150733,-1121.2810938682196
5503.031528607994,5533.0279825812195,-29.99645397322547
5503.423100509857,5184.881676961481,318.54142354837586
5522.845667428087,5529.18233324704,-6.336665818953406
5517.031140520536,5536.598462676913,-19.567322156377486
5522.239809206557,5174.483856127661,347.7559530788958
5507.309034868073,5156.210363522788,351.09867134528486
5509.927091224728,5514.8737233787315,-4.946632154003055
5498.687675532329,5493.49603467294,5.191640859388826
5522.622936918258,5209.821285929235,312.8016509890231
5516.145247760689,5520.493006170933,-4.347758410243841
5500.849964265494,4546.307351408255,954.542612857239
5527.625326532467,5435.332542304336,92.29278422813059
5507.125724989872,5523.364785709505,-16.239060719633017
4472.546496695788,5464.943842017684,-992.397345321896
5507.046224540704,5321.740964841706,185.30525969899827
5491.210544875375,4525.751623999125,965.45892087625
5503.128477485355,5546.216356981102,-43.087879495747075
5509.719413826988,5528.8137516144125,-19.094337787424593
5493.698514334218,5302.1595898473915,191.53892448682655
5523.248729668351,4605.189298134056,918.0594315342951
5515.110851676518,5522.822507497561,-7.711655821042768
5519.23624976492,5537.982470847316,-18.746221082396005
5524.7891827377225,5577.740588874185,-52.95140613646254
5503.468073553583,5534.128280869441,-30.660207315858315
5495.259669746508,5479.08339916871,16.176270577798277
5517.552649662333,4898.801564179948,618.751085482385
5497.713951211803,4997.9589267728925,499.75502443891037
4449.789670112421,5551.197261884365,-1101.4075917719438
5482.050797600043,5339.011426606687,143.039370993356
5482.67380297844,5551.299676940817,-68.62587396237723
5480.9567050790865,5549.983616917627,-69.0269118385404
5480.227270202681,5592.197952869518,-111.97068266683709
5502.741248891287,5200.318062749285,302.4231861420021
5499.059637508347,5315.941373480684,183.11826402766292
5507.763606838828,5213.523132121679,294.2404747171495
5487.742273893696,5529.230867417713,-41.48859352401723
4748.158602156814,5537.204262781308,-789.0456606244943
5200.50618871202,5318.297110308015,-117.79092159599531
5213.827896484161,5552.657490373866,-338.8295938897045
5197.59358977122,5504.466009419704,-306.87241964848454
5200.171958099476,5172.815861159248,27.35609694022787
5196.763093463792,5551.579326816634,-354.8162333528426
5204.0285926277,5510.859374448238,-306.8307818205376
5184.774541025313,5511.992798483307,-327.2182574579938
5249.379204110259,4391.334386899005,858.0448172112538
5256.967962832242,5477.070801216408,-220.1028383841658
5246.611450559375,4559.275071726742,687.3363788326333
5263.876093322768,5558.732200194995,-294.85610687222743
5245.9010051999085,5524.651636239845,-278.7506310399367
5264.851460700602,5586.280905894919,-321.42944519431694
5248.535992833028,5530.1762787520065,-281.6402859189784
5252.949945329393,4705.228750747951,547.7211945814415
5254.9806780980625,5343.420300620805,-88.43962252274287
5246.375187232411,5495.668459186329,-249.2932719539176
5249.3787501547295,5570.966935564079,-321.58818540934953
5485.808380792494,5195.159707309272,290.6486734832224
5503.860350002948,5200.988264181533,302.87208582141466
5487.072023937931,5493.9281018522315,-6.85607791430084
5505.544844601089,5212.996295702267,292.54854889882154
5224.446606572184,5210.0280657297,14.418540842483708
5242.267102146063,5614.091897519222,-371.82479537315885
5224.0486842044,5560.428291619516,-336.37960741511597
5233.800621355692,4564.334004918067,669.4666164376249
5198.1205818685075,5407.088448939824,-208.9678670713165
5227.011490511143,5027.980345270895,199.0311452402484
5240.1006668876435,5485.60563178134,-245.50496489369652
5215.913888373712,5554.3144023835175,-338.4005140098052
5541.779098826806,5537.38507055994,4.394028266866371
5543.184347903664,5563.944740032456,-20.760392128791864
5521.902720876324,5518.255403619298,3.647317257025861
5527.893317211889,5465.593576503201,62.29974070868775
5536.648982658728,5475.260445380487,61.38853727824062
5538.6345880535,5512.046800168626,26.58778788487416
4853.509993226072,5498.6595213085975,-645.1495280825256
5481.651717329609,4870.944667422892,610.7070499067167
5494.449548272854,5556.101828297591,-61.65228002473668
5505.24229112211,5570.61567744525,-65.37338632314004
5489.823216046906,5215.41756892857,274.40564711833576
4428.860874465382,4540.371549190506,-111.51067472512386
5517.746805736142,5222.1367212414425,295.61008449469955
5511.563403413306,5515.686625876041,-4.123222462734702
5513.879288321169,5566.435846032553,-52.5565577113839
5515.752660450622,5363.287821312436,152.4648391381861
5514.191592790402,4870.353325335718,643.8382674546838
5506.723376551908,5536.695657974112,-29.972281422204105
5511.695196259665,5502.698839883221,8.996356376444055
5509.616957263918,5552.467505529977,-42.85054826605847
5514.85493412681,5211.741047444561,303.11388668224845
5530.09608805551,5191.712297885571,338.38379016993895
5509.782719015998,5507.152931091331,2.6297879246667435
5508.639146778741,5204.11045922953,304.5286875492111
5510.66585936291,5512.838116924247,-2.1722575613366644
4456.113431283928,5095.08808195043,-638.9746506665024
5501.270096337179,5522.135412987692,-20.865316650512796
5505.078893180503,4897.602698997973,607.47619418253
5516.268808360482,5547.245625240474,-30.97681687999193
5508.414809796057,5548.075648710917,-39.660838914860506
5526.502395980699,5271.324092070449,255.17830391024927
5506.510280872269,5566.047890628608,-59.53760975633941
5511.316025387702,5317.707200522332,193.60882486537048
5510.395883076221,5553.294583430027,-42.89870035380591
5508.100107407635,5422.416924105356,85.68318330227885
5520.656083194961,4729.370755578265,791.2853276166961
5516.204487831021,5524.917557004205,-8.713069173184522
5507.510662420883,5006.792377859473,500.71828456140975
5526.58049092965,4551.148795041589,975.4316958880609
4440.411709233872,5528.171057139166,-1087.759347905294
5480.964528624118,4842.651052181846,638.3134764422721
5487.971719602936,5179.675723452151,308.29599615078496
5484.719590000239,5470.565640626704,14.153949373534488
5472.732300315375,5165.428854513195,307.30344580218025
5487.32245443821,5229.016325706012,258.306128732198
5492.639019150887,5421.663762450954,70.9752566999332
5486.771764004831,5200.662830953276,286.10893305155514
5509.522394431962,5453.69415516955,55.82823926241235
4757.535796479728,4558.201189933381,199.33460654634655
5192.864693631584,5197.903294370929,-5.038600739345384
5219.663855962456,5226.736924702308,-7.073068739851806
5196.453154021538,4952.4509324791925,244.00222154234507
5192.325247437925,4723.991621308054,468.33362612987094
5196.826571697165,5525.097074462063,-328.2705027648981
5207.079662755449,5546.337689480501,-339.2580267250514
5212.844270936615,5185.978829418209,26.865441518406442
5249.379204110259,5424.857244830346,-175.47804072008694
5269.013691772493,5358.382105130369,-89.3684133578763
5244.8255234107255,4537.953180297137,706.8723431135886
5249.1342654906375,5511.620021472133,-262.48575598149546
5252.825905685521,5545.021088325476,-292.1951826399545
5277.60912676031,5532.592520356486,-254.98339359617603
5236.872941294461,5514.140370674469,-277.26742938000734
5282.671416952901,4732.365709057947,550.3057078949541
5254.702304599436,5209.379845755997,45.32245884343865
5243.751648014397,4532.414028843994,711.3376191704028
5255.981052043391,5014.817654237381,241.16339780600993
5507.76733777309,5541.997070384188,-34.22973261109837
5504.007175041022,4597.119145252143,906.8880297888782
5502.153982211534,4851.622319784125,650.5316624274092
5499.648007530297,5539.543762225067,-39.8957546947704
5213.618384549766,5209.248087022939,4.3702975268270166
5214.949663327868,5534.064021896899,-319.11435856903154
5212.8369592094205,5549.4187530361605,-336.58179382674007
5226.459243908066,5530.8331665745,-304.3739226664338
5217.242828600865,5515.528949393819,-298.2861207929536
5218.874466883766,5513.362894856411,-294.4884279726448
5235.126310188838,5504.849852013437,-269.7235418245991
5247.763841065397,5576.813181203739,-329.0493401383419
5542.752802674265,5563.210804658932,-20.458001984667135
5523.835538992749,5533.364438442889,-9.528899450139761
5542.749163765174,5488.9870497135,53.76211405167396
5549.141469483433,4866.446981355583,682.6944881278496
5558.700548279805,5581.454869509637,-22.754321229832385
5539.06474749142,5432.743035507834,106.32171198358628
4853.580283586549,5594.95814629924,-741.3778627126912
5490.052355160821,5572.324777969744,-82.27242280892278
5467.679303739952,5547.537040856571,-79.85773711661932
5489.388354900801,5530.389379415335,-41.00102451453404
5489.606064477525,4556.281620079954,933.3244443975709
4449.944565905242,5548.860352570592,-1098.9157866653504
5514.660550635532,5052.225157406154,462.43539322937795
5519.165899816383,4964.977568097838,554.1883317185448
5510.8749126342245,5531.848079361515,-20.973166727290845
5515.906150294142,5181.535281930933,334.3708683632094
5508.569479687174,5481.7785538285625,26.790925858611445
5512.337131652934,5555.966936209157,-43.62980455622346
5509.968432957306,5551.3061289942025,-41.33769603689689
5516.534254695039,5163.936121431255,352.5981332637839
5501.891922735108,5167.828372873409,334.06354986169936
5503.43589041552,5334.839198301668,168.59669211385153
5504.586110891408,5311.218383759639,193.36772713176833
5515.645689237603,4591.386676798796,924.2590124388071
5510.039336409121,4541.85863837967,968.1806980294505
4465.876031350201,4599.633617492762,-133.7575861425612
5501.571863041262,5520.409893781683,-18.838030740421345
5511.057976824734,5168.487113925845,342.5708628988896
5522.025493943441,5562.464364626449,-40.438870683008645
5491.170779543888,5530.436246406069,-39.2654668621808
5500.681316304323,5544.768363373467,-44.08704706914341
5519.152852095479,5438.588292518162,80.56455957731669
5526.115650103673,5207.61956204283,318.49608806084325
5515.500352289409,4709.027817535374,806.4725347540352
5499.293427597129,5197.140083037952,302.15334455917764
5512.391037095378,5208.004064298701,304.3869727966767
5496.845966209867,5194.65737097169,302.1885952381763
5513.891076677608,5521.757971483843,-7.8668948062349955
5494.239626244233,4857.737172117646,636.5024541265866
4449.554370115838,5419.361391529986,-969.807021414148
5479.31527049496,4953.774556160208,525.540714334752
5489.687446283757,5477.92940033438,11.758045949376537
5477.493936761836,5046.904151410746,430.58978535109054
5491.350304637995,4741.445980249401,749.9043243885935
5481.74510048836,5201.882360140115,279.8627403482442
5512.324705190702,4881.29742721062,631.0272779800816
5500.912420586057,5531.95054798083,-31.038127394773255
5492.423209864432,5532.877579993057,-40.45437012862567
4759.089944974911,5212.09936551586,-453.00942054094867
5213.011439076946,4746.429363632319,466.58207544462675
5208.885479971111,5028.145451832491,180.7400281386199
5175.677350013561,5071.157907995455,104.51944201810602
5217.411759175831,4972.929168662445,244.48259051338664
5216.224874052436,5546.11772335849,-329.8928493060548
5205.731405433735,5559.956205548158,-354.2248001144235
5184.177897315629,5515.138600997278,-330.96070368164965
5249.379204110259,5527.400052721377,-278.0208486111178
5248.870705372685,5471.8522787834845,-222.98157341079968
5248.106819585648,5557.737810177651,-309.6309905920034
5242.406849584205,4841.198105080878,401.20874450332667
5270.5786120905095,5214.277302883673,56.30130920683678
5264.817102206693,5518.0213861691955,-253.2042839625028
5242.627883484428,5187.741777038257,54.88610644617074
5257.507182375137,5203.4282735107245,54.07890886441237
5253.327850652164,4903.939484146999,349.3883665051644
5255.522428342813,5061.583145811096,193.93928253171725
5249.889078978918,5354.050242253218,-104.16116327429972
5509.790572971796,5517.079045449217,-7.288472477421237
5499.732182073971,5505.470150424972,-5.737968351001655
5503.1729970575625,5505.030524570905,-1.8575275133425748
5487.101823376697,4537.633835933201,949.467987443496
5218.681957294754,5175.72808572357,42.95387157118421
5230.537898531429,5542.230640607929,-311.6927420764996
5239.4530311676035,5342.427770259683,-102.97473909207929
5230.504315954604,4883.325355319069,347.1789606355351
5236.272815323428,5547.478901756211,-311.2060864327823
5220.699343506954,5206.591139694144,14.108203812810643
5228.713623009512,5527.492114278117,-298.77849126860474
5220.2586653333365,5560.362628124728,-340.1039627913915
5536.112596820199,5321.876511476094,214.23608534410505
5520.175955126972,5193.457388423662,326.71856670331
5542.292884135759,5551.366600253354,-9.073716117594813
5530.013512099068,5520.202731722521,9.810780376546973
5527.942629191424,5320.382974382571,207.55965480885334
5538.954235858336,5434.9902114109445,103.96402444739124
4851.521253966765,5049.139510426456,-197.6182564596911
5473.103005585166,5342.465828712422,130.63717687274402
5510.859095816929,5567.3434460085355,-56.48435019160661
5491.913438362612,5202.050906077173,289.86253228543956
5488.636503419466,4548.262723545974,940.3737798734919
4452.7989171149575,5054.865728581963,-602.0668114670052
5497.334350710732,4864.1049080927405,633.2294426179915
5525.025638258181,5025.797832489192,499.2278057689891
5511.197108060076,5200.290496921336,310.9066111387401
5509.007331911967,5426.094578194405,82.91275371756274
5523.761677412184,5524.9752418696235,-1.2135644574391335
5504.227881852855,5421.618101750663,82.60978010219151
5524.888345949069,5054.394557582492,470.49378836657706
5512.966643405081,5437.887415098011,75.07922830707048
5523.692981939823,5463.41698308207,60.27599885775271
5513.118043703449,5557.001925189453,-43.8838814860037
5505.723667982314,5189.738407685649,315.9852602966648
5505.134720935823,5155.859158427509,349.27556250831367
5516.681204822927,4590.399898044252,926.2813067786747
4461.60654320553,5209.022482693047,-747.4159394875169
5519.531713311487,4890.397684220489,629.1340290909975
5515.202914901631,5533.308870633232,-18.10595573160117
5517.73684096612,5521.844621720665,-4.107780754544365
5500.161747707266,5538.646079258714,-38.48433155144812
5500.10164628953,4859.525671769136,640.5759745203941
5504.787792249474,5535.41590386935,-30.62811161987611
5514.726585405728,5185.087092965696,329.639492440032
5503.956468921212,5507.074980980029,-3.118512058817032
5518.1482123988735,5559.866735840535,-41.71852344166109
5516.204487831021,5570.508069954764,-54.30358212374358
5517.023264380134,5478.6658364465375,38.35742793359623
5519.14682711044,5186.614394062505,332.5324330479352
5511.265638150132,5508.184575811048,3.081062339084383
4436.225614652135,5541.32334270183,-1105.0977280496954
5476.8340795789345,4998.956376193564,477.8777033853703
5488.375790670208,5558.53877452892,-70.16298385871232
5485.382560676233,5221.222997094212,264.1595635820213
5516.00144731789,4560.88979291484,955.1116544030501
5497.601441587931,4552.978339697173,944.6231018907574
5504.114056207817,5317.692054395309,186.42200181250792
5500.679862869494,5563.964524971923,-63.28466210242914
5504.377733120869,5474.662272886262,29.715460234607235
4756.723852800632,4423.731446318261,332.9924064823708
5225.043654236163,5536.201745828157,-311.158091591994
5206.391702419664,5603.322641797532,-396.9309393778676
5216.637975931733,4722.106597908785,494.53137802294805
5206.253334484158,5542.520189695475,-336.2668552113173
5212.710203062335,5218.584058862059,-5.8738557997239695
5191.641884285789,5185.395852346681,6.246031939108434
5220.4492337921465,5571.695172814322,-351.24593902217566
5249.379204110259,5415.728821735616,-166.3496176253575
5250.920884310329,5011.328064731662,239.59281957866642
5254.573413851614,5503.817100884316,-249.24368703270193
5243.680813600317,5087.278147342299,156.40266625801814
5247.580596299874,5548.923715252034,-301.3431189521598
5262.478874852858,5173.898958663198,88.57991618966025
5259.3724801361195,5215.0956287310655,44.276851405054
5252.909168854329,5482.589264297683,-229.68009544335382
5270.968681379262,5538.750546625116,-267.7818652458536
5265.920512107254,4875.032768721215,390.8877433860389
5230.954907435043,5494.275463078134,-263.3205556430903
5500.276234707319,5200.643504006852,299.6327307004676
5486.117835769755,5199.831418524935,286.28641724482077
5489.918869441036,5530.272875293129,-40.354005852092996
5507.408833163682,5515.849949158685,-8.441115995003202
5210.748395450938,4865.340858377479,345.407537073459
5212.221101927955,4533.19230140758,679.0288005203747
5233.54195702745,5562.583259550804,-329.0413025233538
5226.692510929562,5526.679851584408,-299.9873406548468
5229.667420042045,5521.173059579465,-291.5056395374204
5229.359621471369,5545.698919559518,-316.339298088149
5213.9753439524475,5235.789957941365,-21.8146139889177
5236.239996771918,5568.81028664407,-332.570289872152
5530.08472700861,5551.583115616025,-21.49838860741511
5533.883301609001,5572.728393255673,-38.84509164667179
5545.41561671191,4549.197131056374,996.2184856555359
5523.2439670777485,5420.113140821239,103.13082625650986
5539.301284807726,4494.4679880949125,1044.8332967128135
5544.927194878267,4739.9618948097295,804.9653000685375
4855.621822850908,5478.536970422626,-622.9151475717181
5495.847796826342,4711.777678443134,784.070118383208
5479.888208612984,5349.663389943243,130.22481866974158
5491.539388041477,5522.4315250448835,-30.892137003406788
5497.205342397897,5540.088193532369,-42.88285113447182
4436.979512591169,5305.641245378151,-868.6617327869826
5535.712169735584,5555.972866653136,-20.260696917552195
5521.247290519462,5231.597525934952,289.6497645845102
5522.393491081073,5331.98765721119,190.40583386988328
5518.6203590687155,5540.952488899231,-22.33212983051544
5512.193139711189,5543.020099820596,-30.826960109407082
5513.802845701845,5510.569092769693,3.233752932152129
5517.204156955772,5331.060730765296,186.14342619047602
5527.3808186167735,4744.038503231459,783.3423153853146
5509.446632715947,5512.839806119867,-3.393173403919718
5538.417701552077,5343.75581550397,194.6618860481076
5503.688570853617,4868.017023752889,635.6715471007283
5500.0549211252965,5541.986373890281,-41.9314527649849
5528.504096534143,5604.512141290672,-76.00804475652876
4458.047898361962,5531.387593742648,-1073.339695380686
5511.401108676519,5216.46514287562,294.9359658008989
5521.8261930696735,5370.581338441244,151.2448546284295
5516.16706626881,5541.675863845339,-25.508797576529105
5535.951557413129,5266.841428468562,269.1101289445669
5538.544777889495,4604.009521477555,934.5352564119403
5503.5364182983585,4695.800906927477,807.7355113708818
5516.246551660136,5347.376388180335,168.8701634798008
5506.262679712976,5336.418619712272,169.8440600007043
5493.635026197532,5176.279305758051,317.35572043948105
5526.330772956039,5213.497780520308,312.8329924357313
5523.530756758969,5571.049878158942,-47.5191213999733
5515.207748139215,5024.936656499066,490.2710916401493
5521.5880971308125,5564.5827203059,-42.99462317508733
4452.07481473973,5521.437712141017,-1069.3628974012872
5485.40169696598,4595.264669739923,890.1370272260565
5467.406164181191,4528.214063415835,939.1921007653564
5473.03888339044,5185.009300848522,288.029582541918
5487.895033479224,5534.049366173816,-46.154332694592085
5499.711343597263,5196.15083718822,303.5605064090432
5510.017216081523,5270.746731952754,239.27048412876866
5493.583924409571,5545.820073828963,-52.23614941939195
5526.443386114671,5560.043872558387,-33.60048644371636
4757.659620355382,5542.951038996781,-785.2914186413991
5172.134793925966,5538.777913946103,-366.64312002013685
5206.548511332269,5421.481989509902,-214.93347817763242
5221.858750431293,4589.482192445178,632.3765579861147
5194.954511173066,5105.501698820346,89.45281235271977
5204.231331688342,5209.67503612177,-5.443704433428138
5192.014667403444,5463.452979522757,-271.4383121193132
5193.620016254918,5526.467198280301,-332.8471820253835
5249.379204110259,5526.550810556286,-277.171606446027
5241.193678254813,5497.2002862119125,-256.00660795709973
5244.58078643127,5527.261718275934,-282.680931844664
5250.296796259545,4902.299884000502,347.9969122590428
5261.756005918129,5480.323889732552,-218.5678838144231
5253.714663935519,5177.077027796224,76.63763613929495
5256.564654740062,5018.351563973626,238.21309076643593
5257.520933919204,4876.897745780602,380.623188138602
5239.487184875198,5041.270381120386,198.21680375481174
5255.492534572947,5053.178884937689,202.31364963525812
5256.4450785185945,5487.189999555935,-230.74492103734065
5494.710341253187,5312.879417930283,181.8309233229038
5498.280952317045,4555.672524069598,942.6084282474476
5515.951476632491,5228.738210525038,287.2132661074529
5503.151156714711,5532.740600072437,-29.58944335772594
5209.0210290101395,5305.164635289646,-96.14360627950646
5208.098348971257,4522.624744423806,685.473604547451
5213.929052910135,5188.888732053873,25.040320856262042
5238.564960229851,4559.078616748645,679.486343481206
5236.520134465689,5233.078799269661,3.4413351960274667
5223.755195870045,4564.123844081625,659.63135178842
5229.435194908407,5533.877258868103,-304.4420639596965
5232.012472310134,5266.7781704582585,-34.7656981481241
5543.179903299831,5555.477299867068,-12.297396567237229
5522.568977570124,5048.108977191768,474.4600003783562
5523.736435833335,4878.00155077712,645.7348850562148
5537.346634071727,5322.503593688927,214.8430403827997
5529.187653986927,5499.658031068003,29.52962291892436
5524.59633160352,5309.2004908766585,215.39584072686193
4851.010919382032,4550.67565055202,300.33526883001196
5483.94935754576,5212.211987439758,271.73737010600234
5476.373921922812,5520.07664503957,-43.702723116758534
5487.704265907311,5534.402284272527,-46.69801836521583
5490.472135889216,5208.802751152394,281.6693847368215
4451.026778620505,5483.510035022275,-1032.4832564017697
5501.772729603124,5311.87719509773,189.8955345053946
5514.383391549277,5130.198186040155,384.18520550912217
5522.695397546862,5477.648090877669,45.04730666919295
5498.285269300198,5515.792968368121,-17.507699067923568
5512.337131652934,5430.779407887505,81.55772376542882
5508.828126876251,5386.801705381439,122.02642149481198
5511.638282185583,4585.760248268753,925.8780339168306
5501.727762480445,5461.1585066124935,40.56925586795114
5518.083079165878,5529.329451670971,-11.24637250509295
5488.458574246315,5409.33680496958,79.121769276735
5525.53600849491,5545.45086259708,-19.914854102170466
5523.866493844664,5335.16394256715,188.70255127751352
5517.326686033136,5265.737850013787,251.5888360193494
4465.155960177511,5574.0753642122645,-1108.9194040347538
5521.3328186220315,4859.986246606021,661.3465720160102
5511.821105756848,4568.148498380188,943.6726073766595
5505.906239795441,5192.917379252688,312.9888605427532
5504.702609426338,5506.248234419029,-1.545624992691046
5510.1763157480345,5506.808512550859,3.3678031971758173
5506.391080775738,5055.992230838162,450.3988499375764
5511.075401539929,4548.210460281204,962.8649412587247
5526.3246943463755,5556.5789293721355,-30.254235025759954
5520.335108020089,5517.652281827294,2.6828261927948915
5507.510662420883,5478.879261155095,28.631401265787645
5519.14682711044,5549.693507076138,-30.546679965697876
5524.926597395622,5543.415226241288,-18.488628845666426
5508.981752540069,5110.607730918558,398.3740216215101
4446.622280616984,5546.566386257404,-1099.9441056404194
5494.812902851233,4553.81361809018,940.9992847610529
5478.411263556237,4554.123062249254,924.288201306983
5490.15931459695,5440.802027132952,49.357287463997636
5472.838553040538,5306.143276761538,166.6952762789997
5506.468558985607,5510.055857403714,-3.5872984181069114
5521.15629450776,5561.002306170423,-39.84601166266293
5497.650194375997,5518.224206124021,-20.57401174802453
5500.227439216618,5536.498089663977,-36.270650447359
4754.525614973424,5161.866906275665,-407.3412913022412
5196.10935755554,5508.980316334715,-312.87095877917545
5208.884328725097,5517.645182039129,-308.76085331403283
5209.979433850048,4715.646536318891,494.33289753115696
5188.827231977679,5005.217294040685,183.60993793699345
5195.105994006204,5428.966339217922,-233.86034521171769
5223.516619373682,5452.199079163462,-228.6824597897794
5201.055787937183,5535.4454715335205,-334.3896835963378
5249.379204110259,5470.785992357141,-221.40678824688257
5247.011221601964,5043.181784379456,203.8294372225082
5259.359394093416,5055.3819683862375,203.97742570717855
5248.350429282452,5540.30094688854,-291.9505176060884
5250.5156876325955,4552.049071125748,698.4666165068475
5268.044763523953,4556.410956903669,711.6338066202843
5262.491039837956,4557.112481781523,705.3785580564336
5254.6080446778105,5556.316181822873,-301.7081371450622
5248.056357755962,5517.443367698608,-269.3870099426458
5265.669479308575,4567.552410573668,698.1170687349077
5246.6418673298795,5172.26125465272,74.38061267715966
5505.806120858226,5557.81667939132,-52.0105585330939
5498.175330831644,5594.105134943456,-95.92980411181179
5494.437835481202,5557.299458240275,-62.861622759073725
5500.760948913065,4535.235475248379,965.5254736646857
5220.7252659459855,5555.541875376052,-334.8166094300668
5207.127427268245,5526.416805146462,-319.28937787821724
5226.203912526269,5531.7156668709395,-305.5117543446704
5227.268689491215,5571.870395353194,-344.6017058619791
5223.625053259302,5536.273025913949,-312.64797265464676
5222.597139122353,5464.82004747687,-242.22290835451713
5220.728185192555,5163.423856518174,57.304328674381395
5229.004730152651,5221.070419093774,7.934311058877029
5541.069469199407,5436.986271007626,104.08319819178087
5518.5992727807825,5557.028181084758,-38.42890830397573
5552.479921212358,5562.469654175198,-9.989732962840208
5532.604098245927,5218.322823616931,314.28127462899647
5536.2642252941905,4567.820962023841,968.4432632703492
5548.578817897171,5332.474269078153,216.1045488190175
4862.570379503335,4545.946973965317,316.62340553801823
5489.39417625625,5056.207466352732,433.186709903518
5482.5535939614665,5320.385357397867,162.16823656359975
5493.212228701349,5524.828120338162,-31.615891636813103
5471.96132642324,5398.19357239129,73.76775403195006
4452.905513946755,5328.990590966284,-876.0850770195293
5490.343441448202,5514.314738839778,-23.971297391576627
5501.925558612954,5541.094811767121,-39.16925315416756
5488.2356271330855,4991.815501666804,496.4201254662812
5513.909149423784,5097.424414904522,416.484734519262
5519.602993519907,5562.968265116088,-43.36527159618163
5505.048145175601,5556.577879868118,-51.529734692516286
5514.212358657973,4553.138379839432,961.073978818541
5526.9962172402165,5548.051268699561,-21.055051459344213
5520.427932048718,5221.427891948565,299.00004010015255
5513.358714315949,5207.736462150464,305.6222521654854
5505.399744992474,5548.3639221165195,-42.96417712404582
5507.294878783048,5424.744497138764,82.55038164428424
5521.722029844708,5565.234712691599,-43.51268284689104
4455.649501288456,5204.508607872233,-748.8591065837772
5518.487673236696,5543.659699593178,-25.172026356482093
5502.85429604995,5534.201616341507,-31.34732029155748
5524.754002368019,5545.9315635766825,-21.177561208663064
5533.425932401883,5517.415728802616,16.010203599266788
5493.536129805477,5479.282061165736,14.25406863974058
5520.424735713075,5539.570355963259,-19.145620250184038
5521.759936918772,5565.575330711354,-43.815393792581744
5512.982639962563,5533.092050637028,-20.109410674464925
5490.5862370033465,5443.139887521773,47.446349481573634
5489.483600028157,4528.929378382214,960.5542216459426
5504.594536116992,5198.591303542745,306.0032325742468
5510.443576916965,5426.486911517735,83.95666539922968
5503.825645202444,5534.220762995983,-30.395117793538702
4449.221779456992,5549.736860632393,-1100.5150811754002
5498.481980595442,5476.264760904676,22.217219690765887
5478.669243790552,5548.343211727214,-69.67396793666194
5497.266442545407,5548.219420864467,-50.952978319060094
5491.12709379119,5502.0334770610725,-10.906383269882099
5497.614124042027,4895.105035609849,602.5090884321771
5508.951946055212,4899.182656072404,609.769289982808
5505.49807487169,5247.7360559341805,257.7620189375093
5484.917757919845,5455.733468530151,29.18428938969373
4738.511893003428,4528.0212911409,210.4906018625279
5188.35740804234,5341.904674584869,-153.54726654252954
5209.792306219004,5332.695761495656,-122.9034552766525
5205.190665577798,4738.154327492528,467.0363380852705
5198.888096904763,5317.492817952785,-118.60472104802193
5205.457361799178,5513.2792703448395,-307.82190854566124
5187.453640329255,5018.744853788673,168.70878654058197
5196.212308827741,5549.344015084189,-353.1317062564476
5249.379204110259,5053.976156538058,195.4030475722011
5241.237175423231,5550.924810126142,-309.68763470291105
5255.258429374054,5556.973246933073,-301.71481755901914
5243.77210144653,5554.6031616972305,-310.83106025070083
5250.677528199445,5176.048127880752,74.62940031869311
5252.86862661906,4432.831072807878,820.0375538111821
5245.817493160461,5503.827055763564,-258.0095626031034
5266.183264287698,4916.152589625455,350.03067466224275
5238.390894945594,5518.531298521032,-280.14040357543854
5241.2901434594,5407.203466902196,-165.91332344279635
5258.009277012744,5568.394149848824,-310.3848728360799
5504.135778693196,4701.571501870626,802.5642768225698
5502.738164649457,5325.104275175863,177.63388947359363
5505.290371421853,4960.320283292078,544.9700881297749
5506.52928525603,5559.55009278179,-53.020807525760574
5209.364175319812,5162.454646358937,46.90952896087492
5221.276251360921,5522.82043058796,-301.5441792270385
5240.685903798253,5198.438800894402,42.247102903850646
5215.739122607766,4536.020964870503,679.718157737263
5211.351860773323,5544.684075994531,-333.33221522120766
5240.477952963052,5450.273828347302,-209.79587538424948
5215.345484638109,5550.92090194631,-335.5754173082005
5224.395849964017,5531.774278270583,-307.3784283065661
5534.910741090306,5209.274767594457,325.6359734958487
5542.764759868315,5573.419866457202,-30.655106588887065
5538.691079869269,5536.334129548349,2.3569503209200775
5522.440293525399,5201.53056940387,320.9097241215295
5545.588666265227,4888.960962238966,656.6277040262612
5528.232156178369,4397.5399346466575,1130.6922215317118
4858.812453237818,5458.802181433652,-599.9897281958338
5478.811356022735,5461.194966163426,17.616389859308583
5488.437161045053,5326.705799459443,161.7313615856092
5481.222877374398,5238.130543813279,243.09233356111963
5477.682677349431,5544.124607005173,-66.44192965574166
4440.746607688839,5471.7693182940175,-1031.0227106051789
5507.898956650223,5386.63569805513,121.26325859509325
5509.554813330521,5316.343875844732,193.21093748578915
5510.917308479843,5563.853544354656,-52.936235874813065
5505.992205915467,5549.937611144639,-43.94540522917214
5516.622098807218,5479.518933566474,37.1031652407446
5511.921853222942,4542.73612598793,969.1857272350126
5505.258943542352,5002.945571936643,502.3133716057091
5517.16037605926,5060.860035800663,456.3003402585964
5500.657378457242,5460.945117569235,39.71226088800722
5502.446617352186,5514.551324829981,-12.104707477795273
5517.143069981608,5547.168600348495,-30.025530366886414
5516.077132556146,5171.016694939194,345.0604376169522
5518.813578625041,5207.381999993854,311.4315786311872
4460.206507969457,5495.615952843346,-1035.4094448738897
5501.994840455062,4545.127980153637,956.8668603014257
5509.977744005666,5530.740324415958,-20.762580410291775
5528.781144502599,5359.721684954915,169.05945954768413
5495.12595713371,5181.171380755348,313.9545763783617
5516.765201728186,5577.82590878046,-61.060707052273756
5513.317253934495,5490.98191167364,22.335342260855214
5528.661845897944,5075.630777539922,453.0310683580219
5506.068249103326,5321.560621968447,184.50762713487893
5491.345414849018,5532.906882290125,-41.5614674411072
5526.58049092965,4745.857483546787,780.7230073828632
5511.265638150132,5541.305020249553,-30.039382099421346
5508.981752540069,4534.541394996761,974.440357543308
5522.011856333034,5180.584501694337,341.4273546386976
4440.059866452868,5542.906385537677,-1102.8465190848092
5474.658426665865,5200.5677841612,274.0906425046651
5477.647513058233,5197.214458529956,280.43305452827735
5501.577377622757,5558.5888045911925,-57.011426968435444
5494.296031456089,5330.929552886032,163.36647857005664
5512.332437418039,5023.563236488578,488.7692009294615
5498.102411394264,5562.2880388678495,-64.18562747358555
5499.623185910395,4726.709811304839,772.9133746055559
5494.576989816955,5203.901147608103,290.67584220885146
4765.062747496792,5031.383474057538,-266.32072656074524
5214.109553342817,5526.569047952859,-312.4594946100424
5207.81983109565,5562.076567039793,-354.25673594414275
5192.356325577823,5464.38775535191,-272.031429774087
5214.239238946702,5569.727271584943,-355.48803263824084
5192.562427468048,4533.153277719938,659.4091497481095
5206.925864021781,5568.400168204624,-361.4743041828424
5197.261237944489,4881.1832954225,316.0779425219889
5249.379204110259,4703.421474692871,545.9577294173878
5260.942583037358,5512.610787804645,-251.66820476728662
5248.880079847637,5548.84897903539,-299.96889918775287
5250.3225863079415,4557.214598508764,693.1079877991779
5253.975272473052,5262.060967521112,-8.085695048059279
5265.68591239676,5332.390697638662,-66.70478524190185
5252.333232135676,5208.886448463379,43.44678367229699
5260.745087611318,5125.911213786255,134.83387382506316
5246.289131458656,5170.531316440949,75.75781501770689
5241.77011720583,4550.869575858938,690.9005413468913
5254.697547159701,5551.3371133529645,-296.6395661932638
5502.8213451047695,5574.164189041792,-71.34284393702274
5494.510186508397,5100.328500248178,394.18168626021907
5497.334886577675,5507.846830936292,-10.511944358616347
5489.998511759238,5198.833163701963,291.16534805727497
5222.294115479485,5527.315929484222,-305.02181400473637
5211.176633661072,5305.209121480534,-94.0324878194624
5226.595166130368,4966.415000106748,260.1801660236197
5230.6444262201085,5443.80858267973,-213.16415645962115
5241.882760079265,4892.032529674415,349.85023040484975
5226.481649890197,5543.97298891821,-317.4913390280126
5207.817747780453,4687.5360828506955,520.2816649297574
5218.298787084087,5547.973190728015,-329.6744036439277
5541.664847773518,5185.406581454542,356.258266318976
5538.985520372782,5197.557493416823,341.42802695595947
5548.998857198772,4574.083242283554,974.9156149152186
5526.407269012333,5507.328631839052,19.078637173281095
5533.622343050767,5315.097893148904,218.52444990186268
5528.178255342845,5526.2523151556425,1.9259401872022863
4854.204858582799,5209.269847544226,-355.06498896142693
5489.57478236104,5211.575250712243,277.9995316487966
5485.3298142104495,5207.984007371604,277.3458068388454
5489.845036566841,5320.483862111398,169.3611744554437
5478.181021371944,5189.3965568470485,288.78446452489516
4436.974993346233,4735.012506578375,-298.0375132321424
5515.3439864417605,5060.053279404753,455.29070703700745
5514.181918222875,5433.895559814288,80.28635840858624
5512.761505263322,5420.523558870518,92.23794639280368
5524.212029683785,5329.3215384643145,194.89049121947028
5509.968432957306,5540.822147706625,-30.853714749319806
5511.638282185583,5511.5771954651955,0.06108672038772056
5521.261365234734,5551.285151618285,-30.02378638355185
5508.4518585456435,5594.809192753331,-86.35733420768793
5521.945605008665,5537.5693241523295,-15.623719143664857
5518.659932470881,5535.296027330153,-16.636094859271907
5515.338155798486,5545.522426072746,-30.184270274260598
5513.351917199814,5556.561964144168,-43.21004694435396
5485.522634684612,5153.079149237608,332.4434854470037
4456.592266759661,4900.156440243335,-443.5641734836745
5504.5460114371135,5534.205383476686,-29.65937203957219
5495.876451189809,5526.280329413176,-30.40387822336743
5513.440601912773,4708.673760466329,804.7668414464433
5524.669722039805,5039.209490746877,485.46023129292735
5503.040178033411,5464.563974725865,38.47620330754671
5505.345956359828,4583.392483886986,921.9534724728419
5502.775643203337,5088.510204654349,414.26543854898773
5495.995386425097,5200.677964163226,295.3174222618718
5509.5540276759575,5024.988729266192,484.5652984097651
5502.849164425553,5496.89028790903,5.9588765165226505
5515.3879124306095,4895.943394867477,619.4445175631326
5524.083750293316,5565.7402782508,-41.65652795748338
5519.351870036125,5552.551113663878,-33.199243627753276
4457.873630854848,5449.031437540961,-991.157806686113
5504.926761804154,5226.952777209963,277.9739845941913
5486.793425794553,4543.101360872069,943.692064922484
5487.943247124923,5432.236665493839,55.70658163108419
5491.003364234384,5551.7143788987005,-60.71101466431628
5488.5552113964395,5512.203230851299,-23.648019454859423
5490.460736827621,5406.521851286502,83.9388855411189
5511.08077648961,5438.315470357064,72.76530613254545
5489.953240924229,5462.413762023801,27.53947890042855
4758.923934835174,5531.140887320727,-772.2169524855535
5204.363911802472,5506.7228982528,-302.3589864503283
5202.819908096323,5014.4716708322985,188.34823726402465
5204.389493324211,5557.699398843627,-353.30990551941613
5210.195013934879,5327.339944243453,-117.14493030857375
5184.246374676881,5302.000644971468,-117.75427029458751
5184.062238217296,5489.373602595076,-305.3113643777797
5206.619092856974,5568.215705564303,-361.59661270732886
5249.379204110259,5526.550810556288,-277.1716064460288
5248.651514730859,5321.9412810996,-73.28976636874086
5236.3639747193365,5518.297599978672,-281.9336252593357
5263.23312044367,5220.997501031144,42.23561941252592
5260.428916658251,4607.251357768151,653.1775588901
5235.195358008232,5550.7581543505075,-315.56279634227576
5248.801980636325,5469.039048091333,-220.2370674550075
5251.876660291201,4542.933323929961,708.9433363612397
5263.64801255289,5060.8975320594045,202.75048049348516
5271.503507937674,4586.163786757604,685.3397211800702
5252.438071847199,5194.92132281757,57.516749029628954
5498.172563561303,5528.155607918897,-29.983044357593826
5511.592796423629,5550.995854862811,-39.40305843918213
5494.789042037927,5211.786052673656,283.00298936427134
5489.922854294036,5520.257618366816,-30.334764072779763
5222.102688207714,5204.835590497888,17.267097709825975
5230.810717216059,5528.5662801168155,-297.75556290075656
5218.905769383788,5213.731589609575,5.174179774212462
5229.168437939937,4547.914975019041,681.2534629208958
5223.041726265788,5217.676058400346,5.365667865442447
5212.492886092743,5486.213244647603,-273.72035855485956
5226.15105400006,4960.944157341479,265.2068966585812
5209.252707153912,4550.113677501473,659.1390296524387
5538.445451304872,5567.892780381699,-29.447329076826463
5536.4165694801595,5498.817853897533,37.59871558262694
5537.65034384929,5205.4826742584,332.16766959089
5544.646014609874,5547.018539020047,-2.3725244101724456
5531.3228749082555,5551.768222918168,-20.445348009912777
5531.344412449799,5552.805792911959,-21.461380462159468
4859.16803798326,5540.1205477632875,-680.9525097800279
5476.373921922812,4863.669299871003,612.7046220518087
5487.827328612638,5097.961031790436,389.86629682220155
5490.088330977369,5467.499468744959,22.588862232410065
5493.465093045743,5549.36020007353,-55.89510702778716
4439.157808652424,5527.144611414553,-1087.9868027621287
5511.482848249801,5595.708625591495,-84.22577734169408
5516.648692103641,4548.371399812405,968.2772922912363
5509.376797515545,5551.429693759635,-42.052896244089425
5501.277276930073,5037.765496159109,463.5117807709639
5515.084500416434,5554.104086133707,-39.019585717273
5515.2472580945,5344.420354097324,170.82690399717558
5490.311912343643,5498.459845681776,-8.147933338133043
5508.741785121641,5539.081396145521,-30.339611023879115
5502.722366923095,5527.261788012188,-24.539421089092684
5517.765988341148,4563.011751136758,954.7542372043899
5516.228171072395,5535.360314109964,-19.13214303756922
5503.988497792479,5329.502338241773,174.48615955070636
5520.474379490341,5220.851758858779,299.6226206315614
4463.414465891767,5355.97945177555,-892.5649858837833
5503.329322236712,5523.2937992300285,-19.964476993316566
5514.744673254206,5546.021455178939,-31.27678192473286
5502.037283922168,4860.127757936685,641.909525985483
5514.601933067234,5555.013875094775,-40.411942027541045
5520.912412839363,5335.435276569536,185.4771362698275
5512.659711407436,5502.571330524245,10.088380883190439
5503.0949552013635,4532.112879455674,970.9820757456891
5502.65281300959,5545.19269476376,-42.53988175416998
5501.764647947081,5541.189304861405,-39.42465691432335
5498.073133685722,5192.33522724768,305.73790643804114
5494.302469675747,5196.885614314051,297.4168553616955
5504.996979431981,5209.890166400606,295.10681303137517
5503.917793053668,5525.783993126139,-21.866200072470747
4448.672562143427,5516.474252630452,-1067.8016904870246
5487.211758269492,5205.721058917098,281.4906993523937
5474.366546142821,4693.687546661741,780.6789994810797
5493.3636553211,5561.342674753094,-67.97901943199395
5494.126085553633,4715.292397926626,778.8336876270068
5493.110209949176,5159.94618082518,333.16402912399644
5490.786164046623,5520.513033380649,-29.72686933402656
5504.511861162337,4417.900729182916,1086.6111319794209
5491.207420425554,5494.213656753139,-3.006236327584702
4764.902443822812,4550.4607692565205,214.4416745662911
5202.41447568647,5355.619901246148,-153.2054255596786
5204.88401773798,5555.980466945588,-351.0964492076082
5203.176658648146,5472.549182036986,-269.3725233888399
5216.5825830007825,5526.7077783431605,-310.125195342378
5195.766517586582,5351.194986475878,-155.4284688892958
5211.69121369456,5553.8009375498705,-342.1097238553102
5192.380494442251,5163.672858626998,28.707635815252615
5249.379204110259,4845.668181184674,403.711022925585
5251.788627124212,5208.477818481221,43.310808642991105
5255.239465595586,5553.823813968796,-298.58434837320965
5253.985315538175,5514.459740502212,-260.4744249640371
5238.418668484056,5495.2316928948485,-256.8130244107924
5255.550320235858,5432.559460169019,-177.00913993316135
5242.37888225012,5552.574613450347,-310.1957312002269
5246.236338910968,4554.77471248949,691.4616264214774
5278.214213991693,5555.271279526346,-277.0570655346528
5242.887934692664,5549.801705107058,-306.9137704143941
5253.192578155945,4709.232569954416,543.9600082015286
5507.629104811249,5012.620831051679,495.00827375957033
5497.6072868376,5202.087370397726,295.5199164398746
5503.429402088095,5197.106965996252,306.322436091843
5500.456009318457,5596.032508272438,-95.57649895398026
5225.308805906205,5602.984538920681,-377.67573301447646
5207.594163613221,5310.301475430215,-102.70731181699375
5222.830427157709,5179.47190727043,43.35851988727882
5212.831643969909,5249.186210308136,-36.354566338226505
5217.97485479501,5350.125168171035,-132.15031337602431
5226.050659723716,5180.792904139414,45.257755584302686
5230.546919553884,5563.54575743059,-332.9988378767057
5227.311117094283,5030.344781773379,196.96633532090436
5518.63445504834,5196.923668845483,321.710786202857
5523.736435833335,4696.645432353548,827.0910034797871
5520.970321273457,4859.387617616,661.5827036574565
5528.274109249513,4541.480841627558,986.7932676219543
5532.185871321377,5318.630920167399,213.55495115397753
5541.388031941526,5437.57171926007,103.81631268145611
4864.903915700697,5569.624973419912,-704.7210577192145
5493.706928879487,5015.617268214238,478.08966066524954
5490.679045104181,5527.671621604804,-36.99257650062373
5485.648739729265,4566.5521933974605,919.0965463318043
5480.1238219963725,5495.717163229793,-15.593341233420688
4440.7520782153315,5458.7647667083675,-1018.012688493036
5526.173474030589,5569.7548676196675,-43.58139358907829
5519.500842212519,5604.85230398267,-85.35146177015031
5506.671827281266,5157.5317042621555,349.14012301911043
5510.078188869414,4957.114285310763,552.9639035586506
5500.277228745723,5521.2629664731585,-20.985737727435662
5520.099998327303,4576.334182628218,943.7658156990856
5517.797724653718,5561.277043958287,-43.47931930456889
5523.122576489043,5362.410634990807,160.71194149823623
5505.040681829491,5590.2791542462155,-85.23847241672411
5514.409118922725,5441.756546126096,72.6525727966291
5497.7340335536055,5483.69532098052,14.038712573085832
5491.210544875375,5308.5148353591385,182.6957095162361
5503.34174849913,4534.7823965006255,968.5593519985041
4459.743554750411,5243.8057254510295,-784.0621707006185
5499.391808476463,4870.125904391772,629.2659040846911
5489.935976073156,5040.673145376771,449.2628306963852
5517.687507039541,5502.467640045781,15.219866993759751
5493.950029934942,5460.300844390452,33.64918554449014
5500.680299098097,5085.767166816795,414.91313228130184
5518.670275520372,5523.299199687655,-4.628924167283003
5489.327569025854,5521.3530236887755,-32.02545466292122
5499.421224802231,5043.94408941881,455.4771353834212
5500.717038694153,5198.017047354904,302.6999913392492
5520.445211467959,5199.667445689767,320.7777657781917
5517.545594634173,4550.020286585662,967.5253080485109
5504.218095449701,5526.7284791695065,-22.51038371980576
5503.601552902747,5546.65235408369,-43.05080118094247
4451.208586324755,5483.89500547116,-1032.6864191464056
5502.106178624738,5615.450038589912,-113.34385996517358
5502.2398386212335,5532.812925814558,-30.57308719332468
5500.299359734258,5194.716778956124,305.5825807781348
5494.929119704578,4549.37546880026,945.5536509043177
5503.967100377588,5167.22387340025,336.74322697733805
5512.309060012182,5541.795422931021,-29.486362918838495
5500.611523104425,5430.242194378726,70.36932872569923
5504.86843500035,5600.642469619568,-95.77403461921858
4770.108109358241,4972.931201881373,-202.8230925231328
5188.827231977679,5531.77497414911,-342.94774217143095
5196.713604115957,5535.973083640279,-339.25947952432125
5191.823364182297,5407.064289257302,-215.24092507500518
5185.08250561099,5205.383591951029,-20.301086340039546
5205.051934841011,5542.151481766946,-337.0995469259351
5207.243388323007,5470.5371917533275,-263.2938034303206
5210.586817411009,5479.69864415582,-269.11182674481097
5249.379204110259,4634.60356100609,614.7756431041689
5239.542257381765,5530.171472747368,-290.62921536560316
5252.943277266567,5173.958268572269,78.9850086942979
5251.376799239354,5193.607613953359,57.76918528599526
5252.139450173673,5208.150415226853,43.98903494682054
5253.49851697638,5475.4321227174605,-221.9336057410801
5260.999910303547,5206.96444047148,54.035469832067065
5252.633093776832,5571.686148227012,-319.05305445018075
5252.959628965053,5536.189115535368,-283.2294865703152
5251.416238292107,5561.50737044453,-310.0911321524236
5250.586775333318,5535.808310025024,-285.22153469170644
5470.486717826981,5528.223699194831,-57.7369813678506
5510.948642571119,5135.822316543587,375.12632602753274
5499.648007530297,5552.282394701415,-52.63438717111785
5499.4771536844755,5524.293458217303,-24.816304532827417
5233.741306390001,4709.920288928298,523.8210174617034
5229.958579894463,5537.6618069243805,-307.7032270299178
5226.692510929562,5559.691253312287,-332.99874238272514
5235.043659394443,5583.200530805148,-348.1568714107052
5223.791114353499,5215.157157394338,8.633956959160969
5229.435194908407,5520.174427216665,-290.7392323082586
5228.279501147138,5557.701635625977,-329.4221344788393
5234.8241214994005,5434.024235272252,-199.20011377285118
5540.579420314834,4867.015954198396,673.5634661164386
5520.580977772364,5538.64640729207,-18.065429519705503
5538.956760588989,5434.649416218812,104.3073443701769
5539.06474749142,5437.35615964857,101.70858784285065
5535.131538374885,5222.488351783538,312.64318659134733
5541.784092395479,5562.261171245729,-20.47707885025011
4863.2928994439735,5570.0673988266135,-706.77449938264
5506.779219688158,4901.522430414364,605.2567892737943
5494.3718737318195,5200.393073739389,293.97879999243014
5495.251714073474,5247.62415702035,247.6275570531243
5490.447590713003,4565.084839071378,925.3627516416245
4460.149998579799,5336.123747172831,-875.9737485930318
5498.993789752215,5189.625575237776,309.3682145144394
5488.351736862616,5493.686738147167,-5.335001284550344
5498.672691164776,5304.136934711522,194.53575645325327
5508.068653626606,5548.867008017992,-40.798354391386056
5516.534254695039,5556.259581010313,-39.72532631527429
5501.727762480445,5199.594551061796,302.1332114186489
5508.4518585456435,5525.863195795184,-17.41133724954034
5509.959827586941,5195.584799514397,314.3750280725444
5515.866423737757,5548.015464981973,-32.14904124421628
5495.36743731503,5526.735637313726,-31.368199998696582
5524.366075483542,4573.726289805493,950.6397856780486
5520.4190853539,5502.23659656223,18.18248879167004
5505.771188104018,5495.752105382822,10.019082721195446
4453.030807915998,4536.933026469862,-83.90221855386426
5518.870296405623,5539.26350376764,-20.393207362017165
5518.317221673536,5549.5030359804505,-31.185814306914835
5503.5364182983585,5345.144487766246,158.39193053211238
5515.500352289409,5576.454700437243,-60.954348147834025
5517.5800726123025,5523.712363212873,-6.132290600570741
5514.670611895884,5513.032339249043,1.63827264684096
5515.792112215856,5557.612047874273,-41.81993565841731
5520.592668448734,5336.391488817756,184.201179630978
5530.358486202787,4504.205237459648,1026.1532487431396
5507.351695896553,5103.172677528149,404.1790183684043
5503.221246851369,4714.401265141822,788.8199817095474
5521.2000701236675,5204.413225433707,316.78684468996016
5501.045593938299,5501.183309090969,-0.13771515266944334
4448.296016481819,5205.142039381047,-756.846022899228
5485.130109640125,5541.223990516776,-56.09388087665138
5480.162346670532,5176.053488716584,304.10885795394825
5476.772205459806,5347.62025834554,129.15194711426648
5478.999682310351,5189.661995221549,289.33768708880234
5491.577660950962,4536.593344116737,954.984316834225
5473.465949183026,5477.030285821674,-3.5643366386475464
5498.612141957614,5502.408432328822,-3.7962903712077605
5517.6776272516445,5547.80713945821,-30.129512206565778
4768.6206429451395,5554.12150381394,-785.5008608688004
5199.171106842616,5314.593198974504,-115.42209213188835
5207.611995510116,5225.041838821824,-17.429843311708282
5204.637571302247,5327.933186334255,-123.29561503200785
5190.855013900295,5000.239528004993,190.6154858953014
5199.869748067359,5549.844760070728,-349.97501200336865
5224.719899768406,5546.800998522867,-322.081098754461
5203.658685077187,4543.129598234926,660.5290868422617
5249.379204110259,4847.133120283095,402.2460838271636
5252.362863084316,5552.254921053637,-299.8920579693213
5246.726322272354,4538.203826332434,708.5224959399202
5270.012933815817,5213.369326178845,56.643607636971865
5238.193408225613,4542.335423972032,695.857984253581
5241.076885327379,5197.283587946007,43.79329738137221
5254.033904674461,5553.672494331433,-299.6385896569718
5250.061983483254,5466.991589560878,-216.92960607762416
5249.110961350865,5540.114144728017,-291.0031833771518
5241.179628903138,4557.522226429896,683.6574024732417
5252.787719135712,5538.453382281213,-285.66566314550073
5510.760348170526,5551.511641539567,-40.75129336904047
5507.067486038041,5559.448184225655,-52.380698187613234
5507.600276547597,5059.38173085324,448.2185456943571
5489.593196884216,5520.675386162072,-31.082189277855832
5221.940835558681,5510.785410756569,-288.84457519788793
5219.942381876725,5542.130339735147,-322.1879578584212
5222.803240740498,4848.801679044516,374.00156169598176
5212.283586488039,5197.896158415224,14.387428072815055
5219.27256234786,5539.06205847829,-319.78949613043005
5229.643060989949,5104.346527536865,125.29653345308361
5222.923752381124,5557.265207734462,-334.34145535333755
5213.21197497788,5212.332254807952,0.8797201699280777
5527.125084801718,4719.364406035712,807.7606787660061
5536.529376103097,5546.245501042165,-9.716124939068322
5524.898985097886,5554.460458110042,-29.561473012156057
5539.420047712754,5119.561038206006,419.8590095067484
5543.257640685043,4568.290662651673,974.9669780333697
5518.8144020994005,5199.859720348058,318.95468175134283
4856.232126228393,5532.679869054617,-676.4477428262235
5471.161510599093,4856.368246747213,614.7932638518805
5493.571129108633,4883.450215755951,610.1209133526818
5483.89105774412,5550.229615139719,-66.3385573955984
5488.296942624533,5557.421690693641,-69.12474806910814
4445.178873389958,5538.755776038405,-1093.5769026484468
5514.8386869767,5015.044763600292,499.7939233764082
5503.780812626478,5535.3016228921815,-31.520810265703403
5508.796805198695,5470.210405996151,38.58639920254427
5533.577928922858,5578.0122135146175,-44.43428459175993
5505.993307823868,5207.576828459472,298.41647936439585
5528.699362307371,5548.764687899922,-20.065325592550835
5508.952688855466,4539.18773144266,969.7649574128054
5529.5902310400415,5570.0736714122295,-40.48344037218794
5509.424577140596,4542.388304793994,967.0362723466014
5513.780056027277,4600.263648485741,913.516407541536
5519.608309125406,4965.784895397002,553.8234137284035
5517.782053537861,5332.217047911206,185.56500562665587
5526.3091433912305,5070.752751600499,455.55639179073114
4467.313541396063,5553.9351788149,-1086.621637418837
5512.521150496087,5553.647907122574,-41.126756626486895
5500.990354500959,5544.383499876408,-43.39314537544851
5515.615930092877,5197.680426577285,317.93550351559134
5507.685342932214,5207.074221374917,300.6111215572964
5506.789135268372,5470.1523767297695,36.63675853860241
5512.040583724815,4720.780580457614,791.2600032672017
5512.518962075915,5597.038047295984,-84.51908522006943
5498.4700434690785,5519.9106170917,-21.44057362262174
5508.143960424846,5314.266745430318,193.877214994528
5521.869913943832,5219.724567975594,302.14534596823796
5514.778075245955,5535.120657123361,-20.34258187740579
5511.98138180173,4554.568570848366,957.412810953364
5521.698350671268,5170.9244132731,350.7739373981676
4452.048751070423,5170.1135005511005,-718.0647494806772
5467.191513303244,4532.563953925834,934.6275593774108
5472.703692203785,5520.03336562021,-47.32967341642507
5491.287113824501,5559.9225006636,-68.63538683909883
5499.352338446183,5544.427462622739,-45.07512417655562
5485.06026262503,5423.9394517462315,61.12081087879869
5521.940458201812,5565.661225252162,-43.72076705034942
5501.173258886158,5543.013318236165,-41.84005935000732
5520.877241766642,5550.381511112349,-29.504269345706234
4752.671393027002,5532.343620299283,-779.6722272722818
5203.908014108439,5543.1326109189595,-339.2245968105208
5184.203289028664,4993.817990223073,190.38529880559054
5214.999241798293,5356.381327080857,-141.38208528256382
5204.859937224102,4554.723474963791,650.1364622603114
5204.587012960666,4725.938093355981,478.6489196046841
5206.181126748205,5476.725248619595,-270.5441218713895
5194.899065461705,5550.479067533435,-355.58000207173063
