One Stop Time,Two Stop Time,Difference
3919.3146504030115,3958.9083919696973,-39.59374156668582
3910.8246520563957,5358.750038079208,-1447.9253860228123
3916.4547882596007,5243.618199154301,-1327.1634108947
3898.895392030481,4564.171795211144,-665.2764031806628
3912.8308157096358,4366.966401112246,-454.1355854026101
4498.544045868806,5150.570253472335,-652.0262076035287
4483.769996259484,4875.93403167325,-392.1640354137653
4482.130876522581,5121.008545469944,-638.8776689473625
4480.160001964915,4634.675047248127,-154.5150452832122
4483.80793780068,4339.396568227827,144.4113695728529
4483.589070177893,4855.244224002803,-371.6551538249105
5129.660168111132,5180.026914260022,-50.36674614888943
5115.414859098184,5333.25523130354,-217.8403722053563
5123.2752262479335,3397.8512603909785,1725.423965856955
5115.9853778968445,4491.69727865084,624.2880992460041
5114.629579725608,4309.230530669979,805.3990490556289
5115.6500674235285,3953.0860100768637,1162.5640573466649
5119.249130793788,3800.0201528299135,1319.2289779638745
5136.095929021466,5199.156721179398,-63.060792157932156
4473.208932661196,3910.9371451079246,562.2717875532712
4475.756376890442,5193.584335022884,-717.8279581324423
4472.814979590253,4954.559045472932,-481.744065882679
4474.448714835098,4154.089523409123,320.35919142597504
4487.380226154407,4785.214958404952,-297.83473225054513
4493.327849417863,5124.997973007927,-631.6701235900637
3896.600145715328,3937.486789504039,-40.8866437887109
3917.5578983344185,5269.068814538372,-1351.5109162039535
3890.026429064597,5332.443702361385,-1442.4172732967877
3927.583373432763,5275.581521297564,-1347.998147864801
3909.4612606331657,5024.058693846373,-1114.5974332132073
3146.8309312617966,3865.0169485551014,-718.1860172933048
3142.13131489546,4801.966087904732,-1659.8347730092723
3137.0990542426302,5083.254674663016,-1946.1556204203857
3149.164418816819,3888.123777370631,-738.9593585538123
3781.6433703659686,4494.226166373507,-712.5827960075385
3789.795195612686,5097.192222424069,-1307.397026811383
3758.8930448440606,5224.418114730318,-1465.5250698862574
3771.4137769712343,5407.889761209009,-1636.4759842377744
3783.074564808752,3862.44693210083,-79.37236729207825
3809.727082758809,4881.376390030329,-1071.6493072715202
4368.489808108628,4661.0629232402625,-292.57311513163495
4374.001633415164,5245.502879210476,-871.5012457953117
4367.244523551917,5267.394753770826,-900.1502302189092
4374.639561411182,3861.1064860456904,513.5330753654912
4384.923937869707,4658.9188805566155,-273.99494268690887
4400.451703017909,3406.8982711933886,993.55343182452
4962.448921450241,4504.078777758112,458.3701436921292
4943.909730016256,5106.333439271463,-162.42370925520754
4955.852162555853,3941.874115323891,1013.9780472319621
4947.573133661438,4666.924949284414,280.64818437702434
4936.370879870773,5203.324454671299,-266.95357480052553
4941.49306855844,4542.925567696924,398.56750086151624
5216.238202018291,4988.447920422827,227.79028159546397
5199.658644219062,4490.601987547686,709.056656671376
5211.787286563567,5217.921076406877,-6.133789843309387
4825.930241722047,4487.621737924906,338.3085037971414
3129.416438246643,5095.187881539741,-1965.7714432930984
3129.081877617107,5024.4510045810885,-1895.3691269639817
3142.623279806312,5158.4624272535175,-2015.8391474472055
3139.982703673003,4556.381299861634,-1416.398596188631
3831.6292205982695,4392.797872922417,-561.1686523241474
3827.68037255756,5348.198068086592,-1520.5176955290317
3836.7675356286836,4173.175846662602,-336.40831103391884
3817.641664657218,3835.0081843804187,-17.36651972320078
3829.9481259750546,4484.503968955297,-654.5558429802422
3826.4521366286326,4540.228151124638,-713.7760144960057
3836.464432774815,5146.623116581009,-1310.1586838061935
3836.3354433349846,5363.966674438507,-1527.6312311035222
4644.629594410313,5275.393273431901,-630.7636790215884
4628.165250932391,5041.095376294949,-412.9301253625581
4598.956217763663,5022.447873397238,-423.49165563357565
4620.51926083659,4387.134881639128,233.38437919746139
4622.79350135002,4646.781927869657,-23.98842651963696
4617.4678263294045,5142.758760005325,-525.2909336759203
4613.907475015664,5232.466564235621,-618.5590892199571
5213.686779062525,5410.118386699555,-196.43160763703054
5201.202723188569,4558.216570862659,642.9861523259096
5180.781529792521,5186.962068847758,-6.180539055237205
5195.4484644844915,5276.294987276842,-80.8465227923507
5210.297937429401,4494.032815954303,716.2651214750977
5213.687140602468,3866.759323489206,1346.9278171132623
4503.025390398408,3181.9206171791216,1321.104773219286
4522.385478479123,5220.114226933966,-697.7287484548433
5186.195250333406,5128.4511995939965,57.74405073940943
5188.801328433154,5105.884419887857,82.91690854529679
5185.549121642249,4621.886259975529,563.6628616667194
5186.453302863734,4658.34330702975,528.1099958339846
5190.353213961638,5230.352007975482,-39.99879401384351
5208.97383690632,5150.154183839404,58.819653066915635
4625.399401926873,4964.703187908334,-339.30378598146126
4630.6635183704875,3812.0873936961225,818.576124674365
4628.993872086384,4407.3147995373965,221.67907254898728
4606.112519201378,4478.390879551716,127.72163964966148
4616.200242016398,5171.351138364969,-555.1508963485712
4631.241558158544,3808.078665859182,823.1628922993618
4609.163629637821,4624.535033802103,-15.371404164281557
3843.130604826612,4842.0667045150485,-998.9360996884366
3849.5825031371683,4862.175634529849,-1012.5931313926808
3847.637904339917,4072.832118522544,-225.1942141826271
3835.2054594364554,5215.818768198456,-1380.613308762001
3826.19217137268,3793.053477260724,33.13869411195628
3835.442230883264,4188.130976690955,-352.68874580769125
3834.9201815438014,5105.620381894244,-1270.7002003504426
3826.5508301645696,3853.564102528862,-27.013272364292334
3132.8510931414703,3843.989569589453,-711.1384764479826
3129.5962239973915,5137.518451304488,-2007.9222273070964
3131.9012421397724,5090.98430524681,-1959.083063107038
3152.188532424871,4863.929367516882,-1711.740835092011
3667.484442801902,4281.451210567727,-613.9667677658249
4063.7186326243327,5213.578930232111,-1149.8602976077782
4072.913013830368,4862.740142992965,-789.827129162597
4072.737056407415,4642.605168267335,-569.8681118599202
4065.868394121387,5250.552941449081,-1184.684547327694
4458.70894796702,4480.684847606589,-21.975899639568524
4457.307948251416,3164.0952353145176,1293.2127129368982
4462.27749349694,4909.333314559559,-447.05582106261863
4464.135806722833,4148.886787091584,315.2490196312492
4461.586838123384,4638.105498246258,-176.51866012287428
4483.744208037637,3867.898733415563,615.8454746220737
4484.859152318106,5129.6219880143235,-644.7628356962177
4464.972419529235,4529.797426681549,-64.82500715231436
4452.240560309644,4145.8895876015395,306.35097270810456
4462.0143083253515,4543.638829935733,-81.62452161038163
3165.1595778383826,4204.506517309229,-1039.3469394708463
3157.3677459254595,4509.524820154699,-1352.1570742292397
3164.030256977571,4954.0924029825355,-1790.0621460049647
3649.7823340165173,4550.5353900931095,-900.7530560765922
3631.2013451763323,5020.935923058524,-1389.7345778821918
3623.0748841181676,5123.389627679422,-1500.3147435612545
3640.1118789479933,4429.696841053497,-789.584962105504
4161.29759280702,4310.714790067558,-149.41719726053816
4160.954641040887,4633.721452546745,-472.76681150585864
4169.616264911396,3958.9224845746203,210.6937803367755
4168.613664733898,5293.131775318409,-1124.5181105845113
4169.207209475705,5237.949895500154,-1068.7426860244486
4517.640388108978,4947.6843165806795,-430.0439284717013
4533.5632841507895,5392.253382320433,-858.6900981696435
4549.156026817609,5221.313307270022,-672.157280452413
4520.179565927065,3905.5046774488737,614.674888478191
4950.242877902913,4877.171976589996,73.07090131291716
4951.624683816101,3945.20026878909,1006.4244150270115
4922.564528734155,4821.311130492693,101.25339824146158
4951.231170983936,4497.357559627778,453.8736113561581
4945.190114674908,4972.858311859403,-27.66819718449551
4939.878568304883,5123.218820824368,-183.34025251948515
4933.421454639423,3174.7733477924185,1758.6481068470048
4920.933135597858,5189.360755261888,-268.4276196640294
4925.137892201727,3918.410967182036,1006.7269250196905
4185.763327904806,4502.661054326762,-316.89772642195567
3919.3146504030115,4823.175728157551,-903.8610777545396
3916.4547882596007,4555.426598080373,-638.9718098207723
3912.8308157096358,5147.258849355529,-1234.4280336458928
3915.5436216804237,4983.523432550717,-1067.9798108702935
3907.125077589587,4549.225831430691,-642.100753841104
4483.589070177893,4491.387759045265,-7.798688867372221
4484.644260509264,4401.464442691047,83.17981781821709
4487.97048966885,5421.407448093474,-933.4369584246242
4483.251726697417,5211.516553592419,-728.2648268950015
4505.395390571373,5356.938849614347,-851.5434590429741
4475.756376890443,5220.028823313771,-744.2724464233279
5109.551063079319,4546.616570785514,562.9344922938044
5123.98107062688,3859.718849619064,1264.2622210078162
5118.434088319561,4616.113240711689,502.32084760787166
5126.9540188501105,4943.0690690954725,183.884949754638
5123.125895704151,4616.61476794783,506.511127756321
5108.493442181212,3690.0324853650386,1418.4609568161736
5111.968447725752,5025.526744982427,86.44170274332555
5100.097970054088,4972.21269904572,127.88527100836836
4481.14828833315,4394.367645887282,86.78064244586767
4469.501874304656,5111.1130259246565,-641.6111516200008
4470.922906989022,5253.912418690541,-782.9895117015194
4485.936004065736,3918.4370944296916,567.4989096360441
4496.3819875434465,4849.653587873824,-353.2716003303776
4486.3097283293955,4381.426063845392,104.88366448400393
3907.363322535942,4381.965876417272,-474.60255388132964
3917.210417309739,3957.399501212317,-40.18908390257775
3914.3253311828785,4167.068603265333,-252.7432720824545
3894.348528459181,4623.508371021978,-729.1598425627967
3911.319513985779,4856.818003349605,-945.4984893638257
3147.1154531774287,3796.233914689991,-649.1184615125621
3148.0207682078435,4400.106427185576,-1252.0856589777322
3142.484267486557,4794.789666318727,-1652.3053988321694
3146.5115742863168,4670.001808438348,-1523.4902341520315
3797.5843229735865,4670.287704137118,-872.703381163532
3764.405436927651,5279.44986810657,-1515.0444311789188
3779.378949926415,5111.8273947020325,-1332.4484447756176
3773.523838269198,5206.422278086269,-1432.898439817071
3773.859337055007,3183.4844615347542,590.3748755202528
3782.5200079106567,5018.947388831317,-1236.4273809206602
4394.410218417242,4053.2568604397775,341.1533579774641
4368.781834395558,4382.2965861442535,-13.514751748695744
4375.291982781744,3907.5926853873375,467.6992973944066
4367.934305590341,4828.380966693797,-460.4466611034559
4383.83419815876,4391.021158966239,-7.186960807479409
4391.022975462057,5158.766656238466,-767.7436807764088
4934.986289998017,4366.772069270297,568.2142207277202
4966.220275446634,5254.992416659958,-288.77214121332327
4956.741605156945,5225.334983750768,-268.5933785938223
4957.942612488286,4555.2842606856175,402.6583518026682
4939.320233129457,4179.39727801026,759.9229551191966
4957.093295409242,3934.0169762293963,1023.076319179846
5188.568515352654,5105.485651125538,83.08286422711535
5182.449136830461,4887.867242780443,294.5818940500176
5178.092439088022,4647.810861845353,530.2815772426684
4834.267424173808,4498.497454330499,335.7699698433089
3135.841701512843,3949.213016206379,-813.3713146935361
3135.99996485627,3382.689886693251,-246.68992183698128
3122.9114323518506,4645.727569086242,-1522.816136734391
3149.9065102496193,5130.400810231485,-1980.4942999818654
3825.893385367577,5252.89351540505,-1427.0001300374724
3826.7760750398265,4484.304643961878,-657.5285689220518
3840.853218440333,4182.942866454169,-342.08964801383627
3849.1445957434603,4663.553123062117,-814.408527318657
3825.8344019636925,3996.1355872944746,-170.30118533078212
3829.7981284215434,5270.012270206798,-1440.214141785255
3845.7093149939683,4548.906508030115,-703.1971930361469
3841.300259558279,4399.321780424168,-558.0215208658888
4615.789494016956,4125.872785420488,489.9167085964682
4604.471533975705,5245.383653451911,-640.9121194762065
4626.956589537886,3179.803833257493,1447.1527562803935
4629.621183113542,4649.657242484828,-20.036059371285774
4620.66958731327,5172.809086792336,-552.1394994790653
4607.323147727465,4892.147662849706,-284.8245151222409
4626.115966427213,5031.555129447581,-405.43916302036814
5207.545996703866,5131.878425251446,75.6675714524199
5195.19471842914,4898.395828515386,296.79888991375446
5217.812829559244,4491.381408859755,726.4314206994895
5202.884759277821,4314.3731296894,888.5116295884209
5201.571178764102,5262.266732062998,-60.6955532988959
5197.094244264212,4395.0020027367345,802.0922415274772
4541.760543239359,3172.3587334860845,1369.4018097532748
4532.225713230513,4627.193616551151,-94.96790332063756
5203.885107938971,4556.006878132866,647.8782298061042
5194.8417293096545,4833.31875823295,361.5229710767044
5206.265314501067,3865.1455071945998,1341.1198073064675
5206.37158046792,5031.676587220229,174.69499324769095
5208.065353814047,5150.326266968546,57.739086845500424
5204.132753444353,4174.17071887092,1029.962034573433
4619.400047123082,4641.816653315851,-22.416606192768995
4616.265518790188,4925.9720070276835,-309.70648823749525
4631.181810548553,5035.574002884742,-404.3921923361895
4628.017689839601,4499.200513603391,128.8171762362099
4612.890369512463,3798.107164495545,814.7832050169177
4620.766008971786,5004.780871878662,-384.01486290687626
4632.416227491671,5216.386094499412,-583.9698670077414
3830.1413160508687,4921.720507772822,-1091.5791917219535
3824.968348766769,4822.740678886657,-997.7723301198885
3860.2406120835476,5269.898087617757,-1409.657475534209
3830.3473521197766,4420.799601786493,-590.4522496667169
3828.6419216695986,5109.04612908851,-1280.404207418911
3822.8338826487798,4474.216087556389,-651.3822049076089
3845.974824372351,4566.359025078523,-720.3842007061717
3841.460141419471,5430.127602913363,-1588.6674614938925
3142.522830353327,5227.078394710532,-2084.5555643572047
3143.1915862050096,4851.1435193032075,-1707.951933098198
3160.5807034930076,5145.585897385498,-1985.0051938924908
3122.5437641524595,4469.777360047274,-1347.2335958948142
3696.016265929918,4638.511685112431,-942.4954191825132
4062.2031150700936,4852.131267797492,-789.9281527273984
4056.4346612099007,5163.286461139055,-1106.8517999291544
4060.4206981531665,4523.03551260487,-462.6148144517033
4086.9723323832072,5199.430233500497,-1112.4579011172896
4487.1411904536035,4874.214405628488,-387.07321517488435
4486.5703992967365,4180.597989067671,305.97241022906564
4459.109079581867,5149.76201766765,-690.6529380857828
4450.579507057309,4436.7619665992115,13.817540458097028
4447.053476735446,5150.828398628239,-703.7749218927929
4461.901398612283,4649.942149636397,-188.0407510241139
4452.412202601887,5252.711908426292,-800.2997058244055
4460.681404349253,5294.396898938125,-833.7154945888715
4470.834336273319,5214.11434855566,-743.280012282341
4469.780083004203,4493.477312437405,-23.697229433201755
3179.3104315052137,5128.594874701707,-1949.2844431964936
3151.5104554924237,5209.341811421951,-2057.8313559295275
3174.018780940975,5432.929364520973,-2258.910583579998
3664.2921953204627,3667.35797053175,-3.065775211287473
3621.7194540790897,5214.512423133682,-1592.7929690545925
3645.2726838282333,5136.3842788474785,-1491.1115950192452
3619.539817725728,4528.46734371068,-908.9275259849524
4158.0466648557385,5022.923622960459,-864.8769581047209
4174.598441703266,3872.373111687598,302.2253300156681
4157.869914656668,5236.711818795564,-1078.841904138896
4167.827608406737,4342.20796697761,-174.3803585708729
4175.103430105001,3166.987825298089,1008.1156048069124
4552.808191908617,4562.060433391331,-9.252241482713544
4545.858597621273,5188.616771015685,-642.7581733944126
4534.225926767344,4167.899923382605,366.3260033847391
4532.917733161123,5248.571147388695,-715.6534142275723
4937.232019062907,5214.762849049428,-277.530829986521
4930.54096586349,5122.149045567258,-191.60807970376845
4941.459359444314,5421.686074702427,-480.22671525811256
4917.820829843401,5126.069149917385,-208.24832007398436
4937.3698740831005,5264.158188092685,-326.7883140095846
4937.871354647689,4639.322127367263,298.54922728042584
4954.979755223851,4859.651291938868,95.32846328498272
4955.0379489867655,4208.045561641814,746.9923873449516
4941.983559442425,4964.786729837163,-22.803170394738117
4188.745189124516,4850.487331835777,-661.7421427112604
3919.3146504030115,4169.2850687621,-249.97041835908885
3898.895392030481,3908.9740252566658,-10.078633226184593
3915.5436216804237,5178.394044092425,-1262.8504224120015
3904.3205882807306,4669.45893972549,-765.1383514447598
3911.5308520977073,3670.333283981303,241.19756811640445
4479.1761172515135,4389.216524863317,89.95959238819614
4505.395390571373,5313.900813006384,-808.5054224350106
4472.814979590253,4366.9836620695205,105.83131752073223
4493.327849417864,5278.291109847035,-784.963260429171
4469.3806153033,5150.421996301755,-681.0413809984548
4492.2375988634785,3927.958538527702,564.2790603357766
5129.7331461195845,4684.877452759515,444.8556933600694
5100.097970054088,5191.7255968870795,-91.62762683299115
5159.109703771245,4898.237039499124,260.87266427212126
5110.1762328616305,5304.949261177306,-194.77302831567522
5136.902307415526,5263.377262273966,-126.47495485844047
5113.838053162893,4657.1714138609195,456.6666393019732
5099.478959165481,4953.0427467312165,146.43621243426423
5117.745659055205,5254.521062453051,-136.77540339784628
4476.919224633548,5277.587923783823,-800.6686991502747
4481.603543692841,4853.435040308734,-371.8314966158923
4462.694489110564,4535.5720722532515,-72.8775831426874
4484.834741015883,4550.191134152061,-65.35639313617776
4493.365258007712,5100.732023604574,-607.366765596862
4485.810388908247,4840.914176630429,-355.10378772218246
3914.615855704391,4921.454023333218,-1006.8381676288273
3912.8461371615717,4960.319262721543,-1047.4731255599713
3883.064554392573,5190.64611077371,-1307.5815563811366
3902.0596390704955,5145.847404425003,-1243.7877653545079
3903.7600608073685,5228.679904824242,-1324.9198440168734
3156.7327072755847,5157.3459318804325,-2000.6132246048478
3148.684194487025,4543.056777191808,-1394.3725827047829
3154.9975790563017,5246.031120301417,-2091.0335412451154
3145.8246464817853,5191.662832024617,-2045.838185542832
3774.4271174218256,3931.420310306359,-156.99319288453353
3762.0383494006587,3800.0452827455324,-38.00693334487369
3750.213620532102,4483.245004545694,-733.0313840135923
3787.7278217833787,4501.465333351831,-713.7375115684522
3770.369606471814,5150.254577460538,-1379.8849709887236
3768.34795057578,4641.177792763006,-872.8298421872264
4378.855642266119,4666.866487442273,-288.01084517615436
4395.6289715851935,4621.50016410649,-225.8711925212965
4388.741776914509,3867.502736756982,521.2390401575267
4381.943679694446,4648.619761287612,-266.6760815931666
4384.085951503302,4875.655536587492,-491.5695850841903
4364.230616812822,4617.75325430349,-253.52263749066879
4933.572568961484,4822.515858666842,111.05671029464156
4937.459817667068,4361.735223048149,575.7245946189187
4954.773857237796,4964.56730706752,-9.793449829724523
4940.03318113464,4531.280143832165,408.7530373024747
4959.673046811353,4835.23732635389,124.4357204574626
4942.049743237059,4483.518705532959,458.5310377041005
5207.968676431175,4870.99826677948,336.97040965169435
5224.616416026579,4509.796861699118,714.8195543274605
5220.244057078506,5010.427535614053,209.8165214644523
4813.557097470919,5017.111355048551,-203.5542575776317
3130.1325758106677,4925.761206009589,-1795.6286301989212
3140.8882660563704,4966.789207407044,-1825.9009413506737
3142.1257446347254,4869.387177920156,-1727.261433285431
3141.0081919501076,5273.039212761001,-2132.0310208108936
3838.8403016606485,5207.275401130359,-1368.4350994697102
3823.92822911686,3845.061619068357,-21.13338995149661
3832.0442527129185,4483.900655643128,-651.8564029302092
3831.079603221665,5232.172811109919,-1401.0932078882543
3830.141316050869,5254.475165920016,-1424.3338498691464
3850.6003331349434,4675.624452724115,-825.0241195891717
3830.347352119776,3860.9356164699525,-30.58826435017636
3832.1372638554667,4481.802486188655,-649.6652223331885
4632.547153987535,5049.519803797692,-416.9726498101563
4629.733771811824,5123.293171611126,-493.5593997993019
4619.722722839618,3179.106710964531,1440.6160118750868
4626.774992870977,5009.823871851123,-383.0488789801457
4620.77340617483,5123.0700488963985,-502.2966427215688
4626.068825146121,4982.908708534278,-356.83988338815743
4626.173326449017,3814.0789456527846,812.0943807962321
5181.2865773985495,4477.851565580419,703.4350118181301
5219.850810360323,5197.217507604028,22.633302756295052
5204.643656626208,5031.929725989601,172.71393063660707
5178.3042547952655,3846.0398256961375,1332.264429099128
5201.2115461683525,5030.023668742943,171.18787742540917
5193.983838823561,4541.165296081663,652.8185427418985
4536.001076658138,5174.095648759436,-638.0945721012977
4547.486771882873,5175.1052047212,-627.618432838327
5190.964321822088,5016.394305234068,174.57001658801983
5230.535887125179,5395.909855198614,-165.3739680734352
5198.629840185976,3860.0234665307617,1338.6063736552142
5179.879578312354,5093.076774789735,86.80280352261889
5211.764255142052,5099.787521634151,111.97673350790137
5195.814456233478,4639.08559838737,556.7288578461084
4605.945783016303,4536.236404182396,69.70937883390707
4636.399872453234,4977.257231389042,-340.8573589358084
4627.709693491113,3394.583872483406,1233.1258210077071
4616.946958367454,4547.686762225747,69.26019614170673
4636.398035206827,5132.123673522997,-495.72563831616935
4623.6552651661,4401.85969410096,221.7955710651404
4606.181966555019,5228.932987646943,-622.7510210919236
3833.5762334458113,4491.9478477398325,-658.3716142940211
3829.853806447334,4419.660601517906,-589.8067950705718
3835.301824177668,4664.328411590271,-829.0265874126026
3829.681044220321,5171.188383901899,-1341.5073396815783
3835.119701935154,4664.6282322585885,-829.5085303234346
3846.448479397798,4680.600408893582,-834.1519294957843
3846.69240633362,4382.877071996343,-536.1846656627231
3833.0650084831414,5252.5965440290465,-1419.5315355459052
3134.188631222022,4984.192281447993,-1850.003650225971
3158.918834625097,4628.247615013529,-1469.3287803884318
3150.0970996246206,5002.767847068518,-1852.6707474438972
3138.2491671510224,4397.49548234445,-1259.246315193427
3702.2898988982174,5096.858396656807,-1394.5684977585893
4060.9536066848505,5267.921949808532,-1206.9683431236817
4062.8117404983027,3852.398529096028,210.41321140227456
4064.5897938238063,4339.574670350045,-274.9848765262391
4078.0242424214075,4665.751466051271,-587.7272236298631
4472.271003598263,5035.520302309833,-563.2492987115702
4470.110150524605,5189.055867055076,-718.9457165304711
4481.548767270033,5173.365837120217,-691.8170698501845
4473.163124068483,5120.194133187755,-647.0310091192723
4470.240038168647,3852.05683895721,618.1831992114367
4465.348805631289,4672.358535218389,-207.00972958710008
4467.402235839528,4731.383349071257,-263.98111323172907
4477.566569902409,5141.966206456712,-664.3996365543026
4480.741524389036,3926.3694219566755,554.3721024323609
4460.648763586309,3910.6283156507093,550.0204479355993
3172.520633971533,4861.685775241379,-1689.1651412698461
3166.344918040973,5123.335013170074,-1956.9900951291006
3167.7949380959953,4492.103376782716,-1324.3084386867204
3640.5124409009104,4065.3657054769765,-424.85326457606607
3644.047691793648,5046.5481709725655,-1402.5004791789174
3631.482764532563,5200.848860005225,-1569.366095472662
3632.701372118485,4650.20276884123,-1017.5013967227451
4187.261625995263,3666.0196080599358,521.2420179353271
4155.261614819931,5115.609327560369,-960.3477127404376
4163.978364184644,5143.395024964682,-979.416660780038
4160.092671113975,3918.6879353151594,241.40473579881518
4165.185608303778,4398.921210250898,-233.7356019471199
4519.792319598114,4321.426099191473,198.36622040664042
4535.985647666119,5135.044622668717,-599.0589750025983
4539.486525100947,4016.681707392135,522.8048177088117
4519.744845289209,5350.926819402362,-831.181974113153
4930.476408358121,5199.45751814408,-268.9811097859583
4929.260471624155,3846.623823144548,1082.6366484796067
4928.02037983071,4828.7932622446,99.22711758611058
4938.803365095258,5134.734913076382,-195.9315479811239
4928.226877169703,4662.218725306061,266.0081518636416
4930.395055045307,5109.240485828617,-178.8454307833099
4926.5532311471425,3783.012585889925,1143.5406452572174
4950.775605285099,4564.151614250799,386.62399103430016
4942.480051512056,4378.60564478728,563.8744067247762
4178.306254320855,4848.765680807553,-670.4594264866973
3919.3146504030115,5121.84695061539,-1202.5323002123782
3912.8308157096358,4400.390179709415,-487.5593639997792
3907.125077589587,5165.02863824815,-1257.903560658563
3911.5308520977073,3689.513568374654,222.01728372305342
3908.5411719657995,4867.088319066036,-958.5471471002365
4475.756376890443,4298.581343545279,177.17503334516368
4493.327849417864,4967.7705854655915,-474.4427360477275
4499.724631398393,5144.743974846596,-645.0193434482026
4481.7018584457965,4840.733332890398,-359.0314744446014
4470.493540699316,4620.178245189093,-149.68470448977678
4469.501874304656,3910.1272629024265,559.3746114022292
5119.141329451683,3181.3497612173032,1937.79156823438
5113.838053162893,5174.398417262752,-60.560364099859726
5122.930754901015,3867.780696243181,1255.1500586578336
5093.578262991852,5092.675124549047,0.903138442805357
5108.9701407860375,4907.711839814858,201.25830097117978
5117.774873776507,5243.618793457434,-125.84391968092677
5131.824959296135,4695.240397410773,436.58456188536184
5109.2892305064715,4551.62514575829,557.6640847481813
4488.56341424464,4643.665786680096,-155.10237243545635
4495.422284613271,4326.259491001579,169.162793611692
4476.304048977774,5158.922335471861,-682.6182864940865
4484.846264354788,4496.633748488659,-11.787484133870748
4469.286497827262,4637.313102293254,-168.02660446599202
4486.906534648666,4963.322956734598,-476.416422085932
3900.02523650162,4534.843441800155,-634.8182052985353
3898.6769379911952,5125.4394521499025,-1226.7625141587073
3882.8586740555234,5105.47695482013,-1222.6182807646069
3909.089470883581,5146.179869210044,-1237.090398326463
3895.849474677053,4033.5317878668993,-137.68231318984635
3138.9436665101166,5108.128411586009,-1969.1847450758924
3140.5821642205865,4859.611639400963,-1719.0294751803767
3137.8122988174987,5066.157180281922,-1928.344881464423
3150.6690972171027,5132.09845202559,-1981.429354808487
3777.657785933747,3951.182539655215,-173.52475372146773
3784.1640574550133,4345.948140136313,-561.7840826812994
3769.09164597839,4360.544089416575,-591.4524434381851
3788.5557246317007,5116.468415100192,-1327.9126904684913
3766.9116714112565,3843.5702300481134,-76.65855863685692
3775.1908517974302,4665.278455257655,-890.0876034602247
4375.711558209508,5173.509546757558,-797.79798854805
4378.777023613119,4542.447463033494,-163.67043942037526
4373.80664256822,4967.835428388794,-594.0287858205738
4385.413932124991,5189.042936703991,-803.6290045789992
4374.58834811073,3910.6636816634596,463.92466644727074
4377.964499916088,4666.63855814972,-288.6740582336315
4956.682165766774,4679.005072115286,277.6770936514886
4957.071407523074,3857.320849129429,1099.7505583936454
4944.5291956723295,5199.62142888027,-255.0922332079408
4979.501476851507,5058.708136200013,-79.20665934850604
4948.955082260646,5134.332794196111,-185.3777119354645
4963.809598072653,5232.119368340478,-268.3097702678251
5209.143192537954,4064.5315002040106,1144.6116923339432
5216.212871138163,4923.651406647173,292.56146449099015
5207.718307501358,4523.403458744951,684.3148487564067
4813.800296991594,4387.743324296748,426.0569726948461
3160.2843952696358,4682.8356897210315,-1522.5512944513957
3155.798554485462,4873.95800394248,-1718.1594494570181
3129.033009680776,4854.011887593392,-1724.978877912616
3135.306567158787,4867.001402849736,-1731.6948356909493
3824.642823294991,4787.920530450881,-963.2777071558903
3829.9170483558846,3849.971012982313,-20.053964626428296
3828.6081722741706,3855.6440845031593,-27.035912228988764
3868.3607810714275,5450.426640327248,-1582.0658592558202
3849.692231867423,5161.698341902365,-1312.0061100349426
3830.5693655211835,4394.384320445033,-563.8149549238497
3832.2207672637624,3640.5013865394453,191.71938072431703
3843.859426430895,5192.232907691691,-1348.3734812607963
4632.084807487441,4650.302699961666,-18.217892474224755
4616.946958367453,4486.530882199458,130.41607616799502
4616.930977993096,5195.504729782629,-578.5737517895323
4604.2108419730075,4654.764595625754,-50.55375365274631
4620.380123767991,4491.120014534983,129.26010923300782
4637.427961116372,4655.640539737847,-18.212578621474677
4632.238382027585,4390.4493669471485,241.7890150804369
5199.13123731483,3856.765772863861,1342.3654644509693
5207.159698687894,3934.503160412507,1272.656538275387
5213.440274847566,5345.392746610139,-131.9524717625727
5192.360305210055,4948.976959405159,243.38334580489663
5212.526901467644,4659.162717960988,553.3641835066564
5216.148628861058,4620.686573859774,595.4620550012833
4542.772253052418,4367.342546882323,175.4297061700945
4556.865318122128,4510.967729074854,45.89758904727387
5221.753721475387,5063.389146964348,158.36457451103888
5205.320381830721,3964.6588381334577,1240.6615436972634
5190.019868679315,3856.2544138209914,1333.7654548583232
5184.237907546683,4827.48669047412,356.7512170725631
5201.779376989976,3956.626482047701,1245.1528949422755
5187.425255326902,5014.179938209227,173.24531711767486
4601.567935864079,3921.3124388314313,680.2554970326478
4627.085773801618,4073.141190996879,553.9445828047396
4608.986582734188,4919.645894289505,-310.6593115553169
4617.096592304443,3860.4756925908337,756.6208997136096
4628.885145326002,4652.524691819073,-23.639546493071066
4610.456672690796,3913.438040220579,697.0186324702172
4627.517459930427,4804.697354719982,-177.17989478955496
3833.8463432520794,4820.060319080618,-986.2139758285384
3831.208582694723,3790.0184695995736,41.19011309514963
3848.4695672803955,5147.324431820764,-1298.854864540369
3833.2266265961975,5255.045200973688,-1421.8185743774907
3827.385186990844,5155.292074700563,-1327.9068877097188
3848.743201836092,4852.369776211167,-1003.626574375075
3835.7523309282847,3855.4362191641285,-19.683888235843824
3838.9638589708125,5176.911581971137,-1337.9477230003245
3133.760044307488,5337.469007639543,-2203.7089633320547
3132.108336665038,5271.9487165615055,-2139.8403798964673
3158.5327028939723,4405.873377105979,-1247.3406742120064
3161.3611385986733,5447.790916970279,-2286.4297783716056
3680.4239692896676,3852.18157108768,-171.75760179801227
4067.259809037754,4347.610555083398,-280.350746045644
4063.300608532643,4164.5056347501095,-101.20502621746664
4062.9845669349857,4543.562668620547,-480.57810168556125
4055.0250257051885,4149.512841314805,-94.48781560961652
4465.133607815944,4850.788538531479,-385.65493071553556
4459.486433637883,3790.4372807463615,669.0491528915218
4467.1003095705755,3861.197874642596,605.9024349279794
4451.169154189193,4533.026346411254,-81.8571922220608
4467.562590893299,5301.469276860611,-833.9066859673121
4471.540622094637,4553.9826070861145,-82.44198499147751
4457.574140305932,4270.546462792575,187.02767751335705
4463.2756551695,4665.656898733016,-202.38124356351545
4450.458409068021,3791.300812253189,659.1575968148318
4462.609311230622,5116.838846025052,-654.22953479443
3156.9177572342082,3849.782207450038,-692.86445021583
3166.378684226022,4914.831886829189,-1748.453202603167
3177.5109383685026,4370.326532937667,-1192.8155945691647
3634.27299443181,4662.010941593806,-1027.737947161996
3639.677653744022,4662.409878288032,-1022.73222454401
3631.3995618238846,4544.247652537542,-912.8480907136577
3637.2282298929035,4973.810161072989,-1336.5819311800856
4157.474071273151,4838.833647238431,-681.3595759652799
4155.648910538795,4478.581982161626,-322.93307162283145
4175.383225776217,4666.332473479026,-490.94924770280886
4158.390736422124,4331.958162611994,-173.56742618987028
4146.717238521548,4659.999916363306,-513.2826778417575
4527.364731680714,5301.784642785921,-774.4199111052076
4520.137856572031,4474.956888315847,45.180968256183405
4515.368126291318,4162.568000269683,352.80012602163515
4527.378607315695,4373.115818922723,154.26278839297265
4930.24629837471,4484.505061167521,445.74123720718944
4952.588049421465,5160.946379256864,-208.35832983539876
4922.474170533879,5152.555298048661,-230.08112751478166
4940.588270166405,5264.066667131565,-323.47839696515985
4950.479466108941,5344.4515553732945,-393.9720892643536
4927.7945130563585,5023.455425826322,-95.66091276996394
4945.277596224787,3864.130684359058,1081.1469118657292
4946.296420637942,4676.3382860504935,269.9581345874485
4930.153908863817,5240.09469959003,-309.940790726213
4178.547068167747,4644.515827749015,-465.9687595812684
3919.3146504030115,5138.009714612701,-1218.6950642096895
3929.904400774274,4412.005237739422,-482.1008369651481
3905.847720657944,4547.917144142984,-642.0694234850403
3914.826479675092,4545.250353873013,-630.4238741979216
3906.6597159991356,3792.5072617247592,114.1524542743764
4469.849593334382,4864.01612223799,-394.1665289036082
4492.2375988634785,4648.956475159102,-156.7188762956239
4494.0072796811,3708.8255352820966,785.1817443990035
4469.501874304656,5212.4120723944125,-742.9101980897567
4505.463769213936,4875.947089990375,-370.48332077643954
4471.548641375565,5169.177850771881,-697.6292093963157
5114.037266540786,3810.655261534988,1303.382005005798
5108.9701407860375,3183.9266130728365,1925.043527713201
5097.625792074809,3940.8906986630914,1156.735093411718
5094.205041771213,4886.632627440627,207.57241433058516
5123.79971977705,3860.9025912044863,1262.8971285725638
5127.462883841518,4563.5456664705425,563.9172173709758
5101.325698086147,3994.9022066564744,1106.4234914296726
5128.043080731789,5135.840384535653,-7.797303803864452
4470.704881466675,4944.550724425995,-473.8458429593202
4470.31091961187,5205.337012124631,-735.0260925127604
4467.738815062248,5325.191147357136,-857.452332294888
4489.048973409179,5139.737116244844,-650.6881428356655
4477.172782429852,5332.974344583164,-855.8015621533114
4479.867708462148,5125.505502458669,-645.6377939965214
3908.1420919401967,5132.323888774612,-1224.1817968344153
3903.6311935504837,4861.278614900146,-957.6474213496622
3894.936273101571,4471.774653388334,-576.8383802867629
3918.4901867059293,5173.947979482817,-1255.4577927768873
3902.177418584589,4864.30655532124,-962.1291367366512
3151.856666883846,5149.554014755133,-1997.6973478712866
3141.7711026605616,4340.786096597398,-1199.0149939368362
3137.4152373722695,4986.795603055113,-1849.3803656828436
3132.2216611584154,4628.454010837177,-1496.2323496787612
3788.6399562644933,5013.079931926237,-1224.4399756617436
3782.0963173273367,5146.246346130189,-1364.150028802852
3782.3472375386727,3919.1567308734,-136.80949333472745
3757.0061784830837,5114.135217102692,-1357.1290386196083
3785.0689231737765,4441.812861949152,-656.7439387753752
3790.803672242588,5169.290581222639,-1378.4869089800509
4369.76455668321,3851.042263800612,518.7222928825977
4379.9271662508645,5253.48819822498,-873.5610319741154
4380.0867416772935,5169.094102234939,-789.0073605576454
4384.79401967889,5176.39033204354,-791.5963123646497
4370.154081683345,4631.959865356738,-261.8057836733933
4367.502429927735,4000.4394329432116,367.0629969845231
4941.133560284381,4170.492255030898,770.6413052534826
4961.414924155837,5271.253931069369,-309.8390069135321
4944.788691455568,4487.932848684162,456.85584277140606
4959.656850343287,4384.669725221618,574.9871251216691
4962.994355860406,4498.643195925773,464.35115993463296
4951.421100878213,5296.94355520772,-345.5224543295071
5202.99534612817,4866.734098841674,336.26124728649665
5204.278251843717,4965.501224487054,238.77702735666298
5219.8085780485135,4657.309807010064,562.4987710384494
4820.093127102084,5131.112554403664,-311.01942730158044
3135.9195782170955,4485.282110319267,-1349.3625321021718
3124.7919998983602,5006.002299525611,-1881.210299627251
3149.2760150162203,4947.911922636295,-1798.6359076200742
3134.4431021767346,4668.306606849683,-1533.8635046729482
3835.119701935154,4249.007606986457,-413.8879050513033
3827.6404559753187,4622.842185145001,-795.2017291696825
3842.917422910761,5349.276171594192,-1506.3587486834313
3856.982715132488,3873.1510382296105,-16.16832309712254
3841.874434589792,5054.373500362332,-1212.4990657725402
3830.1189226679903,5269.3466481786545,-1439.2277255106642
3831.568904073206,4160.394010857568,-328.8251067843621
3817.5160329773735,3140.947470867505,676.5685621098683
4616.205565769339,4520.0659835177585,96.13958225158058
4631.069170293109,5160.5045097682805,-529.4353394751715
4612.59888745356,4541.678112556899,70.92077489666099
4616.554371402984,4550.425210011044,66.1291613919393
4627.085773801618,4550.926398225224,76.15937557639427
4610.574883930266,5162.269075957824,-551.6941920275576
4614.547254940949,3163.5791059480825,1450.9681489928662
5212.295710803295,4341.440272702885,870.8554381004105
5213.234248372353,4403.5263040708605,809.7079443014927
5199.860074872398,4064.420781059823,1135.4392938125752
5227.697594707134,4564.353306624681,663.3442880824532
5203.901523402124,3806.586957612741,1397.3145657893833
5179.161546313033,5186.040304481447,-6.878758168413697
4520.795964716381,3843.687394548627,677.1085701677539
4540.477965763065,4846.678478934744,-306.2005131716787
5215.19919747666,5130.459193539574,84.74000393708593
5189.185592124266,4153.9969890487455,1035.1886030755204
5217.469875962462,5138.515063047671,78.95481291479064
5199.202511956248,4640.212146168285,558.9903657879631
5184.0083959893045,4535.373550916018,648.6348450732867
5196.6134574384305,5259.32026053873,-62.70680310029911
4620.648939725649,4547.883315541962,72.76562418368758
4616.888570461324,5180.358767613886,-563.4701971525619
4608.3833033575,5123.293274247696,-514.9099708901958
4621.387937118682,5145.818719941219,-524.4307828225365
4629.22961708406,5226.960698955099,-597.7310818710394
4618.141771083635,3189.485477783375,1428.6562933002601
4618.479954351109,4640.598478236807,-22.11852388569787
3826.287870894965,5165.8620089490905,-1339.5741380541253
3828.037017670671,5240.036464340276,-1411.9994466696053
3861.8529688724493,3213.7835292987656,648.0694395736837
3829.282310931561,4444.020400218921,-614.7380892873603
3842.625286201681,4560.623366104124,-717.9980799024434
3858.202597621627,4454.936773333033,-596.7341757114059
3850.8550438293337,3832.701084156124,18.153959673209556
3838.5381315155705,4165.842750963506,-327.30461944793524
3137.1065220260234,4649.461371082946,-1512.3548490569228
3143.847984835375,4405.090712120233,-1261.2427272848577
3135.3568979486276,5116.776787411586,-1981.4198894629585
3127.9445791873272,3842.2409253276337,-714.2963461403065
3692.7606308373593,5163.969670255986,-1471.2090394186266
4057.4487830552926,4372.377263801703,-314.92848074641006
4071.7136897558244,5124.5938893771845,-1052.8801996213601
4071.5537870688036,3862.480112050529,209.07367501827457
4076.4390634488686,5048.755195118059,-972.3161316691908
4476.807804550788,5284.294064383902,-807.4862598331138
4465.498001487079,4151.5586042077775,313.9393972793014
4499.092780541412,4441.8635798995565,57.22920064185564
4473.5615559101725,5264.959109104412,-791.3975531942397
4456.07899995581,5207.185090886643,-751.1060909308326
4466.634076631734,5144.157186682624,-677.52311005089
4470.163629871955,5245.527590358121,-775.3639604861664
4478.954607343166,5341.02698148846,-862.0723741452939
4474.8053538156655,4646.6334343654635,-171.82808054979796
4489.577678569911,4568.809654253823,-79.23197568391242
3148.8568329040345,5116.688227596466,-1967.8313946924318
3171.2030085009465,3172.4161929744832,-1.213184473536785
3170.562245282748,5266.496995385689,-2095.934750102941
3646.3411331934994,5151.170431732281,-1504.8292985387816
3629.40072238331,5002.072153564243,-1372.6714311809333
3640.9489840010133,4673.061789029354,-1032.112805028341
3635.5992922538294,4651.393765136938,-1015.7944728831085
4152.377038669066,3370.4754896752643,781.9015489938015
4160.437824318511,3177.4381751941446,982.9996491243664
4173.892595841534,4864.235962285231,-690.343366443697
4136.292045154632,4516.2260331271855,-379.93398797255304
4162.572658805274,4162.712181367099,-0.139522561825288
4527.960144308652,5194.736199581442,-666.7760552727896
4542.654808466584,5156.402140752345,-613.7473322857613
4550.620381346156,5348.42586826164,-797.8054869154839
4525.116520103423,4661.143894746607,-136.02737464318398
4935.6771827502325,4488.111472974852,447.5657097753801
4927.675825157979,3797.7746554842347,1129.9011696737439
4925.861409799509,5109.897397183526,-184.03598738401706
4941.644786075711,5174.861312679725,-233.2165266040147
4915.922390730337,5194.296681312128,-278.3742905817917
4949.824986890709,5218.4901347194755,-268.66514782876675
4944.637824260777,4979.556375050702,-34.918550789924666
4934.275848950363,4514.362156697696,419.9136922526668
4941.645077763969,5248.242998866639,-306.5979211026697
4178.853817540622,5238.12825692846,-1059.2744393878384
3919.3146504030115,5270.484616776051,-1351.1699663730392
3915.5436216804237,4818.080090475768,-902.5364687953443
3911.5308520977073,4661.830599848007,-750.2997477503
3922.3735416750324,3995.3347084510756,-72.96116677604323
3917.0201527116774,4687.613768083425,-770.593615371748
4492.2375988634785,5035.59614833109,-543.3585494676117
4470.493540699316,4045.252822529988,425.2407181693284
4470.9229069890225,4381.406165274007,89.51674171501509
4486.3097283293955,5139.867726632979,-653.5579983035832
4485.764302836264,5091.465040607134,-605.7007377708705
4481.6035436928405,5242.119281530899,-760.5157378380582
5119.726932031234,5117.469551803405,2.257380227829344
5109.2892305064715,5352.869917915146,-243.58068740867475
5106.248298791196,4063.1589285769287,1043.0893702142675
5104.577904877052,5164.622024650801,-60.04411977374912
5128.043080731789,3943.7472347282883,1184.2958460035006
5116.000829840948,5113.934815130849,2.0660147100998074
5122.018852425981,5292.968462198173,-170.94960977219216
5086.112704466722,3912.595826985498,1173.5168774812237
4472.203237184329,5221.919769518031,-749.7165323337022
4479.867708462148,4672.937469516877,-193.0697610547295
4492.941040586016,3876.574509926899,616.3665306591174
4485.09801769933,4609.1482642404535,-124.05024654112367
4467.781860826937,4532.107737766158,-64.3258769392205
4479.600914164502,4544.066713175561,-64.46579901105906
3916.9521802101663,3327.080603300184,589.8715769099822
3908.427298289422,4665.278455257655,-756.8511569682328
3920.4318609274565,5207.877481633637,-1287.4456207061808
3908.280221937698,5125.6213394144515,-1217.3411174767534
3912.400680552109,4339.14389291535,-426.7432123632411
3153.5731371838515,4376.553227858789,-1222.9800906749374
3142.5073168485374,4907.548543476479,-1765.0412266279413
3141.01981480155,4540.7036356185035,-1399.6838208169534
3150.556704798529,5081.743580305313,-1931.186875506784
3789.4817602503767,4843.4077643943465,-1053.9260041439697
3779.958514132799,4549.627788055414,-769.6692739226155
3782.745443660116,5084.449447807557,-1301.7040041474406
3775.9938780115303,4413.586720411969,-637.5928424004383
3795.325467559749,5162.59049429202,-1367.2650267322706
3761.4421354425076,4109.315824923105,-347.873689480597
4370.564627086138,4869.997131042841,-499.43250395670293
4394.388644011585,4870.100251084598,-475.7116070730135
4412.25312240735,4897.771502907673,-485.51838050032256
4358.944246475336,4960.704798781107,-601.760552305771
4378.660979115137,3383.781976722545,994.8790023925917
4399.3984206124605,4330.5607784526865,68.83764215977408
4948.090675655543,4545.1590083092315,402.93166734631177
4956.354648377227,5176.312990410684,-219.95834203345657
4952.766643580601,4639.322127367263,313.4445162133379
4956.878848375337,5272.70440676441,-315.8255583890732
4955.258287422316,5165.998930410548,-210.74064298823214
4955.537845470297,4968.234143013137,-12.696297542840512
5197.444222363408,4659.831044242689,537.6131781207187
5218.054385234318,4561.635468555157,656.4189166791612
5214.165846963006,4949.270722848999,264.89512411400665
4829.439597070359,5206.69417584154,-377.2545787711806
3145.360701297902,5000.875627687826,-1855.5149263899239
3138.6985475308575,5026.196062103735,-1887.4975145728777
3139.791255237207,5117.257709399771,-1977.4664541625634
3137.9785556934967,4875.574243404287,-1737.5956877107901
3848.3570195284756,4933.994994281544,-1085.6379747530682
3825.9302011121604,3936.173181230119,-110.24298011795872
3846.1641017745565,5035.5731427422115,-1189.409040967655
3840.9319889401,4492.004341137961,-651.0723521978612
3833.8463432520803,4537.612206346898,-703.7658630948181
3859.8530793074547,4880.955758272045,-1021.1026789645907
3833.226626596197,5299.067811368685,-1465.8411847724883
3840.6826430461874,4398.921210250898,-558.2385672047108
4621.815736270963,3915.7409610783775,706.0747751925851
4609.203298164683,4637.400465580243,-28.197167415560216
4611.503118291356,3907.1026454642324,704.4004728271238
4619.0935009251825,3848.09560821727,770.9978927079123
4612.664824165608,3142.419068999302,1470.2457551663056
4631.427328871572,5184.476671993305,-553.0493431217328
4613.682285811833,4391.503885828443,222.17839998338968
5198.938940820128,4674.947322523939,523.9916182961888
5196.848232286982,4539.21501070359,657.6332215833918
5209.848484050527,5251.968732886512,-42.12024883598497
5212.58293265156,4550.6615218068055,661.921410844755
5212.141499284241,4070.495905239701,1141.6455940445398
5197.113093282638,4960.377999292334,236.73509399030445
4547.80872120432,4533.084829116169,14.723892088150933
4535.096116582805,4485.158803843735,49.93731273906997
5211.68031146836,4497.8892680118,713.7910434565601
5191.614325898699,5133.11262815548,58.501697743218756
5216.005064893628,5265.588410947219,-49.58334605359141
5205.220721620504,4913.568404862652,291.65231675785253
5195.840771692213,5235.5765597855325,-39.73578809331957
5211.305063671413,3864.8480876218655,1346.4569760495478
4609.661165277637,3914.9926685167584,694.668496760879
4615.492184556188,5211.180231968519,-595.6880474123318
4628.162328378069,4741.8613278210505,-113.6989994429814
4611.0027367764305,5202.522798408755,-591.5200616323245
4629.905859581888,4886.307739737432,-256.40188015554395
4600.931370724334,4974.662461365895,-373.7310906415614
4615.017205386287,4633.885783122022,-18.868577735735016
3817.544573437343,4538.2411974983315,-720.6966240609886
3862.709332856811,4556.763475728096,-694.0541428712845
3829.1922573012757,5258.8106015454605,-1429.6183442441848
3825.8791490820213,4954.4360555691555,-1128.5569064871343
3843.875573181507,4560.849509986004,-716.9739368044966
3826.6713355196107,5232.262090528606,-1405.590755008995
3831.9572706149265,5131.455864030544,-1299.4985934156175
3838.1142999240838,3796.5895958321157,41.52470409196803
3130.88903966668,3874.4007451149846,-743.5117054483044
3143.605218504475,5145.346404133447,-2001.7411856289723
3129.420206569869,5112.298226461984,-1982.878019892115
3146.2952294401175,5146.043340806212,-1999.7481113660942
3691.7351421506482,5340.5171664609,-1648.7820243102515
4063.4955870119284,4175.484966085732,-111.98937907380332
4076.2290572045836,4502.159406551667,-425.93034934708385
4050.1672678075856,5117.793910424338,-1067.6266426167522
4072.364067507679,4663.668771590897,-591.3047040832184
4465.077408689373,4548.858370813158,-83.78096212378478
4463.294002043066,5090.373829965816,-627.0798279227502
4457.823526070382,4629.118906956203,-171.29538088582103
4481.814230749947,3169.573881345613,1312.2403494043338
4458.381107338779,4541.733937397949,-83.35283005917063
4461.011041798726,5351.403838743049,-890.392796944323
4462.356539465934,5017.197549654625,-554.8410101886911
4482.568506577973,5312.827531117095,-830.259024539122
4472.436018467815,5181.426252900949,-708.990234433134
4473.959668028404,5290.677635974044,-816.7179679456403
3168.40030218553,3953.909665613916,-785.5093634283858
3150.869060669007,4825.953197801314,-1675.0841371323068
3175.8419932513198,5165.805188982399,-1989.9631957310794
3660.1652886664947,5265.09070235067,-1604.925413684175
3626.550530404933,3915.440026239722,-288.88949583478916
3623.365116896247,5222.374379542048,-1599.0092626458008
3647.39876926683,4567.506852256939,-920.1080829901089
4177.655143610396,5103.841875141245,-926.1867315308482
4163.735645379183,5021.648316783967,-857.9126714047843
4169.641374892956,5028.2672264426255,-858.6258515496693
4154.496167531581,4638.263324153162,-483.7671566215813
4167.900006190178,4280.998118121724,-113.09811193154565
4541.953194847846,4835.722622909336,-293.76942806148963
4530.864939613425,5043.760664178492,-512.8957245650672
4539.14298458613,5223.836416049122,-684.6934314629916
4540.784954115469,4177.254445047816,363.53050906765293
4935.5636077172685,4839.727266394969,95.83634132229963
4937.401564320018,4484.597724676504,452.80383964351404
4942.653309831701,4550.6780850471905,391.97522478451083
4960.145670770069,4569.4526648438095,390.6930059262595
4909.8291967743335,4406.285322421093,503.5438743532404
4934.274698134255,5250.743423207615,-316.46872507335956
4927.6507651895545,5023.4143133514235,-95.76354816186904
4960.742722738972,5314.834651739447,-354.0919290004749
4960.41574547078,4510.463604479226,449.9521409915542
4164.984605029225,4633.981785467344,-468.99718043811845
3919.3146504030115,4169.2850687621,-249.97041835908885
3913.9352691398262,5421.145911681676,-1507.2106425418497
3916.0086546169514,4550.325404760615,-634.3167501436637
3902.6824024011617,4540.946100457966,-638.2636980568045
3927.583373432763,3878.7300497797237,48.8533236530393
4494.0072796811,4859.058038163872,-365.0507584827719
4470.9229069890225,3162.6454093243774,1308.2774976646451
4474.9309796590505,5234.840370866343,-759.9093912072922
4469.683429215681,5096.675124549047,-626.9916953333659
4462.694489110565,3147.2724029154047,1315.4220861951603
4464.3323027973665,5151.686353408879,-687.3540506115123
5094.894470507046,5226.484617874844,-131.59014736779773
5104.577904877052,4539.470065575406,565.107839301646
5121.080479981513,4679.161836395564,441.9186435859492
5119.928503095326,5186.637135335909,-66.70863224058303
5106.062776177568,5251.334477602733,-145.2717014251657
5118.194388798783,4874.867114239739,243.32727455904387
5128.383964112443,5143.030750108657,-14.646785996214021
5128.919969804421,3963.1210203792866,1165.7989494251347
4486.397311600674,4504.006953026237,-17.609641425563495
4485.620249426971,4863.474265164825,-377.85401573785384
4473.685019558704,4039.798481879727,433.88653767897677
4490.189573971198,3860.3794764922,629.8100974789982
4484.284937750267,5203.1298004311275,-718.8448626808604
4474.818708764249,5169.531794497548,-694.7130857332986
3916.4224465782527,5269.939313506591,-1353.5168669283385
3921.3610315942583,5431.096408542052,-1509.7353769477936
3904.912668350606,5223.509209217637,-1318.5965408670313
3934.0736772124883,4517.880055912278,-583.80637869979
3903.119905148271,5083.279271479422,-1180.1593663311514
3150.8702057848895,4522.834094816381,-1371.9638890314918
3158.2829101027833,4363.181986435019,-1204.8990763322358
3167.963014849515,3974.590811428471,-806.6277965789563
3147.585178569157,4489.047161529066,-1341.4619829599092
3767.2410582977636,4949.3439205736,-1182.1028622758367
3783.911783690138,4918.752653318301,-1134.840869628163
3807.8677169494517,4989.410616144338,-1181.542899194886
3789.9951665029353,4643.7730357969795,-853.7778692940442
3777.5214424256847,5145.119991550774,-1367.5985491250894
3781.783478344359,4524.774166792382,-742.9906884480229
4379.416920616616,4983.44828309633,-604.0313624797136
4376.707780619757,5407.9197704996795,-1031.2119898799228
4387.602686611916,5118.125254156452,-730.5225675445354
4366.317352935802,5028.1805780974655,-661.8632251616636
4395.687444369322,4976.758653698601,-581.0712093292786
4404.6114867475835,4180.637216594513,223.9742701530704
4974.002761778817,4658.117842940279,315.8849188385384
4966.096945367064,3330.6222948505465,1635.4746505165176
4962.399688056787,5225.110493745208,-262.7108056884208
4945.140360234721,4355.994481901748,589.1458783329726
4942.744543867658,5110.302304794363,-167.55776092670567
4951.339111492996,4633.320848672174,318.0182628208222
5199.729620662202,5328.921870953604,-129.19225029140216
5203.61535520065,4543.40013357892,660.21522162173
5211.038146603665,4852.518452746772,358.51969385689335
4825.840201352936,4678.059799503714,147.78040184922156
3147.080802413112,5364.221395153707,-2217.140592740595
3142.0903474009374,4542.989356125106,-1400.8990087241682
3151.7548881185976,4500.490632250693,-1348.7357441320955
3129.3307126850523,3912.862291699511,-783.5315790144587
3826.628242270228,5091.166240601503,-1264.537998331275
3836.5751156153565,5330.386505081502,-1493.8113894661456
3850.368414513366,5268.525057391372,-1418.1566428780056
3841.2954118670114,4548.237357804483,-706.9419459374712
3823.782189280092,4671.544512881168,-847.7623236010759
3825.921169473565,4369.967777702809,-544.0466082292442
3845.273782914809,4980.767385202037,-1135.493602287228
3811.335726882638,4137.726047872262,-326.3903209896239
4615.093344205141,4868.401848774469,-253.30850456932785
4612.117673781982,4662.848086387364,-50.73041260538139
4653.55711684933,3974.9291621150724,678.6279547342574
4616.87413196541,5238.848257934369,-621.974125968959
4611.098765125915,5109.710925737278,-498.6121606113629
4631.323021465596,3955.2283874629006,676.0946340026953
4617.724376278839,5107.624704445212,-489.9003281663727
5211.025416032558,4209.165057133996,1001.8603588985616
5206.773357669203,4845.223303460399,361.5500542088039
5200.356613122895,4486.941204703696,713.4154084191996
5203.1211036148825,4971.725330598744,231.39577301613826
5192.692058155251,4649.209118940094,543.4829392151569
5218.588531256199,4411.559436936377,807.0290943198215
4530.284174179982,5164.244732303255,-633.9605581232727
4543.496511371607,4679.913691753855,-136.41718038224826
5201.4694601658275,4651.620381055085,549.8490791107424
5199.2585119598725,5040.7375834350805,158.520928524792
5204.94634143657,5178.647341647657,26.298999788912624
5196.32546623335,4395.344781244407,800.9806849889428
5198.802283326463,5296.7213917453755,-97.9191084189124
5202.028229081258,5114.278277335309,87.74995174594915
4626.796485785612,5260.661175742326,-633.8646899567138
4630.3704513326575,5266.820607741286,-636.4501564086286
4614.202681971233,5129.836554281924,-515.633872310691
4623.771297361672,4365.007539184574,258.76375817709777
4633.696716189665,5268.0765776370345,-634.3798614473699
4624.6883183262225,4415.7155573691925,208.97276095703
4585.950864850512,4464.078458137158,121.87240671335348
3845.1212310825827,4553.660554714092,-708.539323631509
3849.042659361284,4972.5654153434925,-1123.5227559822083
3824.074232205473,4377.8230631790075,-553.7488309735345
3823.6819981519793,4369.141807293347,-545.4598091413673
3830.5673728151437,5217.315172348746,-1386.7477995336026
3840.005601997655,3167.055574103747,672.9500278939081
3825.9351880631975,4986.584916153623,-1160.649728090426
3840.76087099918,4914.71851223212,-1073.9576412329397
3136.314868793205,4336.424706411024,-1200.1098376178193
3133.5281438642996,4963.509274215844,-1829.9811303515444
3143.0206759482735,5120.796083824462,-1977.7754078761882
3141.142722659878,4638.39617841238,-1497.2534557525023
3717.362594853511,4590.227728341603,-872.8651334880924
4061.1741444509585,4151.2823686857755,-90.10822423481704
4086.1692745538,4695.500402106289,-609.3311275524889
4052.518893763173,4485.482173682312,-432.9632799191395
4055.6619976391426,4664.958178705684,-609.2961810665415
4477.867887719651,5122.832027028191,-644.9641393085403
4456.029267115975,4536.482614122084,-80.45334700610874
4465.592784331118,5103.627626749153,-638.0348424180347
4462.326512268658,5247.06743135641,-784.7409190877524
4478.951353968606,5188.251138719915,-709.2997847513088
4476.759046867349,5188.52839310237,-711.7693462350207
4465.721228105352,5115.228582561143,-649.5073544557918
4459.84081031765,4667.749110770427,-207.90830045277744
4445.025444476326,4808.590187024346,-363.56474254802015
4460.890532293789,4393.329149493363,67.56138280042614
3158.362210517069,4487.108845681513,-1328.7466351644443
3151.631605029804,4630.904655427803,-1479.2730503979988
3145.4273543206727,4526.143203738913,-1380.7158494182404
3658.0657197815117,4149.8166537972975,-491.7509340157858
3634.1735621663265,3178.3055649033554,455.86799726297113
3632.105678850814,4830.660852912061,-1198.5551740612473
3644.083755319506,4977.323834245124,-1333.240078925618
4172.855426628028,5047.5247920616375,-874.6693654336095
4180.590776162067,4857.861005243408,-677.2702290813404
4168.559814013914,4839.602430647739,-671.0426166338257
4170.053158621609,5298.445783272592,-1128.3926246509827
4144.113868991599,5228.456463846392,-1084.3425948547929
4551.702842493509,4669.301945418197,-117.59910292468794
4532.331637845579,5113.4248907694455,-581.0932529238662
4545.430460533747,5006.287858412621,-460.8573978788745
4538.990667036513,4912.704561835454,-373.7138947989415
4940.3526405159055,4875.602513642316,64.75012687358958
4929.9978048976245,5108.687225167694,-178.6894202700696
4957.34037511345,5254.645253156892,-297.30487804344193
4923.912715412765,4364.197051138274,559.7156642744903
4961.994358724803,4881.213537543199,80.78082118160364
4920.17654811208,5227.984515295808,-307.80796718372767
4945.865336637174,4487.111065833763,458.7542708034107
4950.628047161326,5348.599240904197,-397.97119374287104
4933.973997632605,5117.643261596926,-183.66926396432154
4180.280066597308,5220.645259746591,-1040.3651931492832
3919.3146504030115,4643.682264993761,-724.3676145907498
3907.125077589587,4633.4764399681935,-726.3513623786066
3908.5411719657995,4490.182249722398,-581.6410777565989
3917.0201527116774,4497.576127275961,-580.5559745642836
3902.353296596868,4426.512422454563,-524.1591258576955
4469.501874304656,4900.226718416319,-430.7248441116635
4486.3097283293955,4842.955578321365,-356.64584999196904
4469.683429215681,5330.750428478908,-861.0669992632274
4479.650501664952,3915.7063811039834,563.9441205609683
4485.810388908247,4128.678984456709,357.1314044515375
4495.422284613271,4389.744523990675,105.677760622596
5124.750413350217,4641.234345271929,483.5160680782883
5116.000829840948,5238.744246563548,-122.74341672259925
5097.597538913826,5101.153932400097,-3.5563934862711903
5118.194388798783,5123.256012788442,-5.061623989658983
5109.020292197565,4488.171979142149,620.8483130554159
5095.567945228168,5006.1333754598745,89.43456976829384
5117.188593217918,4494.001105477915,623.1874877400032
5117.759172989457,4968.755708777565,149.0034642118917
4471.643544646414,5252.7920168548835,-781.1484722084697
4476.723624405537,4545.374835987063,-68.6512115815267
4474.818708764249,4833.31875823295,-358.50004946870104
4475.600414306759,5203.22639181909,-727.6259775123308
4491.592805066971,5245.511818416002,-753.919013349031
4475.988608951773,5116.194385626957,-640.2057766751841
3902.474986798539,5170.33929291006,-1267.8643061115213
3913.702451869802,3690.4258464662353,223.27660540356692
3913.0715729110316,3858.6404224490643,54.43115046196726
3933.519363611573,5017.959851357588,-1084.4404877460152
3899.9064464702724,5019.434493497107,-1119.5280470268344
3140.9964983493746,4150.012782136759,-1009.016283787384
3134.7248737875507,3927.709942018834,-792.9850682312835
3150.23328967671,4539.253612154003,-1389.0203224772936
3148.781082230741,5119.029660721552,-1970.2485784908113
3786.291701806754,4983.729823112848,-1197.4381213060938
3776.929841413627,4983.44828309633,-1206.5184416827028
3773.0831693238356,5262.3122779776995,-1489.229108653864
3789.740206240619,4020.150902079419,-230.41069583880017
3775.467453833759,5172.512312151368,-1397.044858317609
3767.9953200197842,5198.1531817283485,-1430.1578617085643
4388.3525400333465,5259.345387103909,-870.9928470705627
4395.767190250839,5398.7579323907175,-1002.9907421398784
4394.148951437987,3867.0400331643214,527.108918273666
4372.748061023161,4240.301860049,132.446200974161
4368.753653070254,3315.7200972124265,1053.0335558578272
4391.449792639294,4675.768025220204,-284.31823258091026
4949.60186910775,5234.962676921216,-285.36080781346664
4938.961949494102,4481.913425765806,457.04852372829555
4954.006889892517,5119.354952007051,-165.3480621145336
4959.101123973776,5094.187767364401,-135.0866433906249
4931.288596420518,4617.147224739213,314.1413716813049
4955.4658450319,4484.857830411328,470.60801462057225
5190.8197323562,3851.039552358042,1339.780179998158
5220.387835066298,4974.296882168301,246.09095289799734
5194.247211024087,5164.492359688378,29.754851335708736
4823.290098387016,4491.192374962576,332.0977234244401
3127.272043057788,4849.799494922165,-1722.5274518643769
3137.8921017989337,4624.750425644893,-1486.8583238459591
3125.2976173566576,4617.894228151727,-1492.596610795069
3143.3123375337445,4492.2125936997245,-1348.90025616598
3826.287870894965,4153.563131953797,-327.2752610588318
3833.704047168932,5272.912088323156,-1439.2080411542242
3836.6059154758186,4050.1841872780647,-213.57827180224604
3831.366300653472,5028.940349423326,-1197.5740487698536
3835.8191098630737,3324.0429822513493,511.7761276117244
3826.5657872787597,4634.593468231539,-808.0276809527795
3847.47627585879,3178.9463730044567,668.5299028543332
3818.396772391844,5243.617810309829,-1425.221037917985
4607.31444604899,3851.437545200225,755.8769008487652
4611.00273677643,3787.282666861379,823.7200699150508
4636.978582897903,3867.6623728908107,769.3162100070922
4625.810358023506,4800.270888723298,-174.4605306997928
4606.184525185965,4971.322825834441,-365.1383006484757
4626.785189758243,4558.793596755733,67.99159300250994
4626.31807096078,4489.141548121587,137.17652283919233
5210.249957532758,3942.5022755043683,1267.74768202839
5207.232839263969,4916.157696782308,291.0751424816608
5203.69186481063,4796.953706053043,406.73815875758737
5196.66964735028,4670.80502147196,525.8646258783201
5202.099352802535,4542.997235236855,659.1021175656797
5199.760916878116,3942.7424722012024,1257.018444676914
4538.186890520637,5250.8501947982795,-712.663304277643
4539.319214964937,5309.1815975856025,-769.8623826206658
5193.124796410705,4059.659996699143,1133.4647997115621
5207.595981935352,4678.431696022151,529.1642859132007
5215.301274119631,4659.55599128291,555.7452828367204
5199.034861430694,5048.251490308886,150.78337112180816
5211.30675464352,4559.661565753957,651.6451888895635
5187.191421999357,5148.6266713986315,38.56475060072535
4629.654966763166,5369.560350099085,-739.9053833359185
4632.087710477182,4561.396415440973,70.69129503620843
4619.6363730801295,5240.3828553763915,-620.746482296262
4629.939233471975,4975.2249010710875,-345.28566759911246
4609.946026660504,5290.034707749916,-680.0886810894126
4613.704709979747,3844.254179539985,769.4505304397621
4619.669903642025,5114.019596807055,-494.34969316502975
3819.784664935438,5127.747591020424,-1307.962926084986
3835.538544771002,4673.223726803409,-837.6851820324068
3824.4191612140457,5250.825326185554,-1426.4061649715086
3841.7344249755292,4994.591793606507,-1152.8573686309778
3839.7153716032635,5269.965601188642,-1430.2502295853783
3833.279916387532,4968.425416622475,-1135.1455002349426
3832.478850544734,4549.00048632561,-716.5216357808758
3841.096365297062,5185.212948202262,-1344.1165829051997
3128.705068101617,5198.20605733829,-2069.5009892366725
3140.4477558648964,5291.683698233861,-2151.2359423689645
3136.3761365861283,4638.014007927108,-1501.6378713409795
3142.310608423624,4552.346740419227,-1410.0361319956028
3690.2303418631436,5017.83699497906,-1327.6066531159167
4060.0730478397127,5123.475201011729,-1063.4021531720164
4062.332014837028,5291.7854635605645,-1229.4534487235364
4049.6629176433557,3146.4377331846354,903.2251844587204
4055.7680633151003,4849.293358423117,-793.5252951080165
4467.301968262752,3806.3347103513925,660.9672579113594
4480.026596062181,4860.852262745894,-380.8256666837133
4483.021283351935,5157.920449657474,-674.8991663055385
4471.693443136167,4819.699953673166,-348.0065105369995
4449.992980863571,4149.369810149673,300.6231707138977
4458.348632888651,4157.975019945336,300.3736129433155
4465.038643812539,4912.143973957081,-447.10533014454177
4470.987363676894,5419.769880014788,-948.7825163378939
4468.3103114745445,4489.960791641216,-21.650480166671514
4453.814201496111,3792.0639305222057,661.7502709739056
3161.5785441942653,4551.279712768486,-1389.701168574221
3191.1699934616154,5253.250188420516,-2062.0801949589004
3176.0677345315357,3339.1438495108678,-163.07611497933203
3627.273073076489,5097.002090608145,-1469.7290175316566
3645.5795125463774,5154.5487979764,-1508.9692854300229
3631.7771652810225,4851.6863416332335,-1219.909176352211
3630.005110153061,4986.895507831332,-1356.8903976782708
4162.702815157784,5129.618608101007,-966.9157929432231
4180.3369291509125,3170.197170326965,1010.1397588239474
4160.277134592329,5127.002629691553,-966.7254950992237
4141.008767393626,4966.012244388738,-825.0034769951117
4166.960620886106,5041.196794850508,-874.236173964402
4530.292048261819,3796.060676903195,734.2313713586241
4533.281780152514,4636.432387128713,-103.15060697619901
4534.583689572169,5116.065299538961,-581.4816099667923
4535.218960963721,4907.939513637501,-372.7205526737798
4916.305894022548,4171.864189992651,744.4417040298977
4925.961269101449,4829.89616879952,96.0651003019293
4930.539146587072,3859.705321201638,1070.8338253854336
4960.2761699738285,5224.614534289254,-264.3383643154257
4942.887736352548,5340.3712787466975,-397.4835423941495
4923.493385463516,4781.357765311945,142.13562015157095
4920.910912540024,4287.797534532603,633.1133780074206
4947.490507149078,4559.732624915169,387.7578822339092
4933.549609426831,5168.478832756121,-234.92922332928993
4186.841694701861,5151.4319469663305,-964.5902522644692
3919.3146504030115,3865.2895870005614,54.02506340245009
3904.3205882807306,5208.282474478884,-1303.9618861981535
3922.3735416750324,4512.281322484724,-589.9077808096918
3890.026429064596,5104.618692410137,-1214.5922633455407
3893.219174094976,4620.178245189093,-726.959071094117
4505.463769213936,5227.669690674049,-722.2059214601131
4485.764302836264,4845.375918182343,-359.6116153460798
4462.694489110565,5202.719686487289,-740.0251973767245
4485.810388908247,4841.232618163196,-355.42222925494934
4450.939328723148,5127.469527898008,-676.5301991748602
4496.035041658086,4350.691977448747,145.343064209339
5106.815320732614,4483.018852369563,623.7964683630507
5086.112704466722,4830.189332019488,255.92337244723421
5109.339133705445,5270.185319943904,-160.84618623845836
5128.919969804421,5128.463289331046,0.456680473374945
5088.500841599647,4649.778242093894,438.72259950575335
5117.759172989457,4852.024992180041,265.7341808094152
5103.955937727396,4540.04809063068,563.9078470967161
5128.270065299515,5150.645034236137,-22.37496893662137
4490.207088304277,4647.9505462717,-157.74345796742273
4478.976566112117,3196.3398853173458,1282.6366807947716
4475.872163151879,4175.6543236667885,300.21783948509074
4474.831338729017,5207.008669858384,-732.1773311293664
4492.779340633251,4972.47787496098,-479.69853432772925
4482.581111597742,4340.9059217943795,141.67518980336263
3899.6430406826557,3909.865787315126,-10.222746632470262
3891.7682646934227,5223.667258952233,-1331.8989942588105
3900.4536791547034,5256.932469966384,-1356.4787908116805
3942.1938462003677,4576.7137093845695,-634.5198631842018
3929.221321730974,5250.221222782143,-1320.9999010511688
3165.1760506961086,5253.510913035716,-2088.3348623396073
3150.814949631685,4563.906522525693,-1413.0915728940076
3139.0662055704997,5249.419101075069,-2110.3528955045695
3142.785354509358,5111.889010067844,-1969.1036555584856
3786.199342211644,4645.783498533081,-859.5841563214371
3800.4896510105123,3894.547439467897,-94.05778845738496
3789.226228570065,4826.29592703354,-1037.0696984634747
3776.6060145380557,4364.014187208729,-587.4081726706731
3778.594870409602,4992.520629267615,-1213.9257588580126
3775.138036060809,3855.3088691508747,-80.17083309006557
4391.449792639294,3169.6204499146693,1221.829342724625
4389.191741614578,3865.7589174027103,523.4328242118677
4381.954808776527,5118.452269248662,-736.4974604721347
4381.914997151792,4337.643467997123,44.271529154669224
4383.8104588367805,5416.606119473603,-1032.7956606368225
4362.382548301956,5229.640126504694,-867.2575782027379
4943.8117269096365,5233.277127528162,-289.46540061852556
4942.915668763622,4787.3452431109,155.5704256527224
4945.29034397822,5170.967851248872,-225.6775072706514
4957.375340444969,4673.345696588019,284.0296438569503
4948.3932268754215,5203.101596901933,-254.70837002651115
4957.816481472882,3860.8670242817057,1096.949457191176
5217.666849804912,4060.7702006525305,1156.8966491523815
5219.795127154517,4505.8641566661145,713.9309704884026
5215.808718344529,5038.412248057319,177.39647028720992
4824.204312946563,4667.063035499575,157.14127744698817
3133.6295048874063,5302.297432432555,-2168.667927545149
3135.663888967974,4203.56080652387,-1067.8969175558964
3135.9164697865126,5244.310647364734,-2108.3941775782214
3141.364995370476,5163.457163155887,-2022.0921677854112
3833.2755237590686,5114.004170389411,-1280.7286466303426
3820.8324748624395,4540.346130522023,-719.513655659583
3848.6412260834045,5140.680431499039,-1292.0392054156341
3827.3419236280793,4484.489964299238,-657.1480406711585
3817.5445734373434,5164.604091649722,-1347.0595182123789
3826.184388707884,3155.7894506286443,670.3949380792396
3825.8791490820217,5236.743175469722,-1410.8640263877
3817.9114501483014,5192.082299490389,-1374.1708493420879
4605.864615083615,4631.201728607576,-25.337113523961307
4618.653323910922,3325.789749231849,1292.8635746790733
4630.370451332657,5428.381526241201,-798.0110749085443
4622.23698697334,3164.403281897225,1457.8337050761152
4624.724743811674,5159.93870265259,-535.2139588409163
4629.880811173802,4681.209448547601,-51.32863737379921
4596.659704459573,5091.90706223815,-495.24735777857677
5188.736032170313,5077.261995973603,111.47403619670968
5197.77161526007,4998.4415882465255,199.33002701354417
5190.723367898234,5185.896737543961,4.82663035427322
5191.138644341629,4160.369450009713,1030.769194331916
5189.730138582474,4474.323680872838,715.406457709636
5212.748256396463,4667.404632317779,545.3436240786841
4511.592176396952,4465.552217679495,46.03995871745701
4537.800630148684,3863.361511714314,674.4391184343699
5201.173889046954,3165.87331446187,2035.3005745850842
5240.262109975461,5244.4514414632595,-4.189331487798881
5226.612676503664,5247.0198906416645,-20.4072141380002
5220.479328194756,5163.431558401421,57.04776979333474
5210.340074422008,4561.964212499857,648.3758619221508
5199.509421284655,4643.612092108513,555.8973291761422
4619.1523557291175,4545.533547347907,73.61880838121033
4625.040044779276,5220.126921008868,-595.0868762295913
4632.470557867816,5000.3579230570695,-367.8873651892536
4623.011163981638,4646.89789566938,-23.886731687742213
4623.908359542375,4431.921825404864,191.98653413751163
4622.703352154975,4653.070922691008,-30.367570536032872
4609.04434373988,4659.4165522255935,-50.3722084857136
3837.4525837153183,3320.936761481258,516.5158222340601
3830.778217482674,4834.845131009144,-1004.0669135264702
3861.8223215773824,5380.694238183023,-1518.8719166056408
3871.8624267578534,4399.268451557728,-527.406024799875
3819.1387348281623,5129.517148411872,-1310.3784135837095
3837.8654936948687,3919.447971032696,-81.58247733782719
3826.0068866437746,4834.294905980277,-1008.2880193365022
3830.1602462625883,4354.119285646819,-523.9590393842304
3127.398885306799,4505.488137719619,-1378.0892524128199
3145.300197493896,5184.995080339005,-2039.6948828451086
3143.676317351615,4178.852803754657,-1035.1764864030415
3144.284311389425,4518.58338648092,-1374.299075091495
3703.139901544422,5149.900173964634,-1446.7602724202115
4062.5000166983596,4646.054747980645,-583.554731282285
4069.294583570879,5125.21497487107,-1055.920391300191
4083.6616340751616,3715.5078971247613,368.15373695040034
4053.5433078300157,5261.638433594725,-1208.0951257647093
4476.813438861156,4644.043346649733,-167.2299077885773
4489.635449069435,5372.213938782151,-882.578489712716
4462.065315897362,4485.135662773608,-23.07034687624582
4479.76100023708,5056.6072228333815,-576.8462225963012
4466.996580075611,4845.382232291059,-378.3856522154483
4472.730317493099,3920.1092293187144,552.621088174385
4455.236971416587,4623.681978020468,-168.44500660388076
4462.999054228778,4666.583750812792,-203.58469658401373
4465.811025975918,4486.815870043666,-21.00484406774831
4464.819983036342,4411.152115352245,53.667867684096564
3153.4941826839563,4907.61196325939,-1754.1177805754337
3170.87185524723,5171.006001986765,-2000.134146739535
3171.0694958597896,4553.735338539796,-1382.6658426800068
3638.0807656509933,5258.304989415443,-1620.2242237644496
3637.669001326342,4665.402952009333,-1027.7339506829908
3627.262779297278,3804.644475595172,-177.381696297894
3643.836474303953,5357.948608589216,-1714.112134285263
4163.995406033616,5135.5420548567,-971.5466488230841
4167.652933054995,4964.934260489698,-797.2813274347036
4155.166800187574,3845.0777060864,310.08909410117394
4161.3762836818205,5037.13491281086,-875.75862912904
4159.251173102815,5121.9222831546695,-962.6711100518542
4544.531024193238,3180.477571121371,1364.0534530718674
4544.599594699767,4886.466875556887,-341.86728085712
4557.685633844133,4355.357737128944,202.32789671518913
4528.186150433118,4596.47436094944,-68.28821051632167
4968.160625555361,4182.352373402982,785.8082521523784
4924.933106415832,4947.112483717557,-22.179377301724344
4913.550762179018,3150.0161416906412,1763.5346204883772
4930.106408248153,4477.674537642785,452.4318706053673
4945.93784952349,4563.247921615142,382.6899279083473
4944.172829207101,5180.2270433191115,-236.0542141120104
4929.851669445513,5203.230722563455,-273.379053117942
4932.50648197946,5237.968634066051,-305.46215208659123
4948.422153934558,3962.2002948355384,986.2218590990196
4168.204963981,4848.013956229262,-679.8089922482613
3919.3146504030115,5360.379367420684,-1441.0647170176721
3905.847720657944,5020.189007872376,-1114.3412872144322
3906.6597159991356,5212.99249163337,-1306.3327756342346
3916.946991480721,5221.235572558279,-1304.2885810775583
3897.360616339025,5194.482478982428,-1297.121862643403
4471.548641375565,5128.552729455605,-657.0040880800398
4481.6035436928405,4986.408758743712,-504.8052150508711
4464.3323027973665,4620.115488168926,-155.78318537155974
4495.422284613271,5040.041340729229,-544.6190561159583
4496.035041658086,3214.0552184897474,1281.9798231683385
4470.310919611871,5135.414025257527,-665.1031056456559
5120.519223067633,3959.9894874218658,1160.5297356457672
5109.020292197565,5276.5656193277355,-167.54532713017034
5111.401125310127,5204.581451332116,-93.18032602198855
5124.505863356054,4646.697948988193,477.8079143678606
5121.658937418393,3863.3455052306376,1258.3134321877556
5109.424033037088,4309.231288882028,800.1927441550597
5122.0418909449645,4651.675929621671,470.36596132329396
5111.717434912563,3692.1619065479417,1419.5555283646208
4497.792312525375,4867.507818412231,-369.7155058868566
4473.441660591013,5111.711166800285,-638.2695062092725
4481.098807873323,4861.488338569211,-380.3895306958884
4471.166147879374,5104.658335029281,-633.4921871499073
4474.00436851478,4308.473029005967,165.5313395088133
4475.576693282165,5266.272454894935,-790.6957616127702
3921.0914410378896,4191.634614631643,-270.5431735937532
3904.4024306501224,3852.905529019359,51.496901630763205
3924.871513354047,4569.357371091552,-644.4858577375048
3911.255970664542,4656.967762735547,-745.7117920710048
3923.6333053917356,4855.683854470449,-932.0505490787132
3144.0048285931543,5205.472373618932,-2061.4675450257773
3154.397518888434,5250.209364097112,-2095.8118452086774
3151.2416353268964,5210.6221549824395,-2059.380519655543
3142.491167332693,4396.1933273701725,-1253.7021600374796
3774.071564752244,4837.889995475822,-1063.8184307235779
3776.7474328424078,4544.975050257119,-768.227617414711
3787.8639554065,4550.926398225224,-763.0624428187243
3774.6460262547107,3787.938162264799,-13.292136010088143
3789.271474253495,4659.492786479507,-870.2213122260123
3803.271544507031,5139.008326874854,-1335.7367823678228
4365.224337968227,5151.112611325996,-785.8882733577693
4385.862503814812,4865.830330585684,-479.9678267708723
4371.590499168769,5275.849305669069,-904.2588065002992
4372.930742351997,5205.080858552855,-832.1501162008581
4377.728004340091,4939.353175653394,-561.6251713133033
4376.58275010987,5138.859840691595,-762.2770905817251
4956.569609025609,5397.3576572298325,-440.78804820422374
4954.647047886939,5246.857160846432,-292.210112959493
4947.640105678349,4424.0965117510705,523.5435939272784
4986.150864331084,4546.882508954184,439.2683553769002
4959.352484559941,4560.623366104124,398.7291184558171
4968.640219178044,4658.854828311089,309.7853908669558
5201.936558939414,4665.102192540223,536.8343663991909
5211.767120342772,4380.036083313447,831.7310370293244
5205.35168628387,5239.046130435493,-33.69444415162343
4832.725758656859,3869.550764473876,963.1749941829835
3146.7053150922497,4866.31038072685,-1719.6050656346001
3129.779027440134,5126.0529595379885,-1996.2739320978544
3136.859866775216,4507.441466851284,-1370.5816000760678
3140.5503756915487,4982.600638195803,-1842.0502625042545
3843.875573181507,5203.945993777614,-1360.0704205961065
3852.9957941190128,5106.573726930771,-1253.5779328117583
3844.6518067840684,3930.381327272511,-85.72952048844263
3846.7606812326894,5142.442117334541,-1295.6814361018514
3843.344466974932,5088.569950576318,-1245.2254836013858
3824.397174740183,4303.451560987326,-479.05438624714316
3848.9862207794877,5260.1767816348865,-1411.1905608553989
3838.665708887847,5143.811442324574,-1305.1457334367274
4630.101056044527,4515.60531521948,114.4957408250466
4611.34272996959,4369.72360216745,241.6191278021406
4610.821368353365,3849.627708353433,761.1936599999322
4620.931376795365,4394.309337500052,226.6220392953137
4632.087710477182,4064.0539193557765,568.0337911214051
4617.242543838894,3918.090370584944,699.1521732539495
4617.407134431199,3923.9032145288907,693.5039199023081
5228.2036080918115,4860.044201676575,368.15940641523684
5202.291707424114,4501.689252409272,700.6024550148422
5229.226070653864,5248.8937370049925,-19.6676663511289
5220.044948624427,4352.703849105724,867.3410995187032
5201.019948476258,3879.7908139141614,1321.2291345620965
5209.370598460388,5151.404062653236,57.96653580715156
4542.502191488241,5183.132095224135,-640.629903735894
4519.670806701272,4966.725434765923,-447.0546280646504
5189.688618417831,4634.875149006503,554.8134694113278
5204.517955087094,5223.559884300179,-19.041929213084586
5180.369490706332,4909.413413239603,270.95607746672886
5208.5132143378505,4827.316248538956,381.1969657988948
5188.2231274113565,5277.711154901184,-89.4880274898278
5205.663408774326,5087.8822683851295,117.78114038919648
4620.502068300194,4359.098585459365,261.4034828408294
4606.343506672359,3842.3152789606947,764.0282277116639
4637.631445447774,3693.7139179046176,943.9175275431567
4634.662457057479,5044.029863360963,-409.36740630348413
4614.410605966702,3153.09507174202,1461.3155342246819
4620.811405806185,4916.612853838734,-295.80144803254916
4617.689924739619,4551.129487184666,66.56043755495284
3838.609678445701,4655.387385452763,-816.777707007062
3825.661113309771,3844.2879001576885,-18.62678684791763
3836.0296979967975,4486.468756495594,-650.4390584987964
3841.0429889633097,4287.54682359259,-446.5038346292804
3844.490149660875,5034.8037735437765,-1190.3136238829015
3851.2911487646247,5401.559892050841,-1550.2687432862162
3834.751807958026,4546.63101882601,-711.8792108679845
3827.474264044319,4040.759975244591,-213.28571120027163
3142.381539113629,4396.321957332587,-1253.9404182189578
3129.3021968566645,4488.039087330054,-1358.7368904733894
3126.889719899857,5245.220885013651,-2118.331165113794
3139.050888339597,5143.355585049023,-2004.304696709426
3688.8192177264077,4812.431734576402,-1123.6125168499943
4073.8194109695332,4560.328754144485,-486.50934317495194
4058.1046424453552,5020.290928879702,-962.1862864343466
4062.5756480203354,4498.9081171221715,-436.33246910183607
4056.7495214676915,5253.982556583267,-1197.2330351155756
4464.883003076785,4388.560886021334,76.32211705545069
4472.932509949429,5130.880003919193,-657.9474939697639
4482.930374209442,5185.494275646245,-702.5639014368035
4453.009614362602,4943.899305989086,-490.8896916264839
4470.904559613221,3800.5375402241207,670.3670193891003
4492.288759149806,4870.112982382829,-377.8242232330231
4480.2166809428045,5249.987185267646,-769.7705043248416
4453.5482060836,5076.726557884662,-623.1783518010616
4472.568590505594,4382.089489393858,90.47910111173678
4466.294205348764,5288.210826077541,-821.9166207287772
3166.5888131297834,3948.1067428471174,-781.517929717334
3171.1515744330245,4671.312053145494,-1500.1604787124697
3153.5350889325923,3917.459667469018,-763.9245785364255
3626.033132739016,4369.884653355833,-743.8515206168167
3638.6658256200785,4654.70976131224,-1016.0439356921611
3646.2864672746528,5227.884584956693,-1581.5981176820405
3632.917932697703,4557.9001375819535,-924.9822048842507
4151.046422706671,4954.9580890720445,-803.9116663653731
4170.925520987479,5041.93393173138,-871.0084107439006
4167.834031202631,4403.805440359927,-235.97140915729597
4177.208848325873,3874.243914272983,302.96493405288993
4181.907656734929,5049.278833931213,-867.3711771962835
4551.649085501082,3940.891133113602,610.7579523874797
4533.139528020816,4547.742230948527,-14.602702927711107
4530.743329059645,5138.171244809645,-607.4279157500005
4530.192995182236,5125.894294347878,-595.701299165642
4941.701585003637,3931.9718060639775,1009.7297789396594
4951.613683639648,4503.101730289897,448.5119533497509
4927.861514766753,5129.435937142843,-201.5744223760894
4945.56104489348,4311.489067023328,634.0719778701523
4945.861663976898,4661.507805018108,284.3538589587897
4937.678350686166,5041.383328218551,-103.70497753238487
4953.892053079948,5156.075698042838,-202.18364496288996
4933.995165712814,5178.3650020288715,-244.36983631605744
4944.433506898855,4548.681126475337,395.75238042351793
4184.408259204817,5155.131508620653,-970.7232494158361
3919.3146504030115,5132.554357469436,-1213.2397070664242
3928.449629806722,5433.623634892994,-1505.1740050862722
3904.42724554955,5233.653885547197,-1329.226639997647
3918.563863933754,4563.403249151676,-644.8393852179224
3910.8266698859507,5146.124736798612,-1235.298066912661
4485.019790957418,4966.739428013065,-481.7196370556467
4484.834741015883,4335.8202981083095,149.01444290757354
4469.610083760445,4537.123251699375,-67.51316793892966
4484.846264354788,5090.590713617133,-605.7444492623445
4477.179782531025,4859.864043461183,-382.6842609301584
4489.04897340918,4679.352624222643,-190.3036508134628
5098.277343654544,5321.0270879250975,-222.7497442705535
5113.571903087156,4339.61527784051,773.9566252466457
5120.174446156509,5049.8019888935,70.37245726300898
5127.95193706892,4554.009534969529,573.9424020993911
5102.035117155105,4628.834319064422,473.20079809068284
5115.90932988825,4849.257507157877,266.65182273037317
5111.188744949528,3925.014738849301,1186.174006100227
5107.946421105658,4807.28809649699,300.6583246086684
4489.904476575326,4660.753034647242,-170.84855807191616
4471.166147879374,4533.950219846857,-62.784071967483214
4487.691710056012,5168.800352085096,-681.108642029084
4485.729625206233,4528.416576112098,-42.68695090586425
4505.452520226699,5284.005466455525,-778.5529462288259
4481.7388034936375,3848.7385921410446,633.0002113525929
3904.436062379863,4924.297203032178,-1019.861140652315
3905.4532221911127,4156.285965748851,-250.832743557738
3903.51410934926,3684.1853821201203,219.32872722913953
3920.51655376547,5303.617421459041,-1383.1008676935712
3903.2189524888195,4538.955707697558,-635.7367552087385
3142.491167332693,4432.5796849418075,-1290.0885176091147
3143.0604195458936,4959.836407602396,-1816.7759880565027
3140.0888587143977,3174.585074254438,-34.49621554004034
3155.901074670716,5347.5888883512525,-2191.6878136805367
3769.4107190665127,4641.335266604907,-871.9245475383941
3781.6856417092868,5135.281879967898,-1353.5962382586113
3775.4182739310872,3931.570044852513,-156.15177092142585
3781.062665669715,4848.461454131717,-1067.398788462002
3771.0524636495206,4973.850590288328,-1202.7981266388074
3767.8039416380975,3148.543411065302,619.2605305727957
4377.728004340091,4640.349806531656,-262.6218021915656
4369.531461534962,4840.642833445161,-471.1113719101995
4395.186835707598,3179.81395945007,1215.3728762575283
4375.927988398282,4668.330701954424,-292.40271355614186
4364.341631804905,3841.2672062307993,523.0744255741056
4374.022583170265,5126.104634866791,-752.0820516965259
4944.247182365071,4355.491812653644,588.7553697114272
4955.3157112925455,4547.916965348114,407.39874594443154
4965.672432267192,4392.388584288472,573.2838479787197
4950.265738957876,4851.323226034308,98.94251292356785
4959.254378400509,3925.774591482169,1033.4797869183403
4973.453183387955,4930.433973607148,43.019209780806705
5215.294956164684,5258.091484849874,-42.796528685190424
5198.229896634368,3858.905786621992,1339.324110012376
5202.676819535196,5236.743175469722,-34.066355934525745
4834.458731473467,5172.3974044727565,-337.93867299928934
3134.870198396146,4163.139019141508,-1028.2688207453616
3123.500755079239,3846.450009911324,-722.949254832085
3149.116367672864,4671.938737689314,-1522.82237001645
3127.7272511990614,5258.305269635661,-2130.5780184365995
3848.9862207794877,5260.1767816348865,-1411.1905608553989
3829.7569423757454,4841.25719758717,-1011.5002552114242
3842.410607893392,3953.811733159854,-111.40112526646226
3823.68199815198,5102.602055566539,-1278.9200574145589
3829.5344234593417,4298.683216239954,-469.14879278061244
3816.2549673236003,5002.808792461769,-1186.553825138169
3835.4272399380757,4644.094954177786,-808.6677142397107
3828.0614361388966,5128.600922255479,-1300.5394861165828
4621.789428345368,5110.518659701483,-488.7292313561147
4632.408744822575,5120.841292443073,-488.43254762049855
4645.105919685537,5270.880703016227,-625.7747833306903
4617.428520653331,5237.749981800829,-620.3214611474978
4624.794830318208,5263.614654068899,-638.8198237506904
4620.804101563412,5420.235302850395,-799.4312012869832
4616.547164678582,4247.855419174363,368.6917455042185
5202.897866631156,5045.304241345456,157.5936252857
5214.91026076287,4489.2342267582035,725.6760340046667
5173.905481093723,4756.264308526497,417.641172567226
5180.165815210552,3778.6800686289,1401.4857465816522
5204.72534683642,5219.637673522046,-14.912326685625885
5207.327044503697,4959.080263537019,248.24678096667776
4570.8630922487655,4876.638816149997,-305.7757239012317
4559.960178670945,4524.336563300375,35.623615370570406
5201.773856053655,4969.984267566751,231.789588486904
5200.058086579034,4637.254802723915,562.8032838551189
5207.844261180671,4554.571438688486,653.2728224921857
5199.825817010466,4652.847973670419,546.977843340047
5200.506480345837,5131.2591362619605,69.24734408387667
5197.016353228787,5139.735613559727,57.280739669059585
4627.842685468639,4073.030319573101,554.8123658955374
4628.185289089946,4969.160632862564,-340.97534377261763
4637.8169759034545,5138.273555033396,-500.45657912994193
4619.998166728473,4670.229085382535,-50.23091865406241
4608.6015993945375,5251.473389084322,-642.8717896897842
4622.437187278202,5357.317134753845,-734.8799474756424
4623.795898028569,4490.898166467955,132.89773156061437
3836.370184674902,5341.292097809832,-1504.92191313493
3847.314754220229,4646.133796693605,-798.8190424733762
3848.533444677905,5208.288422378068,-1359.7549777001632
3833.2096577372963,4122.0422639970475,-288.8326062597512
3829.5793273670893,5197.461181173592,-1367.881853806503
3836.2957807603175,4017.1793353047074,-180.88355454438988
3832.5442207506862,5179.900745763282,-1347.3565250125962
3832.417736708228,4543.651008956563,-711.2332722483347
3134.3079391502024,5120.262343050831,-1985.9544039006287
3145.5200991382058,5343.548464350618,-2198.028365212412
3144.204627383568,4685.928448924787,-1541.7238215412185
3143.5726223439597,4561.131774890619,-1417.5591525466598
3686.1147596244546,4544.102708271841,-857.9879486473865
4064.423888123707,4542.1851306638355,-477.7612425401285
4072.6244076225357,3871.543668016517,201.0807396060186
4067.3879564780577,5190.474821877655,-1123.0868653995972
4057.4212012042667,5194.655797935384,-1137.234596731117
4452.844278469784,4539.555771830561,-86.71149336077724
4488.132981681156,4523.810885150135,-35.67790346897891
4442.523805417823,3789.4123024376313,653.1115029801913
4464.319432320122,5027.503615187755,-563.1841828676324
4472.686687947554,4499.200887998813,-26.51420005125965
4458.93391175295,5184.322312183605,-725.3884004306556
4454.601140870845,5103.1696395468825,-648.568498676038
4470.992115142917,4561.410516619563,-90.41840147664607
4465.384919740839,4536.7476387250945,-71.36271898425548
4461.060909740093,4480.743308015198,-19.682398275104788
3161.900609960601,4543.709612921876,-1381.8090029612754
3161.1465052354647,4309.045202372031,-1147.8986971365662
3156.5901689637644,4907.623617808524,-1751.0334488447593
3622.4513016638593,4535.1289132497095,-912.6776115858502
3631.300934676827,3856.7656636209576,-225.46472894413046
3641.306098427418,4551.336682466222,-910.0305840388037
3633.9301616016014,4311.504551700204,-677.5743900986022
4171.451099419931,5128.215254799941,-956.7641553800104
4172.907038477362,3860.460757654642,312.4462808227204
4189.913932420545,5263.122371353341,-1073.2084389327956
4166.354343477674,3387.206940201006,779.1474032766678
4157.639993850257,4984.776686829329,-827.136692979072
4541.560959758605,5120.485817541553,-578.9248577829476
4524.321343482764,3849.5354068198494,674.7859366629145
4544.089875412375,4855.201376414821,-311.11150100244686
4530.581681900542,4175.0284872590855,355.5531946414567
4922.437571318481,3864.8709504162875,1057.5666209021933
4952.523821158172,4205.961323614247,746.562497543925
4945.349478306962,5119.058057160906,-173.70857885394435
4944.1302532350655,3859.6388488868793,1084.4914043481863
4954.401636640625,4566.5325891604,387.86904748022516
4934.192311859947,4634.55378281323,299.63852904671694
4942.736846042268,4995.737701795134,-53.0008557528663
4931.517425517645,4667.19974979153,264.31767572611534
4956.828284719488,5404.927928188471,-448.09964346898323
4171.947556515972,5116.244848420816,-944.2972919048443
3919.3146504030115,4669.587969628684,-750.2733192256724
3911.5308520977073,5249.416747172908,-1337.8858950752006
3917.0201527116774,5187.805562492267,-1270.7854097805898
3893.219174094976,4940.341906324436,-1047.1227322294603
3912.4481511403037,4493.412283931267,-580.964132790963
4481.6035436928405,5125.109521214641,-643.5059775218006
4485.810388908247,4383.5589034195345,102.2514854887122
4476.304048977773,4510.696443714788,-34.39239473701491
4486.906534648666,3327.4806384223334,1159.4258962263325
4458.999932021154,4615.785874054951,-156.78594203379726
4479.867708462148,4174.259524500436,305.6081839617118
5113.571903087156,3887.2093842404074,1226.3625188467486
5117.759172989457,4671.7481717246965,446.0110012647601
5116.9976999923465,4866.527181455965,250.47051853638186
5110.618305753551,4630.832166987736,479.78613876581494
5111.717434912563,4925.9720070276835,185.74542788487906
5108.20760074742,5139.9828105254965,-31.775209778076714
5124.917519360021,4872.220392594218,252.69712676580366
5112.747331062531,3858.640422449065,1254.1069086134657
4501.4656882296495,4509.2313421758245,-7.765653946175007
4475.576693282165,4545.165296081662,-69.58860279949658
4513.265188603379,4669.32855368175,-156.06336507837113
4481.7388034936375,5329.284390505394,-847.5455870117567
4480.520028060994,5041.079455987542,-560.5594279265479
4485.756208801695,4969.2531896444525,-483.4969808427577
3908.9527670640937,3950.798456571675,-41.84568950758148
3902.3214492707007,5136.586580209461,-1234.2651309387606
3919.55235782098,5148.266816455474,-1228.7144586344943
3920.6144711252514,5315.711291125731,-1395.0968200004795
3914.3510045898397,5242.243335051366,-1327.892330461526
3161.094571331095,4349.63516803562,-1188.5405967045253
3149.5593363361,5213.304348647574,-2063.7450123114745
3143.3665302974096,4371.237912148977,-1227.871381851567
3143.284221549089,4972.41803516872,-1829.133813619631
3776.9623880676313,4552.0898942213225,-775.1275061536912
3768.675980672775,5252.605510414035,-1483.92952974126
3768.321071292372,5018.404925036208,-1250.0838537438358
3772.88765104775,3313.5800657004497,459.3075853473001
3774.3655761326677,3695.9706336163094,78.39494251635824
3779.8843786837356,4488.033395697031,-708.1490170132952
4377.158877906384,4975.211409410508,-598.0525315041241
4377.997988711516,5113.942366015841,-735.9443773043249
4372.257269495542,4963.9170160805925,-591.6597465850509
4378.052248838055,3646.7220536930704,731.3301951449844
4392.439731881198,4192.659866743574,199.77986513762426
4373.954960384558,4631.858455946583,-257.90349556202455
4940.781347656699,5130.7169101705185,-189.9355625138196
4937.369459466791,4481.802554921781,455.5669045450104
4942.68980198927,4710.727132008444,231.96266998082592
4945.0491977967295,5335.18885769265,-390.1396598959209
4960.979088045679,4845.894935003997,115.08415304168284
4942.3698918869195,4534.680218273392,407.6896736135277
5201.753564503632,4841.961851003051,359.79171350058095
5202.072943914448,3863.3428095020095,1338.7301344124385
5213.257146010315,5247.944594751066,-34.68744874075037
4833.844290948436,3707.3902408420313,1126.4540501064043
3146.6125406852257,4321.870854241619,-1175.2583135563932
3142.509080008573,3875.3052394518886,-732.7961594433154
3142.307985213834,3926.7310239710787,-784.4230387572447
3129.9529221360895,5257.405349829117,-2127.4524276930274
3850.765593677638,5132.013251479397,-1281.2476578017586
3843.953102314306,5151.9287334222545,-1307.9756311079486
3827.52605957172,4968.623930440983,-1141.0978708692628
3864.3540341811636,4333.982771739492,-469.62873755832834
3819.784664935438,4643.935436063719,-824.1507711282811
3847.3786792249202,3867.3010783016643,-19.922399076744114
3841.7344249755292,3864.808798997494,-23.07437402196456
3835.9930562727513,4663.602956318917,-827.6099000461654
4615.881301421242,4634.449702143046,-18.56840072180421
4623.011163981637,4198.94206971762,424.0690942640167
4614.453318100156,3651.4875498030497,962.9657682971065
4638.423606685522,5137.446730463824,-499.02312377830185
4620.21017871142,4163.133551921657,457.0766267897625
4635.654174866701,3879.7404668043155,755.9137080623859
4602.616729570242,4517.45324261229,85.16348695795205
5183.050355988275,5177.544214449467,5.506141538808151
5205.003224132687,3865.2845088020304,1339.7187153306568
5201.721722308406,4647.117249182313,554.6044731260936
5187.50047233259,5161.775598732233,25.72487360035666
5203.148938673278,5041.146168524618,162.0027701486606
5201.589401247912,4854.900622295732,346.68877895217975
4547.911997835814,3867.262883196171,680.6491146396429
4539.700692252994,5332.576324124581,-792.8756318715878
5201.309679679543,5222.550251464803,-21.240571785260727
5178.853212082126,5261.638433594725,-82.78522151259858
5195.945623323617,4847.693702761726,348.251920561891
5198.940226939754,5137.008976918493,61.931250021260894
5211.7376365608625,5262.021593849344,-50.28395728848136
5205.689992218064,4648.512469843339,557.1775223747245
4645.338615272725,4980.9255236600775,-335.5869083873522
4616.518258127987,5238.133504727454,-621.6152465994674
4620.245248427583,5211.724890566193,-591.47964213861
4617.708649483059,4872.253082610371,-254.544433127312
4620.001750560297,3167.978729404686,1452.0230211556113
4616.929158716678,4981.419800183544,-364.4906414668658
4622.802275594745,4552.753816568964,70.04845902578109
3825.8844337442883,5017.067633289472,-1191.1831995451835
3818.8286571747685,4029.559445869771,-210.7307886950025
3831.2981512119823,5253.725262951316,-1422.4271117393337
3826.5356087565638,4843.399520287813,-1016.8639115312494
3829.65900464013,3849.224676456423,-19.565671816292706
3837.7350344289453,5169.644790117441,-1331.9097556884954
3845.1629751177497,4556.498877193175,-711.3359020754251
3838.149022391219,4846.990158226123,-1008.8411358349035
3137.7478235849594,5150.456353361472,-2012.7085297765125
3127.5116130009474,4947.112483717557,-1819.6008707166093
3133.0298355097934,4876.539036849653,-1743.5092013398594
3132.0659584895793,4927.614889071379,-1795.5489305818
3701.987309837403,5144.199261621682,-1442.2119517842793
4075.047464757589,5182.36325407973,-1107.315789322141
4067.169917710302,3860.7068874001434,206.4630303101585
4052.8832765951297,4266.2706406224,-213.38736402727
4065.646215878498,5026.5557029465,-960.9094870680019
4478.446731946643,3383.9921815466237,1094.4545504000193
4481.641133180528,4687.858226581574,-206.21709340104553
4462.900001149194,4851.236752567977,-388.336751418783
4481.795947797732,4687.104523362996,-205.3085755652637
4470.974331398117,3942.962916926656,528.0114144714612
4461.154154469315,4920.703877681423,-459.5497232121088
4466.187124947646,3970.610175143204,495.5769498044424
4472.8873996949815,5138.26493213634,-665.3775324413582
4492.017616122655,5231.727039706423,-739.7094235837676
4496.761365034935,4995.568639282392,-498.8072742474569
3173.7119884110643,3959.014188624664,-785.3022002135995
3159.6032977680475,5110.440041155059,-1950.8367433870112
3164.4219475282875,4378.127290309007,-1213.705342780719
3630.626627477706,3154.780485479606,475.84614199809994
3622.3119418110687,4176.177583437375,-553.8656416263061
3643.373310527232,5159.8457327585065,-1516.4724222312743
3637.91731418663,5108.139376866597,-1470.2220626799667
4170.514871878328,5122.533968784257,-952.0190969059286
4159.157512749923,5258.844379883534,-1099.6868671336115
4160.087928951633,5189.448761331046,-1029.3608323794124
4166.780249809555,5161.467695709214,-994.687445899659
4157.827474202027,3850.3425476726047,307.48492652942195
4538.135608917167,4505.468290999154,32.667317918012486
4522.24130298976,5166.82896146101,-644.5876584712505
4543.834539120272,4920.110331956955,-376.27579283668274
4527.334580392884,4480.730528608719,46.60405178416477
4948.492120682284,5187.174399645622,-238.68227896333792
4945.611728699544,3947.791533879614,997.8201948199303
4926.9763472581835,3319.5981391591035,1607.37820809908
4951.1081077326935,5116.444102344855,-165.3359946121618
4931.278795801663,4635.831256633996,295.44753916766695
4943.42745301025,4863.683671211365,79.74378179888481
4944.401031992164,5269.776775819884,-325.3757438277207
4963.243590535823,4508.223426905078,455.0201636307456
4941.639389524566,5251.169959568394,-309.53057004382845
4169.929262111506,5117.616272451712,-947.6870103402052
3919.3146504030115,5361.744979598052,-1442.4303291950405
3924.990006680323,5125.093173719706,-1200.1031670393832
3917.5578983344185,4560.925961234479,-643.3680629000601
3941.412908613088,5405.099366361019,-1463.686457747931
3917.2104173097387,3648.1344219455355,269.0759953642032
4469.78329292805,3847.271893693955,622.5113992340953
4480.301487386637,5350.191061095556,-869.8895737089188
4494.369957120088,4654.468158462072,-160.09820134198435
4469.549970518572,3631.8088872315784,837.7410832869937
4476.482127056297,3941.7113045885,534.7708224677972
4476.780996664489,3918.369252088,558.4117445764891
5120.174446156509,5249.268583701618,-129.09413754510933
5116.9976999923465,3854.678350419203,1262.3193495731434
5116.035855925305,4506.449633923704,609.5862220016015
5124.799897096852,4981.203164320799,143.5967327760527
5136.55975443298,4570.949753330172,565.6100011028084
5118.172216099127,5261.749951173116,-143.57773507398906
5124.836388076788,3218.5459313356214,1906.290456741167
5092.417195509793,4648.280743921385,444.1364515884079
4473.779154789038,4826.247043850708,-352.46788906166967
4480.898293943353,4636.004782212282,-155.10648826892975
4485.085778524818,5187.357959352256,-702.2721808274382
4480.755771540045,5204.4208705188,-723.6650989787549
4454.94759261482,5197.3461322709145,-742.3985396560947
4473.471343452364,4961.737118729476,-488.26577527711197
3903.95198779693,3150.883271980021,753.0687158169089
3911.0692618898347,4645.692329541975,-734.62306765214
3906.2121351180595,4547.126868857885,-640.9147337398254
3890.4654093156014,4649.694759026443,-759.2293497108412
3924.607273620837,3654.4842692316033,270.12300438923376
3171.9350540238074,5107.0899425322405,-1935.154888508433
3156.8471037969935,4496.854009465508,-1340.0069056685147
3141.4386638873666,4536.20472796891,-1394.7660640815438
3136.697360087215,5204.360013307581,-2067.6626532203654
3773.998620082859,4632.466769011129,-858.4681489282702
3765.42810535159,4786.529940712347,-1021.1018353607565
3779.8843786837356,5037.245399450571,-1257.3610207668357
3788.3552014448674,5011.104637889057,-1222.7494364441895
3790.695123226123,5273.057655923912,-1482.3625326977885
3763.4314234616777,4632.422884619899,-868.9914611582217
4373.4832723331065,4162.699247277334,210.78402505577287
4379.271316333275,4872.040597907425,-492.7692815741502
4384.526347215744,4344.003123786129,40.52322342961452
4371.241954421911,5107.196297264616,-735.954342842705
4394.615375328241,5341.929968980507,-947.314593652266
4369.962222692694,4535.817454043456,-165.85523135076164
4953.300779327867,5026.597340375755,-73.29656104788864
4952.581431987442,4479.272092556399,473.30933943104264
4950.942325669027,4395.427850597538,555.514475071489
4952.612809063778,4849.883219705499,102.72958935827864
4942.489065214639,4780.43348203876,162.05558317587838
4946.957716252351,5210.771063846471,-263.8133475941204
5215.388111992701,4341.279517568834,874.1085944238666
5225.153236221972,3809.7227896959894,1415.430446525983
5196.22256149498,5108.751822140217,87.47073935476328
4804.289059919599,3623.098269664903,1181.190790254696
3136.314868793205,4967.9730350134305,-1831.6581662202257
3133.6294578845323,5171.438343385935,-2037.8088855014025
3152.56066538659,5122.104623421381,-1969.543958034791
3135.3825335530205,3169.836399316538,-34.45386576351757
3847.3786792249202,3931.605820215914,-84.22714099099358
3843.605449575261,4845.0933431149615,-1001.4878935397005
3822.9791412099175,3936.119206428935,-113.14006521901729
3843.8177882545087,4623.9350551039215,-780.1172668494128
3830.478849566631,3377.8152642611676,452.6635853054636
3831.564481821349,3874.812285717268,-43.24780389591888
3812.384710262715,5075.240152561318,-1262.8554422986026
3827.6396079403626,5135.408114774612,-1307.7685068342494
4619.4385146827135,5263.343052495908,-643.9045378131941
4607.60572993372,5327.168721204273,-719.5629912705535
4637.631445447775,5165.286624556858,-527.6551791090833
4609.976017987261,3161.3940269235554,1448.5819910637056
4603.512184762779,3309.2544865965046,1294.2576981662742
4624.774704820619,4643.662406811573,-18.887701990954156
4610.887759663095,3789.50589164592,821.3818680171744
5213.347865742378,5400.957793179155,-187.60992743677616
5217.409031831194,3940.9407183405892,1276.4683134906045
5220.76259755023,4330.90734901194,889.8552485382897
5207.011005566781,4153.240154737478,1053.7708508293026
5208.998785045449,4371.021602703097,837.9771823423516
5214.839284949877,5126.932624797805,87.90666015207171
4537.237968395559,5219.75668600571,-682.5187176101517
4522.264907657204,4536.9129739012615,-14.64806624405719
5204.855070387009,5425.558272639874,-220.7032022528656
5199.959264538651,5245.205559619795,-45.246295081144126
5200.692459770119,5170.4171358438725,30.27532392624653
5175.1777054800195,3378.601203455211,1796.5765020248086
5196.462681570017,5353.393970381374,-156.93128881135726
5204.129620169683,5263.993022599507,-59.86340242982351
4624.701844914498,4163.607419419856,461.09442549464165
4627.914460115792,5154.465911278302,-526.5514511625097
4607.735750288209,5226.951402233317,-619.2156519451082
4632.288307202678,4502.354348450201,129.93395875247734
4621.8137992181755,5139.3768290913395,-517.5630298731639
4618.181402560247,5256.23602733492,-638.0546247746734
4619.747528026669,3949.080357120724,670.6671709059451
3837.5386505838014,4553.607330458427,-716.0686798746256
3854.0585290349427,4026.3762491422603,-172.31772010731765
3836.086163005431,4627.136753070452,-791.050590065021
3837.399274175104,4874.228927148785,-1036.8296529736813
3826.7448046353175,3660.162443512216,166.58236112310124
3840.4686481237327,4278.407259750977,-437.938611627244
3842.488186348916,4944.625576803513,-1102.1373904545967
3812.4529869740536,4520.161679714356,-707.7086927403025
3132.2052288994396,5143.680751882472,-2011.475522983032
3133.3935342242185,5248.992487288998,-2115.5989530647794
3128.191433002788,4911.407448570007,-1783.2160155672186
3141.261941682624,4632.48625101403,-1491.224309331406
3687.008419168253,3944.4447194511786,-257.43630028292546
4058.4534214037367,4475.073179472409,-416.6197580686721
4070.7869859276,5249.690571142959,-1178.9035852153588
4077.8983090323086,4503.973296980736,-426.07498794842786
4041.421463060606,4467.2118125017305,-425.79034944112436
4460.967002682909,5111.278836824404,-650.3118341414947
4471.748097054779,4839.234368785683,-367.48627173090426
4473.294601549308,5227.112520783952,-753.8179192346443
4461.066047456532,5289.156096148534,-828.0900486920018
4446.9197838538175,4619.264089320459,-172.34430546664134
4473.579969102494,5262.272104522703,-788.6921354202086
4447.782249756465,4527.776361416388,-79.99411165992296
4477.6869561225585,5255.6879059399325,-778.000949817374
4487.228383997031,4687.303730468458,-200.0753464714262
4463.841474975262,4539.5717869637965,-75.7303119885346
3160.078317301169,4523.124842838929,-1363.0465255377599
3157.1759405032635,5225.352515408758,-2068.176574905495
3157.0758849544272,5262.790348256178,-2105.7144633017506
3613.090885956101,4946.941236009019,-1333.8503500529182
3633.2085661089677,4657.230316577122,-1024.021750468154
3630.180483838337,5125.336655145149,-1495.1561713068122
3639.7882129062314,3864.9759671598945,-225.18775425366312
4182.252412414896,4570.652270520959,-388.3998581060632
4164.54734046299,4395.41150602522,-230.86416556222957
4148.438003088894,5106.758418068627,-958.320414979733
4160.662230239121,3856.851650017788,303.81058022133266
4166.924471793089,5143.234187227208,-976.3097154341194
4530.764016919777,3917.4539263138677,613.310090605909
4527.106411717036,3853.135694598914,673.9707171181221
4539.170913942146,5127.574764446368,-588.4038505042217
4528.424691843881,4327.3973192072135,201.02737263666768
4926.732765267632,5101.846890584499,-175.1141253168671
4943.9343070455125,4862.891520509535,81.04278653597703
4929.183856402748,4666.353875557589,262.8299808451584
4932.422703629395,5202.519637953768,-270.09693432437325
4943.108928178012,5178.539442452378,-235.43051427436603
4932.193469149722,3853.0728443605453,1079.1206247891764
4923.665240479265,4542.896134917823,380.7691055614423
4943.855836506123,5176.90642554997,-233.05058904384714
4949.6934326949,5235.707909404146,-286.0144767092461
4177.911964289148,3855.954988856165,321.9569754329832
3919.3146504030115,4317.343851554204,-398.0292011511924
3916.0086546169514,4182.793173322378,-266.7845187054263
3927.583373432763,4568.215436293782,-640.6320628610188
3897.3576953177762,5330.290674837732,-1432.9329795199556
3894.348528459181,5240.5507261393395,-1346.2021976801584
4464.3323027973665,3841.3549662428654,622.9773365545011
4476.304048977773,5323.33639375211,-847.0323447743367
4490.279162369215,3196.331726352512,1293.9474360167028
4485.5269114711855,4860.276745760745,-374.74983428955966
4492.941040586015,4648.9616252232445,-156.02058463722915
4485.620249426971,5181.193919599006,-695.5736701720352
5127.95193706892,3864.3794764922,1263.5724605767205
5110.618305753551,3812.833412323216,1297.7848934303347
5124.799897096852,5221.917956188702,-97.11805909185023
5141.487367458548,4696.131523356516,445.3558441020323
5110.132968208347,3921.422777272527,1188.7101909358198
5137.161775281579,5248.287520067932,-111.1257447863527
5098.33257614233,5247.294373177476,-148.96179703514554
5146.312463569076,4705.0149847088815,441.29747886019413
4487.427179059357,5138.138143337454,-650.710964278097
4481.72163788218,4674.03175476266,-192.31011688047965
4492.614752807945,4679.585284266537,-186.97053145859263
4496.699510565352,4991.592063816775,-494.8925532514231
4501.519796486581,5134.231109946244,-632.711313459663
4495.270496287186,5393.697899719245,-898.4274034320588
3909.0990327717723,5287.807729105134,-1378.7086963333618
3890.4654093156014,4861.791929431242,-971.326520115641
3914.7650540690406,5164.134766063305,-1249.369711994264
3922.3026324093353,5181.08771264608,-1258.7850802367448
3915.8838849099716,5139.641561040652,-1223.7576761306805
3139.7869562449173,4842.136871682051,-1702.3499154371334
3159.1649811694883,4676.366435337342,-1517.201454167854
3134.950662637667,4518.360137043071,-1383.4094744054037
3150.5657286950614,5183.973876306782,-2033.4081476117203
3768.7162998851068,5107.864037928058,-1339.147738042951
3805.359904750473,3881.310357145937,-75.9504523954638
3774.1994783490245,4538.034285817698,-763.8348074686737
3770.9904962745604,5411.3802416198105,-1640.38974534525
3773.99072238272,4544.562499209418,-770.5717768266982
3786.3972680127554,4383.4976268101445,-597.1003587973892
4393.600677463071,5238.031530355725,-844.430852892654
4386.398383500318,4644.513376351002,-258.11499285068385
4375.939590413972,5143.160425536455,-767.2208351224826
4379.023798422473,4337.129446604912,41.89435181756107
4376.016970618227,4638.805515986185,-262.78854536795825
4394.357045025713,3805.480406596754,588.8766384289588
4959.670170935357,3158.0025406090444,1801.667630326313
4953.193595129528,4650.398870446322,302.79472468320637
4962.764288161417,4070.3939116789034,892.3703764825141
4937.238551825058,5010.740177208935,-73.50162538387758
4942.571114090892,4845.523433477627,97.04768061326467
4947.636673468872,5148.561624314056,-200.92495084518396
5201.540579938345,4639.333796237974,562.2067837003715
5212.0091845491725,4993.941648544963,218.06753600420961
5247.009662858184,5169.1374581958535,77.87220466233066
4854.824501017698,5296.527903128345,-441.7034021106474
3130.443265366491,4953.611200275974,-1823.167934909483
3132.1707702261033,4485.016464276678,-1352.8456940505744
3129.1605897475056,5202.030765059982,-2072.870175312476
3152.283974635437,3812.152317253524,-659.8683426180869
3834.4007608158286,5115.146766139717,-1280.7460053238888
3832.864478456076,5139.203191346059,-1306.3387128899826
3831.89162346396,3851.9119292132737,-20.020305749313593
3861.822321577382,5281.7604482642555,-1419.9381266868736
3828.525226890004,5162.809839461756,-1334.2846125717524
3848.9484767106005,4562.873449159716,-713.9249724491156
3836.652864096487,5282.63604216538,-1445.9831780688928
3817.65110634404,5106.208126737928,-1288.5570203938883
4618.557847711747,4544.602756895219,73.95509081652835
4624.449119911987,4550.517818347066,73.93130156492043
4613.877710619411,5130.205475183617,-516.3277645642056
4604.729605794389,4655.113404591422,-50.383798797033705
4604.364453833866,5194.348795818602,-589.9843419847366
4629.096861815457,5153.941096083214,-524.8442342677572
4618.624966765963,4341.573428305458,277.05153846050507
5178.510726877769,4618.350118251402,560.1606086263673
5171.5700852440705,5204.838710816078,-33.268625572007295
5228.226557553081,5325.4808608793755,-97.25430332629458
5201.622900268022,3910.2235262750373,1291.3993739929847
5206.221876064965,4647.906429556737,558.315446508228
5191.628295597896,4537.790619794019,653.8376758038767
4531.651926615818,4544.405327907891,-12.75340129207234
4528.978074245795,5085.179178201982,-556.2011039561867
5205.134786659306,4554.704375839378,650.4304108199276
5193.564529763963,4655.392278580471,538.1722511834923
5210.201160950941,4683.072103145739,527.1290578052021
5205.622199772244,4977.258298401812,228.36390137043236
5195.289467422576,4481.602776746768,713.6866906758087
5191.6612327100365,4331.323409508267,860.3378232017694
4620.938348014304,5247.088372177579,-626.1500241632748
4608.700738934647,3856.6482707190485,752.0524682155988
4611.194152465827,3661.227860357031,949.9662921087956
4614.962629548711,5109.775839439364,-494.8132098906526
4617.4101485081765,4966.143710590863,-348.73356208268615
4610.562936029678,4844.66612034823,-234.10318431855194
4639.06425580893,5243.605233380669,-604.540977571739
3838.403379453402,4608.9237483082225,-770.5203688548204
3839.316275651134,4558.156002843599,-718.8397271924646
3847.9008783153995,4848.395015129273,-1000.4941368138734
3825.5966527142323,4483.662763404302,-658.0661106900693
3845.5467562824733,3928.8574222163907,-83.31066593391733
3845.3220845216015,5261.902302037066,-1416.5802175154645
3828.892088650938,4840.370155735036,-1011.4780670840978
3825.805559059289,5203.151102134773,-1377.3455430754843
3119.570876403272,5129.580723839508,-2010.0098474362362
3143.0476104056265,4850.206851735452,-1707.1592413298254
3135.552978077259,3945.7603206072154,-810.2073425299563
3149.8905438404818,3863.954595958459,-714.0640521179771
3687.823933664722,3915.2432672083382,-227.41933354361618
4046.342369831161,4965.76495133305,-919.422581501889
4072.92597757129,4501.788830228586,-428.86285265729657
4083.335489863302,4513.265156592027,-429.9296667287249
4066.3694606846043,5032.727896935576,-966.3584362509714
4469.953408065089,4552.743900931468,-82.79049286637837
4474.697349880609,5346.974541472623,-872.2771915920139
4467.596465149433,3921.311745250672,546.2847198987611
4471.366306568004,3690.9447614076234,780.4215451603804
4441.95078738041,5366.164703677736,-924.2139162973263
4464.40795421982,5221.408334087078,-757.0003798672587
4474.834661895064,5129.527977080706,-654.693315185642
4469.64624165968,5160.720438407051,-691.0741967473714
4462.72865656643,4860.217719447295,-397.4890628808653
4464.374707559323,5242.68184992639,-778.3071423670672
3161.4478380603496,5029.672497507251,-1868.2246594469016
3158.763691125663,3928.934170235303,-770.1704791096399
3168.668798621023,4652.833199332989,-1484.1644007119662
3634.8241044463416,4638.005582686405,-1003.1814782400638
3638.269637454051,5121.084014898328,-1482.814377444277
3632.4485185113217,3155.454207925393,476.9943105859288
3647.0527079416674,4508.568241995534,-861.5155340538663
4173.221265331473,5116.002851025425,-942.7815856939524
4159.984841248479,3794.5073738612246,365.47746738725436
4161.646776275243,4842.569875836165,-680.9230995609223
4161.578197946518,4635.715879841152,-474.1376818946337
4154.191127127205,5307.537729078161,-1153.346601950956
4554.411225012472,4850.795121829066,-296.38389681659464
4535.596235315241,3935.598531377913,599.997703937328
4538.587603338555,5054.114342855184,-515.5267395166293
4549.781367978822,5277.065344850587,-727.2839768717649
4942.322867972376,5119.971158363373,-177.64829039099732
4929.394416891005,4803.5403405322895,125.85407635871525
4931.842921398465,4371.540958086325,560.3019633121394
4934.840452427754,3943.569837111113,991.2706153166409
4951.443468300822,4651.4010856127115,300.0423826881106
4926.262921837144,3832.3685797986764,1093.8943420384676
4921.22590822979,4365.866408426375,555.359499803415
4925.514018309407,5260.3670554071805,-334.85303709777327
4909.007830111892,3180.847243353185,1728.1605867587068
4173.110158113125,4354.861457791091,-181.75129967796602
3919.3146504030115,5150.874907262457,-1231.5602568594454
3914.826479675092,5238.393428881969,-1323.5669492068773
3916.946991480721,4527.327221127661,-610.3802296469398
3931.3491130005705,5333.130006716161,-1401.7808937155905
3905.4622857272097,4414.7035775573395,-509.24129183012974
4487.757599688633,5310.167360201373,-822.4097605127408
4496.035041658086,4516.188491646752,-20.15344998866567
4467.738815062247,5380.357928683014,-912.6191136207663
4479.867708462148,5020.48017282386,-540.6124643617122
4465.24268300885,4941.816710298049,-476.57402728919897
4484.25564222611,4504.901442103191,-20.645799877081117
5102.035117155105,5344.951573195874,-242.91645604076894
5111.717434912563,3858.8519889591507,1252.8654459534118
5136.55975443298,3968.347974309773,1168.2117801232075
5110.132968208347,4648.563710415471,461.56925779287576
5094.986411705254,4635.41561405025,459.57079765500384
5106.774582062609,4808.143189845359,298.6313922172494
5110.406416629875,4856.953993688822,253.45242294105265
5128.837601609685,4508.56450734066,620.273094269025
4467.558051588722,3904.6990447305143,562.859006858208
4486.31478250708,4993.793352077253,-507.478569570173
4505.623552943613,5228.737859870881,-723.1143069272684
4489.297766694939,4661.0799317893125,-171.78216509437334
4496.444056202947,5284.227538447359,-787.783482244412
4492.461858835322,3929.0426913256338,563.4191675096886
3915.0710978732454,5277.53793420917,-1362.4668363359247
3933.686144436396,5297.454901019032,-1363.7687565826363
3898.6190224553925,5150.323121663474,-1251.7040992080815
3900.4613073991686,4479.181662060891,-578.720354661722
3889.462644713543,5102.97969345194,-1213.517048738397
3148.5873353648058,4908.750725584056,-1760.1633902192507
3152.379204797398,4966.202304361919,-1813.8230995645213
3133.538179688279,4006.6984020052205,-873.1602223169416
3148.6012571984743,5113.735963840113,-1965.1347066416388
3794.3619797073584,4205.864503485429,-411.50252377807055
3792.432026202432,5341.516816939821,-1549.084790737389
3776.7824596370924,3814.714302645816,-37.93184300872372
3783.5882183678045,5176.029687223726,-1392.4414688559214
3771.908198377231,4952.2655648135715,-1180.3573664363403
3769.6913245859078,4635.456438703292,-865.7651141173847
4392.837830080049,4650.1674165829645,-257.32958650291584
4366.340019399964,4409.980656179918,-43.64063677995364
4394.357045025713,4205.803987881652,188.5530571440613
4371.409462653968,5189.5533070394,-818.1438443854322
4388.060578951296,5128.912387140889,-740.8518081895936
4371.959130003189,5130.494443371104,-758.5353133679155
4943.147900851737,3854.7669156473676,1088.3809852043696
4940.756698732421,3931.772414044731,1008.98428468769
4964.720275823621,4879.801647217971,84.91862860565016
4956.540366696882,4645.017520798263,311.5228458986194
4974.665303246446,4512.180671243086,462.48463200335937
4981.430891662073,5157.458009013249,-176.02711735117555
5225.12886577778,5068.120996098482,157.0078696792989
5220.41562340153,5275.3733055847215,-54.95768218319154
5213.370388238979,5402.887936612608,-189.51754837362932
4824.49629699499,3163.8371977258357,1660.6590992691545
3140.447755864897,4837.279653989274,-1696.8318981243774
3134.377898582718,5123.633482988351,-1989.2555844056328
3121.536040322086,5194.797724270764,-2073.2616839486777
3133.5401323015117,5275.314718904535,-2141.774586603023
3819.1387348281614,4913.55049798281,-1094.4117631546487
3825.1567030847777,3938.9789650069724,-113.82226192219468
3828.588080858424,4485.328713942538,-656.7406330841145
3849.4083431337003,4980.9907478580635,-1131.5824047243632
3838.6096784457013,5258.208961514873,-1419.599283069172
3846.146976601628,4563.340732343256,-717.1937557416277
3841.0429889633097,4870.118054159637,-1029.0750651963272
3831.72808647223,5134.470482998043,-1302.7423965258126
4614.047879223743,4864.019903098331,-249.97202387458856
4619.310717272048,5113.2885558303515,-493.9778385583031
4604.673348240301,4473.205677211879,131.46767102842114
4632.309862059364,5120.695338390248,-488.38547633088456
4616.518258127987,5174.64206926366,-558.1238111356733
4612.044879451999,4651.947897396107,-39.90301794410789
4615.931049656104,3167.704491289934,1448.2265583661697
5203.434899170543,5115.62870842642,87.80619074412243
5202.9931402508255,5337.5150922762305,-134.52195202540497
5209.467477009181,4679.943058492667,529.5244185165138
5214.215914967416,4875.159131858474,339.056783108942
5198.032897486255,5254.902120557538,-56.86922307128316
5196.532218844011,4985.1340504214395,211.39816842257187
4544.21938076837,4403.820880521578,140.39850024679163
4534.070292796429,4642.6782752110075,-108.60798241457815
5213.84631614513,4555.824739147439,658.0215769976912
5188.827861453537,4477.905678517157,710.9221829363796
5205.955942930425,4560.749552037377,645.2063908930486
5204.521343076596,4679.374341189792,525.147001886804
5187.725652152361,4390.879758231828,796.845893920533
5207.113623696328,5129.268611946582,77.84501174974685
4614.552639110541,4486.543715875191,128.00892323535027
4637.479174105926,4564.016159236652,73.46301486927405
4612.42498267816,5248.992487288998,-636.5675046108381
4612.419205048404,5236.996676797573,-624.5774717491686
4610.472920079447,4297.913112877736,312.559807201711
4604.928739225339,5235.984981783048,-631.0562425577091
4624.556974902246,4818.13715191126,-193.58017700901382
3836.0918186407193,4338.594946868489,-502.50312822777005
3828.2017348527643,3855.4121227796845,-27.210387926920248
3844.7757339223244,5152.601542469019,-1307.8258085466941
3845.5844455452952,4164.045083032329,-318.46063748703364
3838.417134988484,5021.0233506093155,-1182.6062156208313
3837.7304433230393,5401.073528161546,-1563.343084838507
3823.5098218232406,3907.207302365073,-83.69748054183219
3827.030031896159,3941.60329833214,-114.57326643598117
3143.221916066696,5271.49820784815,-2128.276291781454
3140.011018888082,4858.063360629466,-1718.0523417413838
3129.7597367124345,4961.72247092077,-1831.9627342083359
3129.747569429221,5137.478638583294,-2007.7310691540729
3693.6821338767077,4972.444370136553,-1278.762236259845
4059.9319740830383,5293.867018131171,-1233.9350440481326
4055.0955696483243,4388.940580177889,-333.8450105295651
4053.4893721731537,4533.697866399768,-480.2084942266142
4065.3961651844397,4676.122661487162,-610.7264963027224
4471.244007412578,3321.3636235099716,1149.8803839026064
4467.350122280305,5159.508143049975,-692.1580207696697
4460.396126225623,5165.684633845918,-705.2885076202947
4477.27457121087,4407.341291789829,69.93327942104133
4463.471022886735,5045.052588327638,-581.5815654409025
4484.663350931574,5191.804149588848,-707.140798657274
4451.825095311803,5095.100315771479,-643.2752204596754
4458.91478153873,5213.900181891154,-754.9854003524242
4457.363677965028,4665.775050132065,-208.41137216703737
4460.359394893696,3699.466414296487,760.8929805972089
3142.4385686893716,4829.106346561479,-1686.6677778721073
3156.557647458764,4641.4086164992805,-1484.8509690405162
3168.4894750028843,5003.571507018898,-1835.0820320160137
3651.5792993614564,5263.531962063809,-1611.9526627023529
3642.271214732083,5169.350540544269,-1527.0793258121862
3629.0087393421845,4538.757311691033,-909.748572348848
3614.6862958963793,4624.11697672579,-1009.4306808294104
4159.879728445779,4644.975454983032,-485.09572653725354
4172.217359153399,4856.695555035485,-684.4781958820859
4162.0080096388865,4872.797617832246,-710.7896081933595
4159.132636761091,4666.894610540541,-507.7619737794503
4142.6014869281025,4652.630491418452,-510.0290044903495
4549.169855642104,4989.66573925453,-440.49588361242604
4532.736003588266,4378.941166227877,153.79483736038856
4539.120151039672,5041.045848818892,-501.9256977792202
4536.655776633276,4640.995161321369,-104.33938468809265
4944.146001790815,4485.664950546861,458.4810512439535
4953.026063256653,4415.254035346022,537.7720279106316
4939.035980615164,4992.164635614619,-53.12865499945565
4934.35221098185,4641.896435780005,292.4557752018445
4958.889060135585,5143.316073640001,-184.4270135044162
4942.173829720876,5286.076325411035,-343.9024956901594
4922.829272343759,5125.549647592004,-202.72037524824464
4946.108264892737,5209.53042767661,-263.4221627838733
4962.278044634204,5293.556505274925,-331.2784606407213
4186.003350631739,4919.579132504985,-733.5757818732463
3919.3146504030115,3929.5943289148104,-10.27967851179892
3908.5411719657995,4644.628823866577,-736.087651900777
3902.353296596868,3849.0285175928107,53.32477900405729
3912.4481511403037,5027.6899402661575,-1115.2417891258538
3903.781191103995,4484.503968955297,-580.722777851302
4495.422284613271,5271.876209442565,-776.453924829294
4486.906534648666,4646.152053781727,-159.24551913306095
4485.5269114711855,4780.173661755859,-294.64675028467354
4467.808725058262,4639.095379567965,-171.2866545097031
4479.600914164502,4484.348904306865,-4.747990142363051
4476.7236244055375,3909.864499918442,566.8591244870954
5115.90932988825,5216.886347607024,-100.97701771877382
5108.20760074742,4544.000573318723,564.2070274286971
5118.172216099127,4658.378408583543,459.79380751558347
5137.161775281579,4702.04936492182,435.11241035975945
5106.774582062609,3637.429132485395,1469.345449577214
5133.698711753123,4568.737839863636,564.960871889487
5126.072035771778,5225.554849528673,-99.48281375689476
5115.47641292632,4550.575973849606,564.9004390767141
4485.613556539116,4553.232172682735,-67.61861614361896
4493.364606229376,5099.563895066204,-606.1992888368286
4495.270496287186,5341.052704786155,-845.7822084989693
4471.522279268159,3846.2908637331725,625.2314155349864
4481.467753065641,3164.059121806409,1317.4086312592317
4486.877698122916,4552.709049585409,-65.83135146249333
3901.2182521197838,5121.798548271108,-1220.5802961513245
3903.6822938271166,4897.001521630381,-993.3192278032643
3901.040679196458,5234.715802171634,-1333.6751229751762
3897.615254409032,4601.871363666632,-704.2561092575997
3892.3932739932434,4382.653513160925,-490.2602391676819
3133.538179688279,4163.789783455737,-1030.2516037674582
3149.593102521149,5115.943947647166,-1966.3508451260172
3146.3654641902176,4857.09804306963,-1710.7325788794124
3160.2056024006324,3864.8480876218655,-704.6424852212331
3765.9190067780005,5297.677499412596,-1531.7584926345958
3788.8952430200393,3867.6623728908107,-78.76712987077144
3761.051509315368,4826.56268592002,-1065.511176604652
3781.148130817677,3171.2262584242576,609.9218723934196
3780.6432103596303,4860.033013730918,-1079.389803371288
3772.685709980167,3797.313912187315,-24.628202207148206
4382.804602612152,5281.124677905511,-898.320075293359
4378.368661949027,4494.009691809996,-115.64102986096896
4385.909407575689,5318.597703073177,-932.6882954974881
4383.245757749481,4863.578964447181,-480.3332066977
4375.770014434846,4482.927579223859,-107.15756478901221
4396.4517293148565,4502.768289331199,-106.31656001634292
4961.28166221693,5146.799590259721,-185.51792804279103
4943.732320860016,4637.850803671918,305.88151718809877
4938.258493097537,3168.586381436835,1769.6721116607023
4946.4539821924045,4300.24495731436,646.2090248780441
4960.640848451716,3182.765657794054,1777.8751906576622
4951.216456963224,5132.366568348358,-181.15011138513364
5197.880142639902,4602.433437666594,595.4467049733084
5200.662010467732,4546.931383731003,653.7306267367294
5198.646456753712,4552.098437054671,646.5480196990411
4823.098892132305,4834.11449806482,-11.015605932514518
3141.584159112744,4487.640667529759,-1346.0565084170153
3138.96746002027,4989.422085884966,-1850.4546258646956
3136.276938728187,5120.1396266242,-1983.862687896013
3131.0352857095404,3632.894521316554,-501.8592356070135
3838.6096784457013,5334.587217662065,-1495.9775392163638
3824.329878791319,3938.818491995351,-114.48861320403194
3864.4236476251426,4644.21160443041,-779.7879568052676
3824.3539096588133,5097.002090608145,-1272.648180949332
3832.196713320212,4487.667046021773,-655.4703327015609
3834.781804366365,5285.49771653177,-1450.7159121654045
3836.3701846749013,5218.075973732244,-1381.7057890573428
3843.053670968678,3924.112589182777,-81.05891821409887
4617.252141960331,4190.121948073181,427.1301938871502
4617.708649483059,5241.5860766148635,-623.8774271318043
4607.711318054417,3331.8482202801824,1275.8630977742341
4646.407166763272,5159.22147902134,-512.8143122580686
4607.016156079539,4656.963336862071,-49.94718078253209
4629.880519278686,5349.809114523278,-719.9285952445925
4630.362803902716,3866.8183286957437,763.5444752069725
5196.532218844011,5256.441057097566,-59.90883825355468
5220.627509581945,5259.117039130432,-38.48952954848755
5193.32486843941,3845.4859101629527,1347.8389582764576
5208.680184924367,5246.703733822868,-38.02354889850176
5201.497155007164,5207.510930787748,-6.013775780584183
5214.737616302281,3862.7625926495066,1351.9750236527743
4546.804950333898,3862.9419343909567,683.8630159429413
4522.059124180464,4174.52012689233,347.53899728813394
5201.1421647561065,3167.2070685979006,2033.9350961582059
5196.546541548619,4490.05386598811,706.4926755605084
5198.168799531882,4840.491505877956,357.6772936539255
5200.117411693959,3188.2181440694903,2011.8992676244688
5211.532849071208,4920.768841639444,290.7640074317642
5207.659643262396,4559.630847835585,648.0287954268106
4635.398243778905,4261.32482715104,374.0734166278653
4623.117983204981,4673.368697976945,-50.25071477196434
4601.687254760908,5210.6728902785335,-608.9856355176253
4603.890943935104,5251.728014805329,-647.837070870225
4609.704125662337,4628.85190293626,-19.147777273922657
4614.179164601917,4666.106930080178,-51.92776547826088
4631.4764930238525,5198.874544557255,-567.3980515334024
3849.7398597581996,5118.7466879739095,-1269.00682821571
3853.6717954119013,3871.1842724565568,-17.512477044655498
3835.126624259507,4857.386836234227,-1022.2602119747203
3829.6515083557574,3852.552104267581,-22.90059591182353
3835.149353797475,4643.6675730307015,-808.5182192332263
3829.853120908777,3946.3958440287834,-116.54272312000649
3827.869274795062,4537.160112185978,-709.2908373909154
3830.5162024606316,4636.908237430972,-806.3920349703403
3127.7005567041765,4789.533599395902,-1661.833042691725
3143.212260982085,4861.105566102412,-1717.893305120327
3152.718910430323,5029.438931563159,-1876.7200211328359
3143.864412127784,4643.890033661978,-1500.0256215341942
3700.057297700781,4840.531819560424,-1140.4745218596431
4084.7667344526794,5040.603459875644,-955.8367254229647
4057.8033301076844,5232.875138420014,-1175.0718083123297
4054.89022530851,3849.242703942738,205.6475213657718
4062.875823761952,4334.932218372917,-272.0563946109655
4459.228870592077,4809.631031583512,-350.40216099143436
4458.19666685461,3914.0101066562383,544.1865601983718
4464.09718315353,5305.882028730251,-841.7848455767207
4477.196121382679,4438.423162506397,38.772958876282246
4463.711333431559,3798.632866537577,665.0784668939823
4479.695098018875,4436.567713132435,43.12738488644027
4468.3032412822,5117.9602087222975,-649.6569674400971
4460.378931053855,4300.6231274308375,159.75580362301753
4472.026716887235,5356.001375877756,-883.9746589905208
4455.591016517694,5096.306489102841,-640.7154725851469
3172.6238356811655,3929.9193161150592,-757.2954804338938
3163.6559284951027,5030.425920923248,-1866.769992428145
3161.180090981984,4391.350447472988,-1230.170356491004
3633.499292746846,5131.467413692293,-1497.968120945447
3635.558392751314,4550.641390208169,-915.0829974568546
3639.539335065274,5253.379157741724,-1613.8398226764502
3643.3667690496263,4552.470937518373,-909.1041684687466
4147.622168316503,4841.944764720633,-694.3225964041303
4141.3949013140345,3858.1308925441767,283.2640087698578
4156.51325034077,4954.952723270516,-798.4394729297455
4166.314476480735,5171.127129390426,-1004.8126529096908
4165.066586151732,3667.045929053512,498.02065709822
4542.59570771181,4170.947203922938,371.6485037888724
4538.620793079782,5169.513746517034,-630.8929534372519
4537.69602337836,4642.05512974691,-104.35910636854987
4550.453699963979,4562.401909934333,-11.948209970354583
4945.326396354709,3922.537479995038,1022.7889163596706
4934.021456834925,4552.645006012615,381.3764508223094
4948.305728707209,4558.546380163422,389.7593485437865
4948.857189378501,4971.257088100001,-22.399898721499994
4924.914360712043,4783.200210311082,141.71415040096144
4928.577484580267,4535.461330611412,393.11615396885463
4954.307866793056,5273.915595107082,-319.60772831402574
4944.049146924547,5029.31736303412,-85.26821610957268
4939.322277091078,4382.094369900836,557.2279071902421
4195.349711502106,4868.17522167282,-672.8255101707136
3919.3146504030115,5180.188970317344,-1260.8743199143323
3912.8359109776743,3704.9574903597,207.87842061797437
3914.1195149570485,5217.28385706296,-1303.1643421059116
3904.484455732677,3849.9193368291344,54.5651189035425
3931.5570122263784,4512.783023585119,-581.2260113587404
4465.605007942909,3905.058758503866,560.5462494390426
4485.372435485714,3383.6383818999557,1101.7340535857584
4499.754441251018,5307.17514876779,-807.4207075167724
4481.165579050662,4854.697250207805,-373.53167115714314
4476.5595361272935,3155.214055373813,1321.3454807534804
4493.4253001781,5288.957737592184,-795.5324374140837
5111.188744949528,4649.6220087639485,461.56673618557943
5124.917519360021,4424.014434664556,700.9030846954656
5124.836388076788,4249.373046585729,875.4633414910595
5098.33257614233,4530.666704778755,567.6658713635752
5110.406416629875,4397.313965757346,713.0924508725293
5126.072035771778,3804.4049822323946,1321.6670535393837
5139.637830551235,5167.0949043996225,-27.457073848387154
5113.567796951329,4674.066562050978,439.50123490035094
4476.363994180834,4482.300116367215,-5.936122186380999
4477.581650803043,4833.571553943054,-355.98990314001094
4482.297524772439,4551.238162176289,-68.9406374038499
4482.678416741193,4673.36025439531,-190.68183765411686
4479.396598340696,3917.0083338720287,562.3882644686673
4483.587942565989,5135.044622668717,-651.4566801027286
3916.24818779158,4825.766778265676,-909.5185904740961
3904.4931744783953,3913.7097676264575,-9.216593148062202
3914.2815457190377,5122.774675148825,-1208.4931294297871
3899.0424291360223,5195.960611583603,-1296.9181824475809
3899.9588049316153,4187.047792806488,-287.08898787487306
3157.605956023302,4655.796721903267,-1498.190765879965
3134.5901843858087,4417.260086228316,-1282.6699018425074
3135.539561828605,4623.603990103118,-1488.064428274513
3164.625721967129,3959.610053445575,-794.9843314784462
3765.4293640951014,4366.85607052774,-601.4267064326382
3781.32957489126,4397.646775493304,-616.3172006020436
3775.4642064929512,5126.304564972968,-1350.8403584800171
3787.832148329099,4553.965516699756,-766.1333683706575
3784.382139297307,4662.145187224776,-877.7630479274694
3770.04782935096,4549.591158672738,-779.543329321778
4389.245037170427,4405.068688417097,-15.823651246670124
4369.239260603587,4487.870529584913,-118.63126898132577
4374.897444961741,5080.789734087464,-705.8922891257234
4369.873436178247,4656.557346651201,-286.68391047295427
4383.180976504594,4969.49501517721,-586.3140386726163
4405.2020264165085,5160.015683494533,-754.8136570780243
4957.929418556168,3926.3774550925195,1031.551963463648
4966.648543362965,5167.834574367555,-201.1860310045904
4951.216456963224,4545.703548625389,405.51290833783514
4955.185285894135,4013.5568671893325,941.6284187048022
4932.415312658014,4820.067889997978,112.34742266003559
4937.575313082944,5160.949931335702,-223.3746182527575
5211.4199168813575,5128.062407308612,83.35750957274558
5222.46052277933,4661.693950558914,560.7665722204156
5198.130935450172,5240.700215149241,-42.56927969906883
4833.593175332229,4872.978511188441,-39.385335856211896
3136.678780229797,4854.382885907821,-1717.704105678024
3114.0279918777037,4842.828247502451,-1728.800255624747
3138.1551814849217,4488.171590841739,-1350.0164093568173
3133.438343580155,3852.3085154464557,-718.8701718663006
3834.7518079580263,4653.985939278369,-819.2341313203428
3839.0723870855904,5021.300590759465,-1182.2282036738748
3821.8847006348883,4840.170959495432,-1018.2862588605435
3829.0421951177364,4645.234591587733,-816.1923964699968
3833.965977396069,4643.5046816454615,-809.5387042493926
3838.8604629743304,5111.789009734099,-1272.9285467597683
3832.5442207506867,5262.2509195913935,-1429.7066988407068
3836.8527378576023,5259.7075658785125,-1422.8548280209102
4625.963878044376,5128.254939683535,-502.2910616391591
4619.263579707239,4648.087310646143,-28.82373093890419
4633.304264452805,5035.291078718849,-401.98681426604435
4616.106580549218,5239.117525255862,-623.0109447066443
4630.825804565936,5268.74874655583,-637.9229419898938
4626.344812933182,5230.176192503091,-603.8313795699096
4611.393496218522,3852.753909297635,758.6395869208873
5207.619578659797,4499.517104639876,708.1024740199209
5221.843002086433,4928.391298901775,293.4517031846581
5185.294103018314,3909.234820305036,1276.0592827132778
5205.244910646851,4784.931630237615,420.31328040923654
5233.506087642726,4483.259814832333,750.2462728103928
5199.832435261253,4632.576855144633,567.25558011662
4525.672192940133,4402.718427847695,122.9537650924376
4539.17024801314,3176.5436928603153,1362.6265551528245
5182.4598453179915,4531.314349867345,651.1454954506462
5197.685249737673,5330.532677575888,-132.84742783821457
5206.408691736199,4547.509013747434,658.8996779887648
5200.105347886409,5268.723264832067,-68.61791694565818
5185.771354470506,4843.410642720733,342.36071174977224
5191.990025284948,5134.625474597108,57.364550687840165
4613.264379879267,5213.642725476704,-600.3783455974371
4606.7614701752245,4155.212995366712,451.54847480851276
4601.301453655673,4322.485131226784,278.8163224288892
4624.624094483592,3953.8789508649465,670.7451436186452
4603.844785601233,4895.107808040422,-291.2630224391896
4623.849633543109,5212.96976260486,-589.120129061751
4609.444772368823,4953.402569384813,-343.95779701599076
3827.869274795062,4644.5162317622035,-816.6469569671413
3857.431324340034,4382.217866812475,-524.7865424724414
3842.1984149177647,4556.699667581411,-714.501252663646
3847.5312305771695,3810.354761835836,37.17646874133334
3817.823784638715,4999.586626410344,-1181.7628417716292
3840.077907103761,5162.066799387231,-1321.9888922834702
3827.572058867289,5039.800743844251,-1212.228684976962
3825.8996515146573,5019.229441571474,-1193.3297900568168
3134.574345938744,4850.482086809823,-1715.907740871079
3133.388264344968,5134.953821655456,-2001.5655573104877
3121.872691249833,3788.247065727639,-666.3743744778058
3133.3925911685874,5371.946853389569,-2238.5542622209814
3678.6349737827572,5165.36032494005,-1486.725351157293
4075.6280540016946,4849.025593546281,-773.3975395445864
4072.3166184369798,4991.144649083981,-918.828030647001
4058.8954714682845,5269.027326376097,-1210.1318549078128
4063.271844421772,4160.45586110703,-97.18401668525757
4467.42893313638,4667.991710030439,-200.56277689405943
4484.112495686028,3814.3529535270754,669.7595421589522
4474.125853784302,4675.091042068527,-200.9651882842245
4475.399576907457,4021.625647490653,453.7739294168041
4480.170327082942,3831.83331604599,648.3370110369519
4461.220935490813,5352.970160448372,-891.7492249575589
4435.631673918971,5004.46465883983,-568.8329849208594
4465.443009555224,4642.336471016632,-176.89346146140724
4455.06973587355,5238.085867290444,-783.0161314168945
4472.024120131913,3666.766359542542,805.2577605893712
3169.765970435389,5220.762374225885,-2050.9964037904956
3167.836846043204,4938.606204470306,-1770.769358427102
3155.6039622791554,4835.580978437958,-1679.9770161588026
3648.4640649376456,5049.906519553233,-1401.4424546155874
3636.1893571476644,4650.4653534483505,-1014.2759963006861
3635.1703187919343,4823.008994199169,-1187.8386754072349
3638.26163417982,4668.676882105682,-1030.4152479258623
4175.058902506211,4679.593630229756,-504.5347277235451
4153.952889312094,3912.2040761182247,241.7488131938694
4147.779353181554,5100.409365625558,-952.630012444004
4189.081948928346,4961.704633999455,-772.6226850711091
4157.674853464978,5133.840231022947,-976.1653775579689
4555.463152716802,3877.881994286473,677.5811584303292
4528.749314125142,5118.720154561608,-589.9708404364665
4549.8408148176095,5168.476450933294,-618.6356361156841
4505.885945993593,4350.024201700147,155.86174429344555
4936.6993749919475,4334.442160625011,602.2572143669368
4943.157153685819,3885.2014465605653,1057.9557071252539
4945.5831802043585,4549.740467958792,395.8427122455669
4950.632688422151,4851.245232508749,99.38745591340194
4936.296230737892,4514.983270875705,421.3129598621872
4930.950321240118,3674.864815300889,1256.0855059392288
4935.8789877701,4153.509727420729,782.369260349371
4935.125371545081,5034.104281141235,-98.97890959615415
4931.124602069911,4827.806176108301,103.31842596161005
4170.416214949716,5165.130862551571,-994.7146476018552
3919.3146504030115,5252.829375303053,-1333.5147249000415
3922.3735416750324,4928.300303378465,-1005.9267617034329
3893.219174094976,4472.797344133343,-579.5781700383673
3914.3253311828785,3859.0731215037945,55.25220967908399
3910.019458788122,5263.6306379489615,-1353.6111791608396
4496.035041658086,4880.474955627626,-384.4399139695397
4458.999932021154,3839.5316522287458,619.4682797924079
4492.941040586015,4650.127630269155,-157.18658968313957
4479.600914164502,4972.047724864654,-492.4468107001521
4489.674481564099,5127.354134024935,-637.6796524608362
4478.976566112117,4635.81722342707,-156.8406573149523
5107.946421105658,5150.1441721909105,-42.197751085252094
5112.747331062531,5139.817932916833,-27.070601854302367
5092.417195509793,4380.119327452427,712.297868057366
5146.312463569076,4677.5417191650795,468.7707444039961
5128.837601609685,4654.806586908986,474.0310147006994
5115.47641292632,5366.44504882258,-250.9686358962599
5113.567796951329,5116.336986679233,-2.769189727903722
5123.194870524179,3811.489488453867,1311.7053820703122
4485.005439457517,5125.1398455275985,-640.1344060700812
4492.461858835322,4554.926398225225,-62.46453938990271
4483.225890312719,3807.5053733105096,675.7205170022089
4485.772904643601,5172.70908801957,-686.9361833759694
4467.347140189081,4144.93637646152,322.41076372756106
4476.062559782185,4538.728900871085,-62.66634108889957
3911.323351698292,5247.22603552922,-1335.9026838309283
3910.2105079346516,4124.676009801446,-214.46550186679406
3917.2001563232348,4647.84500994982,-730.6448536265857
3905.1993657824123,4494.239569826099,-589.0402040436866
3912.650482871674,4488.199290691964,-575.5488078202902
3150.7086368211326,4160.254248334323,-1009.5456115131906
3156.601838273356,3869.687260687777,-713.0854224144209
3131.6762294168943,3311.208770221445,-179.53254080455054
3139.989744187581,5021.154729602033,-1881.1649854144516
3775.4642064929512,5226.700826318769,-1451.2366198258178
3786.2676171107137,5125.856368677394,-1339.5887515666805
3779.575062018039,3925.428331992937,-145.853269974898
3766.431367260513,5218.862900311396,-1452.4315330508825
3776.9570836638577,4603.6973778014035,-826.7402941375458
3770.9985230365337,4168.249843986987,-397.2513209504532
4396.4517293148565,4563.206110131888,-166.75438081703123
4384.702502277395,4552.73152084847,-168.02901857107463
4418.147585645225,4450.830137927637,-32.68255228241196
4400.039816204807,4689.051541551698,-289.0117253468916
4382.69668187407,4934.062408508785,-551.3657266347145
4388.27994489852,5315.044776002239,-926.7648311037192
4954.464154472698,4675.054192680259,279.4099617924394
4957.548598764614,5121.5428769775735,-163.99427821295922
4949.169987067167,4397.316162638295,551.853824428872
4975.311034403693,3903.204928087019,1072.106106316674
4935.057163086456,4532.468148575207,402.58901451124893
4946.676189665628,4644.0653032659375,302.61088639969057
5192.5843894859445,4954.959046753497,237.62534273244728
5213.4687315509855,3923.345766547198,1290.1229650037876
5221.675279327878,4804.110085885643,417.5651934422358
4834.808506399984,5359.236381295009,-524.4278748950246
3135.2924013967704,4529.224372730183,-1393.9319713334125
3157.2527579440375,4178.33832956728,-1021.0855716232427
3149.7213846287764,5130.253001879868,-1980.5316172510916
3141.929464611265,4383.560216418156,-1241.6307518068916
3833.813626860395,4606.05436571507,-772.2407388546753
3834.5804706781255,3713.0253095367275,121.555161141398
3839.9842756637895,4296.854831279303,-456.87055561551324
3834.5003136901837,5239.704839010102,-1405.204525319918
3825.8844337442893,5022.759986205173,-1196.8755524608837
3838.6851220392255,3801.5204274661164,37.164694573109045
3826.5356087565633,3634.57809945602,191.95750930054328
3835.3442231853874,5216.511694104636,-1381.167470919249
4630.825804565936,4563.795814893395,67.02998967254098
4614.058920301163,4655.686133577808,-41.6272132766444
4608.700738934647,4355.051243237659,253.6494956969882
4609.278118238691,4495.740190770264,113.53792746842646
4629.342803624934,4556.795594068101,72.54720955683297
4614.896494109067,4636.604693485622,-21.708199376555058
4609.003073334521,5265.823874339442,-656.8208010049211
5222.37505306306,5141.7810623785335,80.59399068452603
5217.03943692307,3928.319700110226,1288.7197368128436
5191.084338996447,4536.67738250237,654.4069564940764
5207.2770505362805,5119.357399910644,87.91965062563668
5212.149449153463,4685.3007985283075,526.8486506251556
5201.745240581127,4673.3686979769445,528.3765426041828
4534.921594892346,5124.892523930529,-589.9709290381834
4536.824183261188,4865.347429252159,-328.5232459909703
5183.0576746664165,4503.888358608252,679.1693160581644
5202.788113669582,4856.633221388296,346.15489228128627
5183.716304150979,4477.116293446006,706.6000107049731
5194.346950089265,5212.355145311116,-18.008195221850656
5192.554916841763,4648.044545850962,544.5103709908008
5194.223952667777,5149.652746649694,44.5712060180831
4616.2293844137685,5173.469725825255,-557.240341411487
4620.671697522012,3159.5023742428366,1461.1693232791758
4598.5445880499965,5243.310268398238,-644.7656803482414
4609.560790259052,5121.950708554119,-512.3899182950672
4636.131195890347,5223.6479024294395,-587.5167065390924
4613.366359387789,5260.133649734047,-646.767290346258
4618.823994333441,5255.562413518536,-636.7384191850952
3840.639768413876,5246.74148114831,-1406.1017127344344
3827.588617255531,4961.178556204834,-1133.5899389493034
3837.388077630152,4519.7609472195845,-682.3728695894324
3849.7014755821874,5195.831143633086,-1346.1296680508985
3828.136686016418,5254.451302794585,-1426.314616778167
3845.476525666903,3867.43035089127,-21.953825224366938
3818.490686313381,5130.081236030558,-1311.590549717177
3834.643325937546,3920.0717744025264,-85.42844846498065
3139.7657318780975,3799.615753779572,-659.8500219014745
3153.3245836436326,5190.275211351672,-2036.950627708039
3128.565738415783,5131.682868123511,-2003.117129707728
3138.404551628766,4680.812587456369,-1542.4080358276033
3690.239575258166,3923.2557365091425,-233.01616125097644
4057.6240489816405,4155.401679341555,-97.77763035991438
4061.3438961465563,5265.2278723186555,-1203.8839761720992
4074.467587447454,4951.168742453836,-876.7011550063817
4060.6626080584756,5013.2778444801725,-952.6152364216969
4458.162661535188,4371.157251877987,87.0054096572012
4475.964064135934,3169.227074703588,1306.7369894323456
4469.362782600236,4916.570837482686,-447.2080548824506
4463.414213552781,5327.695325722126,-864.2811121693449
4475.316090800487,5244.19585092669,-768.8797601262031
4481.206894628816,4858.4050428162045,-377.19814818738814
4488.211833639748,4879.017538208182,-390.8057045684336
4475.302713678769,4729.719439448347,-254.41672576957808
4480.527722848045,5153.263287235321,-672.7355643872752
4466.1196230193245,5420.742491705569,-954.6228686862441
3158.398769985476,4836.617312780645,-1678.218542795169
3150.6901569224055,5237.450262139391,-2086.7601052169857
3162.0083870016015,4675.252448878156,-1513.244061876555
3629.333247209947,4635.4840674513225,-1006.1508202413756
3645.7562235942282,5250.023989002157,-1604.2677654079284
3621.0087782919354,4036.09014081788,-415.08136252594477
3639.2657653125843,4666.173647842574,-1026.9078825299894
4164.600699774791,3923.8345476625504,240.76615211224043
4166.5787545034245,5231.63706305476,-1065.0583085513354
4172.814469072798,4850.420917502569,-677.6064484297713
4152.347600765657,3867.270074007027,285.0775267586305
4158.234188196321,5332.741947297482,-1174.5077591011604
4527.596563373965,4631.278802504179,-103.68223913021393
4532.604017095738,4168.681506189784,363.92251090595346
4527.892933234744,3912.01376960515,615.8791636295941
4554.264937439521,4856.329402641417,-302.0644652018955
4935.339537797544,5357.40668390754,-422.06714610999643
4959.674688872739,4744.91788535144,214.75680352129893
4933.415073235863,3863.0312306414016,1070.3838425944614
4929.237993304925,4623.990548620498,305.24744468442714
4940.168024757761,4677.9760235304975,262.19200122726306
4925.01399360299,4829.710602368755,95.30339123423528
4945.858240621939,4496.792443242059,449.0657973798807
4944.443641788569,4677.4432926040045,267.0003491845646
4934.245877253461,4475.767340767526,458.47853648593536
4179.426636719253,4558.084481959052,-378.6578452397989
3919.3146504030115,5029.743922825586,-1110.4292724225747
3897.6039969185276,3784.450501098201,113.1534958203265
3913.400694059667,4548.708307418064,-635.3076133583968
3901.5667993861052,5160.433177683265,-1258.8663782971598
3904.1854663059225,3948.7905116736283,-44.60504536770577
4470.704881466675,4414.886986915232,55.817894551442805
4472.203237184328,4662.654020337938,-190.45078315361025
4486.397311600674,4812.6967563777325,-326.29944477705885
4471.643544646414,4858.300661581868,-386.6571169354538
4490.207088304277,3389.1639655377285,1101.0431227665485
4497.792312525375,4651.441369308858,-153.6490567834835
5125.336772016115,3164.7519103232526,1960.5848616928624
5130.137831480283,4879.62209478924,250.51573669104346
5106.708556389141,3865.859334112613,1240.8492222765285
5117.096985824662,4646.679483133763,470.4175026908988
5096.41411397731,5100.338354311355,-3.9242403340449528
5117.8247606637415,4674.003313990794,443.8214466729478
5114.860347960406,5252.547519357397,-137.68717139699038
5118.618689602633,4966.585048751965,152.03364085066823
4455.304776971271,3297.128634519401,1158.17614245187
4490.675620691625,5432.922311235197,-942.2466905435722
4474.160044291117,3688.3596446471433,785.8003996439734
4478.291305433446,4329.767436951048,148.52386848239803
4482.679923331244,5176.679916387307,-693.9999930560625
4474.381722570796,4154.96214760562,319.41957496517625
3901.6707166659107,4841.440834453382,-939.7701177874715
3923.4147311302077,4653.583989587859,-730.1692584576513
3909.491325757471,4617.744377593636,-708.2530518361655
3908.316851633636,5119.818079999235,-1211.5012283655992
3901.9078452374447,5243.107221854464,-1341.1993766170194
3137.457647020013,4859.935531982341,-1722.4778849623276
3154.51692736659,3870.5236191959807,-716.0066918293905
3155.1901284890846,5122.778787793953,-1967.588659304868
3131.1793746591184,4160.522690734552,-1029.343316075434
3784.382139297307,4555.2245786758895,-770.8424393785826
3754.6831523765513,4274.2638944986165,-519.5807421220652
3776.9570836638577,4311.603814710773,-534.6467310469152
3797.2687811194482,4659.861172711897,-862.5923915924486
3794.734993542452,5018.619939006882,-1223.8849454644305
3772.429064180494,4995.619219840316,-1223.1901556598218
4379.121097096904,4391.990625606889,-12.869528509984775
4384.872549872056,4964.916672380577,-580.0441225085215
4367.551474512696,5100.363165910014,-732.8116913973181
4380.087658745023,4490.337380780578,-110.24972203555535
4385.10386805186,5056.71573138255,-671.6118633306896
4370.1516488898005,5185.119059033354,-814.967410143553
4951.682380886512,5164.278860313093,-212.59647942658103
4963.377245322149,3804.5791951441097,1158.7980501780394
4961.130274240174,5225.832162850551,-264.70188861037695
4965.301778050226,4682.634381016368,282.6673970338579
4956.220672221373,4159.1754279868965,797.0452442344767
4927.867681413617,4023.7233073112757,904.1443741023413
5222.492948984547,5257.448578524604,-34.95562954005709
5208.66307285951,4991.786412642774,216.87666021673613
5231.022451766631,4571.840205774525,659.1822459921059
4830.142267031751,4969.092802518969,-138.95053548721808
3121.054868729373,4253.567447576866,-1132.5125788474925
3131.442172284832,4374.90639139553,-1243.4642191106977
3143.3216308678543,4635.023273889257,-1491.701643021403
3133.316276519224,3948.3814142587,-815.0651377394756
3835.3671867579765,5334.993505883443,-1499.6263191254661
3829.456911666768,4774.351239162776,-944.8943274960084
3834.6934268120935,4957.993375844136,-1123.2999490320422
3833.469333764393,5353.260370140943,-1519.7910363765504
3847.1567338885193,5226.424521287194,-1379.2677873986745
3834.6861392817195,4859.202267552838,-1024.5161282711183
3855.509673124749,4567.605601141734,-712.095928016985
3832.215328667215,4331.353761166016,-499.13843249880074
4636.751012385588,5280.317223052134,-643.5662106665459
4615.798336525609,4483.797816080591,132.00052044501808
4639.064255808929,3181.612967757046,1457.4512880518832
4603.154913428705,4817.2358603787725,-214.0809469500673
4636.380374791512,4561.86704756174,74.51332722977168
4634.222667178488,3331.690844535025,1302.5318226434633
4619.3943460198125,4501.03001461453,118.36433140528243
5205.3314770319275,3869.6476869848925,1335.683790047035
5195.765057407482,5165.051175823528,30.71388158395439
5199.132789164275,3177.2399020758207,2021.8928870884542
5202.345661842927,4019.886125460367,1182.4595363825601
5198.0140737169495,3652.4358317187584,1545.578241998191
5218.067160204456,5289.338540392883,-71.27138018842743
4526.6825083999,4665.4996259243635,-138.81711752446336
4512.577069539673,4941.21551415532,-428.63844461564713
5217.982033181711,5140.543564113071,77.43846906864019
5213.643569890886,4675.02725371487,538.616316176016
5184.614439549426,4537.89048919415,646.7239503552755
5200.634547069172,4485.433359464065,715.2011876051074
5204.45466837708,4859.916193736592,344.53847464048886
5200.004427542982,4482.373194270063,717.6312332729185
4591.45626646115,4620.754555448263,-29.298288987112755
4618.823994333441,4546.444388222257,72.37960611118433
4612.486640130543,4843.376232766617,-230.88959263607467
4628.194198726497,3868.254670124427,759.9395286020704
4633.599882769098,4688.534400111053,-54.93451734195514
4632.796190097281,4548.4946472048705,84.30154289241091
4629.056456005711,5092.646434085024,-463.58997807931337
3828.085087296071,3177.165699698739,650.9193875973319
3830.0878480641595,5219.434943544222,-1389.3470954800623
3833.67124802909,4008.3293913623584,-174.65814333326853
3841.3668845709385,3883.5154273156113,-42.148542744672795
3817.51849867173,4623.055616366476,-805.537117694746
3832.030307572128,4838.076400308328,-1006.0460927361996
3850.744975505758,5282.727764481248,-1431.9827889754906
3836.0253823773796,5283.37893386237,-1447.3535514849905
3131.446966352885,3166.4638324577495,-35.016866104864675
3136.9871934351236,4555.539690088184,-1418.5524966530606
3155.0183825268705,3933.826515524246,-778.8081329973757
3145.9305901835546,4494.130015069003,-1348.1994248854485
3695.1395451127955,5315.131957901823,-1619.9924127890272
4038.6838320298148,5094.867398273217,-1056.1835662434023
4043.094259867243,4460.567266728506,-417.473006861263
4055.470985533198,5169.633188842002,-1114.1622033088038
4069.650362988405,5119.361540517943,-1049.7111775295375
4470.223357168601,3914.3132629584525,555.9100942101486
4467.092610797951,4820.064174116808,-352.9715633188571
4465.27968732116,3855.8356077802337,609.4440795409264
4475.5716049084895,4550.039072703057,-74.46746779456771
4458.659551177712,4642.191899726169,-183.53234854845687
4480.081314014776,4865.554807446052,-385.47349343127644
4498.783790649932,3877.0798375222394,621.7039531276923
4460.3044377401575,5119.223129441703,-658.9186917015459
4469.018745162585,3156.959533612303,1312.0592115502823
4464.809624193341,3852.457224689221,612.3523995041196
3170.146629035113,4492.248040107232,-1322.1014110721185
3159.7688507290845,4997.300721168312,-1837.531870439227
3166.9980976703973,3955.043794955892,-788.0456972854945
3623.1356167904282,4891.3110654414695,-1268.1754486510413
3639.5466515137896,4488.684179073092,-849.1375275593027
3633.909055619785,3923.176912242385,-289.2678566226
3641.584708468177,4677.112527580895,-1035.5278191127186
4153.26086366885,5098.440586748055,-945.1797230792045
4149.900749949284,5256.000528337284,-1106.0997783880002
4174.680637278691,5345.406390316548,-1170.7257530378565
4159.342490877216,3851.3108277132,308.03166316401575
4156.618142882382,4632.499816089631,-475.88167320724915
4534.177859430422,4394.83006058675,139.34779884367254
4531.0751239596675,4848.539433314172,-317.4643093545046
4560.006682708569,4425.283614185522,134.723068523047
4532.077079620071,4004.4242780509803,527.652801569091
4947.039955158438,3708.086887981653,1238.9530671767848
4939.056954399024,5359.197715563627,-420.14076116460274
4961.518567283801,4990.982885337733,-29.464318053932402
4944.593279275395,5402.430367815185,-457.8370885397899
4942.718679556544,5029.370276041206,-86.65159648466215
4920.283722823575,4259.198284278952,661.0854385446228
4929.885898419633,4626.840163375593,303.04573504404016
4938.607687206488,4550.516677184459,388.09101002202897
4941.374339591104,3917.707133257076,1023.6672063340284
4168.918145569545,5223.523139877973,-1054.604994308428
3919.3146504030115,5244.0952877238515,-1324.78063732084
3906.6597159991356,5109.354745761509,-1202.695029762373
3897.360616339025,4827.975849219168,-930.6152328801427
3905.4622857272097,4989.598723216145,-1084.1364374889354
3912.7628291721626,4207.091936616501,-294.3291074443382
4470.310919611871,5218.121544627584,-747.8106250157125
4479.867708462148,4986.80473998774,-506.9370315255919
4485.620249426971,4384.590219054819,101.0300303721524
4476.7236244055375,4846.866236728759,-370.14261232322133
4478.976566112117,5111.8745033342,-632.8979372220829
4473.441660591013,5201.2669860655105,-727.8253254744977
5102.864764648624,4842.055809120132,260.80895552849233
5106.774582062609,4404.922810649728,701.8517714128811
5112.024369689344,4906.045690919813,205.97867876953114
5103.799570548062,5110.803140123373,-7.003569575311303
5113.244178029357,4249.007606986457,864.2365710428994
5126.261569575584,4500.234084259728,626.0274853158562
5105.066247647735,4334.585884821082,770.4803628266527
5116.047105598749,4818.2870882257985,297.76001737295064
4490.675620691625,5410.241395832419,-919.5657751407934
4467.241328436761,5157.523265599568,-690.2819371628066
4473.600081577077,5322.133282393221,-848.533200816144
4481.712541214567,5120.010837982888,-638.298296768321
4481.995598503488,5175.8043437031,-693.8087451996125
4478.170944102413,5206.24558734107,-728.0746432386568
3916.4583513306197,3927.819038010224,-11.360686679604441
3900.3988524077,4542.198277002109,-641.7994245944087
3907.1085888880084,5115.0412333251525,-1207.932644437144
3921.686974911635,4665.313179119049,-743.626204207414
3913.854743010384,5204.717352894075,-1290.8626098836908
3156.041078963638,5130.263332110051,-1974.222253146413
3154.4174267960734,5124.573244462184,-1970.155817666111
3147.429840833518,4662.942505873873,-1515.5126650403554
3150.8244078248167,4557.069502467776,-1406.2450946429594
3788.929609742089,3959.970280958556,-171.04067121646722
3774.0743086931684,5314.468504793539,-1540.3941961003707
3794.2725295556625,4564.693353141194,-770.4208235855317
3780.7232120366266,4503.76976477462,-723.0465527379934
3778.12579979911,5140.106379931708,-1361.9805801325979
3790.8856151029445,5185.363349478975,-1394.4777343760302
4382.281666213579,5121.752802122872,-739.4711359092926
4362.572678829984,4380.636443857932,-18.06376502794774
4373.724033054534,5177.994349047587,-804.2703159930534
4383.6084435418215,4617.347628846264,-233.7391853044428
4380.974950027027,4492.164540933087,-111.1895909060595
4369.938145899243,4840.880628535028,-470.9424826357854
4970.314761646083,5239.773357747029,-269.4585961009461
4957.7821988217665,5117.89849125632,-160.11629243455354
4953.7118896092925,4556.994547808945,396.71734180034764
4944.893093830537,4334.40997370349,610.4831201270463
4962.046877827349,3869.3543000781538,1092.6925777491952
4951.291550978003,4374.354413642414,576.9371373355889
5219.9232021032285,4652.829814426397,567.0933876768313
5190.095110670738,4841.765859641534,348.329251029204
5204.7973793016035,5333.227662830075,-128.4302835284716
4821.43670114078,4490.854991420447,330.5817097203335
3131.733349749368,4781.90762831899,-1650.174278569622
3139.10392150524,5140.335361062458,-2001.231439557218
3128.3797096206076,4657.110299251801,-1528.7305896311932
3149.51571450992,5088.34016546109,-1938.8244509511696
3829.65900464013,4648.196270013641,-818.5372653735108
3836.811685168493,3879.412870180414,-42.601185011920734
3848.456629083232,4847.739846254262,-999.2832171710302
3826.4526807782063,4829.537789965242,-1003.0851091870359
3846.7060153138427,4843.873246944545,-997.1672316307022
3826.7448046353175,3912.038770429351,-85.29396579403374
3839.9270812852055,4614.3553351296805,-774.428253844475
3856.3329486350294,5158.431893501004,-1302.0989448659748
4619.454208565432,5237.334619525253,-617.8804109598213
4612.4192050484035,5222.233752366317,-609.8145473179138
4637.1337216270285,4654.476009917326,-17.3422882902978
4627.888889741275,4558.931495729676,68.95739401159972
4623.117983204981,3185.326451707797,1437.7915314971842
4616.014814124243,5240.516665161809,-624.5018510375667
4625.389791806064,5121.665794088751,-496.27600228268693
5193.321006550125,4829.464489283001,363.8565172671242
5218.067160204456,5134.958523029779,83.10863717467691
5215.292059983598,4684.666657648297,530.6254023353013
5213.897054319064,4173.976357077888,1039.9206972411766
5201.53238388142,4549.703171898657,651.8292119827629
5196.096458745313,4487.199831604713,708.8966271405998
4538.133844230976,4639.628145654908,-101.49430142393157
4533.675873758686,4308.667698449759,225.0081753089271
5196.106693394507,4667.978455606033,528.1282377884736
5208.648332282261,3857.5873037658575,1351.061028516404
5175.679338168674,5149.236139160257,26.44319900841674
5180.186325187279,5125.420874359019,54.76545082826033
5207.713665768546,4585.754356802644,621.959308965902
5192.863364539112,5238.489909006642,-45.62654446753004
4618.926825025029,4400.928727308361,217.99809771666787
4614.647137379586,5218.533907902705,-603.8867705231196
4627.208577037927,5339.617906238386,-712.4093292004591
4616.188586176604,4485.867403195875,130.32118298072874
4612.5216071319865,4545.769631839445,66.75197529254183
4612.417804818043,4531.455256460052,80.96254835799118
4602.97957241684,4409.110559963281,193.86901245355875
3826.061758059823,5200.994114920254,-1374.932356860431
3830.4241611609823,5333.503227702311,-1503.0790665413288
3821.1127347336273,5238.180534835759,-1417.067800102132
3834.10105972146,3643.261956134791,190.8391035866689
3827.658156598359,5259.824114227003,-1432.1659576286438
3839.221478467901,3922.827332646535,-83.60585417863422
3830.6233847113626,4972.267533293821,-1141.644148582458
3847.5250281551753,3168.6695150794353,678.85551307574
3135.260998680167,5104.264455071427,-1969.0034563912595
3145.2526787543725,5268.337133849086,-2123.0844550947136
3146.4125923467163,5250.826327623133,-2104.4137352764164
3128.641313268632,3913.921986186509,-785.2806729178769
3690.185815044839,5272.019135032417,-1581.8333199875779
4073.9252553351475,5394.725824918271,-1320.800569583124
4048.519165914875,4959.208246956042,-910.6890810411669
4070.681663245869,5224.812371870752,-1154.130708624883
4058.361124998544,5237.347539678113,-1178.9864146795694
4468.878369478096,5136.668399557269,-667.7900300791734
4460.3044377401575,4598.706401072029,-138.40196333187123
4449.233343945125,4361.493158031407,87.74018591371805
4477.454416673985,5159.0959344167295,-681.6415177427443
4473.70808790232,5276.699247987822,-802.9911600855021
4469.219156256735,3172.5779699251466,1296.6411863315884
4473.719959685329,3188.602074900007,1285.1178847853216
4479.623911748861,3866.374096949052,613.2498147998094
4454.890269221461,5290.253646854675,-835.3633776332144
4471.018638093972,3918.141699697759,552.8769383962131
3146.1075600062977,4627.26996839166,-1481.1624083853621
3148.8324361388363,4544.89027931953,-1396.057843180694
3168.1405236972614,4664.0169268157515,-1495.87640311849
3648.7607366797015,4894.959664318583,-1246.1989276388817
3620.733011331132,4105.86428057307,-485.13126924193784
3639.267945997669,3953.6839394648828,-314.41599346721387
3622.361615540018,4912.349763023595,-1289.988147483577
4171.93368901128,4642.622766021114,-470.68907700983436
4157.036993351786,3174.956659243323,982.0803341084629
4167.979780261976,5037.13920296965,-869.1594227076739
4165.899782562121,5304.286536039855,-1138.3867534777337
4162.253837731904,3855.579454739388,306.67438299251626
4546.375225322929,3710.937347946675,835.4378773762537
4519.177454435546,5220.7418155212645,-701.5643610857187
4530.946573495957,5113.6882387092355,-582.7416652132788
4526.235727591614,5274.894920589143,-748.6591929975293
4925.883769152573,5230.4769981586705,-304.5932290060973
4951.730683082211,5136.138273973291,-184.40759089107996
4917.595932982382,4139.501319612952,778.0946133694297
4948.367414303153,4657.85792799723,290.509486305923
4934.038441756666,4482.317944226546,451.72049753011925
4932.867817109697,5140.896118869214,-208.02830175951658
4932.275188541684,4152.307931825261,779.9672567164225
4948.536919677334,5407.200091888929,-458.66317221159534
4933.850303274852,3846.0361119650956,1087.8141913097566
4172.969721182741,5245.21421114214,-1072.2444899593993
3919.3146504030115,5029.743922825585,-1110.4292724225738
3902.6824024011617,5274.271284009619,-1371.5888816084575
3897.3576953177762,4477.7207147630415,-580.3630194452653
3891.4747297861586,5228.649177742285,-1337.1744479561266
3902.0596390704945,5323.33639375211,-1421.2767546816153
4467.738815062247,4856.9705141065115,-389.23169904426413
4492.941040586015,4514.06863172648,-21.127591140464574
4473.685019558704,5109.191699523939,-635.506679965235
4474.818708764249,3855.4570927860145,619.3616159782346
4475.872163151878,5101.132006811465,-625.2598436595863
4481.098807873323,4338.2742693226755,142.82453855064705
5118.756597340734,5260.836154218156,-142.07955687742196
5146.312463569076,5052.622239842099,93.69022372697691
5126.017846047958,4608.285393415943,517.7324526320153
5118.864738982377,4391.085618297747,727.7791206846305
5137.168396772728,4417.947218967901,719.2211778048268
5121.096958274619,5149.414211755968,-28.317253481348416
5113.325002100036,4364.2692834760055,749.0557186240303
5120.067170164837,4490.238043585869,629.8291265789685
4474.160044291117,4371.444402563494,102.71564172762282
4473.600081577077,4840.357680288126,-366.75759871104947
4485.565766833686,4612.479114014821,-126.91334718113467
4496.549463649732,3164.7530516797733,1331.796411969959
4473.669819203018,4637.895393113708,-164.2255739106904
4473.26933569157,3792.803389054892,680.4659466366779
3923.1716716656256,5003.069366434206,-1079.8976947685805
3916.72339726367,5200.526724342571,-1283.8033270789006
3901.174988757019,4307.871237842223,-406.6962490852043
3903.0253224302146,5332.6672712998625,-1429.6419488696479
3912.557592924694,4664.67593374456,-752.1183408198663
3151.283838084354,3887.9154963293972,-736.6316582450431
3156.6266351579397,4196.30312790568,-1039.6764927477407
3154.291160265105,5223.943326732976,-2069.6521664678708
3131.9136860694243,5337.408813055996,-2205.4951269865714
3765.4421239412227,4831.026341142073,-1065.5842172008502
3778.696496936711,3925.708508439369,-147.01201150265797
3804.09177258371,3826.8265919237615,-22.734819340051672
3764.6515632408723,4333.423390890209,-568.7718276493365
3770.618773881387,5317.902995198059,-1547.2842213166723
3784.626890927683,4684.464440201643,-899.8375492739601
4373.724033054534,4632.062679743298,-258.33864668876413
4381.911730994124,4906.776752663521,-524.8650216693968
4402.992958086715,4512.22990203132,-109.23694394460563
4377.672712198887,5143.929631391332,-766.2569191924449
4385.6151209950285,4995.876496902347,-610.2613759073183
4398.293071197352,5009.2122081286725,-610.9191369313203
4959.419999355971,5031.023475346534,-71.6034759905624
4972.235664046363,4418.065439708504,554.1702243378595
4935.071837044992,4382.148477180074,552.923359864918
4948.869286565517,5113.276217807325,-164.4069312418087
4933.178625043607,3838.314807615211,1094.863817428396
4936.252831729894,5342.09901184822,-405.8461801183257
5206.7068174213755,3313.1205106415973,1893.5863067797782
5230.425925578526,5136.90853425873,93.51739131979684
5201.130205420382,4572.421931915729,628.7082735046524
4833.723922226519,4658.107839544666,175.6160826818532
3140.9595536265115,5327.58193270572,-2186.6223790792083
3130.482235306808,5241.4334033195455,-2110.9511680127375
3137.6505497201215,4245.461064687437,-1107.8105149673156
3126.9899574013994,5162.620489430817,-2035.6305320294173
3826.4526807782063,5166.048749462835,-1339.5960686846288
3834.8833028483855,4488.670955247839,-653.7876523994532
3835.8968644268216,4485.329837133802,-649.4329727069808
3848.093805063536,5277.438779248929,-1429.3449741853929
3838.4033794534016,5269.077044719118,-1430.6736652657164
3835.353307867177,4842.447991085764,-1007.0946832185873
3825.596652714232,5247.859954628946,-1422.2633019147142
3853.418388629764,5358.933417541248,-1505.5150289114836
4619.661810226211,4486.563731933634,133.09807829257716
4615.719843618451,4536.106932452059,79.61291116639222
4626.367599433896,4938.1490409001135,-311.7814414662171
4622.628169771411,3933.91724808568,688.7109216857311
4619.335991150693,5242.642924917422,-623.3069337667284
4614.2197255315095,5220.874904407351,-606.6551788758416
4644.733529459331,4385.015042600255,259.7184868590766
5205.0307037868415,4382.244510466325,822.7861933205168
5215.307205620257,5161.467695709214,53.839509911043024
5219.878493351251,5369.0155419741595,-149.13704862290888
5177.853057755123,5020.908352512641,156.9447052424821
5197.2498723261215,3649.5157608225863,1547.7341115035351
5210.311968011633,4012.3212815037355,1197.9906865078979
4539.489008006349,3922.6504662781836,616.8385417281652
4533.360214949948,4904.407407954181,-371.0471930042322
5198.303782775363,3851.5385260435683,1346.765256731795
5202.224342037747,4491.439452901436,710.784889136311
5178.115057459272,5202.267286915921,-24.152229456649366
5217.95205145423,5228.748236928435,-10.796185474205231
5225.498713898899,4061.866470481735,1163.6322434171639
5204.009504416804,5119.051061184397,84.95844323240635
4616.418650433647,4605.693075220159,10.7255752134879
4636.637434878639,4662.271207145257,-25.633772266617598
4631.832420222007,4982.215198092912,-350.38277787090465
4636.084183629201,4509.623178226711,126.46100540248972
4629.659645696782,4562.234235347825,67.42541034895658
4610.232933528071,5030.572083639622,-420.33915011155113
4625.973940244693,4655.178674748021,-29.204734503327927
3830.1161748629997,4603.139526057928,-773.0233511949286
3840.255045039897,3669.4519811758078,170.80306386408938
3809.7986338876367,4952.694281954719,-1142.8956480670827
3833.723772628423,5311.413776030494,-1477.690003402071
3843.2979668653816,3928.6955510120056,-85.39758414662401
3843.3259648864805,5047.543855533897,-1204.2178906474164
3848.0131598694393,4321.167137475624,-473.153977606185
3845.316993330082,3943.953191918078,-98.6361985879962
3127.7997313667092,4168.415064662727,-1040.6153332960175
3165.0389001497847,3946.4185119388067,-781.379611789022
3142.8856833983978,3870.72624481448,-727.8405614160824
3136.3436501542096,4873.15352361868,-1736.8098734644705
3686.530553396962,4645.673836293725,-959.1432828967627
4064.67099452024,4783.569838939636,-718.8988444193956
4063.703060155903,3949.4724009189977,114.23065923690547
4057.7020285095027,4822.790614160551,-765.0885856510481
4060.5073555458134,4877.810187689573,-817.3028321437591
4470.381417002812,5049.86830902881,-579.4868920259978
4452.842472680908,5207.616599323987,-754.7741266430794
4465.249293699997,5387.4929228790315,-922.2436291790345
4484.912217739337,5277.67326553756,-792.7610477982225
4465.1196551365865,3790.3016215751645,674.818033561422
4481.805398401373,4017.802563441535,464.0028349598383
4464.149491162357,4423.037853866902,41.111637295454784
4486.899107286735,4987.516912412088,-500.6178051253528
4468.193202843687,5028.723558527775,-560.5303556840881
4468.92546262904,4491.083005863305,-22.157543234264267
3174.0239482304346,5181.833744831366,-2007.8097966009313
3163.0461552150346,5160.656743878718,-1997.6105886636833
3161.4377832302926,3323.5131019093437,-162.07531867905118
3626.2545103699185,4490.344965765606,-864.0904553956871
3634.5589774262357,4518.781422137679,-884.2224447114436
3660.315050652125,5286.287493023907,-1625.9724423717817
3636.2560481164537,4177.444749524574,-541.1887014081203
4158.384767216174,4831.532057139585,-673.1472899234113
4165.540209998303,3858.291916645031,307.24829335327195
4167.675892201757,5145.3342151591805,-977.6583229574235
4160.226452513897,3172.030055849549,988.196396664348
4170.867253130355,5222.056222993289,-1051.1889698629348
4529.715162135884,4162.262251866037,367.45291026984705
4534.912941925415,3849.3810568629324,685.5318850624826
4532.839115204056,4961.051842682026,-428.2127274779705
4555.228953154114,5130.55744570859,-575.3284925544767
4964.6391102155685,5297.787208707243,-333.1480984916743
4933.850303274852,4953.277906454727,-19.427603179874495
4939.540248616305,5218.152065585808,-278.6118169695028
4932.166867519417,4984.348290621493,-52.181423102076224
4920.854261966543,4653.481578690396,267.37268327614674
4933.165760515175,5168.5484342213695,-235.3826737061945
4933.133162614253,4633.661960824321,299.4712017899319
4916.48970276844,4316.1609040731955,600.3287986952446
4929.9832659487965,4187.028027187384,742.9552387614121
4176.2337891433235,4338.949503113048,-162.71571396972467
3919.3146504030115,4881.685140033483,-962.3704896304712
3904.42724554955,3794.469078678117,109.95816687143315
3910.8266698859507,5219.826356129411,-1308.99968624346
3910.2974979037544,5280.048704411361,-1369.7512065076062
3912.563934852944,5248.912485491812,-1336.348550638868
4489.04897340918,5143.737116244844,-654.6881428356646
4485.098017699331,5121.908683183189,-636.8106654838584
4490.189573971198,4651.942020715708,-161.75244674451005
4475.600414306759,3154.2170689607683,1321.383345345991
4474.831338729018,5081.898630728917,-607.0672919998988
4471.166147879373,4952.049594930838,-480.8834470514648
5117.5955583587765,4523.360956508365,594.2346018504113
5111.041554024206,5081.995618691316,29.045935332889712
5113.069858378466,4866.5630927299335,246.50676564853256
5124.815927018958,4554.600238503065,570.2156885158929
5113.954107421049,4682.64279276134,431.31131465970884
5101.459634295323,5248.245506715332,-146.78587242000958
5111.30289406879,4367.106551697977,744.196342370813
5112.796343012205,4195.888119200932,916.9082238112733
4478.291305433446,5214.3285890163415,-736.0372835828957
4481.712541214567,5246.427083636099,-764.7145424215323
4496.549463649732,5124.995188450902,-628.4457248011695
4465.353698000933,5122.399757795781,-657.0460597948477
4474.625550110686,3919.9438327466996,554.6817173639865
4493.451798077227,4552.060339680706,-58.60854160347935
3914.9785843827044,4559.218714735148,-644.2401303524434
3923.683426081283,3812.8237266752817,110.85969940600125
3899.7122142109624,4477.425476096979,-577.7132618860164
3904.5826417604794,4243.767889026664,-339.1852472661849
3915.432200118433,4251.114588483286,-335.68238836485307
3150.8244078248167,4177.084814393513,-1026.260406568696
3151.5994025226005,5171.757327400114,-2020.1579248775138
3143.9703526418634,5105.882121559186,-1961.9117689173227
3150.363821934362,5119.093351256281,-1968.7295293219186
3783.9293060669515,4852.340269076652,-1068.4109630097
3798.655358666564,4936.906644655242,-1138.2512859886783
3781.241360853554,5240.276505013795,-1459.035144160241
3779.0735284187763,3920.332205704694,-141.25867728591766
3789.258499266626,5183.570166662049,-1394.3116673954228
3754.6301754622914,4374.466038047247,-619.8358625849555
4380.974950027027,4968.843583736225,-587.8686337091976
4402.8620507996575,4514.898831894474,-112.03678109481643
4385.6151209950285,4318.96034154969,66.65477944533814
4374.730880124404,3321.694376969428,1053.0365031549763
4378.387029338746,3872.686716297486,505.7003130412604
4392.549307927622,3860.259611951009,532.2896959766131
4956.996798484629,5148.213457340081,-191.2166588554519
4958.20235816035,4860.587512569932,97.61484559041764
4959.480678054921,3202.220443378385,1757.2602346765357
4975.79921270961,4801.719858184298,174.07935452531274
4947.965320884432,5039.62991927355,-91.6645983891176
4956.890788666797,5150.586682708395,-193.69589404159797
5210.877173052408,5179.150539815107,31.72663323730103
5228.400926589201,4891.9063361741055,336.49459041509544
5199.894435669994,4628.892059264975,571.0023764050193
4832.505631647438,5032.899573351099,-200.39394170366086
3129.874145060262,3632.897742273128,-503.0235972128662
3147.736982727392,3969.4916829022823,-821.7547001748903
3147.1764351105858,4396.7271705000685,-1249.5507353894827
3132.306781293567,4542.177155560129,-1409.870374266562
3839.9270812852055,4847.111412316004,-1007.1843310307986
3835.14079936428,5015.46592325149,-1180.3251238872094
3836.749690951434,5262.8447738519235,-1426.0950829004896
3825.596652714232,3863.919131359019,-38.322478644787225
3841.725646466608,5215.345523006046,-1373.6198765394383
3843.416860959369,4388.318852648274,-544.9019916889047
3860.146678619819,4670.2157264898115,-810.0690478699926
3833.319937525009,4486.078660954838,-652.7587234298285
4606.5475533489325,4368.898788398798,237.64876495013414
4616.80789176671,4666.109828067487,-49.301936300777015
4634.913833287778,4846.148471783698,-211.23463849592008
4626.520265364673,3167.455932564608,1459.0643328000651
4614.841338843055,4643.738597189459,-28.89725834640376
4616.448240171773,5131.708753099565,-515.2605129277918
4610.071513775177,4638.476479404165,-28.404965628988066
5193.2953806018895,4535.313413428219,657.9819671736705
5201.668063272353,3150.2915965642633,2051.3764667080895
5205.7254662198,4669.055736787496,536.6697294323039
5191.450368704054,3846.057350419203,1345.3930182848512
5197.215457114434,5025.8825837520135,171.3328733624203
5194.527000268484,4979.563477287113,214.96352298137117
4548.250830158352,4355.368311383102,192.88251877525
4553.031331073232,5349.097601915205,-796.0662708419732
5189.454565101102,4541.094413923277,648.3601511778252
5204.009504416804,4555.8351461493985,648.1743582674053
5203.996803076178,5121.588119175753,82.40868390042579
5190.892584033029,5378.09899516827,-187.20641113524107
5223.767428613791,5041.302727567165,182.46470104662603
5204.260511752892,5121.348056607731,82.9124551451605
4633.8999762992735,4559.342420478174,74.55755582109941
4622.033252735158,4378.860674782272,243.17257795288606
4633.8334804304295,5273.786114475165,-639.9526340447355
4617.707282820668,4149.122906748971,468.5843760716971
4625.225333370149,5216.378747635069,-591.1534142649198
4606.894238044057,5207.935045449058,-601.040807405001
4594.046010920139,4955.2731065782145,-361.2270956580751
3832.606300423343,5412.775906512386,-1580.1696060890436
3847.3739878898473,3932.7658177531216,-85.39182986327432
3839.135259122027,4873.914400375128,-1034.779141253101
3850.2283546094245,4919.120507798891,-1068.8921531894662
3821.276329489779,4901.464021300844,-1080.1876918110652
3827.057179553748,4542.095581933338,-715.0384023795896
3821.532433457792,4953.569044972639,-1132.0366115148468
3837.8012397861385,4958.409605898009,-1120.608366111871
3134.1903516373322,4650.957724879147,-1516.7673732418143
3141.300465884622,4670.856871796739,-1529.556405912117
3122.820030539628,4891.089474026746,-1768.2694434871178
3133.201785775073,5238.714629808574,-2105.5128440335006
3700.0812395914227,4661.014477144412,-960.9332375529893
4065.3515644551876,4903.719710287855,-838.3681458326678
4054.9139960613516,5121.742600760071,-1066.8286046987191
4078.140315214711,4430.92781165891,-352.7874964441994
4048.464893865937,5155.132471044632,-1106.6675771786954
4463.8726398996805,5172.224890711146,-708.3522508114656
4479.997146667543,4560.5457163422325,-80.54856967468913
4460.032062619918,4636.087838022429,-176.05577540251124
4476.966577698523,5162.985502779638,-686.0189250811154
4469.582153228738,4641.457087495082,-171.8749342663441
4469.749713351719,3857.3678243814797,612.3818889702393
4482.14834150156,5368.191349464414,-886.0430079628541
4474.1320488724095,4559.261460501581,-85.12941162917105
4475.023855975354,5200.5285241500815,-725.5046681747272
4489.107334827168,5129.982109657946,-640.8747748307778
3162.660579951564,5195.326221970055,-2032.6656420184904
3162.631969920554,5227.932203875325,-2065.300233954771
3172.1137846990755,4653.411536997379,-1481.2977522983033
3637.7465544654533,4552.71291915389,-914.9663646884364
3620.8112880921676,3177.853277806322,442.95801028584583
3638.760031272745,5143.349856147571,-1504.5898248748258
3641.273505195905,3924.4771305829004,-283.20362538699555
4155.017534661353,3929.314987243033,225.70254741832014
4151.234371435035,5032.923450644489,-881.6890792094537
4153.40123610794,4544.308467353152,-390.90723124521173
4160.756043176031,5135.581707325124,-974.8256641490925
4148.7245661731495,3847.0850372523178,301.6395289208317
4545.289185232461,4398.687741762784,146.60144346967718
4549.187461201047,5439.837452785801,-890.6499915847544
4521.225366388975,3144.934112251881,1376.2912541370943
4531.451621378903,4545.930187127119,-14.47856574821617
4936.626822850012,5110.938377266731,-174.31155441671854
4917.572642287342,3149.8563369157246,1767.7163053716176
4952.513409058279,5006.511119990847,-53.997710932568225
4938.557570389313,4649.255173676167,289.30239671314575
4918.807469165272,5185.522238093576,-266.7147689283038
4938.511428904489,4520.631295849997,417.88013305449203
4933.1477037318555,3944.295698507572,988.8520052242834
4954.082090095694,4416.6815424484,537.4005476472939
4926.239535749424,4329.223375559406,597.0161601900181
4180.741081647818,4972.125199934896,-791.3841182870783
3919.3146504030115,5121.560844207569,-1202.2461938045576
3911.3239434336083,5126.994769813507,-1215.6708263798992
3920.6538599478454,5150.310934700029,-1229.6570747521837
3918.557682801006,5234.841333557802,-1316.2836507567954
3901.145239861631,4363.34875202922,-462.203512167589
4477.172782429852,5176.781561874643,-699.6087794447903
4467.781860826938,4473.479611656384,-5.697750829445795
4484.284937750268,5040.465202119417,-556.180264369149
4491.592805066971,4819.129018167122,-327.53621310015114
4492.77934063325,3941.7581260229167,551.0212146103336
4474.004368514781,4961.284429061007,-487.2800605462262
5138.076236828933,5274.023652079295,-135.9474152503617
5111.536044915752,5244.261802450207,-132.72575753445471
5096.6440090684255,4647.428054086959,449.2159549814669
5135.988652385858,4187.126328950969,948.8623234348888
5129.0388977053335,5252.837277461248,-123.79837975591454
5107.587759714788,4652.242934319762,455.3448253950264
5107.8594537833615,5110.006686010761,-2.1472322273993996
5105.003131984727,4990.478661330632,114.52447065409433
4482.679923331244,3951.3117757411032,531.3681475901408
4481.995598503488,5258.477654132696,-776.4820556292088
4473.669819203018,4960.9681163376235,-487.2982971346055
4474.625550110686,5121.757894637999,-647.1323445273129
4476.742971312667,5275.771159904456,-799.0281885917893
4474.98090221557,4632.3798144910015,-157.39891227543194
3941.6783863640753,5007.068947536033,-1065.3905611719579
3906.0303295926356,5243.934281119583,-1337.9039515269474
3910.018893181976,3856.3638639779438,53.65502920403242
3906.8411063720314,4151.834832167953,-244.99372579592182
3903.2596468029624,4547.269598077667,-644.0099512747047
3134.278071187459,4382.224563371691,-1247.9464921842323
3154.3030563192365,5259.490889999094,-2105.1878336798577
3150.71591661891,5119.309554803667,-1968.5936381847573
3148.189337910914,3859.249497138837,-711.0601592279227
3782.3634896662315,3886.9734935406873,-104.61000387445574
3774.351700652481,4843.3338723052675,-1068.9821716527863
3785.047087237049,4557.060386431741,-772.0132991946921
3756.682565974491,5242.912651411756,-1486.2300854372652
3770.3333176259807,5175.186632805729,-1404.8533151797478
3766.8659033157487,5199.382045258416,-1432.5161419426672
4395.300468377044,5297.242729589167,-901.9422612121225
4384.162906653366,5337.019536708324,-952.8566300549583
4384.9465616633925,5288.107587773448,-903.1610261100559
4364.279085372258,4988.487350093437,-624.2082647211791
4382.022215759813,4196.129022807228,185.8931929525852
4375.948538634248,4777.389553522399,-401.4410148881516
4955.335478095749,3681.018811361254,1274.316666734495
4939.383252067006,4854.537388183101,84.84586388390471
4947.412533566298,4810.39914141289,137.01339215340886
4943.286723536142,5249.0444114003585,-305.7576878642167
4966.301710031806,3954.756972630499,1011.5447374013065
4951.7688565105445,5108.4069690759015,-156.638112565357
5219.074347361581,5233.589562869225,-14.515215507643916
5205.519569826285,5027.974432832568,177.54513699371728
5195.113578618386,4546.379078268192,648.7345003501941
4798.966895237608,4160.9226930689965,638.0442021686113
3131.8213848584724,5168.403965549138,-2036.5825806906655
3142.5451264030326,4483.797816080591,-1341.252689677558
3144.7110841020462,5142.811918418495,-1998.100834316449
3144.914036332447,4964.6530110152635,-1819.7389746828167
3831.886329027278,5081.772666803361,-1249.886337776083
3856.175300208731,5357.999833691956,-1501.824533483225
3831.400926396701,5295.988754382117,-1464.587827985416
3828.945130999857,5117.362302104673,-1288.4171711048161
3827.0085919483076,5158.187642580717,-1331.1790506324091
3835.570081369038,5247.808657334602,-1412.238575965564
3833.586820014333,4850.547483439296,-1016.9606634249631
3836.2921057425287,5237.569252784018,-1401.2771470414896
4624.624094483591,3867.3324404125583,757.2916540710326
4635.705290719952,3182.1830808018058,1453.5222099181465
4618.853957591777,4488.392098858008,130.46185873376908
4602.074054869055,5184.037614494772,-581.9635596257176
4609.560790259051,4539.358654718493,70.20213554055772
4600.4200026636045,5218.344007967777,-617.9240053041722
4636.878398908895,4670.59954461879,-33.7211457098947
5185.039953419998,5245.445078663882,-60.40512524388396
5208.572425422318,4560.105466929603,648.4669584927151
5183.00332519372,4970.6403908651455,212.36293432857474
5190.96513592398,5131.860518000707,59.1046179232726
5169.252512087661,5240.262429533966,-71.00991744630483
5196.124450832685,5289.154997951371,-93.03054711868572
4537.317546254257,5142.383698190084,-605.0661519358273
4538.332822899159,3805.251459894351,733.0813630048078
5205.613846324093,3864.779433989067,1340.8344123350262
5214.149467960981,5272.73644707537,-58.58697911438867
5202.041464106279,5030.24841123858,171.79305286769886
5199.60346340866,5040.123424235937,159.48003917272308
5193.665730515359,4547.747383599361,645.9183469159989
5200.062053970097,4546.567537999705,653.4945159703921
4607.536954360072,5133.539327194409,-526.0023728343376
4624.637047373436,4341.674707223792,282.96234014964375
4612.3238924418065,4042.59556803116,569.7283244106466
4621.472911861682,5138.616550101489,-517.1436382398069
4634.868150414644,4179.016222850921,455.8519275637236
4621.392428143273,4671.016408933953,-49.623980790680434
4615.03453128563,4977.290994111301,-362.2564628256714
3850.1755198276305,3872.0347491769685,-21.859229349337966
3828.794599445771,4637.359785902924,-808.5651864571532
3824.8354853475066,5256.204687192699,-1431.369201845192
3832.7365037547675,4151.028841958863,-318.2923382040958
3824.408021240333,5230.2073257865495,-1405.7993045462167
3819.407401630097,3931.89211764879,-112.48471601869323
3810.9644391457236,3656.1059831582925,154.85845598743117
3832.354827115655,4391.164704403081,-558.8098772874255
3132.5191187520254,4631.574919946953,-1499.0558011949274
3132.147404394005,4985.581203537398,-1853.4337991433931
3151.6484244932835,3944.5496881374966,-792.901263644213
3130.8128112557038,4630.25149799709,-1499.4386867413864
3708.967892830902,5401.98620668026,-1693.0183138493576
4068.5603237208225,4555.218319022147,-486.65799530132426
4059.253221635877,4955.466187985737,-896.2129663498599
4059.101485996549,4513.134494884715,-454.0330088881665
4057.2266805352406,4642.351761765235,-585.1250812299945
4465.6538202159745,5170.549990116638,-704.8961699006632
4464.784085587031,5140.871932458181,-676.0878468711498
4473.997871396915,4656.642634869653,-182.6447634727383
4477.0098588058845,4935.345356286382,-458.3354974804979
4458.901826217569,5196.383037876851,-737.481211659282
4484.4790786472895,5153.460074177688,-668.9809955303981
4474.365535670233,4854.341304461295,-379.97576879106236
4458.942733558573,4641.581356940038,-182.63862338146464
4476.468413213365,5179.284763718705,-702.8163505053399
4463.979758137601,5133.053781390646,-669.0740232530452
3179.617595739227,4665.37941993179,-1485.761824192563
3166.6857888250756,3859.0477109829194,-692.3619221578438
3142.995079621896,4973.549027910517,-1830.553948288621
3653.713120314983,5159.8715087634755,-1506.1583884484926
3634.776183228516,3153.4306872681523,481.3454959603637
3636.5659886183485,5202.719142491659,-1566.1531538733107
3628.0796911767584,5217.423904672988,-1589.3442134962297
4164.108333720172,4680.244594476576,-516.1362607564042
4174.404549809128,5182.713825149442,-1008.3092753403134
4159.386505389857,4827.257739340958,-667.8712339511012
4168.478235168048,5064.36686611694,-895.8886309488926
4164.356147861858,5326.838434691884,-1162.4822868300262
4560.738041696687,5323.385628694818,-762.6475869981305
4539.303777715454,3927.0049166122812,612.2988611031728
4542.207892725122,3167.3900134038863,1374.817879321236
4567.074187151934,4808.923184017673,-241.84899686573863
4921.607177172143,4055.682422832795,865.9247543393476
4934.874794181253,5141.996663857706,-207.12186967645357
4934.37099895594,5357.98110107788,-423.61010212194014
4937.234130686799,5137.9176994759855,-200.6835687891862
4951.540961852038,4177.903014827809,773.6379470242291
4936.295534427078,4833.654925925455,102.64060850162241
4939.965956916954,5027.355810412226,-87.38985349527138
4935.707573438647,4955.739589032291,-20.032015593644246
4936.837161372437,5373.571383192058,-436.7342218196218
4165.640234105493,4298.659279038491,-133.01904493299844
3919.3146504030115,4661.537904952517,-742.2232545495058
3917.0201527116774,4560.204253385736,-643.1841006740583
3912.4481511403037,4933.660967201265,-1021.2128160609609
3910.019458788122,4817.4669012721115,-907.4474424839896
3916.9636699555517,4384.050870254293,-467.0872002987412
4479.867708462148,5381.91696648533,-902.0492580231821
4479.600914164502,5027.383834887339,-547.7829207228369
4474.818708764249,4496.248054469174,-21.429345704925254
4475.988608951772,3635.19747984429,840.7911291074824
4482.581111597742,3858.6404224490643,623.9406891486778
4475.576693282165,5351.723909733419,-876.1472164512534
5111.041554024206,5261.744830855188,-150.70327683098276
5115.47641292632,4643.190818146788,472.2855947795324
5104.955911847617,4480.084332044918,624.8715798026997
5121.096958274619,5143.200245031126,-22.10328675650635
5116.047105598749,3962.356754380521,1153.690351218228
5115.992780499558,5248.341087487442,-132.34830698788392
5119.587773350714,4496.019806675695,623.5679666750193
5103.27623458526,4387.350331193436,715.9259033918233
4474.381722570796,4161.330070079643,313.0516524911536
4478.170944102413,4547.495251752847,-69.3243076504341
4473.26933569157,3851.917125060332,621.3522106312375
4493.451798077227,3853.5852273644136,639.8665707128134
4474.98090221557,5154.269679839893,-679.2887776243233
4467.518896531914,4661.574820029631,-194.05592349771723
3917.7086383104474,3956.982928441081,-39.274290130633744
3904.735876942857,3851.982630675605,52.75324626725205
3913.9011912689543,4652.648064013201,-738.746872744247
3918.9542962115224,4868.877321200295,-949.9230249887728
3916.7417609109025,3927.8247612776613,-11.083000366758824
3157.7911449935964,4516.922547507725,-1359.1314025141282
3134.0834789641335,4531.943349064489,-1397.8598701003552
3133.799292465551,5227.9891501286775,-2094.1898576631265
3148.0305664870316,5088.796611540345,-1940.7660450533135
3771.9857864227597,4545.703548625389,-773.7177622026293
3776.9956358198615,4273.62722015879,-496.6315843389284
3780.9595195933425,4495.156281603603,-714.1967620102605
3761.229214085099,5159.26835150505,-1398.0391374199512
3786.572191664361,3862.056615209851,-75.48442354548979
3763.9774051743593,5131.162884607812,-1367.1854794334527
4380.870586413777,5109.2447224509815,-728.3741360372042
4383.523366906228,5258.719654370179,-875.1962874639512
4363.980502865207,4644.624200689096,-280.64369782388894
4375.788730051814,5333.933635797392,-958.1449057455775
4377.910199050799,4663.345879961513,-285.4356809107139
4375.189762497612,5158.629717458438,-783.4399549608261
4947.412533566298,4492.575818274482,454.8367152918163
4945.434435519984,4965.154656947315,-19.720221427331126
4938.3886743964285,5158.216299112871,-219.8276247164422
4948.444898359743,4654.990005377499,293.454892982244
4944.893806095102,5198.1212747724985,-253.22746867739625
4966.550051175575,3675.850948592492,1290.6991025830835
5213.76410207772,3799.3892069458993,1414.3748951318207
5209.094578688666,4170.400154720963,1038.6944239677032
5213.323636255415,3806.846440355711,1406.4771958997044
4830.375689789536,3170.1382064238765,1660.23748336566
3138.903681081325,4548.681992097884,-1409.7783110165592
3150.873859137247,5104.028874147149,-1953.1550150099015
3149.59217706556,4505.1009346574365,-1355.5087575918765
3124.6711255403416,4570.356840912849,-1445.6857153725077
3836.0918186407202,4049.1280281591344,-213.03620951841413
3861.69893766655,5246.078771066921,-1384.379833400371
3832.455155981889,4829.139031731381,-996.6838757494916
3834.0544947403578,5337.737083020042,-1503.6825882796838
3849.7398597581996,4673.518155761419,-823.7782960032191
3840.2469066207377,5154.024004240311,-1313.7770976195734
3829.6515083557574,4548.099612529622,-718.448104173865
3829.9205242845997,4971.187470630758,-1141.2669463461584
4604.467512855927,3789.2347478489514,815.232765006976
4609.560790259051,5234.67652118612,-625.1157309270693
4625.6714235880745,4783.336610565678,-157.6651869776033
4629.401360640718,4658.866452204528,-29.465091563810347
4624.047176596722,4987.202552200093,-363.1553756033709
4641.63360266543,5169.547793629934,-527.9141909645041
4613.27042506904,5220.5355060944685,-607.2650810254281
5196.857349221905,5133.649827728003,63.20752149390137
5197.205553274585,5126.9109725978315,70.29458067675387
5205.673140146176,5127.617240218851,78.05589992732439
5196.388958502565,4664.639025164646,531.7499333379192
5199.411515504262,4499.176430736204,700.2350847680582
5197.394279291115,3791.2401627853983,1406.1541165057165
4540.666415182472,4048.7789017897067,491.88751339276496
4541.051579927775,5027.557470379243,-486.5058904514681
5202.219642465978,4670.136898779807,532.0827436861709
5189.772813476335,5155.081787568239,34.69102590809598
5204.389229565502,3663.749056565558,1540.6401729999443
5209.506514752699,3940.664505561259,1268.8420091914404
5194.14122172074,4310.382906999076,883.7583147216637
5191.939169089378,4540.715953680048,651.2232154093299
4624.6607660912605,4384.918184941028,239.74258115023258
4624.821917577977,5031.984641318148,-407.1627237401708
4612.4390905353275,5229.4233291169485,-616.984238581621
4632.679909830146,3870.307309178846,762.3726006513002
4615.605220716743,4931.730549401275,-316.1253286845322
4628.667580672314,3808.697948115558,819.9696325567561
4617.2737935810155,5250.205554129366,-632.9317605483502
3825.0704936129373,4628.713000341345,-803.6425067284076
3829.018285507528,4982.56430836704,-1153.546022859512
3830.271760938245,5204.422037840406,-1374.1502769021613
3843.303481443596,5137.911695768647,-1294.6082143250514
3846.293626116515,5308.871765390034,-1462.578139273519
3842.2030196154647,5141.856414992803,-1299.6533953773387
3832.730125015863,5253.098122923852,-1420.3679979079893
3838.4766894680815,4556.617760596785,-718.1410711287035
3138.55460886716,5229.752908583691,-2091.1982997165314
3152.097366652391,5239.988813364651,-2087.89144671226
3138.279514059937,4985.685876155415,-1847.406362095478
3145.510707182148,4653.536014634991,-1508.0253074528432
3684.8217062764325,3784.7999028455633,-99.97819656913089
4074.2487976211833,3866.5645752573064,207.68422236387687
4070.6042871588534,4343.883745719153,-273.27945856029964
4065.328161662362,4967.861613853129,-902.5334521907666
4087.3396479320527,4663.6965723782,-576.3569244461469
4463.2244968829855,3874.9248717112846,588.2996251717009
4446.8180603755245,4652.126511552787,-205.3084511772622
4458.942733558573,4541.2059877796355,-82.2632542210622
4482.648835014867,4684.187516496438,-201.53868148157107
4440.092688022978,5134.268273713301,-694.1755856903228
4486.104652936595,5123.447947069708,-637.343294133113
4467.619947892374,4607.525181787347,-139.9052338949732
4462.126380099901,5267.946099264664,-805.8197191647623
4465.327594041803,5293.605117276326,-828.277523234523
4453.573030235907,4378.908153782391,74.66487645351572
3166.840474657178,5146.645324814354,-1979.8048501571761
3159.5393830578173,5184.59112756821,-2025.0517445103928
3150.599471458033,5233.747351624536,-2083.1478801665035
3629.941046932056,5240.902732799258,-1610.961685867202
3640.6545149232943,5143.704998238022,-1503.050483314728
3650.768917192897,4670.824881431405,-1020.0559642385078
3632.0260994362616,3970.5491480021997,-338.5230485659381
4170.984976535419,5134.972909396948,-963.9879328615289
4168.327288689536,4345.632823074962,-177.30553438542665
4159.934259019922,4776.16121505273,-616.2269560328077
4175.41582144325,3170.873583218914,1004.542238224336
4149.507300639387,4164.577762640798,-15.070462001411215
4544.0805549915785,4962.105356051533,-418.02480105995437
4558.765752011836,4575.1336196508355,-16.367867638999087
4566.030409999802,5055.818238135783,-489.7878281359808
4528.459336690517,4665.529021756379,-137.06968506586145
4950.42423028518,4646.220244479098,304.2039858060816
4924.583795148664,3844.763713117735,1079.820082030929
4942.675393464124,3957.717675652598,984.957717811526
4925.822056394377,5133.598650825444,-207.77659443106677
4973.238272356856,4867.886022576916,105.3522497799404
4926.398158203814,5113.710432024046,-187.3122738202319
4933.769123256683,5269.147523547603,-335.37840029091967
4928.003003363046,5386.448925789859,-458.4459224268121
4941.392753430706,4491.860627617529,449.5321258131771
4173.448158405002,4162.838256072033,10.609902332968886
3919.3146504030115,4964.853167946633,-1045.5385175436218
3896.6001457153284,3784.9107483624657,111.68939735286267
3907.363322535943,5024.319337881049,-1116.9560153451062
3914.6158557043905,4679.789705056771,-765.1738493523803
3900.0252365016195,4951.150981935059,-1051.125745433439
4482.322592915133,5165.980935354312,-683.6583424391793
4484.25564222611,5140.753677985783,-656.4980357596733
4486.834912681583,4527.951991571239,-41.11707888965611
4473.441660591013,5135.472883519538,-662.0312229285255
4472.514496123764,5069.173721342246,-596.6592252184819
4492.892693412355,5276.219964185484,-783.3272707731294
5112.607637452775,5167.757574523423,-55.149937070647866
5113.244178029357,3856.7657728638605,1256.478405165496
5112.786709980883,4396.491351076846,716.2953589040371
5101.391723017831,4663.198891493526,438.1928315243049
5122.40865151782,5124.443932614911,-2.0352810970916835
5093.274487027558,4760.945281845095,332.32920518246283
5133.246452406359,3166.676005288643,1966.570447117716
5110.354048329804,5168.780306976102,-58.426258646298265
4478.820506183982,3320.372022278406,1158.4484839055758
4486.705958713376,5156.072044649774,-669.3660859363981
4499.821849225821,4655.853746484271,-156.03189725845004
4486.708655078468,5205.316372230739,-718.6077171522711
4513.988069474325,5248.961172582444,-734.9731031081192
4493.849896276078,4678.394199280763,-184.5443030046854
3913.8523736191155,4280.036696359478,-366.1843227403624
3898.230239869122,4857.937952604735,-959.7077127356129
3907.370459580417,3164.1209264460135,743.2495331344035
3904.4004379440844,3382.8148040878536,521.5856338562307
3912.632116565852,3923.3649054636626,-10.732788897810678
3159.0564115464467,4427.40433565656,-1268.3479241101131
3142.2766845099486,4543.787272269893,-1401.5105877599444
3146.8310551848163,4938.580612108018,-1791.7495569232015
3146.438131350625,4859.287856671203,-1712.8497253205783
3758.246972315231,4466.849351550592,-708.6023792353608
3755.498763971138,4526.989128011419,-771.4903640402808
3762.645670706186,4163.909862837816,-401.2641921316299
3782.975892980237,4652.103697076617,-869.1278040963803
3776.7396668988263,4643.816164314001,-867.0764974151748
3789.6539124796527,5271.934342098874,-1482.2804296192216
4391.477877237866,3173.9233649272624,1217.5545123106035
4375.673819533711,4961.923861679952,-586.250042146241
4363.459496161353,5025.926264595168,-662.4667684338147
4395.751196404293,5130.3945639311905,-734.6433675268972
4379.824062918799,5115.126489672111,-735.3024267533119
4382.017346534527,4863.654086210629,-481.6367396761025
4966.301710031806,4566.3294764955945,399.9722335362112
4945.649234622736,4489.153621100806,456.49561352192995
4944.893806095102,5119.546664885841,-174.65285879073872
4942.023574116859,4491.639249126633,450.38432499022565
4958.357298655516,4971.156985559261,-12.79968690374426
4963.746628767284,5182.633258936967,-218.88663016968258
5199.826280330564,4002.233689260408,1197.5925910701562
5219.4118453973115,4569.800551576881,649.6112938204305
5227.458970216413,4869.890156570156,357.5688136462568
4820.613399997675,5121.594267465411,-300.98086746773606
3146.6056885052135,3669.8702170472397,-523.2645285420263
3144.232658123719,4554.462379631486,-1410.2297215077674
3160.560602358723,4870.423185263798,-1709.8625829050748
3130.327569037909,4490.241752348968,-1359.9141833110584
3838.4171349884837,5108.965539773977,-1270.5484047854934
3834.4641376565337,4920.339039070136,-1085.8749014136024
3828.4465085962875,5110.619622449184,-1282.1731138528967
3836.989134334219,4379.874995998275,-542.8858616640559
3835.149353797476,4646.785047356355,-811.6356935588788
3828.276630185612,4631.138366822342,-802.8617366367298
3827.852733223228,4954.579666445776,-1126.7269332225478
3835.16887852298,4248.671402656754,-413.5025241337744
4597.971989019752,4527.656611778414,70.31537724133796
4609.915330124832,4007.0349217139847,602.8804084108469
4626.752450553662,4521.419225640179,105.33322491348281
4631.278466914613,5095.197218640277,-463.91875172566415
4614.647137379586,4963.738002132359,-349.0908647527731
4637.2603329882195,4188.234492738796,449.0258402494237
4618.287077347347,4637.123774535058,-18.836697187711252
5217.15786565234,4383.242047633612,833.9158180187278
5175.35779911266,3901.0327912315674,1274.325007881093
5189.136327027739,4667.244841534818,521.8914854929208
5187.461182897707,5102.236879770035,85.2243031276721
5219.742981853716,3676.2100975207154,1543.5328843330003
5188.916360588574,5322.720035293908,-133.80367470533383
4548.886455226542,5164.7159879188775,-615.8295326923353
4569.798762748868,5242.08025585704,-672.2814931081721
5212.798242321327,5160.289943445902,52.50829887542477
5218.130666352708,4169.659624936259,1048.4710414164492
5190.84488564278,5115.642743804345,75.20214183843564
5183.442861153976,5317.596074833093,-134.15321367911656
5181.5393540929845,4534.638851582233,646.9005025107517
5193.801803995464,5237.037555627496,-43.23575163203168
4629.139222769269,5002.375128870433,-373.2359061011648
4620.408825631939,4372.012873977023,248.39595165491573
4626.5508524623865,5269.414494840145,-642.8636423777589
4606.401585556107,5124.121752675399,-517.7201671192915
4602.664897418098,4529.546590108102,73.11830730999645
4624.949680790278,5140.822511150357,-515.8728303600792
4626.345609523443,4670.060825514168,-43.71521599072457
3846.293626116515,5152.331059413404,-1306.0374332968886
3839.2519290452988,4813.43752765067,-974.1855986053711
3822.3496189419534,5281.691599065073,-1459.3419801231198
3831.7519562501625,5043.014563023121,-1211.2626067729584
3839.556437954487,4646.754863456602,-807.1984255021148
3824.3282426682695,3377.6511867850613,446.67705588320814
3842.670463617863,4996.534034350947,-1153.863570733084
3838.2928792547305,5225.30998316055,-1387.017103905819
3141.1117399825894,5272.7374793809795,-2131.62573939839
3136.9735819455404,5173.799635084276,-2036.8260531387355
3136.5828892227723,4666.55119704228,-1529.968307819508
3132.5265660894543,3845.1084791530293,-712.581913063575
3703.102679842195,5006.491644883418,-1303.3889650412234
4055.2584266579074,4540.080615404343,-484.8221887464356
4072.383398779913,4549.72124030651,-477.33784152659655
4059.7847439522184,5018.442771562397,-958.6580276101786
4072.993685809452,5128.771923562612,-1055.7782377531598
4468.573167066731,3913.6380538896415,554.9351131770895
4483.426704255905,4866.960015044348,-383.5333107884435
4445.588253965692,4652.685825391776,-207.09757142608396
4461.312120472402,4628.3541741432,-167.04205367079794
4459.2795066945155,5117.923040855499,-658.6435341609831
4473.722893713276,3856.3969612326973,617.3259324805786
4470.77974624221,3950.8260386975144,519.953707544696
4462.465865648917,4664.280487455116,-201.81462180619837
4491.209725657151,4950.618785809162,-459.4090601520111
4504.69424282251,5270.738756235051,-766.0445134125412
3163.093251558368,5263.50605926699,-2100.4128077086216
3160.0716844342114,4658.151301041887,-1498.0796166076752
3160.079608400841,4476.889693460743,-1316.8100850599017
3634.6668962179237,3804.7383131419256,-170.07141692400182
3635.644618461651,5135.5889808881475,-1499.9443624264964
3640.8951414339185,5302.062106144034,-1661.1669647101157
3649.3690696322606,4976.061132290751,-1326.6920626584902
4160.643506974047,5202.972974781397,-1042.3294678073498
4160.669124737865,5084.7815015214155,-924.1123767835506
4186.444220532217,3175.130421522672,1011.3137990095447
4161.015029628438,5348.744208668405,-1187.7291790399668
4164.577870906963,4610.930897661089,-446.3530267541264
4538.802111731891,3341.896584579621,1196.9055271522702
4550.180724073817,3171.843754311472,1378.3369697623452
4531.349234058271,4546.448081516164,-15.098847457893498
4530.384066756392,5165.110194094731,-634.7261273383392
4950.733922133079,4661.548102107814,289.18582002526546
4925.275015531975,4946.571090033627,-21.296074501651674
4924.814992331024,4894.629111812596,30.18588051842744
4953.031140249055,5415.179534597986,-462.1483943489311
4944.236998072947,4373.6721419204205,570.5648561525268
4944.882671686168,4387.064122744107,557.8185489420603
4915.00633173714,3137.9883835054284,1777.0179482317112
4947.518731407336,5267.936809897417,-320.4180784900809
4937.9786619157585,4400.829730918764,537.1489309969947
4174.4386053221815,4545.492745444192,-371.0541401220107
3919.3146504030115,5042.636660613683,-1123.3220102106711
3917.5578983344185,4530.061211563607,-612.5033132291883
3917.2104173097387,4858.637837251952,-941.4274199422134
3912.8461371615717,3820.1320065286372,92.71413063293448
3898.6769379911952,4326.772638502926,-428.09570051173114
4476.780996664489,5166.345734920761,-689.564738256272
4480.414495867722,5115.504819011918,-635.0903231441962
4494.949561505294,4438.818584478292,56.13097702700179
4484.959451972623,4673.141333014797,-188.1818810421737
4461.948765668359,5250.25072540132,-788.3019597329612
4480.898293943353,4970.287447130151,-489.38915318679847
5113.069858378466,5173.079661151072,-60.009802772606236
5104.955911847617,5112.703275076519,-7.7473632289020316
5120.809668785105,5280.361288480433,-159.55161969532855
5107.398947620012,3845.3693533700475,1262.0295942499647
5137.810535421659,4697.679099722077,440.13143569958174
5099.848755917373,4380.24773537753,719.6010205398425
5112.858386464402,4635.271569887263,477.58681657713987
5122.843448221465,4643.407675324461,479.4357728970044
4493.22542246331,4653.583989587859,-160.35856712454915
4476.993217267813,4545.49521470233,-68.50199743451685
4489.538413411773,4801.244789819682,-311.7063764079094
4495.627441524268,5185.737186271986,-690.1097447477177
4482.171587558266,5241.104249935736,-758.9326623774705
4476.697391762234,4424.741913652425,51.95547810980861
3898.230239869122,5230.114306879942,-1331.8840670108198
3917.337627681284,5226.747325695898,-1309.4096980146142
3901.324652287449,4156.587529974831,-255.26287768738212
3907.1030477198933,5304.520829231957,-1397.4177815120634
3923.2482085839065,4374.78241988164,-451.53421129773324
3154.336677103488,4403.846889228472,-1249.5102121249838
3135.7166930125386,4659.913152233233,-1524.1964592206941
3136.3836876814967,5249.614477136957,-2113.2307894554606
3123.045305368274,5093.647299683125,-1970.6019943148513
3772.6761664793817,4668.952370878365,-896.2762043989837
3788.5824427822895,3875.672564186316,-87.09012140402638
3763.9774051743593,4177.223532311501,-413.2461271371417
3765.485033831356,4961.30799475698,-1195.8229609256246
3791.9770233260406,3872.63597642634,-80.65895310029964
3773.462899115188,4642.327062192978,-868.8641630777897
4381.041925150082,4999.114855441342,-618.0729302912605
4369.166779785915,4982.099143742321,-612.9323639564054
4379.629054449616,4854.019995102746,-474.3909406531302
4368.783072477255,4631.7409973946815,-262.9579249174267
4381.408569844352,4491.746325236496,-110.33775539214366
4384.678303696935,4491.678244163491,-106.99994046655684
4967.103812161788,4503.214988515463,463.88882364632445
4947.89555810223,3800.2899941179885,1147.6055639842416
4957.494128624032,3796.3169124291503,1161.1772161948816
4943.6994292691315,3797.4703457889655,1146.229083480166
4940.747443478362,5020.213765263826,-79.46632178546406
4958.956005096386,4195.108799306567,763.8472057898198
5211.133051597302,4272.197757700138,938.9352938971642
5211.294813463585,5128.237400365963,83.05741309762197
5212.360967689634,4549.696530577693,662.664437111941
4834.228333166159,3328.7598479330077,1505.4684852331516
3119.570876403272,5279.040912605747,-2159.4700362024746
3141.0854322437663,5240.395923965749,-2099.3104917219825
3138.5593662962942,5289.156096148534,-2150.5967298522396
3145.284667457212,5144.163751763153,-1998.8790843059414
3840.2469066207377,4867.437048072824,-1027.1901414520862
3830.7093052211794,4161.582810747196,-330.87350552601674
3834.02232146382,4390.674981971089,-556.6526605072695
3812.589631470768,4823.422355020291,-1010.8327235495235
3827.281457022147,3659.6630234523313,167.6184335698158
3855.459318377872,3956.0785500906463,-100.61923171277431
3824.531053171466,4851.215333492019,-1026.6842803205536
3842.189688670813,3181.6340241913963,660.5556644794169
4611.15286459251,5082.325068887871,-471.17220429536064
4610.650901710049,4627.750057867326,-17.09915615727732
4627.208577037927,4658.901605094864,-31.693028056936782
4609.318548477189,4645.078359942342,-35.75981146515278
4613.9347348062465,3853.072844360544,760.8618904457026
4626.6611349479745,5345.734362568897,-719.0732276209228
4615.945678539048,5168.909672599957,-552.9639940609095
5187.461182897707,4390.908455314122,796.5527275835848
5185.747592119587,3672.7231727388635,1513.0244193807239
5214.21170712625,4868.177401789342,346.0343053369079
5198.94444031772,4547.835456822095,651.1089834956256
5219.08674265798,4358.408146927471,860.6785957305092
5188.726941991892,4415.402904698242,773.3240372936498
4542.297441408659,4873.026022716455,-330.72858130779605
4547.654005434392,5261.4923491105355,-713.8383436761433
5213.070157402849,4349.942295569062,863.1278618337874
5189.899728227383,4962.596627013516,227.3031012138672
5208.346673152048,4647.5686424393525,560.7780307126959
5198.993274254757,5122.176275257036,76.81699899772138
5199.15951428014,5365.862492709166,-166.7029784290262
5186.0189638081,5224.74155146721,-38.722587659110104
4624.004004391991,4495.905012824194,128.09899156779647
4627.434443743177,5120.900625089011,-493.4661813458333
4623.76380781119,5176.927607789081,-553.1637999778904
4612.868318668992,3856.020136623148,756.8481820458442
4626.706839349643,5124.8822138410405,-498.17537449139763
4639.895329813988,4658.423222247211,-18.527892433223315
4602.144167152451,5127.754649802942,-525.6104826504916
3846.6938906518376,4572.61783299995,-725.9239423481126
3834.7861876481425,4898.941714016859,-1064.1555263687164
3852.430620314021,4183.265067228651,-330.83444691463
3837.9868996766036,4853.758895740831,-1015.7719960642271
3841.2945367877664,3865.9352559002805,-24.640719112514034
3837.9634091314097,5279.885691054922,-1441.9222819235124
3847.7647760902214,5126.260657978149,-1278.4958818879272
3829.552989751435,4548.4247456741905,-718.8717559227557
3143.9124217663352,4640.958758287125,-1497.0463365207902
3128.823821369702,4155.139893677563,-1026.3160723078613
3137.5526064507876,5112.038791188929,-1974.4861847381417
3149.432333994758,3174.3770762759923,-24.944742281234085
3665.4595658725,4995.336749108853,-1329.8771832363527
4071.2662934119435,4996.6564312522105,-925.390137840267
4058.3534211690226,5328.38000763877,-1270.0265864697471
4072.0326293030676,4346.084324134297,-274.0516948312297
4061.235475784158,4858.800926930848,-797.5654511466896
4475.465090297785,4654.259905698189,-178.79481540040433
4461.180563910268,4901.645367514991,-440.4648036047238
4471.107903983015,4654.482533691383,-183.37462970836805
4470.22237570379,3670.5783335599467,799.6440421438433
4457.027920082865,5124.125821197739,-667.0979011148738
4472.430812935577,4384.860682021734,87.57013091384306
4455.151800204881,5129.0881563220555,-673.9363561171749
4475.970220239409,3961.0183889618797,514.9518312775294
4449.3183355521105,4175.440823472739,273.8775120793716
4464.465308949043,4541.82677440481,-77.36146545576685
3170.4488047131654,4550.794780840317,-1380.3459761271515
3162.168791786723,4994.911828577985,-1832.743036791262
3161.0262649328324,4271.923642654565,-1110.8973777217325
3632.6079195825114,5118.99647235309,-1486.3885527705788
3638.450852634498,5284.981234417962,-1646.5303817834638
3648.755214825964,3174.1391784295647,474.61603639639907
3644.707775497446,5147.83135777683,-1503.1235822793842
4163.888363677023,4503.5388818824085,-339.6505182053852
4163.241016920895,4491.8066078667,-328.5655909458046
4201.049981897361,4415.428249452659,-214.3782675552975
4162.858075905081,4485.29960978349,-322.44153387840925
4144.945530928966,3901.378467754883,243.56706317408316
4560.523581122052,5360.799121202878,-800.2755400808264
4526.140935793189,4629.187660092232,-103.04672429904349
4525.656012004581,4962.472956175698,-436.81694417111703
4531.786741175465,5295.011907272801,-763.2251660973361
4956.0990927409075,4983.850823911201,-27.75173117029317
4952.591783342428,4018.400619911812,934.1911634306161
4928.498418535203,4641.7546646277415,286.7437539074617
4931.51844080441,4295.106413312375,636.4120274920351
4938.358959477122,4428.007223929881,510.35173554724133
4924.373885262254,5122.9716065664925,-198.5977213042388
4949.208564422333,5135.738720141671,-186.53015571933793
4962.964470420158,5141.70588178502,-178.74141136486196
4945.608053831982,5247.262422347601,-301.65436851561935
4186.527596079183,4996.640164741684,-810.112568662501
3919.3146504030115,5138.138404402044,-1218.8237539990328
3890.026429064596,5121.995590428506,-1231.9691613639102
3914.3253311828785,5340.881132976472,-1426.5558017935937
3883.064554392573,3983.1811794411465,-100.1166250485735
3882.858674055523,4587.482742738168,-704.624068682645
4465.24268300885,4905.610094201476,-440.3674111926266
4489.674481564099,4171.335770691886,318.3387108722127
4475.872163151878,3930.980696577503,544.8914665743755
4482.581111597742,4988.654470110016,-506.07335851227344
4483.915014982878,4838.143650304488,-354.22863532160954
4500.410486808489,4564.6949627128815,-64.28447590439282
5108.694072798291,3850.014824466067,1258.6792483322242
5123.194870524179,5096.858396656807,26.33647386737266
5126.918887218148,5101.226391103384,25.692496114763344
5120.067170164837,4640.085335280551,479.9818348842864
5099.931471436374,4593.071398307558,506.8600731288152
5103.27623458526,4995.4909887878675,107.78524579739224
5119.802372079921,3386.8096435637976,1732.9927285161234
5124.837741905701,4497.2503962454275,627.5873456602731
4491.885620978263,4556.166196238679,-64.28057526041539
4474.967026580586,5176.080013708499,-701.1129871279127
4476.414960563072,4776.00594720359,-299.59098664051817
4470.590760719728,3909.2203425341536,561.3704181855742
4479.299211469148,4991.53483690383,-512.2356254346823
4486.042449234585,4346.020808702921,140.02164053166325
3907.370459580417,5124.335423842831,-1216.964964262414
3901.324652287449,4638.255447732133,-736.9307954446836
3886.6867350080784,5361.912584529591,-1475.2258495215128
3938.1870993101033,4583.749547632076,-645.5624483219731
3916.202626542883,4164.776566395622,-248.57393985273848
3149.1077537839856,4858.067237142963,-1708.9594833589772
3151.576669374801,5266.232375529011,-2114.65570615421
3148.8537103733183,4609.791225371123,-1460.9375149978046
3177.1872976012182,5077.242542222526,-1900.0552446213078
3769.5138225217984,5389.562032622606,-1620.0482101008079
3788.9152790117246,4320.990376049199,-532.0750970374743
3788.1509580132993,5219.716092631062,-1431.5651346177624
3794.466536052611,5159.831244575714,-1365.3647085231028
3798.063350785802,5138.192532358211,-1340.129181572409
3775.9658438317165,5122.36480018197,-1346.3989563502537
4375.189762497612,5223.3705802962,-848.1808177985886
4376.176336755332,5234.845489965262,-858.6691532099294
4374.5537987445305,3793.298806793478,581.2549919510525
4391.829611366313,4387.106713163293,4.722898203020122
4375.977100289908,3913.3824480006483,462.59465228925956
4390.615736684805,3810.6477716615764,579.9679650232283
4946.156711572518,5281.71310803617,-335.55639646365125
4928.446051111931,4155.7565008293805,772.689550282551
4959.068118140013,4968.916610168674,-9.848492028660985
4963.31744286747,4976.086859617715,-12.769416750245
4970.5021031705455,4506.783711839153,463.7183913313929
4942.621474976123,5124.70020620557,-182.07873122944693
5212.360967689634,3853.34411195752,1359.016855732114
5204.884436613013,5258.193143892612,-53.30870727959882
5206.537471257893,4958.388495379714,248.14897587817904
4830.268165591999,4642.184353014229,188.08381257777
3134.4102591946257,3875.435472938318,-741.0252137436923
3135.0289758552162,5241.027071561146,-2105.9980957059297
3136.6280154879514,4008.9905571104746,-872.3625416225232
3137.1197390807956,3867.4556535247466,-730.335914443951
3838.0395430106946,5118.137572927068,-1280.098029916373
3841.179360954656,4516.185329888686,-675.0059689340301
3847.6076539461824,5259.24602031989,-1411.6383663737074
3837.8684662157557,5156.814587298253,-1318.9461210824975
3840.639768413876,4642.836678519295,-802.1969101054187
3836.3919887250763,4838.684120958527,-1002.292132233451
3849.7014755821874,3827.3584424897354,22.34303309245206
3831.801258897704,4730.489338537672,-898.6880796399678
4613.868560590279,4922.3413229129665,-308.47276232268723
4623.855399545293,5058.873950087207,-435.018550541914
4636.637434878639,4414.393976318749,222.2434585598903
4641.39858698864,4872.571418241713,-231.17283125307313
4623.204268473508,3155.189499442125,1468.014769031383
4635.167982182823,4189.157317767887,446.0106644149355
4633.093080637542,4944.022213230082,-310.92913259254055
5221.199930164353,5198.359261021831,22.84066914252162
5206.457252913435,5315.131957901823,-108.67470498838793
5201.6077143241,4838.41006913348,363.1976451906203
5206.830677216444,4558.043818058944,648.7868591574997
5196.601201545616,4667.1055252514,529.4956762942165
5205.447978670425,4527.142873998981,678.3051046714445
4544.303378410865,5259.451859702748,-715.1484812918834
4536.646484743536,5248.7261074815615,-712.0796227380251
5220.39747126707,4563.735247296045,656.662223971025
5201.579404155467,4793.63225751818,407.947146637287
5224.862127406067,4817.805646340614,407.0564810654532
5209.1317654858485,3703.8589438910944,1505.272821594754
5217.285199004413,4973.593518109987,243.6916808944261
5202.771435059062,3861.429262103446,1341.3421729556162
4620.872088492668,4819.904566370799,-199.03247787813143
4612.815531422605,4539.5398908040515,73.27564061855355
4617.3345414907735,4955.793871027539,-338.45932953676584
4636.491147305688,4945.2235040172945,-308.73235671160637
4632.856070716697,5381.72919783713,-748.8731271204333
4615.80508536547,4427.602969765837,188.20211559963354
4620.981039102925,5273.474501902513,-652.4934627995881
3825.27370631108,4840.085972210159,-1014.8122658990787
3839.645890978004,4428.332751448993,-588.6868604709889
3826.674058409108,4327.620284285788,-500.9462258766803
3839.9777646419634,3860.3218596289007,-20.344094986937307
3847.8017719836093,5282.840642146647,-1435.0388701630377
3831.498416752248,5336.162534258177,-1504.6641175059294
3840.6646717179315,5339.929499339631,-1499.2648276216992
3850.9510541593563,3813.379370219859,37.571683939497234
3116.2071782013086,4943.206153554218,-1826.9989753529094
3135.2655932545886,3941.973212114827,-806.7076188602387
3129.7928543168923,5122.399307667655,-1992.6064533507629
3142.807333931693,4549.790841879658,-1406.9835079479649
3701.8742881079334,5155.0025118995545,-1453.1282237916212
4059.784837152357,4649.104432680502,-589.3195955281453
4070.722554473799,5129.984046595385,-1059.261492121586
4062.986419444916,5130.595871409354,-1067.609451964438
4061.2499913982206,4512.181589096219,-450.9315976979983
4447.7856526158475,4620.6696488351245,-172.88399621927692
4464.000279579391,4856.1876321375,-392.1873525581095
4493.445047663646,4879.8775466664765,-386.4324990028308
4459.084672671125,4540.746883822929,-81.6622111518036
4485.7070932710985,3397.0877418193263,1088.6193514517722
4453.068591783178,5160.645300219973,-707.5767084367953
4475.181134837503,4167.601188071226,307.5799467662773
4476.787560958537,5293.548475628846,-816.7609146703089
4457.259037353723,5110.058242840905,-652.799205487182
4466.7625445948215,3917.183657568073,549.5788870267484
3161.56948942689,4880.672879769856,-1719.1033903429661
3163.66742652335,5174.32267934392,-2010.6552528205698
3167.5802125829077,5355.218681435165,-2187.6384688522576
3619.530111232137,4381.474304584672,-761.9441933525345
3640.936660787961,5221.509471982351,-1580.57281119439
3625.007025553902,4385.862397038879,-760.8553714849768
3649.8328287257073,3963.214763326461,-313.38193460075354
4189.269789157025,4631.676700773324,-442.4069116162991
4167.473052375294,4643.211457245304,-475.7384048700096
4165.146054219199,4530.6286426423085,-365.4825884231095
4164.297436111896,5317.841605830715,-1153.544169718819
4163.970621330934,4952.191205922033,-788.2205845910994
4541.616061574027,5125.168562001956,-583.5525004279289
4531.480187196067,4171.275257144976,360.20493005109074
4528.985491802908,4482.010451302515,46.975040500392424
4532.054511194038,5031.41069744393,-499.35618624989183
4941.763130632001,4676.82823550753,264.93489512447104
4931.762934895607,3796.7148528075304,1135.0480820880766
4936.854110650506,5279.875677298766,-343.02156664826
4909.120479929213,4970.973278526464,-61.85279859725142
4952.170616918767,5047.165042724944,-94.99442580617688
4944.421539699771,4861.508478710276,82.91306098949462
4956.464340531169,5261.06459447576,-304.6002539445908
4945.505837507738,4555.325955692322,390.1798818154157
4938.534579549526,4488.221320589426,450.31325896010003
4191.525315464238,3890.287217419905,301.2380980443327
3919.3146504030115,3958.9083919696973,-39.59374156668582
3927.583373432763,5186.7945407618945,-1259.2111673291315
3894.348528459181,4982.776335614769,-1088.4278071555877
3902.0596390704945,4480.7416181779045,-578.6819791074099
3909.089470883581,4997.398049057365,-1088.308578173784
4485.620249426971,5148.146276859149,-662.5260274321781
4474.818708764249,3862.5293873027626,612.2893214614865
4511.090618672208,5294.015849636628,-782.9252309644207
4508.140441672779,4363.989240423732,144.15120124904752
4513.26518860338,5339.9025643140985,-826.6373757107185
4481.72163788218,5311.832395551854,-830.1107576696731
5124.815927018958,4668.2294925345095,456.58643448444855
5121.096958274619,5123.600730921903,-2.5037726472837676
5107.398947620012,4627.789054391521,479.6098932284913
5120.865029920979,5124.875023759664,-4.00999383868475
5104.328561288229,5196.234585560216,-91.90602427198701
5109.263753754451,4644.095473262282,465.1682804921684
5106.277437079771,4630.267664514274,476.00977256549686
5107.390902342596,4328.743055628092,778.6478467145034
4475.771216007086,5030.264829960582,-554.4936139534957
4498.612743659101,5326.86564076194,-828.2528971028387
4476.95165661,5347.867768905508,-870.9161122955074
4481.029036814257,4387.980192389727,93.04884442453022
4481.788759775278,5247.346589023958,-765.5578292486798
4486.921473771718,5182.602368021502,-695.6808942497837
3904.4004379440844,4920.9234147062625,-1016.5229767621781
3907.1030477198933,4605.347078050567,-698.2440303306735
3938.1870993101033,4526.286297710054,-588.0991983999506
3898.252226342986,5018.501955154927,-1120.2497288119407
3900.528694690928,3848.5045799790873,52.024114711840866
3148.126375444776,5340.489261350802,-2192.362885906026
3134.846023324931,5161.209949453359,-2026.3639261284275
3149.262778692623,5166.809839461756,-2017.5470607691332
3146.403624348808,4164.458757881454,-1018.0551335326463
3774.169356332094,5272.278448542605,-1498.1090922105104
3779.536633874822,4176.074759639218,-396.5381257643962
3767.8608455368367,3939.936954323733,-172.07610878689638
3773.2224786643656,4607.967054770665,-834.7445761062991
3756.094267335611,5127.988952549168,-1371.8946852135568
3768.900399352136,4637.77573610941,-868.875336757274
4370.468941941136,4157.897923827765,212.57101811337088
4375.879946374506,3869.8388806606263,506.04106571388
4380.518749705597,5199.959475794986,-819.4407260893895
4382.835217352353,4781.022141288855,-398.18692393650235
4372.080902398792,5084.593030913051,-712.5121285142586
4371.025514763017,4842.717896941316,-471.69238217829934
4949.589876158351,4483.364845492362,466.2250306659889
4942.902089132665,3791.6641611923474,1151.237927940318
4952.9717567070265,4489.056066047214,463.91569065981275
4962.352490261559,4827.4461649155755,134.90632534598353
4966.508972572561,4255.7582938729065,710.7506786996546
4953.452829166708,3181.0984366722478,1772.3543924944606
5192.898763367371,5015.315851230752,177.5829121366196
5191.579749218908,4636.326388170751,555.2533610481569
5209.535666552307,5028.452398644297,181.08326790800947
4836.890490347432,4508.950806492953,327.939683854479
3135.3450568677017,5213.305102840941,-2077.960045973239
3137.2093078423623,3952.8709670483636,-815.6616592060013
3145.7256835942567,3857.6348438188325,-711.9091602245758
3137.989409565231,5289.5154137144145,-2151.5260041491833
3834.1533287593443,4965.198090962709,-1131.0447622033648
3833.872356156588,5134.98150622861,-1301.1091500720217
3829.5364370920142,4369.1088983982445,-539.5724613062303
3837.3880776301517,5116.908413132747,-1279.5203355025956
3835.6329873368554,4483.157433499824,-647.5244461629686
3844.679981337082,4179.689422133218,-335.00944079613555
3834.932476940689,3877.7485377668663,-42.81606082617736
3828.7519797343,5038.427868481017,-1209.6758887467167
4622.541498938089,4014.6085694123462,607.9329295257426
4636.084183629201,5184.493493000662,-548.409309371461
4610.789050905544,5252.977768133744,-642.1887172281995
4609.83686778698,5327.344236680011,-717.5073688930306
4612.652933966751,4421.135937352368,191.51699661438306
4607.9040304390155,4843.480314940988,-235.57628450197262
4612.22843410913,5164.621999769586,-552.3935656604563
5219.794302082079,4856.884291965952,362.9100101161275
5208.974976154492,4498.28717866954,710.6877974849522
5206.190270771318,3953.9970245864306,1252.1932461848874
5191.563363956755,4955.116209216382,236.44715474037275
5185.045616212447,4537.820544415562,647.2250717968855
5197.177854176837,5150.564549937141,46.613304239695935
4534.552929217656,5220.18064356427,-685.6277143466141
4535.448324113878,5135.6404781568235,-600.1921540429457
5223.478637282243,4688.326673500952,535.1519637812908
5196.976358840304,4783.116735205692,413.85962363461203
5208.457333868143,5131.762084748232,76.69524911991084
5217.283835480199,4032.2657475598025,1185.0180879203963
5218.789649526146,5185.6374634045,33.15218612164608
5194.400869910823,5297.343189892836,-102.94231998201303
4612.283689048799,3946.653895971455,665.629793077344
4640.413161475183,4566.673724597973,73.73943687721021
4635.596904053326,4873.2191363005495,-237.6222322472231
4613.377212141845,4833.51373156628,-220.13651942443448
4615.864390778728,4375.15248452443,240.7119062542979
4618.827622478064,5226.952053612551,-608.1244311344872
4620.108404782524,3799.7166398929426,820.3917648895817
3859.511386362335,4691.721560168602,-832.210173806267
3847.3455403207236,4967.9057599214375,-1120.560219600714
3837.7185820933296,4554.087031113202,-716.3684490198725
3840.3753455139495,4612.954675364226,-772.5793298502767
3842.671651908878,5134.583032155764,-1291.911380246886
3832.5176223774083,3921.1474857865983,-88.62986340918997
3833.4967294603503,5300.684565103251,-1467.1878356429006
3839.714418073073,5179.087158034751,-1339.3727399616782
3141.2565248561964,4962.672000367963,-1821.4154755117665
3129.1113238413545,4546.715331684004,-1417.6040078426495
3154.8129389343894,5045.4534256048855,-1890.640486670496
3142.4131218173325,4634.647655365611,-1492.2345335482787
3687.1383531190727,4633.8108431276605,-946.6724900085878
4066.4805795858097,5287.588184892907,-1221.107605307097
4046.762105583261,4587.561238846885,-540.7991332636243
4063.880343574981,4610.868859412429,-546.9885158374477
4070.3483796569844,4308.101196105502,-237.75281644851748
4458.58590928543,4624.370915909947,-165.78500662451734
4480.771422052425,3874.666736119949,606.1046859324761
4467.898240549389,5244.246359567446,-776.3481190180573
4455.44368860804,4410.4201556856915,45.02353292234875
4468.518003142135,3853.3468958568324,615.1711072853027
4460.398117338595,4651.693007350084,-191.29489001148977
4485.249138266593,5133.577180786252,-648.328042519659
4450.789565667288,3909.0990878663283,541.6904778009598
4456.389751129435,4329.371399993166,127.0183511362693
4456.16018095921,5244.738716741238,-788.5785357820278
3145.8538367491196,4523.765003090211,-1377.9111663410918
3161.8080792855967,4850.868911331105,-1689.060832045508
3157.2460381380756,4536.542820747458,-1379.2967826093823
3631.0475309707003,4843.063025377857,-1212.015494407157
3632.111768520708,4006.0758129994692,-373.964044478761
3629.646551450219,5022.187997078996,-1392.5414456287772
3634.458845286975,5260.925583499986,-1626.466738213011
4168.681202958638,4405.832247808339,-237.15104484970107
4166.372423266447,5040.363291464795,-873.9908681983479
4180.451579114909,3880.812502463165,299.63907665174384
4173.93308791377,4569.829571795779,-395.8964838820093
4146.361957918805,3993.0945694753113,153.26738844349393
4526.822342208092,5251.701552580102,-724.8792103720098
4545.535831711897,4550.79357506163,-5.257743349732664
4547.193839554769,4558.434650141705,-11.240810586936277
4549.325922189471,4553.894298334497,-4.568376145025468
4921.855145570641,5229.376910475787,-307.5217649051456
4938.915829472619,4644.320456330206,294.59537314241334
4939.676395602856,5145.3357163862065,-205.65932078335027
4960.540855179803,4394.498376671574,566.0424785082287
4945.246110714605,4847.126071344906,98.12003936969813
4950.450813921791,5232.305049303583,-281.8542353817911
4934.052039705999,4960.209996359665,-26.15795665366568
4959.010832722311,5134.287571328448,-175.27673860613777
4924.483533283875,4624.02697701832,300.45655626555435
4175.5805348834065,4661.167473538092,-485.5869386546856
3919.3146504030115,4495.359501091947,-576.0448506889356
3909.461260633165,3951.2974607183223,-41.83620008515754
3911.3195139857785,5136.318582699123,-1224.9990687133445
3903.760060807369,5283.886543077352,-1380.1264822699832
3895.8494746770534,4542.629036751509,-646.779562074456
4477.390875674087,4957.22541008509,-479.834534411003
4487.082917033962,5156.150294567379,-669.0673775334171
4475.261163113902,4157.389173897539,317.87198921636264
4465.4747959902215,4324.869759217092,140.60503677312954
4503.145731638254,4400.460239192956,102.68549244529822
4496.824958308321,4566.605866920874,-69.7809086125535
5104.1783860338,4638.594692357396,465.58369367640444
5114.818664890739,5245.444333820327,-130.62566892958876
5127.802349956312,5347.797697929369,-219.9953479730566
5121.062790325179,5250.927108541268,-129.8643182160895
5099.784972433202,4806.982896138721,292.8020762944807
5100.962677440396,3838.0110487339625,1262.9516287064334
5105.32163177916,5325.054093957934,-219.73246217877386
5111.61734813611,4545.431738089465,566.1856100466448
4473.922073009409,5143.323974104599,-669.4019010951897
4488.4568448430855,4456.476030769306,31.980814073779584
4478.191927104479,4410.0582595715405,68.13366753293849
4486.645657207931,5141.395882525279,-654.7502253173479
4483.103117584234,3942.9977414173245,540.1053761669091
4496.709519682859,5256.038983266783,-759.3294635839247
3912.632116565852,5268.589342827744,-1355.9572262618922
3923.2482085839065,3812.9127265638085,110.33548202009797
3916.202626542883,4859.870286986643,-943.6676604437598
3900.528694690928,4901.839536046313,-1001.3108413553846
3904.2903348046825,4827.450056917577,-923.1597221128945
3129.2146599019657,4473.521746015671,-1344.3070861137053
3135.049252036426,5196.841046916995,-2061.791794880569
3143.955558308066,4642.744853035777,-1498.789294727711
3157.394182614084,4547.041826251629,-1389.6476436375447
3779.9714938541106,3857.917364339883,-77.9458704857725
3781.452527654112,3182.2486814731474,599.2038461809648
3785.583767894851,4559.434343684119,-773.8505757892681
3744.283119074136,5113.512451693768,-1369.2293326196318
3786.0390448142552,4963.916003086787,-1177.8769582725317
3773.995151803522,4427.374090620337,-653.3789388168148
4364.792960799803,5319.389991267026,-954.5970304672228
4372.448421806059,5116.787903252174,-744.3394814461153
4376.514011484069,4784.55796012881,-408.04394864474125
4385.395462859166,4201.119270498853,184.27619236031296
4378.202655057005,5156.572508915447,-778.3698538584413
4371.777867207947,5165.590605150642,-793.8127379426951
4958.210986702104,5227.695998593196,-269.48501189109265
4965.992933703763,3994.6327496623303,971.3601840414326
4965.323534908065,5323.093150803232,-357.7696158951667
4955.821697915745,4381.527358829662,574.2943390860828
4968.78734201286,3873.714162368176,1095.073179644684
4943.096524095086,5133.30674505688,-190.2102209617933
5203.608714428374,4119.485320309789,1084.1233941185847
5212.239231646155,5041.306322696177,170.9329089499779
5199.302469724487,4514.750552884409,684.5519168400779
4831.103515231529,5151.174967126473,-320.0714518949444
3145.7256835942567,4677.608314910297,-1531.8826313160403
3136.911537402372,3170.1816364683336,-33.27009906596186
3139.2360941510565,5129.509647390345,-1990.2735532392885
3143.0870049008827,4688.809143631809,-1545.7221387309264
3849.689853555123,4864.596222837831,-1014.906369282708
3840.6713675518827,3165.93410727519,674.7372602766927
3837.9398771491824,3950.958857280585,-113.01898013140271
3848.0255211233557,5295.985991454235,-1447.9604703308792
3846.4880217239483,4350.8937648120145,-504.4057430880662
3816.4792139838737,5123.431451423732,-1306.9522374398584
3852.7998589530634,4262.657229046955,-409.8573700938914
3853.475279245042,5201.067437010541,-1347.5921577654985
4627.94017575762,5121.741987516253,-493.80181175863345
4618.8308965396045,4669.094557013533,-50.26366047392821
4607.3015407486055,5146.757226040605,-539.4556852919995
4614.044562370413,5146.767387843072,-532.7228254726597
4614.958888130438,4988.40076880869,-373.44188067825235
4623.723082095543,3951.9495052537713,671.7735768417715
4616.364880987226,3850.0967567104203,766.2681242768053
5183.202989822356,5264.645173606363,-81.44218378400637
5216.203590370843,5170.773758199644,45.42983217119854
5192.31022668943,4230.670965215324,961.6392614741062
5200.823150009512,5135.814777863481,65.00837214603052
5199.143706086765,4384.278087018077,814.8656190686879
5225.076105618483,4561.250268980352,663.8258366381306
4544.97917766066,3871.3150619267035,673.6641157339564
4545.001391631709,4318.488594841713,226.51279678999617
5205.838777059097,4857.695590922345,348.14318613675186
5218.789649526146,3955.7919367621944,1262.9977127639513
5197.453266994803,5215.502103326083,-18.048836331279745
5205.935458938451,4671.761169095941,534.17428984251
5197.242785499335,4537.83587415705,659.4069113422847
5205.097312425354,4555.979476244671,649.1178361806833
4630.347870230484,4408.642481169752,221.70538906073216
4625.274540808019,5354.626151542949,-729.3516107349296
4622.172563460141,5118.714275431118,-496.5417119709773
4630.270986977599,5266.208849382653,-635.9378624050541
4612.085840160503,5223.822503519175,-611.7366633586726
4619.644582814583,3923.5727481762715,696.0718346383119
4607.016394184295,4350.151514679832,256.8648795044628
3847.569800853208,3890.5841523562926,-43.01435150308453
3831.510757118932,5207.482634068289,-1375.9718769493575
3830.705635250569,4654.298925598615,-823.5932903480461
3839.0518109963364,3922.7573876520305,-83.70557665569413
3825.12596456276,4538.189415089839,-713.0634505270787
3825.4202709998635,5129.453873033018,-1304.0336020331542
3823.5822224216445,5111.035152148306,-1287.4529297266618
3825.567804654958,3911.3905585580596,-85.82275390310178
3141.08653162768,3163.775410300789,-22.68887867310923
3130.048150699372,4651.264855853673,-1521.216705154301
3132.624924635492,4547.375279745385,-1414.7503551098935
3146.1295996846375,4980.545630701449,-1834.4160310168118
3689.2082863701926,5115.2454562886705,-1426.037169918478
4067.3785311333545,4396.5261954045245,-329.14766427117
4061.485073759277,5040.714551843832,-979.229478084555
4060.264341686808,4971.1222681627805,-910.8579264759724
4057.214012218309,3910.6596510625563,146.55436115575276
4487.626303366977,4872.16830798858,-384.54200462160316
4469.332917379912,5341.1724264039785,-871.8395090240665
4472.181294468905,5119.299640726552,-647.1183462576464
4474.066578230809,5265.020169498567,-790.9535912677584
4488.258913610548,4631.579730890743,-143.32081728019512
4460.292801364975,4830.936264691357,-370.6434633263816
4462.155677449426,5112.815769404069,-650.6600919546436
4462.561764205269,4722.145149269622,-259.583385064353
4465.125330817162,5020.984379971281,-555.859049154119
4476.698374547146,5121.043886393328,-644.3455118461816
3158.7240456932263,3940.0864369528226,-781.3623912595963
3166.510357711454,5246.0735846838825,-2079.5632269724283
3140.685190108372,3777.7817924211713,-637.0966023127994
3630.388147271925,3796.200421822154,-165.81227455022918
3629.0699259634107,5299.333367062515,-1670.2634410991045
3637.3697867913793,4397.540088801858,-760.1703020104783
3643.303503946918,5354.131706359498,-1710.8282024125797
4178.118060252698,3341.9499489626837,836.1681112900146
4167.295415550686,5036.290819406761,-868.9954038560754
4161.008171357495,4545.131777953179,-384.1236065956846
4166.282147666226,3178.173544243017,988.1086034232085
4154.288184275396,4657.372479525196,-503.08429524979965
4546.26894531913,4687.8226050698995,-141.55365975076984
4529.978721323755,5245.986983571638,-716.0082622478831
4546.895402339528,4668.308025704096,-121.41262336456748
4518.860041266813,5133.229170133501,-614.3691288666878
4965.510733405491,4818.645901143556,146.86483226193468
4934.052039705999,4773.996575311581,160.05546439441787
4942.503658147283,5181.91358118316,-239.409923035877
4931.849600533243,3916.1225348580056,1015.7270656752371
4947.086520978634,4974.1972760193985,-27.11075504076416
4929.284370441357,4833.116583473964,96.16778696739311
4927.736497091591,5337.290706891434,-409.5542097998423
4940.378003137844,4545.877147504619,394.500855633225
4943.601532365224,5251.168284261862,-307.5667518966384
4181.027471643039,4315.907807320899,-134.88033567786078
3919.3146504030115,5313.848032166047,-1394.5333817630358
3916.946991480721,5163.897423655403,-1246.9504321746822
3905.4622857272097,4012.115652300642,-106.65336657343232
3921.743385444721,5276.439515646362,-1354.6961302016416
3899.726450496518,3846.447745378727,53.27870511779065
4484.25564222611,3391.6099883979055,1092.645653828204
4478.976566112117,4638.1151671296975,-159.13860101758019
4481.098807873323,4549.627788055414,-68.5289801820918
4475.576693282165,5112.025015995609,-636.4483227134433
4500.410486808489,3868.3229975340987,632.08748927439
4486.314782507079,3919.7421960413108,566.5725864657684
5113.954107421049,5123.526147928389,-9.572040507339807
5116.047105598749,4867.669944099765,248.3771614989837
5137.810535421659,5161.071214572482,-23.260679150823307
5104.328561288229,3910.928565058797,1193.399996229432
5110.354048329804,4849.809480368704,260.54456796110026
5111.226033997164,5244.03635724188,-132.81032324471562
5131.623625997362,4982.374559157006,149.24906684035614
5112.6241498431655,5135.059314315035,-22.43516447186994
4480.393290419992,4869.09753690042,-388.7042464804281
4493.849896276078,5160.661658959576,-666.8117626834983
4495.746536366362,4821.20607223629,-325.459535869928
4492.9065214470065,3864.935076080987,627.9714453660195
4472.718815003294,4294.7735984218325,177.94521658146186
4497.463795510885,4394.747264169875,102.71653134100961
3927.634352152438,5139.977070032237,-1212.3427178797988
3921.21174435386,4927.095188702153,-1005.8834443482929
3915.8143279842975,4556.2168517514565,-640.402523767159
3908.2338259447693,4539.447835446115,-631.214009501346
3894.4278144853256,4847.745135749093,-953.3173212637671
3132.4420753108648,4895.382964151676,-1762.940888840811
3141.291498602449,3792.1046477149234,-650.8131491124745
3150.4897573389835,4554.249230567868,-1403.7594732288844
3153.815864637282,4412.330786339114,-1258.5149217018316
3778.2587438360524,4546.6310188260095,-768.3722749899571
3761.7621899943365,3933.2878857873175,-171.52569579298097
3773.320562738419,4490.346459659325,-717.0258969209058
3773.465306988479,5148.05216279687,-1374.5868558083912
3774.8741226360003,3949.6978836944663,-174.82376105846606
3778.19205791725,4554.306370273265,-776.114312356015
4366.85445901415,5382.553145651445,-1015.6986866372954
4380.9721649251405,4376.2619035746475,4.710261350493056
4371.025514763017,4629.148648924112,-258.12313416109555
4383.841798509426,5119.550857134208,-735.7090586247823
4384.875337879801,4653.932026953747,-269.05668907394556
4396.089298864761,4567.62003797533,-171.5307391105689
4947.923861462501,4828.314108807047,119.60975265545403
4942.756803699665,4538.556093910214,404.20070978945114
4952.573639619079,5207.657987404253,-255.08434778517403
4959.328795831767,3868.29699075137,1091.0318050803971
4949.44805665761,4062.506264545426,886.9417921121844
4935.26674697853,5006.552230905262,-71.28548392673201
5218.980971472416,5122.533968784258,96.44700268815814
5195.876519459578,5163.53603823967,32.340481219907815
5211.442947779006,4490.944759619658,720.4981881593485
4816.6845679564185,3847.5710873014905,969.113480654928
3143.212260982085,5249.047270118198,-2105.835009136113
3129.4706590402125,4722.435640043379,-1592.9649810031665
3154.7371933514323,3198.1548871342616,-43.41769378282925
3148.408265902389,5185.911237043503,-2037.5029711411144
3828.1366860164194,5201.872186392555,-1373.7355003761354
3833.5980281507973,4482.268737828178,-648.6707096773807
3835.880171595642,5254.322165310973,-1418.4419937153311
3852.0391968177732,5347.370446194442,-1495.3312493766684
3826.061758059823,4370.415645951884,-544.3538878920604
3833.1428997896733,4480.339111996453,-647.1962122067794
3834.10105972146,4552.806763753591,-718.7057040321315
3818.4466582719965,5280.734890931136,-1462.2882326591393
4618.962213454434,4866.783698986733,-247.82148553229854
4624.637047373435,4302.16126792863,322.4757794448051
4635.646877910782,4504.376470709393,131.27040720138848
4616.742223111457,3917.028062647313,699.7141604641438
4624.821917577979,5252.422407112121,-627.6004895341421
4631.413715276238,5276.16092602414,-644.7472107479025
4631.956459832593,5246.718076505675,-614.7616166730813
5197.7605887108075,5178.33163327028,19.428955440527716
5202.091142024819,4172.644316726991,1029.4468252978286
5202.1267691634275,4333.9125085777405,868.214260585687
5206.529504835625,3953.1486107174364,1253.3808941181883
5215.047466788232,4546.186920567733,668.8605462204987
5223.786797616387,3810.1311037859214,1413.6556938304657
4530.277678131569,5257.093968454779,-726.8162903232105
4516.652950406343,5219.012222279351,-702.3592718730079
5215.618038816314,4441.124972951684,774.4930658646299
5220.779291968794,3936.5039112905633,1284.2753806782302
5205.905363973285,5254.370894318109,-48.4655303448244
5187.477175228498,4633.436544951993,554.040630276505
5206.9628437179945,4643.121605903321,563.8412378146731
5207.717828884564,4971.742867815024,235.97496106954077
4616.667108225262,4861.587808186874,-244.92069996161172
4632.601435189095,4557.800104422146,74.80133076694892
4614.670889051123,4843.876995151512,-229.20610610038966
4613.043271534745,4853.406596017139,-240.3633244823941
4636.1123051362565,3925.1574945397947,710.9548105964618
4595.505339327777,5105.0689467904795,-509.56360746270275
4637.579378833562,4020.9011263800385,616.6782524535238
3837.221024970553,5245.406659887503,-1408.1856349169502
3849.444010701191,4683.844472250934,-834.4004615497429
3825.9628776372256,3150.519586618662,675.4432910185637
3841.197839310025,4562.1559759376805,-720.9581366276557
3835.0654974102977,3791.2715708786,43.79392653169771
3826.5969391391773,4760.025748737124,-933.4288095979464
3847.8448880165274,4948.5861721067995,-1100.741284090272
3841.9681119575807,4367.943673821564,-525.9755618639829
3139.717548549615,4527.540275536258,-1387.8227269866434
3137.164708325928,5217.205249282156,-2080.0405409562277
3130.8108101651396,3660.8009969343816,-529.990186769242
3143.294647141831,4838.184433802429,-1694.8897866605985
3704.3273743339228,5336.602440083184,-1632.275065749261
4074.2098128053185,5248.145551455441,-1173.9357386501224
4085.7801070398864,4504.840404678932,-419.06029763904553
4059.8693374557843,4648.403289545029,-588.5339520892448
4052.3032490777705,3652.3606094942056,399.94263958356487
4484.387279845692,4853.011976224304,-368.6246963786116
4459.049645578172,4371.9403684017425,87.10927717642971
4463.09107272335,5107.495025346155,-644.4039526228044
4462.561764205269,5131.631470391429,-669.0697061861592
4493.23058708901,5273.841320079674,-780.6107329906636
4487.510983424258,4660.236211027519,-172.72522760326137
4460.071737043731,4484.051611446047,-23.979874402315545
4475.22023690726,5117.842067620663,-642.6218307134031
4456.305214406645,4660.78573575197,-204.48052134532463
4465.192984164176,4374.810177524726,90.38280663944988
3168.928614567667,4398.878476228594,-1229.9498616609271
3159.4355665105736,4825.06156426077,-1665.6259977501963
3165.083610755222,4683.633916041389,-1518.5503052861673
3627.9386012352807,4420.615505280217,-792.6769040449362
3633.672183600664,4677.12088860801,-1043.4487050073462
3634.5039638203352,4950.451858424117,-1315.9478946037816
3645.416366204039,3866.806028978611,-221.38966277457166
4180.521796007787,5061.051595849874,-880.5297998420865
4162.961062615133,4845.9470868029,-682.9860241877668
4175.876434185288,3810.7943586429637,365.0820755423247
4178.342779427993,4671.0931447268185,-492.7503652988253
4179.6402116509225,5272.875291784197,-1093.235080133274
4537.674974819258,4549.485420889786,-11.810446070528087
4544.392683372145,5245.187034272239,-700.7943509000934
4543.059576254731,5000.028079535186,-456.9685032804555
4525.53154337974,5209.901480411511,-684.3699370317718
4950.093351899948,4494.897039845617,455.19631205433143
4920.902934010655,5152.2969550545085,-231.39402104385317
4946.159383235661,4672.872337599801,273.2870456358605
4930.23118951502,5348.927827657112,-418.6966381420925
4931.158488581721,5118.787070326179,-187.62858174445773
4897.537152738718,3130.6991738663387,1766.8379788723792
4922.901102520554,4298.576630451874,624.3244720686798
4928.4208926065185,4638.965947886326,289.45494472019254
4945.667201781741,5032.205054957266,-86.53785317552502
4191.543653402924,4644.776931285768,-453.23327788284405
3919.3146504030115,5121.560844207569,-1202.2461938045576
3896.235587443363,4330.509210353354,-434.27362290999145
3910.6006007576243,4553.200481754862,-642.599880997238
3907.3138027602804,4961.973750974649,-1054.6599482143688
3914.6862835692737,3859.9245557800205,54.7617277892532
4482.779420845115,4487.49326155122,-4.713840706104747
4478.266454546167,4864.857983240397,-386.59152869422996
4484.958226695777,4961.6152552410085,-476.6570285452317
4472.357087795174,5261.288243050604,-788.93115525543
4499.499632573529,4075.4536255156127,424.04600705791654
4490.782974161135,4971.489137788724,-480.7061636275894
5106.945641851054,4638.408898505943,468.53674334511015
5119.831707687302,5220.68171838053,-100.85001069322789
5120.479946978023,3961.4141278758257,1159.065819102197
5133.291123174123,5109.118732148817,24.172391025305842
5116.934983618273,3167.1215975731516,1949.8133860451212
5115.409517661952,4365.550683720094,749.8588339418584
5097.883523799698,4479.666991737633,618.2165320620652
5124.903059416787,5167.092403555423,-42.18934413863553
4492.874373778126,5162.013412938388,-669.1390391602617
4493.518741989181,4511.97191495088,-18.453172961699238
4499.072801223368,5055.406644889222,-556.3338436658541
4485.617523414394,5166.439972298136,-680.8224488837423
4481.260194599365,4048.689031998381,432.5711626009838
4469.95664101576,5129.914316958374,-659.9576759426136
3904.509352008806,5248.710154423381,-1344.2008024145748
3896.8122063388573,4538.438948625394,-641.6267422865367
3912.826895836426,4501.888941908486,-589.0620460720602
3905.7246885929,5189.694914970645,-1283.9702263777453
3892.589331931404,5165.9133537615435,-1273.3240218301394
3141.291498602449,5242.489819328102,-2101.1983207256535
3141.4283346243765,5249.112875216305,-2107.6845405919285
3174.3844117567423,4588.1252779595625,-1413.7408662028201
3141.5159161357933,4541.4533396490215,-1399.9374235132282
3764.5121578597436,4637.247735163301,-872.735577303557
3772.0548612457123,5333.383644352851,-1561.3287831071384
3783.4912115418133,5231.969061061575,-1448.477849519762
3787.899310255859,3805.515261589016,-17.615951333157227
3775.677119680813,4426.166536021724,-650.4894163409108
3785.4534356746803,4672.283657395196,-886.830221720516
4390.941220058738,3868.4498958898353,522.4913241689023
4366.974738168427,4849.381195190066,-482.40645702163874
4379.076334141004,3856.0416658847257,523.0346682562781
4385.7769565721765,5339.938108615584,-954.1611520434071
4384.9719855617495,4404.340568246457,-19.36858268470769
4373.377786975474,4539.512267894452,-166.13448091897772
4945.56270887268,4995.33674196294,-49.77403309026067
4959.108603919488,5181.599305066438,-222.4907011469504
4938.900322060207,4542.542047053562,396.3582750066453
4973.044508363875,4435.185299896143,537.8592084677321
4950.15206294651,5289.892474097095,-339.7404111505848
4936.87059221275,3840.9357054146067,1095.9348867981435
5205.871053277646,5050.002974505361,155.86807877228512
5202.676260982792,4954.784151784496,247.89210919829566
5226.632053427274,4676.449646839223,550.182406588051
4812.987130288711,5269.491006870791,-456.50387658208
3134.299489840911,4831.545729628632,-1697.2462397877212
3151.530354366334,3811.4240648108107,-659.8937104444767
3145.0422778194825,5236.527943945356,-2091.4856661258736
3147.827107265987,4976.470724155028,-1828.643616889041
3835.880171595642,4483.698185867732,-647.8180142720898
3826.937699720476,5324.229371166195,-1497.2916714457192
3826.611345555686,4722.040697425417,-895.4293518697314
3840.3187394819906,4016.119643949668,-175.80090446767736
3839.9734329478706,4670.149314912582,-830.1758819647112
3830.6828723305657,5166.717909068696,-1336.0350367381302
3842.9875635083367,5031.08985325995,-1188.1022897516136
3831.630322923622,5102.962014323158,-1271.3316913995359
4629.911922234017,4558.602315550035,71.30960668398166
4634.868150414643,4560.43992776107,74.42822265357336
4622.346119825176,5141.412583182227,-519.0664633570505
4616.114660942267,4546.910688998919,69.20397194334782
4615.605220716743,3926.148573208208,689.4566475085353
4628.828305300313,4554.197344978977,74.63096032133672
4625.834798205762,5187.766622867955,-561.9318246621933
5182.702226330458,4361.609863981623,821.0923623488352
5199.816600978908,4392.926154136528,806.8904468423807
5213.3176308822185,4034.349680053583,1178.9679508286354
5207.067814757493,5361.026839294259,-153.95902453676626
5220.9486623331195,4694.451459081767,526.4972032513524
5194.999107479322,4849.086881940559,345.9122255387638
4548.7181797138865,4405.470918492031,143.2472612218553
4520.925012430245,4235.828927280605,285.0960851496402
5196.9248535579845,5290.4624129408085,-93.53755938282393
5194.811891164181,5260.517504660986,-65.70561349680429
5203.895381709417,4661.657897092299,542.2374846171178
5185.955090989409,4864.594152044906,321.3609389445028
5182.804992873057,5190.28667417186,-7.481681298802869
5188.212041346548,4647.809743841852,540.4022975046964
4646.894258609432,3840.2962293654427,806.598029243989
4636.1123051362565,4858.841957816769,-222.72965268051212
4617.044991879435,3853.477622369805,763.5673695096298
4616.623003208938,4634.673127436376,-18.050124227437664
4630.963533400881,4825.269031806117,-194.305498405236
4619.7668937401395,5112.172704990605,-492.4058112504654
4617.128604437115,5170.607565495161,-553.4789610580456
3830.263675181606,3162.679775924241,667.5838992573649
3841.008527504756,4881.024261154258,-1040.0157336495022
3839.127261236872,4396.857400781474,-557.730139544602
3834.659142904603,5025.157612460891,-1190.498469556288
3829.7680369453296,4546.796380589527,-717.0283436441973
3833.4960354403183,5151.210804847285,-1317.7147694069663
3845.6728414279587,5340.526316108019,-1494.8534746800606
3850.078580451243,5279.049251378908,-1428.9706709276647
3137.7045905019704,3174.079188252615,-36.374597750644625
3131.4296489629196,4414.8510724433745,-1283.421423480455
3152.339984209555,4350.061533527955,-1197.7215493184003
3131.1672233889085,4377.318475530106,-1246.1512521411978
3693.21303631018,5032.1395215819075,-1338.9264852717274
4075.865582937263,4666.872844144036,-591.0072612067734
4055.1604299061287,5211.977787371689,-1156.8173574655607
4068.793808523829,3861.8017035410053,206.99210498282355
4059.7321264857733,4921.274001659057,-861.5418751732836
4461.764856228463,4666.78733988077,-205.02248365230662
4457.679947873624,5126.049123475375,-668.3691756017515
4472.966424251357,4435.226639240123,37.739785011233835
4476.236655547464,4555.667154061783,-79.43049851431897
4460.829605312598,5213.89774240432,-753.0681370917218
4458.132778693061,4057.725641443737,400.40713724932357
4467.286053041649,5274.618230354733,-807.3321773130838
4457.161947496348,4718.66801955889,-261.50607206254153
4466.970112974029,5265.489825089188,-798.5197121151596
4454.4182778044915,5264.989353272428,-810.5710754679367
3158.747811724126,4546.040589425139,-1387.2927777010127
3169.4682631538217,5019.034115790853,-1849.5658526370316
3157.8133692104366,4640.965577622058,-1483.1522084116214
3646.221000998302,4554.692550911573,-908.4715499132708
3625.4961126741596,4377.745965232691,-752.2498525585311
3643.0948550516064,3958.903688468356,-315.8088334167496
3632.1661653698734,4066.243913434488,-434.07774806461475
4153.49435652196,3870.5699514893186,282.9244050326415
4152.2964570979275,4053.269615180261,99.02684191766639
4173.834780090561,4559.18371706521,-385.3489369746485
4173.172905442102,4865.169650311767,-691.9967448696652
4159.209909070232,3184.880315268593,974.329593801639
4546.567853059907,4562.861352237979,-16.293499178072125
4538.0382799393765,5173.161159722107,-635.1228797827307
4542.182621198443,5270.071907556436,-727.8892863579931
4518.164341893782,5257.530937801143,-739.3665959073614
4931.197884748846,5256.810626960461,-325.6127422116151
4931.450734072272,4642.106650718371,289.3440833539007
4926.930045524364,5105.498254267028,-178.56820874266396
4946.7075734031005,4542.990851986661,403.7167214164392
4941.585560421982,4672.794184419131,268.7913760028514
4952.194270317588,4658.687213526977,293.5070567906114
4936.293323131665,5215.857889365638,-279.564566233973
4948.005911326346,4616.482839071616,331.5230722547303
4947.838575064006,5436.137783070487,-488.2992080064805
4168.260875333657,5050.113316916001,-881.852441582344
3919.3146504030115,3198.8093735689854,720.5052768340261
3902.353296596868,5023.414163273878,-1121.0608666770104
3903.781191103995,3916.0435785794616,-12.262387475466767
3916.9636699555517,5028.213711613551,-1111.2500416579992
3899.6674670926327,5176.699290487396,-1277.0318233947633
4476.7236244055375,4483.449772177069,-6.726147771531032
4475.988608951772,5015.925325706661,-539.936716754889
4508.140441672779,4547.310765050506,-39.17032337772707
4497.5022367118545,3870.0231748293363,627.4790618825182
4485.756208801694,5199.15915924096,-713.4029504392665
4493.364606229375,5153.248277153098,-659.883670923723
5101.459634295323,4593.177980318998,508.2816539763244
5115.992780499558,4340.714985485838,775.2777950137197
5099.848755917373,4183.926262526608,915.9224933907644
5109.263753754451,4848.291199320261,260.97255443419
5111.226033997164,5136.543968010272,-25.317934013107333
5117.351565329895,4871.6997433947,245.65182193519468
5101.583628799499,3851.437545200225,1250.1460835992739
5100.675692596311,5028.010279614138,72.66541298217271
4490.81631799106,5364.091196387407,-873.274878396347
4483.81666880818,3804.5863270056484,679.2303418025317
4486.921473771718,4493.376912392041,-6.455438620322639
4476.782080630875,4497.787716139062,-21.00563550818697
4493.95216656403,5146.799590259721,-652.8474236956908
4473.159519582448,4633.015469745841,-159.85595016339266
3913.548436732202,5206.812482451904,-1293.2640457197017
3904.311914695571,3149.5471971043644,754.7647175912066
3911.2856488442576,5240.7616088313835,-1329.4759599871259
3902.3582920189438,5263.174539370033,-1360.8162473510893
3903.4363978892943,3873.8658572100503,29.570540679244004
3150.4897573389835,5387.232412595153,-2236.742655256169
3174.3844117567423,5425.680637287361,-2251.2962255306184
3142.900460367421,4851.911877743757,-1709.0114173763359
3144.5035626208733,5254.932027286413,-2110.42846466554
3777.472913274093,5117.309986556544,-1339.8370732824505
3766.913744620938,5231.606836526656,-1464.6930919057177
3767.1892632144936,5230.1717310882095,-1462.982467873716
3791.1497726919565,5264.9166453684575,-1473.766872676501
3786.663669766544,5244.354114699178,-1457.6904449326344
3777.0455864618257,3165.5834463079777,611.4621401538479
4392.628681712897,4671.043747856992,-278.41506614409536
4366.747844367526,4774.708644568537,-407.9608002010109
4379.635650196383,5137.987927567215,-758.3522773708319
4384.994596069218,5333.168038795375,-948.1734427261572
4385.407433173362,5180.417829850595,-795.0103966772331
4382.770622431865,5282.738511125607,-899.9678886937418
4933.738537979487,5272.422912969149,-338.6843749896625
4942.68900315133,4533.637291210873,409.0517119404576
4972.010739866323,3950.9522866530083,1021.0584532133148
4958.358116448123,5288.385626562294,-330.0275101141715
4951.127250503329,5157.8834609502255,-206.75621044689615
4940.542368393892,4662.1644498100695,278.37791858382207
5198.215417571972,5263.791094239472,-65.57567666750037
5234.4918477488845,4516.202840293648,718.289007455237
5212.327715396852,4656.108943643114,556.2187717537381
4814.33938461183,4654.356315809305,159.98306880252494
3134.054028966918,5258.041783220381,-2123.987754253463
3133.1440195188125,5348.408716333219,-2215.2646968144063
3144.4494477573057,3873.4397752074556,-728.9903274501498
3144.0066856218245,4679.779838877364,-1535.77315325554
3826.061758059823,4830.636918123668,-1004.5751600638446
3821.6571469202977,4987.359662152845,-1165.7025152325473
3839.9734329478706,4381.143038708102,-541.1696057602312
3830.1161748629993,4528.059002336574,-697.9428274735747
3842.7409505532924,4656.60403009494,-813.8630795416475
3823.715218399075,5013.713533689443,-1189.9983152903674
3832.606300423342,4849.215819253198,-1016.6095188298559
3836.1278780518332,4850.985478721875,-1014.8576006700414
4623.725488964562,4613.019237904991,10.706251059570604
4632.679909830145,5342.783521290428,-710.103611460283
4618.304074013578,5320.982687604101,-702.6786135905222
4631.740095100288,5150.951177021427,-519.2110819211384
4610.5823365453725,4387.115578012975,223.46675853239776
4628.045680400985,4366.827006769514,261.21867363147066
4633.78913943976,4652.242456762625,-18.453317322864677
5223.786797616387,5184.67876836443,39.108029251957305
5200.655663559644,4542.702575839034,657.9530877206107
5196.064505640195,4987.326771953536,208.73773368665934
5216.945900749966,3174.8031331524344,2042.142767597532
5202.131973688674,5248.493784393623,-46.361810704948766
5197.111566560143,3329.9805644113667,1867.1310021487761
4525.753939625922,4644.727785790793,-118.97384616487125
4546.719491282624,5050.952239884233,-504.23274860160836
5178.276037386454,5135.196913926903,43.07912345955083
5220.70911169938,5285.302546780587,-64.59343508120764
5180.993802160766,4476.7821631731995,704.2116389875664
5191.93736833767,5022.396430691067,169.5409376466032
5210.330896204714,4505.6344491377085,704.6964470670055
5199.136412801029,4911.025806257971,288.11060654305766
4609.857492266868,5032.486628805474,-422.62913653860596
4616.111100211386,5171.310163834136,-555.1990636227501
4614.0361946610055,5336.931639064668,-722.8954444036626
4618.6631835138005,5048.576487335531,-429.91330382173055
4607.39900479679,4624.525881030824,-17.12687623403417
4631.15812162568,3940.609325176622,690.548796449058
4615.284798389666,4648.349418632452,-33.06462024278608
3852.262245081053,5256.242739321791,-1403.9804942407382
3832.647432747995,4474.340212420123,-641.6927796721279
3839.105543231888,4648.051983293043,-808.946440061155
3832.417248228503,4909.131661489177,-1076.7144132606736
3841.314689473109,4321.237307079831,-479.92261760672227
3824.190506001072,5099.7042076360285,-1275.5137016349563
3857.4634808078313,5142.745208265044,-1285.281727457213
3854.8379987281423,5345.062940173168,-1490.2249414450253
3153.5427754933294,4574.330099208051,-1420.7873237147219
3127.8791018661072,4895.222380721491,-1767.3432788553841
3132.126941068277,3854.5831456579854,-722.4562045897082
3137.8264315585197,4494.379290884313,-1356.5528593257936
3682.204331740917,4544.235230289206,-862.0308985482889
4061.8247890416847,4486.272821818142,-424.44803277645724
4069.158538925845,5313.319454058265,-1244.1609151324205
4061.452712836659,3854.965412390799,206.48730044586
4056.4498978987863,4986.501566051867,-930.0516681530803
4454.423268395305,5191.372413845127,-736.949145449822
4472.216387778853,4552.212973019015,-79.99658524016286
4481.33020623042,5279.375202403858,-798.0449961734375
4466.587098020145,4874.06370811606,-407.476610095915
4460.725090851973,5320.151337780264,-859.4262469282912
4465.983248511999,4486.736573831943,-20.75332531994445
4478.242837678857,4678.542112248553,-200.29927456969654
4464.940055354679,5102.535699984483,-637.5956446298032
4480.202085699816,3962.9940309268995,517.2080547729165
4468.496676045301,4851.127726261256,-382.63105021595493
3154.6444826851402,3654.5389802125715,-499.8944975274312
3168.789657859612,3708.753274185178,-539.9636163255659
3154.985798824897,4952.730296893864,-1797.744498068967
3648.4798117955384,5155.538480515436,-1507.058668719898
3626.4246436655235,5021.982892458447,-1395.5582487929237
3618.134719302017,4536.139593013158,-918.0048737111415
3617.396838148049,5194.043919941484,-1576.647081793435
4168.977567821431,5287.543688644726,-1118.566120823295
4163.477628375749,5286.5016335486525,-1123.0240051729033
4159.236949280694,5034.574725108867,-875.3377758281731
4186.17560222684,4201.280392946715,-15.104790719875382
4163.475445252507,5256.17587660525,-1092.7004313527432
4495.0651591079095,4568.4704866104385,-73.40532750252896
4534.522405851977,3805.8987410499453,728.6236648020317
4544.818320993879,5348.564181186988,-803.7458601931094
4556.94624381352,5300.13823922662,-743.1919954130999
4943.31389135324,3708.6356654370147,1234.6782259162255
4931.004619261776,3808.644191252435,1122.3604280093405
4942.695420683912,4552.574309235486,390.12111144842584
4948.729417578663,3807.5396588910994,1141.1897586875634
4929.969623988567,5290.930651383576,-360.9610273950093
4929.7816598805975,4665.408729868344,264.37293001225316
4932.468727139372,4486.670384132861,445.79834300651146
4929.1142149176285,5256.501941804649,-327.3877268870201
4927.851558681555,5117.564608871543,-189.71305018998828
4178.697646690842,3644.3263863211946,534.3712603696472
3919.3146504030115,5148.6428161948,-1229.3281657917883
3918.563863933754,5162.889107237808,-1244.3252433040543
3910.2974979037544,4491.789840121997,-581.4923422182428
3909.038524565395,3173.9993674276466,735.0391571377486
3919.5423801229076,5217.589526203852,-1298.0471460809445
4469.083640131454,4367.312417505287,101.77122262616649
4474.831338729018,5081.898630728917,-607.0672919998988
4487.691710056014,4611.917043849177,-124.22533379316337
4481.7388034936375,3852.7385921410446,629.0002113525929
4480.04041333538,4360.075832142893,119.96458119248746
4489.297766694938,5220.305327720756,-731.0075610258182
5122.984062980401,3808.607589461453,1314.3764735189484
5112.796343012205,5297.612130105487,-184.81578709328187
5102.748436320448,4639.67094041858,463.0774959018672
5121.6645460263735,5125.345750197007,-3.681204170633464
5111.984780603593,4790.108769328471,321.87601127512244
5127.08164011531,4073.251329207359,1053.8303109079507
5133.92315020915,4810.892857607154,323.0302926019958
5107.705843096369,4949.156314041972,158.54952905439677
4471.699143990677,4831.600664014774,-359.9015200240974
4492.9065214470065,5163.684710889552,-670.7781894425452
4471.380358958324,5117.392767702664,-646.0124087443401
4487.331307400727,4609.976926769905,-122.64561936917744
4497.784829856279,4309.402616318755,188.38221353752488
4487.708748070098,3803.3517084165214,684.357039653577
3907.8738745769765,3163.8371977258357,744.0366768511408
3886.2177753916553,4375.724893471041,-489.50711807938524
3945.6954918867946,5242.174848198952,-1296.479356312157
3910.4859292254273,5117.999699178801,-1207.5137699533739
3912.384773898787,4667.933620373451,-755.5488464746641
3153.815864637282,4992.972489439136,-1839.1566248018535
3141.5159161357933,5087.9875948383915,-1946.4716787025982
3144.5035626208733,4933.297015224575,-1788.793452603702
3148.202799248799,4859.55955101578,-1711.3567517669812
3772.9719591532335,4675.713583401372,-902.7416242481381
3780.563860975963,5146.368733136846,-1365.8048721608825
3770.042544634588,5076.445259908616,-1306.4027152740282
3783.652055930985,5149.84970056138,-1366.1976446303947
3795.0166090027737,4928.689288395384,-1133.6726793926105
3780.906210053128,4846.010444231064,-1065.1042341779362
4384.875337879801,3860.7068874001434,524.1684504796576
4377.8651412037725,5198.280509334222,-820.4153681304497
4366.558909612774,3924.078616468293,442.48029314448104
4376.792120711872,4655.888125665417,-279.09600495354516
4405.900838859539,5178.003813497694,-772.1029746381546
4388.151188462449,4559.017991829982,-170.86680336753307
4950.316183910179,5306.9615163817125,-356.64533247153395
4960.244767239876,4676.104701228697,284.14006601117853
4949.08760079286,5117.292457511943,-168.20485671908318
4971.7235736524,5154.430273500353,-182.70669984795313
4943.213187700069,3312.877985055391,1630.3352026446782
4963.283498032275,5258.724046189785,-295.4405481575104
5196.534285857408,4642.072097556687,554.4621883007203
5213.965584040938,4565.890772000497,648.0748120404405
5214.990566988701,4883.408570130085,331.58199685861655
4814.318343679302,5162.604083914286,-348.2857402349837
3132.7953478027775,5266.926662774691,-2134.1313149719135
3146.9969682486676,5276.8378005248405,-2129.840832276173
3152.8750997069938,4406.989892945977,-1254.114793238983
3153.550176717571,5128.572645579157,-1975.0224688615863
3834.10105972146,5351.373677152302,-1517.2726174308418
3833.3937769131944,5177.642906632071,-1344.2491297188762
3842.9875635083367,5357.1073463544735,-1514.1197828461368
3833.723772628422,4011.9881656750686,-178.26439304664655
3832.606300423342,4493.0333665086555,-660.4270660853135
3852.0704463706834,3952.055613860512,-99.98516748982865
3850.2283546094236,5000.140421880504,-1149.91206727108
3837.7456596951624,4875.640133316911,-1037.8944736217481
4604.734157537271,5154.660430311043,-549.9262727737714
4617.078909097448,5167.103060273653,-550.0241511762051
4621.102147516652,5169.428634863748,-548.3264873470962
4620.381991075922,4172.555286993508,447.8267040824139
4631.966601083307,3942.9633764240943,689.0032246592127
4641.821933492388,5189.041772522339,-547.2198390299509
4639.991186033206,4572.632386732714,67.35879930049214
5200.580173806263,5197.536744517727,3.0434292885356626
5212.04515434884,5189.3930709825945,22.65208336624528
5205.048984504232,5127.559119320184,77.48986518404763
5199.782187855694,5390.174360575485,-190.39217271979032
5185.902546417717,4479.274738262944,706.6278081547725
5209.381464613936,4876.778420501395,332.6030441125413
4542.412099686686,4738.199246711332,-195.7871470246464
4529.941544901658,4171.10755182173,358.8339930799275
5194.118147241153,5030.7191407524415,163.39900648871117
5210.970555734658,3817.8213599020232,1393.1491958326346
5176.818011940325,4936.407650372505,240.41036156782047
5201.638963451784,4662.864769743396,538.7741937083874
5198.877037205496,4988.135854906664,210.74118229883243
5204.761692238308,4486.133913547831,718.6277786904766
4618.461632652648,4161.147736957957,457.3138956946914
4629.5385015064485,5339.773997266454,-710.2354957600055
4603.244274096151,4318.875862453547,284.36841164260386
4619.946261220299,4997.018902007946,-377.0726407876473
4617.123792904978,4636.884394378682,-19.76060147370481
4636.606542449208,4503.342994491841,133.26354795736734
4627.940086428178,5129.385210558274,-501.4451241300958
3832.417248228503,5250.018769128255,-1417.6015208997524
3847.799304309284,5129.71974610958,-1281.9204418002964
3832.7555795984695,3945.8243090905457,-113.06872949207627
3827.0082947347014,5189.900165304987,-1362.8918705702858
3855.224164206969,5135.088349453275,-1279.8641852463065
3816.003826796544,4374.078765240794,-558.0749384442502
3838.7496576281524,4847.836619509067,-1009.0869618809143
3834.275626981181,4610.399088097955,-776.1234611167743
3169.2149396001732,4435.117467749065,-1265.902528148892
3139.2332894343854,4498.113129622056,-1358.8798401876702
3121.557258590575,4466.278084822552,-1344.7208262319768
3157.9970857066437,3667.9933745159,-509.9962888092564
3699.624604100128,4851.067263376029,-1151.4426592759005
4063.1440528374806,5121.235432052436,-1058.0913792149559
4053.039439583815,4035.966400011122,17.073039572692778
4063.719603197956,4492.896972084856,-429.17736888690024
4083.7874656225786,4685.309802446909,-601.5223368243305
4470.06603238982,4299.020330862444,171.04570152737597
4463.662928749137,5379.334799318883,-915.6718705697458
4470.3443954659715,4644.5618616964675,-174.21746623049603
4465.178572842802,5111.595730118372,-646.4171572755695
4478.514445137221,5226.808834243093,-748.2943891058721
4459.3110167972445,5127.010530127523,-667.6995133302789
4461.556718511835,3160.9916983301678,1300.5650201816675
4476.262717553386,4652.528089628943,-176.26537207555702
4479.092185305219,3864.3030704391736,614.7891148660451
4478.308832826032,4344.422379237673,133.88645358835856
3170.16515344314,5271.821011204084,-2101.6558577609444
3171.1716362339394,4503.349189262274,-1332.1775530283348
3164.0920696532066,5352.341665603219,-2188.249595950012
3627.913182611029,4645.697605847158,-1017.7844232361294
3618.9630961624594,4523.261350634633,-904.298254472174
3636.234208314771,5183.555694656874,-1547.321486342103
3635.9120501925636,4929.587074064873,-1293.6750238723098
4164.857212567888,3687.0296387579924,477.82757380989597
4153.4085423244,5128.177063768407,-974.7685214440071
4177.354322802443,4566.779287477497,-389.42496467505407
4157.771593384211,5035.621616724618,-877.8500233404075
4157.696547046335,4902.516669645582,-744.820122599247
4548.499528195365,4652.65133810367,-104.15180990830504
4545.13419922475,4561.688868750318,-16.554669525567988
4532.382134375701,3865.1204994984537,667.2616348772472
4538.261120532735,5039.203698226036,-500.94257769330125
4927.253650922862,5083.232987834243,-155.97933691138132
4928.113533195909,4859.442007042415,68.6715261534946
4918.475337807258,4527.992142478597,390.48319532866117
4929.7687101398515,5197.043892832154,-267.2751826923022
4951.275214602142,4551.542155147574,399.7330594545683
4924.813084320857,4643.154609644521,281.6584746763365
4952.720541453262,5131.104084386753,-178.3835429334913
4932.289386659981,5352.2230308795315,-419.93364421955084
4920.837025990919,4529.28758015083,391.549445840089
4172.203558600667,4985.3091280511835,-813.1055694505167
3919.3146504030115,4643.68226499376,-724.3676145907489
3914.1195149570485,4555.784366784987,-641.664851827938
3931.5570122263784,4663.21540962037,-731.6583973939919
3908.753246672741,4490.9170777483805,-582.1638310756393
3911.3092492616256,5263.229931240153,-1351.9206819785272
4493.4253001781,3933.3626418289145,560.0626583491853
4491.405041545762,4977.016052657827,-485.61101111206426
4467.3074915348,4146.461175493688,320.846316041112
4493.460892521145,5149.669559385063,-656.2086668639176
4488.666729428189,4431.172218466465,57.49451096172379
4477.581650803043,5110.0119510491095,-632.4303002460665
5111.30289406879,3317.5634667383265,1793.7394273304635
5119.587773350714,5174.554722649836,-54.96694929912155
5112.858386464402,5113.813348224939,-0.9549617605362073
5106.277437079771,4831.076426649727,275.2010104300434
5131.623625997362,5241.772957403997,-110.1493314066347
5101.583628799499,4842.219177927044,259.36445087245465
5100.9182266869075,5185.091893208803,-84.17366652189594
5103.858722106629,5376.129491119829,-272.27076901320015
4490.9110259202935,4559.881212979473,-68.9701870591798
4490.257103366455,5174.133355982322,-683.8762526158671
4477.251828398846,3789.2090277039497,688.042800694896
4487.165513379071,3706.7010122265656,780.4645011525054
4489.463801641945,5360.192244673926,-870.7284430319814
4478.467234513297,5248.37147055332,-769.9042360400235
3888.5731015661463,4821.152782542175,-932.5796809760291
3903.261311070462,4854.126443987017,-950.8651329165555
3899.839951772714,4540.624359214301,-640.7844074415871
3907.570082353389,4179.415026329097,-271.8449439757078
3910.2976231050257,4967.891463065212,-1057.593839960186
3152.5241469450057,5236.021152157496,-2083.49700521249
3133.921439707375,4589.163446920793,-1455.2420072134178
3142.0751342477342,5234.992144630555,-2092.917010382821
3139.1976354651597,4675.713583401372,-1536.515947936212
3778.1226350570846,5143.851524646393,-1365.7288895893084
3791.6367187739957,5186.366974268958,-1394.7302554949624
3788.669910995772,4375.063437065224,-586.393526069452
3768.7707270618503,5159.294019579513,-1390.5232925176624
3790.465566083152,3935.840272961939,-145.37470687878658
3781.9951222269406,4860.370268533272,-1078.3751463063313
4379.729756724659,4338.451000758922,41.27875596573631
4385.951877132545,4734.516385690917,-348.5645085583719
4376.07034768453,5025.240892909436,-649.1705452249062
4378.301584912808,5249.126536911773,-870.8249519989649
4368.413693447931,5130.625474597108,-762.2117811491771
4369.583428138908,5157.628126455371,-788.0446983164629
4953.129371286897,5175.781455010696,-222.65208372379857
4952.354910346415,4524.416203133738,427.9387072126765
4940.542368393892,5251.428926187628,-310.88655779373676
4967.929793667112,4918.908840535233,49.02095313187874
4929.47002400553,4617.10582759585,312.3641964096796
4958.090412681106,5090.580949783234,-132.49053710212866
5202.458494460295,4629.374828482848,573.0836659774468
5196.548151117931,4956.311972738425,240.23617837950678
5200.678251332056,4631.49310340419,569.1851479278657
4834.029110986913,5092.756325028682,-258.727214041769
3144.6864070185857,5142.659122917028,-1997.9727158984424
3149.366483841446,5047.088406559894,-1897.7219227184478
3142.8073787917197,5270.835989110511,-2128.0286103187914
3137.369287906509,5012.218619851114,-1874.8493319446056
3830.6233847113626,5254.540748121075,-1423.9173634097124
3839.6157114940165,3643.157301976586,196.45840951743048
3847.9624398194005,4310.46421531499,-462.5017754955893
3848.0131598694397,3869.278447079157,-21.26528720971737
3834.342808188022,4675.378996392345,-841.0361882043226
3848.591830840798,5122.198430247473,-1273.6065994066748
3821.5324334577917,5102.378274557901,-1280.8458411001093
3830.695704423683,5238.213303261983,-1407.5175988383003
4614.97552399131,3852.503706649891,762.4718173414194
4591.704670327809,5106.380887162265,-514.6762168344558
4624.894679796814,4559.068351460952,65.82632833586194
4629.022700551757,3194.030668857021,1434.9920316947364
4614.830226961904,5237.632198443426,-622.8019714815218
4617.233413868352,5168.569408709583,-551.3359948412308
4614.289626994758,4481.463445031515,132.82618196324256
5207.568999702657,4971.328487714475,236.24051198818142
5202.388636735811,3850.039227157412,1352.349409578399
5212.000316580826,4922.537523670653,289.46279291017254
5213.575008778378,4564.046506498331,649.5285022800472
5185.098614356202,4626.94342735919,558.1551869970126
5182.657437890138,5193.395425440786,-10.73798755064854
4544.16678297279,4677.467619487137,-133.30083651434688
4546.202659701518,3170.3598568913408,1375.8428028101775
5207.843813921353,4977.432289049211,230.41152487214185
5190.795244116806,5293.670333011482,-102.87508889467608
5193.472882654911,4863.005065913796,330.4678167411148
5200.959575370619,4791.671628058875,409.28794731174366
5188.536158135335,3995.937391161308,1192.5987669740275
5218.738923308808,3959.909089936204,1258.8298333726038
4632.698139128955,4654.808417051668,-22.110277922713067
4630.945476686298,4556.812330243944,74.13314644235379
4607.798581190357,4476.245650449673,131.55293074068413
4622.4094662347925,4798.177248760738,-175.76778252594522
4630.120362841593,5120.020653615123,-489.9002907735294
4628.1260292580555,4649.2248303643255,-21.098801106270002
4623.994958188158,4971.692519228964,-347.69756104080534
3857.4634808078313,4518.0402148641315,-660.5767340563002
3823.8975920772223,5100.283721653224,-1276.386129576002
3853.882967016789,4506.207350394451,-652.3243833776623
3838.7496576281524,4633.937223914244,-795.1875662860916
3848.4414375296487,4326.182831010456,-477.7413934808069
3847.5350810736177,5220.404229507961,-1372.869148434343
3848.525307107822,4851.375302214014,-1002.8499951061917
3838.495023192017,3859.4466090315027,-20.951585839485688
3126.448255673465,5333.184510899244,-2206.7362552257787
3135.328786559802,3999.386617961252,-864.0578314014497
3136.036707703799,5204.454056719905,-2068.4173490161056
3146.5558448250913,4924.586933743537,-1778.0310889184457
3692.664563396178,3920.960494397697,-228.29593100151897
4043.449654746755,4619.59940333517,-576.1497485884147
4078.9780872040665,3186.8376885300836,892.1403986739829
4062.6284238660305,4546.431735933332,-483.80331206730125
4075.5679126586056,5250.7407894024,-1175.1728767437944
4457.166472710523,3151.992281554374,1305.1741911561485
4470.135769711935,4814.101123355156,-343.96535364322153
4472.161707395658,4849.2004544600295,-377.0387470643718
4462.685727290714,4994.172668812238,-531.4869415215244
4482.527452588238,4688.079559878534,-205.5521072902966
4507.960426115351,4881.390227000199,-373.4298008848482
4449.454626206102,5342.995577229829,-893.5409510237268
4477.099689339106,4498.715820431446,-21.616131092340765
4459.65563409409,5138.042534018662,-678.3868999245724
4451.002009901214,4474.982444574164,-23.98043467295065
3163.5612662841754,4488.8327798038645,-1325.271513519689
3160.8594582621145,5339.153003386444,-2178.2935451243293
3169.2225138750237,4165.4838864289095,-996.2613725538858
3643.0367859020294,4174.811326776422,-531.7745408743926
3652.0631326766425,4943.281221440227,-1291.218088763584
3636.9247380637703,4640.808221633432,-1003.8834835696621
3634.673850197723,4400.420094639095,-765.7462444413718
4152.634999507694,4361.222111005371,-208.58711149767623
4168.833711245972,5182.354617243319,-1013.5209059973467
4172.533083235704,4683.233558045076,-510.7004748093723
4170.187573970581,5253.639501366698,-1083.4519273961168
4152.208069697122,4485.192558298658,-332.9844886015362
4525.161658831084,4650.476510077956,-125.31485124687151
4539.480546009172,5040.49010456272,-501.00955855354823
4545.511458302145,3691.7361401444296,853.7753181577154
4545.59430036828,5403.946732713621,-858.3524323453412
4933.08319854523,4667.033193158508,266.05000538672175
4938.192652814712,4496.937094103059,441.25555871165307
4944.840824849846,5252.926650920324,-308.0858260704781
4953.157092892651,4185.053408171392,768.103684721259
4909.790760679429,3898.9461701155697,1010.8445905638591
4944.685500083852,4916.338189224647,28.34731085920521
4957.45355331731,5438.044223879957,-480.59067056264666
4934.201748023055,5209.144094343362,-274.94234632030657
4967.614803310204,5067.172178042641,-99.55737473243698
4193.360570835674,5151.745707194998,-958.3851363593249
3919.3146504030115,3887.195291635484,32.1193587675275
3920.121324863602,3932.4630198719206,-12.341695008318766
3894.731566178566,3150.4101010756367,744.3214651029293
3892.71504039768,4803.587658232544,-910.8726178348638
3918.4901867059293,5188.380639440504,-1269.8904527345744
4486.834912681583,5423.457440639109,-936.6225279575265
4481.098807873323,5173.841227186958,-692.7424193136358
4488.5276585736865,4652.135641768198,-163.6079831945117
4481.72163788218,4667.087045891026,-185.3654080088454
4505.623552943613,4872.76619167921,-367.14263873559776
4477.295820545615,5061.890097724076,-584.5942771784612
5113.973015586924,3953.6363444434655,1160.3366711434583
5104.328561288229,5167.601610752689,-63.2730494644602
5100.237622709495,4627.018598703842,473.2190240056525
5146.495952413602,3344.8171359920216,1801.6788164215804
5125.138356747083,4684.010043495148,441.12831325193474
5129.469228961419,4995.389830770043,134.07939819137573
5120.722917880466,5121.792010240352,-1.0690923598858717
5124.252634083167,3711.0137594667026,1413.2388746164647
4450.359418331775,4747.497958617808,-297.1385402860333
4472.19745338707,4479.918355568178,-7.720902181108613
4486.943461239526,4419.349729907024,67.5937313325021
4504.754518700629,4402.352623508519,102.4018951921098
4480.48807326403,3952.0301767125384,528.457896551492
4474.736099250562,4160.458472131038,314.27762711952346
3885.8248932220545,4038.590921017085,-152.76602779503037
3922.78154183954,4988.896665951863,-1066.115124112323
3923.2414082626406,5229.2582981950245,-1306.016889932384
3909.862763125738,4834.8137349411045,-924.9509718153663
3914.619854380505,5261.669090562327,-1347.0492361818224
3136.980816436544,4891.873300617935,-1754.8924841813905
3141.285477170308,4836.191947598741,-1694.9064704284328
3139.411969329247,5324.108922549569,-2184.696953220322
3153.1987187180853,4803.392004650542,-1650.1932859324565
3791.6367187739957,5249.987185267646,-1458.3504664936504
3762.140854459176,4838.224124357113,-1076.0832698979375
3769.959616656231,3846.7347787268227,-76.7751620705917
3775.42584793731,5107.675051654111,-1332.2492037168004
3789.738183216935,3994.3910559588458,-204.65287274191087
3774.8602437452028,5407.642043262511,-1632.7817995173082
4393.497740464704,3946.878029810043,446.6197106546615
4392.546923184029,5095.233011678067,-702.6860884940379
4389.131587591246,5126.895476332639,-737.7638887413932
4372.426021545555,4980.9064270252475,-608.4804054796923
4392.460686587869,3175.7581072779735,1216.702579309895
4382.875495193531,5121.824727050127,-738.9492318565963
4955.359234395082,5202.258911231249,-246.8996768361667
4956.869851648926,4855.234885159435,101.63496648949058
4960.507017632457,4551.943980735501,408.56303689695596
4956.8578036805575,4672.468342954914,284.3894607256434
4963.257727356968,4919.450210883093,43.807516473874784
4935.90574329613,5095.100315771479,-159.19457247534865
5212.073432830626,3169.29508892835,2042.778343902276
5203.044265491433,5165.397213200913,37.64705229052015
5220.94077620329,3811.7349251992923,1409.2058510039974
4818.734757391573,5203.082458236866,-384.3477008452928
3129.834469480891,4900.858728097065,-1771.024258616174
3136.987193435124,5169.783878747323,-2032.7966853121989
3123.611627543668,4625.458561760142,-1501.8469342164744
3135.4069328579008,5175.565116308254,-2040.1581834503531
3843.2979668653816,3181.9457912834437,661.3521755819379
3842.9802715879778,5173.271245255673,-1330.2909736676957
3841.8143607214233,5249.2263064907975,-1407.4119457693741
3865.758408411827,3193.2258343128437,672.5325740989833
3828.180546436254,3317.2164175979037,510.96412883835046
3836.854694976376,4803.249319031186,-966.3946240548103
3836.2518441200145,5182.10286300178,-1345.8510188817654
3826.2488514068823,4484.04354395541,-657.794692548528
4624.894679796814,3652.79698131057,972.0976984862436
4618.602373898889,5040.6255108399455,-422.0231369410567
4610.06090302331,3939.2329482661203,670.8279547571897
4623.582306657683,5140.525582470353,-516.9432758126695
4640.413161475184,5283.451296794485,-643.0381353193006
4619.857073184632,5227.4776435621125,-607.6205703774804
4610.5883308677585,4638.202935517158,-27.614604649399553
5198.9123623413925,4489.013830037688,709.8985323037041
5201.82519322445,3202.2683582787477,1999.5568349457026
5204.763274488672,4643.251665608429,561.5116088802433
5188.795404290078,4387.283443480523,801.5119608095556
5208.92346017478,4492.478610783122,716.444849391658
5215.280150768559,4502.925588804495,712.3545619640636
4532.980534051178,5129.827958224012,-596.8474241728336
4530.27124379497,4483.738857163911,46.532386631059126
5196.457236308941,5268.769748638833,-72.31251232989234
5195.678785109584,4924.049630408731,271.6291547008532
5204.927647460248,4970.519194227685,234.40845323256326
5190.344256292934,5137.378369212984,52.965887079950335
5196.564251728921,4151.414172981752,1045.1500787471687
5181.6603062573895,4945.126941398889,236.53336485850014
4620.99047423034,5171.192270891068,-550.2017966607282
4621.002546908272,4908.137176711537,-287.13462980326494
4626.087070889567,5145.241864760609,-519.1547938710419
4619.883047089276,4853.964185823992,-234.08113873471575
4613.334273472056,5142.140200228885,-528.8059267568287
4647.155895171801,3351.79899125445,1295.3569039173508
4615.6229557321385,5255.633143802437,-640.0101880702987
3825.0604126526723,5116.620062121275,-1291.5596494686024
3856.9514337698183,5262.618174846486,-1405.6667410766677
3826.2556816928113,4632.766469120239,-806.5107874274277
3839.503021669008,4986.838093226903,-1147.335071557895
3830.955576785076,4174.166151055329,-343.21057427025244
3841.1298719170986,4656.645029588654,-815.5151576715557
3827.63300627871,4147.144502381181,-319.511496102471
3831.8343133464928,5248.908798745925,-1417.0744853994324
3141.789246315419,4847.365396335021,-1705.5761500196018
3139.7039197176864,5326.533156621403,-2186.8292369037163
3159.692210747586,5278.512149136421,-2118.8199383888345
3131.3727503982723,5390.038611132546,-2258.665860734274
3685.135907422296,3930.292982662922,-245.157075240626
4078.5620710304916,5403.052236116945,-1324.4901650864535
4056.5731425994018,5324.362857769118,-1267.7897151697161
4057.6925119526627,4540.677169831644,-482.9846578789816
4059.8932857939176,4176.2893972467755,-116.3961114528579
4463.602160143796,3700.61924685965,762.982913284146
4489.920412213218,5132.4535168443335,-642.5331046311157
4461.321707633909,5327.184728774346,-865.863021140437
4462.0940888106525,4634.687152755741,-172.59306394508894
4500.06698312374,5153.897480756426,-653.8304976326863
4446.034126547671,5362.1949171292845,-916.1607905816136
4447.775754334069,4530.539461571879,-82.7637072378102
4453.773742241053,3849.7235839129016,604.0501583281512
4470.009644775186,4159.23602863708,310.77361613810535
4461.881165935663,3915.3297289076954,546.551437027968
3166.7140555311503,5188.4305521309825,-2021.7164965998322
3164.821940526534,3190.6946458459524,-25.8727053194184
3151.5404461268427,4146.365901472761,-994.8254553459183
3635.878594606441,3924.3527035033458,-288.4741088969049
3648.751170915078,4555.063580135306,-906.3124092202283
3627.1930074720317,4481.876949449603,-854.6839419775711
3630.445955952614,5231.230502444941,-1600.7845464923266
4164.432852390517,4548.607107088739,-384.1742546982223
4161.383019880096,5038.080132665311,-876.6971127852148
4151.833226253245,3156.300166871496,995.5330593817489
4163.577163800442,4277.6631907033,-114.08602690285807
4151.231311468553,4594.347979495811,-443.11666802725813
4537.863522248969,4861.54071853506,-323.6771962860903
4535.579667407131,4671.951172927546,-136.37150552041567
4545.849519099472,4808.064785488996,-262.215266389524
4532.471924710173,5130.13851982065,-597.6665951104769
4921.729576068401,4985.635174368675,-63.905598300273596
4921.835947390457,5373.442522163656,-451.6065747731991
4916.0084214589615,5156.512675959516,-240.50425450055445
4955.387560827747,4193.356395228327,762.0311655994201
4936.993390018556,4661.393203615436,275.60018640312046
4940.726469965863,3859.7189376211873,1081.0075323446754
4949.25270294758,4660.730872127054,288.5218308205258
4921.614444561558,4473.025885494599,448.58855906695953
4941.114796202155,4681.126991384673,259.98780481748236
4156.122691408541,5234.0923939632885,-1077.9697025547475
3919.3146504030115,4525.104526687935,-605.7898762849231
3893.219174094976,5155.098214552689,-1261.8790404577126
3910.019458788122,3949.988738691436,-39.969279903314145
3882.858674055523,5194.954996980142,-1312.096322924619
3901.0261093062686,4376.932741352276,-475.9066320460074
4478.976566112117,4545.867416841662,-66.89085072954458
4482.581111597742,5033.4660807323535,-550.8849691346113
4513.26518860338,4584.0106470847895,-70.74545848140951
4485.756208801694,4157.903008135233,327.8532006664609
4489.343874136081,4493.368961117173,-4.0250869810925
4492.461858835322,3707.611400971335,784.8504578639872
5112.796343012205,5025.633192469461,87.163150542744
5103.27623458526,3152.484121698522,1950.7921128867379
5122.843448221465,5052.078809568746,70.76463865271944
5107.390902342596,5118.450535889962,-11.059633547366502
5112.6241498431655,4546.54054934962,566.0836004935454
5100.675692596311,4381.192121238697,719.483571357614
5103.858722106629,4839.839024930238,264.01969717639076
5122.286169571487,4799.723959563308,322.56221000817914
4478.189290975978,3853.399534816966,624.7897561590121
4497.463795510885,3872.996844879151,624.4669506317337
4519.863849316732,4888.431290495017,-368.56744117828475
4487.708748070098,4455.06339693355,32.645351136548015
4488.387249015341,5028.038576409435,-539.6513273940946
4482.65922603335,4962.183685952934,-479.52445991958393
3892.9717999571026,4859.696533124546,-966.724733167443
3896.969851666353,5101.848821552924,-1204.8789698865712
3920.8074045052913,4560.328605699643,-639.5212011943518
3898.1869747877527,4533.224372730182,-635.0373979424294
3919.48691248593,4438.278914418518,-518.7920019325879
3146.6429736694263,5046.565918836598,-1899.9229451671717
3154.086273542357,3820.9764731677215,-666.8901996253644
3139.0834539944685,5267.726238494688,-2128.6427845002195
3138.144841335723,5158.286298400818,-2020.141457065095
3788.669910995772,4561.266344214947,-772.5964332191747
3769.959616656231,5133.765071091731,-1363.8054544355005
3787.2265939754225,3930.467010382169,-143.2404164067466
3761.927041971095,4949.183079448079,-1187.2560374769841
3782.4053943449717,4440.512700598469,-658.107306253497
3773.2382633081497,5148.671462965531,-1375.433199657381
4382.770622431865,5225.587580816237,-842.8169583843719
4382.461296168316,4185.774269185057,196.68702698325887
4376.987584843748,4673.666565019774,-296.678980176026
4377.658316599839,5107.308301139102,-729.6499845392627
4376.375478942054,4962.723345215608,-586.3478662735542
4384.72583762101,5142.300336924379,-757.5744993033686
4938.794325411827,4660.129796026553,278.66452938527436
4941.8716361910965,4055.6895999161284,886.1820362749681
4958.322741943163,3673.378857247435,1284.9438846957282
4956.534678457479,4608.132821813576,348.40185664390265
4943.813702726027,5266.767565269115,-322.9538625430878
4945.365217004377,4297.437008148984,647.9282088553928
5201.472875655917,4543.867883856587,657.6049917993305
5195.699373053379,5255.870321518525,-60.170948465146466
5208.131440107981,5111.926763927373,96.20467618060775
4826.747198337949,3327.0763024995967,1499.6708958383524
3136.6474557676993,4635.512614144771,-1498.8651583770716
3137.012642973556,4500.651411269104,-1363.6387682955478
3145.9975493810966,3166.4980261271803,-20.500476746083677
3142.1048206526752,5156.126174034554,-2014.0213533818792
3832.219117771004,4781.9921433115105,-949.7730255405063
3830.9332314648555,5218.630452302223,-1387.6972208373672
3828.22482588362,4493.88995581743,-665.66512993381
3825.7527952491364,4169.096753392317,-343.3439581431803
3825.070493612938,5230.409548532257,-1405.3390549193186
3840.4067800510297,3953.148610717437,-112.74183066640717
3843.303481443596,4561.375492484576,-718.0720110409802
3834.327238278893,3698.4745943194175,135.8526439594757
4614.830226961904,5228.8981108642265,-614.0678839023221
4636.491147305688,5259.86162423118,-623.3704769254919
4640.413161475184,4876.478774492757,-236.065613017573
4608.655534756083,3913.64592415106,695.0096106050232
4609.392218061578,3852.401582460032,756.9906356015463
4627.614684111841,3705.1257601302127,922.488923981628
4630.263586156405,4644.908113186606,-14.644527030201061
5217.471481980491,5288.126657915494,-70.65517593500317
5183.051961649004,4502.225206327244,680.8267553217593
5212.634191464028,4367.230357764616,845.4038336994117
5171.338908519917,4461.5841890295005,709.7547194904164
5186.076023346666,5127.514618225678,58.56140512098864
5197.378253410602,5173.231824684181,24.14642872642071
4553.843129224018,5155.0025118995545,-601.1593826755361
4546.517665810739,3959.8771317494447,586.6405340612946
5194.941995518214,5143.617703691206,51.32429182700798
5191.870401323004,4863.342632843867,328.5277684791372
5209.718658583456,4649.621280948947,560.097377634509
5187.510156054082,4328.700915818825,858.8092402352568
5190.849847634234,5238.589407425135,-47.739559790900785
5199.616032000544,5391.1839165592,-191.56788455865626
4628.813149876822,5304.088570100716,-675.2754202238948
4627.338523040217,5267.578607230007,-640.2400841897897
4622.037207041344,5425.521629916898,-803.4844228755537
4614.685546556685,5260.522670108363,-645.8371235516779
4615.225015837768,3851.5394213752643,763.685594462504
4625.065405593731,4650.065377042529,-24.999971448797623
4608.568849477381,4534.589519672841,73.97932980454061
3823.009180873026,4510.144599349954,-687.135418476928
3823.6304969130692,4798.366331213856,-974.7358343007868
3834.83623095154,5149.004625727808,-1314.168394776268
3841.239104301773,5129.662039914863,-1288.4229356130904
3836.2312933265976,5159.3556036983055,-1323.124310371708
3844.9339933479473,5360.385632467766,-1515.451639119819
3835.0949159920624,5252.256885522832,-1417.1619695307695
3861.345050390389,4385.833574453977,-524.4885240635881
3141.076911050512,4539.553261779363,-1398.4763507288512
3135.290549944771,4597.0054638852125,-1461.7149139404414
3149.0088234260784,4557.044360868293,-1408.0355374422143
3150.5022700050204,5211.657830186933,-2061.1555601819127
3692.1785289665077,4512.872246298783,-820.6937173322749
4074.935644291189,5124.899056712551,-1049.9634124213621
4075.4058158202756,5258.808805722448,-1183.402989902172
4080.2036280783686,4176.376994546522,-96.17336646815329
4078.918983930846,4176.209429133651,-97.29044520280468
4466.496646645278,3872.5425776092875,593.9540690359904
4474.187740487785,4496.693901184519,-22.506160696733787
4458.2385493467,3854.2851040481823,603.9534452985176
4458.1551786717555,4837.7791519459515,-379.62397327419603
4469.664750440779,4912.797090346356,-443.1323399055764
4460.596171662533,5157.5002411904015,-696.9040695278682
4473.685627644125,4664.852882321042,-191.16725467691685
4427.772165074868,4123.519664762035,304.25250031283304
4486.473938599114,4504.613085640229,-18.139147041114484
4472.289826153152,5143.505208137839,-671.2153819846872
3175.1766240504885,4547.223518422948,-1372.046894372459
3171.876251245815,4651.61491901023,-1479.7386677644145
3152.1426574483544,4835.576112457608,-1683.433455009254
3619.5914683763435,5190.876982416261,-1571.2855140399174
3638.8013748712406,4304.813971078613,-666.0125962073721
3637.026510947249,5114.578335275281,-1477.5518243280317
3625.228821330136,3945.9381483785987,-320.7093270484629
4182.122865110124,5238.510370405552,-1056.3875052954281
4165.182267430342,4640.062840608577,-474.88057317823495
4157.108124812936,5189.2430999849275,-1032.1349751719918
4151.778779417288,3847.230647887048,304.5481315302404
4168.0478403346415,4655.869578296048,-487.82173796140614
4539.914758807343,4051.815158631217,488.09960017612593
4540.65671095997,4490.242845347893,50.413865612076734
4525.995947058618,5339.534339102753,-813.5383920441345
4519.739220171309,4259.386161102242,260.35305906906706
4933.332474841193,3848.899380149706,1084.4330946914874
4940.726469965863,4166.4122525875755,774.3142173782871
4951.6477873365975,4684.141677995197,267.5061093414006
4929.239835377917,5105.988534669686,-176.7486992917684
4933.433103392731,5168.6742332562435,-235.24112986351247
4933.327043833021,5108.990744715236,-175.66370088221538
4963.215182844475,3879.5154289155817,1083.6997539288932
4944.083489708797,5290.620543834257,-346.5370541254597
4942.6287089599045,5138.469063339037,-195.8403543791328
4184.540442000373,3928.2618309335044,256.27861106686896
3919.3146504030115,4495.359501091947,-576.0448506889356
3905.7399062221493,4630.2403716176295,-724.5004653954802
3903.8499675201138,4634.094029268369,-730.2440617482553
3919.3272851112583,5180.118499415053,-1260.7912143037943
3918.8818538826163,4436.365371676949,-517.4835177943323
4454.404869582927,3896.490592461854,557.9142771210732
4485.3993961425585,4558.585239289722,-73.18584314716372
4491.373402512999,5142.8600232636145,-651.4866207506157
4493.614467061288,4564.395455918467,-70.78098885717827
4482.630053310799,4491.947546760734,-9.317493449935682
4475.923339974653,4715.579112131163,-239.65577215651047
5108.95848516669,5161.3988726479765,-52.44038748128696
5107.406483902505,4835.90503133876,271.50145256374526
5122.835472793965,5169.477248121524,-46.64177532755912
5106.281301871657,4961.779188505896,144.50211336576103
5121.916176210494,5123.1012502928925,-1.185074082398387
5119.319344778946,4994.680926149497,124.638418629449
5123.781469403305,5141.1124054374,-17.33093603409543
5092.030350523088,5122.100603946207,-30.07025342311954
4507.911426685463,4402.894518506016,105.01690817944746
4482.783219464904,5164.80835675083,-682.0251372859266
4478.523579556514,3863.1586777770285,615.3649017794855
4481.540915635323,4487.58778649451,-6.046870859187038
4463.268515423804,4619.837999194038,-156.569483770234
4467.9928146039465,4624.906854420487,-156.91403981654094
3916.8945366992016,5149.833530938408,-1232.9389942392067
3899.8111630822714,4919.233772377776,-1019.422609295505
3928.792665303527,5277.3427091278545,-1348.5500438243275
3907.5486079152815,5023.07816031148,-1115.5295523961986
3877.68384509543,4518.294501215965,-640.6106561205352
3138.6012678684215,3797.682853234178,-659.0815853657564
3156.7212802454724,4787.268536510807,-1630.547256265335
3158.0890105014837,4975.784456476861,-1817.6954459753774
3151.6465029253786,4016.068245764709,-864.4217428393304
3768.7707270618503,5194.8457152075825,-1426.0749881457323
3775.42584793731,4830.918577154702,-1055.4927292173916
3761.927041971095,5079.064564787134,-1317.137522816039
3776.29186794256,5213.7454569338215,-1437.4535889912613
3776.094178207566,5346.389556682703,-1570.295378475137
3793.5445297465585,4520.406104114132,-726.8615743675737
4385.9998254972415,4492.065862231084,-106.06603673384234
4389.1008939801995,5118.528572777409,-729.4276787972094
4401.097548297007,5241.528177523873,-840.4306292268657
4398.380780301952,4505.072492278788,-106.6917119768359
4370.4355326128525,4301.406372783913,69.02915982893956
4364.208217791219,4843.559233915464,-479.3510161242448
4969.109873187678,4869.770132374608,99.33974081307042
4947.999420030109,5241.949290587734,-293.9498705576252
4947.114263618453,5216.217064561702,-269.10280094324844
4965.394284804611,4981.724442817668,-16.33015801305737
4953.7300962878435,5177.330379274658,-223.60028298681482
4946.984985343098,5200.975738292296,-253.9907529491984
5201.194181124513,4644.299694107024,556.8944870174892
5220.8271297986785,5167.817119229167,53.010010569511905
5223.120376915025,5221.984711423802,1.1356654912233353
4836.40905290738,5292.490658987639,-456.081606080259
3136.1431272976833,5125.733364454151,-1989.590237156468
3124.4663518162633,5326.88728328053,-2202.4209314642667
3131.1330229392274,4810.418450143073,-1679.2854272038453
3125.9017225126768,4534.424735041426,-1408.5230125287494
3843.4388268207717,5096.480869367679,-1253.042042546907
3836.3279577170388,4491.828208706333,-655.5002509892938
3845.3186784702107,5426.554048804052,-1581.2353703338417
3828.2460401427566,5155.1031421959215,-1326.857102053165
3846.4452178848037,4331.946883797521,-485.50166591271727
3844.3498636904974,5256.466908846787,-1412.1170451562898
3846.8974787896136,5014.274332418538,-1167.376853628924
3825.911972174071,5257.874415852799,-1431.962443678728
4614.289626994758,5243.184850308401,-628.8952233136433
4615.751645358178,4549.314533098721,66.43711225945754
4610.5883308677585,4390.898351626321,219.68997924143787
4614.311466783076,5134.235220265043,-519.9237534819667
4630.263586156405,5032.752368732084,-402.48878257567867
4624.608657992415,4642.899375698259,-18.290717705844145
4614.938415447807,4665.441543317418,-50.50312786961149
5189.683002878626,4846.672820458273,343.010182420353
5188.115902876171,4325.614278580427,862.5016242957445
5205.889959005148,5229.9998669190145,-24.109907913866664
5211.037170476328,5302.553309864369,-91.51613938804076
5193.19620439317,4350.142131623961,843.0540727692087
5188.032201903752,5325.565116683792,-137.5329147800403
4533.2518465283265,5076.1945636867,-542.9427171583739
4535.489685331568,4928.1711658288295,-392.6814804972619
5219.595617598115,3867.5763719160523,1352.0192456820623
5204.9820943596715,4997.373111816016,207.60898254365566
5215.228589618285,5405.377715419668,-190.14912580138298
5185.038043487505,4168.914411438853,1016.1236320486523
5197.507374718351,5025.658152260551,171.84922245779944
5214.167867291613,3646.578463503157,1567.5894037884564
4639.148535090156,4565.045930226204,74.10260486395146
4610.642240450329,4357.777070794168,252.86516965616102
4614.28941192495,4485.15997137895,129.1294405460003
4608.511116828983,5035.393356986426,-426.88224015744254
4620.624559576725,4639.211655289626,-18.58709571290092
4629.133978470527,4496.643513281697,132.49046518883006
4602.435130689925,5280.011025739151,-677.5758950492254
3834.209876411562,4515.553528788756,-681.3436523771938
3843.857738716558,5245.329662764311,-1401.4719240477534
3844.1018479539316,5176.275835650675,-1332.173987696743
3836.4767667728593,4179.245522121086,-342.7687553482265
3830.1139597632305,5146.606540221483,-1316.4925804582522
3854.6697779026663,5188.862940076321,-1334.1931621736549
3835.3855874409337,4521.369969496509,-685.9843820555752
3849.4963590552848,4658.601132541716,-809.104773486431
3143.904609053341,3862.2989534377507,-718.3943443844096
3131.508607750308,4916.760013218085,-1785.2514054677772
3144.5741902093455,3186.7980751183545,-42.22388490900903
3131.397045530731,3790.1659845630948,-658.768939032364
3705.7385498010963,5008.175813021521,-1302.437263220425
4057.630277104409,4487.537154945317,-429.9068778409078
4054.389405425456,5292.149604967555,-1237.7601995420991
4061.836105644647,4650.665045521369,-588.8289398767224
4060.2588474975378,4990.907881706262,-930.6490342087241
4469.095132593304,3976.97219648488,492.1229361084238
4485.084955483407,5190.119945302022,-705.034989818615
4454.141508612043,5106.2186774084885,-652.0771687964452
4473.54198199373,5027.6011374942,-554.0591555004703
4483.755725824105,4569.670954960075,-85.91522913596964
4455.947325705102,4917.516323293946,-461.56899758884356
4471.082178918055,5144.40044013647,-673.3182612184146
4476.058163753614,4866.699544254315,-390.6413805007005
4468.558117656051,5275.34380295195,-806.7856852958994
4464.624733467036,5110.180772971828,-645.5560395047924
3161.5432521737494,5166.864883900317,-2005.3216317265678
3160.4819990115707,5332.008151977136,-2171.526152965565
3172.124483844823,4609.626907336086,-1437.5024234912635
3632.10550632532,4846.332009000478,-1214.226502675158
3620.9760735312143,5317.275432543368,-1696.2993590121537
3636.5168173633283,4847.410550595936,-1210.8937332326077
3632.866782119332,4630.295535937755,-997.4287538184226
4168.130139635256,5339.316862960407,-1171.1867233251514
4167.475572121324,4498.088843580948,-330.61327145962423
4157.457514028679,4544.217610295517,-386.76009626683845
4147.271297040856,4794.620774077614,-647.3494770367588
4161.049718830377,5113.671787605333,-952.6220687749556
4535.110243445923,4526.313955100479,8.796288345443827
4547.359272694883,3872.5797704835,674.7795022113828
4528.419052300707,5208.199505466546,-679.7804531658385
4521.102660196071,4381.310117947429,139.79254224864235
4938.837802984915,4160.41486492669,778.4229380582246
4914.908955761601,5005.185965734735,-90.27700997313423
4955.528508327174,4673.24679029376,282.2817180334141
4937.0954250113655,5265.902437656477,-328.8070126451112
4933.78837581715,4958.632516174108,-24.844140356957723
4944.446901598021,4495.012966735276,449.43393486274545
4934.6118289273345,4850.228646374639,84.38318255269587
4913.544003864198,4526.581021114848,386.96298274935
4960.288165166271,5359.305289269519,-399.0171241032476
4176.638896817558,5017.819695305779,-841.1807984882207
3919.3146504030115,5150.874907262457,-1231.5602568594454
3913.400694059667,5243.826995902971,-1330.4263018433044
3904.1854663059225,4399.152757167627,-494.96729086170444
3900.69573572273,5247.138557138215,-1346.442821415485
3897.2378006621716,4386.702911410011,-489.46511074783984
4497.792312525375,5249.531432106534,-751.7391195811597
4501.4656882296495,4416.0744905689435,85.39119766070598
4487.427179059356,4543.860406824057,-56.43322776470086
4485.613556539116,4674.003313990795,-188.38975745167863
4485.005439457518,5232.426122959955,-747.420683502437
4490.675620691625,3960.0786837966775,530.5969368949477
5110.81909193156,4542.287667140652,568.5314247909082
5110.961173001508,3913.472392418168,1197.4887805833396
5129.006822081029,4562.530714392155,566.4761076888744
5116.886298383728,4271.428777514273,845.457520869455
5103.003357943132,4160.6910688138105,942.3122891293215
5119.931400367702,4861.045676698423,258.8857236692784
5119.052579462045,5034.2101781830515,84.84240127899375
5107.884555974595,4927.03046355172,180.8540924228755
4502.86913998058,5359.632258483825,-856.7631185032451
4480.133163292933,4396.342664790533,83.79049850240062
4470.924556048887,4480.699275683331,-9.7747196344435
4487.389268324852,4856.514193370058,-369.1249250452056
4480.139310378234,4647.030764952499,-166.89145457426548
4494.921884995095,4843.9881877880725,-349.0663027929777
3907.0657961497413,4854.952037722934,-947.8862415731924
3926.3031525769557,4196.447755548049,-270.14460297109326
3928.389480036717,4862.013222732289,-933.6237426955722
3889.42173066349,5104.713006859667,-1215.291276196177
3916.365174065171,3164.439016945236,751.9261571199349
3146.782541085119,4545.7764206901,-1398.993879604981
3145.537642859312,4008.6593352082164,-863.1216923489042
3150.729860059858,5195.0776036666375,-2044.3477436067797
3155.415602307271,3966.7214410847537,-811.3058387774827
3790.465566083152,4381.901078804129,-591.4355127209765
3789.738183216935,4677.583122276425,-887.8449390594897
3782.4053943449717,5262.486609194161,-1480.0812148491896
3776.094178207566,4654.5145059501665,-878.4203277426004
3773.6322626612423,5326.943647710989,-1553.311385049747
3787.1651938630666,4401.604889958378,-614.4396960953118
4388.849132250735,3863.219234202399,525.6298980483361
4355.478941668383,3931.4824188891357,423.9965227792477
4388.422557277329,4646.800471017073,-258.37791373974324
4377.760329005418,3180.8853812099537,1196.8749477954639
4372.9341717674515,5115.206296273275,-742.2721245058237
4378.02783054914,5147.441536020568,-769.4137054714274
4956.699475529802,3711.7014387727863,1244.9980367570156
4965.301466900586,5200.013193997107,-234.71172709652092
4948.059269305108,4861.763516497935,86.2957528071729
4953.374839107418,4482.318493805902,471.05634530151565
4931.4848492201445,5091.034914605217,-159.55006538507223
4975.782234738011,5242.176643577815,-266.3944088398048
5190.831509272941,4626.555219094745,564.2762901781962
5221.990253197559,4686.037979473211,535.9522737243478
5211.541170066787,5146.498486662599,65.04268340418821
4800.022667979794,4527.782485031076,272.24018294871803
3143.259714417968,5093.60115617533,-1950.3414417573622
3136.124334857773,4962.365884754625,-1826.2415498968517
3150.897213939777,5153.343271415085,-2002.446057475308
3146.757748732802,4682.167288675728,-1535.4095399429257
3827.057537949096,3317.405525844339,509.652012104757
3836.1504432245874,3852.457224689221,-16.306781464633787
3832.7096585784884,4354.519488297363,-521.8098297188744
3824.4406508482307,4951.552821651808,-1127.112170803577
3834.4492700686724,4190.896290787818,-356.44702071914526
3827.335792003439,4473.833522135616,-646.4977301321765
3842.9671824885836,5252.833818606716,-1409.8666361181322
3832.452177624792,5347.26569787886,-1514.813520254068
4617.301333825835,4978.030058977766,-360.72872515193103
4617.500866572509,4486.237059693457,131.26380687905203
4620.108404782524,4488.077417935269,132.030986847255
4620.701412666323,4250.569075157144,370.1323375091797
4602.673734953182,4464.806046659475,137.86768829370703
4622.536410792958,4993.5880808216425,-371.0516700286844
4606.9518598194445,5101.544066731623,-494.5922069121789
5218.4550299966295,4168.9962082754455,1049.458821721184
5192.857715327263,3800.737962979183,1392.1197523480796
5199.96394633597,5363.427315762988,-163.46336942701782
5194.271827710147,4631.95606144814,562.315766262007
5180.26308561005,4533.420367007935,646.8427186021154
5206.328062797261,5149.653805385758,56.67425741150328
4534.431782129213,5419.57397087324,-885.1421887440265
4527.393884629409,5014.973266577029,-487.5793819476203
5184.324678283419,4639.622857297893,544.7018209855269
5214.907611869036,5187.138671236399,27.768940632637168
5202.231639918319,5303.491356497398,-101.25971657907849
5206.305158619686,4493.798814200653,712.5063444190328
5202.505931636046,4554.959419318362,647.5465123176837
5191.675821043539,3917.7750089993783,1273.9008120441608
4633.439753826076,4867.376686423779,-233.93693259770225
4608.568849477381,3938.1324967697965,670.4363527075848
4617.742758999475,4541.134137586426,76.60862141304915
4610.602877966999,5127.304180394302,-516.7013024273037
4608.19666798511,3843.7247153803123,764.4719526047979
4611.62321075522,4947.813258990069,-336.1900482348492
4602.985215700897,3843.430349644283,759.5548660566142
3840.728880707856,4552.212973019015,-711.4840923111592
3833.9956280158335,4668.94483428578,-834.9492062699469
3846.687532460636,3865.8805337255244,-19.193001264888608
3831.0732897159114,4860.719604497823,-1029.6463147819113
3836.34318881986,5127.113746541121,-1290.770557721261
3835.8096762334044,5163.1143279335565,-1327.3046517001521
3840.5243252591595,4549.279170586619,-708.7548453274599
3821.2293172464424,5014.858042877713,-1193.6287256312708
3141.5273981314153,5149.74940567369,-2008.2220075422742
3150.5040042559517,4661.539823654638,-1511.0358193986863
3144.991153257776,5117.7474804299345,-1972.7563271721583
3140.569843380774,3951.3813963198077,-810.8115529390338
3696.650704765709,5158.579012342081,-1461.928307576372
4068.0812258202227,3879.279352643337,188.8018731768857
4058.9213744389594,5226.379733104761,-1167.4583586658014
4077.6595904650335,4657.696739390744,-580.0371489257109
4086.518730552038,4838.756074271247,-752.2373437192086
4478.745480536527,5283.278825656395,-804.5333451198685
4458.309838282209,5138.486049368423,-680.1762110862137
4479.592802101952,5229.553008050111,-749.9602059481595
4469.849669240323,5266.558112677827,-796.7084434375038
4472.326363386332,4853.378152000861,-381.05178861452896
4474.513757583174,5147.559108510774,-673.0453509276003
4475.355159573587,4618.369890237295,-143.01473066370818
4457.252702404654,3907.7733784800803,549.4793239245737
4473.770649143458,3951.956712615757,521.8139365277011
4460.308987706084,5229.926057473754,-769.6170697676698
3173.189645309173,5219.0646819325975,-2045.8750366234244
3155.3828999068155,3838.074708705203,-682.6918087983877
3168.3447941363956,4489.975656416412,-1321.6308622800161
3626.4092491319543,4853.736970229641,-1227.3277210976867
3647.477063252249,4557.473634591868,-909.9965713396191
3621.3772774999316,3837.524471632666,-216.1471941327345
3629.1220045955724,5161.213342246198,-1532.091337650626
4170.248360607032,4641.779715812955,-471.5313552059233
4157.523496739212,4186.989302812809,-29.465806073597378
4181.276010367255,4692.786100875103,-511.51009050784796
4143.380088849904,5095.660805741379,-952.2807168914751
4164.510673382736,4550.9128209180835,-386.40214753534747
4523.143457428229,4638.399218709849,-115.25576128161993
4560.976311809255,4419.622690634661,141.35362117459408
4535.91357834574,3854.9372967131876,680.976281632552
4522.801808647556,5322.858284132643,-800.0564754850875
4947.954221314752,4498.527852458691,449.42636885606134
4935.002286200963,5241.019937714831,-306.01765151386826
4927.995380182637,5193.729143516043,-265.7337633334064
4919.125275755955,5109.331997933344,-190.20672217738866
4911.689738382226,5096.235274678193,-184.54553629596649
4945.500511691268,3934.8372657354234,1010.6632459558446
4949.654740672684,4534.849723720696,414.80501695198836
4908.315486189176,4460.097240146895,448.21824604228095
4945.161608455866,3956.091048221592,989.0705602342746
4185.853766433979,5213.410795333366,-1027.5570288993868
3919.3146504030115,5029.743922825586,-1110.4292724225747
3941.412908613088,5293.064445073447,-1351.6515364603592
3912.8461371615717,4163.345863557854,-250.49972639628186
3901.0043970677725,4546.325965187745,-645.3215681199727
3908.4272982894227,5241.479353595858,-1333.0520553064352
4501.872611182346,4986.849613627664,-484.97700244531825
4461.948765668359,4618.355632430663,-156.40686676230416
4485.085778524819,5316.557880176851,-831.4721016520316
4473.471343452364,5251.0789356039795,-777.6075921516158
4485.135327101559,4666.8360155535975,-181.70068845203878
4508.273409463523,4571.330702503546,-63.05729304002216
5102.748436320448,3179.043744293936,1923.7046920265116
5122.843448221465,4857.396731469289,265.44671675217614
5116.226289197598,4599.918487312582,516.3078018850156
5116.231028989245,3956.724710131033,1159.5063188582117
5103.888948351633,4838.042986037522,265.8459623141116
5110.1482539878425,3663.5105241732226,1446.63772981462
5108.9436068593905,3848.227570651256,1260.7160362081345
5102.391478648332,3657.341722871699,1445.049755776633
4476.0429829494815,4958.80189972758,-482.75891677809886
4497.692430798997,3871.3010783016643,626.3913524973323
4493.846642901519,4828.588386253478,-334.7417433519595
4458.819109571442,5277.540515345971,-818.7214057745286
4472.981814967424,4832.848545656565,-359.86673068914115
4464.888269796484,4653.052972266712,-188.1647024702279
3919.9800417305687,3867.3016490472637,52.67839268330499
3907.366043706267,4659.589125552127,-752.2230818458602
3910.2919730826316,4844.747898214096,-934.455925131464
3900.4998626800157,4485.727015997197,-585.2271533171811
3908.3212810544364,4840.628604857998,-932.3073238035613
3149.2026403213504,5001.172855481758,-1851.9702151604079
3152.0876566483216,4185.666588045539,-1033.5789313972177
3145.426443164838,5121.142290306585,-1975.715847141747
3146.007609161516,4996.158634297921,-1850.1510251364048
3781.9951222269406,4018.1571272632095,-236.16200503626897
3774.8602437452028,5124.606921154759,-1349.7466774095565
3773.2382633081497,5248.511337066318,-1475.2730737581687
3793.5445297465585,4568.502682078457,-774.9581523318984
3787.1651938630666,4655.682750731181,-868.5175568681143
3756.9356076118,3904.7048168678675,-147.76920925606737
4391.570178859442,4823.109840872183,-431.53966201274034
4382.1805723418665,4637.855312215715,-255.674739873848
4353.810903709473,3777.8461626048365,575.9647411046362
4376.759641655838,3951.5224776122827,425.23716404355537
4370.126917349943,5136.072481123513,-765.94556377357
4377.35424562362,5109.278897497363,-731.9246518737427
4943.092186031464,3841.2677511658526,1101.8244348656112
4944.0791453356605,5231.15713783473,-287.0779924990693
4947.088758082634,5286.450406010858,-339.36164792822456
4964.588721627813,4650.36958189167,314.219139736143
4937.090354266516,4627.713391623882,309.3769626426347
4963.9403225020105,5273.895513808963,-309.95519130695266
5204.028357471073,3378.1228219256564,1825.9055355454166
5208.5058284493825,4330.03522490364,878.470603545743
5211.914594369796,4859.951091669599,351.96350270019684
4843.2557293248465,4501.873463244427,341.38226608041987
3127.799731366709,4386.761194572057,-1258.9614632053485
3129.9296439967225,4537.545350625485,-1407.6157066287628
3140.2458806810328,5052.480279551826,-1912.2343988707935
3131.8311689619027,4488.673513881594,-1356.8423449196912
3840.4067800510297,5009.332494907232,-1168.9257148562024
3837.7752110351544,5132.084587932604,-1294.30937689745
3851.328752743765,5250.357530184057,-1399.0287774402923
3830.7716660220967,4642.8025409289385,-812.0308749068417
3846.6938906518367,5192.562557152152,-1345.8686665003156
3849.081045512272,4868.512879245919,-1019.4318337336472
3837.9868996766036,4493.9624473316935,-655.9755476550899
3826.4406815432953,3910.793593791566,-84.35291224827051
4630.364303886,4977.5847247162665,-347.22042083026645
4612.421030116778,4828.143016179,-215.72198606222264
4614.670889051124,4539.859572673388,74.81131637773524
4610.1922383077135,5098.701131909019,-488.5088936013053
4592.844134931493,4995.336749108853,-402.49261417736034
4618.757300979747,3317.2607070303557,1301.4965939493914
4626.2028351417985,4676.338710972123,-50.13587583032495
5184.275059037527,3156.1218714675933,2028.1531875699338
5194.271827710147,4901.645367514991,292.62646019515523
5183.898985066355,3933.4535116247757,1250.445473441579
5188.358762713241,5124.125821197739,64.2329415155018
5214.921081754553,5348.448229886682,-133.5271481321297
5213.617608140776,5057.297951316008,156.31965682476766
4553.687869023892,3711.551264136062,842.1366048878299
4537.784802574473,4855.997793027324,-318.21299045285105
5182.235591045315,5331.242402783992,-149.00681173867633
5204.6042231524125,5125.384263705165,79.21995944724767
5195.181736271136,4117.101578118109,1078.0801581530277
5204.46499546294,4799.8257402755635,404.6392551873769
5221.0836178952095,4692.109115988464,528.9745019067459
5230.831845259246,4710.7302786887485,520.1015665704972
4622.009472063153,4551.486121258678,70.52335080447483
4649.110806328382,5203.005101658715,-553.8942953303331
4640.076367992484,5291.590390583246,-651.5140225907617
4617.338285118597,3942.850207339296,674.488077779301
4614.978207459542,5273.961877907009,-658.9836704474665
4607.575324256991,4631.5059121734885,-23.930587916497643
4608.305343281271,4644.432751574784,-36.12740829351242
3837.646056690316,4421.271826643464,-583.6257699531479
3850.228524667588,4992.341012149122,-1142.1124874815346
3839.945272546738,4861.1970608113825,-1021.2517882646443
3844.4523501015706,5230.8993925910145,-1386.447042489444
3852.065367437189,3872.851647000552,-20.786279563363223
3852.8325246453974,5404.4811702370325,-1551.6486455916352
3847.805402599755,3937.7816958440617,-89.97629324430682
3832.9107117769695,5249.254613677121,-1416.3439019001512
3142.241326882473,4553.695224104867,-1411.4538972223936
3166.1510925301304,5008.160142234398,-1842.009049704268
3157.532756093177,3877.17089543575,-719.6381393425731
3139.246841132733,5050.707517078991,-1911.460675946258
3695.8302477668667,5164.318412001119,-1468.4881642342525
4064.153669610849,4841.457509254827,-777.3038396439774
4065.193719464766,4548.09323435769,-482.89951489292343
4085.9062850782384,5364.2853400728145,-1278.379054994576
4062.6684435831203,5116.0461592462125,-1053.3777156630922
4461.300674302081,4832.40025509522,-371.09958079313947
4472.326363386332,5332.169069282153,-859.8427058958214
4474.207863672591,5008.25138277332,-534.0435191007291
4478.291807544767,4167.312401286151,310.9794062586161
4471.75660756201,4648.774994177519,-177.01838661550937
4485.942838016066,4412.815685948217,73.12715206784924
4474.942263349071,5269.025053232733,-794.0827898836615
4487.822389839138,5130.262419040243,-642.4400292011051
4472.14602283254,5227.870633733549,-755.7246109010084
4471.992556121823,4660.014876333391,-188.0223202115676
3159.402377983869,5121.096296980134,-1961.693918996265
3168.0399016722727,5308.186517999534,-2140.146616327261
3170.866791692573,4501.984858510421,-1331.118066817848
3640.7238759458824,5233.301397238003,-1592.5775212921208
3615.9445155021117,4587.634580842941,-971.6900653408297
3633.999521741607,4993.058866642317,-1359.0593449007101
3627.884523352294,4398.285974806683,-770.4014514543892
4152.198170376582,5234.989107630252,-1082.7909372536697
4180.892568201721,4691.815483563413,-510.9229153616925
4151.422631254534,4536.952449069979,-385.5298178154444
4156.173545723278,5128.177030827607,-972.0034851043292
4156.649787768293,5193.854395898226,-1037.2046081299331
4524.31095632103,4837.774366875475,-313.46341055444464
4530.175977609736,4535.029896505346,-4.85391889561015
4525.696335279169,3927.142139673458,598.5541956057109
4538.277877046492,5245.594607402607,-707.3167303561149
4944.255809431247,3400.9792191460656,1543.2765902851816
4950.299071055691,4650.499905922177,299.79916513351327
4941.873916346159,4405.328180908208,536.5457354379505
4939.635953113226,5083.08958822341,-143.45363511018422
4929.133461869089,4899.736453601162,29.39700826792705
4949.380804534054,4788.426034914502,160.95476961955137
4926.30268351011,4481.28517621672,445.0175072933898
4917.797298417221,5402.527551110772,-484.73025269355094
4950.344559308488,4652.932730252576,297.41182905591177
4179.425582441775,4639.566832997659,-460.14125055588374
3919.3146504030115,3887.1952916354844,32.119358767527046
3897.360616339025,5245.8908987810955,-1348.5302824420705
3912.7628291721626,3927.9917708867074,-15.228941714544817
3899.726450496518,5242.91170102882,-1343.1852505323022
3902.2526749710955,5108.9188053315675,-1206.666130360472
4473.441660591013,4906.0750888979155,-432.6334283069027
4475.576693282165,4923.8510959011055,-448.27440261894026
4481.72163788218,3950.569533454575,531.1521044276055
4493.364606229375,4876.006763114189,-382.64215688481454
4492.461858835322,5145.966206456712,-653.5043476213896
4467.241328436761,4638.090846565596,-170.84951812883446
5112.390033882327,4654.924851271769,457.46518261055826
5111.226033997164,4849.720783746913,261.50525025025127
5110.965582500587,4332.397380402807,778.5682020977792
5129.469228961419,3962.167575506459,1167.3016534549597
5124.362898247284,4642.298725803439,482.06417244384465
5113.873857592643,4993.6338996394325,120.23995795321025
5127.077850563528,4681.391210230913,445.68664033261484
5126.861197110987,5401.081887572858,-274.2206904618715
4480.133163292933,4274.502322433219,205.63084085971423
4483.293732409607,5211.645818863573,-728.352086453966
4474.736099250562,4966.0590829185885,-491.3229836680266
4481.987016223055,5228.0563051353865,-746.0692889123311
4497.9165722848475,4685.282404867483,-187.36583258263545
4485.882652609807,5196.273772205932,-710.3911195961246
3918.3232147898148,3929.6590419924028,-11.335827202588007
3908.6148694953044,4487.265765956567,-578.6508964612622
3907.6466919893332,4541.812609504733,-634.1659175153995
3901.2398738718525,4830.396529926851,-929.1566560549986
3897.377662622382,5010.105306891282,-1112.7276442689003
3143.6322667078375,4152.9307619551855,-1009.298495247348
3154.3659927281515,4883.409223550292,-1729.0432308221407
3159.4295062424717,5133.649549836988,-1974.220043594516
3148.50904410887,4496.3921617155065,-1347.8831176066365
3773.2298586178736,5134.576317872847,-1361.346459254973
3785.053692160498,5037.407641891376,-1252.3539497308784
3779.0316481109244,4959.953978072171,-1180.9223299612463
3786.8069120502923,5203.540138138328,-1416.7332260880357
3782.5015073469212,5154.922151782237,-1372.4206444353158
3783.753842498762,4499.733272995464,-715.9794304967022
4377.4537950622225,4963.04592299401,-585.5921279317872
4378.041987704925,5019.572074862004,-641.5300871570789
4379.529464396563,4654.216956852239,-274.68749245567597
4365.174464515371,5022.317487595931,-657.1430230805599
4368.444776583515,4829.927537219458,-461.4827606359431
4372.754806800135,4295.814328485483,76.94047831465195
4946.235923853903,3944.543045681261,1001.6928781726419
4946.615596089398,3944.6127046109154,1002.002891478483
4945.714777218777,5111.43829565503,-165.72351843625256
4944.289705823917,4980.9361541776825,-36.64644835376566
4945.043410696059,4960.799175087855,-15.75576439179531
4951.467490257739,5115.558323433412,-164.09083317567274
5193.810859145245,4536.461674893684,657.3491842515605
5208.567200484712,5269.1370397745795,-60.56983928986756
5210.531895823777,4642.682720755671,567.849175068106
4815.459832376895,5111.797937208621,-296.338104831726
3130.4102251959484,5111.60935228041,-1981.199127084462
3134.0649374276186,4995.19799755884,-1861.1330601312216
3150.3240086208816,3931.695229429588,-781.3712208087063
3136.962732863468,5134.036178618185,-1997.0734457547169
3846.2936261165146,4349.522567043975,-503.22894092746037
3833.120918789836,3918.141699697759,-85.02078090792293
3825.909667388632,4986.112056080628,-1160.2023886919956
3853.172951377094,4876.478774492757,-1023.3058231156633
3839.9736004446795,3857.3422102232403,-17.368609778560767
3841.2945367877664,5143.604968291686,-1302.31043150392
3843.361450733756,5122.5519214558635,-1279.1904707221074
3835.3744171360286,4845.225839174485,-1009.8514220384568
4608.214725175705,4322.626362358305,285.5883628173997
4613.043271534745,4907.332833777158,-294.289562242413
4636.755224533369,5317.18209026258,-680.4268657292105
4629.174819152826,5177.023220833299,-547.8484016804732
4616.111100211387,5263.717372038949,-647.6062718275625
4626.92693180694,5361.431153657761,-734.5042218508206
4614.34048918932,4598.971977622914,15.368511566405687
5185.5619035238815,5107.331105971324,78.2307975525573
5206.328062797261,4664.650822308248,541.6772404890125
5183.3239419867605,5243.061499413284,-59.73755742652338
5213.617608140776,5189.034856472269,24.582751668506717
5194.958236167083,4635.682494023053,559.2757421440301
5203.7492007369465,3926.3617082262817,1277.3874925106647
4544.800669749181,4994.130343841936,-449.32967409275534
4550.297781446923,5146.151739192047,-595.8539577451238
5186.060504645262,4978.66653555988,207.3939690853822
5181.688398244718,3851.836007634483,1329.852390610235
5216.359935197551,5170.4382845664195,45.92165063113134
5194.138163207973,4549.311162914137,644.8270002938361
5195.8786506252445,4483.734150949515,712.1444996757291
5203.136864844469,5128.956846058808,74.18001878566065
4622.316788799926,4672.234514085447,-49.917725285520646
4631.272683815774,4553.7132740152065,77.55940980056766
4631.352113722173,3176.8676934158616,1454.4844203063117
4632.971379935963,4865.534714449401,-232.56333451343744
4606.681151395556,4968.001921168927,-361.32076977337056
4615.394641631428,5028.890339561455,-413.49569793002684
4623.226821880454,4401.068057751459,222.15876412899524
3835.1825271996895,5229.817824763965,-1394.6352975642758
3834.2079485176573,5363.610386708039,-1529.4024381903819
3828.6504493688217,5139.014368423092,-1310.36391905427
3847.8416453182153,5397.814071178956,-1549.9724258607403
3825.191107450577,4989.547617006601,-1164.3565095560243
3835.8358767600616,5016.013605304117,-1180.1777285440553
3846.501214692664,4388.419637904679,-541.9184232120151
3841.410647655081,3949.6721766005066,-108.26152894542565
3146.3075818241896,5245.22616845353,-2098.91858662934
3123.6927747685713,5135.222024007652,-2011.5292492390809
3150.403662772647,5341.660974545674,-2191.2573117730276
3126.1298238715567,3911.6434855345706,-785.5136616630139
3657.2192055669466,5091.498918109998,-1434.2797125430516
4050.535862365216,4468.301212947,-417.7653505817839
4071.154977150688,4660.8330368978495,-589.6780597471616
4072.221966017053,5400.358733936225,-1328.1367679191717
4059.278969022588,5196.393451995587,-1137.1144829729992
4451.411746917082,4534.018348355247,-82.60660143816494
4457.252702404654,4665.770877068927,-208.51817466427292
4456.966317614707,4480.613538943201,-23.647221328494197
4466.255793232578,4634.1653165740545,-167.90952334147642
4487.822389839138,4948.055905649332,-460.23351581019415
4481.236580114145,5259.445418222521,-778.2088381083759
4468.28667337409,5169.463925639819,-701.1772522657284
4467.196139464087,3922.12675668296,545.0693827811265
4469.30766775859,5151.638137963983,-682.3304702053938
4458.673476781346,5252.012381966081,-793.3389051847353
3153.652743734259,4718.995447888248,-1565.3427041539894
3160.6161490489835,5205.620426289589,-2045.0042772406055
3155.324044939815,5203.535960380071,-2048.211915440256
3639.6401663953075,5168.549933755781,-1528.9097673604738
3655.99514356708,4408.953700288162,-752.9585567210815
3645.7116241836,4649.549703107546,-1003.8380789239454
3632.5685889094516,5127.208501275236,-1494.6399123657843
4160.481805893759,5330.620823353892,-1170.139017460133
4142.320579485621,5097.606232958507,-955.2856534728853
4159.99225791002,5209.597050225549,-1049.6047923155284
4162.537040380795,5246.63470830146,-1084.0976679206651
4177.5195497622735,4648.626757812268,-471.10720804999437
4536.312848159047,4541.028307513322,-4.715459354275481
4528.734471420169,5171.919014692442,-643.184543272273
4536.394582988163,5153.183600426907,-616.7890174387439
4543.092557480664,4647.19580933706,-104.10325185639613
4974.478925234332,4708.0396677553845,266.4392574789472
4956.887864015939,3713.1563316623724,1243.7315323535668
4943.995947530872,4677.351274673326,266.64467285754654
4954.52099723036,4400.006701141732,554.5142960886278
4940.288144149116,4519.306894093057,420.98125005605925
4943.96424571129,4972.694927421455,-28.7306817101653
4920.938839893027,3619.707384149647,1301.2314557433797
4943.026335183123,4646.907981609243,296.1183535738801
4939.331087106717,5118.180068894375,-178.84898178765798
4161.879884696639,4619.915386504523,-458.0355018078835
3919.3146504030115,4553.987627201722,-634.6729767987104
3906.7144263054,3850.6484940908354,56.06593221456478
3902.450776996552,3789.2393345329556,113.21144246359654
3918.2803815678576,5134.901780038042,-1216.621398470184
3907.808733257751,4783.1210901227805,-875.3123568650294
4480.939232446894,4954.375769094231,-473.43653664733756
4495.400710207613,3870.6538168567217,624.7468933508912
4477.719846815786,5407.9197704996795,-930.1999236838938
4500.779256446868,5189.560064941912,-688.7808084950439
4494.203807810607,4505.067740558139,-10.86393274753209
4488.3919040878045,4969.532914214242,-481.1410101264373
5100.68330276822,4634.059333132109,466.6239696361108
5112.363554302809,5358.755972084771,-246.39241778196265
5110.729889041503,4957.243747744027,153.48614129747602
5119.849262749297,5128.579519247741,-8.73025649844385
5099.033684671573,4659.336288307564,439.69739636400845
5120.649585083444,4551.934755619991,568.7148294634535
5106.160511392797,5105.386362436676,0.7741489561212802
5117.735848812204,5115.643483161527,2.0923656506765838
4487.4900947212545,4793.410614230157,-305.92051950890254
4463.584745026013,4821.300849142273,-357.7161041162608
4482.923797190152,4644.159741113417,-161.23594392326504
4503.874116995686,3816.990307506793,686.8838094888924
4489.174972849394,3324.7302376607563,1164.4447351886379
4487.614630577734,5245.618523001377,-758.0038924236433
3903.8207490254313,4546.0240013824605,-642.2032523570292
3896.933511802159,5255.435001365748,-1358.5014895635886
3897.931402848538,3937.618406236122,-39.687003387584355
3900.881637534862,4996.621283668929,-1095.7396461340672
3903.4532215750755,4001.6839007919925,-98.230679216917
3149.8032314249103,4361.428493456473,-1211.6252620315627
3137.4397910803186,4964.525621094015,-1827.0858300136965
3137.9115737420566,3786.045691235935,-648.1341174938784
3145.115028255728,3798.152504262849,-653.0374760071213
3783.7843428097262,5025.857759128704,-1242.0734163189777
3790.9591731396113,5049.582238402514,-1258.6230652629029
3783.7833980615296,4396.747626763532,-612.9642287020024
3782.288739754832,5009.555830568739,-1227.267090813907
3757.623286570905,4372.393614018697,-614.7703274477922
3780.2265524870963,4670.5844974815955,-890.3579449944991
4378.041987704925,5170.647970412114,-792.6059827071886
4364.443730770309,5107.756590201464,-743.3128594311547
4372.936753001697,4297.245540272801,75.69121272889606
4382.47614865096,5204.652926895075,-822.1767782441157
4399.933203201943,3181.451260827342,1218.4819423746007
4365.752085287146,4475.887735985509,-110.13565069836295
4953.690469205779,4185.104627130146,768.5858420756331
4958.619374868926,4557.747274993477,400.87209987544884
4952.094710022116,5205.055478809129,-252.96076878701388
4945.602288002807,5262.9875647280705,-317.3852767252638
4984.375680762737,4197.582682672828,786.7929980899089
4956.342070310431,4173.379381114005,782.9626891964263
5221.461579660869,5169.478185553316,51.98339410755307
5191.318790137177,3644.641655242859,1546.6771348943175
5206.859633825395,4959.471748060145,247.38788576524985
4836.437315818807,5229.642925197489,-393.2056093786814
3135.7990054507236,5173.08669636392,-2037.2876909131965
3145.682427750361,3879.1347994179914,-733.4523716676304
3143.587123172268,4647.598638739254,-1504.011515566986
3141.2718622215602,4180.527905255492,-1039.2560430339322
3821.0894592286927,4172.918269674555,-351.828810445862
3825.2174889818334,5230.913017789302,-1405.6955288074687
3828.325930808547,3942.0796115663948,-113.75368075784763
3846.7826934616196,3197.119983143771,649.6627103178485
3847.6279865090382,3929.8155323359024,-82.18754582686415
3821.527055096087,5126.496669351717,-1304.96961425563
3831.1997349872067,4632.194278829306,-800.9945438420996
3858.4550198560646,5054.222456177536,-1195.767436321471
4632.740512992555,5130.460269552942,-497.7197565603874
4635.732774737717,4855.942577624904,-220.20980288718692
4612.809097086006,4648.3939560932,-35.58485900719461
4623.566415835535,4342.109337913673,281.45707792186204
4629.291159167037,5146.645324814354,-517.3541656473171
4640.399134663752,4434.94811537845,205.4510192853022
4620.8735994965955,4874.317200970566,-253.44360147397038
5197.935810963365,5175.394748345055,22.541062618310207
5193.384561386645,5209.647639606751,-16.263078220105854
5187.211441466423,5189.245518899922,-2.0340774334990783
5202.392505181427,5122.129775602305,80.2627295791217
5199.197311125728,4859.046485031078,340.15082609465026
5210.02149939404,3872.166040401462,1337.855458992578
4538.07966251468,4557.2207889126985,-19.14112639801806
4526.198845193482,4826.164821369063,-299.9659761755811
5209.913520501017,5345.748906057181,-135.8353855561636
5186.138255361351,5319.4242277693875,-133.2859724080363
5209.439365885555,4849.670077171145,359.7692887144103
5195.135449520302,4156.517129295834,1038.6183202244683
5194.208152695944,5175.810788166005,18.397364529938386
5191.217434671593,3845.230175160725,1345.9872595108677
4637.332536960935,4946.77880366879,-309.4462667078551
4621.181552812551,4969.65767229102,-348.4761194784696
4612.680309164218,5242.870267827365,-630.1899586631471
4631.203703492977,4495.849912114374,135.3537913786031
4612.907679865023,4866.225874488085,-253.31819462306157
4623.916581026546,5116.721680930927,-492.80509990438077
4608.4405738370515,4624.773568962753,-16.332995125701927
3827.413594778616,4324.932617044539,-497.51902226592347
3809.813324544752,5317.314488133421,-1507.501163588669
3813.170504338964,5312.150123726988,-1498.9796193880238
3842.648255122899,4169.044147252523,-326.39589212962346
3834.3034049946987,5208.653084767688,-1374.349679772989
3829.836469752907,3914.415317035124,-84.57884728221734
3836.397378016877,5385.3534832818505,-1548.9561052649733
3852.0910244691368,4857.501448257914,-1005.4104237887768
3129.9191919873842,4951.595099860708,-1821.6759078733235
3142.249854246399,4563.201613436682,-1420.9517591902832
3144.1704547203753,4554.28262199111,-1410.112167270735
3124.543356383139,4948.6427388293205,-1824.0993824461816
3702.080286402596,5212.807159982861,-1510.726873580265
4060.3155180014032,4543.579716947711,-483.2641989463077
4062.901595401663,3878.3429911543585,184.55860424730463
4061.957055812171,4171.606547894519,-109.64949208234839
4088.1863919159255,4692.6438687561795,-604.457476840254
4476.717835765265,3807.562885980433,669.1549497848318
4479.024654602047,4648.29294880405,-169.26829420200283
4465.080176729651,4841.518607656066,-376.4384309264151
4471.053315986533,5211.375752904232,-740.3224369176996
4462.3674619651265,4859.611584916626,-397.2441229514998
4461.48983502113,4496.4362356621605,-34.94640064103078
4489.220244968724,4360.7288280618295,128.4914169068943
4455.650618322544,3153.3256489841397,1302.3249693384041
4469.984535690495,5131.985859363366,-662.001323672871
4475.557698158318,5290.493532695696,-814.9358345373776
3158.202639438069,5111.117035838211,-1952.9143964001423
3157.561442417844,5236.037382007283,-2078.475939589439
3158.586861536317,5171.647828915094,-2013.0609673787767
3634.966310945208,4664.468708442295,-1029.5023974970868
3632.5141818056927,5369.587047139181,-1737.0728653334882
3633.7537195415593,5216.301277539687,-1582.547557998128
3626.8276463161183,5106.940215859475,-1480.1125695433566
4163.875672458779,5255.592970021639,-1091.71729756286
4162.111860829036,5159.241592533115,-997.129731704079
4165.874366997543,4653.357325680031,-487.48295868248806
4172.709228894667,3188.1733826645254,984.5358462301415
4154.009658867667,4636.54393756571,-482.5342786980427
4534.187655645842,5245.611558488856,-711.4239028430138
4537.844166409615,5024.89717278694,-487.0530063773249
4524.5176981617,5288.030390871787,-763.5126927100873
4531.37151780156,4906.617042152261,-375.2455243507011
4938.972105321432,4645.721756163175,293.25034915825654
4920.132983390405,4625.190646822969,294.94233656743563
4944.977901078207,5219.417002410173,-274.4391013319664
4944.734301086182,3885.1007499786383,1059.633551107544
4930.499796461215,4808.521997491613,121.97779896960219
4947.297609001861,3861.3988124521065,1085.8987965497545
4919.152426656275,4321.914725026593,597.2377016296814
4939.445960495014,5119.562697287777,-180.11673679276282
4922.453954979335,4532.878076261028,389.57587871830765
4176.943018304561,4856.990690730876,-680.0476724263153
3919.3146504030115,3865.2895870005614,54.02506340245009
3897.3576953177762,4545.123853042962,-647.7661577251856
3902.0596390704945,4488.113394383168,-586.0537553126737
3922.977660872402,4670.867329858167,-747.8896689857652
3908.2802219376977,4647.313864541612,-739.0336426039144
4481.098807873323,4812.105482695244,-331.0066748219215
4513.26518860338,4887.652219752193,-374.38703114881264
4492.614752807945,3920.5124571335496,572.102295674395
4495.270496287186,4922.178708758973,-426.908212471787
4483.225890312719,3328.697561961029,1154.5283283516897
4473.600081577075,3921.761975176972,551.8381064001028
5121.6645460263735,4565.387107107412,556.2774389189617
5107.390902342596,4540.536737985967,566.8541643566286
5116.231028989245,5214.186680130504,-97.9556511412593
5111.035088403768,3943.267712215767,1167.767376188001
5124.252634083167,4644.378910724907,479.8737233582606
5123.372558379249,4163.896744580195,959.4758137990539
5105.622564075912,5239.690543117741,-134.06797904182895
5152.11748894388,3963.1910320126344,1188.9264569312454
4470.924556048887,4628.073555310761,-157.14899926187354
4474.736099250562,4648.039717197974,-173.30361794741202
4504.005024282744,4560.718655997863,-56.713631715118936
4486.627187191058,5215.346404389257,-728.7192171981997
4486.592961936384,5180.510025170214,-693.91706323383
4464.992569061235,3174.850131167608,1290.1424378936272
3895.332788179473,4261.0418386172005,-365.70905043772746
3900.4998626800157,4421.984030898173,-521.4841682181573
3908.3333788191244,4663.949495855821,-755.6161170366963
3905.131216340923,3794.7179524680873,110.41326387283561
3903.733789034141,5024.058560349275,-1120.3247713151336
3135.1902325808264,4651.847285399607,-1516.6570528187808
3152.1217782691797,4162.060254054085,-1009.9384757849052
3146.582300661204,5255.462131175053,-2108.8798305138494
3136.044226249135,4536.67738250237,-1400.633156253235
3772.399024528962,5145.025831812478,-1372.626807283516
3788.2826698003487,5218.3574475395135,-1430.0747777391648
3774.9701876090758,3860.6020628201436,-85.63187521106784
3799.5995893162285,4676.793782563186,-877.1941932469576
3778.38023577015,4646.811537228242,-868.4313014580916
3756.096567348792,4495.9399113427735,-739.8433439939813
4379.529464396563,4878.030063049559,-498.5005986529968
4372.936753001697,4666.743089677731,-293.80633667603433
4377.496456276678,4670.7653588529465,-293.2689025762684
4396.22021171365,3938.823517659541,457.3966940541095
4381.063098596521,5340.393556395482,-959.3304577989611
4397.001453716315,5297.185880362725,-900.1844266464095
4967.731802732323,4992.080781646822,-24.34897891449964
4946.738210331377,5272.38019430872,-325.64198397734344
4941.158210770057,4353.415208458317,587.7430023117404
4923.903119044804,4285.828077577475,638.0750414673294
4967.921352189565,4564.911325360423,403.0100268291426
4972.734193080939,4659.830567757979,312.90362532295967
5196.647281110107,5341.250295938346,-144.6030148282398
5216.788231853802,5001.782612709669,215.00561914413356
5208.326957038192,3791.3697380981703,1416.9572189400214
4824.538002051784,3165.687330095903,1658.8506719558814
3130.152591887718,5245.848643262844,-2115.6960513751264
3130.0846263739113,5012.188997482118,-1882.1043711082066
3141.0895382274916,4571.106746462921,-1430.0172082354297
3136.9445248921556,3884.294596174212,-747.3500712820564
3853.172951377094,3180.4042736326533,672.7686777444405
3837.598033516428,4648.811111559924,-811.2130780434959
3834.743059419316,4634.547789313184,-799.8047298938677
3826.6740584091085,4844.214588023052,-1017.5405296139434
3859.511386362335,4880.136033405097,-1020.6246470427618
3827.8554376879547,4978.557052260668,-1150.701614572713
3840.37534551395,4506.232369957441,-665.8570244434909
3844.1230921415136,4983.7674209442575,-1139.644328802744
4618.437802861117,5167.311609662367,-548.8738068012499
4637.45516302028,5256.805782817053,-619.3506197967727
4613.875601716704,4986.9081319205325,-373.0325302038282
4614.556879649024,5237.453917585612,-622.8970379365874
4615.555772644781,3796.4687706044015,819.08700204038
4598.487411014749,4819.18784639814,-220.70043538339087
4630.267503393223,5223.909432252931,-593.6419288597081
5201.215606808942,4850.904729314037,350.31087749490507
5216.571247598409,4881.319755629023,335.2514919693858
5185.036017584159,4635.9749792477,549.0610383364592
5206.267858881784,4173.158674978541,1033.1091839032433
5201.65338907674,4490.981552382113,710.671836694627
5183.35203397409,5231.024926614464,-47.6728926403739
4527.5590659481,5327.216116655433,-799.6570507073329
4520.802058304453,3893.212132067608,627.5899262368448
5175.4516105322655,5224.710997728856,-49.25938719659007
5204.069417400753,4491.546111405251,712.5233059955017
5196.528881326514,4237.066383278313,959.4624980482013
5198.253419516956,3798.0866645615893,1400.1667549553663
5194.217906666773,4951.99245422845,242.22545243832337
5224.746973428012,4510.82334900183,713.923624426182
4623.090624322958,4781.019865708814,-157.92924138585568
4613.0485520742595,5105.444662446674,-492.3961103724141
4623.683686350798,5150.277090169837,-526.5934038190389
4631.552132055639,5150.650017724816,-519.0978856691772
4621.920713601753,4841.019567869336,-219.0988542675832
4615.22034685847,5392.170424573796,-776.9500777153253
4642.671859121731,4661.539823654638,-18.867964532906626
3848.899359834729,4502.936246340542,-654.0368865058135
3842.9066778428432,4657.186197402204,-814.2795195593608
3823.4630270881476,5101.235867146874,-1277.7728400587262
3828.4203379301534,3657.915764261842,170.50457366831142
3823.421508955528,5128.682581178562,-1305.2610722230338
3826.82573188999,4644.659923743298,-817.8341918533083
3841.4294101553746,5169.301579942344,-1327.8721697869692
3832.8686576687637,5090.948710737982,-1258.0800530692181
3143.4170380219884,3919.269575008903,-775.8525369869144
3141.6905585034287,4849.7396063259985,-1708.0490478225697
3155.934958889058,4836.46909453001,-1680.5341356409517
3140.2674464750426,4561.388842108305,-1421.1213956332622
3676.7887745633593,5255.767737295213,-1578.9789627318537
4059.4167197635934,5018.313815066127,-958.8970953025337
4055.1691127609133,4859.442007042415,-804.2728942815015
4063.440868114051,4177.048092086758,-113.60722397270638
4056.265745288338,3943.376841702849,112.88890358548906
4469.091777027498,5262.53650909335,-793.4447320658519
4452.23660579871,5204.820240414105,-752.5836346153947
4465.178930677132,3162.268741847043,1302.9101888300884
4463.2967318837955,5131.295262867166,-667.9985309833701
4480.292249792868,3866.364487615114,613.9277621777537
4463.032877999541,5390.168534648838,-927.1356566492977
4494.082036198562,5006.635619471519,-512.5535832729574
4471.84982481031,4967.562714032843,-495.7128892225337
4455.616686873282,4326.763803627459,128.85288324582234
4475.0451072409805,3686.3574176522393,788.6876895887413
3163.586204820873,3791.026971160923,-627.4407663400502
3151.971547218318,5227.816553568804,-2075.845006350486
3177.65093572497,3174.4140055815305,3.236930143439622
3642.1002944375314,5163.848722173105,-1521.7484277355734
3658.304140122681,4263.954068384789,-605.649928262108
3660.0553983699615,4576.592272838773,-916.5368744688117
3632.852562937821,4546.413170693621,-913.5606077558004
4176.927005139949,5003.2377688781435,-826.3107637381945
4174.943705905336,3190.5795122153745,984.3641936899617
4153.432237255519,4366.182627177067,-212.75038992154805
4170.726483897023,3866.4722432524554,304.25424064456774
4151.65579044339,5104.338954992185,-952.6831645487946
4533.117917932399,5248.525212638783,-715.4072947063842
4546.95047953275,4323.804397480597,223.14608205215336
4553.043046922718,4171.145755925263,381.89729099745455
4532.349047056364,5145.217345144783,-612.8682980884196
4930.701021040959,5174.533995815735,-243.83297477477572
4939.331087106717,4379.607301530052,559.7237855766653
4938.069346538389,4547.4816126122005,390.5877339261888
4958.289209617519,3866.3640590119653,1091.9251506055539
4939.503494514789,5136.832905410967,-197.32941089617816
4948.044685867276,5048.023468505428,-99.97878263815255
4949.079419628315,4645.075644821034,304.00377480728093
4928.931767785443,5115.829418965124,-186.8976511796809
4942.264906714564,5351.366508365344,-409.10160165078014
4166.356475837822,4922.3850367633295,-756.0285609255079
3919.3146504030115,4492.781346599372,-573.4666961963608
3907.732354301417,5100.414359869133,-1192.6820055677154
3895.978202657506,4953.920276106018,-1057.942073448512
3910.8734117106887,5121.007273653816,-1210.1338619431272
3911.061102395129,4914.798655179581,-1003.737552784452
4485.8060858749195,5247.938014059632,-762.1319281847127
4460.898419079184,4140.505360126439,320.3930589527454
4471.32941913183,5168.954978868784,-697.6255597369536
4473.76012721919,3852.5021476743887,621.257979544801
4486.927063347821,5351.824494069637,-864.8974307218159
4473.942808548026,4909.901452235135,-435.95864368710954
5111.009697221336,3316.058103494252,1794.951593727084
5117.603701294022,4062.2492213508604,1055.354479943162
5104.40272610134,4566.221156422927,538.1815696784124
5110.559981803254,5212.757992730473,-102.198010927219
5097.115112585413,3915.789002122631,1181.3261104627823
5110.811437874591,4430.021854641132,680.7895832334589
5092.382918827881,5365.411810354094,-273.02889152621265
5134.647570561689,5282.006719556925,-147.35914899523686
4481.099724941051,4486.611384827228,-5.511659886176858
4488.620509737851,5152.430048738186,-663.8095390003355
4482.684778394914,5126.154658746094,-643.4698803511801
4479.716779525282,4635.904351844036,-156.18757231875406
4465.48316690845,5228.790527747831,-763.3073608393815
4476.800796247843,4664.753655084061,-187.95285883621818
3915.988533956243,4657.467605106591,-741.4790711503479
3905.6526815837838,5223.043080512102,-1317.3903989283185
3920.188963771764,4534.962171195359,-614.7732074235946
3911.7060255827505,5033.223727161296,-1121.5177015785453
3917.4267241969615,5173.67548972117,-1256.248765524209
3147.7524019446937,5254.61948094574,-2106.8670790010465
3156.068081963554,3927.590124396463,-771.5220424329091
3152.436860044466,4554.648000868871,-1402.2111408244054
3151.0872614434124,5181.58417165168,-2030.4969102082673
3776.8462638922906,5207.699931489334,-1430.853667597043
3770.6934079116445,5169.872048559468,-1399.1786406478232
3777.8437981038446,4925.486789492421,-1147.6429913885763
3800.9254592814345,4567.700618388561,-766.7751591071269
3782.664316516089,4851.112446803223,-1068.448130287134
3779.8353496372083,5243.219371622208,-1463.384021985
4365.174464515371,5239.201566580302,-874.0271020649307
4382.47614865096,4489.213400730261,-106.73725207930147
4396.22021171365,4563.411196596354,-167.19098488270356
4398.126172800529,3339.8169269406953,1058.309245859834
4366.729244221291,4779.096057613185,-412.36681339189363
4361.808255006649,4521.74942684261,-159.94117183596063
4950.0691014808,4337.532209432523,612.536892048277
4963.481303136296,4805.801674220165,157.67962891613115
4958.707667388726,4489.086676232901,469.6209911558253
4940.949848848544,4627.846692616745,313.1031562317994
4939.272924370736,5231.236004309672,-291.96307993893606
4961.113381063932,5218.413439348309,-257.300058284377
5205.7408271374825,4776.545474173387,429.19535296409504
5205.875083182003,5142.70133406723,63.17374911477327
5215.879318368572,3165.472630316084,2050.406688052488
4839.039684284547,5252.691467635177,-413.65178335063047
3151.2459946970152,4925.000862490637,-1773.7548677936215
3139.0631887301074,4559.638323973057,-1420.5751352429493
3142.610750631261,4176.753962481787,-1034.1432118505263
3152.6969190600057,4667.879303181621,-1515.1823841216155
3818.781163579208,3785.423926329846,33.35723724936224
3830.155701307153,5233.941283132388,-1403.785581825235
3823.730458464248,5319.6533705729935,-1495.9229121087455
3832.6755961556432,4838.773189995145,-1006.0975938395018
3828.6610077579153,3846.7703217342296,-18.109313976314297
3846.620357544855,4500.528314161197,-653.9079566163423
3841.6930532350952,5146.554942127358,-1304.8618888922629
3815.545730623456,4760.5544469302895,-945.0087163068333
4616.48402770711,5420.824008222988,-804.3399805158779
4620.65603602342,4485.88571001588,134.77032600753955
4617.954315909359,5380.625757015383,-762.6714411060238
4613.126184048504,4544.8425640493715,68.2836199991325
4605.14148712925,4538.302866701729,66.83862042752116
4630.662574014804,4651.080080528655,-20.41750651385155
4604.621452034396,4835.170336327295,-230.54888429289986
5205.53203344625,5314.740455136061,-109.20842168981108
5207.968794349058,5225.34288241257,-17.374088063512318
5170.065141900689,5086.086562656529,83.97857924415985
5206.128631192311,3956.105882593862,1250.0227485984492
5217.365398068242,4870.887771500219,346.47762656802297
5195.801798937344,4668.342565645844,527.4592332914999
4552.516338773664,4564.370318487062,-11.853979713398076
4531.1422295092925,5255.127117586648,-723.9848880773552
5216.942421955231,4665.739252426855,551.2031695283758
5198.253419516956,4546.161707282006,652.0917122349492
5199.637353434572,3915.9316872534027,1283.7056661811694
5193.125900151601,4670.742711519227,522.3831886323742
5201.545521204574,4991.092002677704,210.45351852686963
5210.285463179913,4645.370983050038,564.9144801298744
4608.351151403836,5020.97481030934,-412.62365890550336
4631.539168836037,4879.004013452744,-247.46484461670752
4633.669610842966,4653.110209844176,-19.440599001210103
4627.2440592427765,5150.26245963431,-523.0184003915338
4625.175134091905,5126.1698326156375,-500.99469852373204
4622.773870396568,3326.9032178627267,1295.8706525338412
4640.335761981906,5153.761241089426,-513.42547910752
3820.5931738582594,4137.959874378427,-317.3667005201678
3852.268162224808,4505.281266858636,-653.0131046338279
3839.516390091165,5278.644503976845,-1439.1281138856802
3832.331598231753,4857.192006254356,-1024.8604080226028
3835.399726494769,4941.291248069471,-1105.8915215747024
3849.008997420557,4971.403158420853,-1122.3941610002962
3837.371685284323,4013.3113881987583,-175.9397029144352
3844.4922155112913,4681.411037439253,-836.9188219279617
3141.0187583049874,4551.533659003313,-1410.5149006983256
3128.0878135944477,3696.5122539867166,-568.4244403922689
3140.308716543205,4678.654205392482,-1538.3454888492774
3144.085164321782,4423.680795414914,-1279.5956310931324
3682.4261275171507,5300.283684854629,-1617.8575573374787
4073.3495433491285,5341.973291156435,-1268.6237478073067
4067.609189127673,3920.3263504829442,147.2828386447286
4056.557409592925,4481.218040943757,-424.66063135083186
4060.4598249050573,5114.992532384147,-1054.5327074790898
4473.137997033432,4856.3723049339505,-383.2343079005186
4453.829328383081,4838.545222174767,-384.71589379168654
4468.572855192738,5124.769087893576,-656.1962327008387
4465.472063986651,5199.439588611759,-733.9675246251081
4470.627574487362,3862.7666790291905,607.8608954581714
4475.587718859519,4175.0367751364965,300.5509437230221
4463.292099611694,4039.1940525541886,424.098047057505
4477.979875023667,4406.18806823825,71.79180678541707
4441.65136568018,4633.18153796738,-191.5301722872
4475.228629934544,3863.651338477533,611.5772914570111
3158.0293882501314,5127.768116970634,-1969.7387287205024
3173.486307755668,4690.981597575916,-1517.4952898202478
3168.7518266730513,4064.5912958213253,-895.839469148274
3632.852562937821,4974.599251198,-1341.7466882601793
3627.2812496363663,5208.416498139542,-1581.1352485031762
3640.1325153463167,5121.720768091215,-1481.5882527448985
3630.743445542045,3916.6499594904312,-285.9065139483864
4158.1073756596925,5284.0375365699365,-1125.930160910244
4163.069362969287,5170.515543800631,-1007.4461808313445
4163.98632957296,3856.69949545403,307.2868341189301
4166.326668914514,5317.151704094919,-1150.8250351804054
4168.674734416254,5214.89074530678,-1046.2160108905264
4539.685523312012,4796.622371416753,-256.9368481047404
4542.10269140527,4052.647308434687,489.45538297058283
4526.887546571679,5246.3748138229175,-719.4872672512383
4532.165335938331,4546.656962265449,-14.491626327117956
4952.24333827001,4680.878759247685,271.3645790223254
4943.36547490288,5177.647203460969,-234.28172855808862
4931.056819811543,4263.305328096997,667.7514917145463
4929.339601506992,5254.509687556013,-325.17008604902094
4964.028165733357,4395.360674159597,568.6674915737603
4925.088920056127,5024.506811231146,-99.41789117501867
4931.111460995821,4845.087470998485,86.02398999733668
4947.113953374638,5139.346529448882,-192.2325760742442
4952.646714415344,5128.752916941138,-176.1062025257943
4170.024651693006,4849.356261961132,-679.3316102681265
3919.3146504030115,5219.193655825847,-1299.8790054228352
3910.8266698859507,5118.6347013425575,-1207.8080314566068
3912.563934852944,5007.422685703982,-1094.8587508510382
3919.5423801229076,4669.677649338174,-750.1352692152664
3899.9520499333084,4493.898763639107,-593.9467137057982
4471.166147879373,3868.345278192463,602.8208696869101
4481.7388034936375,5002.672540354562,-520.9337368609249
4496.699510565352,5178.4265155010935,-681.7270049357412
4471.52227926816,4824.960636593977,-353.4383573258174
4485.7729046436,5026.138772745136,-540.3658681015359
4481.712541214568,5138.93469440449,-657.2221531899222
5099.44232727018,4825.714102877092,273.72822439308766
5127.08164011531,3193.779783122631,1933.3018569926785
5124.323979725857,4791.43435591897,332.88962380688645
5116.199326871986,3847.08030619204,1269.119020679946
5126.89087751328,5009.420818053701,117.47005945957972
5102.967998443256,4497.787716139062,605.1802823041944
5110.725353938185,4962.997484622071,147.72786931611427
5115.2859977285525,5112.71499588296,2.5710018455929458
4487.389268324852,4403.058622368791,84.33064595606174
4481.987016223055,4926.769361357021,-444.78234513396546
4486.627187191058,3857.673124178265,628.9540630127926
4483.205600407457,5169.197251469994,-685.9916510625371
4483.034281955842,5001.965417137776,-518.9311351819342
4482.142599323791,4555.283974362656,-73.14137503886559
3903.412392496029,4397.424334738116,-494.0119422420871
3908.7073172007586,5172.856871049321,-1264.1495538485624
3900.368673885503,5111.3139715588595,-1210.9452976733564
3900.0114299081106,4951.761454350871,-1051.7500244427602
3912.6287051049326,4395.744283258073,-483.1155781531402
3148.50904410887,4164.702369161681,-1016.1933250528114
3144.3609235305917,3951.5867822400896,-807.225858709498
3146.463198269227,3879.630211003616,-733.1670127343887
3167.328972625419,5350.080172476543,-2182.7511998511245
3765.8188864088015,4368.898788398798,-603.0799019899969
3787.786498289558,4872.054176418621,-1084.267678129063
3773.158444233782,5168.42736687549,-1395.2689226417083
3772.611437030589,3161.619785846266,610.991651184323
3775.356425602314,5212.397951060128,-1437.0415254578143
3768.03798904949,5134.98504777098,-1366.9470587214896
4368.444776583515,4385.244421902807,-16.799645319291812
4399.933203201943,4653.575358311606,-253.64215510966278
4381.063098596521,4666.350899806606,-285.2878012100855
4366.729244221291,4472.899466170915,-106.17022194962374
4384.544468945671,5150.662119662618,-766.1176507169475
4376.124711570956,4545.5098260533705,-169.3851144824148
4950.018863507272,4546.567537999705,403.45132550756716
4942.712621255183,5203.652566752637,-260.93994549745366
4947.977505509107,4653.701566435717,294.27593907338996
4958.317320878802,4972.824900563444,-14.507579684642224
4945.988452120546,4540.092257833038,405.89619428750757
4936.965631816053,5127.545870015833,-190.58023819978007
5192.766516690825,5268.1977905029635,-75.4312738121389
5181.743243510506,5308.348900649695,-126.60565713918913
5209.518987941787,4176.454267196772,1033.0647207450147
4810.386638570547,4986.920859615342,-176.53422104479523
3130.1999721883662,5124.1573810840355,-1993.9574088956692
3138.0462035480923,3670.3574815361253,-532.311277988033
3140.329655273207,4848.537220356825,-1708.2075650836177
3138.10730948184,3921.7039305663566,-783.5966210845168
3843.361450733756,5397.22896425292,-1553.8675135191643
3853.532047450595,4567.8147071241665,-714.2826596735713
3831.1572922380074,4919.384719390811,-1088.227427152804
3840.37534551395,5399.159141306041,-1558.7837957920915
3837.584867855069,5261.911394682976,-1424.3265268279065
3831.110584743926,4531.82502593885,-700.7144411949234
3825.494286190514,4637.054620870808,-811.5603346802945
3820.1840089757893,5217.873787939942,-1397.689778964153
4635.413671067213,5143.700086574069,-508.28641550685643
4619.946261220299,3681.401303302726,938.5449579175729
4598.930896234477,4970.079634672545,-371.148738438068
4623.367278635622,5203.828429580101,-580.4611509444794
4616.737681812512,4851.899214091676,-235.16153227916402
4637.2591626126305,4689.835330076102,-52.57616746347139
4632.237418517814,5182.081449728152,-549.8440312103376
5219.877973246229,5289.5349235974545,-69.65695035122553
5193.339456772911,4411.16570597609,782.173750796821
5194.287181724466,4511.868936943738,682.418244780728
5232.4954809886185,5243.622689205439,-11.12720821682069
5213.36227373664,3638.604096997407,1574.7581767392335
5204.80050057384,4910.82202289799,293.9784776758497
4547.887805856069,5314.553572818786,-766.6657669627175
4525.344154978369,3311.950637014239,1213.3935179641303
5203.826428665568,4497.3812275525,706.4452011130679
5224.746973428012,3819.014123715629,1405.732849712383
5216.389517291565,5191.591872315304,24.797644976261836
5210.285463179913,5125.416759739325,84.86870344058752
5192.421603838985,4489.665628107771,702.7559757312138
5207.383319306027,5142.6679745115625,64.71534479446473
4606.545222710473,5095.740753725212,-489.19553101473866
4633.781921452594,3961.870254193072,671.9116672595223
4630.724061970218,3959.6837558755924,671.0403060946255
4611.338550789857,5201.607719535632,-590.2691687457746
4631.597451724071,5037.841590031036,-406.2441383069645
4621.1230869502715,5217.870175724004,-596.7470887737327
4618.047064617864,5042.258510700739,-424.2114460828752
3835.329999363267,4337.969829604475,-502.63983024120853
3843.0590498794277,4877.03116913616,-1033.9721192567326
3835.6818589143986,5234.701123128225,-1399.0192642138263
3849.408651222538,4655.987365267659,-806.5787140451207
3843.912140725591,5264.843960146199,-1420.9318194206076
3830.5059079934513,5167.48965939346,-1336.9837514000087
3840.6261333182765,3326.050359972055,514.5757733462215
3844.821541616348,5338.549053069164,-1493.727511452816
3138.9650632206913,5323.286297135769,-2184.3212339150778
3136.8579200154227,5126.360950818398,-1989.5030308029754
3148.008332212086,5170.385605506411,-2022.3772732943248
3138.2856248242106,5140.026010155944,-2001.7403853317337
3685.7195729639857,3791.527930148382,-105.8083571843963
4076.2674007854957,5043.577722445687,-967.3103216601912
4069.4714700220293,4793.90753028441,-724.436060262381
4056.7934005363486,5108.644836533654,-1051.851435997305
4067.3901786155247,4667.536901581013,-600.1467229654882
4464.758657844784,5394.863253275473,-930.1045954306892
4488.4480946114845,4507.29822362641,-18.850129014925187
4467.133094843154,5422.68378661458,-955.5506917714256
4459.267889472092,3944.8586627141367,514.4092267579554
4463.443230215318,3851.9651759351973,611.4780542801209
4451.124513620445,3942.6973193671565,508.4271942532887
4471.4264120556145,4548.459222593748,-77.03281053813316
4460.04382080742,5159.815490257244,-699.771669449824
4480.974624778588,4173.5351068777545,307.4395179008334
4462.795850230977,3930.6940799625963,532.1017702683803
3166.697006686451,4550.421403319974,-1383.7243966335232
3165.681305504127,4861.054215125622,-1695.3729096214952
3165.001015408116,5377.509270208127,-2212.5082548000114
3628.8899657762663,5198.636344772073,-1569.746378995807
3631.029476469245,4640.856986643417,-1009.8275101741724
3635.9328441092352,5200.159884239552,-1564.2270401303172
3638.4891350129783,4550.761337793036,-912.2722027800573
4159.510214834861,3853.3331209472,306.1770938876607
4169.566663072477,4637.618685126007,-468.05202205353
4165.38899836521,5143.178066468427,-977.7890681032168
4146.334445646456,5111.786259199459,-965.4518135530034
4143.911863898345,4535.8376096729435,-391.9257457745989
4554.556335089094,5231.233161742734,-676.6768266536401
4523.637849052111,5192.671075706881,-669.0332266547703
4538.356718385469,3206.691053093079,1331.6656652923903
4536.0938157188775,5169.601297934297,-633.5074822154193
4958.955367129469,4414.472189846875,544.4831772825937
4943.234865183764,5401.987727808809,-458.75286262504505
4953.430911754724,4561.546301066115,391.8846106886085
4947.498432748651,4555.128709155104,392.36972359354695
4961.81495373625,4662.009388196536,299.8055655397138
4921.373388029536,4475.85167646156,445.5217115679761
4931.8606948692795,3163.4382597904046,1768.422435078875
4965.095414039402,5141.966821405188,-176.87140736578567
4957.143280116314,4861.810014017001,95.33326609931282
4193.457287461852,4691.854800615842,-498.3975131539901
3919.3146504030115,4666.181546228292,-746.8668958252806
3931.3491130005705,4863.323426716061,-931.9743137154901
3921.743385444721,4072.7385217568362,-150.9951363121154
3894.936273101571,4630.696876129873,-735.7606030283023
3912.6733667895887,5020.176824961523,-1107.5034581719347
4472.514496123764,4837.682703877201,-365.16820775343695
4500.410486808489,5348.605071138336,-848.1945843298472
4505.623552943613,3873.1510382296105,632.472514714002
4492.461858835322,4256.565904795304,235.8959540400183
4467.3946144979855,5121.939782806914,-654.5451683089286
4481.594816305898,3919.5116123112307,562.0832039946677
5111.984780603593,4172.268664497508,939.7161161060849
5112.6241498431655,4545.449034176455,567.1751156667106
5103.888948351633,5110.404564710639,-6.515616359005435
5124.252634083167,4411.756451852687,712.4961822304804
5102.299494231667,3854.063656403585,1248.2358378280824
5126.861197110987,4915.959163568616,210.9020335423711
5139.416782269113,3900.4906356005404,1238.926146668573
5121.449032189359,5139.206458448892,-17.75742625953262
4471.798049162792,5233.072433966066,-761.2743848032733
4470.950212095271,5100.203085356986,-629.2528732617147
4499.30513739338,3892.391649798851,606.9134875945292
4493.56137412365,5293.851317857648,-800.2899437339975
4476.960604830276,5254.252794894243,-777.2921900639676
4477.89434316169,5158.629717458438,-680.735374296748
3909.0719419492857,4342.681568009291,-433.60962606000567
3912.518187168165,4557.094004576848,-644.5758174086836
3920.565230369682,4495.607038076022,-575.04180770634
3900.2857459071465,3163.3939812462604,736.8917646608861
3901.5649333011525,5234.671555082484,-1333.1066217813313
3163.250955808578,5107.160370471567,-1943.909414662989
3134.741717122263,4832.158570225334,-1697.4168531030714
3150.1317478232427,5266.906335171803,-2116.7745873485605
3155.301230151611,4644.942301656563,-1489.6410715049524
3765.2464691581304,4631.562867590184,-866.316398432054
3780.4960702122444,4495.139774341799,-714.6437041295549
3778.1554635485554,3796.821135367419,-18.665671818863757
3764.6961830829464,4473.168481302047,-708.472298219101
3774.835537491399,4359.270997836898,-584.4354603454985
3779.8989246031006,4961.220114705259,-1181.3211901021587
4372.754806800135,4859.3387295713765,-486.5839227712413
4365.752085287146,5100.38711347802,-734.6350281908744
4397.001453716315,4213.0926408547875,183.90881286152762
4361.808255006649,3915.6355108079997,446.1727441986495
4376.124711570956,3165.855817915992,1210.268893654964
4395.760084345948,4661.409576543136,-265.649492197188
4957.142324176742,4429.204104918175,527.9382192585663
4953.931269548078,3866.786320133756,1087.1449494143217
4957.069118653789,5177.436511034807,-220.36739238101836
4977.173333567116,4695.192306333961,281.98102723315515
4950.401345444549,3650.9577030612063,1299.443642383343
4975.151216472544,5445.559108558552,-470.40789208600836
5211.613421988976,4246.613730938554,964.9996910504224
5208.003313008679,5120.749815420272,87.25349758840639
5201.707812359925,4644.222424330562,557.4853880293631
4829.4876845755325,5386.801951808346,-557.3142672328131
3152.097366652391,3173.331979115905,-21.234612463514168
3147.4149906409475,4486.7708236769,-1339.3558330359529
3147.76623304295,4371.830949639494,-1224.0647165965443
3135.189685643369,3853.0385108738797,-717.8488252305106
3847.80177198361,5157.037540763591,-1309.2357687799813
3831.8078125558677,4637.9686055093025,-806.1607929534348
3841.966266141465,4833.484089733205,-991.5178235917401
3828.6343747196024,4390.1757196310045,-561.5413449114021
3837.2210249705527,5048.263713214474,-1211.042688243921
3834.6303963187033,4304.857593863027,-470.2271975443241
3841.197839310025,5268.828690038451,-1427.6308507284261
3850.0507336347637,5219.501417471529,-1369.4506838367652
4630.945476686298,3961.456806468787,669.4886702175113
4648.45149457216,3871.7143428273175,776.7371517448428
4621.002546908271,5292.575003332028,-671.5724564237571
4618.101177226559,4518.683457253958,99.41771997260093
4627.338523040218,3930.065908372531,697.2726146676873
4606.083589522142,5220.053290368193,-613.9697008460516
4610.642240450328,3792.9555479022633,817.6866925480649
5199.719808874238,5039.1504584158865,160.56935045835144
5184.651243455014,3167.6670024034147,2016.9842410515994
5205.153926910478,5135.658138853313,69.49578805716465
5228.802074615257,4883.450796488039,345.3512781272184
5202.044316567291,5114.4493916412375,87.59492492605386
5205.990880317929,4936.8495104401545,269.1413698777742
4541.304418149159,4496.893220242967,44.411197906191774
4538.6436995215145,4167.818805949787,370.82489357172744
5214.650250698327,4187.309947149691,1027.3403035486363
5192.867537991662,4830.810700493652,362.0568374980103
5209.965453509434,5249.296838553656,-39.33138504422186
5213.665323683643,3866.806028978611,1346.859294705032
5219.718958967388,4857.753023955532,361.96593501185635
5209.285376552724,4979.107272669035,230.1781038836889
4622.70828655405,4641.055119968981,-18.346833414931098
4620.670564296217,3847.648516251001,773.0220480452158
4652.298612167568,4692.533305395104,-40.23469322753681
4607.911102663034,4044.0620874571505,563.8490152058839
4632.794062926074,4172.753929360733,460.0401335653405
4630.092273617284,3956.815047444837,673.2772261724472
4605.085245257797,5225.276521604042,-620.1912763462442
3796.562100232885,4506.624692688326,-710.0625924554411
3849.2856933655394,3194.5505777236617,654.7351156418777
3836.298142645632,4546.236410402937,-709.9382677573044
3850.2281450478135,3711.9700960659193,138.25804898189426
3826.828798488277,4630.740008533066,-803.9112100447896
3827.0435983658044,3910.754431372187,-83.71083300638247
3833.291611416944,5080.348364737525,-1247.0567533205813
3844.0039412284095,4320.90111329509,-476.89717206668047
3152.1163840723807,4333.65127214855,-1181.534888076169
3140.7591981212086,5386.625329390667,-2245.866131269458
3130.4640166311865,4159.8671900710715,-1029.403173439885
3139.67781580348,3855.338227745083,-715.6604119416029
3692.5654278864786,3924.7950082041543,-232.22958031767575
4070.9867343386964,4859.194466543807,-788.2077322051105
4063.7252223433998,5251.838858593725,-1188.1136362503248
4068.3215503175447,5245.352640707716,-1177.0310903901714
4070.000384064444,5091.703112482333,-1021.7027284178894
4471.0789699854795,4548.9664304650805,-77.88746047960103
4455.850463395188,3327.8455351414373,1128.0049282537507
4472.524715086323,3800.2592259173657,672.2654891689576
4484.233565930253,5047.847902046339,-563.6143361160866
4457.01796228799,4531.683621320601,-74.66565903261107
4474.552397703593,4677.824579547262,-203.2721818436694
4447.337305151833,3901.7786319979764,545.5586731538565
4469.019854126005,4492.050331722179,-23.030477596174023
4477.350325161575,5278.121527850116,-800.771202688541
4478.660649891136,5251.348562068456,-772.68791217732
3156.9318708225696,5212.130889435252,-2055.1990186126827
3153.54706307636,4997.623513347597,-1844.0764502712368
3166.917663607003,4507.426956587634,-1340.509292980631
3636.9897162382445,5219.776610430922,-1582.7868941926777
3643.423179888629,4792.185771566592,-1148.762591677963
3648.161590771273,5277.595065269668,-1629.4334744983953
3642.7495219335033,3927.660652778724,-284.91113084522067
4159.413362630817,5258.702944630638,-1099.2895819998212
4163.662926092238,4630.888334326306,-467.2254082340678
4176.091256811824,4564.039886994833,-387.9486301830093
4158.746248414024,3854.8189045808526,303.92734383317156
4162.685788938093,5116.957802376913,-954.2720134388201
4530.845269036319,4633.800084905297,-102.95481586897768
4524.059070399607,4538.497796393152,-14.438725993545631
4540.85851475758,5223.3272422102855,-682.468727452705
4532.75312389695,5365.092006718615,-832.3388828216657
4926.145888029173,5109.495392025289,-183.34950399611625
4947.428508717285,4818.6838777643525,128.7446309529323
4939.1542293981065,4867.268854492025,71.88537490608178
4921.550371270335,3164.28036028046,1757.2700109898747
4938.788765068887,5398.417858162072,-459.62909309318457
4937.661720137412,5284.886962651748,-347.22524251433606
4936.178063303306,4547.719419188511,388.4586441147949
4931.453994218722,4825.719545708201,105.73444851052136
4923.417081989166,4625.77024423922,297.6468377499459
4196.804787932643,4985.901783919301,-789.0969959866579
3919.3146504030115,5393.994522733998,-1474.6798723309862
3920.6538599478454,4868.407627371185,-947.7537674233399
3901.145239861631,4983.8964603998265,-1082.7512205381954
3894.9212494436133,4822.515858666843,-927.5946092232298
3916.179909141079,5397.4929528819375,-1481.3130437408586
4474.004368514781,5200.596509716823,-726.5921412020416
4480.520028060994,4834.452130249029,-353.93210218803506
4501.519796486579,5184.856902794995,-683.337106308416
4481.467753065641,4393.952736574969,87.51501649067177
4467.34714018908,5260.321927258809,-792.9747870697292
4481.995598503488,4650.180164059944,-168.18456555645662
5102.233072972111,4240.063061556532,862.1700114155783
5098.767238263739,5160.319930764939,-61.5526925012
5113.085685275071,4673.054618579345,440.0310666957266
5118.8546688223305,4674.0920940703445,444.762574751986
5105.1337914587775,4807.564719537122,297.56907192165545
5120.276311006442,5299.092427013999,-178.81611600755787
5119.915309163207,3387.7425128514487,1732.1727963117582
5116.746939158578,4800.037501364533,316.7094377940457
4480.139310378234,3157.36593056373,1322.7733798145036
4497.9165722848475,4670.519480436228,-172.6029081513807
4486.592961936384,4170.894120955027,315.69884098135753
4483.034281955842,4490.829817964704,-7.795536008861745
4480.106936909021,3913.025990486897,567.0809464221238
4482.821255863593,4397.337948492144,85.48330737144897
3916.5286330539734,4519.237822803773,-602.7091897497999
3915.09095782244,4565.140052325457,-650.0490945030169
3902.8950200855465,4006.1338511406625,-103.23883105511595
3900.576852328296,5109.775839439364,-1209.1989871110682
3912.395534249321,5300.099784813988,-1387.7042505646668
3137.6701233525423,5191.470822542664,-2053.8006991901216
3147.0681134420315,4861.59600534025,-1714.527891898218
3137.464596858324,5103.536653549446,-1966.0720566911218
3149.0257207474183,4271.58454166389,-1122.558820916472
3783.825380361242,4195.40856752124,-411.58318715999803
3778.293442106633,4644.576961545319,-866.2835194386862
3774.2660459430367,4507.20235508084,-732.9363091378032
3789.381779484975,5183.156455149328,-1393.7746756643533
3792.7374862525376,4677.579670537442,-884.8421842849048
3766.322327333298,3167.9527942255327,598.3695331077652
4374.478809120033,4862.027092472108,-487.5482833520755
4385.234695027871,4172.4919335072,212.74276152067068
4396.371596682665,4983.97043819431,-587.5988415116453
4382.615419866272,4368.086195473931,14.529224392340438
4376.986739912238,5203.722180537506,-826.735440625268
4381.831625726329,4552.259664210424,-170.42803848409494
4950.391295072809,5246.1089393330985,-295.7176442602895
4954.77787222839,4852.328447094714,102.44942513367641
4966.031110905958,3934.6120510930955,1031.419059812862
4938.89816972438,5192.467369618815,-253.56919989443486
4942.906862359413,5103.0469278040955,-160.14006544468248
4926.491825869792,4626.274084316101,300.21774155369076
5200.113614459813,3873.928143511701,1326.1854709481122
5208.303986755024,3807.459905468343,1400.844081286681
5220.415686105816,4687.051682103378,533.3640040024384
4815.527923578781,4629.015543505681,186.51238007309985
3125.2545481770803,5026.5741677479755,-1901.3196195708952
3137.1701044227766,4965.223363491756,-1828.053259068979
3156.2756285441483,4555.000438598235,-1398.7248100540864
3154.3947045144623,5407.28500032455,-2252.890295810088
3827.5144944033273,4791.791717777163,-964.277223373836
3833.998026885919,5017.115976494257,-1183.1179496083378
3833.5473377725607,4776.264428730894,-942.7170909583333
3850.132668354173,5041.15610460228,-1191.023436248107
3834.3864307363797,5331.180766197543,-1496.794335461163
3839.634277394924,3691.1640985605036,148.4701788344205
3831.4795554724287,5193.987771813375,-1362.508216340946
3839.9197996966973,5138.98167594297,-1299.0618762462723
4622.4094662347925,4550.579842876445,71.82962335834782
4651.705714259179,4701.638749252235,-49.933034993056026
4619.883047089276,3865.52139744583,754.3616496434461
4619.941719167509,5234.709390852127,-614.7676716846181
4614.685546556685,4496.963164456721,117.7223820999643
4612.442069355977,4654.619018750137,-42.17694939416015
4608.511116828983,5159.750043311512,-551.2389264825288
5197.171549338869,4833.4216888054425,363.7498605334267
5190.331738888411,5272.450487924829,-82.1187490364182
5207.854484795895,4556.577194083467,651.2772907124281
5202.488861231543,5260.193274126361,-57.70441289481823
5212.73910949997,4440.251869175111,772.4872403248592
5209.95776514827,4355.1937071113725,854.764058036897
4531.742867769169,4952.81753902931,-421.07467126014126
4544.665850201941,5152.043669279615,-607.3778190776738
5196.729858766583,5126.632563995749,70.0972947708342
5211.342673296978,3670.1009306636015,1541.2417426333768
5206.266124881414,5278.241805143044,-71.97568026163026
5206.179227295494,5120.746971434804,85.43225586068911
5185.712448121797,4533.019677743786,652.6927703780111
5189.934779716567,3852.827194159221,1337.1075855573463
4637.540761454579,4597.372354027541,40.16840742703789
4607.911102663034,4295.081549786954,312.82955287608
4636.394084642178,4667.77096480111,-31.37688015893127
4614.276369532148,4002.669938502659,611.6064310294892
4602.8845529517275,4296.167836329421,306.7167166223062
4636.422740710304,4196.878890052264,439.54385065804036
4637.112006001162,5037.26162988727,-400.1496238861082
3862.269447230738,3880.1293669181564,-17.85991968741837
3825.739770125749,4976.419901153661,-1150.680131027912
3853.047232989832,4936.68499798723,-1083.6377649973983
3842.938712727244,5179.812562371921,-1336.8738496446767
3831.567660832951,4843.661747229712,-1012.0940863967612
3862.5789554695534,4669.852921838287,-807.2739663687339
3847.530747738452,4347.970059880679,-500.4393121422272
3845.484482872989,4391.644501636683,-546.1600187636946
3146.3270185923234,4173.076508180056,-1026.749489587733
3126.385035052864,4157.710219051284,-1031.32518399842
3133.6953105189014,3178.729317763785,-45.03400724488347
3139.861445832672,3801.0600425550756,-661.1985967224036
3682.0366917749657,4147.013809337268,-464.9771175623023
4058.2658813264497,4651.611582191443,-593.345700864993
4059.8874412816467,5214.995227853411,-1155.1077865717643
4050.1395921267876,4476.116533314707,-425.9769411879197
4072.3894770097986,4972.652838714108,-900.2633617043093
4449.235791320468,4624.046453661265,-174.81066234079753
4455.508814614514,4490.872218202007,-35.36340358749294
4484.591655702975,5192.354097503986,-707.7624418010109
4458.747668878989,5403.599428655013,-944.8517597760238
4470.98488301345,3806.9617695085426,664.0231135049071
4463.473369855806,4635.955581867887,-172.48221201208162
4476.08068324806,3959.820958450387,516.2597247976732
4475.799563447624,4851.110460070385,-375.310896622761
4470.004761348856,4490.6008770331355,-20.59611568427954
4472.6691644486245,5406.51265767479,-933.8434932261653
3166.0395770938653,4483.487293854109,-1317.447716760244
3162.5448039817866,5198.937825451826,-2036.3930214700395
3158.241586843437,5399.795589895855,-2241.5540030524185
3636.7483792681583,4493.318429706689,-856.5700504385309
3629.251343953843,4539.000565345244,-909.7492213914006
3618.3374230848694,3192.818015658948,425.5194074259216
3625.8216664058955,5239.199087907602,-1613.3774215017065
4170.98060179523,5252.653070161894,-1081.6724683666644
4169.590257699688,4282.327357689872,-112.7370999901841
4163.6154944323,4963.897276274414,-800.2817818421145
4158.651176819008,5114.36737453058,-955.716197711572
4174.142503281681,5109.323514744302,-935.1810114626214
4532.75312389695,4542.1840574002745,-9.430933503324923
4542.82344929427,5216.959015942163,-674.135566647893
4518.539712231229,5204.296798106641,-685.7570858754125
4514.008849406768,5187.9893168333065,-673.9804674265388
4941.225200841758,5239.320459018514,-298.09525817675603
4939.347491101698,5227.663513681443,-288.31602257974464
4939.179703248846,4491.415583253523,447.7641199953223
4951.513952542756,3932.21814454125,1019.295808001506
4940.852316554082,5225.721119828341,-284.86880327425934
4922.2363250908775,5234.356913644877,-312.12058855399937
4930.629281237166,5257.898825976271,-327.2695447391052
4949.070949561704,4553.796180530856,395.2747690308479
4927.053438628347,4537.358922765083,389.6945158632643
4165.411776778463,4952.3906192385775,-786.9788424601147
3919.3146504030115,3809.3142989441117,110.00035145889979
3905.688490379114,4825.367749370062,-919.6792589909478
3925.8725973070923,4501.052419194796,-575.1798218877038
3894.549220485411,5035.998039394572,-1141.4488189091608
3909.9522589535904,4975.44396956306,-1065.4917106094695
4489.180097904082,5125.8829829416545,-636.7028850375727
4484.872151075937,4859.474794611758,-374.6026435358208
4492.438282919013,4682.144706527513,-189.7064236085007
4475.8327577245,4824.883914593793,-349.05115686929275
4475.78647699402,4369.801748255288,105.98472873873197
4481.773704175688,4668.509613669585,-186.73590949389654
5120.69261723975,5122.876684651864,-2.1840674121140182
5098.196547549309,4618.343424431038,479.85312311827056
5114.826337934645,5088.1007517412645,26.725586193380877
5113.702728745875,5116.35924621104,-2.6565174651650523
5102.742589339461,4530.371952216779,572.3706371226817
5101.718211467056,4184.256631845743,917.4615796213129
5124.634433970005,4660.429167044514,464.20526692549174
5115.534489371654,5292.2507487149,-176.71625934324584
4497.003584618326,5271.542405072693,-774.5388204543669
4482.187490839888,5241.88083384051,-759.693343000622
4501.106472276762,4949.744328674255,-448.6378563974922
4486.539938234943,5008.442970601998,-521.903032367055
4466.586710880279,5222.045332653852,-755.4586217735732
4480.141273944047,4492.847321500727,-12.70604755668046
3904.198889835341,5109.161109700046,-1204.9622198647048
3908.544434398587,4487.864686420482,-579.3202520218952
3884.5437961346256,4650.052782662988,-765.5089865283621
3903.797689330648,4843.302310732325,-939.504621401677
3920.419125841892,4673.059388357232,-752.64026251534
3128.4786297828646,4840.871868913587,-1712.3932391307221
3142.809820828149,4645.550590514797,-1502.7407696866476
3133.558796345306,5327.50290192301,-2193.944105577704
3145.8761451040173,4644.079713438294,-1498.2035683342765
3773.291632526013,4382.073897043322,-608.7822645173092
3776.944727514403,5032.190052268604,-1255.2453247542007
3769.5241081776485,4161.949786129212,-392.42567795156356
3774.85700570406,4847.578238592265,-1072.7212328882047
3789.843786641172,3867.4224929966285,-77.57870635545669
3765.048751484329,4849.389791687233,-1084.341040202904
4373.016293847506,5137.827903056589,-764.8116092090831
4390.4033440857775,4979.225673410297,-588.8223293245192
4369.9155272211265,5110.127115291861,-740.2115880707343
4387.52532350819,5146.043767682215,-758.5184441740248
4367.258256881732,4629.431598369531,-262.1733414877981
4386.637115855215,5343.630333102157,-956.9932172469425
4954.77787222839,4383.596116354795,571.1817558735947
4955.952949279936,5146.04367073485,-190.09072145491427
4963.201017640121,5127.587578368473,-164.38656072835238
4956.764204628694,4248.414392397831,708.3498122308629
4953.4549575935835,3925.3261453747327,1028.1288122188507
4960.4784691372715,5211.8170126200885,-251.33854348281693
5232.307821584563,4868.874499442087,363.43332214247584
5225.309634226663,5040.669995781019,184.63963844564387
5204.4861990209765,5029.065351398635,175.42084762234117
4825.183539179135,3917.9630072713285,907.2205319078062
3140.9376918847897,4669.317645681093,-1528.3799537963037
3148.432599368339,4572.193985856597,-1423.7613864882574
3132.049044484763,5314.19717330844,-2182.1481288236773
3125.129387780277,5151.539425354578,-2026.4100375743014
3814.9071012669115,5182.9862925045045,-1368.079191237593
3830.5741782478526,3920.0401019790825,-89.46592373122985
3831.763779234981,5021.486789028914,-1189.7230097939332
3839.460400064948,4909.7423450912,-1070.2819450262523
3840.9027920104963,5259.419358598486,-1418.5165665879895
3841.0558149244525,4992.598140591639,-1151.5423256671866
3845.092217473278,4323.31733370074,-478.22511622746197
3842.1674147220865,4786.456512672901,-944.2890979508147
4628.126029258055,5189.005961301418,-560.8799320433636
4620.1840412792135,4977.840586663283,-357.65654538406943
4647.1558951718,3970.641791452587,676.5141037192129
4634.042954855385,5269.820118251537,-635.777163396152
4625.06540559373,5271.4024496482325,-646.3370440545023
4638.36795137378,4689.4028608136105,-51.0349094398307
4629.133978470527,3868.8384160158857,760.2955624546412
5183.583231156451,4828.854456479069,354.7287746773818
5194.026908129489,3842.9648880762984,1351.0620200531907
5200.001877955837,4405.390306436344,794.6115715194928
5198.337308430166,3911.1860435517387,1287.151264878427
5221.584490836833,4692.629079391366,528.9554114454668
5194.580324152195,3156.6909830587556,2037.8893410934397
4539.764163081257,5355.13736329485,-815.373200213593
4541.3787277355095,5145.714822794801,-604.3360950592914
5202.511054125632,4348.223444941829,854.2876091838025
5200.782197822778,4151.535453933008,1049.2467438897693
5188.756994004312,4657.568709159374,531.1882848449386
5195.874810780143,5245.529003595058,-49.654192814915405
5203.643155322179,4665.510692682066,538.1324626401129
5199.215035308567,4489.59167198438,709.6233633241873
4617.748114075428,4636.290212719913,-18.542098644485122
4630.092273617284,5221.9029614272495,-591.8106878099652
4628.151598734149,5027.849615384068,-399.6980166499188
4636.422740710304,5226.574410642122,-590.1516699318172
4605.75233037028,5038.197348326923,-432.4450179566429
4622.072444713161,3855.918784201433,766.1536605117276
4618.729971888156,5246.912978481728,-628.1830065935719
3839.4906780537135,5028.3435778357025,-1188.852899781989
3842.3718974076346,4017.0840386341006,-174.71214122646597
3823.4181527441374,3865.5379726122196,-42.11981986808223
3823.485807506041,5126.0682574884095,-1302.5824499823684
3828.946025778059,4932.684805785807,-1103.7387800077481
3823.179364385851,4528.994692351687,-705.8153279658363
3835.9550237846524,3948.4971693042226,-112.54214551957011
3831.7038128457516,5211.305727094393,-1379.6019142486412
3140.405537549767,5356.760848391776,-2216.3553108420087
3129.657079803008,5225.568194170266,-2095.911114367258
3142.404935789346,5123.5970058546,-1981.192070065254
3125.074734789379,4531.537937334582,-1406.4632025452033
3706.560699475956,5399.540845332901,-1692.980145856945
4062.7012650624406,4832.061518770397,-769.3602537079564
4083.5306837225926,4873.2386436001325,-789.7079598775399
4081.792022930802,5164.250752161669,-1082.458729230867
4066.1701298469757,5180.659823364545,-1114.4896935175698
4454.9112652971235,4637.814246067252,-182.90298077012812
4455.954641520432,4981.318888971319,-525.364247450887
4463.445883460912,4665.623668269519,-202.1777848086067
4485.385822371072,5352.360802110165,-866.9749797390932
4475.2908589471535,5126.342658002696,-651.0517990555427
4474.677891075242,5246.123786944243,-771.4458958690011
4447.139436521413,3146.964838084291,1300.1745984371219
4471.709572434179,4662.269908709303,-190.56033627512443
4480.349536201402,3871.4998553024298,608.8496808989721
4478.349692407012,5215.785847497128,-737.4361550901158
3162.007050928579,4861.068130182167,-1699.061079253588
3184.7032525400614,5130.189303431476,-1945.4860508914148
3164.2393937730567,5216.578545336083,-2052.3391515630265
3633.1300727048874,5239.778110214313,-1606.6480375094252
3637.517655673465,5091.451493351711,-1453.9338376782462
3646.2049291704298,4655.145732543723,-1008.9408033732934
3624.09655474337,5164.936824140561,-1540.8402693971912
4154.924665249284,5163.071854286444,-1008.1471890371604
4171.465031071521,5333.240645035855,-1161.7756139643343
4178.109513506249,4651.011343832003,-472.9018303257544
4178.300969623096,4573.983304325627,-395.6823347025311
4155.654629057252,4642.9753167130675,-487.32068765581516
4537.562970787554,4342.277576404964,195.2853943825903
4531.749525642858,4838.077191902361,-306.3276662595026
4531.462445645716,4648.822222219157,-117.3597765734412
4538.360594349053,3167.818274224802,1370.542320124251
4925.972769701396,4404.26388730991,521.7088823914855
4925.968393884182,3847.144819706059,1078.8235741781227
4952.616449342458,3863.363710140821,1089.2527392016368
4947.729967818109,4915.188600622214,32.54136719589496
4931.096088912093,4962.524112337652,-31.428023425558422
4945.40871628733,4876.304419971544,69.10429631578609
4959.456744901407,5134.708184806462,-175.25143990505512
4971.196436115974,5145.356368177341,-174.15993206136682
4937.250981436231,5024.265597889817,-87.01461645358631
4195.832387455462,3175.453412890173,1020.3789745652889
3919.3146504030115,5262.811189679283,-1343.496539276272
3912.4481511403037,5390.8221420342115,-1478.3739908939078
3916.9636699555517,4678.1770415721285,-761.2133716165768
3901.0261093062686,4639.032920450272,-738.0068111440037
3903.9743811798085,4481.871150509229,-577.8967693294203
4475.576693282165,4150.012782136759,325.56391114540656
4485.756208801694,5420.961833951213,-935.2056251495187
4495.270496287186,4559.743249174466,-64.47275288727997
4486.877698122916,4677.222115165974,-190.34441704305846
4476.062559782185,4995.4909887878675,-519.4284290056821
4478.170944102413,4833.971160558563,-355.8002164561494
5127.08164011531,3933.152829536114,1193.9288105791957
5100.675692596311,4476.761432789819,623.9142598064918
5110.1482539878425,5269.176015007571,-159.02776101972813
5123.372558379249,5149.088339737496,-25.715781358247114
5126.861197110987,5006.079880174751,120.78131693623527
5097.936898172627,5241.090281497479,-143.15338332485226
5114.80238528204,5271.968198473615,-157.16581319157558
5107.675480314886,4655.55768603759,452.1177942772956
4494.921884995095,3926.3613571241,568.560527870995
4485.882652609807,4556.994547808945,-71.1118951991375
4464.992569061235,4593.46612894052,-128.47355987928495
4482.142599323791,5144.220668248468,-662.0780689246776
4482.821255863593,3978.6836146735654,504.1376411900278
4468.392241113243,4476.968054104074,-8.575812990831764
3903.49206976907,4766.254746184917,-862.7626764158472
3911.371715712741,5185.632811349543,-1274.2610956368017
3920.7730573033004,4685.096869392414,-764.3238120891137
3912.2364445823423,4929.86195531986,-1017.6255107375173
3921.4891899022155,4651.079535572593,-729.5903456703777
3150.1317478232427,3855.9811813516512,-705.8494335284086
3142.8177160631744,4634.180045511358,-1491.3623294481836
3153.282288621058,4873.227064095043,-1719.944775473985
3142.7424868067774,5296.257446673181,-2153.514959866404
3767.3762106730856,3677.845283325973,89.53092734711254
3777.6602646373676,5249.047270118198,-1471.3870054808303
3783.137946109428,4506.624452307477,-723.4865061980495
3766.6519770885398,5392.894335578288,-1626.2423584897479
3767.592023174095,4537.966375788595,-770.3743526144995
3776.236841941201,3666.390381105641,109.84646083555981
4370.26215379074,5257.006411713372,-886.7442579226317
4383.953452056487,5115.499659543903,-731.5462074874167
4373.016952804426,4151.980471248031,221.0364815563953
4383.339816996664,5033.502002354016,-650.1621853573524
4380.142353216131,5302.251830499236,-922.1094772831057
4385.1859364156535,4340.6453370484105,44.540599367242976
4966.031110905958,4503.264864229995,462.766246675963
4963.201017640121,4405.960394971445,557.2406226686762
4943.47277351318,5252.453069851205,-308.98029633802525
4954.21756602399,5130.894300116486,-176.6767340924962
4974.102755464436,4558.813797233579,415.28895823085713
4945.845610173031,5151.3273462979005,-205.4817361248697
5222.029817903319,5133.9344310423785,88.09538686094038
5208.32038812095,4679.514407792513,528.8059803284368
5190.14862823494,4627.784163964411,562.3644642705285
4838.979894977771,3862.434614283297,976.5452806944745
3158.0058946980234,5137.906257999828,-1979.9003633018046
3133.407544704099,5104.449263733447,-1971.0417190293479
3146.863702395622,4978.494848099107,-1831.631145703485
3151.0530236365175,4418.1764531587305,-1267.123429522213
3837.2210249705527,4162.852212217497,-325.6311872469446
3821.7218896664285,4160.045035978759,-338.32314631233066
3830.263675181605,5270.818180513317,-1440.5545053317123
3830.0071549731238,4058.3291027708674,-228.32194779774363
3852.2622450810527,5042.777814800931,-1190.5155697198784
3847.0780266179927,4850.8143603492435,-1003.7363337312509
3832.417248228502,4668.388145737252,-835.9708975087497
3824.0431515980918,5003.887818366918,-1179.8446667688258
4641.569977218167,4859.436805425056,-217.8668282068893
4614.685546556685,5211.029507159559,-596.3439606028742
4600.308769566495,4383.045987875101,217.2627816913946
4612.212068523983,5140.936563293872,-528.7244947698882
4611.8377907226295,4540.235230289207,71.6025604334227
4610.191590348033,5157.962816676365,-547.771226328332
4610.083082575515,3851.66181562042,758.4212669550948
5205.990880317929,5120.400823254722,85.59005706320659
5197.786927012591,5201.087431347673,-3.3005043350822234
5226.410609157383,5358.504722445575,-132.0941132881917
5187.142124087682,3878.75091495977,1308.3912091279117
5198.598473460396,4931.986543903536,266.61192955686056
5191.497940278933,5272.205830642081,-80.70789036314818
4545.719461702699,3865.859139839365,679.8603218633339
4524.373663042536,5233.634904954979,-709.2612419124434
5206.1166468192505,5255.524266807913,-49.40761998866219
5212.5892046888675,3875.28624188886,1337.3029628000077
5205.0683327497745,5337.759605982071,-132.69127323229623
5182.238079834896,4473.116485857273,709.121593977623
5196.133125479062,3938.60964736923,1257.523478109832
5204.380390623349,3919.6400643513552,1284.7403262719936
4609.018859978645,5265.144272197746,-656.1254122191012
4578.895406685853,4450.9962830026,127.89912368325349
4618.443837883497,5145.301842690307,-526.8580048068106
4643.172453679687,3180.9023016837878,1462.2701519958996
4633.26899390406,4980.363739275415,-347.0947453713552
4621.16423533804,5315.237187009166,-694.0729516711253
4606.771906303863,4537.469601744616,69.3023045592472
3834.2738921912883,5358.020528676003,-1523.7466364847146
3834.5502123337797,4416.526261851035,-581.9760495172554
3829.0229088632414,3851.330097607705,-22.307188744463474
3829.6327344107253,5123.1773161757565,-1293.5445817650311
3837.8908245813473,4502.529635591965,-664.6388110106182
3862.854779293923,5356.838168349634,-1493.9833890557106
3844.8643010194282,5305.79602551825,-1460.9317244988215
3834.01950405855,4335.256544018959,-501.2370399604092
3140.9334704510975,4507.069408170672,-1366.135937719575
3145.118646657238,4166.4122525875755,-1021.2936059303374
3162.090022249637,4570.4511669491785,-1408.3611446995415
3141.629999010257,4018.000652151576,-876.370653141319
3693.8793270259503,4552.171461560377,-858.2921345344266
4089.972172248212,5159.760894481775,-1069.788722233563
4063.3281444176887,4309.521245189623,-246.1931007719345
4071.1188783148214,5270.860538356444,-1199.7416600416223
4085.7363678952393,3199.7088095604113,886.027558334828
4468.738674766025,4671.890427554866,-203.1517527888409
4478.023543711529,5288.960672621544,-810.9371289100154
4475.799563447624,4551.217412810099,-75.41784936247495
4474.335169685114,5281.488708764481,-807.153539079367
4475.840211334499,4563.178761991186,-87.3385506566865
4466.500751399632,4375.8578565128055,90.64289488682607
4479.65748549971,4558.400506013299,-78.74302051358882
4475.704233846112,3944.290064430765,531.4141694153473
4469.229023966337,4552.2815091841,-83.0524852177632
4464.771689571607,4929.804183007385,-465.03249343577863
3170.3782708512385,5181.558985736587,-2011.1807148853482
3152.638331421245,5227.7468553055705,-2075.1085238843257
3159.861402357356,5233.392951089651,-2073.5315487322955
3638.79540066681,5037.6755540023105,-1398.8801533355004
3647.3526432462727,4566.927959111828,-919.5753158655557
3660.145673709373,3962.0852406778886,-301.93956696851546
3631.854790093714,4176.5234404597895,-544.6686503660753
4149.3687496092625,5092.893192872636,-943.5244432633735
4166.607511495371,5220.06252257294,-1053.455011077569
4146.750650206477,3674.488434130456,472.2622160760211
4157.790481883891,5346.9761061262,-1189.1856242423091
4171.2197823949,4914.91399459834,-743.6942122034397
4540.666475675244,4673.989853928504,-133.32337825325976
4530.945072464787,5232.335176048977,-701.39010358419
4544.876448796225,5005.253379837388,-460.3769310411626
4518.078793277354,5307.694792546447,-789.6159992690937
4975.630677265868,4874.162588963926,101.46808830194186
4955.328927484482,4447.329931510244,507.9989959742379
4945.40871628733,4558.091171428595,387.31754485873535
4942.754836599894,4976.774839279458,-34.02000267956464
4939.40994389568,4844.312873920917,95.09706997476314
4936.608076888278,4853.06452441594,83.54355247233889
4929.116134578679,5271.451660527015,-342.335525948336
4931.8668291775975,4657.024128284641,274.8427008929566
4947.402232370372,3869.099718650461,1078.302513719911
4182.5444764885915,4648.033813820177,-465.4893373315854
3919.3146504030115,4169.2850687621,-249.97041835908885
3901.6789795562277,5318.475518792331,-1416.7965392361034
3921.4709694688568,4437.013508595831,-515.5425391269741
3903.58089596367,5072.658655540962,-1169.077759577292
3934.0736772124874,5192.578187440126,-1258.504510227639
4488.5276585736865,3860.0664563768205,628.461202196866
4492.614752807945,5183.164034539797,-690.5492817318527
4474.011168465119,4482.0648389028265,-8.053670437707297
4491.681179404762,4497.035641796242,-5.354462391480411
4485.565766833686,5352.249075237936,-866.68330840425
4512.363685670758,4888.808603623315,-376.44491795255726
5112.251629564916,5139.721615874476,-27.469986309560227
5111.035088403768,3379.2883828957883,1731.7467055079796
5112.541367824743,5311.56231422303,-199.02094639828647
5096.916956900146,5196.144002490563,-99.22704559041722
5118.526257303923,5248.242998866639,-129.71674156271638
5104.439872799445,4664.958178705684,439.4816940937608
5113.379556111966,5139.391346558454,-26.011790446487794
5137.296925010733,5268.659316895452,-131.36239188471973
4492.214813463105,5130.1079864233025,-637.8931729601973
4479.253795653115,5213.374849125898,-734.1210534727834
4476.397777554838,3861.67007353743,614.7277040174081
4504.06799902501,5276.5700699041945,-772.5020708791844
4476.65593499616,4540.869571375878,-64.21363637971808
4482.896286580074,4778.017094650094,-295.12080807001985
3892.4669837100905,4326.442820917172,-433.97583720708144
3909.9192281343703,5111.864104615118,-1201.9448764807476
3921.9268701924775,5151.635677865875,-1229.7088076733971
3921.7339434443393,4427.1790452311425,-505.4451017868032
3918.812928957052,4553.891447800983,-635.0785188439309
3150.7262299855056,3930.212793539612,-779.4865635541064
3167.991419065781,4573.635040269375,-1405.6436212035942
3143.023676447581,3814.049884241293,-671.0262077937123
3159.0405088309217,3870.568288816031,-711.5277799851092
3781.705350795789,4941.076374366366,-1159.3710235705767
3779.3901514797567,5120.801056312889,-1341.4109048331325
3780.8950135081764,3950.8388748659313,-169.94386135775494
3780.1581139444797,4548.055847412032,-767.8977334675519
3774.6449408978087,3876.086905930424,-101.44196503261537
3790.292837774696,4325.327122365836,-535.0342845911396
4370.074991632169,4480.074243876121,-109.99925224395156
4372.152496253847,4306.547581734331,65.60491451951566
4354.187240203305,5141.694022182172,-787.5067819788674
4368.255970007045,4635.5533212104565,-267.2973512034114
4381.2961233005035,4180.189998739003,201.1061245615001
4405.536014727495,4074.987198262257,330.5488164652379
4938.89816972438,4478.829811029445,460.06835869493443
4956.764204628694,4932.129721710579,24.634482918114372
4954.21756602399,5329.687127393476,-375.46956136948575
4944.052565575229,5126.107949113511,-182.0553835382816
4941.093110673958,5186.9181795146305,-245.82506884067243
4946.019891002824,5199.380669069788,-253.36077806696449
5221.923359303907,3966.947498155891,1254.975861148016
5208.583381046707,4315.2477477150505,893.335633331656
5200.8139745891385,4478.371662055251,722.4423125338872
4829.3299466700355,4645.927908617736,183.40203805229976
3135.451967423467,4047.8099898796286,-912.3580224561615
3142.419191323243,5129.7446119688775,-1987.3254206456345
3133.6501983801295,4546.944005146256,-1413.2938067661266
3132.7048348529192,3913.640241356882,-780.9354065039629
3825.9628776372265,5241.625674895124,-1415.6627972578972
3832.8836838485004,4997.306945515947,-1164.4232616674462
3839.127261236873,4177.708740293383,-338.58147905651003
3830.970295649456,4483.185789113605,-652.215493464149
3839.105543231887,5183.379135486721,-1344.2735922548336
3842.4336200130597,5245.081738861398,-1402.648118848338
3832.7555795984695,4978.802061668306,-1146.0464820698367
3837.7516380917946,5142.629503226723,-1304.877865134928
4642.768342165801,5194.839836217578,-552.0714940517764
4618.548021560395,5182.974776374857,-564.4267548144626
4613.840328549073,5246.853538223817,-633.0132096747438
4635.176034821503,4943.32225005659,-308.14621523508686
4623.4085982785,5229.825775634891,-606.4171773563912
4606.437201866449,4980.713811917002,-374.27661005055324
4620.4934809657525,5124.933927024838,-504.44044605908584
5203.979143750493,4912.597307372337,291.38183637815564
5219.232679453845,4562.237466813746,656.9952126400985
5233.769535496645,5281.288592218452,-47.51905672180692
5208.503581200544,3956.3128954461777,1252.1906857543668
5194.158880787974,5111.502582159742,82.65629862823243
5202.851992570552,5164.9479799791025,37.90401259144983
4536.139824376641,4639.275555986736,-103.13573161009572
4517.1321321181,5110.891721346487,-593.7595892283871
5224.8741331314895,4699.538479554061,525.3356535774283
5183.702174091705,4952.0459338849905,231.65624020671476
5179.110179794545,4627.060971906062,552.0492078884827
5196.138143325196,4486.594651079493,709.5434922457034
5208.706135461279,4932.655880993333,276.0502544679457
5195.925584251444,3854.077860106378,1341.847724145066
4642.47041101626,5193.504171088938,-551.033760072678
4624.896380706499,3924.3527035033458,700.5436772031535
4611.79515907962,4630.208696409762,-18.41353733014148
4649.34924426939,5169.257673553258,-519.9084292838688
4632.71125311665,5235.43144705242,-602.7201939357692
4602.241967891273,3692.285674003419,909.9562938878539
4624.846132446525,3935.6821899857487,689.1639424607765
3829.0229088632414,4953.335768306309,-1124.3128594430673
3842.2716366886507,5286.372454263938,-1444.1008175752877
3847.919912956062,4880.29276209501,-1032.3728491389484
3824.212283694715,4948.500644931395,-1124.28836123668
3823.5069521278415,4469.663532693462,-646.1565805656205
3837.6896878611533,4990.632767626836,-1152.9430797656823
3866.47587805803,4579.176052137235,-712.7001740792052
3849.4865643114676,5163.6199169970405,-1314.1333526855728
3125.535233495306,4121.910137428535,-996.3749039332288
3140.408547483011,5299.057083859668,-2158.648536376657
3129.5906462360654,4638.938497444154,-1509.3478512080883
3139.609764844434,3665.5341327767255,-525.9243679322917
3699.297600624547,5332.9871341767575,-1633.6895335522104
4071.288211083409,5112.190525836349,-1040.9023147529397
4069.808386635528,4370.746719290986,-300.938332655458
4083.323695470836,5272.945218746099,-1189.6215232752634
4073.8125567858915,4664.026642488446,-590.2140857025543
4477.030555432543,5284.132537405673,-807.10198197313
4473.898568141253,3884.377947887378,589.5206202538752
4468.361889158548,5146.504486686541,-678.1425975279926
4486.096740299616,4871.884031283221,-385.7872909836051
4481.814435748271,5175.761162729603,-693.9467269813322
4465.622043562878,5258.6672913131,-793.0452477502213
4487.739943669413,5347.2250360554135,-859.4850923860004
4467.013368423929,3949.479657014799,517.5337114091299
4477.273553400068,4680.038255880614,-202.76470248054648
4451.004732623308,4829.250332214791,-378.24559959148337
3152.080914689623,4529.399516259149,-1377.318601569526
3153.5809997266733,3194.1940321385223,-40.61303241184896
3163.636917192356,4160.275156853131,-996.6382396607751
3638.933906748171,5137.92266213588,-1498.9887553877093
3639.386492074312,3882.1397829057446,-242.75329083143242
3639.7909953193503,4432.724873416443,-792.9338780970929
3641.0771045224947,4681.154991440769,-1040.077886918274
4181.418681672895,4407.957026692221,-226.5383450193258
4169.308421691502,4680.998699559486,-511.69027786798415
4180.537048444531,4505.61180671057,-325.07475826603877
4158.8314248333545,4336.074678074654,-177.2432532412995
4187.185430500059,4873.22160901871,-686.0361785186515
4527.580884252606,4596.193387317187,-68.61250306458169
4548.15753830667,4665.877708054887,-117.7201697482169
4530.309424333393,4535.789800495577,-5.480376162184257
4521.004088950139,4478.241826848974,42.762262101165106
4960.840899940195,3182.7241493000547,1778.1167506401407
4939.793504838549,4852.873897734697,86.91960710385229
4937.250981436231,4637.170499573208,300.0804818630231
4934.5684461811525,3942.814744252554,991.7537019285983
4945.755643630253,4556.833816639244,388.92182699100886
4947.402232370372,4669.940025616878,277.4622067534938
4922.881640914749,5224.871295621525,-301.9896547067756
4949.442434483292,4376.026549741473,573.4158847418194
4943.905301853423,4857.161903201829,86.74339865159436
4186.614071887966,4665.906788875016,-479.29271698704997
3919.3146504030115,4495.359501091947,-576.0448506889356
3907.363322535943,5107.450485351625,-1200.0871628156815
3900.0252365016195,5109.535859962534,-1209.5106234609148
3916.952180210166,4677.441132607698,-760.4889523975321
3902.4749867985383,5111.711166800285,-1209.236180001747
4492.892693412355,5129.904690744889,-637.0119973325345
4486.314782507079,5385.9042444978795,-899.5894619908004
4477.295820545615,5212.882454393066,-735.5866338474507
4467.241328436761,4152.236042808605,315.00528562815634
4481.594816305898,3951.9461967129478,529.6486195929506
4486.705958713376,4659.016203747941,-172.310245034565
5121.24026900755,5358.615295801125,-237.37502679357567
5124.362898247284,3165.3066909373956,1959.0562073098881
5105.42533543247,5019.9237806068195,85.5015548256506
5107.129203821799,5015.128232640102,92.00097118169651
5139.056511094563,5286.606664048981,-147.55015295441808
5119.483539174912,4674.748760000436,444.734779174476
5094.04291520858,4969.942798337324,124.10011687125552
5097.043053693496,3906.7473094180787,1190.2957442754177
4477.39825159085,3317.0516724181043,1160.3465791727458
4492.776913240229,5155.722905306656,-662.9459920664267
4468.445395562229,3840.6740050906874,627.771390471542
4484.836129114829,5288.012749091815,-803.1766199769854
4497.825663142355,5259.27744492653,-761.4517817841752
4468.443495016513,4626.290565378718,-157.84707036220516
3910.5922829040755,4642.281173618622,-731.6888907145467
3900.5778697642572,4385.415976729789,-484.83810696553155
3925.8688032118616,5246.560242170901,-1320.6914389590393
3919.379821411413,5125.855411331712,-1206.4755899202992
3929.994084682048,4926.569468557645,-996.5753838755973
3147.6363658234145,3857.594103365367,-709.9577375419526
3143.383950111808,5173.125323414339,-2029.7413733025305
3144.83630205483,4010.8508031444353,-866.0145010896053
3133.2826060570324,4159.056279208073,-1025.7736731510404
3761.3307205167384,5268.079048482099,-1506.7483279653607
3782.251631671881,4662.704526642625,-880.4528949707437
3771.643621894443,5015.868597686996,-1244.2249757925524
3777.7072602097933,3165.353533934778,612.3537262750151
3761.0254345497547,5216.188851760892,-1455.1634172111376
3776.6498356676975,4479.0566333432835,-702.406797675586
4374.18942370251,4829.803033468088,-455.6136097655781
4408.700634877581,4885.47767356978,-476.7770386921984
4396.0108967484575,4654.944775193311,-258.9338784448537
4373.91162869333,5012.311390457348,-638.399761764018
4368.210981339276,4785.832662291543,-417.6216809522666
4377.447510392651,5298.109692160795,-920.6621817681444
4942.906862359413,4410.380476807283,532.5263855521298
4953.4549575935835,5266.625612533412,-313.17065493982864
4974.102755464436,3930.6788388633013,1043.4239166011348
4941.093110673958,5017.96653769008,-76.87342701612215
4961.190878282943,4279.179336469148,682.0115418137948
4959.694850686275,5145.648746904028,-185.95389621775303
5208.677438483123,4674.647753811517,534.0296846716064
5219.686033000593,5335.567253949079,-115.88122094848586
5222.555399133844,5133.346080162917,89.20931897092669
4826.97495883411,4549.7212403065105,277.25371852759963
3146.286602471284,4566.089898174723,-1419.8032957034393
3145.5459601166754,4657.73050131535,-1512.1845411986747
3134.424348244508,5105.278872179336,-1970.8545239348277
3134.3748982075695,5255.958032744301,-2121.5831345367314
3835.0654974102977,4634.925583164303,-799.8600857540055
3870.45992161344,5152.287218550249,-1281.827296936809
3829.768036945329,4480.871316779534,-651.1032798342048
3839.086444257113,5146.106194176581,-1307.0197499194683
3841.314689473109,4372.749036358575,-531.4343468854659
3833.669860453257,4541.744257941891,-708.0743974886341
3855.2241642069694,4445.706698293484,-590.4825340865145
3834.7243592434297,5357.218974703847,-1522.4946154604177
4635.246040347805,3815.990050731219,819.2559896165862
4616.610276622559,4056.471254421023,560.1390222015357
4610.714648050792,4596.784576957796,13.930071092995604
4635.229137038498,5235.748410597419,-600.5192735589208
4631.272683815774,5043.94706616209,-412.6743823463157
4630.660621788959,4670.653042954213,-39.99242116525329
4620.62659983655,5246.44641432227,-625.8198144857206
5207.6045704284425,4989.875870091212,217.7287003372303
5212.344959739506,4551.938074196987,660.4068855425185
5187.010942092082,3942.5183173679643,1244.4926247241174
5221.17169776784,4192.600211152485,1028.5714866153548
5197.260859504082,4333.744202905313,863.5166565987693
5191.038028518872,3789.042564063726,1401.9954644551462
4537.36333139439,5223.706651392503,-686.3433199981127
4528.363789764529,5242.133753821291,-713.7699640567616
5199.188429561371,4839.533483998491,359.65494556288013
5182.0075371067105,4624.727781631042,557.2797554756689
5202.108083430191,4491.300147430295,710.8079359998965
5200.580809223661,5171.197880238874,29.382928984787213
5186.278265618486,4382.139639985376,804.1386256331107
5203.13304771129,4995.544407064129,207.5886406471609
4609.633611657201,4628.212372314866,-18.578760657665043
4604.886234024621,5374.172987096718,-769.2867530720969
4623.521657232895,4968.875263006894,-345.3536057739984
4607.6944002525925,5127.14696804898,-519.4525677963875
4632.565087653401,5186.303751967356,-553.7386643139553
4620.272517997114,4988.27457826969,-368.0020602725763
4620.899007328478,3948.805789264356,672.0932180641216
3837.8908245813473,3922.2143639628944,-84.3235393815471
3828.197449866521,5109.415002820878,-1281.217552954357
3823.5069521278415,4532.291658803235,-708.7847066753934
3836.4823859183025,3921.245629517717,-84.76324359941464
3830.4424674914258,4054.4012825695327,-223.9588150781069
3830.8977152924867,4646.805143966511,-815.9074286740247
3850.8294931461323,4591.877700093373,-741.0482069472409
3834.5022782750166,4280.114721062126,-445.6124427871091
3133.8885844921383,4842.218035391696,-1708.3294508995573
3153.186734440218,5228.145125655486,-2074.9583912152675
3130.190654316949,3939.269512177367,-809.0788578604179
3126.957608359856,3156.2581796555564,-29.300571295700593
3697.6495907347858,5043.639057285176,-1345.9894665503903
4063.458932010195,4198.075590585314,-134.6166585751189
4075.358587955691,5046.690110703907,-971.3315227482158
4063.9799740975436,5233.422564539216,-1169.4425904416726
4083.319003344667,5257.6379104755415,-1174.3189071308743
4469.843217013766,5117.9256686648905,-648.0824516511248
4469.748169823387,3189.190163056585,1280.558006766802
4469.982234583233,4855.402064692844,-385.4198301096112
4439.616843368013,4838.021064920499,-398.404221552486
4458.585446875047,5113.295145564866,-654.7096986898196
4462.923369473304,5252.977906213518,-790.0545367402137
4467.936152514025,4543.146963834688,-75.2108113206632
4461.8674514670065,4853.9830232166305,-392.115571749624
4486.966012349993,5293.210892565167,-806.2448802151739
4462.587678461369,4851.3656225262475,-388.7779440648783
3165.3319817014612,5186.375812923249,-2021.043831221788
3148.451382674569,4953.674728821352,-1805.2233461467831
3150.1665594879073,4618.945841520357,-1468.7792820324498
3642.951324455716,3935.4564931363793,-292.50516868066325
3625.577341878781,5107.718558167647,-1482.1412162888655
3631.2202737688676,5106.069347402717,-1474.849073633849
3640.264658500844,5153.243689656018,-1512.9790311551747
4141.785833924577,5311.066395347391,-1169.2805614228146
4165.248096738319,5180.590059036533,-1015.3419622982137
4151.541629361886,4536.95322428929,-385.4115949274037
4163.723508430884,5258.880987836304,-1095.1574794054195
4159.876057531068,4542.057491465614,-382.18143393454557
4541.253025107524,5125.078080580478,-583.8250554729539
4528.371898194426,5044.495106331913,-516.1232081374874
4523.457290765697,4539.2231868566,-15.76589609090297
4520.683838788645,4634.011591799258,-113.32775301061338
4933.838614102727,4486.5960972590065,447.2425168437203
4942.183924761994,4609.242305441261,332.94161932073257
4937.371608991397,4550.16170934077,387.20989965062654
4935.662712474538,4541.668699966191,393.9940125083476
4953.526901482351,4829.534281526551,123.99261995579946
4944.711222304226,4493.639827623977,451.0713946802489
4935.077962842184,3159.8799151788144,1775.1980476633698
4921.887358027991,4622.620893850838,299.26646417715256
4935.429927002747,4992.858259497489,-57.42833249474188
4172.832458546721,5124.68891935595,-951.8564608092292
3919.3146504030115,5262.811189679283,-1343.496539276272
3904.484455732677,5122.374246242574,-1217.8897905098975
3908.753246672741,5147.864958936399,-1239.1117122636574
3902.123395543706,5106.288052943736,-1204.1646574000301
3919.807889501292,5250.51568892564,-1330.7077994243477
4480.869324047621,5281.686682531455,-800.8173584838332
4488.666729428189,4674.066562050978,-185.3998326227893
4482.29752477244,4067.6570552634444,414.64046950899547
4483.58794256599,5354.108980686077,-870.5210381200877
4490.422803684667,4824.215046474052,-333.79224278938455
4496.252684164981,3185.9973275297084,1310.2553566352722
5133.92315020915,4087.716340474123,1046.2068097350266
5103.858722106629,4624.129434090828,479.7292880158011
5108.9436068593905,5327.982919593514,-219.039312734124
5105.622564075912,5103.368035036126,2.2545290397865756
5139.416782269113,3884.4430263584973,1254.973755910616
5114.80238528204,4172.522666117618,942.2797191644213
5101.752401165462,4839.6079480799835,262.14445308547874
5104.6620802726675,5412.242948025383,-307.5808677527157
4460.738489644015,4976.564422379035,-515.8259327350197
4479.423964257448,5234.349049006255,-754.9250847488074
4470.1322603495,4478.407574580788,-8.275314231287666
4485.183581557031,4653.991510516925,-168.80792895989362
4480.639664740943,4516.268287772299,-35.628623031356256
4492.201889599639,5214.488804721721,-722.2869151220821
3920.2841636918893,5182.633258936967,-1262.3490952450775
3916.321251477855,4556.172991864338,-639.8517403864826
3905.252857959079,5129.750872881307,-1224.4980149222283
3902.7251537798775,5385.699458901764,-1482.9743051218866
3899.52631513827,5127.948233670323,-1228.421918532053
3142.4770850827263,5101.240243354902,-1958.763158272176
3139.3007137178643,4113.244756149015,-973.944042431151
3135.347202329194,4821.77511593863,-1686.427913609436
3156.9659637799373,3961.430657385945,-804.4646936060076
3767.078994745314,4812.995282066568,-1045.9162873212535
3763.8362680002515,5153.728441881253,-1389.8921738810018
3761.3641515129552,4386.23944880072,-624.8752972877651
3775.159570921212,4480.309908244184,-705.1503373229721
3794.251911383782,3874.158402028493,-79.90649064471108
3794.238150840925,3934.3472848289803,-140.10913398805542
4379.326232292109,5168.156258501949,-788.8300262098401
4384.200812344801,5205.5940232227995,-821.3932108779982
4398.095056376631,5304.255340247608,-906.1602838709769
4389.395107758139,3870.1445048987243,519.2506028594144
4361.098176374946,5102.378274557901,-741.280098182955
4401.702819674539,4469.779824123669,-68.07700444913007
4926.491825869792,5233.801353702703,-307.30952783291104
4960.4784691372715,4818.935168372503,141.5433007647689
4945.845610173031,4853.542875561765,92.3027346112658
4946.019891002824,4847.982847799282,98.03704320354154
4959.694850686275,4677.8681628708955,281.82668781537905
4967.15427732842,4975.078668892677,-7.924391564257348
5218.658925931731,5303.476754283756,-84.81782835202557
5197.942177356064,3909.416047835847,1288.5261295202172
5214.3282359379455,4553.6920752534015,660.6361606845439
4802.47512133647,5094.123855779525,-291.6487344430552
3137.6056904364727,4395.410505853893,-1257.8048154174198
3130.0624868024825,5383.062986381508,-2253.000499579026
3126.9274273606948,5250.344574704146,-2123.4171473434512
3144.2590528078176,4407.889730591452,-1263.630677783634
3847.8448880165283,4437.604224545752,-589.7593365292237
3832.3727255095155,4631.200454703741,-798.8277291942259
3845.672841427958,4917.455854632778,-1071.7830132048202
3842.591583728402,4863.094910893136,-1020.5033271647344
3857.4634808078304,5001.7890965319575,-1144.3256157241271
3827.966533623396,4486.5152632549125,-658.5487296315164
3838.7496576281524,5252.5530618679995,-1413.8034042398472
3839.257196342075,4995.336141600937,-1156.0789452588615
4627.653015847137,5398.117650871459,-770.464635024322
4612.602206240815,3174.3182527226472,1438.2839535181674
4613.814290360066,4265.606261420909,348.208028939157
4626.610189223315,5121.465338454329,-494.85514923101437
4615.069549003884,5239.155754154031,-624.0862051501463
4623.676211103609,3952.5601240254605,671.1160870781482
4623.179598319319,3921.1735902931864,702.0060080261323
5211.629089238806,4820.440129276595,391.1889599622109
5204.095133164434,5048.8687782938005,155.22635487063326
5192.587999396104,4849.328072252932,343.2599271431727
5219.52859687102,3967.0957588989486,1252.4328379720719
5206.0302166745805,3927.8108662950044,1278.219350379576
5206.731968479146,5127.504876198228,79.22709228091844
4538.110848201447,4538.275480467995,-0.16463226654832397
4535.192126753392,4489.707068346998,45.485058406393364
5198.832162929546,4482.942440790853,715.8897221386933
5208.588106003872,4553.800690091499,654.787415912373
5209.530519540779,4869.329592915313,340.2009266254663
5204.308196492722,5145.228689710728,59.079506781994496
5225.057431770664,5360.120485889647,-135.06305411898302
5219.884592483798,4886.389783216304,333.494809267494
4622.422181176219,5025.27505023795,-402.8528690617313
4608.022202774216,5165.464728587351,-557.442525813135
4624.461467248281,5248.810284685932,-624.3488174376507
4631.052753243754,5232.212278755473,-601.159525511719
4632.34491213655,5263.875220915318,-631.5303087787679
4625.066867173119,4553.580418476525,71.48644869659438
4631.371999056353,4984.4566817696095,-353.08468271325637
3844.8643010194282,4677.642112765726,-832.7778117462976
3825.262668933711,4511.813568091518,-686.5508991578072
3866.47587805803,4455.306221067801,-588.8303430097708
3842.497952747457,4643.740164141508,-801.2422113940511
3850.8294931461323,3702.257563256725,148.57192988940733
3831.2487817286674,4931.83047372875,-1100.5816920000825
3821.0180085087213,5239.174641501267,-1418.1566329925454
3836.152899271979,4861.127590710122,-1024.9746914381426
3135.324258531021,3163.867128466302,-28.542869935281033
3123.5486549758675,5226.580339270542,-2103.0316842946745
3127.425274044385,4836.459641357222,-1709.0343673128368
3133.8091370422835,5276.129238785668,-2142.320101743385
3694.0040983266495,3326.37463590241,367.6294624242396
4057.2761264895184,4985.1777999702845,-927.901673480766
4067.8529457942395,4553.487921409086,-485.63497561484655
4063.2772714765206,3855.520021632832,207.75724984368844
4071.793044753843,5428.522444073287,-1356.7293993194444
4457.862226282456,4902.716105970618,-444.8538796881621
4469.177465889453,4645.061015689475,-175.8835498000226
4465.286195622982,4548.237988037051,-82.95179241406913
4457.534605270481,3853.759700531112,603.774904739369
4471.415528492126,3949.6136191310643,521.8019093610619
4474.868574350009,5239.598231346593,-764.7296569965838
4478.610914953168,5122.970564460352,-644.3596495071843
4456.766076366565,4634.136781052989,-177.37070468642378
4466.2056374948115,3864.3325019587246,601.8731355360869
4476.936756942899,5104.086607280527,-627.1498503376279
3159.4923835155037,3853.2845322103008,-693.7921486947971
3156.6467338061625,5210.286905437294,-2053.6401716311316
3166.242355765028,5262.253315505114,-2096.010959740086
3627.7162447207425,4491.062614666114,-863.3463699453719
3640.5136670632287,4665.260178311996,-1024.7465112487675
3633.1478736107983,4059.170359320822,-426.02248571002383
3614.170118938664,4937.993900512378,-1323.8237815737139
4166.405132016129,5209.540827967987,-1043.135695951858
4153.981980212302,4150.723461663622,3.2585185486796036
4180.200722535971,5191.89779289461,-1011.6970703586385
4143.554658735696,5213.894172685049,-1070.3395139493532
4174.7002475091,4798.805751728451,-624.1055042193502
4542.318578805226,5139.273824711928,-596.9552459067017
4515.434034605443,5084.064642944367,-568.6306083389236
4542.828975084682,5256.2334606692575,-713.4044855845759
4536.74213105892,4860.288978433886,-323.5468473749661
4941.2057346556885,4637.987702746184,303.21803190950413
4918.832971859591,5162.827980114792,-243.99500825520045
4928.096494534381,4651.918513941017,276.1779805933638
4938.615824506192,4385.584329446129,553.0314950600632
4917.98901356554,5152.250790616982,-234.26177705144255
4947.477432050147,5258.142253655431,-310.6648216052836
4952.890135591967,4651.293726553327,301.59640903863965
4934.663279244163,5354.50669863061,-419.84341938644684
4925.117647199496,5234.053018469286,-308.93537126979027
4174.01845013489,4669.623387528565,-495.60493739367485
3919.3146504030115,5228.358451081382,-1309.0438006783702
3917.2104173097387,4516.426250809385,-599.2158334996466
3898.6769379911952,4625.524637262219,-726.8476992710234
3908.4272982894227,5035.949787359679,-1127.5224890702566
3913.7024518698017,4853.892661401025,-940.1902095312234
4480.898293943353,5026.784600989646,-545.886307046293
4473.471343452364,4831.402265652843,-357.9309222004795
4466.362667767892,5155.111857217003,-688.7491894491104
4472.991476065253,3163.4783437473016,1309.5131323179512
4482.457879826211,4489.429074409304,-6.971194583093165
4476.993217267813,3794.0996307128144,682.8935865549984
5124.323979725857,4831.7852326553275,292.5387470705291
5110.1482539878425,3663.5105241732226,1446.63772981462
5120.417135553874,5169.078757374883,-48.66162182100925
5107.325134565298,5105.275278747078,2.0498558182198394
5134.157889338953,4688.469597930152,445.688291408801
5106.909166201074,4544.691594983469,562.2175712176049
5119.744742967052,5244.627150540478,-124.88240757342646
5101.613413047117,4977.024270346005,124.589142701112
4502.038092292447,4566.4181069900405,-64.38001469759365
4486.053991346111,5158.786130681781,-672.7321393356706
4480.641120645646,5293.125324135036,-812.48420348939
4482.653833515858,5120.495540526308,-637.8417070104497
4494.360795466002,3867.1935715508557,627.1672239151462
4489.023299933281,5292.992328808547,-803.9690288752663
3900.5778697642572,4538.194098523251,-637.6162287589941
3905.171377145801,4967.255080823308,-1062.083703677507
3903.5643925590653,3849.344111957519,54.220280601546165
3888.01169176445,5161.28175043596,-1273.27005867151
3904.7359868694953,3850.2258899645863,54.510096904909005
3150.9005356465755,4168.411738000503,-1017.5112023539273
3140.3903587983905,5258.831341795442,-2118.440982997052
3135.379176284056,5216.829932772503,-2081.4507564884466
3134.1000114421136,4511.738230271698,-1377.6382188295843
3772.241319400363,5110.243453230486,-1338.002133830123
3788.1869172151064,4492.988992184187,-704.8020749690804
3776.236841941201,4500.073167864988,-723.8363259237872
3778.625284096771,4808.110504555185,-1029.485220458414
3763.2389704948287,3629.964447194985,133.27452329984362
3770.6026545853115,5216.122034511048,-1445.5193799257363
4368.45549063778,4175.86299854819,192.59249208958954
4390.5558775631025,4980.0786538679295,-589.522776304827
4370.449722244101,3693.0112379730817,677.4384842710197
4373.840242325922,5024.770332069469,-650.9300897435469
4375.082966534706,4333.090649646238,41.99231688846885
4383.591310639204,5122.120095379865,-738.5287847406616
4943.1567474139465,4546.125704129516,397.0310432844308
4978.805923858371,5266.262643769711,-287.45671991133986
4969.438555906496,5275.025958649406,-305.58740274290994
4968.677507111541,3869.3548599819064,1099.3226471296343
4955.847601630922,4967.342039880357,-11.494438249435007
4963.525051367755,4563.037748315858,400.48730305189656
5208.237706032978,5219.394423723502,-11.156717690523692
5202.709766121222,5209.2304459757825,-6.5206798545605125
5176.422825673269,4622.149571576294,554.2732540969746
4818.405110945929,5110.008254078218,-291.603143132289
3141.256524856196,5102.9102326407265,-1961.6537077845305
3140.2587022631055,4387.63218552571,-1247.3734832626046
3141.0865316276804,4561.8619254661,-1420.7753938384194
3149.474634782505,5339.3236212372585,-2189.8489864547537
3847.0780266179927,4681.386532698267,-834.3085060802741
3837.8784717762023,5134.6005548509975,-1296.7220830747951
3831.7974630346425,5111.1135077540475,-1279.316044719405
3833.085847232493,3638.6571053469106,194.42874188558244
3852.40700587446,4691.804302815891,-839.3972969414308
3838.3577928837267,4607.575354084347,-769.2175612006204
3871.0614246999985,4893.302757405504,-1022.2413327055056
3814.196277128242,5209.435908539462,-1395.2396314112198
4611.773569059749,4539.863491234414,71.91007782533507
4617.338285118597,3639.8062339936737,977.5320511249233
4631.352113722174,4319.756846340248,311.59526738192653
4614.925392060024,4480.355138822679,134.57025323734524
4610.76389739186,4840.756273966371,-229.99237657451067
4647.341239540458,3828.2126845119824,819.1285550284761
4626.22135974219,5118.763367018138,-492.542007275948
5221.17169776784,4510.671643282338,710.500054485502
5197.92662468288,5278.652485785599,-80.72586110271914
5204.842182744878,3330.439078434502,1874.4031043103764
5205.345901037522,4552.991026629389,652.3548744081327
5221.945900684949,5313.86717917687,-91.92127849192093
5206.885752006395,4664.46966736296,542.4160846434352
4536.646101048953,5102.778444040648,-566.1323429916947
4527.5756774456895,4389.578813886456,137.99686355923313
5210.4628322663675,5218.273843312849,-7.811011046481326
5199.947793607234,5184.680463988852,15.267329618382064
5187.635811599975,5321.864081140709,-134.2282695407339
5206.05630865849,4795.658382198617,410.3979264598729
5212.283029690096,5302.171913198328,-89.88888350823254
5187.074227084621,5158.4948137108995,28.579413373721763
4641.019958161318,4693.230661472596,-52.21070331127794
4641.341593738345,4174.226006354199,467.11558738414624
4624.52806792336,4400.912786234056,223.61528168930454
4627.038031239422,5280.7895581342345,-653.7515268948127
4635.928250913391,4411.274939396578,224.65331151681312
4618.248489322874,4174.7654589554,443.4830303674735
4620.766567888423,5144.306714484344,-523.5401465959212
3834.4190697807967,4639.610277679929,-805.1912078991322
3839.5660807105605,4543.8319000574265,-704.265819346866
3829.7243341837807,5112.6409434012385,-1282.9166092174578
3824.809802598428,5255.615467958346,-1430.8056653599178
3834.372749568511,4548.856699588275,-714.4839500197636
3847.35781665605,4660.237758917726,-812.8799422616758
3828.743493590092,5250.764328542015,-1422.0208349519235
3835.433747481185,4376.208923394713,-540.7751759135276
3129.6960557105936,3847.092736578837,-717.3966808682435
3154.327432329432,4553.6175540011345,-1399.2901216717023
3132.79210616347,5178.1279081760995,-2045.3358020126293
3126.1044160546207,3312.401410611348,-186.29699455672744
3696.599691824699,4310.838593060096,-614.238901235397
4058.61746588733,5263.951539216669,-1205.3340733293385
4061.3869038670528,5264.392588063545,-1203.0056841964924
4064.103895055905,5195.411290015977,-1131.307394960072
4073.9612773954323,4844.03399547264,-770.0727180772074
4461.730990564711,4808.092720622235,-346.36173005752426
4467.272091377644,4397.592389180599,69.67970219704512
4480.165458856979,4021.781862349647,458.3835965073322
4462.322699502337,4861.461260490438,-399.13856098810083
4465.151784407466,5105.187956694212,-640.0361722867456
4465.886011033574,5270.1014325673605,-804.2154215337869
4467.391064747572,5299.8724891775555,-832.4814244299832
4453.34250026319,5103.54222011589,-650.1997198526997
4489.652233405653,5272.069021445608,-782.4167880399555
4463.436504432233,4486.450995591546,-23.014491159313366
3169.4512425150883,3863.0390481573772,-693.5878056422889
3160.007692187217,5219.621798626189,-2059.614106438972
3148.829818390775,4893.780925222455,-1744.9511068316801
3634.848956634375,4862.105175489998,-1227.256218855623
3643.617795610985,4501.72209434646,-858.1042987354749
3645.374268975978,4979.9796095490865,-1334.6053405731086
3640.637197309163,4492.508528451069,-851.8713311419056
4176.262032909593,5127.147140367592,-950.8851074579998
4168.001392962707,4551.54156110174,-383.5401681390331
4166.856333318225,4382.257796650854,-215.40146333262965
4170.957777905082,5126.732451120137,-955.7746732150545
4164.870149554979,3863.1550171661356,301.7151323888438
4541.52173236395,4192.503834275343,349.01789808860667
4543.38569564846,4678.936619411784,-135.55092376332414
4523.365164840089,4962.08128385726,-438.71611901717097
4532.133724362127,4644.269288433684,-112.13556407155647
4930.796426030602,4829.870359539093,100.92606649150821
4947.816249670613,4939.573030120529,8.243219550083268
4933.812720444092,5109.909704087399,-176.0969836433078
4946.020597238932,5171.5313559393335,-225.5107587004013
4948.6204587565835,5258.477685994042,-309.8572272374586
4939.059611522184,3854.165443562027,1084.8941679601571
4945.283789713192,3811.3331425669344,1133.9506471462578
4938.1809954390255,5328.521762804901,-390.34076736587576
4917.780948056166,5272.949717321326,-355.1687692651594
4177.754290709885,4850.70304116186,-672.9487504519748
3919.3146504030115,5029.743922825585,-1110.4292724225738
3915.7223822017854,4319.095929397264,-403.3735471954783
3897.039415931908,4297.605084467692,-400.56566853578397
3911.4783780396156,4396.502582970142,-485.02420493052614
3931.351617191446,5257.604165355785,-1326.2525481643388
4485.313555067987,5269.70952738619,-784.3959723182024
4492.9259770017225,4407.722421063399,85.203555938323
4476.770113763206,4046.6516212258407,430.118492537365
4494.2919292015395,3960.534682848532,533.7572463530073
4494.897750859816,4811.993650582695,-317.09589972287904
4487.4984992945365,4554.118022574006,-66.61952327946983
5107.258920195541,4642.2217898780555,465.0371303174852
5111.10196747562,4008.0883878110412,1103.0135796645786
5134.182259783145,4506.700634585922,627.4816251972234
5117.038208110345,5339.616992642757,-222.5787845324121
5125.444646962703,4350.950893015008,774.493753947695
5106.353980272225,5262.671430454632,-156.3174501824069
5131.489546340504,5260.163115281924,-128.67356894141994
5122.497755112159,4163.036506394488,959.461248717671
4484.202770548074,5122.93949345195,-638.7367229038755
4472.637247099858,4287.244109540409,185.3931375594484
4496.974479634156,4411.713852925218,85.2606267089377
4494.368140490043,3924.308192170248,570.0599483197948
4473.158055185869,4350.9932670025,122.16478818336873
4479.983881912936,4490.431684707025,-10.447802794088602
3931.623071599488,5184.570678322916,-1252.9476067234282
3903.0289306662767,5245.990044126894,-1342.961113460617
3908.055187306132,5217.642022989181,-1309.5868356830488
3906.6808702050416,5121.747142930556,-1215.0662727255144
3918.037382825952,4652.541695918655,-734.5043130927029
3137.4383562923135,4664.189984143035,-1526.7516278507214
3143.17888206388,4539.953939317573,-1396.775057253693
3160.397530010202,4671.948065507361,-1511.5505354971592
3153.028326071348,4191.935194801813,-1038.9068687304648
3766.7941507300634,5328.6467721156605,-1561.852621385597
3773.8138101670315,4423.980264855886,-650.1664546888546
3771.291739662701,4975.763062808397,-1204.4713231456963
3782.746386939624,4668.315925129025,-885.5695381894016
3791.62178113311,4661.085286199555,-869.4635050664456
3764.540502333654,4185.394792175463,-420.85428984180953
4384.851636484153,5260.808141999362,-875.9565055152098
4371.996951437924,5374.765974763916,-1002.7690233259927
4385.581472121996,4644.922181976453,-259.3407098544576
4382.5553810842375,5261.262872602637,-878.7074915183994
4356.077191842944,5093.527991831399,-737.4507999884554
4373.15990360664,4602.770924417686,-229.61102081104582
4957.915514173452,4643.325310206564,314.5902039668881
4964.517933975947,4849.864133669228,114.65380030671895
4958.778095930462,4823.56786815743,135.21022777303187
4952.627134390048,3860.4504891350193,1092.1766452550287
4958.729165954725,5056.484883007646,-97.75571705292077
4946.002249436205,5231.13756430419,-285.13531486798547
5202.709766121222,5201.594610454154,1.115155667068393
5203.025139944813,4005.0650295577284,1197.960110387085
5199.568873907732,5164.278218089036,35.290655818695996
4822.041822232914,3868.7271236153842,953.3146986175293
3154.8129389343894,4801.1629315086875,-1646.349992574298
3137.147868114075,4673.1786857731195,-1536.0308176590443
3132.624924635491,4631.952005200262,-1499.3270805647708
3122.7460505686768,4664.603004320769,-1541.8569537520925
3835.3565838080995,5266.81820176617,-1431.4616179580707
3845.344584811311,4553.549488889946,-708.2049040786346
3844.6378851916634,4497.724982729757,-653.087097538094
3841.1951324691445,4638.253252450777,-797.0581199816324
3834.0404795239842,5166.77034122039,-1332.7298616964058
3826.5061435069065,5174.6205850209635,-1348.114441514057
3818.4647144400083,5222.459520293102,-1403.994805853094
3830.509026616844,4859.73568066549,-1029.2266540486457
4614.192849464323,5169.526363564454,-555.3335141001307
4606.752418630588,4530.237274959235,76.51514367135314
4644.165352508111,4694.281961009144,-50.116608501032715
4636.442900461706,4660.153656580259,-23.710756118553036
4630.239630622978,4970.352432678984,-340.1128020560054
4615.588094934256,4974.73506875932,-359.14697382506347
4625.708197112612,4380.799330460752,244.90886665186008
5213.5403881990305,5410.11257639453,-196.57218819549962
5201.129044156892,4546.656390306623,654.4726538502691
5214.677642509954,4441.037536476405,773.6401060335493
5223.189763184851,5065.469375091263,157.72038809358764
5212.697869828785,5179.373543954517,33.32432587426774
5211.097326803574,4650.610380105751,560.4869466978234
4556.290153758886,5142.314415163013,-586.0242614041272
4539.8448174216355,4362.599536666333,177.2452807553027
5196.884862746712,4501.252817934641,695.6320448120714
5219.836628294987,5047.844370345831,171.99225794915674
5197.569018474434,4496.755692758402,700.8133257160325
5199.010548312556,4970.062749324131,228.94779898842535
5200.081127955151,4537.8933222734195,662.1878056817313
5202.392763696459,4304.644834806887,897.747928889572
4615.81110803489,5134.547501785747,-518.7363937508571
4619.957396236416,5112.726133305991,-492.76873706957576
4634.961886046533,4032.3593298854216,602.6025561611118
4614.1376037344135,4810.609538534207,-196.47193479979342
4623.576772726675,3914.653545031901,708.9232276947737
4625.9454407513385,5255.460113549691,-629.5146727983529
4644.72041567953,3940.7866608010163,703.9337548785134
3865.2308017623163,4397.746560497376,-532.5157587350595
3838.350337211703,4383.682712694167,-545.3323754824642
3821.623025871343,4650.066538782106,-828.4435129107633
3843.683535169538,5035.5636639278155,-1191.8801287582774
3825.495392383185,4541.778176511281,-716.2827841280964
3835.938915847217,3341.1455003976575,494.79341544955923
3823.8328031742594,4953.93384496506,-1130.101041790801
3806.920204642769,4314.241572400811,-507.32136775804156
3132.79210616347,5176.359099075103,-2043.5669929116325
3131.8987533688287,5233.590765420707,-2101.692012051878
3135.397303590681,4545.857878987929,-1410.4605753972482
3141.2513949237928,4542.769610398007,-1401.5182154742142
3692.0329067878697,4345.8667467971845,-653.8338400093148
4066.739742023256,4846.11081145677,-779.3710694335136
4063.3185041650127,5263.720042318955,-1200.4015381539425
4071.5052314081017,4679.254774082596,-607.749542674494
4056.253262846427,5320.0897729455155,-1263.8365100990886
4478.623089764795,4657.293891576341,-178.67080181154597
4475.097290722964,4649.585399387755,-174.48810866479107
4443.912370213083,4460.607830429992,-16.69546021690894
4478.468612157009,4181.447830935173,297.02078122183593
4462.076627012455,4541.329398949288,-79.25277193683269
4478.3374449715,4622.225937168462,-143.88849219696203
4449.36122060522,5098.565404860308,-649.204184255088
4448.561346097613,4176.357342435803,272.20400366181
4456.456533747531,4535.92422358584,-79.46768983830952
4468.670315085819,5141.56630796038,-672.8959928745608
3158.927143817949,5233.049206035116,-2074.1220622171672
3162.1997065750606,4963.851558332137,-1801.6518517570762
3160.6236178556987,4636.493071427432,-1475.8694535717336
3637.5034691722153,4516.526606342794,-879.023137170579
3644.2305280870332,4557.64316020515,-913.4126321181166
3624.1405079335555,4481.369043976122,-857.2285360425667
3649.044004121762,5221.487257257857,-1572.4432531360949
4175.989403059048,4845.563279669721,-669.5738766106733
4163.0900656014,4493.700266128763,-330.6102005273633
4168.24749439475,5252.936439354053,-1084.6889449593027
4169.30056930665,3866.8752647582696,302.42530454838015
4158.822077547663,4243.51794148891,-84.6958639412469
4517.314104466231,4471.747699641506,45.566404824724486
4524.667332978255,3309.543478356393,1215.1238546218624
4522.545189266028,4328.700274110379,193.84491515564878
4537.968047198871,4645.242176481336,-107.27412928246486
4935.123819814443,4306.378052055901,628.7457677585417
4945.65739377916,4866.281794113068,79.37559966609206
4953.757153868355,4524.526046009715,429.2311078586399
4942.29016283377,4403.30306404886,538.9870987849108
4938.624490961,5335.933035540301,-397.30854457930036
4955.625712884632,4167.480742204606,788.1449706800258
4933.843912648504,5351.940030494753,-418.0961178462494
4943.3778665371965,4912.091009535183,31.286857002013676
4941.884701928278,5360.608275999125,-418.72357407084655
4182.32244192184,5132.6232874205325,-950.3008454986921
3919.3146504030115,3804.331411702116,114.98323870089553
3914.3253311828785,4869.160031898824,-954.8347007159455
3882.858674055523,4632.13373769886,-749.2750636433375
3920.4318609274565,4729.19877350166,-808.7669125742036
3913.071572911032,5143.817932916833,-1230.7463600058013
4500.410486808489,4384.577872002058,115.83261480643068
4489.343874136081,4582.099349253035,-92.75547511695459
4483.225890312719,4973.873904253691,-490.6480139409723
4476.062559782185,4154.335524313144,321.72703546904177
4495.722659529059,4939.701849847806,-443.9791903187479
4474.967026580586,5111.041233325153,-636.0742067445672
5107.705843096369,4631.057705605848,476.64813749052064
5122.286169571487,4558.667356203539,563.618813367948
5102.391478648332,4168.249843986987,934.141634661345
5152.11748894388,4677.5382327021725,474.5792562417073
5121.449032189359,4495.687466653736,625.761565535623
5107.675480314886,5139.093247198608,-31.417766883721924
5104.6620802726675,4900.810987506407,203.85109276626008
5127.517105413573,5191.199053749183,-63.68194833561029
4504.530738002347,3934.6475897199907,569.8831482823562
4477.89434316169,5267.283233114748,-789.3888899530584
4479.565864940559,5133.382548287231,-653.8166833466721
4479.665409495242,5153.584517717251,-673.9191082220095
4475.78844533299,3791.0378738894697,684.7505714435201
4493.359192055274,5403.773802403618,-910.4146103483436
3925.8688032118616,3872.5863911993533,53.2824120125083
3903.5643925590653,3913.6488538717686,-10.084461312703297
3914.0033556568906,5206.809869644553,-1292.8065139876626
3907.8875598692975,5169.323024739793,-1261.4354648704957
3905.1022854822972,3809.914244447646,95.18804103465118
3145.929517240384,5118.137572927068,-1972.2080556866836
3157.1075677885424,3946.703431031235,-789.5958632426928
3158.743757278613,4550.221834222114,-1391.478076943501
3149.0074218491013,5147.634791100897,-1998.6273692517957
3761.3641515129552,5136.030669945391,-1374.666518432436
3794.488844152662,4924.88821869536,-1130.3993745426978
3778.304330074633,4542.228759473394,-763.9244293987613
3783.5756649853815,3957.727059270801,-174.15139428541943
3785.8687228429935,5152.444939406052,-1366.5762165630586
3780.179460107003,4558.045017182812,-777.8655570758096
4385.1859364156535,4427.813364961561,-42.627428545907605
4379.548356872248,4791.169293646946,-411.62093677469784
4374.371059209177,4722.520786143999,-348.14972693482287
4385.470418795329,4820.41687704989,-434.94645825456064
4389.695695648477,5179.962261683946,-790.2665660354687
4371.614592953941,5171.846492974261,-800.2319000203206
4967.458819059949,4507.6524146855445,459.80640437440434
4948.310362168775,4159.954417886193,788.3559442825817
4939.909282535903,5273.455484932147,-333.54620239624364
4949.141166186374,4415.977515185021,533.1636510013532
4965.598532087976,3886.5257831569606,1079.0727489310157
4958.379989281287,3683.7097707241737,1274.670218557113
5176.422825673269,5108.748540895968,67.67428477730027
5199.568873907732,5196.316653381678,3.2522205260538612
5223.7873496339835,4562.312672383929,661.4746772500548
4835.57818924643,5232.438501125366,-396.86031187893605
3132.7237697166324,3161.1704517088306,-28.446681992198137
3140.628208011617,4015.397201657941,-874.7689936463239
3137.365293163295,3852.1137512923983,-714.7484581291033
3123.665477407762,3868.5679003601476,-744.9024229523857
3847.3844493909455,5088.180111352173,-1240.7956619612278
3833.7453886851795,3917.183657568073,-83.43826888289368
3832.435278162355,5199.079810162785,-1366.64453200043
3820.185299336589,5236.883396737552,-1416.698097400963
3823.0091808730267,4629.684446106642,-806.6752652336154
3861.3731255518433,4883.450796488039,-1022.0776709361953
3841.2391043017724,3806.372570769723,34.86653353204929
3833.2364177419786,3876.093943919974,-42.857526177995624
4615.069549003884,4903.693871953207,-288.62432294932296
4618.280721060205,4551.007086006572,67.27363505363337
4613.0485520742595,4955.182469850113,-342.13391777585366
4591.820006040208,5148.212019257255,-556.392013217047
4630.702073176209,4658.921931376045,-28.21985819983638
4626.559424492725,4559.656681063562,66.90274342916291
4635.770743401893,5184.740604170457,-548.9698607685641
5206.831942933687,5287.929876218622,-81.0979332849347
5207.074479796719,4551.784213724761,655.2902660719583
5188.878050157925,5270.247454857997,-81.36940470007175
5201.162218747584,4401.772583270091,799.3896354774934
5183.536253887789,5227.347301773984,-43.81104788619541
5162.452604379786,4995.929279537678,166.5233248421082
4529.105097349202,4848.6072849773645,-319.5021876281626
4534.988306479831,4547.223518422948,-12.235211943116155
5198.026827215423,4545.635125683859,652.3917015315637
5183.283882393694,4260.580730695239,922.7031516984543
5192.5488641823285,4513.579161752986,678.9697024293428
5190.052627811363,4603.959672316674,586.0929554946888
5203.89950178762,5250.323723078352,-46.42422129073202
5186.203793824733,4985.537332021723,200.66646180300995
4629.2119629847075,5117.168434248808,-487.9564712641004
4623.841591293609,4645.348354640013,-21.506763346404114
4635.2258333028685,4866.426315117476,-231.20048181460788
4603.049991783581,5100.47563455007,-497.42564276648864
4613.673242368454,5216.762468004284,-603.0892256358293
4634.037799466205,4564.897185844225,69.14061362198026
4609.397910303703,3314.285307158577,1295.1126031451258
3839.0309791692425,3879.681626547814,-40.65064737857165
3834.58490973587,4647.391627983554,-812.8067182476839
3843.812493546256,4437.148812073424,-593.3363185271678
3839.589061011091,4318.646043357789,-479.0569823466976
3839.594756859466,5249.671562094912,-1410.0768052354456
3836.7444645342657,5144.624296136199,-1307.879831601933
3842.0240496833553,4682.633514732223,-840.6094650488681
3854.4340957340687,5195.777700143018,-1341.343604408949
3139.8825486585383,4802.63650898389,-1662.7539603253517
3134.468196500176,4544.380807731711,-1409.9126112315348
3134.2708378534794,4681.972361304153,-1547.701523450674
3135.7279798191184,5140.580671056208,-2004.8526912370899
3683.943542557472,5197.357672490676,-1513.414129933204
4058.855106303977,4390.0140618395,-331.15895553552264
4079.4271433194926,5255.178480233457,-1175.7513369139642
4077.5112920336032,4505.056745303849,-427.54545327024607
4072.9759826065742,4561.804796194078,-488.8288135875041
4457.401019223098,4656.195542706672,-198.79452348357427
4454.8692855981735,4855.856895866225,-400.98761026805187
4465.460129863908,5211.170674203182,-745.7105443392738
4481.582842985922,5167.669520081703,-686.0866770957809
4476.590793010916,4943.910523178843,-467.31973016792654
4466.620505871688,4905.519946741285,-438.89944086959713
4465.572554205281,5115.573386734852,-650.0008325295703
4473.373481642204,3863.117327431595,610.2561542106087
4446.42178242557,5130.756114941536,-684.3343325159658
4469.1372171281655,4490.183032606333,-21.045815478167242
3159.8847977910873,3793.299647820051,-633.4148500289639
3170.638442712611,4968.701676208092,-1798.0632334954812
3177.657932458179,5211.144896164648,-2033.4869637064694
3643.7004911616814,5062.344891951433,-1418.6444007897517
3645.7053377095835,5138.864332762489,-1493.158995052905
3636.5061960233465,4906.990361633839,-1270.4841656104923
3624.4786109088413,5244.049984631439,-1619.5713737225974
4166.848274475888,4659.534909762256,-492.6866352863681
4162.853358168603,4609.14561390274,-446.29225573413623
4160.499022801032,5108.7387365967015,-948.2397137956696
4171.093529622584,3923.444836527041,247.64869309554342
4178.627641174071,4980.178300880812,-801.5506597067406
4533.023868621583,5156.0270519852065,-623.003183363624
4545.161657227318,4323.290486831487,221.87117039583063
4523.381214158203,3679.6154747774717,843.7657393807312
4564.7399649500085,5320.073673302113,-755.3337083521046
4932.000817029842,4546.375162279765,385.62565475007705
4945.067109584094,5043.941360274582,-98.87425069048732
4946.443069017435,4974.090291934572,-27.647222917136787
4925.98069515392,5037.973176263341,-111.99248110942062
4945.923099091168,4435.534203048202,510.38889604296673
4952.130110133799,3794.778534843323,1157.3515752904755
4953.53114433237,4658.154667810641,295.3764765217293
4913.540829945691,3931.280481349756,982.2603485959353
4924.14448203413,5208.442601449808,-284.2981194156773
4172.309105234646,3379.1917299363267,793.1173752983195
3919.3146504030115,3929.5943289148104,-10.27967851179892
3917.562940565355,5267.61374720119,-1350.0508066358348
3919.217136126391,4847.2422871655635,-928.0251510391727
3890.1052302241733,5269.689887199791,-1379.5846569756177
3900.8336924382666,3846.4395735575404,54.39411888072618
4479.492555076134,4055.1517829977142,424.3407720784194
4489.297766694938,4654.007637272563,-164.70987057762522
4486.650907664509,3860.0175394743296,626.6333681901792
4481.712541214568,5160.541730618459,-678.8291894038912
4475.034649366294,5143.050026895,-668.0153775287063
4486.708655078467,4403.5995155896535,83.10913948881353
5124.788302698151,5030.772718493452,94.01558420469883
5126.89087751328,4498.60750005832,628.2833774549608
5089.085540076625,4472.6424389710655,616.4431011055594
5143.339011368389,4578.026198498449,565.31281286994
5117.010807345681,3946.7072033309923,1170.303604014689
5117.992106479544,5254.230956154085,-136.2388496745407
5123.620837624569,5125.956148744394,-2.3353111198257466
5125.229168692324,4377.92412049995,747.3050481923738
4482.6387400529675,5133.992624158716,-651.3538841057489
4484.836129114829,5257.70293738393,-772.8668082691001
4490.686864181956,4385.846522904204,104.84034127775158
4487.463879438507,4495.012148636163,-7.548269197655827
4457.419094350736,4790.279899876735,-332.86080552599924
4485.88740407583,5226.437748548067,-740.5503444722372
3906.514736801244,4666.421223804582,-759.906487003338
3917.2499260883087,4551.594486779188,-634.344560690879
3919.417510674235,5200.380467190258,-1280.962956516023
3919.3078266643415,5216.706916395278,-1297.3990897309368
3914.0235026179726,5289.173490067472,-1375.1499874494993
3133.2826060570324,5176.686747902694,-2043.4041418456618
3137.841782509031,4004.149715708704,-866.3079331996732
3143.2980454852077,5413.151958875357,-2269.8539133901495
3143.148926555612,4481.502798088702,-1338.3538715330897
3784.580717889907,4656.055205866257,-871.4744879763498
3776.2468164887405,5105.890803450013,-1329.6439869612723
3777.607995599484,4549.509826053371,-771.9018304538872
3786.089876483304,5151.344351457115,-1365.2544749738113
3759.358359320171,3644.43366496912,114.92469435105113
3795.2268205026016,4868.153872405331,-1072.927051902729
4368.210981339276,5129.204883341246,-760.9939020019701
4385.28299410274,4167.1202091993055,218.16278490343484
4378.085771403374,4928.147921379798,-550.0621499764247
4391.265379404364,5102.316366573308,-711.0509871689446
4368.7734919583445,4366.126565631295,2.6469263270491865
4379.875046353553,4339.576531090187,40.298515263366426
4942.056543322432,5104.264933066067,-162.20838974363505
4951.7121589227845,5264.499071408495,-312.7869124857107
4965.508514721421,4556.473826197998,409.03468852342303
4956.89032459616,3871.0749383360653,1085.8153862600948
4953.503578577762,4552.604299268052,400.8992793097095
4930.001257292398,3775.958711472862,1154.042545819536
5198.919856084916,5139.322317133104,59.59753895181257
5205.527309022432,4989.57295616701,215.95435285542226
5213.839114776504,4647.605191755117,566.2339230213875
4846.436345837596,4577.308168347634,269.1281774899617
3129.0062646632623,5118.752646480138,-1989.7463818168753
3143.5324597182016,4798.237077823292,-1654.70461810509
3140.7448349932965,4806.521281649801,-1665.776446656504
3125.0066911918984,5156.708782630449,-2031.7020914385503
3855.2241642069694,4624.365757677494,-769.1415934705246
3833.6577791595014,4554.448490965795,-720.7907118062935
3826.9088352985605,4825.611664254082,-998.7028289555215
3839.503021669008,5007.83911597947,-1168.3360943104622
3841.9157025007476,4184.183105950332,-342.26740344958444
3847.4924677717286,4325.020519049498,-477.52805127776946
3825.796603158718,4384.526234565538,-558.7296314068203
3834.119098751821,4314.902016516698,-480.7829177648764
4634.957550905607,4568.379088763013,66.57846214259371
4624.712948782305,5299.315066377579,-674.6021175952737
4609.547001708507,3160.1673738943664,1449.3796278141408
4625.095403587416,5261.829883096349,-636.734479508933
4633.781921452594,4061.627785563938,572.1541358886566
4609.722105295751,3903.85271262931,705.869392666441
4608.5458537868335,3909.860998206985,698.6848555798483
5221.303416729226,5101.602372442309,119.70104428691684
5204.012367527839,4872.800691980959,331.21167554688054
5199.567895369952,5351.107867690606,-151.53997232065467
5196.095741251588,4182.41962696534,1013.6761142862479
5218.976885107325,4173.49443408584,1045.4824510214848
5204.796683440662,4405.745917015602,799.0507664250599
4550.5182020115735,3869.2522868101764,681.2659152013971
4532.043074593738,5069.27925639684,-537.2361818031013
5182.187233424855,5106.452596933891,75.73463649096357
5187.318012591645,4625.910217326208,561.407795265437
5227.054495419497,5267.477328096362,-40.422832676865255
5206.174485670982,5246.209279221903,-40.03479355092077
5218.895311831129,3659.0441867868835,1559.8511250442457
5199.979526338408,4662.894803034948,537.0847233034592
4627.527608569862,5212.543476176748,-585.0158676068859
4616.843882328638,4832.119215347797,-215.275333019159
4623.383402148164,4550.966881573381,72.41652057478314
4619.843007790861,3913.318409748229,706.5245980426316
4622.483731253099,5115.044064358641,-492.56033310554176
4642.228663083959,4660.462327423502,-18.233664339542884
4611.203188133913,4979.461447051103,-368.2582589171907
3832.0853079925923,5273.820275051667,-1441.7349670590743
3832.4556613361797,5041.009196818096,-1208.5535354819162
3842.565550210432,5288.126302621167,-1445.5607524107354
3844.393000225893,5121.585618251465,-1277.1926180255723
3848.115751530594,5108.354295136744,-1260.2385436061504
3839.3358885320054,4873.143597522506,-1033.8077089905005
3840.6101093691427,4339.409404102135,-498.7992947329926
3835.7669416784674,5239.9593462678,-1404.192404589333
3140.4657111215624,3790.066447306344,-649.6007361847815
3158.6757734635285,5058.023822908616,-1899.3480494450878
3138.6051292842085,4968.302089615618,-1829.6969603314092
3137.471756750163,3854.6765667553973,-717.2048100052343
3705.460468271842,3177.0831358070386,528.3773324648032
4076.113403633058,5236.401035016873,-1160.2876313838146
4086.406057136077,5305.973961682466,-1219.5679045463894
4065.363643407359,5271.5416174124475,-1206.1779740050883
4071.5768248161735,5031.961053473814,-960.3842286576405
4454.092837789615,4540.426984606001,-86.33414681638533
4469.351007093355,4613.418456239799,-144.06744914644332
4466.639024852594,3794.812722584353,671.8263022682409
4453.613500716121,5190.349253158771,-736.7357524426498
4474.450694560609,5173.2017421108185,-698.7510475502095
4480.2775563038995,5139.60523756805,-659.3276812641507
4471.403460004618,4840.022034202995,-368.61857419837725
4460.2123971002065,4640.922173195807,-180.70977609560032
4470.409447344608,4961.525280039962,-491.1158326953537
4465.026475204272,4809.921801649333,-344.8953264450611
3172.390389140333,4647.917613460749,-1475.5272243204158
3160.3616606112037,4801.102783081549,-1640.7411224703455
3175.4556887765807,3993.5829444609676,-818.1272556843869
3643.419220529175,4687.212174280841,-1043.7929537516661
3632.5060452625085,4397.444993890044,-764.9389486275359
3635.341933757099,4537.294168286102,-901.9522345290029
3638.645230795699,4838.263330664639,-1199.6180998689406
4179.745637481853,4429.0069637573615,-249.2613262755085
4172.068015158971,4187.857625619315,-15.789610460343283
4154.841043470882,4991.924206696753,-837.0831632258705
4155.652973259065,4831.727568384483,-676.0745951254175
4162.84666331216,3854.276393541953,308.5702697702068
4536.885272848993,4640.322495382347,-103.43722253335454
4517.199814623148,4029.7823682843828,487.41744633876533
4534.0342807040415,4841.527328595845,-307.49304789180314
4550.161329842752,5298.724663449639,-748.5633336068868
4941.408357460962,3817.950331694974,1123.4580257659882
4942.072128923592,4179.937543624782,762.1345852988097
4942.789196642383,4375.575427940704,567.2137687016793
4932.3981820036115,4646.079472039884,286.3187099637271
4933.323068507229,3164.827747028806,1768.4953214784236
4935.359124659373,5141.103747633969,-205.7446229745956
4933.857767721154,3915.391020553695,1018.4667471674593
4912.68980331896,4632.21713453662,280.4726687823404
4959.987572779718,3802.781430450148,1157.20614232957
4172.942757455151,4671.981317246577,-499.03855979142645
3919.3146504030115,5252.829375303053,-1333.5147249000415
3894.348528459181,4623.508371021979,-729.1598425627976
3909.089470883581,5250.552941449081,-1341.4634705655003
3908.2802219376977,4647.313864541612,-739.0336426039144
3933.519363611574,5143.626088949697,-1210.106725338123
4481.72163788218,5030.0164537205455,-548.2948158383651
4495.270496287186,4680.584876169444,-185.31437988225844
4491.681179404762,4555.536540236872,-63.85536083210991
4478.946458562168,4164.467414665869,314.4790438962991
4473.26933569157,4540.654375141127,-67.38503944955755
4498.6127436591005,5221.188135467202,-722.5753918081018
5116.199326871986,4965.256160466241,150.9431664057447
5123.372558379249,5132.9844128745935,-9.611854495344232
5107.325134565298,3947.714687220221,1159.6104473450769
5104.439872799445,5019.0075354306,85.43233736884486
5116.294531530992,3854.898371292113,1261.3961602388786
5111.133636727157,5244.863827218587,-133.73019049143022
5113.081170847184,4640.995470414752,472.0857004324316
5094.629788526025,4382.148477180074,712.4813113459504
4457.089383580075,4976.893983985822,-519.8046004057469
4472.895387747957,4157.897923827765,314.9974639201919
4482.896286580074,3915.308323274839,567.587963305235
4473.09296859482,4536.614639697871,-63.52167110305072
4477.933397341338,3846.589235740885,631.3441616004525
4484.647716392413,5113.132421432712,-628.4847050402996
3919.379821411413,4650.476009917325,-731.0961885059123
3888.01169176445,4406.68242740401,-518.67073563956
3907.8875598692975,5145.708650863846,-1237.8210909945483
3908.9596893884477,5124.315462610166,-1215.3557732217182
3912.909393586726,4863.98942851542,-951.0800349286937
3150.890880561964,3918.4774708247264,-767.5865902627625
3141.97810942079,4638.813435334032,-1496.8353259132418
3141.732648546797,4806.886175626907,-1665.15352708011
3140.4739673826566,3159.1613852572323,-18.687417874575658
3779.535943874699,4400.768131733088,-621.2321878583889
3764.6196706116525,5138.416229598337,-1373.7965589866844
3773.623110741024,5167.168894587918,-1393.5457838468938
3774.189493966028,4972.394555023029,-1198.2050610570013
3781.7871738981985,4848.708384368316,-1066.9212104701173
3772.966158214278,5409.700149572293,-1636.7339913580154
4376.624728093964,3315.316645267046,1061.308082826918
4378.350196242588,3171.990777463264,1206.3594187793242
4383.6668977672425,4550.487627579754,-166.82072981251167
4394.267699470269,4989.242618700974,-594.9749192307054
4369.973829055935,5278.086317216569,-908.1124881606338
4396.782330023619,5260.134720547303,-863.3523905236843
4950.402091585829,4833.51373156628,116.88836001954951
4959.3328992813695,5149.827527828528,-190.49462854715875
4974.597630254425,5165.421305714552,-190.82367546012665
4956.480520844555,3648.702820710969,1307.7777001335862
4966.625972015123,4655.539113992159,311.0868580229635
4948.47664141053,4981.829048273093,-33.35240686256293
5195.158205787971,4980.610480120151,214.5477256678205
5210.84876924678,3872.4691870525303,1338.3795821942495
5198.61795420573,4484.185682210626,714.4322719951042
4804.907553294132,4820.257860694924,-15.35030740079128
3146.814034969845,4680.076971083446,-1533.2629361136005
3146.7155488852563,5273.474784190517,-2126.759235305261
3138.040310442687,4478.616450091808,-1340.5761396491207
3132.609586471616,4858.824548256316,-1726.2149617847003
3825.060412652673,5339.940530909462,-1514.8801182567886
3825.369183621868,5406.299635241152,-1580.9304516192838
3832.4892900606756,3796.0115321935004,36.477757867175114
3834.83623095154,3923.000432029669,-88.16420107812883
3828.2021372011836,3848.0781654360703,-19.87602823488669
3837.7916912951046,3191.701103534036,646.0905877610685
3852.9345683234887,4577.9548819945485,-725.0203136710597
3820.6984479995003,4383.056448884461,-562.3580008849608
4627.762041578065,3218.492650316938,1409.2693912611267
4631.552132055638,5254.652561155492,-623.1004290998535
4618.965871795891,4190.700753438252,428.26511835763904
4638.930867309408,4861.808332193652,-222.87746488424364
4628.274385566615,3814.9971818781232,813.2772036884917
4636.598814171591,3857.6613722120906,778.9374419595001
4609.702719811755,4644.583538939852,-34.880819128096846
5183.6711728360815,5240.332757187568,-56.661584351486454
5222.978451629723,4661.862413631979,561.1160379977446
5197.589219980817,4769.909142163851,427.6800778169654
5201.611429336606,5291.829031456546,-90.21760211993933
5189.386799792258,5233.872888571886,-44.48608877962761
5193.772858087203,3852.066235985862,1341.7066221013406
4518.367201757553,3919.517172901466,598.8500288560867
4556.759001134651,5276.435577827185,-719.6765766925337
5199.018708184428,4877.944983192346,321.07372499208213
5192.560040516288,3851.3300976077053,1341.2299429085824
5199.152193084442,4855.113155587346,344.0390374970957
5200.661658965401,4650.439676478912,550.2219824864897
5196.164860826417,4848.510083646278,347.6547771801388
5205.060053835698,5363.067820482724,-158.00776664702516
4622.762675404486,5085.786588716521,-463.0239133120349
4623.4689050092,3881.392232451652,742.0766725575481
4611.581098662534,5076.69247427364,-465.11137561110627
4630.4270931096,3807.316368935232,823.110724174368
4613.69902768592,5106.217719269281,-492.51869158336103
4623.66078634605,4369.5092198069415,254.1515665391089
4621.392298330569,5026.638062024581,-405.24576369401166
3858.4935314701415,3969.146775548515,-110.65324407837352
3840.166405140142,3386.298311246257,453.8680938938851
3844.000204148518,3956.3445398056156,-112.34433565709742
3829.5252873380914,4959.098571329279,-1129.573283991188
3854.783515850035,5266.3015123678215,-1411.5179965177863
3836.067828959375,5208.849022942088,-1372.7811939827125
3844.550208328747,5251.151223665156,-1406.601015336409
3839.9452921596826,4668.99314315583,-829.0478509961472
3145.9178101028997,4579.36126913005,-1433.4434590271499
3135.4766268763606,5184.813423142183,-2049.336796265822
3129.7415756209425,5156.58896698109,-2026.8473913601479
3134.722844727364,4829.739334552741,-1695.0164898253765
3695.992706853826,5132.981345266421,-1436.9886384125953
4066.880582528923,3210.051811660343,856.8287708685798
4071.5768248161735,4542.5735262716,-470.9967014554263
4051.03478845195,4505.02366914427,-453.9888806923195
4074.2961088115544,4640.179654355173,-565.8835455436183
4487.400527308203,5408.033879483816,-920.6333521756133
4456.967127874227,4389.2778180300265,67.68930984420058
4472.719858847313,4672.572993368551,-199.85313452123773
4468.3045628635855,5108.028490096698,-639.7239272331126
4468.414085727828,4551.991944265001,-83.57785853717269
4463.262435630973,5129.395658338397,-666.1332227074236
4480.864544273629,3814.8497736865684,666.0147705870604
4489.217173968774,5170.022518833185,-680.8053448644114
4469.117003773677,5150.058889849917,-680.9418860762398
4460.584796178443,4655.290005847612,-194.70520966916865
3169.332871962444,5005.356070225755,-1836.0231982633104
3156.7899131176464,5251.366301480878,-2094.5763883632317
3157.985657259752,5227.029632829678,-2069.0439755699263
3652.616443059759,5270.419349844408,-1617.8029067846492
3642.4016487445374,5278.369602630564,-1635.9679538860269
3648.2792657035893,4871.577883057022,-1223.2986173534323
3624.1760379597627,4354.782840183954,-730.6068022241916
4169.093295879743,5033.777848054369,-864.6845521746263
4166.838653906241,3938.727119229768,228.11153467647318
4184.9402413432135,4521.203674831066,-336.2634334878521
4165.238705069345,3669.494906148928,495.74379892041725
4150.982433208655,4473.953123363895,-322.97069015524085
4543.507516896579,3204.827993300441,1338.6795235961376
4543.833255341242,5175.530031953824,-631.6967766125817
4532.462358567755,3803.021755108962,729.4406034587923
4513.652571392571,5330.454067686241,-816.8014962936695
4940.316522106788,4520.350588735802,419.965933370986
4946.728810348361,5375.486436300804,-428.75762595244305
4931.42043475797,4664.773077843607,266.6473569143627
4929.281108389194,3809.1802574894855,1120.1008508997083
4942.837401191285,4858.3632161870355,84.4741850042492
4942.008470212896,4363.442487478997,578.5659827338995
4935.701593350125,5418.333010731435,-482.6314173813098
4952.833365381014,5151.405432527886,-198.57206714687163
4934.358791965947,3799.751342410463,1134.6074495554835
4176.227044227398,3857.036731253257,319.1903129741413
3919.3146504030115,5138.138404402044,-1218.8237539990328
3901.5667993861052,3631.3722611669164,270.19453821918887
3900.69573572273,3846.4299652720892,54.26577045064096
3917.7558736415854,4658.1403151141,-740.3844414725149
3925.6515968106646,5329.103432382356,-1403.4518355716914
4467.558051588722,4534.9540021575185,-67.39595056879625
4485.005439457518,5125.779050878793,-640.7736114212748
4474.160044291116,5109.625211543682,-635.4651672525661
4474.381722570797,5267.870396867565,-793.4886742967683
4491.885620978264,4510.9706168485645,-19.08499587030019
4480.393290419992,3852.933475964312,627.4598144556799
5104.798378795629,4599.971890225087,504.8264885705421
5107.884555974595,5081.6553780401455,26.22917793444958
5109.656527725907,4847.713191813364,261.94333591254326
5096.861943500606,4927.0769244325,169.7850190681056
5099.724528721279,3158.9167307873486,1940.8077979339305
5119.116164847214,3865.2845088020304,1253.831656045184
5089.303723962306,5327.146401803906,-237.84267784159965
5140.051475327803,5263.3464695138855,-123.29499418608248
4477.503914804676,4634.17038696381,-156.66647215913417
4487.827798882342,4673.875519623129,-186.04772074078664
4483.443656858964,5026.455326964413,-543.0116701054494
4503.028270614068,5305.247329673542,-802.2190590594737
4478.005497286807,5166.42071738837,-688.4152201015622
4496.536422113441,3925.1803401754883,571.3560819379531
3915.8830949132157,4555.633015360858,-639.7499204476421
3920.2366403550595,5147.461649912173,-1227.2250095571135
3901.67018662396,4536.39373549516,-634.7235488712004
3912.7063650210653,5380.162005089502,-1467.4556400684364
3907.110361777382,4973.8754285354,-1066.7650667580178
3137.1492786200915,5148.6122628175945,-2011.462984197503
3159.208973946213,4684.040451866043,-1524.8314779198304
3140.8226390986915,4640.851520426362,-1500.0288813276707
3154.6755878285467,4968.358395733528,-1813.682807904981
3794.251911383782,4442.967352424073,-648.7154410402914
3773.8483643722193,5255.837866504153,-1481.9895021319335
3785.8687228429935,3930.872587469981,-145.0038646269877
3769.588735569,3793.350014335891,-23.761278766890882
3772.0870316302576,5246.653198890717,-1474.5661672604597
3768.377830273981,5339.665834027994,-1571.2880037540126
4374.187660477041,5260.187368505594,-885.999708028553
4378.774891258537,3702.233062555297,676.5418287032398
4366.725695417792,5131.984692530756,-765.2589971129637
4390.347153014559,3807.9319859504167,582.4151670641422
4391.735944259806,4503.946876224667,-112.21093196486072
4378.257981726445,4549.398949786674,-171.14096806022917
4952.382737450636,4645.603006537283,306.779730913353
4976.413856216713,4383.414486767104,592.9993694496088
4935.179011756489,5114.773715031854,-179.59470327536565
4956.269628524017,5176.321158119632,-220.05152959561474
4970.084655636868,4981.108851278657,-11.024195641789447
4944.5561159510635,5235.474439606013,-290.91832365494975
5199.355744863497,5102.168625321785,97.18711954171249
5211.804144862608,4867.764654980735,344.0394898818731
5205.070640220883,3160.760021949686,2044.3106182711977
4829.916743487833,5179.447157633596,-349.53041414576364
3146.7155488852563,5349.853040337708,-2203.1374914524517
3141.2749756710045,5269.783250337952,-2128.5082746669477
3144.441177480734,5113.016084322957,-1968.5749068422228
3127.642800928627,5326.376086952183,-2198.733286023556
3824.0832323581726,5070.050716120043,-1245.9674837618704
3835.6572147036068,3798.019928346079,37.637286357527955
3824.002532909396,3865.6304200152354,-41.62788710583936
3837.7732733788275,4847.4466865640525,-1009.673413185225
3840.7288807078558,4652.90545538095,-812.1765746730944
3822.7391656077352,4563.320492587616,-740.5813269798809
3831.0732897159105,5165.756973699256,-1334.6836839833459
3848.4866549358426,4505.663808905915,-657.1771539700726
4619.775334147103,5045.965571110455,-426.1902369633517
4610.139843697169,5149.944927529907,-539.8050838327372
4642.671859121732,3896.236686637546,746.4351724841863
4623.7803866874465,4166.823655794342,456.9567308931046
4627.39265633052,5290.566035322626,-663.1733789921054
4604.07815488467,3870.6826420323437,733.3955128523262
4634.647356858092,4139.438823036369,495.208533821723
5178.63901148078,5398.723310875538,-220.0842993947581
5199.555527226707,4482.079964053684,717.4755631730231
5190.439036405306,5228.667261050472,-38.22822464516594
5198.031705144592,5136.103457585475,61.92824755911715
5191.741566350485,5248.397805868375,-56.656239517889844
5188.083315621658,5015.455534842081,172.62778077957682
4537.7924009716535,4853.6940271181675,-315.901626146514
4547.614339287182,4550.384095524231,-2.769756237049478
5207.723933391634,5220.068187281027,-12.344253889393258
5186.917103290118,3846.384723614542,1340.5323796755756
5216.425608203133,5264.7524519208,-48.326843717666634
5184.81319164084,4856.239705401447,328.5734862393929
5233.678771583535,4681.700879155225,551.97789242831
5219.222195591329,5045.354928278469,173.86726731286035
4612.604159849607,5135.928875346116,-523.3247154965093
4609.397910303703,5205.0211391701305,-595.6232288664278
4613.2837466783385,4832.941849634825,-219.6581029564868
4608.451335754799,5022.665089115397,-414.21375336059737
4623.120375842101,5142.637777892737,-519.5174020506365
4608.4463160980895,5157.101761181651,-548.655445083562
4629.847033177833,4554.130647618936,75.71638555889695
3846.944509549872,4973.248434084857,-1126.303924534985
3839.2132364977024,5181.8189445571425,-1342.60570805944
3842.819533979595,5267.015428857117,-1424.1958948775218
3844.7252685686926,4653.185129689979,-808.4598611212859
3842.3714066338102,4306.02185290726,-463.6504462734497
3827.354568073271,5012.519065877208,-1185.1644978039371
3835.3531144867175,5257.462387508781,-1422.1092730220635
3836.226908128115,5219.868671596572,-1383.6417634684572
3131.4624635732907,5028.171677244277,-1896.7092136709862
3139.6945088087323,4164.714182420538,-1025.019673611806
3143.0591969181023,4852.969186722564,-1709.9099898044615
3149.4763064280455,5255.973722332234,-2106.497415904188
3674.60169036088,5127.938915213865,-1453.3372248529845
4070.694945918599,4861.572352995262,-790.8774070766631
4068.7454297460035,4067.143553188446,1.6018765575577163
4071.905658776552,5299.771941939288,-1227.8662831627357
4061.1263683915604,5263.022841928862,-1201.896473537302
4459.773048331219,5133.698029960471,-673.9249816292522
4477.619850805385,5326.511105017314,-848.8912542119288
4462.04933981395,4804.055367082302,-342.0060272683522
4471.6928809851615,4492.622593923464,-20.929712938302146
4455.459463290777,3935.486424895348,519.9730383954293
4476.243333450205,4016.1762521402547,460.06708130995
4444.697576184775,4930.052328268654,-485.35475208387834
4458.230909421768,5232.6637009592,-774.4327915374315
4475.758623420301,4680.4688823902225,-204.7102589699216
4454.035788237999,3909.631060220597,544.4047280174022
3154.3619257496753,5354.423226653297,-2200.061300903622
3155.8650803598703,4950.874079221171,-1795.0089988613008
3173.324255292145,5030.64437156349,-1857.3201162713444
3638.2503258961037,5166.267903860085,-1528.0175779639817
3638.256629214701,4971.137254274267,-1332.8806250595662
3621.36829192602,4979.690577936785,-1358.3222860107653
3627.9116548085417,4967.768208029228,-1339.8565532206862
4159.7253565996,5236.201412495046,-1076.4760558954458
4151.574759223274,5133.316024490728,-981.7412652674539
4161.441513507307,4176.723885968117,-15.28237246081062
4175.1009197999365,4827.285363971299,-652.1844441713629
4172.416690620565,4351.05710568404,-178.6404150634753
4533.76546414191,4551.252895401735,-17.487431259824916
4538.427946003129,4491.894858496987,46.53308750614269
4551.790616860457,4864.766676003337,-312.97605914288033
4516.506006951963,4529.309276055718,-12.803269103755156
4951.526345589596,4649.585096730776,301.94124885881956
4940.760523111512,4814.676418148318,126.08410496319448
4939.786276518461,4552.711402061538,387.07487445692277
4924.647908542662,4534.7895559212475,389.85835262141427
4943.241955455732,4531.577416728534,411.6645387271974
4923.635838621162,4532.460057386358,391.17578123480416
4944.183596075334,4997.234593403787,-53.05099732845247
4934.515898535556,3925.791312521718,1008.7245860138378
4924.921293177274,3311.939814246229,1612.9814789310444
4174.217129425849,5261.093131219332,-1086.8760017934828
3919.3146504030115,5138.138404402044,-1218.8237539990328
3911.3195139857785,4951.907637933101,-1040.5881239473224
3895.8494746770534,4167.7737355212885,-271.92426084423505
3912.400680552109,4494.704272477833,-582.303591925724
3899.9064464702715,4629.23826118388,-729.3318147136088
4496.824958308321,4688.080070528713,-191.25511222039222
4488.058413001395,4181.149515817056,306.90889718433846
4488.433267463753,4662.46027820894,-174.027010745187
4466.064443122105,3838.0110487339625,628.0533943881428
4484.919255553858,4638.4413702602915,-153.52211470643306
4488.4568448430855,5004.753407361151,-516.2965625180659
5119.152015018433,5252.796877292595,-133.64486227416182
5125.1771791457695,3324.00817782029,1801.1690013254797
5123.997377483137,4073.5710068462627,1050.4263706368743
5108.311371245215,4953.321132932333,154.99023831288196
5102.804504731386,3787.192191907818,1315.6123128235681
5114.407381022435,4537.033335236725,577.3740457857102
5112.270670256273,5249.949783302983,-137.67911304670997
5127.500152130769,4853.250376533512,274.2497755972563
4486.401289838152,4645.575965765327,-159.17467592717549
4467.904903295514,4491.701849857402,-23.796946561888035
4477.903502824717,4544.92461288762,-67.02111006290306
4479.214721253034,5162.272198094386,-683.0574768413517
4485.7268382354405,5278.896065211612,-793.1692269761716
4496.691236730644,3869.7579782882663,626.9332584423778
3929.994084682048,3820.2570717872036,109.73701289484461
3904.7359868694953,4649.188205676784,-744.4522188072883
3905.1022854822972,3851.77016791975,53.33211756254741
3912.909393586726,3860.862737411012,52.046656175713906
3917.0857580572465,5041.567458225684,-1124.4817001684378
3162.4158129313114,5095.818820080642,-1933.4030071493303
3152.7208973993615,5278.915949823472,-2126.1950524241106
3152.128067337185,4552.1849950016185,-1400.0569276644337
3160.553719286873,3951.1718486091904,-790.6181293223176
3790.722688721914,4072.4177883327193,-281.6950996108053
3766.880875552702,4642.720625119291,-875.839749566589
3779.064674784363,4655.80295164274,-876.7382768583766
3774.0354215454668,4833.865725501389,-1059.8303039559219
3795.376202741558,3167.710948345365,627.6652543961927
3778.6938843363164,4547.9412132292655,-769.2473288929491
4389.128396401563,3863.3904875153403,525.7379088862226
4387.324324147751,5339.681256087407,-952.3569319396556
4394.795440476223,4412.733913212593,-17.938472736369476
4391.363514534279,4842.237622835395,-450.8741083011164
4390.125921696729,4823.586988749186,-433.4610670524571
4387.234301047721,5270.47456471704,-883.2402636693196
4959.024142519583,5180.873948509009,-221.8498059894264
4959.222058741757,4655.021732826658,304.2003259150988
4964.121582041571,5127.368637241396,-163.2470551998249
4946.226988390647,4483.281652793127,462.94533559752017
4947.170477474597,4767.663596699042,179.50688077555515
4935.094600962885,5291.455822572742,-356.36122160985724
5217.244798875719,5227.680465524983,-10.435666649264022
5205.955894100052,4852.757245132853,353.198648967199
5197.597400516958,3916.210113595856,1281.3872869211023
4821.058453326552,5170.287487193758,-349.22903386720645
3138.040310442687,4624.595051006963,-1486.5547405642765
3144.441177480734,5174.485407908208,-2030.0442304274738
3146.876906844379,3797.6407686208872,-650.7638617765083
3139.612060979136,5291.721762248046,-2152.1097012689097
3831.0268104490456,4815.335531700997,-984.3087212519517
3850.1294178162298,4498.284040661362,-648.1546228451325
3845.1144239103273,5172.129940379566,-1327.0155164692383
3830.807695311115,3857.712694161871,-26.904998850755874
3833.789334830569,3854.370845693853,-20.581510863284166
3854.2111103352695,4828.969885786919,-974.7587754516494
3833.1012214400666,4637.746622250361,-804.6454008102942
3830.3812343579675,5377.49253714605,-1547.1113027880829
4616.204931189923,4666.9296920098495,-50.724760819926814
4606.445947736343,4635.955600103843,-29.509652367499257
4615.613292709861,5019.821009711433,-404.20771700157275
4613.606005382915,5137.5319617557525,-523.9259563728374
4611.674382570964,3844.990842400094,766.6835401708695
4617.136059609501,3911.864320034328,705.2717395751729
4626.230110165444,4983.806421502601,-357.57631133715677
5187.941901347858,5130.362276908119,57.579624439738836
5205.640207434951,5175.699576323317,29.940631111633593
5227.899675401165,4512.108443362985,715.7912320381802
5213.9466654194675,3885.222624159534,1328.7240412599335
5211.2965186393885,5344.889176065751,-133.59265742636217
5195.470163440275,4871.251933750967,324.2182296893088
4542.665679415065,4170.92548911043,371.7401903046348
4538.034666594705,5256.8023583266695,-718.7676917319641
5187.628331679449,4046.7478555258144,1140.8804761536344
5196.164860826417,5234.603017035347,-38.438156208930195
5217.786249616075,5132.450172237309,85.33607737876628
5200.334739821875,3172.948571928508,2027.3861678933667
5193.133705315221,4987.957730882563,205.17597443265822
5198.004074154151,4160.268833322037,1037.735240832114
4622.853829242472,4342.82226519576,280.03156404671154
4641.752769829461,5243.014270245454,-601.2615004159934
4631.917020007685,5205.90455678712,-573.9875367794348
4608.2668727781975,5165.189427863536,-556.9225550853389
4640.042062227791,5263.0674449003,-623.0253826725093
4637.24149694873,4566.440204181786,70.80129276694424
4633.515282123843,3867.0916489224287,766.4236332014138
3841.5010746494645,5356.930962580465,-1515.4298879310008
3835.9746195447124,4549.588143286915,-713.6135237422022
3850.1580835178615,3182.4221132832686,667.735970234593
3827.588796397559,3808.8255496567167,18.763246740842078
3810.372127456494,4312.290634548881,-501.9185070923868
3829.6191412426633,4993.620442994713,-1164.0013017520496
3827.3517680976397,4538.015124861157,-710.6633567635176
3829.3603068137445,3918.836433031172,-89.47612621742746
3132.170241084796,5247.228410644947,-2115.058169560151
3151.1344119534883,4011.173640129963,-860.0392281764748
3148.1067220604104,5253.755769935217,-2105.649047874807
3139.920227644042,4971.475485608409,-1831.5552579643672
3709.060732575464,4948.173611303172,-1239.112878727708
4061.6875087073427,5141.6505079832095,-1079.9629992758669
4054.4254071564915,4765.037293731117,-710.6118865746253
4064.7437568863,4677.60908544019,-612.8653285538899
4060.3850101741727,4963.925646430603,-903.5406362564299
4462.804857330507,4481.263153901767,-18.45829657125978
4471.6928809851615,4133.310947477569,338.3819335075923
4459.046785584266,5249.569928201055,-790.5231426167884
4479.851342958755,5130.378777478458,-650.5274345197031
4456.776375139431,4596.596845278932,-139.82047013950069
4472.397889929783,4868.528597101182,-396.1307071713991
4466.36895428729,4484.707227744376,-18.33827345708596
4457.986942809078,4826.941050505097,-368.9541076960195
4485.114103630647,4381.06519650244,104.04890712820725
4481.622489235749,5217.3872620087905,-735.7647727730418
3166.7309413614894,4654.237079046447,-1487.506137684958
3159.289126420112,3943.3531430650523,-784.0640166449402
3158.882236857544,4419.987975142759,-1261.105738285215
3633.0945964480943,5219.544179562122,-1586.4495831140275
3641.0987870308277,4668.622581468532,-1027.5237944377045
3629.534527456777,4153.232161019649,-523.6976335628715
3638.535655992036,5174.136953318591,-1535.6012973265547
4169.501351065439,4647.492316850123,-477.9909657846838
4177.00144118162,4350.934004799503,-173.9325636178828
4172.052748435781,5355.340001057814,-1183.2872526220335
4147.284257522904,5182.91460063537,-1035.630343112466
4169.67410655893,3862.7646369977642,306.90946956116613
4551.09868824634,5139.25860012263,-588.1599118762897
4540.847904735056,4658.2804114608925,-117.4325067258369
4546.222439509003,4786.334607330793,-240.11216782178963
4537.825360668471,4978.681619195425,-440.85625852695375
4957.512542411495,5229.423976919337,-271.9114345078424
4935.701593350125,5307.808934718287,-372.10734136816154
4940.975268756333,5249.282475631917,-308.3072068755837
4927.105934037212,5327.621824396324,-400.51589035911184
4927.152067138904,4950.671038104332,-23.518970965427798
4948.076497722942,5118.690890005074,-170.61439228213203
4935.0797527902305,5238.3651677392045,-303.285414948974
4946.773380387897,4935.7881796520005,10.985200735896797
4925.819025481681,4657.553999422958,268.26502605872247
4161.728451319436,4621.401372399243,-459.67292107980666
3919.3146504030115,5151.1610136702775,-1231.846363267266
3914.1547561737666,4684.682575185947,-770.5278190121803
3922.256433762845,5046.458621066823,-1124.202187303978
3917.268295854419,5152.682713832158,-1235.4144179777386
3907.887489966896,4542.910057051282,-635.0225670843861
4473.463041589558,4649.049734173417,-175.58669258385908
4480.244094564201,3798.046457589254,682.1976369749473
4469.177452670064,5100.629354077628,-631.451901407564
4486.435911027549,4518.036421820235,-31.600510792685782
4485.6272216780435,3183.788761983959,1301.8384596940846
4481.529365564647,4545.0288291501665,-63.49946358551915
5105.007294228459,5103.408095084777,1.5991991436812896
5108.153732331741,5019.880589915399,88.27314241634213
5118.181903846389,4995.530763893647,122.65113995274169
5123.08376759403,5049.026521183712,74.05724641031793
5104.389427780609,5169.485965402298,-65.09653762168819
5101.154626818304,5161.6437127801,-60.48908596179626
5112.918223663632,5335.222687636458,-222.30446397282685
5120.550873168857,4989.86944844214,130.6814247267166
4477.122201783663,5110.471652323271,-633.3494505396084
4507.184048082717,3329.8849497050264,1177.2990983776904
4475.944546874695,4780.980014669557,-305.0354677948617
4473.829200685862,5248.7976283958205,-774.9684277099586
4484.7207617679005,4935.3389479603775,-450.61818619247697
4476.049443402227,5111.922644090051,-635.8732006878245
3904.011672237104,4385.977685548464,-481.96601331136026
3914.105286382022,4658.952153528129,-744.8468671461073
3915.7010795722435,4677.997911800571,-762.2968322283277
3910.224982956213,3798.996354294187,111.22862866202604
3919.8611378070823,4693.772957860568,-773.9118200534854
3156.086885482268,4865.230542330919,-1709.143656848651
3155.505726845866,3864.940021834568,-709.4342949887023
3151.6853052017036,5042.709246706883,-1891.0239415051797
3161.22879629745,5402.267336915109,-2241.038540617659
3772.595202725024,5226.914726399912,-1454.319523674888
3775.9550233895607,5331.757899016775,-1555.8028756272142
3783.2755988697063,4659.416193549569,-876.1405946798623
3765.30010577875,4473.895349943707,-708.5952441649565
3783.0763045679087,5148.804897620193,-1365.728593052284
3775.0434747562554,5198.965240072813,-1423.9217653165574
4381.519771713683,4502.307685080813,-120.78791336712948
4389.470770959265,4137.469445346521,252.00132561274404
4392.078560264265,5224.282654042282,-832.2040937780166
4401.533268824968,4572.824549838131,-171.29128101316292
4379.799059788922,4670.084050024642,-290.2849902357202
4374.770681799926,4536.020083099456,-161.2494012995303
4968.307174852589,4975.228323557519,-6.921148704929692
4944.822286932857,4542.4721320129665,402.3501549198909
4965.613255387093,3186.6915750532776,1778.9216803338154
4943.629829225752,5250.024764167407,-306.39493494165526
4959.935843598516,5211.334893169049,-251.39904957053295
4957.197538790425,5122.2242599833135,-165.02672119288854
5210.627872627484,4319.162497090989,891.4653755364952
5199.973074372792,4547.12880071293,652.8442736598627
5197.835734969195,5165.396744893886,32.43899007530945
4811.7010797209605,4659.475564225154,152.22551549580658
3132.609586471616,5163.154190660721,-2030.544604189105
3127.642800928627,5143.084082284913,-2015.4412813562863
3139.612060979136,4543.980246948117,-1404.3681859689814
3134.4137665629014,4553.659185411661,-1419.24541884876
3848.4319492626,3811.8445181150514,36.587431147548614
3832.350005791175,5113.476971856038,-1281.1269660648632
3828.8358202588975,3641.789851572151,187.04596868674662
3833.956854355616,4394.606357093648,-560.6495027380315
3831.932369491541,4425.190170594626,-593.2578011030846
3840.3707866577793,4523.377515467954,-683.006728810175
3823.2621927336763,4537.740109126242,-714.4779163925655
3833.969335907337,4674.086253821929,-840.1169179145918
4658.911235550266,4436.369496518784,222.54173903148148
4627.594936020599,4644.950187102599,-17.355251081999995
4597.683846659157,4821.294008913509,-223.61016225435196
4629.663227867217,4071.187297251772,558.4759306154447
4618.115375561742,4966.833478808274,-348.7181032465314
4612.0624867640045,5107.449992084156,-495.38750532015183
4609.66795474893,5248.085468955474,-638.4175142065442
5219.14699668179,3334.0520444100707,1885.0949522717196
5209.018970714671,5395.697142809686,-186.67817209501482
5187.37396544357,5111.444983480191,75.92898196337956
5221.143485219195,4398.225317469222,822.9181677499728
5208.185871232386,4501.941983627588,706.2438876047972
5220.434786919311,5371.27238504392,-150.83759812460903
4539.096282827574,5123.454907883078,-584.3586250555036
4528.471185629301,5169.49341627921,-641.022230649909
5206.159181273514,5248.588156683302,-42.42897540978811
5192.0928213206835,4490.776413397101,701.3164079235821
5178.0805686441845,5013.57999685909,164.5005717850945
5211.108303627085,4167.833171399274,1043.275132227811
5228.609002529981,4571.035322011944,657.5736805180368
5179.061061285517,5058.484638073571,120.57642321194635
4612.589061391213,5375.480919394808,-762.8918580035943
4627.143800726669,4864.792208608682,-237.6484078820131
4611.434684670129,5100.112403388718,-488.67771871858895
4620.992573755015,5298.3582248028915,-677.3656510478768
4633.020009239325,4410.69589677352,222.32411246580523
4628.19709497445,5056.782882316587,-428.58578734213734
4595.844029200885,5265.045028465472,-669.2009992645862
3835.3013567020143,4958.292892500196,-1122.9915357981818
3833.9182603892127,5219.831109424298,-1385.9128490350854
3833.8546748375966,4644.992585416832,-811.1379105792357
3828.999117711241,5030.321002602981,-1201.32188489174
3836.7862289038258,4388.437187835589,-551.650958931763
3832.70469347508,4959.010667753958,-1126.3059742788778
3840.3930997035695,4872.372256682177,-1031.9791569786075
3831.278779977939,4393.4950891887975,-562.2163092108585
3132.612530987645,5032.099826770944,-1899.4872957832986
3142.7193287361524,5372.342647194809,-2229.6233184586563
3150.80536018047,5162.553824802826,-2011.748464622356
3147.9773691930773,4848.72625871908,-1700.7488895260026
3689.8680170422153,4666.870682221516,-977.002665179301
4057.7646155794664,4538.292051848694,-480.527436269228
4078.7234421168864,5135.238193778449,-1056.514751661563
4052.740088081621,4146.0994430339515,-93.3593549523307
4059.719296537515,3943.184960097748,116.53433643976723
4464.986889801268,3978.118109603116,486.8687801981523
4476.243333450205,4980.133801649018,-503.8904681988133
4470.363141568227,5130.078350866951,-659.7152092987244
4472.397889929783,5241.144339094622,-768.7464491648398
4458.6436182425405,4658.187672114049,-199.54405387150837
4478.398651849276,5259.528095332618,-781.1294434833426
4458.226276992374,5350.388940474432,-892.1626634820586
4453.48165314981,5145.508615443805,-692.026962293995
4462.774613361707,5315.60457156762,-852.8299582059126
4455.075738144277,4478.490947330411,-23.415209186133325
3162.1987620192567,4881.990681174222,-1719.7919191549654
3163.0378184724386,5017.435841428109,-1854.39802295567
3183.740451855527,5350.947581227753,-2167.207129372226
3642.5678352697605,4841.728585756802,-1199.1607504870417
3623.328858279746,3842.5645066638126,-219.23564838406674
3632.891412232795,4631.677990949358,-998.7865787165629
3632.3916588911075,4638.467847180306,-1006.0761882891989
4167.910650987281,4581.856922373067,-413.94627138578653
4160.642054986777,5111.9444532529415,-951.3023982661643
4168.993031842451,3800.5567399416705,368.4362919007808
4151.0317510523355,5121.915866506845,-970.8841154545098
4165.328926045794,5017.990776607617,-852.6618505618226
4525.815058588596,4538.854472227535,-13.03941363893864
4534.935067692711,5122.3386560110885,-587.4035883183778
4531.58675969663,5202.35508936901,-670.7683296723799
4553.690994134644,5413.603001918774,-859.9120077841299
4931.6865060533255,5112.088650510968,-180.40214445764286
4928.937631658255,5274.914393416582,-345.9767617583275
4942.033927579484,3334.279447707572,1607.7544798719118
4927.110384847119,4669.712062719277,257.3983221278422
4931.707375881901,4477.896508608685,453.810867273216
4936.6438955600215,4601.32142098548,335.32247457454196
4945.240865879094,5179.803448534883,-234.5625826557889
4951.074770354017,4806.347266481174,144.72750387284304
4948.878786369499,5188.120284470093,-239.24149810059407
4186.961948514978,4496.117435214329,-309.15548669935106
3919.3146504030115,5249.710058310481,-1330.3954079074697
3905.4622857272097,4989.598723216145,-1084.1364374889354
3899.726450496518,3941.2293984062144,-41.50294790969656
3912.6733667895887,4548.392929397263,-635.7195626076746
3898.475888423932,3317.368521696528,581.1073667274036
4486.314782507079,5027.468784913372,-541.1540024062924
4492.461858835322,4547.94900234636,-55.487143511038084
4473.600081577075,3907.1026454642324,566.4974361128425
4478.170944102413,4643.134236412683,-164.96329231026994
4474.967026580586,5331.618702145327,-856.6516755647408
4493.849896276078,4348.7770535530435,145.07284272303423
5126.89087751328,4878.8535674496225,248.03731006365797
5126.861197110987,5044.824430014197,82.03676709678984
5134.157889338953,5161.748975603028,-27.591086264074875
5116.294531530992,3853.9863104181204,1262.3082211128713
5097.043053693496,3842.3152789606947,1254.7277747328017
5111.702341962438,4427.522702189954,684.1796397724847
5109.277441585044,5137.262850505087,-27.985408920043483
5111.544524124099,5179.599990314358,-68.05546619025972
4487.827798882342,4556.40131601529,-68.57351713294793
4468.443495016513,4365.574141280976,102.86935373553752
4472.037580959046,5235.104267673585,-763.0666867145392
4485.88740407583,4496.3921617155065,-10.504757639676427
4477.795290082108,5138.630797208289,-660.8355071261803
4487.7826886278945,4338.594946868489,149.18774175940507
3912.2502001174234,4504.511908915598,-592.2617087981744
3914.0799717496775,4990.291483352323,-1076.2115116026453
3911.872608139634,5143.4516359819545,-1231.5790278423206
3907.9863938882836,3667.490265655575,240.49612823270854
3923.522918684063,4173.74164320137,-250.21872451730678
3142.632433063626,3170.716233442264,-28.08380037863799
3139.772065753891,5254.322165310973,-2114.550099557082
3144.00186937766,4382.698528898929,-1238.6966595212689
3151.9198336655536,5336.173179546657,-2184.253345881103
3774.130320589387,5037.290866636554,-1263.160546047167
3785.386297207699,5198.144531856789,-1412.7582346490904
3775.72605364903,5217.570621888497,-1441.8445682394672
3785.4866107571484,3803.688820652388,-18.202209895239776
3769.6011397501575,4967.099127483773,-1197.497987733616
3782.1674273859194,3938.6679577807245,-156.50053039480508
4389.507134485744,5144.901012330344,-755.3938778446
4359.554822535054,5301.084188760123,-941.5293662250688
4396.782330023619,3659.9236367291996,736.858693294419
4362.420724361047,4469.118643498181,-106.6979191371338
4385.485800930845,4665.972739678166,-280.4869387473218
4392.764028882151,5037.605316142876,-644.841287260725
4948.151049696826,5169.066167086905,-220.9151173900791
4932.491221915295,4344.211725275978,588.2794966393167
4947.763106042609,5021.7385144827385,-73.97540844012929
4948.745592207765,4811.807965131403,136.93762707636233
4941.6889536313665,5014.317157496538,-72.6282038651716
4963.020374613979,4312.450142802674,650.5702318113044
5218.701525294129,4497.8957009834,720.8058243107289
5214.343438627476,5398.001534820884,-183.6580961934087
5210.328652035889,5027.805776678055,182.52287535783398
4845.767636413759,4415.409747996603,430.35788841715566
3127.8791018661072,5111.161372837321,-1983.282270971214
3126.2151268691396,4388.397881985541,-1262.1827551164015
3127.314045581763,4542.362277059289,-1415.0482314775263
3151.4004882786144,5235.131096097716,-2083.730607819102
3836.231293326599,4402.637378465097,-566.4060851384979
3835.276798060871,5170.900973355751,-1335.6241752948804
3828.856100604557,4853.7095699210395,-1024.8534693164825
3831.4162556822903,5302.738395066866,-1471.322139384576
3835.1825271996886,5184.291970509057,-1349.1094433093685
3852.0653674371893,4753.897182642366,-901.8318152051766
3847.8416453182167,3189.289279677798,658.5523656404189
3853.114397143203,4207.254279204496,-354.13988206129306
4630.066771976992,3926.545120444576,703.521651532416
4607.911102663034,4636.183855319529,-28.27275265649496
4603.292946140263,5401.893675687482,-798.6007295472191
4612.621201644626,4483.969015312201,128.65218633242512
4578.895406685851,5074.287887237074,-495.39248055122243
4611.004399863444,4371.877767847351,239.12663201609303
4625.577367652823,3865.842328954272,759.7350386985513
5185.50614421453,5008.627265926984,176.87887828754538
5188.083315621658,4662.734691297686,525.3486243239713
5188.981648321017,5157.348081529201,31.63356679181561
5221.675686063569,4570.885805825872,650.7898802376967
5242.263628954398,5067.090230699643,175.17339825475483
5199.016934816405,4909.195932916056,289.8210019003491
4539.771540527096,3924.7950082041543,614.9765323229412
4522.791168054583,4172.566363409406,350.22480464517685
5199.181657039884,3863.307528540206,1335.8741284996781
5201.831073061918,5028.255990419209,173.57508264270837
5220.5699688432205,5141.531373937666,79.03859490555442
5212.902626586384,5306.414690726644,-93.51206414026001
5224.583302152807,3716.7916314926124,1507.7916706601945
5190.550537498531,5167.991521549429,22.559015949102104
4628.94067927745,4647.014323961991,-18.07364468454125
4625.068528703662,4865.1289264084535,-240.06039770479128
4631.1786427005145,5270.325210218491,-639.1465675179761
4629.318767346832,4664.457872696211,-35.13910534937895
4597.527200540949,5214.537544168901,-617.0103436279524
4626.385959660481,4181.399720344166,444.9862393163148
4619.267373722595,5236.712580866906,-617.4452071443111
3844.581138810463,4825.409130417776,-980.8279916073134
3830.038616916154,3850.6103866056856,-20.57176968953172
3835.7271823206215,5227.865237514294,-1392.1380551936722
3848.6827101240165,4686.925066014667,-838.2423558906507
3826.0974977107835,3943.413711788088,-117.31621407730472
3837.865286905527,4607.661037682293,-769.795750776766
3828.872314921218,4767.256434766429,-938.3841198452114
3850.0393790624653,4498.446514108969,-648.4071350465033
3133.5726084223643,4323.624578882032,-1190.0519704596682
3148.429804717647,5132.313876234102,-1983.8840715164552
3134.484065966157,4935.338731801895,-1800.8546658357382
3123.919851561938,4413.181728376358,-1289.2618768144198
3702.304138034932,5092.096595257294,-1389.7924572223624
4070.1495311536833,4549.1877110787245,-479.0381799250413
4053.927136258765,4630.730916644823,-576.803780386058
4078.277586078725,5355.822644125355,-1277.5450580466295
4080.076267183715,4976.780185408751,-896.703918225036
4471.907894271501,4550.516861428109,-78.60896715660783
4458.230909421768,3858.2568017029703,599.9741077187978
4453.390844755603,5096.031817270717,-642.6409725151134
4457.986942809078,4411.835741724031,46.15120108504652
4474.228738330909,5178.559599043668,-704.3308607127583
4453.48165314981,5125.894241567858,-672.4125884180485
4454.099615703204,4981.388132993951,-527.2885172907472
4473.537969660632,3924.8295579570135,548.7084117036188
4459.012552859733,4988.792173709292,-529.7796208495593
4470.030632576743,5146.818977368654,-676.7883447919103
3157.747234445902,5122.419041021444,-1964.6718065755422
3163.951387341879,5119.808023445463,-1955.8566361035837
3172.499366025588,3808.283047525218,-635.7836814996299
3647.884200515938,3868.8790584398657,-220.9948579239276
3647.01637709406,5254.960507854283,-1607.9441307602228
3645.7028090609133,5039.733417034157,-1394.030607973244
3653.50507513335,5328.515157758378,-1675.0100826250282
4164.796217919992,4516.5607100542065,-351.7644921342144
4160.506539329976,3158.034244913941,1002.4722944160344
4156.103702390894,4552.0309811679435,-395.92727877704965
4158.958369616568,3162.2612648169525,996.6971047996158
4164.017711665613,4931.027925678818,-767.0102140132049
4532.90477398411,3665.5616505923867,867.3431233917231
4550.6087739580225,5192.468536883541,-641.8597629255182
4534.876257462572,5233.575068722887,-698.6988112603158
4535.3689788907,5205.839704598889,-670.4707257081882
4941.110557617398,5148.383453802309,-207.2728961849116
4929.232263015181,4956.74591147782,-27.51364846263914
4951.1934421760825,3895.5504599571004,1055.642982218982
4938.691746542184,4991.173590391107,-52.481843848922836
4951.992327025796,4563.681391357653,388.3109356681425
4946.954508770856,5270.58905371236,-323.6345449415039
4924.358127268817,5156.5570137458535,-232.19888647703647
4918.343973579675,4140.179700963883,778.1642726157916
4950.45105254115,4351.57661835744,598.87443418371
4203.780390348842,4416.0209885812155,-212.2405982323735
3919.3146504030115,3696.941947179137,222.3727032238744
3901.5134376865003,4850.360350959073,-948.8469132725727
3900.6091401687663,5245.780833839498,-1345.1716936707317
3897.7612942458,3845.061619068358,52.699675177441804
3903.7501134848253,4973.110070589617,-1069.3599571047916
4468.552521207081,5246.315851481053,-777.7633302739723
4475.544052519222,3844.5532851933253,630.9907673258963
4481.619605991739,5385.191581989027,-903.5719759972881
4477.504600163535,4488.153698984778,-10.64909882124357
4468.820040966315,4854.108849743421,-385.28880877710617
4504.472967502823,4629.7544727639415,-125.28150526111858
5098.67345474144,5100.884387065848,-2.2109323244085317
5121.477124718613,4384.521943993456,736.9551807251564
5119.395786038426,5120.808333517423,-1.4125474789971122
5114.103342592404,5332.395353251435,-218.2920106590309
5108.127806143026,4533.2948973948105,574.8329087482152
5090.237679213486,5154.5008919641705,-64.26321275068403
5111.623292171349,3855.6373165135487,1255.9859756578003
5111.395142752083,4956.07232391291,155.32281883917312
4476.402116340183,4147.285847181503,329.11626915867964
4481.189494281676,3933.574666508379,547.6148277732973
4482.12549157236,4426.7382360731535,55.38725549920673
4475.956198673006,4058.7451506824714,417.21104799053455
4506.880432889321,4984.744336559069,-477.86390366974774
4511.656653967848,4699.515006691454,-187.858352723606
3908.2972027854735,5126.9581756156085,-1218.660972830135
3904.54237035012,4833.203157449066,-928.6607870989455
3915.012426083596,4250.7079369725525,-335.6955108889565
3907.7054212855282,3918.563362834908,-10.857941549379575
3914.504432680822,5132.601745446052,-1218.0973127652296
3148.967547376195,4628.247338743336,-1479.2797913671407
3129.347229608097,4496.411603820377,-1367.0643742122802
3136.872364645954,5329.4968197992885,-2192.6244551533346
3141.495434636973,5257.99720520996,-2116.501770572987
3779.902313295077,5160.470001316394,-1380.5676880213168
3786.4872074660025,4497.779827735619,-711.2926202696162
3774.4401673428797,5025.769564701426,-1251.3293973585464
3776.3388327210714,5145.78197914747,-1369.443146426399
3779.6573791026126,4636.840664607338,-857.1832855047255
3777.2821469131786,4500.658464023254,-723.3763171100754
4381.159936558351,3180.0881984984408,1201.0717380599099
4366.179745880374,4832.935339260511,-466.7555933801368
4380.2985789581035,3857.4982882082854,522.800290749818
4370.94387780026,3849.6889092465044,521.254968553756
4401.175269020918,3967.3831441415114,433.7921248794064
4375.339585666686,3873.4267055818423,501.91288008484344
4944.778161616898,5343.639049864452,-398.8608882475546
4942.9626068669195,3945.8767854231774,997.0858214437421
4934.405657745517,4633.3131700070935,301.0924877384232
4953.149485760083,5214.4056621717855,-261.25617641170265
4988.475207799408,5333.47726858548,-345.0020607860715
4946.2768288654015,4640.338507402961,305.9383214624404
5197.651068636933,4394.272461804493,803.3786068324398
5215.187494235177,4922.429706656925,292.75778757825174
5202.130031175578,4394.240824684865,807.8892064907122
4831.656659913183,4864.393783641255,-32.73712372807222
3120.306325942699,5373.762167821516,-2253.4558418788174
3133.8502674525043,4402.139000351766,-1268.288732899262
3154.2270598642003,4934.947236400933,-1780.720176536733
3130.977284713493,5172.105097965813,-2041.1278132523198
3835.276798060871,3934.309168615896,-99.03237055502495
3849.403137844477,4804.528297803032,-955.1251599585548
3824.9634388874224,4660.667882833072,-835.7044439456499
3830.7707446429536,5260.26057881572,-1429.4898341727662
3840.5964422731145,5244.148838042109,-1403.5523957689943
3829.7417317973764,3942.448935225936,-112.70720342855975
3843.5162671119338,5263.77343983094,-1420.2571727190066
3829.577637123412,4539.902158822139,-710.3245216987275
4605.859775546528,5233.6653660633265,-627.8055905167985
4641.446230337651,4659.859123527079,-18.41289318942745
4612.081794979491,4771.64469419554,-159.56289921604912
4606.190062529406,3852.185075380986,754.0049871484198
4628.903468792915,4847.13704552287,-218.23357672995462
4634.3260544091345,3167.176185880582,1467.1498685285524
4614.8919071725795,5165.118768579573,-550.2268614069935
5185.005778045409,4160.054771637959,1024.9510064074502
5190.636540049097,4539.9920178274915,650.6445222216053
5174.218522437963,4519.217781099148,655.0007413388148
5207.645216064433,4859.2899831396835,348.35523292474954
5207.689583679337,5045.954246759741,161.7353369195962
5193.780918773764,5218.533555579396,-24.75263680563239
4544.169425279852,5275.894801731982,-731.7253764521301
4542.625247890357,5048.748410662629,-506.1231627722718
5183.427912861903,4639.152788152026,544.2751247098768
5211.592448999242,4495.093898646346,716.498550352896
5202.238224965794,5251.414257304357,-49.176032338563346
5206.957638351009,3163.2459212831477,2043.7117170678616
5206.012948453922,5028.82728647123,177.18566198269218
5193.813540367254,5255.659454394739,-61.84591402748538
4629.546648042494,4509.523542879802,120.02310516269154
4628.179853790344,5345.015533731076,-716.835679940732
4634.66062242459,5160.611734186797,-525.9511117622069
4626.188368347833,5248.916752622224,-622.7283842743909
4616.387819152907,5128.7891074000145,-512.4012882471079
4633.328374959389,4663.074373632576,-29.745998673186477
4614.58619121007,5208.73843938559,-594.1522481755201
3836.099441154024,5404.301012542588,-1568.201571388564
3833.0796221480105,5142.51298255635,-1309.4333604083395
3824.1164987552834,5284.056765949239,-1459.9402671939556
3828.325785132733,4950.11318801085,-1121.7874028781166
3835.0341035807714,5200.885247229923,-1365.8511436491517
3835.719153956628,4676.999255333696,-841.2801013770681
3850.7760848209796,5015.876876130008,-1165.1007913090284
3827.219381179657,4540.208688282899,-712.989307103242
3130.867764533055,5306.179905789778,-2175.312141256723
3150.8110758711186,5303.308415499639,-2152.49733962852
3145.1265445063145,3180.996783410173,-35.870238903858535
3132.4211888555415,4532.510004001338,-1400.0888151457962
3698.809769953242,5239.785776474327,-1540.9760065210849
4094.3258288709962,4550.0550256659935,-455.7291967949973
4059.625110185898,3848.3097641168233,211.31534606907462
4059.0193760551706,5334.617885962129,-1275.598509906958
4060.7485984418827,3918.66683351551,142.08176492637267
4485.339998537382,5356.834333320223,-871.4943347828412
4454.035788237999,4662.114982057167,-208.0791938191678
4465.737553256111,4836.836879552,-371.0993262958891
4481.622489235749,4655.624930377363,-174.00244114161433
4467.578498651655,5092.256816151813,-624.6783175001583
4455.075738144277,4802.0141608000795,-346.93842265580224
4478.106995180144,4371.735557707097,106.37143747304708
4470.030632576743,4526.499181865138,-56.46854928839457
4479.899202579891,3831.4249525108876,648.4742500690031
4485.285364424692,3875.2903182572168,609.9950461674748
3167.2065461089182,5204.138991257397,-2036.9324451484786
3160.374901262096,5096.165943498136,-1935.7910422360396
3161.538378776761,5144.134215333708,-1982.5958365569472
3641.8341567466055,3655.2262857871606,-13.392129040555119
3635.2048112962543,5217.602769691945,-1582.3979583956902
3647.651601418023,5266.413647130524,-1618.7620457125008
3624.7184993986925,4472.106920922008,-847.3884215233152
4172.571927034654,5150.724904360599,-978.1529773259444
4172.108197946508,3928.4163761037785,243.6918218427295
4163.358869687731,4500.434380466586,-337.07551077885455
4159.575354287808,4540.1561489978385,-380.5807947100302
4180.458526579925,3935.4788190623426,244.97970751758248
4533.408164351859,5246.960642709369,-713.5524783575092
4539.151743013782,4973.390268839264,-434.2385258254817
4535.991764956651,4365.378841144306,170.6129238123458
4517.819862335672,5404.726089764134,-886.9062274284615
4942.291002182776,5241.999796735719,-299.7087945529438
4925.4547688490375,4634.822412485113,290.6323563639244
4930.91307519434,4984.144872158194,-53.23179696385341
4939.8758925779875,5286.123412027795,-346.24751944980744
4950.859183244938,3943.5786744850047,1007.2805087599336
4947.503692769907,5254.310732508548,-306.80703973864183
4937.003015135709,5037.640166012165,-100.63715087645596
4927.440183848125,5013.315812487977,-85.87562863985204
4927.968769735446,4333.085311627481,594.8834581079645
4165.760719133401,5318.918495242726,-1153.157776109325
3919.3146504030115,5128.234741967464,-1208.9200915644528
3910.6006007576243,4657.71477627161,-747.1141755139861
3914.6862835692737,5124.663587614564,-1209.97730404529
3905.8773178418587,4374.224114269526,-468.34679642766696
3902.4412374031112,4651.870216292446,-749.4289788893343
4490.782974161135,3871.237956851458,619.545017309677
4492.522941816572,4554.299265098444,-61.776323281872465
4498.085927662158,3175.2077005808083,1322.8782270813495
4484.194753286943,4933.247299399,-449.0525461120578
4493.822747140113,4680.329852488114,-186.50710534800055
4493.518741989181,5245.487793839628,-751.9690518504467
5110.320454336048,4927.271099448117,183.04935488793126
5103.45855882814,4416.737243366296,686.7213154618439
5103.805874614478,4843.460765249373,260.3451093651047
5106.597502235334,4538.565987442099,568.0315147932351
5112.901773377048,5204.768240107353,-91.86646673030555
5149.663311445825,5210.025153566752,-60.36184212092758
5096.306173002478,5198.309402248927,-102.00322924644843
5107.75022185394,4427.446006784777,680.3042150691635
4479.497389515316,3854.9114792183227,624.5859102969935
4492.4528024670435,3810.992805308862,681.4599971581815
4482.786233541882,3209.85505068025,1272.9311828616324
4485.984051757778,4651.546416836949,-165.5623650791713
4474.433517103078,5120.661717753724,-646.2282006506457
4474.2195706307775,4478.01266195584,-3.7930913250620506
3902.279573725227,4848.975345531652,-946.6957718064255
3907.8553865927597,3682.4357664101117,225.41962018264803
3921.4407190751217,5288.671235772172,-1367.23051669705
3903.3695022209545,4535.758049669343,-632.3885474483882
3911.772942278122,3922.9062649041466,-11.133322626024437
3139.772065753891,5139.829809916455,-2000.0577441625637
3142.3049170978547,4410.01533978315,-1267.7104226852953
3146.8703467902296,4404.716294429092,-1257.8459476388625
3154.9871130800666,4859.521242974501,-1704.534129894434
3787.4693756974243,3864.995442864698,-77.5260671672736
3784.999962522485,4957.904023406884,-1172.9040608843993
3768.894609819995,5123.32700467866,-1354.4323948586652
3786.812371338929,5209.58471050547,-1422.7723391665409
3772.2165944565127,3870.8733812352134,-98.65678677870073
3794.83568862179,4665.9079511397,-871.0722625179105
4374.895501373443,4833.496120690913,-458.60061931746986
4367.826884558956,3912.7655485115083,455.0613360474481
4375.278030005613,4634.547789313184,-259.2697593075709
4370.134472840145,3938.095433622334,432.03903921781057
4372.628468731114,3850.497917081982,522.1305516491316
4390.004781389476,5201.846005852316,-811.8412244628398
4950.320475991997,3852.888735202971,1097.4317407890262
4951.268110156116,4309.76702768142,641.501082474696
4935.904281600095,4968.180873023486,-32.27659142339144
4959.3540344505145,4804.096633565912,155.25740088460225
4953.113189769763,3914.357158903449,1038.7560308663142
4960.135354981043,4839.823350491731,120.31200448931213
5195.085938729889,4547.518405158451,647.5675335714377
5213.7625548739325,5153.597406304695,60.16514856923732
5209.840369607555,3911.8441632895133,1297.9962063180415
4816.027065687822,5168.603449594576,-352.576383906754
3137.3438780008446,5131.831312482292,-1994.487434481447
3134.857660376725,5012.799807787003,-1877.9421474102783
3142.0461564267016,4437.905321566563,-1295.859165139861
3132.187206628146,5155.357792896125,-2023.1705862679787
3828.856100604557,3787.167670450264,41.6884301542932
3824.9634388874224,5372.500582404459,-1547.5371435170368
3839.7845623090575,4836.568667159585,-996.7841048505275
3847.9791107835977,4366.133248810896,-518.1541380272979
3844.388691633931,4556.530620856193,-712.1419292222622
3828.2652091290547,4421.890440259281,-593.625231130226
3846.2787924613594,4507.214243805061,-660.935451343702
3835.3029591528048,4373.989221193865,-538.6862620410602
4622.455983798878,4166.341558109321,456.1144256895568
4602.884552951728,4972.262516708838,-369.3779637571097
4613.677291416043,4994.177604651235,-380.50031323519215
4633.097585532707,5011.165935083603,-378.0683495508956
4633.26899390406,5156.75369788041,-523.4847039763499
4629.982817048131,5126.059898648886,-496.07708160075435
4614.948465913869,3850.496643937604,764.4518219762649
5210.799179978625,5342.317071301309,-131.51789132268368
5191.891545189103,4538.9912844160735,652.9002607730299
5193.817382912288,4971.5684192702965,222.2489636419914
5215.916510186432,5281.696782628312,-65.78027244187979
5199.339857205046,4554.822435031663,644.5174221733832
5198.836208500329,3853.375322032057,1345.4608864682723
4527.135389077418,5140.426893991692,-613.2915049142739
4529.593498922254,4390.274436110005,139.31906281224929
5184.205941263828,4333.167495288525,851.0384459753031
5186.151907195503,5103.829927917206,82.32197927829657
5209.883342955812,3962.4587257783573,1247.4246171774544
5230.818377325165,3932.780152111226,1298.0382252139389
5213.9176536809,4503.040312826386,710.8773408545139
5202.367695362977,4505.323632780467,697.0440625825104
4618.391183766808,4384.281181937553,234.11000182925545
4597.527200540949,4468.019150743722,129.5080497972267
4617.634710949777,5208.10019363647,-590.4654826866927
4609.514082744526,4304.53616467393,304.9779180705955
4620.919895560185,4847.285048899854,-226.36515333966872
4640.387994197301,4544.497180857614,95.89081333968716
4635.6040940347375,4563.254297980466,72.34979605427179
3821.615955391107,3933.340202560723,-111.72424716961586
3836.377486654103,4278.947617148088,-442.5701304939853
3824.516306703963,3788.5328886080983,35.983418095864636
3839.074248135625,4172.093586926926,-333.0193387913009
3823.7355668948135,5321.215708974886,-1497.4801420800727
3842.9681676731316,3930.14513901498,-87.17697134184846
3828.1095370163102,4472.152179141884,-644.0426421255734
3846.4414028492765,5125.136619242354,-1278.6952163930773
3135.5434909024652,4806.378257837672,-1670.834766935207
3140.2537352563945,4544.9160960636145,-1404.66236080722
3137.735505290308,4648.304783224209,-1510.569277933901
3133.815065152805,4488.444922726537,-1354.629857573732
3699.926325702413,5251.710376056656,-1551.784050354243
4059.1141672023505,3945.1150652314827,113.99910197086774
4065.2353031414773,4383.790090750459,-318.55478760898177
4063.583583524494,5207.067319293853,-1143.483735769359
4057.849010986205,4160.102544465774,-102.25353347956934
4450.32698900688,5101.1338681076195,-650.8068791007399
4457.786877323765,5156.5781008810545,-698.7912235572894
4458.279002566292,5014.078881563748,-555.7998789974563
4459.513333092626,5348.994709264031,-889.4813761714049
4443.789180288958,4650.190017399247,-206.4008371102891
4455.55702688918,4632.671214650587,-177.11418776140727
4455.061852950359,5210.489624552491,-755.4277716021315
4474.090830210707,5119.808023445463,-645.7171932347555
4473.081875989196,4916.82096141057,-443.7390854213736
4465.168213399158,4877.184296955142,-412.01608355598364
3200.3734497064042,5372.942676830133,-2172.5692271237285
3166.6713700926225,3185.9470140810186,-19.27564398839604
3165.8574463294,5241.701433766136,-2075.843987436736
3647.1158505104854,3811.470793939903,-164.35494342941774
3643.883540135364,3822.8039701303796,-178.92042999501564
3634.7994449862845,5100.69242797807,-1465.8929829917852
3627.2283471771816,4635.462455921116,-1008.2341087439345
4154.695477030365,5244.989639863527,-1090.2941628331628
4162.226653527631,4842.076660504886,-679.8500069772545
4172.750946315801,5092.804902948482,-920.0539566326806
4182.293865388066,4833.883456177141,-651.5895907890754
4158.877344151879,3947.972358807474,210.90498534440485
4528.137488490278,5082.774747145649,-554.6372586553707
4519.437614508378,5099.584525584642,-580.1469110762637
4530.754635058909,4636.303474341616,-105.54883928270647
4520.920188572737,5158.625694158669,-637.7055055859319
4945.107699499883,4556.673948078928,388.43375142095465
4938.525223285351,4642.6711513112205,295.8540719741304
4951.346632917257,4822.4783137888835,128.8683191283735
4952.827374561973,3863.419245849257,1089.4081287127156
4945.402354041198,3694.448950589254,1250.9534034519443
4935.962809206371,3874.1811434938204,1061.7816657125509
4937.177997503401,4486.928271244003,450.2497262593979
4933.408304802118,4496.350568314571,437.0577364875471
4930.32023933883,4632.970565022571,297.34967431625955
4202.058223772169,5134.587415109855,-932.5291913376859
3919.3146504030115,4317.343851554204,-398.0292011511924
3891.4747297861586,4954.952350347878,-1063.477620561719
3922.977660872402,5103.713829260939,-1180.736168388537
3904.912668350605,4539.635031070694,-634.7223627200888
3942.1938462003673,5288.865721827334,-1346.6718756269665
4505.623552943613,4697.797973687679,-192.17442074406608
4483.225890312719,4492.004341137961,-8.778450825242544
4485.565766833686,3870.54848862786,615.0172782058262
4473.26933569157,3851.917125060332,621.3522106312375
4476.414960563073,4484.102491069863,-7.687530506790608
4495.746536366362,4555.209772547415,-59.46323618105271
5102.264109488893,3849.6650244183897,1252.5990850705034
5152.11748894388,5150.17095887537,1.9465300685096736
5123.225203931331,4501.065172783809,622.1600311475213
5137.296925010733,5271.778633888025,-134.48170887729248
5129.937553846986,4194.572481762994,935.3650720839914
5094.629788526025,4856.721371093895,237.90841743212968
5098.270753017259,3168.964393938045,1929.3063590792144
5108.159750328384,5240.661084267157,-132.5013339387733
4483.443656858964,4658.039577271215,-174.59592041225187
4472.037580959046,4644.262822980275,-172.22524202122895
4492.98829543992,3172.736905876866,1320.251389563054
4471.570975808802,4658.151586110209,-186.58061030140652
4473.095928652156,4304.774140911928,168.3217877402276
4481.999651039777,4911.174132526688,-429.17448148691074
3910.8221994631604,4677.194937061735,-766.3727375985745
3886.422696599708,3365.4714261195945,520.9512704801136
3911.7015313446964,5273.413637251854,-1361.7121059071578
3911.2211427590923,5337.5300300918125,-1426.3088873327201
3921.858586252297,3937.2882745208444,-15.42968826854758
3161.003203223512,5132.549537376147,-1971.5463341526347
3147.3679891455395,4499.789568897152,-1352.4215797516126
3144.3260753475784,5013.705581197071,-1869.379505849493
3140.923791686824,5273.8592686240145,-2132.9354769371903
3790.7721259411296,4656.746825620788,-865.974699679658
3806.6741012805455,4518.20704537416,-711.5329440936143
3769.2597311271606,4642.556361968071,-873.29663084091
3769.254550876161,4785.951102874152,-1016.6965519979908
3765.7383437169497,5227.99429434187,-1462.2559506249204
3770.2786019001214,4988.765753072252,-1218.4871511721303
4396.782330023619,4880.478774492758,-483.69644446913935
4389.350221154767,3171.2142785088486,1218.135942645918
4368.507345987977,3197.7548288760927,1170.7525171118841
4382.271323732634,4494.588971819203,-112.31764808656862
4384.73119918287,5270.135690225761,-885.4044910428911
4372.305390839727,3322.343216672103,1049.9621741676237
4970.508349947709,3963.460054344709,1007.0482956029996
4954.435537549217,5423.330517939157,-468.89498038994043
4948.061049448088,3791.839323360529,1156.221726087559
4944.8785548817095,4958.249958781324,-13.371403899614052
4953.507823711578,4642.3165614242125,311.19126228736513
4962.118964957144,5214.356149050412,-252.2371840932674
5211.351776035138,3875.252600491755,1336.099175543383
5206.000512114849,5145.402873285651,60.59763882919742
5192.671366971607,5129.391007505942,63.28035946566524
4830.752357274313,4431.240507049432,399.5118502248806
3136.416722689498,4546.488753727302,-1410.0720310378038
3140.4373901452495,3857.8476935241047,-717.4103033788551
3135.4365104638136,4382.147250818537,-1246.7107403547234
3139.602104828495,5029.623712155628,-1890.0216073271326
3831.4162556822903,4498.5826217838385,-667.1663661015482
3830.7707446429536,5247.159447446918,-1416.3887028039649
3847.9791107835977,4636.200146339799,-788.2210355562015
3835.5051976065647,4488.221320589426,-652.7161229828612
3848.899359834729,4855.629640921713,-1006.7302810869842
3870.7758179517614,4670.627600760183,-799.8517828084214
3828.4203379301525,4629.623948003274,-801.2036100731211
3841.8531756930897,4250.491643927495,-408.6384682344051
4627.605165620296,3956.053862919704,671.5513027005923
4626.502272727923,5035.910570810457,-409.4082980825342
4624.896380706498,4785.452819681283,-160.55643897478421
4621.706852119311,3857.4212043877674,764.285647731544
4604.073979321095,5232.303587838698,-628.2296085176031
4618.002710754274,3928.248945789108,689.7537649651658
4615.7649003446395,5079.787943621092,-464.0230432764529
5200.320383955578,5217.050757406954,-16.73037345137618
5188.580739019489,5289.393971712534,-100.81323269304539
5184.238735494795,5096.409146404804,87.8295890899908
5211.379729344392,4403.0383536420295,808.3413757023627
5187.8263766589935,5319.697622962911,-131.87124630391736
5203.49470879129,3170.3756026145697,2033.11910617672
4538.815949874527,5270.892385065979,-732.0764351914522
4527.399005815982,5126.794443473804,-599.3954376578222
5203.101348603707,4967.546990203089,235.55435840061818
5199.73331205596,5176.794351468236,22.93896058772407
5177.378745495861,4647.433118165887,529.9456273299738
5195.692943208538,4485.776738636284,709.9162045722542
5188.10533074275,5160.066973942001,28.03835680074917
5186.020604614908,5024.1219046720125,161.8986999428953
4619.874033089134,4315.871679336625,304.0023537525094
4621.380704884837,4639.163538335636,-17.782833450799444
4634.926154115528,5155.10089884649,-520.1747447309617
4614.575256922532,3920.5819483800014,693.9933085425309
4631.278078501751,4563.727519020183,67.5505594815686
4617.86811565869,3945.7431822737603,672.1249333849296
4617.819349287597,5173.631313509197,-555.8119642215997
3841.733146181478,4683.278999801917,-841.5458536204392
3818.7711849947627,5120.212561941579,-1301.4413769468165
3837.0072427068867,4126.801064606534,-289.79382189964736
3831.973100956122,5232.045018325458,-1400.071917369336
3839.3708724949065,3673.2128931892166,166.15797930568988
3838.009160296143,4544.733455205139,-706.724294908996
3829.0478536339247,3164.322194406683,664.7256592272415
3850.0202391584085,4025.73875420537,-175.71851504696133
3139.4118829722547,3853.2301455633033,-713.8182625910486
3136.1812715817096,4767.698817557379,-1631.5175459756692
3141.848696219229,5209.774955456634,-2067.9262592374052
3140.5742542163484,3859.701723281158,-719.1274690648097
3700.8977973486976,3198.4774780409275,502.4203193077701
4066.728489220477,5178.550009918476,-1111.8215206979985
4074.271682856007,3873.68345304441,200.5882298115971
4078.5608138534258,5139.227538511044,-1060.6667246576185
4080.436842864209,5058.317439084391,-977.8805962201814
4463.567744263968,4483.912798438698,-20.34505417472974
4485.045644547142,5149.592948141307,-664.547303594165
4453.913064898966,4536.696584704632,-82.7835198056664
4454.796890592469,4662.33645918852,-207.53956859605114
4474.942486990536,4367.709670710148,107.23281628038785
4475.369146498526,5340.979053456298,-865.6099069577722
4455.005394555902,4978.26155830032,-523.2561637444178
4476.214522863538,4971.437609134716,-495.22308627117764
4462.317663136379,4856.680168977745,-394.3625058413654
4471.125578136583,5091.678188343688,-620.5526102071053
3159.5202534574737,5254.282717102416,-2094.7624636449427
3177.0585320571677,5107.7068745511515,-1930.6483424939838
3168.8120054485375,4802.728176699223,-1633.9161712506852
3614.8769360067186,4837.58122978078,-1222.7042937740612
3639.306563017939,5207.2069312422855,-1567.9003682243465
3630.562747463277,4843.616944186908,-1213.0541967236309
3625.803125299978,4600.436528333855,-974.6334030338767
4152.053065567296,3322.141456802424,829.9116087648717
4162.6476976415215,4526.568414749909,-363.9207171083872
4154.667178325492,4655.63974587116,-500.9725675456675
4150.635288135524,5074.486832602833,-923.8515444673085
4158.3606770797105,5165.695833524724,-1007.3351564450131
4547.390645933838,4623.568943959177,-76.17829802533925
4535.026629425312,5266.162188522462,-731.1355590971498
4526.400293768501,4405.166613753996,121.2336800145049
4538.546880117487,4490.9789880624085,47.56789205507812
4923.838989034378,4641.528154321658,282.31083471271995
4950.45105254115,4651.162181752963,299.2888707881866
4930.721321043045,5261.826254426709,-331.1049333836645
4949.707224185063,5252.267098020205,-302.55987383514184
4949.819825164406,5226.531655162469,-276.71182999806297
4933.322457016093,5350.622574688053,-417.3001176719599
4947.862178766342,5034.973413001545,-87.11123423520257
4958.193959237604,3928.0101110039163,1030.1838482336875
4926.446258500269,3662.4535930658835,1263.9926654343858
4181.972906263174,4980.475716475017,-798.5028102118431
3919.3146504030115,5244.0952877238515,-1324.78063732084
3903.781191103995,4649.922295553729,-746.141104449734
3899.6674670926327,4622.151757741584,-722.4842906489516
3903.9743811798085,3168.444850253551,735.5295309262574
3923.5252969963626,4391.445275383261,-467.9199783868985
4493.364606229375,4663.333200273409,-169.96859404403403
4486.877698122916,4968.630659097621,-481.7529609747053
4478.946458562168,5216.824759297449,-737.8783007352813
4479.017435188534,3160.6313001922654,1318.386134996269
4467.518896531913,5234.54773595404,-767.028839422127
4483.81666880818,5139.206945230365,-655.3902764221848
5102.967998443256,5228.130458667649,-125.16246022439282
5097.936898172627,5225.279979589261,-127.34308141663405
5106.909166201074,4009.2451099931322,1097.664056207942
5111.133636727157,5162.809839461756,-51.67620273459943
5111.702341962438,4864.262523148922,247.43981881351647
5105.62698490749,4653.442993009414,452.1839918980759
5110.317408899716,5020.801618357431,89.51579054228478
5097.248853546603,4385.116300003902,712.1325535427004
4491.482441416432,4980.951797481882,-489.4693560654496
4494.364626647603,4499.619338450018,-5.254711802415841
4484.647716392413,4835.511917347679,-350.8642009552659
4487.123696844867,5138.367263935295,-651.2435670904288
4465.925021450699,4324.349346847973,141.5756746027264
4495.678107611937,5156.518461299764,-660.8403536878268
3908.982418926416,4670.618202845132,-761.6357839187162
3901.1145221510874,5082.6207242798355,-1181.506202128748
3914.4728335428167,4550.221834222114,-635.7490006792973
3909.4660524657947,5264.996190331784,-1355.5301378659897
3920.321086852888,4644.931148519275,-724.6100616663866
3144.00186937766,5167.952384053029,-2023.950514675369
3146.8703467902296,5244.032344713123,-2097.1619979228935
3153.009495294415,5253.308672054804,-2100.2991767603894
3145.6317743634186,3850.074254561586,-704.4424801981672
3776.5111823199404,4875.588240384835,-1099.077058064895
3771.68748231428,4670.189695307374,-898.502212993094
3764.8082320154845,4635.785294858094,-870.9770628426095
3789.783728618208,4191.704398365587,-401.9206697473787
3776.9512816741903,5172.376875165056,-1395.4255934908656
3787.8416290543837,5138.627898619966,-1350.7862695655822
4376.935857343222,4986.886174638588,-609.9503172953664
4389.621363411335,5124.718677031702,-735.0973136203675
4400.555129279489,4544.156725621509,-143.60159634202046
4371.685553199591,3913.1077736096213,458.5777795899694
4381.529686499717,5143.34985614757,-761.8201696478527
4375.328177692164,5416.949392763647,-1041.6212150714828
4948.22574886024,5138.116859560143,-189.89111069990304
4961.502567359189,4682.087854820415,279.41471253877444
4968.040942567201,4417.907399022757,550.1335435444435
4964.792413650134,4506.2342012768095,458.55821237332475
4957.086098902783,3823.4332858492344,1133.652813053549
4972.43655790477,4671.350619650836,301.0859382539338
5230.9810564250865,4933.468621092337,297.5124353327492
5205.915590461943,4542.4119740826145,663.5036163793284
5198.2503141825955,5113.710432024046,84.53988215854952
4826.924808941186,4502.793953729703,324.1308552114824
3139.125031712149,5158.823457383402,-2019.6984256712526
3140.559235357667,5306.7292277859215,-2166.1699924282543
3135.6292972469755,5271.333146968673,-2135.703849721697
3139.676013171148,5137.934343786419,-1998.258330615271
3835.1825271996886,4962.4506199510115,-1127.268092751323
3840.5964422731145,4851.447183768537,-1010.8507414954224
3844.388691633931,5303.396102707027,-1459.0074110730961
3848.899359834729,5252.707541008993,-1403.808181174264
3818.4381785044384,5163.296684640027,-1344.8585061355884
3841.19764809767,4642.050319430598,-800.8526713329284
3835.3299993632672,5228.327052213121,-1392.9970528498534
3834.400571062572,5330.032546359653,-1495.6319752970808
4620.748615718146,4913.030770709589,-292.28215499144335
4643.172453679686,4568.992855674657,74.17959800502922
4614.317655010212,5325.658541548659,-711.3408865384472
4629.721510113706,5301.865977052446,-672.1444669387402
4614.638110264099,3329.5904245991997,1285.0476856648993
4611.504227047236,5256.501941804649,-644.9977147574127
4626.517226570144,4399.890444052668,226.62678251747639
5199.016934816405,5363.807068287593,-164.7901334711878
5183.426262515749,4851.14010745489,332.2861550608586
5206.72368956507,3878.031583913374,1328.6921056516962
5201.887650846968,4858.022782903545,343.86486794342363
5220.119301018599,4665.289088992934,554.8302120256649
5208.467116119307,3934.5494630795088,1273.9176530397986
4536.318562606329,5349.584246120575,-813.2656835142461
4533.274934014934,5105.134306395246,-571.8593723803124
5214.7995174044445,4622.677909953119,592.1216074513259
5226.0467651015715,5328.791240839203,-102.74447573763155
5189.733259990947,3843.3301348084347,1346.4031251825122
5207.305657648735,5145.883532088527,61.42212556020786
5209.975387951164,3856.304042278486,1353.6713456726775
5194.781534007081,5024.78073920818,170.00079479890064
4615.149508262155,5086.173885818622,-471.0243775564668
4627.5151514330755,5184.186072384968,-556.6709209518922
4625.234679517863,4858.474562756907,-233.2398832390445
4600.649985091117,3671.9883944242865,928.6615906668303
4599.904376779065,4633.923412356489,-34.01903557742389
4628.933186435596,5112.428236524656,-483.49505008906
4635.836484951352,5226.766182064945,-590.9296971135927
3864.565221748564,3344.8649283655423,519.7002933830217
3842.788550334656,5160.047674164956,-1317.2591238303003
3843.053272386457,5179.681610237683,-1336.6283378512262
3822.8437002890496,4837.401748618095,-1014.558048329045
3830.3160648173634,4149.26882207836,-318.9527572609968
3822.641488332131,4635.142955827258,-812.5014674951276
3834.8288923284385,5229.429576001765,-1394.6006836733263
3838.6163447270906,5251.9539293453045,-1413.337584618214
3143.074733897745,4555.166356042467,-1412.091622144722
3152.7027603493166,3817.5040369089866,-664.80127655967
3132.076927321495,4547.294107786117,-1415.2171804646218
3124.95000221046,5108.230520271305,-1983.2805180608452
3693.7035022103632,5418.335640402953,-1724.6321381925895
4065.341941103762,4857.933175916157,-792.5912348123948
4061.0037968745555,4932.503296709709,-871.4994998351531
4068.650589978852,5360.895349225159,-1292.2447592463072
4079.9416501678766,4868.467184742041,-788.5255345741648
4469.331112670732,5234.928215122155,-765.5971024514229
4453.156438008024,4616.422613343993,-163.2661753359689
4474.692197072611,4509.243324023345,-34.551126950734215
4455.035906590983,3913.541421172358,541.4944854186256
4464.727601401235,5145.7258536998015,-680.9982522985665
4462.012376275325,4391.822158816528,70.19021745879672
4476.540261308201,3162.0941980449516,1314.446063263249
4480.860437434918,5132.825121054461,-651.9646836195434
4475.955612818086,4558.785154354297,-82.82954153621176
4473.564832241354,4370.090233072165,103.47459916918979
3152.4072085457283,5101.839189984665,-1949.4319814389364
3164.7421265329685,4547.57255239949,-1382.8304258665212
3166.083807318129,4828.846427931715,-1662.762620613586
3630.562747463277,5128.007392560722,-1497.4446450974451
3635.9864346696504,4776.6399318737585,-1140.6534972041081
3637.310679691316,4492.578451958936,-855.2677722676199
3615.6659415301733,5203.180247139051,-1587.5143056088777
4160.606229765886,5119.127278407365,-958.521048641479
4155.732265032184,5021.085966279459,-865.3537012472752
4171.4536089395515,4559.951146851519,-388.4975379119678
4183.6229029259275,4869.869325331041,-686.2464224051137
4164.516469234894,4575.470642503765,-410.95417326887036
4541.959113072157,4973.924471854485,-431.9653587823277
4527.9268591756045,3171.548549399529,1356.3783097760756
4530.321338162525,4833.048641445148,-302.7273032826233
4527.013014581237,4479.276970898273,47.73604368296401
4949.130858158726,5257.981144813525,-308.85028665479877
4928.026598089249,4638.98655835369,289.0400397355588
4938.514889819394,4926.888227417208,11.626662402185502
4953.352899298861,5041.434356063144,-88.08145676428285
4949.378444015436,4498.10474995332,451.2736940621162
4945.797873109703,4501.6019483403925,444.1959247693103
4953.577561438982,4137.000305983351,816.5772554556315
4928.721907359436,5232.551490137595,-303.8295827781585
4954.431357053214,4855.870011897324,98.5613451558902
4154.541614123118,3164.12102368228,990.4205904408382
3919.3146504030115,3887.1952916354844,32.119358767527046
3900.2852017575715,5181.522656126131,-1281.2374543685592
3903.631193550483,3915.372752960114,-11.741559409631009
3924.433398263883,4411.594032837848,-487.1606345739651
3904.4024306501224,5210.857429618349,-1306.4549989682264
4483.726959450315,4247.8986609376,235.82829851271526
4508.273409463523,5415.155898993463,-906.8824895299394
4472.103872178927,4154.215582310817,317.8882898681104
4476.993217267813,4793.874597911065,-316.88138064325267
4470.974288888722,4828.862879061448,-357.88859017272625
4474.704214857393,4949.840362382056,-475.1361475246631
5089.085540076625,3993.713974807822,1095.371565268803
5134.157889338953,4566.924908635394,567.2329807035594
5116.746661854308,5215.815937020831,-99.06927516652377
5137.96614441056,3958.219074638704,1179.7470697718563
5123.953700049084,4442.133582606958,681.8201174421256
5124.952225664401,4652.829814426397,472.12241123800413
5112.469036214017,5138.3371515979725,-25.868115383955228
5125.48974927412,3952.596323016225,1172.893426257895
4485.123613060373,3877.3672567865106,607.7563562738624
4469.737008699454,4476.269034713257,-6.532026013802351
4473.757870236386,5108.402934665083,-634.645064428697
4493.627761140208,5121.827463447868,-628.1997023076592
4488.18989048222,4641.246759354289,-153.05686887206866
4492.5822450554715,5230.947086944719,-738.3648418892471
3902.109695314552,5019.336062365942,-1117.2263670513898
3929.2923835068113,5195.202294661626,-1265.9099111548148
3910.225053854017,4666.794458015605,-756.5694041615884
3918.513046466022,4644.231962591142,-725.7189161251204
3890.3122791128135,5328.583832031967,-1438.2715529191537
3146.1543298443084,4531.989842227363,-1385.8355123830543
3146.1576040376103,4548.131139869326,-1401.9735358317157
3142.9396182600467,4647.816595346042,-1504.8769770859953
3161.6007831267725,3402.575307035095,-240.97452390832268
3790.498729007048,4860.1458616446635,-1069.6471326376154
3780.3616308544006,4339.615866518391,-559.2542356639906
3782.1674273859194,3202.832266271321,579.3351611145986
3784.2529208298442,5182.069367259592,-1397.8164464297474
3766.842727881464,4951.364691197947,-1184.521963316483
3792.587981390297,5148.71290378046,-1356.1249223901627
4390.420601528101,4973.839570435494,-583.4189689073937
4368.434889080898,4842.156036076406,-473.7211469955082
4374.505059343786,3656.3803715748513,718.124687768935
4388.66600939435,3352.641167632156,1036.0248417621942
4372.072841642468,5106.836087283066,-734.7632456405981
4373.162729431399,5208.830893338231,-835.668163906832
4954.1646717329395,4651.365059365729,302.7996123672101
4965.782660866086,4495.670908918374,470.11175194771204
4965.744658248261,5295.043073349075,-329.29841510081405
4958.592347692873,4498.09745627733,460.49489141554295
4950.257388705258,4666.241596725428,284.0157919798294
4948.452819467314,4634.727566617977,313.72525284933727
5204.407564544379,3162.3545391340376,2042.0530254103414
5205.076565501928,4115.894497626917,1089.182067875011
5233.885991768609,4958.725008563974,275.16098320463425
4832.494378719074,4060.2542072244964,772.2401714945777
3141.78924631542,5268.964431515537,-2127.1751852001175
3128.376344782557,4626.621273829911,-1498.2449290473537
3153.0135119000706,4650.594316215308,-1497.5808043152374
3141.2193251871327,3645.008360926993,-503.78903573986054
3852.0653674371893,3879.9239415173,-27.858574080110884
3829.7417317973764,4541.083861900866,-711.34213010349
3828.2652091290547,3794.026934954465,34.238274174589606
3870.7758179517614,3897.8407367904947,-27.06491883873332
3841.19764809767,5263.871584722039,-1422.6739366243692
3855.5485318233923,4804.675096112135,-949.1265642887429
3836.628685564193,4278.975681370144,-442.34699580595134
3845.900223316166,4287.087588005017,-441.1873646888512
4612.434316835736,5290.558962840639,-678.1246460049024
4629.528037378135,5146.089382267519,-516.5613448893837
4623.521657232895,4164.10509401595,459.4165632169452
4631.713100949108,4192.914189201604,438.79891174750355
4641.341593738346,5259.251189400767,-617.9095956624205
4620.731752076584,5117.142925577464,-496.41117350088007
4629.5971568066125,3880.3122228250368,749.2849339815757
5212.625158693149,5166.127543164215,46.49761552893415
5202.2351911835885,4812.744670332535,389.4905208510536
5205.883598650319,5314.806802263324,-108.92320361300517
5191.630788528322,4849.42598918915,342.2047993391725
5196.751045916386,4312.33418961301,884.4168563033763
5196.351983295778,5288.595684140865,-92.243700845087
4523.999312896162,4178.987616351136,345.0116965450261
4538.029107311183,5172.678841727358,-634.6497344161753
5191.287422402609,3813.3602426219804,1377.9271797806286
5211.403674151747,5260.343395842261,-48.93972169051449
5199.069652630378,4968.085972602945,230.98368002743337
5182.021139035926,4661.6732437500095,520.3478952859168
5187.96168155712,5237.024627027434,-49.062945470313934
5203.19673239167,4272.66325835701,930.5334740346598
4637.5444389193235,4379.33427396191,258.2101649574133
4610.269802715904,5167.755779971178,-557.4859772552736
4595.813536400891,4617.300894125502,-21.487357724610774
4633.684662756187,3863.6336722827887,770.0509904733985
4606.355419512503,4479.372947167544,126.9824723449592
4611.566868347452,3160.6746488911444,1450.8922194563079
4609.013227810945,3849.7959470337296,759.2172807772154
3820.8281924119005,5310.23568808372,-1489.407495671819
3818.3476779604835,4147.953798826455,-329.6061208659712
3851.498488746162,4561.470882682114,-709.9723939359524
3838.0352352543296,5358.471644983707,-1520.4364097293774
3815.3066848832823,4409.295245309085,-593.9885604258025
3833.0909592544444,4791.472376739516,-958.3814174850718
3838.4981820987014,5304.2497466463155,-1465.7515645476142
3839.6815614258494,3686.6532776414265,153.0282837844229
3146.9372559933236,4440.8877265958945,-1293.950470602571
3139.6864962834,5294.320777489674,-2154.6342812062735
3162.118708749053,5131.505907784935,-1969.3871990358816
3141.668650249596,4914.163923459126,-1772.4952732095298
3697.2893127837942,5150.110357795047,-1452.8210450112529
4060.241234367514,4516.253823206212,-456.0125888386974
4079.0815239895214,5430.510175529585,-1351.4286515400631
4065.5154449066795,5217.93372451146,-1152.4182796047808
4072.306757242792,4561.671216222637,-489.3644589798446
4477.811804832959,4854.514963138891,-376.70315830593245
4462.897440843829,4389.85727819866,73.0401626451685
4465.7453712006745,4858.575132117605,-392.82976091693035
4475.5363089137945,3929.1090359361483,546.4272729776462
4452.305476934053,5291.734326181285,-839.4288492472315
4473.581160376131,4401.985651381456,71.59550899467558
4454.688427425171,5224.448360865881,-769.7599334407105
4465.845297029669,3860.1050328117435,605.7402642179259
4455.487671039299,5276.19970300031,-820.7120319610112
4475.056724966639,5249.273949000803,-774.2172240341642
3156.795654755196,5034.715772682892,-1877.9201179276956
3153.0881099443873,5124.60514337674,-1971.5170334323525
3152.213787475583,3151.0554876685883,1.158299806994819
3630.2673701351996,4490.797911650692,-860.5305415154926
3632.1204417877793,4787.316545986838,-1155.1961041990585
3638.2364887999643,5272.786098911245,-1634.5496101112808
3628.945927026939,4969.562344141805,-1340.6164171148657
4157.0583715985385,5197.833292818584,-1040.7749212200451
4137.895818682718,3855.982301953973,281.9135167287445
4178.079395480651,5159.428388498762,-981.3489930181104
4152.418371483296,4631.631013600985,-479.21264211768903
4165.025974775041,5277.805474699198,-1112.7794999241578
4558.2258381677275,3723.670113305804,834.5557248619234
4532.441995307734,4664.696195989224,-132.25420068149015
4547.920988167674,5252.152090973602,-704.2311028059275
4517.979239898475,4656.972365087179,-138.99312518870465
4962.356741693182,3860.311439936484,1102.0453017566979
4939.189258269689,5120.7868482393915,-181.5975899697023
4924.599021874092,5153.225025143843,-228.62600326975098
4959.477529837001,5269.413116172419,-309.9355863354176
4935.290066422713,4969.485802094068,-34.19573567135558
4950.481124800565,5153.359062307754,-202.87793750718902
4943.637095126723,4847.039614442689,96.59748068403405
4947.990371515366,3929.1472010751913,1018.8431704401746
4944.433212232514,4845.120747636688,99.31246459582599
4190.161574710379,4657.93856844141,-467.7769937310313
3919.3146504030115,4676.300829383772,-756.9861789807605
3910.2974979037544,3685.444970728431,224.8525271753233
3919.5423801229076,5174.149017940888,-1254.6066378179808
3904.1804172487164,5149.670520955507,-1245.4901037067903
3906.053832392703,4854.119236955644,-948.0654045629408
4489.297766694938,4177.96536909173,311.33239760320794
4485.7729046436,3855.0014090323675,630.7714956112322
4496.549463649733,3932.4072261285705,564.1422375211628
4493.451798077226,5295.444418997407,-801.9926209201813
4470.590760719727,4634.1751799315,-163.5844192117729
4492.9065214470065,5270.158596011118,-777.2520745641114
5120.935359583704,4947.098323299526,173.83703628417788
5115.2859977285525,3167.1732665154,1948.1127312131525
5090.278755925078,4830.756463250376,259.52229267470193
5115.834663022932,5390.147271297409,-274.3126082744775
5125.229168692324,5222.406629657923,-97.1774609655995
5121.466568661961,5178.577728708524,-57.11116004656287
5117.951276044216,4643.688595610969,474.2626804332467
5105.94089748506,4543.765510796363,562.1753866886975
4503.028270614068,5136.610986686962,-633.5827160728941
4485.88740407583,3953.651934186806,532.235469889024
4471.570975808802,5098.974518089575,-627.4035422807729
4506.912905055567,4676.969579473792,-170.05667441822516
4478.183976800414,4666.109828067486,-187.92585126707218
4477.387545138082,3795.5826557661644,681.8048893719174
3901.6857983521677,4624.762629245653,-723.0768308934857
3898.364118300406,5113.632984688592,-1215.2688663881859
3923.534540711127,3949.1202749849563,-25.585734273829075
3908.7655420696287,5123.051061184398,-1214.2855191147696
3926.6329240820032,5413.382357669243,-1486.7494335872398
3151.9198336655536,5355.427574658224,-2203.5077409926707
3154.9871130800666,4879.040960383962,-1724.053847303895
3145.6317743634186,4640.308193856094,-1494.676419492675
3164.9824203934327,5140.088128811343,-1975.1057084179106
3765.039369335816,4110.408945079751,-345.369575743935
3779.758779998039,4652.006308357241,-872.2475283592025
3786.81041732162,3883.3349667383686,-96.52454941674841
3786.404414667638,5441.114223811239,-1654.709809143601
3782.474118366608,5302.368353708585,-1519.8942353419775
3777.493835554627,4914.459499969756,-1136.9656644151287
4385.485800930845,4844.7534327109925,-459.2676317801479
4372.161991885749,3848.3854554589434,523.7765364268053
4384.73119918287,4170.819642668845,213.9115565140255
4386.323871327292,5401.0851212335,-1014.7612499062079
4375.653755904695,4500.3217360213885,-124.6679801166938
4389.6662619946555,4501.62659083996,-111.9603288453045
4948.451538023604,5267.711863103998,-319.26032508039407
4967.408697991191,4808.273085061997,159.13561292919348
4953.406717837401,4550.913942129412,402.4927757079886
4941.134824682337,5023.857080350874,-82.72225566853649
4974.689734810581,3877.2800819748686,1097.4096528357127
4947.329472432848,4487.914562125095,459.4149103077534
5237.57939814197,5364.061159382247,-126.48176124027668
5181.114992659778,4937.328905538583,243.78608712119512
5222.870863870268,3708.2566593165893,1514.614204553679
4817.137500510128,5108.580433583196,-291.44293307306816
3157.123120448778,5358.504722445575,-2201.3816019967967
3133.490020583895,5123.706407783958,-1990.2163872000629
3136.5588936649488,4359.649216563906,-1223.0903228989569
3127.513153015032,4513.404355013217,-1385.8912019981854
3847.8416453182167,4972.444309822892,-1124.6026645046754
3843.5162671119338,4881.050628875295,-1037.5343617633612
3846.2787924613594,3332.318975312737,513.9598171486223
3828.4203379301525,4629.623948003274,-801.2036100731211
3835.3299993632672,5118.5169142735285,-1283.1869149102613
3836.628685564193,4544.7962966574705,-708.1676110932776
3849.40865122254,5130.034868267313,-1280.626217044773
3831.70229324561,4422.643392419355,-590.9410991737454
4632.847652100224,3867.6524960319257,765.1951560682983
4623.232647639979,4608.893896894582,14.338750745397192
4606.503545325515,4625.910217326208,-19.406672000693106
4610.18502541759,3927.1269977850543,683.0580276325354
4608.522337228879,5010.953404871548,-402.4310676426685
4618.679398789587,4675.646658719592,-56.96725993000473
4614.618574989637,3913.03629737356,701.5822776160767
5203.930367373927,3792.966185264671,1410.964182109256
5220.885831320701,4661.145515321091,559.7403159996102
5197.514117468311,4635.433057193509,562.0810602748024
5196.806463966142,4485.188084758086,711.6183792080556
5213.989044020253,4560.401561780479,653.5874822397736
5192.214173227903,4391.596646657715,800.6175265701886
4547.211606183953,5146.719792489328,-599.5081863053747
4538.141839561721,5180.786421147169,-642.6445815854477
5202.156892239788,5252.477641203186,-50.32074896339782
5186.020604614908,3849.627388277428,1336.3932163374798
5204.790880240017,5245.550159956614,-40.75927971659712
5201.421574175302,5154.995121248761,46.42645292654106
5187.926431372064,5195.4738849355845,-7.547453563520321
5200.910697570672,3924.929816819572,1275.9808807511
4613.6238054507985,4533.261746416841,80.36205903395785
4636.782544955262,4686.925066014667,-50.142521059405226
4622.536687587931,4551.572891348071,70.96379623986013
4618.320025585046,3855.834941905221,762.485083679825
4625.973441397829,4843.965950920478,-217.9925095226481
4634.650665534862,5187.117025536758,-552.4663600018957
4622.930105071405,4933.344088396056,-310.41398332465087
3822.8437002890496,5232.776576857645,-1409.932876568595
3849.1884692314775,5193.353821540793,-1344.165352309316
3854.0388555177974,5439.804236662778,-1585.7653811449804
3814.9324242098423,4529.017181703094,-714.0847574932518
3826.6842998336683,4597.992004672636,-771.3077048389673
3840.8941449044296,5173.221083432508,-1332.3269385280782
3850.3038832176453,5129.400082148945,-1279.0961989313
3827.3175440853593,4953.959741637544,-1126.6421975521844
3139.9584363981985,5250.043957278711,-2110.0855208805124
3149.4523835500286,5231.4161061607665,-2081.963722610738
3143.5878996137944,5216.3364533078775,-2072.748553694083
3133.684150124653,5248.17417057881,-2114.490020454157
3692.95451015958,5030.29853391557,-1337.3440237559903
4058.900761090024,4954.599575041993,-895.6988139519694
4058.176929978552,4847.843212554164,-789.6662825756121
4069.827488301895,5004.699125794816,-934.8716374929209
4088.276127850883,4514.041698566701,-425.76557071581783
4458.524697047707,5117.344498653705,-658.8198016059978
4472.613597751538,4494.795909138881,-22.18231138734336
4482.8683358097105,3871.7099664041616,611.1583694055489
4478.069620351032,4848.665300258572,-370.5956799075393
4474.160300041631,5244.991289417862,-770.8309893762316
4471.244313562159,3804.072870192971,667.1714433691877
4447.25226484782,5260.511761584968,-813.2594967371479
4465.680090518423,4484.646438704781,-18.96634818635812
4461.252176453933,5024.448219068186,-563.1960426142523
4478.5309539319605,4406.590932313978,71.9400216179829
3160.605542036602,4177.219432412515,-1016.6138903759129
3168.8592813608557,4554.321837786931,-1385.462556426075
3168.5968936894774,4653.265787708647,-1484.6688940191693
3620.5351381542127,4665.759029026641,-1045.223890872428
3646.8877043748435,4656.01212351021,-1009.1244191353662
3639.073292383082,3861.5875034837145,-222.51421110063256
3646.1676029572386,4499.93567297565,-853.7680700184114
4178.079395480651,5188.2142524297815,-1010.1348569491302
4171.319594658665,4614.718908337812,-443.39931367914687
4142.06970797663,5284.313966838198,-1142.2442588615686
4171.903205063304,5226.983425802457,-1055.0802207391525
4168.275420564188,3674.680441971584,493.59497859260364
4544.345838001028,4191.539846479551,352.80599152147715
4554.776150837169,4538.402047287539,16.37410354962958
4506.21428256869,3617.2065015736825,889.0077809950071
4521.085832270355,3785.6735655086577,735.4122667616975
4924.214855047047,4489.857706794698,434.35714825234936
4930.863339760826,4150.4845606830095,780.378779077817
4941.6124053669155,5248.62859133814,-307.01618597122433
4930.858912609029,4962.948761537205,-32.08984892817625
4934.823679487113,5390.69813680295,-455.8744573158374
4936.7850477461025,3804.1186236610497,1132.6664240850528
4937.556957241503,5171.086754486974,-233.52979724547095
4942.871679802576,4554.505441537744,388.36623826483174
4942.27876756574,4613.613139486525,328.6656280792149
4198.823218887516,3332.7253151736054,866.0979037139109
3919.3146504030115,5262.811189679283,-1343.496539276272
3910.1685084639234,4556.114780852107,-645.9462723881838
3915.133324687218,5114.840918326429,-1199.7075936392112
3905.9703289844056,5116.56070668632,-1210.5903777019148
3917.6924915598347,4834.887894945271,-917.1954033854363
4465.158114254416,4528.923988650381,-63.7658743959646
4481.42355856719,5270.980507623585,-789.5569490563948
4458.544670853077,3789.4714013735406,669.0732694795365
4467.775991309483,4620.950310768927,-153.17431945944372
4459.885773242871,4998.339807139364,-538.4540338964925
4480.256091360685,5131.074939464162,-650.8188481034767
5104.501235552001,5164.366196504321,-59.86496095231996
5121.503494655179,5233.230577651976,-111.72708299679744
5106.81131628581,3847.305007784969,1259.506308500841
5103.1524029904285,4362.217468173619,740.9349348168098
5103.824297185515,3158.8141212071673,1945.010175978348
5126.881955913734,4281.031121279825,845.8508346339086
5112.864553619931,4489.46447657958,623.4000770403509
5106.84912806304,3934.623345982522,1172.2257820805175
4473.9523352558745,4646.759967454009,-172.80763219813434
4502.086841146483,5242.682247664154,-740.5954065176711
4493.014243276775,5214.4139328766105,-721.3996895998353
4478.040397707727,5241.582100720543,-763.5417030128165
4478.969581265409,5159.436374189093,-680.4667929236839
4482.058817185504,5023.318066185393,-541.2592489998888
3909.0019436519187,4525.98235478929,-616.9804111373714
3916.022753799753,5254.726576458817,-1338.7038226590644
3905.634324026643,5292.312968539601,-1386.6786445129578
3902.58504486324,4265.800705890503,-363.2156610272632
3927.308344373982,5191.3677478316,-1264.0594034576184
3132.7626176481854,3160.4870018079328,-27.724384159747387
3136.7542224649296,3675.9534490750098,-539.1992266100801
3153.4488527681847,3948.750531354513,-795.3016785863283
3151.6404871478067,4548.891104759534,-1397.2506176117272
3774.202640301708,5107.451407895872,-1333.2487675941638
3765.755787284906,4362.746307799778,-596.9905205148721
3775.4977034784692,3920.1118391398877,-144.61413566141846
3768.1364293989263,4419.8696972550615,-651.7332678561352
3773.74987049351,5161.6617180043995,-1387.9118475108894
3769.8383288781856,4940.015405101868,-1170.1770762236824
4381.4090210127015,4553.296582864093,-171.88756185139118
4406.123155493283,5162.832989615181,-756.709834121898
4389.961803120775,4495.881820690171,-105.9200175693959
4355.059200337638,5006.238067237359,-651.1788668997215
4366.62579742677,4261.860107814522,104.76568961224802
4391.012990533305,3191.4677119235903,1199.5452786097148
4958.998599065389,4866.443795344856,92.55480372053262
4956.217701605114,5269.103513930469,-312.8858123253549
4932.323859994966,4406.435267768247,525.8885922267191
4956.227583417858,4859.256711014218,96.97087240363999
4961.1473600704,3661.251015823985,1299.896344246415
4961.496362762443,4648.635610920174,312.86075184226866
5181.721342532371,4786.4991811523205,395.22216138005024
5212.710955419487,4781.936519753778,430.77443566570855
5209.1942610046335,5130.107290435796,79.08697056883739
4826.567032775521,4995.040997804224,-168.4739650287038
3130.525981974507,3841.9959997976616,-711.4700178231546
3146.0373668248335,4501.663808905915,-1355.6264420810817
3137.636999298897,4826.689822683332,-1689.0528233844348
3129.015025120773,3861.2853351100216,-732.2703099892487
3853.114397143203,4379.073456460496,-525.9590593172934
3829.577637123412,3944.0712946436856,-114.4936575202737
3835.3029591528048,4391.8183249732065,-556.5153658204017
3841.8531756930897,3882.866271917177,-41.01309622408735
3834.400571062572,5037.084406765251,-1202.6838357026786
3845.900223316166,3862.4757220539486,-16.57549873778271
3831.70229324561,5199.856242053334,-1368.1539488077246
3840.4278451010723,4382.932560531109,-542.5047154300364
4616.91606101876,3693.240318373344,923.675742645416
4631.921584278523,5129.003830198975,-497.0822459204519
4603.505717625308,3866.933230512415,736.5724871128928
4608.598490009175,4533.745316052508,74.85317395666698
4625.268828960723,4838.55040867953,-213.28157971880682
4609.158957709977,5023.481644385516,-414.32268667553944
4613.137009204706,5234.302733853884,-621.1657246491777
5214.265237413133,5127.515426884452,86.74981052868134
5201.918296860704,5247.122904353947,-45.2046074932432
5211.24945240178,4653.00829087283,558.2411615289502
5188.100611313403,4544.240503576233,643.8601077371695
5203.266327005169,4909.299255272282,293.96707173288723
5211.9411098233595,5123.452716636868,88.48839318649152
4546.617318682954,4501.194525991078,45.42279269187566
4530.492579738681,4955.286901392572,-424.7943216538906
5199.786269237587,5178.162110450742,21.62415878684442
5190.446387024473,5026.2208926596195,164.22549436485315
5192.035546329458,4533.342420036983,658.6931262924754
5199.460610622478,5302.5308895552125,-103.07027893273425
5202.6401183806065,5115.583875757594,87.05624262301262
5182.654420576788,5009.972713222236,172.6817073545517
4615.954911732963,3865.70908490624,750.2458268267233
4623.590041753313,4648.859381078367,-25.269339325053807
4608.86089297983,3847.3371992644174,761.5236937154127
4636.0952621035685,5438.572468123568,-802.4772060199994
4616.400161922168,4850.664162379353,-234.26400045718492
4615.058342345311,4487.210163418355,127.84817892695628
4624.061748728406,5121.031383963715,-496.9696352353085
3844.1970903402807,4668.477790812923,-824.2807004726419
3834.6902497595966,4554.542434252001,-719.8521844924044
3863.278480582631,4607.945229958196,-744.6667493755654
3834.931704979988,5198.2863729625005,-1363.3546679825126
3835.809908489774,4927.999046627361,-1092.1891381375872
3841.6392824721142,3925.142030548897,-83.50274807678261
3847.297236717681,4677.491153256127,-830.1939165384465
3846.6622997344925,4648.526155842975,-801.8638561084822
3138.470875805208,4544.537183132541,-1406.066307327333
3128.644004279762,4808.754139633414,-1680.1101353536515
3138.492793985399,5201.817102424298,-2063.324308438899
3142.269930305331,4661.229478218692,-1518.959547913361
3709.9459953237506,4063.5669877362575,-353.6209924125069
4060.602562576391,3150.801041003827,909.8015215725641
4062.18254981983,4553.070009637603,-490.8874598177731
4057.5075231179926,4389.447114953101,-331.93959183510833
4052.7462588423314,5156.988199382564,-1104.2419405402325
4474.239047665736,5174.885905755918,-700.6468580901828
4483.588774864794,5259.581719466191,-775.9929446013975
4478.850730994535,4651.392917809246,-172.54218681471048
4473.7212368236505,4545.590919280321,-71.86968245667049
4461.058635516152,5128.296613068856,-667.2379775527033
4468.56953402041,5109.3150870336,-640.7455530131901
4460.243484134783,5125.451143408986,-665.2076592742033
4471.189795909844,3856.536164225878,614.6536316839661
4473.95683280819,3923.2453135879036,550.7115192202859
4483.03345936917,4063.07422585649,419.9592335126795
3159.8964819568496,5097.923736206069,-1938.0272542492198
3162.2840872571614,5132.599671493373,-1970.3155842362112
3157.117955908343,3790.7855346087536,-633.6675787004106
3629.587942992567,5249.4505520145485,-1619.8626090219814
3635.801183622278,4859.213713604189,-1223.4125299819111
3639.331730716022,4658.499225272477,-1019.167494556455
3628.203562848575,5156.082470988431,-1527.8789081398559
4165.025974775041,5257.574052835113,-1092.5480780600728
4149.874732095487,5265.437155546804,-1115.562423451317
4168.275420564188,3822.8616499083087,345.41377065587903
4165.128362201051,5203.855217823465,-1038.7268556224144
4169.356247195173,5180.1883561965815,-1010.8321090014088
4535.0523743713675,5140.352550404841,-605.3001760334737
4541.244480263833,4659.5640441369305,-118.31956387309765
4536.433000392587,4547.16827265475,-10.735272262162653
4532.639532131075,4486.819367682339,45.82016444873534
4954.311671189553,5200.353105899018,-246.04143470946565
4936.7599285429005,5414.550368407491,-477.79043986459055
4935.128466168324,3640.19302273495,1294.935443433374
4933.088647521021,3689.7675148562353,1243.3211326647856
4918.875905966121,4386.607677170023,532.2682287960979
4920.877885983754,4622.26229812806,298.6155878556938
4942.561012484627,5123.581251012406,-181.02023852777893
4952.542649936217,5126.98981367463,-174.4471637384131
4939.62035392748,5247.728555150075,-308.1082012225952
4170.478438041331,4631.021505425558,-460.54306738422656
3919.3146504030115,5029.743922825586,-1110.4292724225747
3931.5570122263784,4150.282448771278,-218.72543654489937
3911.3092492616256,4245.391690069997,-334.0824408083713
3919.807889501292,3337.9232654689004,581.8846240323915
3919.6845276610325,5359.528201811693,-1439.8436741506607
4477.581650803043,4550.1566144570115,-72.57496365396855
4483.58794256599,5298.631427558438,-815.0434849924486
4472.469429238845,4544.949757917312,-72.48032867846723
4467.740151471902,5236.658842549602,-768.9186910776998
4471.240700117318,4950.580078570883,-479.3393784535656
4490.257103366455,4974.184535779609,-483.92743241315384
5110.725353938185,5200.877944813893,-90.15259087570757
5114.80238528204,5258.353284929551,-143.55089964751096
5119.744742967052,5201.300326479237,-81.55558351218497
5113.081170847184,4669.373898203277,443.70727264390644
5109.277441585044,3859.7050327498578,1249.5724088351858
5110.317408899716,5243.726232209756,-133.40882331004013
5120.45504545472,5034.0788133019505,86.37623215276926
5132.262139258093,5278.730560932059,-146.46842167396608
4494.127097419292,3932.3057891742164,561.8213082450757
4480.741822920689,5290.360333188571,-809.6185102678819
4481.082413880558,5237.960105866055,-756.8776919854963
4471.923638382637,5351.033468123716,-879.109829741079
4486.000179517296,3924.405688686192,561.5944908311035
4469.843597889631,4943.349809690944,-473.50621180131293
3891.6568497676544,4373.782683148392,-482.1258333807373
3902.5674486512776,5116.63124458256,-1214.0637959312821
3892.32375144232,5233.598414677416,-1341.2746632350963
3909.862073125614,4176.592523129008,-266.73045000339425
3921.048817972829,3164.289747550436,756.759070422393
3141.6395725472985,4302.24531219302,-1160.6057396457218
3151.051264338331,5247.816856236633,-2096.765591898302
3151.6482666920956,5148.440323201301,-1996.7920565092054
3134.735240988169,5130.075340694281,-1995.3400997061121
3771.6202476662424,5165.260800140367,-1393.6405524741244
3785.5161545927203,4644.517567278387,-859.0014126856668
3772.2370608938872,4665.155711653909,-892.9186507600216
3771.358627016774,4657.82717143106,-886.4685444142865
3773.42074399436,5388.969310768029,-1615.5485667736689
3791.271711968245,4499.6482568103165,-708.3765448420713
4363.322924956916,5154.790961489322,-791.4680365324066
4389.198901235411,4390.556058838856,-1.3571576034455575
4377.5031706292575,4547.081990173758,-169.57881954450022
4375.8710205423995,4120.191094844634,255.6799256977656
4395.77768990489,4686.217194465094,-290.4395045602032
4390.500191640675,5397.47722278897,-1006.9770311482944
4954.914743038097,4492.654779066451,462.25996397164636
4960.357503536838,4544.847857567413,415.50964596942504
4972.43655790477,4198.298921429342,774.1376364754278
4975.273618969108,5413.72475290486,-438.4511339357523
4969.2385601604165,4563.0028484755,406.23571168491617
4965.3503233307665,4172.80002955196,792.5502937788069
5207.902227625477,5352.438906010809,-144.53667838533147
5202.966693796139,4358.055718664302,844.9109751318374
5199.190708679882,5200.848465724163,-1.657757044281425
4839.048149322159,5316.028914874737,-476.9807655525783
3152.8068411744375,4618.012727150832,-1465.2058859763943
3138.813968452105,3804.8832966281834,-666.0693281760782
3133.1129396268184,4391.262615968038,-1258.1496763412192
3165.221098771627,3889.596868536623,-724.3757697649958
3846.501214692664,4648.5631121261285,-802.0618974334648
3823.922975739555,5097.319789434015,-1273.3968136944595
3842.3272057241898,3955.9648813169183,-113.63767559272856
3841.429410155375,4499.172563981725,-657.74315382635
3839.099346976952,4987.485426441734,-1148.3860794647817
3827.698791240798,5083.723361166791,-1256.0245699259926
3840.6261333182765,5233.180528755722,-1392.5543954374452
3826.6481328889686,4483.782818712393,-657.1346858234247
4627.238953350817,4645.535708942799,-18.29675559198222
4631.052753243754,5283.405842524521,-652.3530892807676
4620.582664944318,5218.703667743437,-598.1210027991192
4634.338226283582,5235.04733777407,-600.7091114904879
4626.882920826137,5182.380014094889,-555.497093268752
4617.474431210252,4668.69291299444,-51.21848178418804
4636.469633006977,5189.475040858026,-553.0054078510484
5222.233604572593,4503.88555646254,718.3480481100532
5228.369475654932,5169.039844555157,59.329631099774815
5195.883419736912,4875.404691635909,320.47872810100307
5203.299444852051,4670.308567708521,532.9908771435303
5194.724512382168,5109.406722084318,85.31779029784957
5191.396895720319,3967.5581914002546,1223.8387043200642
4542.097677462492,4798.7404346867015,-256.64275722420916
4537.946039197024,4488.183155857485,49.76288333953926
5174.068884482695,4656.756305653016,517.3125788296784
5208.694404344241,5290.63362949606,-81.9392251518193
5201.407733054626,4956.305989189482,245.10174386514427
5205.880644179535,5296.032013320415,-90.15136914087998
5187.5916908143245,4476.217739763436,711.3739510508885
5186.3722710091015,4536.877037691579,649.4952333175224
4654.105214028714,4520.759739395741,133.34547463297258
4606.2852802657735,5014.050110527197,-407.7648302614234
4622.015299327107,4399.087088717423,222.92821060968345
4625.049659160436,4943.557105529411,-318.50744636897525
4601.864033426646,5018.147219146525,-416.28318571987893
4615.9222972551315,3189.926737562114,1425.9955596930176
4605.787762590758,4634.647698203111,-28.859935612353183
3834.8288923284385,5165.17944073057,-1330.3505484021312
3840.6873594848516,4992.654452727767,-1151.9670932429158
3848.4113320152687,3959.5885326351913,-111.17720061992259
3850.3038832176453,5190.438862532291,-1340.1349793146455
3828.3443537874505,4542.978228374429,-714.6338745869784
3844.984648934169,5257.928720272504,-1412.9440713383347
3816.811232888108,4534.373220473184,-717.5619875850762
3845.7455380419697,4565.427571567256,-719.682033525286
3144.2011131712297,5241.946517749987,-2097.745404578757
3134.5848320144264,4175.552673597551,-1040.9678415831245
3123.357067493597,4484.527848767979,-1361.170781274382
3152.8051103532143,4349.289885759912,-1196.4847754066977
3694.144749220184,4652.650401695608,-958.5056524754236
4081.921042105442,5351.762223506656,-1269.8411814012134
4048.378108385497,5180.387052582302,-1132.0089441968053
4061.2376108073713,4335.561016030902,-274.32340522353024
4066.8890026976474,4009.2710626165517,57.61794008109564
4474.216394048881,3664.519930851311,809.6964631975698
4471.134951970088,4842.086151384141,-370.951199414053
4460.992293028892,5326.667744494927,-865.6754514660352
4473.554910702014,5245.158817442899,-771.6039067408847
4479.170831209047,4735.338287332901,-256.1674561238542
4467.642073659669,5244.37041448728,-776.7283408276107
4458.284301477456,4540.405365830442,-82.12106435298574
4483.315779924982,4680.963301101315,-197.6475211763327
4460.611424289295,5112.901214053176,-652.2897897638804
4471.858748980742,4880.94249939893,-409.08375041818726
3159.6534101418138,4610.015261677321,-1450.3618515355074
3147.2005716696317,4506.599264760904,-1359.398693091272
3157.415285707669,4981.344126014929,-1823.92884030726
3631.0757323195726,4978.099606215979,-1347.0238738964067
3634.9724799793557,4554.088739553739,-919.1162595743835
3627.5250570722405,5253.142424649939,-1625.6173675776986
3631.6050521982506,4191.297073572174,-559.6920213739231
4159.225331969473,4633.008405674298,-473.78307370482526
4146.212366316517,4624.827564603551,-478.6151982870342
4179.365861488486,3936.1027898322022,243.26307165628396
4167.724762832619,5145.352717684924,-977.6279548523053
4168.3062819828065,3156.3957967623005,1011.910485220506
4547.319778801706,4501.804336535176,45.515442266530044
4530.991387392495,5129.165197696493,-598.1738103039979
4516.9158447721375,4955.110824335581,-438.19497956344367
4547.025484937132,5125.734185101546,-578.708700164414
4932.216934973,3874.841533296193,1057.375401676807
4936.80398431866,5318.2234740004305,-381.41948968177076
4934.8316267033515,5215.033220331475,-280.2015936281232
4928.603935758637,4487.527614350782,441.0763214078552
4951.526790413617,3983.1881629373893,968.3386274762279
4947.206649748038,5049.564229435132,-102.35757968709368
4932.8033565884625,3860.9381416236834,1071.8652149647792
4923.828300439616,3629.2561978761687,1294.5721025634475
4933.049205798507,4155.226222238453,777.8229835600532
4185.9799470155385,3805.279238137461,380.7007088780774
