One Stop Time,Two Stop Time,Difference
5380.564968282139,4884.171480714906,496.393487567233
5363.316460450581,3819.2260477381847,1544.0904127123963
5344.468360073419,5643.060989361036,-298.59262928761746
5387.440287030135,5367.99158083953,19.448706190604753
5350.354766172451,5137.1107628033005,213.24400336915005
5352.595359386541,5475.205165986643,-122.60980660010227
5346.391876946303,4587.033277664956,759.3585992813469
5351.53229348226,5153.776001806158,197.75629167610168
5521.658200959586,4586.234074338225,935.4241266213612
5452.604042324852,5263.895388017509,188.70865430734375
5445.0187078246,5294.357349932909,150.6613578916913
5442.471208150857,4595.62260166625,846.8486064846065
5431.958170451309,5611.319730782788,-179.36156033147836
5425.487779704266,4585.490948003314,839.9968317009525
5439.248060525029,5179.626291755852,259.6217687691769
5434.77601900976,5438.691515873869,-3.9154968641096275
5426.620990075101,5690.371507011733,-263.75051693663227
5453.700367317263,5801.8940106393575,-348.19364332209443
5403.669631578365,5775.028528194998,-371.3588966166335
5384.54058044107,5504.405206766997,-119.86462632592702
5339.238041270287,5679.3378512576655,-340.09980998737865
5377.7356446955,4051.9726015915294,1325.7630431039706
5347.143068789255,5425.7533278405135,-78.61025905125825
5355.830623189021,5019.670184782854,336.1604384061666
5374.239061962954,5381.93029917356,-7.691237210606232
5361.079695026433,5658.476988112519,-297.3972930860864
2997.3693228272173,5030.610582890034,-2033.2412600628163
3007.664417323795,4791.427661849644,-1783.7632445258491
3011.30650413805,5671.2052896921205,-2659.8987855540704
3912.240760063286,5148.245882805002,-1236.0051227417161
3954.817092220075,5404.1713194018,-1449.354227181725
3947.6628685796854,5369.1133963829625,-1421.450527803277
3909.993797332648,5682.487829246615,-1772.4940319139669
3919.765689759707,5523.117716840789,-1603.3520270810823
3935.1178416209355,5333.620388223961,-1398.5025466030252
3922.8037564772912,5297.1980744025595,-1374.3943179252683
3929.137546047559,4702.322971770541,-773.1854257229816
3946.391924800081,5341.339566605702,-1394.947641805621
4786.259995906428,3813.2741110929287,972.9858848134995
4825.779855992711,5406.213037061928,-580.4331810692165
4819.353854970284,4894.599470901402,-75.24561593111775
4820.790838863243,4745.549590311275,75.24124855196806
4792.394314717862,4600.297762538958,192.09655217890395
4788.398059521073,5034.6407554965135,-246.24269597544026
4793.547077348996,3930.8752642541326,862.6718130948634
4791.59914143959,5652.361625402589,-860.7624839629989
4796.106385158503,5471.532953783598,-675.4265686250947
5469.8885237004,3033.792908169959,2436.0956155304407
5483.3617124693,5748.2310594545415,-264.86934698524146
5476.76162672368,5335.524042244038,141.23758447964155
5459.31538219318,5297.914271897456,161.4011102957238
5474.73748997301,4740.46754736226,734.2699426107501
3014.256907201152,5606.373897511987,-2592.116990310835
3005.6909120310697,5718.110524294094,-2712.419612263024
3810.5353927896035,5386.327413397356,-1575.7920206077529
3805.126156046473,5326.575280771508,-1521.4491247250348
3818.3164837369236,5673.684628112472,-1855.3681443755481
3814.587208109036,3819.3289333941,-4.741725285064149
3812.4859539205886,4838.193625033605,-1025.7076711130162
3821.363782520482,5392.82488441703,-1571.4611018965484
3800.2719294566023,4796.230760928779,-995.9588314721768
3810.0706307684113,5361.40261015191,-1551.331979383499
4599.830017927989,5122.40378538737,-522.5737674593811
4591.537766834173,4588.745791638139,2.7919751960344
4607.39980921579,5384.289183556487,-776.889374340697
4593.861242013694,5693.50986341489,-1099.6486214011957
4618.713996106505,5398.042845343792,-779.3288492372867
4614.528609292099,5386.413523198513,-771.8849139064141
4613.313191092799,5673.258885178576,-1059.9456940857772
5207.531506123933,3943.746865974116,1263.7846401498164
5232.129309905244,5547.490916582787,-315.361606677543
5186.384745102306,5464.875449965146,-278.4907048628402
5205.501263718496,5560.153058367052,-354.65179464855555
5216.2534268128775,4734.789949059419,481.4634777534584
5204.312466439774,5166.341642709922,37.97082372985187
5193.672903727689,5640.7046327453045,-447.03172901761536
5215.2202348502315,5605.237876891176,-390.01764204094434
5415.760027431388,5119.310680007524,296.4493474238643
5415.87892447215,5651.520666077598,-235.64174160544826
5207.684455700876,5077.164675608471,130.5197800924052
5193.522046461527,5505.498294293737,-311.97624783221
5189.053830418543,5660.238621963501,-471.184791544958
5203.324848933651,5735.5204506069485,-532.1956016732975
5196.395241380826,5432.812195339619,-236.41695395879378
5198.486048471312,5135.451399810327,63.03464866098511
5212.770100921487,3948.0364127956104,1264.7336881258766
5219.9112458880745,5450.641963495817,-230.73071760774292
4604.263769147546,5052.118945876973,-447.8551767294275
4599.283424463435,5503.005974156387,-903.7225496929523
4604.98101259967,3807.2180315048968,797.7629810947733
4610.303725471826,5100.497501075768,-490.1937756039424
4594.070548678456,4591.6590860587885,2.411462619667873
4625.31161085912,5677.640124951746,-1052.3285140926255
4617.961538921627,5191.910874418319,-573.9493354966917
3806.5676095429512,5725.24660468789,-1918.6789951449387
3813.2897916868474,5352.208693590716,-1538.918901903869
3802.9730728911773,5469.380705404813,-1666.4076325136357
3822.67522547061,4964.748546089904,-1142.0733206192945
3836.9395641073393,3052.8925793886765,784.0469847186628
3835.4934248026084,5720.202658343288,-1884.7092335406796
3788.1902634530625,5079.268110701035,-1291.0778472479724
3818.3912462601756,5724.273212059276,-1905.8819657991007
3002.7481803656856,5655.989205462286,-2653.2410250966004
3013.741955168252,5564.030251697865,-2550.2882965296135
5055.914250031742,4599.733869349479,456.1803806822627
5057.570574292239,5664.158346770566,-606.5877724783268
5057.168291574025,4488.380002431273,568.7882891427516
5373.224259324239,5573.250454715794,-200.02619539155512
5388.740256364846,4762.198373764883,626.5418825999623
5376.568938958947,5446.821698598494,-70.25275963954664
5348.888315636573,5368.614146357904,-19.725830721331477
5389.223685536147,4920.741098872363,468.4825866637839
5387.1265865444975,4530.150734014787,856.9758525297102
4748.240399593471,4616.100039789892,132.14035980357858
4736.61954196409,5380.291920195989,-643.6723782318995
4732.774941147709,5443.392374151143,-710.6174330034337
4724.662730540975,5476.518609075807,-751.8558785348323
3016.6805025258154,5162.881089529911,-2146.2005870040957
3559.2693222472376,5667.064092859673,-2107.7947706124355
3555.317603433487,3814.2312471001674,-258.9136436666804
3568.2846565073132,5132.550572574501,-1564.2659160671874
3533.933905435761,5363.213307027053,-1829.2794015912918
3558.299965608876,5344.375730823579,-1786.075765214703
4061.4651080596273,5576.286647443181,-1514.821539383554
4044.669285520185,5672.429582904999,-1627.7602973848138
4046.3201859390547,3797.6102584915693,248.70992744748537
4041.858063038216,4595.066031036714,-553.2079679984977
4054.627911441652,5774.720445364015,-1720.0925339223631
4525.485459804734,5447.857179179791,-922.3717193750572
4499.570772277499,5174.19203330449,-674.6212610269913
4524.683604401949,4506.241702018252,18.441902383697197
4506.9091084051015,4517.537822159215,-10.62871375411305
4497.941485264021,4738.051464260325,-240.10997899630365
4897.927488777898,5364.309709038888,-466.3822202609899
4865.921639986562,5365.012539455359,-499.09089946879703
4883.945321049694,5573.136435489113,-689.1911144394189
4907.0468033221205,5684.152315309595,-777.1055119874745
4895.318004593951,5493.5350069559145,-598.2170023619638
4885.651911454092,5069.358118216727,-183.7062067626348
4884.719276791331,5661.378120004313,-776.658843212982
4899.198837217431,4877.691408073649,21.507429143782247
4893.0605893352595,5412.5141310875315,-519.453541752272
4891.885266318214,5559.822046715087,-667.9367803968726
5380.564968282139,5530.671914500988,-150.10694621884977
5344.468360073419,5460.569781021668,-116.10142094824914
5350.354766172451,3816.7322275315296,1533.622538640921
5346.391876946303,5163.216439680393,183.17543726590975
5365.019121373959,5226.157570295469,138.86155107849027
5371.55598097305,5176.31304061306,195.24294035998992
5358.495443599762,5524.951769766787,-166.4563261670246
5365.785333673482,4484.132628640723,881.6527050327586
5508.5378876899995,5495.152528186443,13.385359503556174
5477.132358429913,5554.640347640353,-77.50798921043952
5412.700768121836,5362.358528225964,50.3422398958719
5420.605795640804,5425.7533278405135,-5.147532199709531
5447.701788814503,4595.887206210744,851.8145826037589
5423.745892428312,4956.790097516257,466.95579491205444
5446.401918599124,5492.714081352752,-46.3121627536284
5451.949542884647,5280.967479009803,170.98206387484333
5400.874044079236,4682.30576706941,718.5682770098265
5452.286533135405,4592.219293670273,860.0672394651319
5353.03412814618,5008.692368226476,344.3417599197037
5350.989041080936,5119.476991265325,231.51204981561114
5382.820741880036,5260.577703025481,122.24303885455447
5349.551359892369,4346.526820908938,1003.0245389834308
5349.108914628565,5424.662987675295,-75.55407304673008
5348.30948308793,4598.331229332109,749.9782537558212
5377.060457199639,5394.843009517958,-17.782552318319176
5353.01412692352,5516.950728509667,-163.93660158614694
3000.808207692032,4710.679250944247,-1709.8710432522148
2999.442490374031,5571.159267306596,-2571.716776932565
3006.728320671492,5159.318434101469,-2152.5901134299775
3941.185312155941,5184.439073547993,-1243.2537613920517
3930.1691853068533,3797.8803026563673,132.2888826504859
3934.583835451271,4858.409687201469,-923.8258517501977
3934.153626739073,5435.534680529254,-1501.3810537901809
3947.5539071892667,3829.7190994688917,117.83480772037501
3940.0670086160826,5673.258885178576,-1733.1918765624932
3958.026313262786,5044.657678831546,-1086.63136556876
3939.3982670760392,5102.966719016312,-1163.5684519402726
3942.5887351344577,3949.65001477748,-7.061279643022317
4815.049461727108,4607.803818757659,207.24564296944845
4790.191494421608,5469.029457738231,-678.8379633166232
4790.946481233344,5672.433787651356,-881.4873064180128
4811.933279907628,4606.080569116278,205.85271079135055
4803.910483243128,5509.208362818289,-705.2978795751615
4825.33568065989,5528.3963359049885,-703.0606552450981
4797.564673400992,5579.552163285028,-781.9874898840353
4804.584974409382,5276.745616041784,-472.1606416324021
4818.587067691619,5614.888683499338,-796.3016158077189
5459.809696512009,5044.597716123891,415.2119803881187
5455.325307824111,5157.183109041732,298.14219878237964
5484.0828961767675,5544.14693763364,-60.064041456872474
5454.312145651918,5138.847452129289,315.4646935226292
5463.673276125209,5729.451932313836,-265.7786561886269
3002.848814169972,5130.32923202639,-2127.480417856418
3022.234429766893,5380.651377847378,-2358.4169480804853
3828.510135630849,3830.4053258784465,-1.8951902475973839
3800.6124828651755,5581.482804328042,-1780.8703214628667
3826.9987560956793,3039.777175695073,787.2215804006064
3814.3254192023796,5409.831307841026,-1595.505888638646
3812.791754093663,5512.848084244884,-1700.0563301512216
3816.1288008330025,5667.064092859674,-1850.9352920266715
3821.1441350930777,4728.989686803708,-907.8455517106299
3812.0197048444993,4728.5700628789355,-916.5503580344362
4595.472252912415,5322.1818462390365,-726.7095933266219
4599.030936870968,5646.849420728891,-1047.8184838579236
4636.501284405529,4623.842204266022,12.659080139506841
4635.699429002744,5702.814572914849,-1067.115143912105
4608.957309864816,4605.316070290161,3.641239574654719
4591.378920630048,5838.669270766573,-1247.2903501365254
4627.688291860547,5621.625246603689,-993.9369547431425
5195.730669277438,5357.464278124034,-161.73360884659542
5212.697139921598,5452.220607876457,-239.52346795485846
5201.3835690223805,4965.308971415119,236.07459760726124
5232.091389255507,5409.714673512959,-177.62328425745181
5228.164865646904,5401.363252228963,-173.19838658205845
5217.9163091530345,5879.413025821238,-661.4967166682036
5206.52446456561,5181.687243582769,24.837220982841245
5207.446288799205,4802.748271841434,404.69801695777096
5437.228560360432,5351.300348067273,85.92821229315905
5432.620703140626,5735.548073945126,-302.92737080450024
5198.536022356567,5325.616619890647,-127.08059753407997
5224.989526567035,5687.617896504286,-462.6283699372516
5209.4872981728895,5497.661836409604,-288.1745382367144
5192.756220590625,5090.487909291375,102.26831129924994
5218.1198004613525,5525.551828687644,-307.43202822629155
5227.58685024012,3828.5717393191167,1399.0151109210033
5203.634162155086,5532.005083301593,-328.3709211465066
5205.129619054614,4811.366514856314,393.7631041982995
4604.909381080625,4960.379496134803,-355.47011505417777
4605.505701591829,4598.862588759985,6.643112831844519
4617.236416211557,4613.022239290786,4.214176920771024
4606.95168059189,5390.9880043058065,-784.0363237139163
4595.051693563756,5150.83720176284,-555.7855081990838
4615.430375477662,5166.743028238181,-551.3126527605191
4607.758810919227,4783.104672619651,-175.3458617004244
3811.365679094728,5273.040363531807,-1461.6746844370791
3803.350548842114,5159.67634048448,-1356.3257916423654
3790.718829737448,5333.501093310511,-1542.7822635730636
3800.1602082758723,5558.601035876305,-1758.4408276004328
3806.2608377058996,5166.918278015458,-1360.6574403095583
3807.2652683591245,5509.171664066846,-1701.906395707721
3813.2397973004686,5292.74316711295,-1479.5033698124812
3792.343831760169,4775.683550285811,-983.3397185256422
3041.247900400327,4832.7992408400805,-1791.5513404397534
2993.55008068562,5410.232645363889,-2416.682564678269
5055.904533650453,5438.088479731059,-382.1839460806059
5047.764045301157,3799.4379757435318,1248.3260695576255
5075.445894336169,5512.320105591514,-436.8742112553455
5373.49019577704,4612.331329211776,761.1588665652635
5374.704645908673,5417.627744540431,-42.923098631757966
5386.224481184083,5185.8135511314595,200.41093005262337
5376.340059603942,5706.644546324826,-330.3044867208837
5354.464839152038,5771.136795692768,-416.6719565407302
5374.994456538171,5183.026709031361,191.96774750681016
4710.2959610637035,4831.570358796951,-121.2743977332475
4729.656188281997,5175.712670775843,-446.0564824938465
4732.004110861475,4477.9292472512225,254.07486361025258
4715.668172683986,4042.3119014915987,673.3562711923873
3016.1547146022194,3944.8500651100635,-928.6953505078441
3565.1624635177495,5811.508317912278,-2246.345854394528
3538.506123541525,4568.441890626104,-1029.9357670845793
3558.5841049451356,5423.5412823302195,-1864.957177385084
3550.6307669343623,4593.2509368360115,-1042.6201699016492
3557.9611020849998,5658.8597303477945,-2100.898628262795
4067.6394230001806,5618.371229476794,-1550.7318064766132
4044.7313600073226,4792.768869409783,-748.0375094024607
4055.5980275329844,5781.244175593598,-1725.6461480606135
4047.52910319105,5528.448900843666,-1480.9197976526157
4037.6195153527938,5336.007986501265,-1298.3884711484711
4498.482520679374,5241.8955248502025,-743.4130041708286
4498.249325040701,5163.67932319701,-665.429998156309
4517.467486067305,5619.284963687939,-1101.8174776206342
4485.119379948072,5670.165305598392,-1185.04592565032
4505.681760398029,4104.82618533834,400.8555750596888
4877.604938237773,5517.252353155441,-639.6474149176674
4890.144262632971,5369.438672778453,-479.2944101454823
4865.771444786735,5490.089468445616,-624.3180236588814
4895.970102908709,5752.067423472511,-856.097320563802
4880.843039025163,5821.4173098412275,-940.5742708160642
4916.39721729456,5159.128526936314,-242.7313096417547
4904.093340083161,4625.483032481652,278.6103076015088
4928.580112195104,5213.134207794535,-284.5540955994302
4887.296008407212,5477.947156933197,-590.6511485259853
4867.152402334785,4779.2973219710775,87.8550803637072
5380.564968282139,5070.675681903409,309.8892863787296
5387.440287030135,5297.905989631271,89.5342973988636
5346.391876946303,5318.992062758339,27.399814187963784
5379.1413154733045,5677.52659277555,-298.3852773022454
5358.495443599762,4783.690730078798,574.8047135209645
5361.313292158211,5663.371341986137,-302.05804982792597
5403.669631578365,5727.372765843968,-323.7031342656037
5377.7356446955,5732.5967323833775,-354.86108768787744
5533.618686429402,5423.310888163711,110.30779826569142
5440.74769956919,4489.707854503113,951.0398450660778
5451.949542884647,5701.903606987354,-249.95406410270698
5422.231591745618,5504.153681637552,-81.92208989193387
5426.496854997728,5044.587270995035,381.909584002693
5458.804420123827,5301.5459309872995,157.25848913652771
5423.014086743919,5846.785529501358,-423.7714427574392
5418.159966220566,4495.386275826487,922.7736903940795
5450.523184051188,5509.6850227207115,-59.161838669523604
5458.515657523975,4505.546689920995,952.9689676029802
5364.878474019931,5666.478307924103,-301.59983390417256
5362.661887793149,5602.776214326569,-240.11432653342035
5363.701922545494,4589.757391062473,773.9445314830209
5345.445113701158,5500.781274014408,-155.33616031324982
5372.006050344691,4606.86883366566,765.1372166790316
5364.517778175316,5441.949064996715,-77.43128682139832
5366.487535769881,5252.324940863324,114.16259490655739
5354.659175779076,4602.501343404493,752.1578323745825
2995.4253834417927,4788.15575986905,-1792.730376427257
2981.877414860402,4464.989577684835,-1483.1121628244332
3004.9583195083937,5512.9438874065145,-2507.9855678981207
3930.522326020969,5490.5759554062315,-1560.0536293852624
3929.0575429951086,5401.842578428248,-1472.7850354331395
3950.3780957950503,4806.722342747855,-856.3442469528045
3924.870328741428,4587.157091882895,-662.286763141467
3961.3906806528576,5593.9695205588805,-1632.578839906023
3931.8968997722486,5376.063882377252,-1444.1669826050038
3943.7783791367506,5335.717574605121,-1391.9391954683701
3951.8759794228586,5524.086909448861,-1572.2109300260022
3954.9024701747,5680.910956304244,-1726.008486129544
4812.582419871683,5399.31535796971,-586.7329380980273
4815.956149220334,4965.049246477728,-149.09309725739422
4811.252185392565,4512.739378117191,298.51280727537323
4806.293479529435,5025.538471583675,-219.24499205424036
4789.312185808525,4031.7414346070877,757.5707512014374
4808.249203577711,5440.201011894672,-631.9518083169605
4809.5278194522325,5179.528083360333,-370.00026390810035
4798.868058525677,4583.200326602379,215.66773192329765
4796.574648930076,5655.60683108785,-859.0321821577736
5473.91068001033,5665.648859547415,-191.73817953708476
5499.378916576554,4612.013536979183,887.3653795973705
5470.507324823198,5599.412827500104,-128.9055026769056
5477.811991886656,5394.47463232348,83.3373595631756
5496.394085172721,5412.619284863094,83.7748003096267
3014.624512010047,5392.551726982388,-2377.9272149723406
2996.2997537224414,5409.928134248036,-2413.628380525595
3807.0698377852423,5253.746199624634,-1446.6763618393916
3817.2585239441073,4589.6236683102525,-772.3651443661452
3835.0557134127343,5569.29613749109,-1734.2404240783558
3831.1231403448805,4517.310191020476,-686.1870506755954
3806.9338403685556,5167.370001758803,-1360.436161390247
3805.173631793169,5663.131675155299,-1857.9580433621295
3815.8082422649227,5100.158876824641,-1284.3506345597184
3807.313149927487,3940.9309453506544,-133.61779542316754
4607.758810919225,5135.807070981787,-528.0482600625619
4605.605957717899,4032.1604923976956,573.4454653202038
4597.862268064415,5511.199534778745,-913.3372667143303
4601.350178131874,5243.9961004282695,-642.6459222963958
4598.408706686092,5088.043321336641,-489.63461465054934
4592.893428128873,4582.002474510482,10.890953618390995
4632.324802283607,5385.525842845767,-753.2010405621604
5210.162909253041,5670.528453383279,-460.36554413023805
5196.074846788126,4497.143016774152,698.9318300139739
5217.0487304590415,4882.199774341609,334.84895611743286
5211.302430987524,5604.235404294407,-392.93297330688347
5193.046035382236,5700.184984119939,-507.1389487377028
5191.062624230887,5511.510777271996,-320.4481530411085
5194.418671378422,5377.363275788654,-182.9446044102324
5200.88199757747,5784.048629434996,-583.1666318575253
5401.494838740729,4824.711927820332,576.7829109203976
5438.046060701855,5189.962343194605,248.08371750725019
5211.092829031841,4723.7953338327725,487.2974951990682
5210.928354198588,5628.456354256728,-417.5280000581406
5211.89084107195,5164.403126370124,47.48771470182601
5220.13151796293,4615.93493944648,604.1965785164502
5218.356181248833,5033.376830119838,184.9793511289954
5190.9261045943185,3939.330604377758,1251.5955002165606
5189.377961026153,4579.817637925279,609.5603231008736
5194.121963807235,5652.392035022756,-458.27007121552106
4620.22422780606,4597.083255459448,23.140972346612216
4616.697584998822,4852.803969337887,-236.1063843390648
4604.006384846306,3948.7061836009016,655.3002012454044
4590.412933325159,3922.535830157724,667.8771031674355
4599.851068176708,4858.773374465432,-258.92230628872403
4637.038705832985,5462.326592348657,-825.2878865156717
4614.693082094014,4809.084423785124,-194.39134169111003
3812.8890089884885,4305.644960398495,-492.7559514100062
3825.031656672857,4726.37943423202,-901.3477775591628
3826.352024538035,4618.302514496658,-791.9504899586227
3804.6358439198916,5167.637380235486,-1363.001536315594
3818.7089624787773,4731.387072928956,-912.6781104501783
3814.5681232016013,4603.87810159617,-789.309978394569
3809.3970145646585,5377.818768271064,-1568.4217537064055
3819.743546411398,5370.465730785028,-1550.7221843736306
3014.2022079854514,5500.962021762136,-2486.7598137766845
3005.5132831459714,3560.6906441814194,-555.177361035448
5053.063451870852,5671.8984048771135,-618.8349530062615
5070.148820637117,5147.200593390169,-77.05177275305232
5054.196347451795,5522.4480105307985,-468.25166307900327
5381.973047016504,5346.632303974954,35.34074304155001
5406.070987058917,4867.9054290497525,538.1655580091647
5367.596928349088,5457.585706113685,-89.98877776459722
5383.255214346259,4355.475809493708,1027.7794048525511
5352.279213676867,4567.58544547248,784.6937682043863
5344.51790142974,4580.174759322596,764.3431421071436
4709.070175803987,5723.4249547687805,-1014.3547789647937
4727.587172853371,5663.566463575801,-935.97929072243
4725.388628772055,4897.053158615557,-171.66452984350144
4734.570273065082,5739.591682363039,-1005.0214092979568
3007.5004207216034,5597.898413966704,-2590.3979932451
3570.728005733236,5440.099564766774,-1869.3715590335382
3553.5487220139607,4784.107314144046,-1230.558592130085
3545.668565213669,5149.027245470255,-1603.3586802565865
3558.192383748192,5446.068902741667,-1887.8765189934757
3552.970217470597,3556.223450114532,-3.253232643935007
4072.4445443946224,5178.824708699388,-1106.3801643047655
4060.4450640814257,5520.760873886588,-1460.3158098051626
4031.890581835569,5333.133684881803,-1301.243103046234
4047.609103899007,5441.24623997389,-1393.6371360748826
4048.8320426009836,5624.670337211646,-1575.8382946106626
4504.156768337314,5479.828537727533,-975.6717693902192
4497.274804402563,5493.854081412337,-996.5792770097742
4513.807958674718,5496.203803569295,-982.3958448945768
4475.759752086027,5311.705527430628,-835.9457753446004
4511.389965691004,4619.2358849074635,-107.84591921645915
4871.23930473018,4779.621151504967,91.61815322521306
4902.693134503301,5338.2175095089615,-435.52437500566066
4904.957823990461,4364.3299273483535,540.6278966421078
4887.261221522209,5339.913057606618,-452.6518360844093
4867.922257225675,4713.332635185499,154.58962204017553
4884.783675283552,5744.166100973373,-859.3824256898215
4885.526989478823,5051.949789545787,-166.42280006696365
4880.336013988069,5577.179894044776,-696.8438800567073
4864.066199551309,5222.290453147163,-358.22425359585395
4914.089544096597,4997.154021992758,-83.0644778961614
5380.564968282139,4728.411382678916,652.1535856032224
5350.354766172451,5091.7544401795385,258.6003259929121
5365.019121373959,3041.91232696941,2323.106794404549
5358.495443599762,5323.620924982553,34.874518617209105
5353.158263223551,5437.702533318126,-84.54427009457504
5339.238041270287,5465.163593617966,-125.92555234767951
5374.239061962955,5676.072852137377,-301.83379017442167
5372.939191747574,5368.585200765645,4.353990981929201
5483.651202343993,5299.315455840909,184.335746503084
5426.496854997728,4474.738266199424,951.7585887983041
5456.283468731584,4503.466483750338,952.8169849812466
5422.571641480114,5601.145392920002,-178.57375143988884
5450.523184051188,3561.763163383583,1888.7600206676047
5426.643777293125,5257.000548404159,169.6432288889655
5438.9545520567635,5543.084224820832,-104.12967276406835
5437.164649397043,5362.565969649747,74.59867974729605
5431.399827054666,5632.615007521364,-201.21518046669735
5465.235700130552,4518.142528562369,947.0931715681827
5366.487535769881,4870.46357482547,496.02396094441156
5376.206506901615,5043.82517133338,332.38133556823504
5350.508318512911,5354.281195033018,-3.7728765201072747
5359.4723205226965,5656.1338165213865,-296.66149599869004
5353.12651068056,4862.0474586020055,491.0790520785549
5374.148904971186,3032.5216587836867,2341.6272461874996
5345.024052554451,5647.871913744181,-302.8478611897299
5344.0108903822575,4998.941496786224,345.0693935960335
2989.400114660852,5403.450767860617,-2414.050653199765
3007.064866382477,3967.1407198486104,-960.0758534661336
3003.9058536801067,4889.967830286196,-1886.061976606089
3936.6029163844337,5511.026466097179,-1574.4235497127452
3947.0413909433287,5372.104284325738,-1425.0628933824096
3930.2260704356986,5588.095549698574,-1657.8694792628758
3963.255101928811,5538.94793545917,-1575.6928335303592
3936.6642209475795,3023.772170094976,912.8920508526035
3950.4421093838305,5404.2269922245605,-1453.78488284073
3946.119688159961,4744.945240470665,-798.8255523107046
3961.988392613051,3959.1220006369417,2.8663919761092984
3956.062262880394,5459.4433979811465,-1503.3811351007525
4812.870723571022,5574.582320976429,-761.7115974054077
4806.933273090084,5236.2149000980335,-429.2816270079493
4822.77585895375,3950.356543757749,872.4193151960008
4800.080518742024,3818.0101660419987,982.0703527000251
4827.411077116999,4531.607722661831,295.8033544551681
4814.5540538264295,4612.967351211379,201.58670261505085
4803.941158424327,5364.0353945323905,-560.0942361080633
4809.232929529448,5621.157513021636,-811.9245834921885
4809.711624415219,5330.368315327349,-520.6566909121293
5478.383573243944,5794.089291344122,-315.7057181001783
5450.265870201061,4594.1578867578255,856.1079834432358
5467.142989380237,5361.488436877388,105.65455250284867
5479.487478460761,5391.853441966674,87.63403649408701
5488.552404420252,4738.13467422278,750.4177301974723
3006.570879738259,5368.625752879511,-2362.0548731412523
3014.1520814861165,5361.984193481228,-2347.832111995112
3823.302178494816,5490.849112922181,-1667.5469344273652
3822.987194513105,5605.46217509995,-1782.4749805868455
3824.4724150696766,5177.050616154658,-1352.5782010849816
3812.194378925065,3943.611123036999,-131.4167441119339
3805.3765948030955,4722.855661098123,-917.4790662950277
3818.0219421035144,5455.768108659497,-1637.7461665559822
3815.4435835309,3011.567172084947,803.8764114459532
3814.8205806707642,5150.972258174891,-1336.1516775041268
4604.578535294492,4871.369416599272,-266.79088130477976
4598.33207058328,3016.8940738738197,1581.4379967094605
4609.498345280169,5448.860049290841,-839.3617040106719
4628.4833106681,5755.2747592453925,-1126.7914485772926
4616.697584998823,4800.609039925517,-183.9114549266942
4604.871844730876,5620.402349201903,-1015.5305044710276
4615.998269216734,4601.569138672917,14.429130543817337
5227.386833403504,5140.260400818103,87.12643258540083
5239.180870018449,4616.558818574469,622.6220514439801
5180.650705038951,5649.9909389213035,-469.34023388235255
5228.656133660641,4822.098759129391,406.5573745312504
5215.197110249697,4798.855387370961,416.3417228787366
5190.199008951515,5507.247670431844,-317.04866148032943
5194.2575277072265,4746.3656642742935,447.89186343293295
5187.9527950360025,5559.766091809967,-371.8132967739648
5415.410657173316,4733.784058456912,681.6265987164043
5417.7741974245955,5159.436263414482,258.3379340101137
5193.621667977575,5399.741657761787,-206.1199897842116
5228.591969709798,5692.094083639278,-463.5021139294804
5235.030669752668,5209.607421520619,25.423248232048536
5203.0110298227055,4802.402146042368,400.60888378033724
5185.981111234386,3811.9715142637588,1374.0095969706272
5177.20777627023,5686.1356499910335,-508.9278737208033
5217.19681753673,5558.781136825527,-341.5843192887969
5237.275211587443,4083.156246765084,1154.118964822359
4612.251902035117,5371.9864025476745,-759.7345005125571
4597.14039015505,3023.6415689306245,1573.4988212244257
4614.48099472916,5438.867488582985,-824.3864938538254
4589.6714821264,5586.391403576657,-996.7199214502562
4595.61913714991,5468.459742195614,-872.8406050457043
4609.078682064435,5669.1510764592695,-1060.0723943948342
4619.248031473656,5334.231707420245,-714.9836759465888
3807.2757279419657,5162.109327532728,-1354.8335995907619
3825.1537754370815,5686.676899480503,-1861.5231240434218
3821.6918939612824,4791.166868730388,-969.4749747691058
3825.0770823081975,5053.8779885524455,-1228.800906244248
3815.3838129134574,4586.05968094711,-770.6758680336525
3823.2623519648314,5453.7172096364775,-1630.454857671646
3803.0678441942905,4039.442729110942,-236.37488491665135
3799.3591673611418,5499.900724240593,-1700.5415568794515
3011.017755422436,5687.287478944145,-2676.269723521709
3020.426157356011,5380.753306890424,-2360.327149534413
5053.890230029114,5303.043663856905,-249.15343382779156
5049.523515205267,5162.676747560258,-113.1532323549909
5057.496664456994,5448.579198327812,-391.0825338708182
5367.365628333723,5271.194385663567,96.17124267015606
5356.689401511021,5586.2347124634525,-229.54531095243146
5373.553412755037,4811.657500969491,561.8959117855466
5342.1243240864,5502.0160819299745,-159.89175784357485
5355.419802333673,3811.3464942340784,1544.0733080995947
5379.352590575891,4980.979172787326,398.37341778856444
4733.863470450785,5532.075462124798,-798.211991674013
4712.085672730378,5578.355115833077,-866.2694431026994
4727.324390698901,4738.9376043542115,-11.613213655310574
4740.47580541691,4803.749764100551,-63.27395868364147
3006.3369470184525,5517.42354882048,-2511.086601802028
3566.7713077450276,5666.342759501321,-2099.5714517562933
3559.9631423891637,5783.080218047335,-2223.117075658171
3561.5117754042194,5361.761333200024,-1800.2495577958043
3543.7550002951,5666.632668045557,-2122.8776677504566
3554.0133209140877,5639.212261178056,-2085.1989402639683
4060.7714969689114,5472.098093391451,-1411.3265964225393
4056.1882083549976,5335.210289461081,-1279.022081106083
4075.7220115545615,3570.920320067481,504.80169148708046
4061.3149470631197,4608.25394568193,-546.9389986188107
4052.521559268889,4733.05928369548,-680.537724426591
4495.917985239114,4795.626785155285,-299.7087999161704
4510.659691319267,5498.295906557312,-987.6362152380452
4514.86933525209,5681.235119998597,-1166.3657847465065
4499.9717675351185,5372.172041577761,-872.2002740426424
4483.559247534848,5263.420884242024,-779.8616367071763
4884.5854609416565,4605.949292339179,278.6361686024775
4877.6686842505305,5723.506475650571,-845.8377914000403
4875.72050848721,5161.126690766213,-285.4061822790027
4878.591764420665,5590.701730822049,-712.1099664013846
4886.680455829689,4590.67911738705,296.0013384426393
4896.077862192799,5665.163637615637,-769.0857754228373
4873.677271537053,3812.1857128918064,1061.4915586452462
4881.190478012202,3930.5154722507455,950.6750057614568
4901.716269551606,4623.162080146988,278.5541894046182
4884.4939924283335,5658.913055955721,-774.4190635273872
5380.564968282139,4767.690314148954,612.8746541331848
5352.595359386541,5124.000109610958,228.5952497755825
5371.55598097305,4358.100594750507,1013.455386222543
5361.313292158211,5738.375612883076,-377.06232072486546
5339.238041270287,5349.325503288441,-10.087462018153929
5361.079695026432,4791.323898360015,569.7557966664172
5378.486816033098,5455.416816374567,-76.93000034146917
5330.388285820993,5408.959020455736,-78.57073463474353
5539.736626996342,5348.488340369003,191.24828662733944
5418.159966220566,5329.075790710254,89.08417551031198
5426.476853775069,5148.322466593609,278.15438718146015
5434.267820107258,5365.887347977131,68.38047213012669
5437.164649397043,4600.222699840001,836.9419495570419
5419.063210222389,4819.159487794241,599.9037224281483
5462.578308808177,5544.548814197684,-81.9705053895068
5428.1219026306235,5443.124114676952,-15.002212046328168
5423.971045364459,5794.150286074975,-370.17924071051584
5459.835795793499,5511.599629894182,-51.7638341006832
5364.267815486791,5264.122788164936,100.1450273218552
5366.27631623094,5248.19764101621,118.07867521473054
5344.0108903822575,5370.097238182198,-26.086347799940995
5362.867647830592,5331.717574605121,31.150073225471715
5342.472372766809,4789.174563234391,553.2978095324179
5364.299656334871,5720.55833392056,-356.25867758568893
5366.8140226721325,5248.220048321393,118.5939743507397
5358.753292910231,5378.3222235595495,-19.568930649318645
3013.463088260204,4503.427141134626,-1489.9640528744221
2988.6100561804374,5372.144879097091,-2383.5348229166534
3006.082623453616,3828.0612103165527,-821.9785868629365
3926.9549670421075,4334.825331166403,-407.8703641242955
3939.2229497481726,5332.9453352390765,-1393.722385490904
3941.035092629065,5820.448064158917,-1879.4129715298523
3951.7812755241926,3833.988345220447,117.79293030374538
3939.1557797943583,5056.003311773505,-1116.8475319791464
3936.8855024985114,4594.577032916413,-657.691530417902
3937.3189323236606,5439.967493197849,-1502.6485608741882
3937.7054981151737,5575.335492125404,-1637.6299940102303
3934.069581484636,5583.157480059998,-1649.0878985753625
4794.988018763038,3794.922879722615,1000.0651390404228
4801.634333509952,5429.291939614277,-627.6576061043252
4804.133072506754,5524.853311348613,-720.7202388418591
4768.856141818776,5601.123206704869,-832.2670648860922
4792.739968155165,5508.484335648195,-715.74436749303
4793.401632744525,5646.076475985288,-852.674843240763
4806.44861644049,5049.988521209778,-243.5399047692881
4795.843106150239,5484.2052889914075,-688.3621828411688
4807.966988769067,4584.92294446102,223.04404430804698
5471.4975537542505,5517.1014738529,-45.60392009864972
5478.2158815196335,4598.96075398137,879.2551275382639
5457.767817640726,4562.185915145364,895.5819024953626
5466.545336412001,4786.588842805527,679.9564936064744
5456.665488347198,5163.8289163868985,292.8365719602998
3016.4943063997207,4604.862970677334,-1588.3686642776129
3010.8642720059634,5442.442500272484,-2431.5782282665205
3800.9322343483345,4573.403459376666,-772.4712250283319
3813.1436830771427,5428.500520990347,-1615.356837913204
3840.0367466166813,5760.102157825582,-1920.065411208901
3825.0316566728575,5287.700488087012,-1462.6688314141543
3818.9679593139495,5716.398870541606,-1897.4309112276565
3813.9344767761077,5483.725259337124,-1669.7907825610164
3809.397014564658,5433.064265243831,-1623.6672506791729
3802.399320583949,5651.124335676948,-1848.7250150929995
4608.330677939447,5491.434753359116,-883.1040754196692
4625.602807958344,5400.97153502019,-775.3687270618457
4630.139947649118,5393.951530675464,-763.8115830263459
4602.7729672029545,5236.7595759883525,-633.986608785398
4616.070367105229,3943.189456133385,672.8809109718436
4596.601174690855,3804.9850133440664,791.6161613467889
4621.3979009858895,5802.952153398854,-1181.5542524129642
5195.927071907832,5255.714756009152,-59.78768410131943
5199.83966726249,5038.732848480755,161.10681878173546
5198.305337517726,4479.555844607351,718.749492910375
5175.071751411321,5145.027245470255,30.044505941065836
5223.47689446352,5464.630215050761,-241.15332058724107
5196.406654664368,4479.520416390442,716.8862382739262
5185.023779183421,5601.772752630033,-416.7489734466126
5205.74944371967,4801.716845227481,404.0325984921892
5433.671395851018,5449.360139032539,-15.688743181521204
5432.792462263611,4849.702459350815,583.0900029127961
5189.593445216318,4799.362722298004,390.2307229183143
5191.0885652317975,5558.025110343987,-366.9365451121894
5214.456126694628,5379.119466855839,-164.66334016121073
5205.554875217579,5403.999868622069,-198.44499340448965
5197.15640749485,5478.164384056686,-281.0079765618357
5194.593630097013,4474.4498243331445,720.1438057638688
5218.637225981513,3816.5624534540707,1402.0747725274427
5214.895697853737,5397.02087038234,-182.1251725286029
4603.60558700559,5354.214010631062,-750.6084236254719
4577.8652949995085,4449.1085144811495,128.75678051835894
4594.7976731969175,4038.940180795968,555.8574924009495
4589.9711819195745,5810.406927759436,-1220.4357458398617
4628.537369654579,5398.61783835439,-770.0804686998108
4610.598759019078,3931.577843964563,679.0209150545152
4587.586946710561,5256.845947192654,-669.2590004820931
3812.3906500577723,5606.756437171148,-1794.3657871133755
3802.8916623627465,4589.792406688759,-786.9007443260125
3818.371253989984,4617.557865997479,-799.1866120074951
3824.7317318034807,5674.401203415874,-1849.6694716123934
3814.532796060607,5503.005055156478,-1688.4722590958713
3806.791213620252,3000.908963036362,805.8822505838903
3827.4764909896403,5455.157679030992,-1627.6811880413516
3817.7666948514666,5654.3591926647805,-1836.592497813314
3013.250393385192,5576.186952738916,-2562.936559353724
3013.3605485667576,5164.871937902193,-2151.5113893354355
5074.431172531658,5699.042084499116,-624.6109119674575
5050.319670708791,5045.849069195523,4.470601513267866
5076.502499006647,5881.702298584415,-805.1997995777683
5369.955326078677,5365.115784943068,4.83954113560867
5356.302181252547,5631.382342362376,-275.08016110982953
5370.691587888434,4594.5582402132995,776.1333476751342
5359.053366668658,3929.3390057311713,1429.7143609374866
5373.029724294251,5602.546873101629,-229.51714880737836
5366.090995637517,5657.550990184616,-291.4599945470991
4744.566059120586,5327.662507356043,-583.0964482354566
4727.193288667695,5447.773747121575,-720.58045845388
4715.097563458036,4590.528426889829,124.5691365682078
4728.868742919042,4357.354750539944,371.51399237909845
2989.075901876736,5353.47038507911,-2364.394483202374
3556.880399504449,3818.000853812702,-261.1204543082531
3575.784659307347,5463.83424631938,-1888.0495870120335
3554.817332662139,5689.241905910138,-2134.4245732479985
3554.948859826513,5680.316776566857,-2125.367916740344
3555.496272118626,4802.307791331549,-1246.811519212923
4080.996992987636,4865.452625996709,-784.4556330090727
4062.442891998126,5392.655314561126,-1330.212422563
4053.9932428895127,5158.6965184466435,-1104.7032755571308
4038.8096297093766,5567.802136775918,-1528.9925070665417
4055.0512861854327,4485.305981700466,-430.2546955150333
4491.254303002524,5479.316066358174,-988.0617633556503
4491.225907545344,5168.339430237401,-677.1135226920569
4504.574698304819,5343.240686392283,-838.665988087464
4487.461527558411,5352.8304791417895,-865.3689515833785
4496.052529976523,5656.038643903712,-1159.9861139271889
4911.805106049311,5616.803205461539,-704.9980994122279
4913.695683698171,5536.661413538936,-622.9657298407656
4879.282732793981,5441.983734059147,-562.7010012651654
4878.3984375335185,5432.178252280326,-553.7798147468075
4883.541663544982,5326.926517386278,-443.3848538412958
4889.2055626943475,4609.071141919741,280.13442077460604
4900.071028848142,4112.385237396259,787.6857914518832
4896.5016977652585,5494.19746509792,-597.6957673326615
4880.855953370924,4350.575769265979,530.280184104945
4876.405448846598,5588.875805449187,-712.4703566025892
5380.564968282139,5180.7819363572535,199.7830319248851
5346.391876946303,5424.56150883449,-78.16963188818772
5358.495443599762,4481.296171431768,877.1992721679944
5403.669631578365,5529.652441265317,-125.98280968695235
5374.239061962955,5541.694088667155,-167.45502670419955
5378.486816033098,5817.8231805649775,-439.33636453187955
5353.03412814618,5825.6665224349035,-472.63239428872384
5349.551359892369,3802.9460683298444,1546.6052915625246
5532.440081666086,5492.2771242636245,40.16295740246187
5438.341200871478,3933.602365536021,1504.7388353354568
5437.164649397043,5661.186058576222,-224.0214091791795
5445.468777196239,5673.968168428826,-228.4993912325872
5439.95026262143,5441.915718112512,-1.965455491082139
5423.2160585527245,5693.781563639165,-270.5655050864407
5432.935047374245,4900.7799628873445,532.1550844869007
5437.73054233834,5365.109398678151,72.62114366018886
5418.486779406,4333.8753661537,1084.6114132522998
5447.451443676174,5665.920835216167,-218.469391539993
5378.324313495082,5187.937873929434,190.38643956564738
5372.144257151251,5276.111517577713,96.03273957353758
5366.8140226721325,4491.852346683358,874.9616759887749
5349.49626193899,4779.440698532399,570.0555634065904
5366.563970136578,4792.832072989587,573.7318971469913
5356.716941328823,5576.646609275659,-219.92966794683616
5393.077661306893,4752.812363537898,640.265297768995
5371.510736616996,3938.6834412724847,1432.8272953445112
3001.1758125009273,5183.764338241676,-2182.588525740749
2999.9769353696693,5517.011520181415,-2517.034584811746
3015.9628109971613,4617.4648150920875,-1601.5020040949262
3928.8310962188066,5662.058806461252,-1733.2277102424455
3937.7054981151737,5666.913327390842,-1729.2078292756682
3946.5126284425087,4730.591646737811,-784.0790182953024
3916.6160855876988,4594.1578867578255,-677.5418011701267
3929.162524209375,5318.906973012277,-1389.7444488029023
3960.789359157031,4620.553410655757,-659.7640514987261
3929.2534264691208,3934.564472269853,-5.311045800732245
3945.1994343450665,5692.5694375008325,-1747.370003155766
3926.592637037092,5771.136795692768,-1844.5441586556758
4809.61906618959,4741.312259570775,68.30680661881524
4818.099626853475,4851.622440485378,-33.52281363190377
4812.3527889704055,4802.908437252455,9.444351717950667
4821.555952734747,5500.604881948392,-679.0489292136454
4792.350539366136,5373.293301666211,-580.9427623000747
4799.546398579053,4795.63004782641,3.9163507526427566
4810.97883393638,5395.836806592986,-584.8579726566059
4784.694182262718,5334.659308634012,-549.965126371294
4831.319954770543,4633.663640810087,197.65631396045592
5468.341099082283,5565.119790656987,-96.77869157470377
5495.943660981687,5411.842198882801,84.10146209888535
5488.385950187471,4594.428869134775,893.9570810526966
5461.545055028271,5124.047826641044,337.49722838722755
5473.03734584568,5181.33261981867,291.7047260270101
3002.211422973339,5359.661696953691,-2357.450273980352
3012.019538399581,4807.0638617820705,-1795.0443233824894
3840.4391069799167,3844.8426285679716,-4.4035215880549
3819.1383237676678,5531.231946144299,-1712.0936223766316
3793.361002477804,4772.779501372164,-979.4184988943603
3809.359687056701,5663.566463575801,-1854.2067765191
3812.6691006731894,5266.999792034459,-1454.3306913612691
3826.84863945902,5263.98267112767,-1437.13403166865
3798.5280437994334,5773.8737560240015,-1975.3457122245682
3809.829696056361,5645.469054787704,-1835.6393587313432
4619.248031473655,4738.218239410409,-118.97020793675438
4601.214173676339,5435.687846472245,-834.4736727959062
4615.172592938109,4609.160232190659,6.012360747449748
4624.823783275512,5197.262862892066,-572.4390796165535
4622.405790291799,4979.883081089403,-357.4772907976039
4623.334623041726,5186.959417852655,-563.6247948109285
4603.805396655856,4734.319093028091,-130.51369637223434
5200.195884428239,5175.1067806874025,25.089103740836435
5194.593630097013,4587.8346240991,606.7590059979129
5231.587846800763,5697.626434704309,-466.0385879035457
5187.818925940012,3816.407326021145,1371.4115999188675
5188.662987097755,5426.2174640283765,-237.5544769306216
5188.017587412523,4723.806931861313,464.21065555121004
5185.5801512253365,4577.747744708179,607.8324065171573
5185.003022306674,3814.7053100771755,1370.2977122294988
5438.103891153327,5186.278415193802,251.82547595952474
5426.7427683867545,5664.349002523576,-237.6062341368215
5199.7107288512425,3946.492389881136,1253.2183389701063
5214.0658695176535,4367.786924367459,846.2789451501949
5205.2408435573225,5079.706267574059,125.5345759832635
5212.431278526882,4856.201352904162,356.22992562271975
5203.872931975527,5397.436048970508,-193.5631169949811
5208.725778251272,4354.483004051911,854.2427741993606
5202.1263669593345,3820.934511507956,1381.1918554513786
5219.9535689367,5381.035664489022,-161.08209555232133
4584.778796004706,5411.921763386442,-827.1429673817356
4594.575072135642,5477.373172298502,-882.7981001628605
4641.850572231781,5602.533846870376,-960.6832746385944
4596.361997025636,5167.102783642916,-570.7407866172798
4635.162412611031,5356.702010887355,-721.5395982763239
4612.719350731226,5180.42447067071,-567.7051199394846
4597.189378912062,5497.044622116988,-899.8552432049255
3826.8458913497225,3571.1726232000356,255.67326814968692
3809.627169030722,5439.958393431771,-1630.3312244010485
3808.851975170345,4359.540561862658,-550.688586692313
3816.7077021781083,5516.366095928899,-1699.6583937507908
3804.1907856973135,5100.641268479318,-1296.4504827820042
3804.9084662796736,5419.490264595097,-1614.5817983154234
3809.889593904302,3022.132491220915,787.7571026833866
3808.4282849671185,4750.481467362995,-942.0531823958768
3007.652375071485,5406.652905690989,-2399.0005306195044
3021.1992551034637,5697.862042944907,-2676.662787841444
5051.233272190774,4591.465842104778,459.76743008599624
5050.158609780381,5487.466611963222,-437.30800218284094
5059.400940904781,4733.283909321197,326.1170315835843
5357.515775483312,4602.020749649555,755.4950258337567
5388.899206895775,3838.530368097421,1550.3688387983539
5344.283780489921,5106.015313471406,238.26846701851446
5364.8806443140675,5044.484660657776,320.3959836562917
5353.280737161608,5596.378961758361,-243.09822459675252
5385.051710832122,5532.713655668966,-147.66194483684376
4749.360740623489,5474.202539899859,-724.8417992763707
4748.138059970234,5618.93992176321,-870.8018617929756
4730.6121616128785,4511.892731203558,218.71943040932092
4693.938874179063,5708.149279756982,-1014.2104055779191
3002.2116853905636,5656.00516509867,-2653.793479708106
3562.130587214259,5443.601299226427,-1881.470712012168
3548.842371535875,4495.788032287085,-946.9456607512102
3548.5093745018644,3808.254713402506,-259.7453389006414
3557.8512121146073,5385.202052683185,-1827.3508405685775
3539.2865547363576,5642.314335748788,-2103.0277810124303
4067.342558441121,5495.019699882642,-1427.6771414415211
4050.604502433124,4479.59097560914,-428.9864731760158
4055.790755615339,4604.122108687465,-548.3313530721257
4031.619674855231,5008.921476639418,-977.3018017841869
4057.02560304754,5166.435615520965,-1109.4100124734255
4510.762133484624,5535.529824245162,-1024.7676907605373
4500.357625540764,4586.553439772705,-86.19581423194086
4501.8580699362965,5516.820982669002,-1014.9629127327053
4495.346620603107,4832.382693042991,-337.03607243988426
4500.1250450360285,4736.572398636055,-236.44735360002687
4883.619257135833,5507.6521263691475,-624.0328692333142
4879.023365180631,5559.737991821911,-680.7146266412801
4872.08839623956,4720.816437437459,151.27195880210093
4858.6102081620265,5635.025405894758,-776.415197732731
4895.451066878587,5306.347711850576,-410.8966449719892
4887.712489917012,5705.929262518165,-818.216772601153
4912.78689802379,3958.2691557310986,954.5177422926913
4893.971131338322,5443.230014984387,-549.2588836460645
4893.386051499619,4099.526629371356,793.8594221282628
4866.277889816529,4788.24019351391,78.03769630261922
5380.564968282139,4746.241108170663,634.3238601114754
5351.53229348226,4584.703137492346,766.8291559899135
5365.785333673482,5533.960240111377,-168.17490643789552
5377.7356446955,5617.337000969507,-239.60135627400723
5372.939191747574,5103.614915841987,269.32427590558746
5330.388285820993,4460.108419410083,870.2798664109096
5349.551359892369,5253.924957798145,95.62640209422352
5366.460371454019,5369.822261445667,-3.3618899916482405
5520.871449671662,5159.318434101469,361.55301557019266
5418.907840552707,2992.5735095739105,2426.3343309787965
5462.578308808177,4611.553097385924,851.025211422253
5427.097161511962,4597.845793881295,829.2513676306671
5432.935047374245,5507.401969174812,-74.46692180056652
5418.919935801768,4713.992603839974,704.9273319617932
5451.244367758656,5454.868857092287,-3.624489333630663
5436.330374682141,5443.044154498601,-6.713779816459464
5454.173370526281,4119.910951190891,1334.2624193353904
5468.40800960071,5542.04188982108,-73.63388022036997
5349.49626193899,4586.576815135889,762.919446803101
5364.412063533449,5105.265043292589,259.14702024086
5373.683411972982,5493.365017754416,-119.68160578143397
5360.206069553537,5441.260070093741,-81.05400054020356
5375.102967589459,4810.184714047144,564.9182535423151
5361.404739094651,5243.239568599333,118.1651704953174
5388.5731222915065,4890.674340232957,497.89878205854984
5357.049461667362,5249.774603622362,107.27485804500066
2991.4197291363967,5350.49491770987,-2359.075188573473
2991.3696169753593,4597.115182386801,-1605.745565411442
2999.2802722762076,5512.705536138107,-2513.4252638618996
3961.18422489262,4607.1580128040705,-645.9737879114505
3929.2534264691208,5380.815382555383,-1451.561956086262
3921.400842118631,5807.591197317983,-1886.1903551993519
3946.3696709199276,5638.841564738481,-1692.4718938185533
3924.2187764117202,5029.499187097874,-1105.2804106861536
3919.9319416884164,3801.546803183537,118.38513850487925
3914.5413035258266,5659.470097266396,-1744.9287937405693
3933.0858881065633,5320.777852585801,-1387.6919644792379
3946.8426512457722,5364.93606529465,-1418.0934140488775
4792.527675713756,5008.550052144652,-216.02237643089575
4794.391577764125,4796.839570507982,-2.4479927438569575
4843.5028496710875,3584.0698197061456,1259.4330299649419
4815.805654145243,5686.823382216784,-871.0177280715407
4812.133649743302,3823.560236811388,988.5734129319139
4804.862993557175,5054.251959084799,-249.38896552762344
4799.353320682255,5607.400845228185,-808.0475245459302
4815.884056895901,5396.97153502019,-581.0874781242883
4801.106104224226,5625.828809841087,-824.7227056168604
5480.074418982149,4800.070519056105,680.0038999260441
5444.403213829636,5636.0961338070165,-191.69291997738037
5467.093877167086,5609.961858084606,-142.86798091752007
5463.127194583536,5383.500994681286,79.62619990224994
5461.69598041348,5172.779417391494,288.9165630219868
3004.227276071191,5668.757915035501,-2664.53063896431
3027.5326209185214,5491.5074742350525,-2463.974853316531
3807.171319559491,3928.6059677400062,-121.43464818051507
3821.71612339593,4593.854319218175,-772.138195822245
3815.3838129134574,4672.384745809443,-857.0009328959859
3804.1721160907423,5467.0049880437855,-1662.8328719530432
3840.436272015974,4633.314241777395,-792.8779697614214
3808.615101985131,2996.9229528040823,811.6921491810485
3810.6889090595064,5122.909974142876,-1312.22106508337
3816.987315395051,5506.6410220378675,-1689.6537066428164
4598.583200348445,5646.0557142092475,-1047.4725138608028
4590.672525054896,5515.797900307065,-925.1253752521689
4621.021553893321,5376.585031305118,-755.5634774117971
4628.537369654579,5189.830449613678,-561.2930799590986
4622.135212165227,4611.340760277441,10.794451887785726
4596.653684347139,3805.027875698659,791.6258086484795
4607.966059301895,3934.1637742805156,673.8022850213797
5198.3958325592,4606.903593441866,591.4922391173341
5195.635503672495,4945.439376482747,250.19612718974804
5182.428755686105,5500.182776674088,-317.7540209879826
5208.7257782512725,4806.404158957049,402.32161929422364
5226.695787306319,4886.475705325936,340.22008198038293
5194.949903746085,4732.473312874225,462.47659087186
5198.630472195759,5702.130230854642,-503.49975865888337
5198.083763645823,5047.88712632799,150.19663731783294
5431.4337962177,5349.657962305649,81.77583391205098
5447.131091599131,3976.4594425610717,1470.671649038059
5214.348141356637,5177.406180175285,36.94196118135187
5194.688780716368,4499.923424829311,694.7653558870561
5198.75856308745,5171.944885869447,26.81367721800325
5199.807073853756,5268.95639248594,-69.14931863218408
5198.204986614322,5715.927061640032,-517.7220750257102
5186.594193330042,4959.5263489861345,227.06784434390738
5213.2696058764395,5397.361445643349,-184.0918397669093
5193.569316109943,5658.240165393977,-464.67084928403347
4600.469124576637,5476.798599228239,-876.3294746516021
4612.132072842349,5666.912442466106,-1054.780369623757
4606.749199482321,5612.639737444333,-1005.8905379620119
4605.612597101608,5380.512546571219,-774.8999494696109
4626.411733452842,3836.2629569816363,790.1487764712056
4620.8271606065355,4805.742585232963,-184.91542462642792
4591.932233608177,4568.521537212986,23.410696395190826
3824.683569733995,5832.959320259778,-2008.2757505257832
3836.0793241691968,4077.34784300768,-241.26851883848303
3828.384722118546,5451.22375867157,-1622.839036553024
3822.7478572784717,4610.195010459449,-787.4471531809772
3823.3739560166305,3827.30876224552,-3.9348062288895562
3807.2039412841305,5290.608275514693,-1483.4043342305622
3805.090926697838,5396.763350352255,-1591.672423654417
3832.389696626188,4862.141032751426,-1029.7513361252377
3008.0576472151874,4594.134340618168,-1586.0766934029803
3001.6688704139697,5311.0349213913805,-2309.366050977411
5060.773666535227,5665.01032231138,-604.2366557761534
5065.635756076377,4882.443779329029,183.19197674734824
5048.918621641375,5473.688894355948,-424.77027271457337
5388.209440490956,4613.796945600242,774.4124948907138
5351.2701398791505,5359.915683436175,-8.645543557024212
5374.072755225857,3820.049925501038,1554.0228297248186
5389.447972744351,5359.730704521913,29.71726822243818
5359.728977806869,5429.4957513071495,-69.76677350028058
5364.636604375693,5627.187469793047,-262.55086541735363
4737.4338612618285,4877.2133350282165,-139.77947376638804
4722.579116704223,5066.715715963778,-344.1365992595547
4717.517728607435,4782.633210731373,-65.11548212393791
4708.354033559916,5639.54654867098,-931.1925151110636
3026.0391834333836,5676.009092835125,-2649.969909401741
3561.191370858661,5438.782605805596,-1877.5912349469354
3549.4564959242252,5474.737451511506,-1925.280955587281
3558.609702964015,5514.278305483427,-1955.6686025194122
3555.2440867610426,4603.487695927665,-1048.2436091666227
3569.939071037904,5349.05050980279,-1779.1114387648859
4049.1716869493544,5380.550640430323,-1331.378953480969
4073.12507108437,5199.452037457282,-1126.326966372912
4088.417234484855,5006.828393083322,-918.4111585984674
4048.730256005328,5114.196542544631,-1065.4662865393025
4040.6416059020335,4723.095830987075,-682.4542250850413
4499.876172180629,5378.230714652708,-878.3545424720796
4488.011283398895,5427.690646255506,-939.6793628566111
4503.864416897875,5393.716780058628,-889.8523631607522
4493.857672117335,5664.477933099538,-1170.620260982203
4485.274155590742,5646.896626683468,-1161.6224710927254
4887.155641731679,5510.1574022606455,-623.0017605289668
4917.516482208194,5078.753824429719,-161.23734222152507
4889.993994141437,5041.531660351439,-151.5376662100025
4877.510077471585,5426.527789489586,-549.0177120180015
4889.4464402491585,4591.067778022119,298.37866222703997
4883.291461938307,5712.84037064981,-829.5489087115029
4884.825239395506,5653.34192000448,-768.5166806089737
4876.414279488433,4589.6870977048175,286.7271817836154
4877.7450833338835,5435.862899435474,-558.1178161015905
4876.171024272428,5845.98557502642,-969.8145507539912
5380.564968282139,5543.483080145638,-162.9181118634997
5365.019121373959,5620.500298843671,-255.48117746971184
5353.158263223551,4799.323049523262,553.8352137002894
5374.239061962955,4807.31086494103,566.9281970219254
5327.411317227687,3788.181791815201,1539.2295254124856
5382.820741880035,5805.445203574008,-422.624461693973
5377.060457199639,5341.313712433553,35.74674476608652
5365.491825205214,4348.701190118255,1016.7906350869589
5517.316724669566,4755.9929244196965,761.3238002498692
5439.95026262143,5446.140266551788,-6.190003930358216
5423.971045364459,5531.754974459071,-107.78392909461127
5426.58923753211,5353.595268539145,72.99396899296516
5418.486779406,5732.2185222044045,-313.7317427984044
5434.674050421643,3813.407520293514,1621.266530128129
5454.173370526281,5493.7688903432845,-39.59551981700315
5440.27674952368,5651.615892078209,-211.33914255452873
5459.355813243241,5713.154863067182,-253.79904982394146
5475.610800898298,5435.3657699727255,40.24503092557279
5393.077661306893,4376.707904126692,1016.3697571802013
5368.43256085059,5574.3235263285005,-205.89096547791087
5385.975798618419,5393.47534354047,-7.499544922051427
5388.5731222915065,4604.929535907562,783.6435863839442
5355.502995703894,4349.091647129966,1006.4113485739281
5365.273461694788,4794.438120423593,570.8353412711949
5343.9646149314,5541.577418889592,-197.61280395819176
5369.186223191099,5485.287556712341,-116.10133352124194
2993.1221802291393,3556.1350768382504,-563.0128966091111
3003.0698106591817,5621.006658631109,-2617.936847971927
3005.315252004245,4810.218120255983,-1804.9028682517383
3931.273850653347,5847.50808684528,-1916.2342361919327
3943.2890969062732,4613.3641155138175,-670.0750186075443
3930.2881449228357,4726.845839085151,-796.5576941623153
3934.7739052783295,5525.6007463280985,-1590.826841049769
3943.2184922837455,5391.836806592986,-1448.6183143092408
3938.8470371098365,4809.6005175359005,-870.753480426064
3969.615157606953,4833.591374748597,-863.9762171416446
3956.2492803882856,5687.767521967835,-1731.5182415795493
3919.621557189877,5378.1835404000485,-1458.5619832101715
4793.377229807819,5465.54274452631,-672.1655147184911
4802.7986881296365,5355.661696953691,-552.8630088240543
4828.421196586675,5412.168760554245,-583.7475639675695
4812.435464594522,3803.794939423138,1008.6405251713841
4782.632211042047,5079.001004858542,-296.3687938164949
4842.3360749175445,5609.303115532186,-766.9670406146415
4791.421639092608,5577.386511903077,-785.9648728104694
4780.496186183139,5089.175566462737,-308.67938027959826
4807.359931001992,5669.1510764592695,-861.7911454572777
5460.921463826422,3927.922180203423,1532.999283622999
5462.955036809997,5382.394422981867,80.56061382813004
5458.656008517091,5650.077243122077,-191.42123460498533
5459.182300447783,5373.677622524389,85.5046779233935
5467.308206687442,3815.7852491193757,1651.5229575680664
3016.5574737318184,3810.4950390599975,-793.9375653281791
3017.7832331952204,3943.570914143568,-925.7876809483478
3807.8186734473043,5588.853563577962,-1781.0348901306575
3789.651648777602,5503.761093844958,-1714.1094450673559
3825.8781155663523,3829.7693821748994,-3.8912666085470846
3805.7807082334243,3935.0735086144787,-129.29280038105435
3830.110385800777,5196.421867347999,-1366.3114815472222
3822.019994225732,5345.51096720873,-1523.4909729829983
3818.371253989984,5401.653954403585,-1583.282700413601
3806.872799499852,4592.051110336775,-785.1783108369232
4612.055630866408,5522.919214279952,-910.8635834135439
4616.11791445535,5460.131181419729,-844.013266964379
4606.933809839909,5680.586839408307,-1073.6530295683979
4625.8851598528845,3048.166307788535,1577.7188520643494
4594.575072135643,5642.456482180784,-1047.8814100451418
4598.310172788956,5434.7559067411785,-836.4457339522223
4607.23325295909,5356.467395449629,-749.2341424905389
5205.602620016148,5106.382731930258,99.21988808588958
5194.688780716368,3557.8567840875407,1636.8319966288268
5200.395450272521,4592.600273423734,607.7951768487874
5200.852227663054,5442.458983159322,-241.6067554962683
5210.36113199558,3820.5759010184024,1389.7852309771774
5224.817831758861,5540.882339991856,-316.06450823299474
5203.034717306069,4600.273790568337,602.760926737732
5203.930703009771,4601.489178972765,602.4415240370054
5431.95180146063,5534.788667080899,-102.83686562026924
5422.655938500099,5170.403497021139,252.25244147896046
5182.267993594778,5347.662970658568,-165.39497706379007
5197.424410313858,5504.979753531243,-307.5553432173847
5219.396855354207,5470.22755871811,-250.830703363903
5201.517591894163,3941.005310842965,1260.512281051198
5207.112776884109,5371.923676600069,-164.81089971595975
5220.482288016033,5266.810066621018,-46.327778604985724
5191.896740237685,3808.9684683067508,1382.928271930934
5207.546436428117,5488.684352940202,-281.1379165120852
4574.933136989401,5634.686552905433,-1059.7534159160323
4593.814643590817,5494.962222072599,-901.1475784817821
4599.059467225038,5507.02887240989,-907.9694051848519
4598.919552064455,5593.775006285332,-994.8554542208767
4614.753340451676,3956.5778949736336,658.1754454780425
4601.81046447764,3030.782022272967,1571.0284422046734
4609.4074698253535,5363.971078884131,-754.5636090587777
3822.8477808189355,4828.307018460609,-1005.4592376416731
3800.3933596644624,5351.623107057239,-1551.229747392777
3822.634519758452,5193.7425661225125,-1371.1080463640606
3819.179129389055,5499.8703640838285,-1680.6912346947734
3821.102355012258,5489.703659030925,-1668.6013040186672
3823.0467207894226,5440.985507334973,-1617.93878654555
3821.9771141748265,5421.3383226508395,-1599.361208476013
3812.3878018078726,5333.622531740274,-1521.2347299324015
3006.433273517454,5710.029676791697,-2703.596403274243
2996.956794282965,5162.350069021941,-2165.393274738976
5047.987114906137,4576.207301167773,471.7798137383643
5063.158632555521,5438.557513034182,-375.39888047866134
5030.608556012201,5389.468286572523,-358.8597305603216
5356.850789172235,4890.88476555018,465.9660236220543
5353.237882478397,5369.754624147266,-16.516741668869145
5350.40660089036,4332.135792575551,1018.2708083148091
5354.62851699059,5353.45567177991,1.1728452106799523
5349.078068425556,5346.550849071035,2.527219354520639
5367.041547168032,4782.050754119749,584.9907930482823
4720.556324468194,5660.40582294433,-939.8494984761355
4723.799147162052,5566.729616916299,-842.9304697542475
4745.576539010591,5389.389714922099,-643.8131759115086
4733.192996434633,5415.4259995539105,-682.2330031192778
3015.6841178021605,4627.997545117048,-1612.3134273148871
3577.1831033545977,4859.209614378453,-1282.0265110238552
3542.148649097279,5651.207615601854,-2109.058966504575
3541.954047747876,3802.883463049224,-260.92941530134794
3556.706860653213,4105.498540851482,-548.7916801982692
3543.0440216111115,4584.106359662077,-1041.0623380509655
4044.3342781610895,3558.715281062189,485.6189970989003
4046.018555936452,5110.584787913825,-1064.5662319773728
4053.8477493325354,5664.602481357393,-1610.7547320248577
4044.0446140051226,5239.250948067973,-1195.2063340628501
4068.1429111732546,5325.392380629575,-1257.2494694563206
4500.799987192112,5342.234931359944,-841.4349441678323
4498.853606408506,4800.853175777112,-301.999569368606
4506.6074069894585,5384.423274312376,-877.8158673229173
4503.838972785531,5109.67157883266,-605.832606047129
4509.300319510285,5719.929765738443,-1210.6294462281585
4906.228601847904,5685.295768216755,-779.0671663688508
4899.8192013449,5527.233432564029,-627.4142312191289
4866.1720639063105,5641.58044954109,-775.4083856347797
4884.517082538992,5434.74259368762,-550.2255111486274
4871.441360428957,5496.2667560973205,-624.8253956683639
4880.8708789937655,5089.808424621674,-208.93754562790855
4904.843654749744,5678.592497084363,-773.7488423346185
4878.469211357476,5585.494068951271,-707.0248575937958
4877.475092745848,5570.790916369602,-693.3158236237541
4888.23882822797,3810.3993720628296,1077.8394561651403
5380.564968282139,4852.645036934146,527.9199313479921
5379.1413154733045,3574.002793633057,1805.1385218402474
5403.669631578365,5554.640347640353,-150.97071606198824
5367.284972717642,5282.306141322655,84.97883139498663
5353.03412814618,5353.153343781009,-0.11921563482974307
5344.697239369018,5432.029262576387,-87.33202320736928
5364.87847401993,4601.11341855073,763.7650554692
5345.445113701159,5643.97120312928,-298.52608942812094
5521.867160236329,3813.2677432280716,1708.5994170082577
5425.808984461497,5590.398774618224,-164.58979015672685
5437.73054233834,4587.11338566916,850.6171566691792
5456.331884093189,5624.42208970496,-168.09020561177113
5451.78704034663,4368.3594279055005,1083.42761244113
5449.063974001308,5386.136664508531,62.92730949277757
5422.958988790539,5506.315069581952,-83.35608079141366
5423.919077775974,4592.419835440018,831.4992423359563
5466.5403881584425,3828.7777092229367,1637.7626789355058
5480.172252723687,4606.91814832932,873.2541043943675
5370.473570224275,3007.8123595716506,2362.6612106526245
5378.743133433774,5456.70703197551,-77.96389854173594
5368.794766809016,5446.2335012785725,-77.43873446955604
5358.988403845248,5483.902333060173,-124.91392921492479
5350.314980341793,3807.412211244789,1542.9027690970038
5373.242438829547,3802.931483696546,1570.3109551330008
5368.288703038908,5604.235404294407,-235.94670125549874
5351.404943429806,5150.113489735744,201.2914536940616
3008.53404702198,3824.4818665727607,-815.9478195507809
3013.8339977735714,5453.777232084655,-2439.943234311084
2996.0957298407398,5158.529820048797,-2162.434090208057
3945.503731924565,5063.268178790002,-1117.764446865437
3925.166750848444,5831.0108057866655,-1905.8440549382217
3943.130815906423,5662.697963457968,-1719.5671475515455
3956.2492803882856,3830.5774708395843,125.67180954870128
3940.465379051851,5489.037259998909,-1548.5718809470577
3939.6468218821765,4479.034072259652,-539.3872503774755
3954.629417586686,5746.359584956773,-1791.7301673700867
3966.1755179701877,5360.503615562028,-1394.3280975918406
3926.774002113259,4770.2181925742525,-843.4441904609935
4807.550050760965,5415.785710343992,-608.235659583027
4808.39734282146,4606.512176691308,201.88516613015236
4780.496186183139,5475.583541639539,-695.0873554564005
4809.528760724409,3826.8380276402395,982.6907330841696
4803.495422613896,5335.676793897739,-532.181371283843
4806.571877940915,5511.057857352822,-704.4859794119066
4820.687039229358,5380.254482784929,-559.5674435555711
4815.880561466444,5401.336696734621,-585.4561352681767
4799.706412759535,4594.255219330523,205.45119342901216
5440.852029576521,5420.1057788356275,20.74625074089363
5456.574713910917,5505.571852054487,-48.99713814356983
5454.8168665416815,5313.73678922674,141.08007731494126
5449.2312499880945,3788.9073059002485,1660.323944087846
5476.0124855147615,4749.503181242747,726.5093042720146
3012.1649789473327,4594.153919048892,-1581.9889401015594
3031.6956735855006,5543.373277050081,-2511.6776034645804
3829.051277659836,3584.5280757928504,244.5232018669858
3806.7912136202517,5244.309647778269,-1437.5184341580175
3822.614215478523,4717.715685216449,-895.101469737926
3802.212333958051,4568.902816034564,-766.690482076513
3797.6353576777374,5489.676135795613,-1692.0407781178756
3820.6658506623253,5659.274451351716,-1838.608600689391
3809.218558698668,5038.133617732565,-1228.9150590338968
3830.0770797586574,5552.390562030697,-1722.3134822720394
4597.189378912062,5346.0919982680425,-748.9026193559803
4607.689069230795,3935.014032240348,672.6750369904471
4611.995413497313,3807.610366958903,804.3850465384103
4591.691575039035,5152.924133340478,-561.2325583014426
4597.429584171116,5694.209606891383,-1096.780022720267
4601.055777251107,4041.2670293102938,559.7887479408137
4606.5713793398645,5595.3607020653835,-988.789322725519
5211.398233111694,3811.3401812143597,1400.0580518973343
5198.469411267348,4592.787502914148,605.6819083532
5179.558350244939,5419.293541046988,-239.73519080204915
5219.396855354208,4753.421242940458,465.97561241375024
5194.820323594667,4594.111182719595,600.7091408750721
5183.209438529582,5540.802980479068,-357.59354194948537
5192.7810354981475,5728.310933333159,-535.5298978350111
5218.67650310601,5294.65576527686,-75.97926217084932
5434.4496822840165,5419.383014711804,15.066667572212282
5421.291298190822,4583.324258522179,837.9670396686433
5200.335206099715,5737.796143315555,-537.4609372158402
5194.530272670716,5091.114856281125,103.41541638959097
5192.981720066105,3796.3984624817876,1396.583257584317
5213.95712262177,5448.831082109742,-234.87395948797166
5203.947860092886,5387.290746226304,-183.34288613341778
5179.015611553222,5256.48235751625,-77.46674596302819
5205.387330211076,4488.846341093552,716.5409891175241
5204.6646304669985,5019.658021218327,185.00660924867134
4607.55983978884,4483.137246408534,124.42259338030544
4611.140869636822,5667.223726948885,-1056.0828573120634
4605.442562189676,5250.064839809225,-644.6222776195491
4595.678947176575,4493.734735136214,101.94421204036098
4628.654856595685,4503.812394333987,124.84246226169762
4603.773523336257,5651.674024312864,-1047.900500976607
4588.31968549383,4575.357509481045,12.962176012784766
3815.8654945766125,5688.843753282638,-1872.9782587060258
3816.776353566412,4314.938455285535,-498.16210171912326
3805.0292071695994,4037.5641064019137,-232.53489923231427
3831.0441649998334,5628.6733191954045,-1797.6291541955711
3808.6387354404083,5492.967353556587,-1684.3286181161789
3815.023868489975,5477.606833945022,-1662.582965455047
3799.8855401116243,3805.2300165494294,-5.344476437805042
3801.7490582902683,5714.772713144302,-1913.0236548540333
2995.5866327780905,5350.415169805423,-2354.8285370273325
2994.9910102301337,5431.084398792678,-2436.0933885625445
5074.966807441074,5464.737190295038,-389.7703828539643
5055.181495358635,5263.901824445572,-208.72032908693654
5047.944170473965,4597.383170720863,450.5609997531019
5390.291337080164,4727.467974557826,662.8233625223384
5373.746416803225,5175.556322083331,198.19009471989375
5393.985942917365,4883.401553296645,510.5843896207198
5356.837241041941,5508.79421011907,-151.95696907712954
5368.4622442953305,4733.34104575424,635.12119854109
5367.106610484243,5360.937391967258,6.169218516984984
4724.233185658952,4587.764817369239,136.468368289713
4721.997190177821,4788.180999298573,-66.1838091207519
4706.100874999961,3804.1244951043914,901.9763798955696
4721.0844334675785,5693.028226898009,-971.9437934304306
3013.4510438745656,5502.52884764064,-2489.077803766075
3558.0727260825142,5678.439204272702,-2120.366478190188
3553.730078493909,5169.589505479381,-1615.859426985472
3530.8422109165035,5242.45128606406,-1711.6090751475563
3543.746622433407,5633.125897550652,-2089.3792751172446
3565.5427874590832,4495.586040504821,-930.0432530457374
4051.237537371714,5247.478637422931,-1196.2411000512166
4062.692960004459,5333.88871679656,-1271.1957567921013
4068.5206483810816,5393.031222652652,-1324.5105742715705
4053.510727882698,4787.378704499853,-733.8679766171545
4030.6617469313974,3791.597952696145,239.06379423525232
4464.307412605135,4562.315279966984,-98.0078673618491
4480.094741473544,5631.880475315947,-1151.7857338424028
4516.135503825455,4602.739658562864,-86.60415473740886
4499.487409681133,4606.6311846818635,-107.14377500073078
4518.1934332762685,5531.615553103806,-1013.4221198275372
4900.632038442008,5348.125436705945,-447.4933982639368
4888.832447737549,5344.845571181209,-456.01312344366033
4904.894618278164,5494.051411875487,-589.1567935973235
4876.347422923983,5498.898443336606,-622.5510204126231
4903.231988454838,4498.865834905905,404.36615354893274
4904.155690914173,4601.366601302927,302.7890896112458
4887.888840150529,4480.407381048364,407.481459102165
4885.879365572049,3016.6302639300047,1869.2491016420445
4900.534415847336,4608.445900320908,292.08851552642864
4892.051390038091,4966.046857330429,-73.99546729233771
5380.564968282139,4615.907590389477,764.6573778926613
5371.55598097305,5407.983574657948,-36.427593684898056
5339.238041270287,4337.482445434918,1001.7555958353687
5378.486816033098,4620.3550365263745,758.1317795067234
5382.820741880035,5681.942960538441,-299.1222186584064
5353.014126923521,5038.937666827653,314.07646009586824
5363.701922545494,4589.757391062473,773.9445314830209
5389.115581956628,5357.226225528218,31.889356428410792
5509.887942979359,3550.9974166066554,1958.8905263727033
5437.73054233834,3005.671692013426,2432.0588503249137
5417.473617233806,5510.6208156963185,-93.14719846251228
5415.9350996183575,5683.651919481005,-267.71681986264775
5440.27674952368,5626.443872436266,-186.1671229125859
5453.574449966358,5531.332053199002,-77.75760323264421
5447.146138824531,3824.4955764762503,1622.6505623482803
5444.973463468543,5570.3990760491415,-125.42561258059868
5459.438525469968,5195.822728766878,263.6157967030904
5456.737012167118,5242.554849908714,214.1821622584048
5368.794766809016,5488.422119051472,-119.62735224245534
5342.549856042606,4480.192353809089,862.3575022335172
5369.186223191099,5671.778765051709,-302.59254186061025
5357.06111883951,4497.143016774151,859.9181020653587
5365.924116734177,4796.922491039233,569.0016256949439
5357.729909759511,4871.250143735031,486.47976602448034
5371.914626249973,5446.96449299775,-75.04986674777774
5356.24408114234,5296.326712475601,59.917368666739094
3003.045606890601,5823.5385704719865,-2820.4929635813855
2988.348018527983,4577.403459376667,-1589.0554408486842
3020.943844201109,5217.1342077945355,-2196.1903635934264
3944.8652151642004,4741.629184779923,-796.7639696157225
3931.294270414909,3014.2672947328533,917.0269756820558
3937.4907300635086,5667.34811343725,-1729.857383373741
3952.154598082023,5713.901048139798,-1761.7464500577753
3945.035579617918,4049.591611264049,-104.55603164613103
3952.1517185091725,3007.857014991399,944.2947035177735
3929.7366706200337,5508.500864063224,-1578.7641934431904
3920.4252996496843,5488.9572888309895,-1568.531989181305
3933.259450126971,5380.63025981347,-1447.370809686499
4811.173878491487,4884.661600482966,-73.4877219914788
4819.1050322130695,4616.466796905321,202.6382353077488
4796.513000003614,5242.20259275424,-445.6895927506257
4810.979309989398,5269.446984799278,-458.46767480988
4796.11359632403,5242.013836372563,-445.9002400485324
4814.724924730613,5494.454985128007,-679.7300603973945
4772.146543937066,3793.424141517109,978.7224024199568
4784.252430857135,5423.630788079236,-639.3783572221009
4803.287268606495,5514.437907522234,-711.1506389157394
5475.344225708224,5575.086819497107,-99.74259378888291
5485.353396838699,5586.0014422231825,-100.64804538448334
5458.92303099354,5356.052431307534,102.87059968600624
5485.048226874098,5455.157679030992,29.890547843106106
5465.41389428038,5697.408072112676,-231.99417783229546
3030.7372579696053,5294.728784398415,-2263.9915264288097
3028.986522864054,5505.479682018868,-2476.4931591548134
3809.218558698668,4744.755913246838,-935.5373545481698
3805.2379621652026,3929.339005731171,-124.10104356596821
3810.171006250838,5324.096370015178,-1513.9253637643396
3809.6271690307217,3802.487416947683,7.139752083038729
3815.4069335621098,5681.261015406703,-1865.8540818445936
3809.739878090214,5596.63248558126,-1786.892607491046
3809.889593904302,3934.6276847987097,-124.73809089440783
3812.3557507043906,5619.730057127551,-1807.3743064231603
4618.052067285296,5526.9439691811485,-908.8919018958522
4605.612597101607,5663.379972041355,-1057.7673749397482
4602.270127603318,5661.543429837563,-1059.2733022342454
4615.590522905614,4874.382115783918,-258.7915928783041
4607.068354577317,5436.2471636399405,-829.1788090626233
4630.337172236596,5808.895503921077,-1178.5583316844804
4600.702665422085,5723.654650306512,-1122.9519848844266
5201.645967783616,5669.029191990383,-467.3832242067674
5214.000000469424,4797.535583684787,416.46441678463725
5189.903751550764,5588.875805449187,-398.9720538984229
5194.530272670716,4573.530606375751,620.9996662949652
5189.221350183544,3810.748782676664,1378.4725675068798
5205.872488852303,5156.615667926695,49.256820925607826
5204.28285057809,5805.842111011666,-601.5592604335761
5187.021137254727,5429.243302251194,-242.22216499646674
5445.157622645559,5680.562496814504,-235.40487416894484
5428.523728665211,5702.401738891068,-273.878010225857
5210.7929199139535,3828.3263358193794,1382.466584094574
5212.678518682818,4518.803520296838,693.8749983859807
5185.586698943725,5721.755858761536,-536.1691598178104
5212.349713747026,4614.701708954536,597.6480047924897
5227.951430815453,5686.292287419878,-458.3408566044254
5207.469434042489,5055.467512002222,152.00192204026735
5195.36304593306,5664.45380434158,-469.09075840851983
5220.842101801285,5454.470944919673,-233.62884311838752
4619.221742719883,5500.28106613512,-881.0593234152375
4600.332332763678,4037.4452287733184,562.8871039903597
4595.569774182455,4571.103102140849,24.466672041606216
4591.028978438592,5250.806088196791,-659.777109758199
4614.88024149867,5669.642103143663,-1054.7618616449927
4623.258167980625,5621.00519918001,-997.7470311993848
4591.9875258302,5647.632792040775,-1055.6452662105748
3812.978792301001,5372.682957123484,-1559.704164822483
3813.202814127838,5654.984778413005,-1841.7819642851673
3798.8135263336408,5252.367701965485,-1453.5541756318444
3814.722836224988,5682.127531076332,-1867.4046948513442
3809.912329699891,5322.598976357681,-1512.6866466577899
3790.9750852379875,5355.186008302194,-1564.2109230642063
3813.6106824177587,5331.147861187954,-1517.5371787701952
3827.4212857259377,5055.623083254549,-1228.2017975286112
3021.324948265144,3832.8970336591137,-811.5720853939697
3011.6571009744293,4600.524069405304,-1588.8669684308743
5078.1692442690255,5529.833979929617,-451.66473566059176
5063.0164023696625,5376.605202987745,-313.58880061808213
5040.193263892812,5140.397677184058,-100.20441329124606
5354.054875821005,5443.318019600833,-89.26314377982817
5351.072581531625,4994.499385060083,356.57319647154145
5339.3697930864755,5337.30274818218,2.0670449042954715
5348.651323772681,5344.145638189149,4.505685583531886
5363.9250895381865,5433.963489346922,-70.03839980873545
5355.3697289827915,3809.347776068447,1546.0219529143446
4723.650677908524,5360.1746251706845,-636.5239472621606
4713.108335379969,4700.111835942256,12.996499437712373
4728.039872965086,5453.848730240977,-725.8088572758907
4719.918618755252,5537.541547128928,-817.6229283736757
3010.357239474068,4807.604130985327,-1797.246891511259
3571.286796993812,5464.035181173791,-1892.748384179979
3549.0992825636827,4793.933627906099,-1244.8343453424163
3552.506623385607,4603.1859759581685,-1050.6793525725616
3544.308964164207,5360.941985707959,-1816.6330215437524
3540.229107179265,4481.429349958586,-941.2002427793204
4043.198115628922,4729.02107689958,-685.8229612706582
4042.1336563875793,5370.3846763593,-1328.2510199717208
4051.3405324755677,5398.379970669156,-1347.0394381935885
4040.4567315782238,5174.157140832564,-1133.7004092543407
4054.87293681257,3814.0330809413745,240.8398558711956
4504.60129863768,5712.818924886747,-1208.2176262490666
4488.786171036959,5365.394802995803,-876.608631958844
4499.319272196641,5485.262153585843,-985.9428813892027
4504.400943457905,5392.710009055676,-888.3090655977712
4516.350029008864,4886.323754880888,-369.97372587202426
4890.11791404182,4962.128547211742,-72.01063316992258
4874.339533477522,5165.979317681009,-291.63978420348667
4916.4287771551,4995.274702741073,-78.84592558597342
4898.742183242253,3817.5173219547974,1081.224861287456
4876.062378201468,4597.688853996235,278.3735242052335
4882.104534470773,4345.072334369381,537.0322001013919
4885.635838365607,4786.471010287351,99.1648280782556
4866.580915320446,5414.369665367721,-547.7887500472743
4897.098405797427,3811.2233920630797,1085.8750137343477
4868.636881787803,5502.352272824563,-633.7153910367606
5380.564968282139,5632.106029246655,-251.54106096451687
5369.008481299308,5667.640163841217,-298.63168254190896
5347.143068789255,5149.353246694174,197.78982209508104
5348.768864894069,3798.5435098135495,1550.2253550805199
5349.108914628565,4342.070065187724,1007.0388494408407
5360.805093255709,5380.104577855913,-19.29948460020387
5372.00605034469,4790.680198215611,581.3258521290791
5353.634434660415,3567.915442434508,1785.7189922259067
5508.506135147008,5066.069563751017,442.43657139599054
5456.331884093189,4615.507781187272,840.8241029059172
5415.9350996183575,5552.961634177502,-137.02653455914424
5414.640957647566,5154.425918286341,260.21503936122554
5440.026696988127,4806.004494584955,634.0222024031718
5466.84569548341,5695.705582361415,-228.85988687800454
5448.5656944410075,4983.658493473198,464.90720096780933
5441.131088744527,5447.990363194945,-6.859274450417615
5428.965722555444,4868.487584595251,560.4781379601927
5461.498579719783,5520.372143498507,-58.87356377872402
5350.314980341793,5438.3479220070785,-88.03294166528576
5362.265704178168,4800.721352064547,561.5443521136203
5365.924116734177,5268.860080328825,97.06403640535245
5335.369245969756,5344.0171092512865,-8.64786328153059
5360.476770064221,5515.68746733995,-155.21069727572922
5355.715927198651,4864.3253710798635,491.3905561187876
5372.140879110888,5723.083008896998,-350.94212978610994
5351.389662740416,3813.034697485081,1538.3549652553347
2981.502816167861,5706.7357768825095,-2725.2329607146485
3005.673012891089,5605.0013996323705,-2599.3283867412815
3002.835731002157,4717.150456947244,-1714.3147259450866
3962.0726892808134,5350.248389189047,-1388.1756999082336
3945.035579617918,5615.670433806761,-1670.6348541888433
3935.837045076002,4715.854506443027,-780.0174613670251
3925.6190525383126,5037.180344968775,-1111.5612924304623
3940.9491181842077,5668.662635294455,-1727.7135171102473
3941.729280985068,3557.1686276767264,384.56065330834144
3943.6133792461806,4724.589504207863,-780.9761249616822
3949.159607815083,5349.956263583301,-1400.796655768218
3938.9899018773035,5431.7576830324915,-1492.767781155188
4800.976230172553,5269.1664725344845,-468.19024236193127
4797.096597859226,5485.998580743147,-688.9019828839209
4772.146543937066,5634.13985731518,-861.9933133781142
4803.3307635622605,5694.8913405799685,-891.560577017708
4816.416461102784,5674.991127019548,-858.5746659167644
4777.3326240415245,5485.116516439644,-707.7838923981199
4793.688370915592,3806.165639023121,987.5227318924708
4798.491056024798,4579.952998714739,218.53805731005923
4782.326345902309,5647.939734081739,-865.6133881794294
5463.381480103025,5704.679960246608,-241.29848014358322
5449.908095530368,5542.45560282141,-92.54750729104217
5475.609458716388,5522.23167927874,-46.622220562351686
5458.938679068555,5440.817416372817,18.12126269573764
5468.6561299216055,4875.274723488483,593.3814064331227
3012.678355062207,5059.240115385848,-2046.561760323641
2991.893558214894,4565.87677435438,-1573.9832161394866
3804.9084662796727,5147.0901834487595,-1342.1817171690868
3809.2765990621365,5364.3672591025215,-1555.090660040385
3819.886179396201,3823.0727432183885,-3.1865638221875088
3802.5237006212988,3806.251864871155,-3.728164249856036
3804.789220664742,3803.4624984241395,1.3267222406025212
3809.1609452820235,4837.544001943396,-1028.3830566613728
3815.9249162503493,5382.560060168818,-1566.635143918469
3808.985206222264,5371.256665341706,-1562.2714591194422
4607.987879302484,5665.18590061101,-1057.1980213085262
4609.00668989114,4600.519193306566,8.487496584573819
4593.814643590817,5641.887675775695,-1048.0730321848787
4615.271682646695,5682.204842453705,-1066.9331598070103
4607.120808591816,5504.044065885938,-896.9232572941219
4606.83664578418,5519.482053381921,-912.6454075977408
4609.9761374944555,4800.268882807234,-190.2927453127786
5202.124217844059,5276.17745956987,-74.05324172581095
5222.0457578232,5531.83064946793,-309.7848916447301
5202.336114642128,5443.616875853908,-241.28076121177946
5203.997683802563,5604.6966582429795,-400.69897444041635
5215.875881000998,5743.494627846384,-527.6187468453863
5216.555445282637,4601.90734515928,614.6481001233569
5200.5169689276545,5318.857635472119,-118.34066654446451
5204.1673835689235,4599.071158206458,605.0962253624657
5427.477359101613,5681.232217629379,-253.75485852776637
5430.495088018917,4589.46975335524,841.0253346636773
5195.696756080897,5675.648762532975,-479.9520064520775
5189.189146929419,4294.672714359817,894.5164325696014
5199.024120982684,5677.905006784908,-478.88088580222484
5219.990137940201,5504.767181506246,-284.777043566045
5182.267681075667,5136.450409118137,45.817271957529556
5187.939896742379,5438.0321542610045,-250.09225751862596
5201.960101484965,5435.501598540095,-233.5414970551301
5184.85176313574,5230.760756146619,-45.908993010879385
4606.359685268957,4511.005812407448,95.35387286150944
4628.709777565946,5506.518170945374,-877.8083933794278
4609.683622582884,3012.7257154680005,1596.9579071148833
4593.382743410253,4590.971941879931,2.4108015303218053
4617.410400497223,5389.159505069542,-771.7491045723191
4610.741343479601,5383.264365646857,-772.5230221672564
4581.94651009791,5409.946244523693,-827.9997344257836
3819.6937725772486,4598.274408720396,-778.5806361431478
3822.367528891086,5503.193471713466,-1680.8259428223805
3817.1727057841113,4607.62929353983,-790.4565877557184
3792.9125984633197,5476.124440420098,-1683.2118419567782
3821.534462319913,3825.751157871385,-4.216695551472185
3796.606101019172,4767.617038733741,-971.0109377145686
3791.0063381838427,4464.289284756889,-673.2829465730465
3802.3820656169582,4586.071860272285,-783.6897946553272
3007.016474776577,5622.123565273064,-2615.1070904964868
3018.988435544452,5335.627751385497,-2316.6393158410447
5037.306823607737,5422.431480195886,-385.12465658814926
5048.231148539624,4342.140031181241,706.0911173583827
5070.432581279483,4597.191006614142,473.24157466534143
5350.485181163608,5354.247612950101,-3.7624317864929253
5386.635494858894,5635.6266056783115,-248.99111081941737
5378.121978301274,5448.872628550052,-70.75065024877767
5357.130479618469,5666.7875910752255,-309.65711145675687
5346.466380194106,5639.168717832045,-292.7023376379393
5371.599868109432,3013.2929435692463,2358.3069245401853
4716.470543756132,4670.396528773713,46.07401498241961
4727.622656180432,4597.733372017255,129.88928416317776
4708.54226475009,4587.225986224287,121.31627852580277
4723.6120263013245,5375.262583652016,-651.6505573506911
3003.420751077846,5128.896495102227,-2125.475744024381
3542.444949235451,5104.481117822118,-1562.036168586667
3550.529868363349,5148.388584131636,-1597.8587157682869
3573.4066264168864,5342.559497612404,-1769.1528711955175
3563.683895218258,5174.913495474021,-1611.2296002557632
3561.2953078556725,5808.019339847728,-2246.724031992055
4053.1805640253406,5256.149333301453,-1202.9687692761127
4048.492361071182,5534.395221182264,-1485.9028601110822
4056.17743109388,5507.42363412068,-1451.2462030267998
4049.7549333725487,4572.879835343751,-523.1249019712027
4044.2532171492435,4885.292129480577,-841.0389123313339
4500.470152975814,5682.818291102224,-1182.34813812641
4495.500826733957,5468.857723323042,-973.3568965890845
4498.308819756719,5655.732418084745,-1157.4235983280269
4501.443174130145,5264.458292921638,-763.0151187914926
4472.711050480315,5393.629326319835,-920.91827583952
4908.952014676376,5617.293705758013,-708.3416910816368
4880.410202183139,5604.6927695375425,-724.2825673544039
4887.244357871301,5596.027139160325,-708.7827812890237
4877.7838474735245,5438.457886920791,-560.6740394472663
4892.555244629908,5165.220502710284,-272.6652580803757
4898.609180056581,5715.625155466407,-817.0159754098258
4900.682287661698,4980.909840358508,-80.22755269680965
4884.795825539835,5406.942264350497,-522.1464388106615
4896.553877766624,5626.551630054823,-729.9977522881991
4862.995923147747,4562.274510334718,300.721412813029
5380.564968282139,3964.9179407025686,1415.64702757957
5358.495443599762,5017.994480670983,340.5009629287797
5374.239061962955,5458.0591809627385,-83.82011899978352
5353.03412814618,5431.093606595218,-78.05947844903858
5377.060457199639,5281.458209752003,95.60224744763582
5363.701922545494,5131.4897938611675,232.21212868432667
5366.487535769882,4752.775510644621,613.7120251252609
5359.4723205226965,4833.719112224774,525.7532082979224
5504.403677020899,5442.909278712789,61.49439830810934
5451.78704034663,4529.220516323617,922.5665240230137
5440.27674952368,5618.2932308152895,-178.01648129160913
5440.026696988127,5398.83142197236,41.19527501576704
5466.5403881584425,5163.943731882939,302.59665627550385
5443.9578372212,5547.808276529661,-103.85043930846132
5462.035849143054,3834.5478321958194,1627.4880169472349
5442.257493660565,3807.6599374596267,1634.5975562009385
5417.427341782948,5641.578298248966,-224.15095646601821
5472.330571971217,5194.872423333977,277.4581486372399
5368.288703038908,5666.762473000314,-298.4737699614052
5361.868269628855,3937.220020480841,1424.6482491480142
5371.914626249973,5254.232530141856,117.68209610811664
5347.912376645704,4745.149884264662,602.7624923810417
5372.140879110888,5174.682222419414,197.45865669147406
5388.373105454888,5552.6276549907025,-164.25454953581448
5385.642405712025,3954.945669376887,1430.6967363351378
5355.24379975861,5506.818637653002,-151.57483789439175
2988.762723464219,5653.804249917506,-2665.041526453287
3017.346204564345,5418.394810261331,-2401.048605696986
2982.5170504320486,4571.685543421771,-1589.1684929897228
3941.3984589085408,4967.615000852148,-1026.2165419436074
3920.4252996496843,5407.467391833593,-1487.0420921839086
3942.001848996939,5180.3570677680555,-1238.3552187711166
3947.5891498115334,4795.528553929296,-847.9394041177629
3949.159607815083,5380.254482784929,-1431.094874969846
3942.5592141791394,4473.6362771096665,-531.0770629305271
3932.5861649097565,4855.125751254624,-922.539586344868
3933.7159292975552,5468.802312180131,-1535.0863828825754
3933.725277365287,5370.496679052176,-1436.7714016868886
4788.048550637971,3814.7053100771755,973.3432405607955
4811.519077686355,3007.181904284528,1804.3371734018265
4814.630043639611,5344.12465731918,-529.4946136795688
4813.855713298698,5606.973855026362,-793.1181417276639
4810.15021302309,5344.916873964975,-534.7666609418848
4819.956764857619,3940.847880084732,879.1088847728874
4791.608476213221,4571.082154346213,220.52632186700794
4790.643245963193,5372.209017243607,-581.5657712804141
4807.000599668783,5740.167908512576,-933.1673088437929
5478.502099576816,4804.449474711086,674.0526248657306
5468.1397549841,4609.311503492678,858.8282514914226
5453.8817206510885,4726.779902441464,727.1018182096241
5470.322244627114,5663.434941409619,-193.11269678250483
5466.715720826651,5445.023298348826,21.692422477824948
3002.9021581316183,3812.2300143485318,-809.3278562169135
3007.924627103205,5448.617848905667,-2440.6932218024626
3829.721134316701,5500.600822801206,-1670.879688484505
3815.9249162503493,4864.795020352898,-1048.8701041025488
3828.384722118546,5451.22375867157,-1622.839036553024
3830.6762506133023,3036.6295770643105,794.0466735489917
3791.763243543253,4660.0387796092755,-868.2755360660226
3821.8241681851255,5741.642901820424,-1919.818733635299
3805.368853087629,5826.195164718655,-2020.8263116310263
3800.146033322122,3804.4259741600567,-4.279940837934646
4609.4074698253535,4605.461167601888,3.946302223465864
4590.422642247461,5841.572414747389,-1251.149772499928
4621.777958085419,3949.5880215084057,672.1899365770137
4612.8738945370915,3803.3436306510052,809.5302638860862
4611.140869636823,4603.837004665891,7.3038649709315
4594.7217921385145,3925.9879750688833,668.7338170696312
4587.154383295673,5347.2739554871,-760.1195721914264
5197.210792621178,5504.748570609768,-307.53777798858937
5207.469434042489,5168.388327339692,39.081106702797115
5175.776192520695,5223.197090970451,-47.42089844975635
5185.835667557248,5119.983682517246,65.85198504000164
5229.454321020558,5629.129634242016,-399.67531322145805
5184.935592854548,5347.291109720894,-162.35551686634608
5179.885792604333,5468.202850969649,-288.31705836531637
5194.337590297829,5673.870195083103,-479.5326047852741
5411.051761564737,5503.706697568598,-92.65493600386162
5446.3894737504,5355.328143491549,91.06133025885083
5181.359549315833,5762.91759269691,-581.5580433810774
5192.540986721288,5431.881494449428,-239.34050772813953
5202.344201882075,4604.618667166971,597.725534715104
5191.994059719062,3810.12596204235,1381.8680976767118
5186.899764623279,5373.943173245138,-187.04340862185836
5195.704395563093,4601.583538333217,594.1208572298765
5225.225766699266,5617.256159451562,-392.0303927522955
5198.726245175042,4794.462073220954,404.26417195408794
4606.766062437614,5356.624776372625,-749.8587139350111
4620.31614411108,5184.590855579487,-564.2747114684071
4587.528818423465,5665.084506256003,-1077.5556878325378
4583.197450059633,4843.890086640137,-260.69263658050386
4593.281526342795,5135.300380177144,-542.0188538343491
4605.512367532192,5176.030025753851,-570.5176582216591
4617.49592739669,4614.480971961027,3.014955435663069
3814.9731429573053,3818.8384885642586,-3.8653456069532695
3805.2766195825166,5675.596920383606,-1870.3203008010892
3784.1797988789617,4986.884582228081,-1202.7047833491192
3813.502484040358,5675.019703750989,-1861.5172197106308
3812.4671719306675,5598.167800978986,-1785.7006290483182
3830.0658195500964,5454.125656106409,-1624.0598365563128
3808.409309866311,4876.444947442452,-1068.0356375761407
3808.502685400312,5318.437453945063,-1509.9347685447506
3003.118907194027,5642.088372451477,-2638.96946525745
2991.9708763610097,5344.310067729571,-2352.339191368561
5016.009709588672,5444.866571102033,-428.85686151336085
5055.066866789249,5448.856181483674,-393.78931469442523
5069.83712963334,5529.9995396761815,-460.16241004284166
5369.800995221718,5581.913448259405,-212.11245303768737
5367.477680892439,5048.327499866529,319.15018102590966
5378.604899929878,4603.40500749202,775.1998924378586
5384.320298486429,5284.428839790833,99.89145869559616
5366.6365542525255,4481.98054722854,884.6560070239857
5374.377706612533,3808.124857142538,1566.252849469995
4724.851106721099,5400.2718582787575,-675.4207515576581
4721.6595058138355,4597.969512015307,123.68999379852812
4717.064394039164,3947.8536263124925,769.2107677266713
4728.991083546536,5599.083238995867,-870.0921554493307
3003.993305656025,4480.738697633272,-1476.745391977247
3570.081438619447,5385.751613908849,-1815.6701752894023
3551.50324839161,4505.048514805758,-953.5452664141476
3560.6963183858065,4593.756630996425,-1033.0603126106184
3530.808237371556,4326.586152375848,-795.7779150042916
3563.5231851255626,5390.641730769992,-1827.1185456444296
4039.372457826057,5795.840075500326,-1756.4676176742687
4042.778395838473,4589.732461041687,-546.9540652032142
4040.296628720895,5651.301834183191,-1611.005205462296
4064.4293240861825,5169.20984788817,-1104.7805238019873
4052.2370866786205,4611.896093853438,-559.6590071748178
4510.514720101903,4369.062056614693,141.45266348720997
4494.296631432753,5658.30370658894,-1164.007075156187
4465.281066398875,4564.153194983754,-98.87212858487874
4497.110090859299,3021.6529414259116,1475.4571494333873
4484.190510178951,5360.286906818479,-876.0963966395284
4884.8214334703525,5783.46006429513,-898.6386308247775
4860.4164152153735,5450.4907096112,-590.0742943958267
4910.546528881145,3837.2838231086907,1073.262705772454
4866.260391565323,5117.457976438424,-251.19758487310173
4901.608909006324,5335.951134808996,-434.34222580267215
4892.912548503127,5331.755731404953,-438.84318290182546
4873.114305264263,5174.806667331655,-301.6923620673924
4878.858755753564,5472.496890744243,-593.6381349906787
4904.281120327327,4361.43841479438,542.8427055329466
4903.556289311214,3809.308280350701,1094.2480089605128
5380.564968282139,4752.642984359641,627.9219839224979
5352.025052852718,5674.799328876121,-322.7742760234032
5350.283165576763,3818.0006497823065,1532.2825157944567
5385.3416932722785,5154.356001872429,230.9856913998492
5353.181050441576,5009.048647400182,344.13240304139435
5345.600483370841,5553.996356825414,-208.39587345457312
5349.753331701176,3001.9265157567343,2347.8268159444415
5345.45720895022,3928.907772394223,1416.549436555997
5520.590948036541,3946.1429142636775,1574.4480337728633
5449.063974001308,5677.88811491619,-228.82414091488135
5453.574449966358,4756.012643648272,697.5618063180855
5466.84569548341,5695.705582361415,-228.85988687800454
5443.9578372212,4974.797739740974,469.1600974802259
5442.125062641777,5394.270287962641,47.85477467913552
5425.159609017532,5371.991785936413,53.16782308111851
5426.685352760247,3020.7163583273646,2405.9689944328825
5434.664334040354,5161.688398584719,272.9759354556354
5439.708662439334,5464.609863368935,-24.901200929601146
5371.920467930881,5031.593990539342,340.3264773915398
5358.959880159599,4799.459283182396,559.5005969772037
5380.729552025246,5681.812032393845,-301.0824803685982
5348.332321484214,5559.264808541471,-210.93248705725728
5333.219919567266,4580.081139243464,753.1387803238013
5386.131003750122,3582.4563219847064,1803.6746817654152
5355.648604653623,4582.777264096598,772.8713405570252
5356.616053420079,4786.776340308596,569.8397131114825
2995.12634355307,5444.7599222149665,-2449.6335786618965
2999.879753141364,5384.500159587575,-2384.620406446211
2990.7785765620715,5422.271124422714,-2431.4925478606424
3955.7223106254637,5764.916779426822,-1809.1944688013587
3949.170340148936,5640.8590468789425,-1691.6887067300067
3952.633487701135,4811.691115064265,-859.0576273631305
3936.098932488522,5407.672338602466,-1471.5734061139437
3917.8880113049304,5433.232114709012,-1515.344103404082
3938.4849574812797,5175.649192621355,-1237.164235140075
3951.2911871778615,5264.398080865447,-1313.1068936875854
3941.981592844056,5443.669176411309,-1501.6875835672531
3939.0922515838247,5035.642060638594,-1096.549809054769
4801.977806984354,5322.6029523471825,-520.6251453628283
4821.447660232093,5404.657739780649,-583.2100795485558
4824.166408790442,5244.972970029209,-420.80656123876724
4792.275832146886,4593.159839615403,199.11599253148324
4829.44366154859,5138.386892242509,-308.94323069391885
4790.516101804689,5369.904547993465,-579.3884461887756
4791.747245233185,3938.757572609602,852.9896726235829
4787.441084626453,5515.48916265772,-728.0480780312673
4800.54451712536,5010.864963114282,-210.32044598892207
5466.615359263445,5164.932049910285,301.68330935315953
5466.831600998787,5379.57478337675,87.25681762203658
5496.283282834567,5409.485504834694,86.79777799987278
5475.7348643924015,5685.879443185392,-210.14457879299061
5461.512457836543,5332.0923916565725,129.4200661799705
3015.572362842571,5676.642600533948,-2661.0702376913773
2995.486374596279,5200.171101192467,-2204.6847265961883
3809.6839202258966,5499.441488792349,-1689.7575685664528
3806.328493199668,5568.82004268775,-1762.491549488082
3818.8025887199296,3819.842501003471,-1.0399122835415255
3814.082778573467,5281.453565765604,-1467.3707871921374
3802.1338834759886,5540.434713619054,-1738.300830143065
3836.958679030036,5516.181361423241,-1679.2226823932046
3816.262195560265,3952.4462200540293,-136.18402449376435
3809.455452803909,5178.949101632486,-1369.4936488285775
4604.229130084914,5169.052949259228,-564.8238191743139
4628.654856595684,5528.8191637202535,-900.1643071245699
4599.441102227363,5669.869181714012,-1070.4280794866481
4618.963589100442,5392.704706835074,-773.7411177346321
4614.526409030818,4589.637837106905,24.888571923913332
4588.908848979437,5518.422537853064,-929.513688873627
4606.398321462986,4582.382456605917,24.015864857069573
5195.6233294368285,5515.870693544288,-320.24736410745936
5206.783962104932,5609.733885552267,-402.9499234473351
5204.26542359439,5387.171340633317,-182.90591703892733
5223.277608928041,5389.626362693178,-166.34875376513628
5215.02126329914,5374.970096860104,-159.94883356096398
5226.340781903222,5626.947764238182,-400.60698233495987
5209.684647909077,5568.912784601265,-359.22813669218795
5204.538951003803,5439.3035503807205,-234.76459937691743
5433.379079485323,4609.923677313294,823.4554021720287
5421.420574918664,3552.916412549323,1868.504162369341
5202.493895507526,5515.04981064028,-312.5559151327543
5222.480045755994,5039.484762795182,182.9952829608119
5190.087841482648,4577.268655417105,612.8191860655434
5201.34401912092,5088.394496463475,112.94952265744541
5190.725660911526,5328.563303236901,-137.83764232537578
5179.716906165336,5593.811046313397,-414.09414014806134
5217.923669481894,5283.717671864881,-65.79400238298695
5173.710921301123,5020.541570799255,153.16935050186748
4595.300413508261,4944.550302514255,-349.2498890059942
4596.760810928963,5714.80492861155,-1118.044117682587
4596.949606888375,5647.242540559964,-1050.2929336715897
4627.151328426248,5447.702860733416,-820.5515323071677
4622.697172976033,4880.989723968178,-258.29255099214515
4600.6795446361275,3011.3276525822635,1589.351892053864
4611.031673646698,4836.644049119829,-225.61237547313067
3810.382596755976,4797.671853413435,-987.2892566574592
3809.3773477715254,5505.94078162708,-1696.5634338555542
3781.3260506879924,5062.170560731287,-1280.8445100432946
3788.989193667271,5514.416235422137,-1725.427041754866
3798.273419372312,5507.378460330277,-1709.1050409579652
3814.892985913179,4715.5334014364935,-900.6404155233145
3819.1916584704672,5131.479248948922,-1312.2875904784546
3817.390819583941,5449.509377692992,-1632.1185581090508
3014.3186912495344,5631.556253569716,-2617.237562320182
3001.61643457631,5504.310256613658,-2502.6938220373477
5056.906335442482,5788.181747541146,-731.2754120986647
5055.645778866648,4796.033400952385,259.61237791426265
5056.568507936083,5592.061978163584,-535.4934702275013
5370.300007262022,5803.950109852133,-433.6501025901116
5363.003696295313,5430.644777917081,-67.64108162176854
5345.8794242160875,5415.980277239615,-70.10085302352763
5365.583673444403,4101.278334353243,1264.30533909116
5366.2000244712035,4779.571895826907,586.6281286442963
5372.914652846408,5517.403854856962,-144.48920201055444
4736.818909949477,3947.3513443255893,789.4675656238874
4733.398366870704,5441.176419969671,-707.7780530989667
4733.926893701507,5389.188563543536,-655.2616698420288
4709.739720137309,3792.0054719643804,917.7342481729283
2996.444384038613,5235.285617264149,-2238.8412332255357
3553.3613376719945,5464.772266716364,-1911.4109290443698
3546.1689993493114,5360.498944199754,-1814.3299448504426
3532.4380396102647,4551.785999550893,-1019.3479599406287
3572.5795086963467,5829.619810541165,-2257.0403018448183
3565.7815470750547,5106.575540759405,-1540.7939936843504
4066.6081146527545,5343.823292736992,-1277.2151780842373
4064.5248601103485,5734.226084570336,-1669.7012244599873
4065.802259342965,5687.227508074386,-1621.4252487314207
4057.5178063271633,5393.276071747634,-1335.7582654204707
4042.381261536987,5502.5489349826275,-1460.1676734456405
4482.390088318285,5153.534188427539,-671.1441001092544
4494.662445938083,5614.824489097823,-1120.1620431597403
4505.298684656879,4514.514643538783,-9.215958881904044
4511.600991613119,5677.508762765105,-1165.9077711519858
4484.0567162937705,5236.868249740926,-752.8115334471559
4881.20194290807,5436.237818584033,-555.0358756759633
4907.816961760213,5360.817748669123,-453.0007869089095
4905.727057490618,4316.151801555659,589.5752559349585
4900.66456798051,5384.945385788542,-484.2808178080322
4894.894288121823,5488.091232702752,-593.1969445809291
4892.123057569036,4746.274957244823,145.8481003242132
4890.221173477765,4589.273891896159,300.94728158160615
4898.338646100134,5450.302144791271,-551.9634986911369
4878.051789887017,5035.911084158952,-157.85929427193514
4885.038352187038,5428.974638481092,-543.9362862940543
5380.564968282139,5344.40722344642,36.157744835718404
5365.785333673482,5390.138525356544,-24.353191683062505
5372.939191747574,4616.044138850839,756.8950528967353
5349.551359892369,5508.519770128239,-158.96841023586967
5365.491825205214,5368.350990275597,-2.8591650703829146
5389.115581956628,5071.3469181603205,317.7686637963079
5359.4723205226965,4600.609094238392,758.8632262843048
5377.781640907107,4609.046953567047,768.7346873400602
5536.090268141179,3956.095989331161,1579.994278810018
5422.958988790539,3792.60388550626,1630.3551032842784
5447.146138824531,5693.663190594303,-246.51705176977248
5448.5656944410075,5605.363962037758,-156.79826759675052
5462.035849143054,4605.097619659227,856.938229483827
5425.159609017532,5725.3798358729955,-300.2202268554638
5430.304460962124,5266.320866990214,163.9835939719096
5430.523845691058,4789.88848875017,640.6353569408884
5442.041240519955,5739.562408358515,-297.52116783856036
5441.307751336185,4779.074637727875,662.2331136083103
5347.912376645704,3930.9634089448973,1416.9489677008069
5348.089512993324,5252.5019531486305,95.58755984469371
5404.167142069836,4770.318707629983,633.848434439853
5378.084694917811,5084.778173557799,293.3065213600121
5353.285064402344,5429.899895656284,-76.61483125393988
5369.2113966229745,5442.754156477048,-73.54275985407367
5338.101958559974,5415.416307694749,-77.3143491347746
5356.825939313875,5114.861926933056,241.96401238081944
2990.7785765620715,5428.937279360346,-2438.1587027982746
2996.0784171439195,3812.1404557979254,-816.0620386540058
3000.290910497885,5429.397417009809,-2429.106506511924
3962.333527866225,4870.5499042228885,-908.2163763566637
3932.5861649097565,5351.222999298891,-1418.636834389135
3924.6314996967467,5542.054834849874,-1617.4233351531275
3951.7753714166033,5712.988481830501,-1761.2131104138975
3951.7669681079688,3828.707715800634,123.05925230733465
3934.719876825179,5481.086766672399,-1546.3668898472197
3944.430051910857,5429.515158159083,-1485.0851062482257
3944.511471328774,5663.192601272574,-1718.6811299438004
3936.6213356619137,5164.446610117427,-1227.825274455513
4799.5081984176395,5241.281446317359,-441.77324789971954
4829.44366154859,4497.9199402417435,331.5237213068467
4795.993109305244,5363.408437220801,-567.4153279155571
4805.231508625574,5400.857142123212,-595.6256334976379
4792.018628101859,4337.870411701261,454.14821640059745
4794.352490231901,5375.897634414003,-581.5451441821015
4814.2643714100905,5491.148032757791,-676.8836613477006
4799.893846039165,5477.946661316885,-678.0528152777206
4813.860564684112,5085.424625128464,-271.5640604443515
5499.707504687769,5709.303591542134,-209.59608685436524
5484.937023232019,5119.884612917922,365.05241031409696
5487.650354242103,5385.0410221917755,102.6093320503278
5481.2875277904695,5870.420081663468,-389.13255387299887
5458.897240194595,5320.854719294004,138.04252090059072
3008.3510724086996,5167.930415052773,-2159.5793426440737
3009.0780612886615,4596.52973595321,-1587.4516746645481
3792.527048780473,4828.030532776299,-1035.5034839958262
3823.666598889972,4809.153774618011,-985.4871757280389
3821.1023550122577,5778.289211948772,-1957.1868569365147
3801.3496133772137,5507.6521263691475,-1706.3025129919338
3798.049069062963,5144.177380762515,-1346.128311699552
3814.0508494444252,5659.462431917864,-1845.4115824734386
3815.4691815497795,5436.788408486031,-1621.3192269362512
3826.7985496236684,5059.881579499303,-1233.083029875635
4627.928038476601,4616.514382540922,11.413655935678435
4595.533223397559,5781.619345337827,-1186.0861219402686
4610.891996781424,3930.7925303255797,680.0994664558439
4614.88024149867,4907.241343069102,-292.36110157043186
4596.289980191537,5668.703591183987,-1072.4136109924493
4638.15797074662,5534.750057027299,-896.5920862806788
4590.15156601001,5387.460981738275,-797.3094157282649
5196.427867027574,5662.800854465792,-466.37298743821793
5185.912582192599,3011.8937220811104,2174.0188601114887
5193.669326976595,5232.425169937139,-38.755842960544214
5195.704395563093,5134.397528220015,61.30686734307801
5233.188138310317,4113.236051010205,1119.952087300112
5203.149784691,5385.290916964453,-182.14113227345297
5207.327203856628,5452.734084776923,-245.4068809202945
5222.529006937172,4733.0432048947105,489.4858020424617
5443.398734775,5522.8258312034395,-79.42709642843965
5408.088226106875,5496.6414069795055,-88.55318087263095
5199.458168898484,5700.824509415262,-501.3663405167781
5187.967514061641,5163.308425831431,24.659088230209818
5187.270646061087,4799.745899932713,387.5247461283743
5171.785207522699,3791.5782939296478,1380.2069135930515
5191.352292944679,4342.67075220678,848.681540737899
5200.467424423376,4814.133348111751,386.3340763116248
5208.348221537096,5669.531225635692,-461.18300409859603
5199.057815832297,5478.511020619805,-279.4532047875082
4604.8623708454625,4724.655885590352,-119.79351474488976
4607.34083902254,4799.509389961185,-192.16855093864433
4630.414349141503,4824.429954601726,-194.01560546022301
4606.520854110475,4785.485037585116,-178.96418347464078
4592.414520713399,5004.8317469962085,-412.4172262828097
4614.938653861217,5387.373194237323,-772.4345403761063
4610.333705376246,5014.823534686338,-404.4898293100914
3825.655160686674,5447.159468802213,-1621.504308115539
3817.0146916530607,4487.607335363023,-670.592643709962
3806.516368289617,5245.617018563549,-1439.1006502739324
3815.485126547943,5476.028290331255,-1660.5431637833126
3829.7762438224086,5196.257987781495,-1366.4817439590865
3812.163993893013,4790.137958318255,-977.9739644252422
3804.0789655319045,4088.346457378668,-284.26749184676373
3810.67446883949,5185.390372774282,-1374.7159039347916
3010.718524070922,5661.955864381861,-2651.237340310939
3011.4798734912297,5721.617067668111,-2710.1371941768816
5061.20163643829,5343.497516267468,-282.2958798291784
5054.171005159318,5530.41701657531,-476.24601141599214
5092.601175797532,5312.604233720033,-220.00305792250128
5350.0383801009975,5392.22960979849,-42.19122969749242
5363.491320565303,4906.568706079876,456.9226144854265
5391.089928368251,5402.674014082601,-11.584085714350294
5369.696343165153,4805.291098490736,564.4052446744172
5363.651308401441,5796.95070267829,-433.29939427684894
5389.525495163835,3033.5585068391924,2355.966988324643
4715.376900811118,5367.576753153866,-652.1998523427483
4723.781293038743,4966.813039604303,-243.03174656556075
4747.122489392586,5404.137395955968,-657.0149065633814
4725.757996002693,4353.792406630338,371.9655893723557
3017.7051005570925,4486.190135447904,-1468.4850348908117
3568.5959131818354,4727.469502061856,-1158.8735888800202
3558.527261232222,5326.2070040680555,-1767.6797428358336
3547.4973273792566,5430.308272971343,-1882.8109455920867
3547.437552403728,5033.00571619399,-1485.5681637902621
3559.980350261087,5029.027202751151,-1469.0468524900639
4051.0371185801646,4592.360498485241,-541.3233799050763
4029.2382077710104,4566.7733245217105,-537.5351167507001
4049.789268244209,5588.909310604315,-1539.1200423601058
4057.6791122690365,5407.961383656132,-1350.2822713870955
4041.618426972753,5465.663627790572,-1424.045200817819
4478.292090882394,5638.699803617654,-1160.4077127352593
4504.378006062046,5368.879500844009,-864.5014947819636
4503.964310037764,5343.971990843154,-840.00768080539
4506.193219893003,5252.141870030079,-745.9486501370766
4489.016472837481,5510.20707692263,-1021.1906040851491
4884.08413179066,5383.472738179351,-499.3886063886912
4880.937082083783,4597.155934507834,283.78114757594903
4872.735963651102,5501.691789468476,-628.9558258173738
4913.0383611161615,5188.492708419282,-275.4543473031208
4884.143738005649,5660.0588465658275,-775.9151085601789
4901.271014876237,5443.2509252379605,-541.9799103617233
4873.819231395567,5650.974299123959,-777.1550677283922
4882.538729080518,5401.754774919871,-519.2160458393528
4884.4605108628975,5126.504132043573,-242.04362118067547
4892.8941032615485,4490.662913018267,402.23119024328116
5380.564968282139,5699.668808116379,-319.1038398342407
5361.313292158211,5026.677872700572,334.6354194576388
5378.486816033098,5555.427868949074,-176.9410529159759
5344.697239369018,4347.961642527549,996.7355968414686
5363.701922545494,5436.506232463955,-72.8043099184606
5354.659175779075,5064.80044438877,289.85873139030446
5364.267815486791,5383.3266285569325,-19.058813070141696
5362.867647830592,5179.445634944819,183.42201288577326
5526.193647138579,5685.856009685013,-159.66236254643445
5423.919077775974,5093.315751615925,330.6033261600487
5444.973463468543,5282.340359158475,162.63310431006812
5441.131088744527,5253.797473619457,187.33361512506963
5442.257493660565,3807.659937459627,1634.597556200938
5426.685352760247,5477.684997719845,-50.9996449595983
5430.523845691058,5174.697077525547,255.82676816551157
5424.8676702813555,4954.774644214348,470.0930260670075
5445.377353101521,4483.493923521068,961.8834295804536
5440.443655898164,5670.348592713164,-229.90493681499993
5336.481590983999,3922.535830157724,1413.945760826275
5375.2679981411475,5517.027389750862,-141.75939160971484
5355.24379975861,5090.9896407899005,264.2541589687098
5375.445894175469,5525.971404402127,-150.5255102266574
5376.839271476494,5586.760779343875,-209.92150786738057
5360.913343959216,5455.420602018439,-94.5072580592232
5334.465284112565,5407.467391833593,-73.00210772102764
5342.010051234804,4585.790478329117,756.2195729056875
3012.180181883113,5392.191840562393,-2380.0116586792797
3003.3704504866296,5034.180955338645,-2030.8105048520151
2987.498693239155,5703.62079046801,-2716.1220972288547
3938.3594045288737,5164.600643874192,-1226.2412393453187
3916.712583652978,5012.70464216472,-1095.992058511742
3922.3407642338457,5502.966140928773,-1580.6253766949271
3948.268509840235,3953.758021048766,-5.489511208530985
3932.6884694705027,5671.30555108189,-1738.6170816113877
3940.6969017720785,5498.583498244788,-1557.8865964727092
3928.528373168199,5381.10990782294,-1452.581534654741
3931.115814548919,5268.779897529903,-1337.664082980984
3950.2564866815624,5707.3348393691,-1757.078352687538
4803.156166575289,4801.083129962592,2.0730366126972513
4787.441084626453,4950.429899672709,-162.9888150462566
4800.459152077886,5663.434941409619,-862.9757893317328
4830.0812093174245,5407.942007208286,-577.8607978908612
4799.893846039165,5681.186936541874,-881.2930905027097
4802.7201889786365,5842.105529608526,-1039.3853406298895
4801.3496035148755,4864.795020352898,-63.44541683802254
4794.205470269965,5356.7056535177935,-562.5001832478283
4806.575039520471,5044.335830643748,-237.76079112327625
5461.641783396135,5244.792614391933,216.84916900420194
5465.817799991762,5656.302074991238,-190.48427499947684
5480.37924002441,5567.490234466674,-87.1109944422642
5471.570377899135,5388.19024984849,83.380128050645
5472.674857532123,5332.043735974044,140.63112155807903
3010.6179926538116,5663.746436372098,-2653.1284437182867
3014.4625155622175,5485.374504795597,-2470.9119892333797
3800.535508849608,4364.999341166051,-564.4638323164427
3804.384353399984,5360.576963327602,-1556.1926099276184
3815.4691815497795,5734.930961449848,-1919.4617799000684
3816.776353566412,5287.18577138931,-1470.4094178228975
3820.4222051325514,4361.811921741083,-541.3897166085317
3798.618873077533,3800.9398071860587,-2.320934108525762
3799.885540111625,5694.371449253082,-1894.485909141457
3813.461729939154,4604.876542951942,-791.4148130127878
4591.9875258302,5231.803795177672,-639.8162693474724
4609.803169275083,5367.221045217987,-757.4178759429042
4595.684172555547,4845.161532979232,-249.47736042368524
4614.507693325079,5265.784500483607,-651.2768071585278
4593.382743410252,4722.267637304513,-128.88489389426104
4582.480309827113,4486.606460824825,95.8738490022879
4628.368952533526,4890.092865256512,-261.7239127229859
5173.182773254918,5142.472600669335,30.710172585582768
5207.327203856628,4590.730193776593,616.597010080035
5194.010637319154,4596.693295707222,597.3173416119316
5179.670366610478,3776.7375414348976,1402.93282517558
5193.430321935339,5505.69757838212,-312.2672564467812
5196.522874617036,5507.717861756092,-311.19498713905614
5208.7238850582335,3034.9637378823018,2173.7601471759317
5195.587247060544,5060.746352532035,134.84089452850822
5415.65381484895,5065.403865900598,350.24994894835163
5430.976368974048,5494.700222219398,-63.723853245350256
5183.837082636339,5650.227541307475,-466.390458671136
5190.004770253959,5033.955301647216,156.04946860674227
5214.392920982331,4621.381469373573,593.0114516087579
5198.857897186892,5243.617836907597,-44.759939720705006
5210.46639261535,5262.368907140381,-51.90251452503162
5199.377668276215,5459.808432805466,-260.43076452925015
5209.999693252265,5668.869279647303,-458.8695863950379
5182.386017698434,4771.935311007642,410.4507066907927
4610.616271066327,4314.154925441629,296.46134562469797
4627.365853609659,5397.813639556789,-770.4477859471299
4610.578227092908,5316.027827297036,-705.4496002041287
4633.925110553506,5766.416739919071,-1132.4916293655651
4607.035505538016,5673.373752902758,-1066.3382473647416
4602.746023009199,4860.314063939727,-257.5680409305278
4607.46906808121,5660.00104268559,-1052.5319746043797
3819.4476815387216,5184.91284463871,-1365.4651630999888
3811.4116253093566,4593.377260008573,-781.9656346992165
3813.5557969715715,4903.978134482803,-1090.422337511232
3842.916965988243,5505.042332219039,-1662.1253662307959
3819.473683244518,5664.574540240824,-1845.100856996306
3808.1717450686388,5658.554207866231,-1850.3824627975923
3799.4608971362995,5651.301834183191,-1851.8409370468917
3797.911013817126,5607.765827999247,-1809.8548141821216
3006.1801568326387,5240.296879630671,-2234.1167227980327
3019.712089096802,5742.872270608718,-2723.160181511916
5016.6173194683215,5410.713505093276,-394.09618562495416
5079.041108488816,5623.915630709974,-544.8745222211583
5027.238459700779,5308.613000905174,-281.3745412043954
5386.377607994308,3588.344909361907,1798.0326986324012
5385.7363071563195,5382.61413795823,3.1221691980899777
5373.088335394745,4359.336848714506,1013.7514866802385
5351.188764422209,5151.704222511444,199.48454191076507
5356.358252533238,3803.9046002725245,1552.4536522607132
5364.018534028738,5121.032573718699,242.98596031003945
4733.414499432674,5727.708500738435,-994.2940013057605
4734.703065905902,5060.601360010669,-325.89829410476705
4754.241179789467,5179.398886540926,-425.15770675145814
4744.5575535766975,4614.971144201451,129.58640937524615
3011.752872866741,4517.532697627185,-1505.7798247604442
3578.04734501937,5734.617394700174,-2156.5700496808045
3557.907475405442,4720.9843073621005,-1163.0768319566587
3557.8448925279554,5175.432153171719,-1617.5872606437633
3544.883774819567,5314.854376393384,-1769.970601573817
3575.9395424472286,5698.376748852424,-2122.437206405195
4059.6970759327464,5226.156864637564,-1166.4597887048171
4052.0860647637132,5383.599848114766,-1331.513783351053
4041.7061051383353,5617.918753370697,-1576.212648232362
4042.5744847972987,5513.215497600659,-1470.64101280336
4066.0270122253,5570.462520499042,-1504.4355082737416
4503.501038109377,5690.1384191099905,-1186.6373810006135
4504.42070665212,3032.0713398079756,1472.3493668441447
4491.214909653382,5328.416232823916,-837.2013231705341
4503.34785197134,5531.403529725802,-1028.0556777544625
4492.622312094812,5432.144701558994,-939.5223894641822
4898.64409874799,4972.078304678515,-73.43420593052542
4898.693939220111,5689.579849737447,-790.885910517336
4889.64733712836,5141.344525167427,-251.69718803906653
4889.999178861717,5799.168334581149,-909.1691557194317
4865.323469698799,3925.593257340467,939.7302123583322
4878.284743238779,4493.597064929336,384.6876783094431
4875.458177321336,5472.975288096066,-597.5171107747301
4887.123873876815,5245.8532660494875,-358.7293921726723
4898.7995547227065,5724.759122636205,-825.9595679134982
4869.79534046907,4856.6269474305545,13.168393038515205
5380.564968282139,5847.754933343278,-467.18996506113945
5353.158263223551,5375.790881407728,-22.632618184176863
5327.411317227687,4016.9282383598706,1310.483078867816
5377.060457199639,5167.761307216713,209.29914998292588
5357.9371002031185,5660.214506641522,-302.2774064384039
5350.5083185129115,5560.845912731396,-210.3375942184848
5345.024052554451,3924.2894626639504,1420.734589890501
5380.710643674733,5733.594586532473,-352.8839428577403
5544.104813243241,3840.8553268795927,1703.249486363648
5466.5403881584425,4617.989629855886,848.5507583025565
5459.438525469968,5358.070761303882,101.36776416608609
5428.965722555444,4594.5275807541,834.4381418013436
5417.427341782948,3017.8475387938224,2399.5798029891257
5434.664334040354,5329.3136856738865,105.3506483664678
5442.041240519955,5666.099681506967,-224.05844098701164
5445.377353101521,5724.316765210258,-278.9394121087371
5432.804158348842,5604.5992555939465,-171.79509724510444
5460.285150115069,4727.30314635146,732.9820037636091
5385.642405712025,5742.022760173137,-356.3803544611119
5348.939067087387,4865.545151738367,483.39391534902006
5393.578241761184,4623.721622517957,769.8566192432263
5338.101958559974,5151.4755117429095,186.6264468170648
5350.9834763721765,5355.429617157193,-4.446140785016723
5369.765223400741,4739.881864468972,629.8833589317692
5356.653781540336,5382.394422981866,-25.740641441529988
5352.074837283182,4585.952578867317,766.122258415865
3003.1087742226982,5070.790626187393,-2067.681851964695
2989.5415631367914,5668.771820823882,-2679.2302576870907
3002.7852131507807,4489.64431728849,-1486.8591041377094
3953.0720967702077,5826.861117251887,-1873.789020481679
3948.268509840235,5383.436724524803,-1435.1682146845683
3937.74499327051,5160.644036240246,-1222.8990429697365
3937.687627363192,5506.0480275612135,-1568.3604001980216
3927.249173889886,4782.866865660362,-855.6176917704761
3933.9870704823734,3799.3565584822313,134.63051200014206
3932.068262101089,5123.854725469563,-1191.786463368474
3938.749231020596,5528.348878948754,-1589.5996479281575
3958.7148351164033,5684.072269106727,-1725.3574339903234
4806.308231341067,5281.190900654384,-474.8826693133169
4800.968508449558,5483.202848768752,-682.2343403191944
4797.046637190735,4599.089200192282,197.95743699845298
4804.939120225461,4506.015847631654,298.92327259380727
4829.809409383071,4864.2243591875085,-34.41494980443713
4808.970871199936,5182.462849453826,-373.49197825389
4788.095892528374,5362.968144795722,-574.8722522673479
4795.954707442534,4790.183262342171,5.771445100363053
4796.091713415198,5773.664294239156,-977.5725808239586
5490.438674968149,5458.413086667984,32.0255883001646
5490.662662607167,4811.302188195755,679.3604744114118
5464.521916775588,4490.119386615264,974.4025301603233
5483.054201143885,4056.195138638814,1426.8590625050706
5443.3960381872375,5763.161017874033,-319.7649796867954
3007.78537665035,5013.143798861731,-2005.358422211381
2994.358761681749,3794.1364132819053,-799.7776516001563
3805.0292071696,4716.852314172205,-911.8231070026054
3801.188894436711,5647.598224743726,-1846.409330307015
3810.793568303061,4683.682069008725,-872.8885007056642
3797.360869260322,5694.431342642466,-1897.070473382144
3817.3280319376804,3821.3279873574666,-3.999955419786147
3830.042581940362,5833.3343199587025,-2003.2917380183403
3798.8135263336408,5652.561320561696,-1853.7477942280557
3795.903500196876,5471.843366326051,-1675.9398661291752
4596.821523328681,5662.0880171293975,-1065.2664938007165
4598.847581397353,4595.918794089793,2.9287873075600146
4611.815811792907,5665.975516953141,-1054.159705160234
4617.623231590253,5473.701354853728,-856.0781232634745
4620.31614411108,4728.2203019011495,-107.9041577900698
4618.992999556464,5667.767783710968,-1048.7747841545033
4606.82131042756,3942.7480461787472,664.0732642488128
5194.369181697933,5474.071666848505,-279.7024851505721
5187.967514061642,3809.347776068447,1378.619737993195
5201.737130932136,5797.256833833982,-595.5197029018454
5169.654364776449,5553.779988491158,-384.12562371470904
5185.383039089761,5648.610569869505,-463.2275307797436
5184.471170270058,5368.194383798658,-183.72321352860035
5190.004770253959,4791.194037046947,398.81073320701125
5208.150801065538,5372.075217175484,-163.92441610994592
5427.309518010639,5560.270497798157,-132.96097978751732
5387.432375897999,5560.830710735496,-173.3983348374968
5210.204321197383,4857.191351455849,353.0129697415341
5200.473937404216,4717.1132257445015,483.36071165971407
5200.075465971288,5527.949458992384,-327.8739930210959
5205.5736999921255,5618.495382503397,-412.9216825112717
5223.466119930863,5208.239066634281,15.227053296582199
5206.975491691384,4600.689656690432,606.2858350009528
5212.24048594642,5520.305708103257,-308.06522215683617
5184.390502094497,5556.369979037636,-371.97947694313916
4614.672712516573,3944.4734606262114,670.1992518903612
4611.485977576609,5508.279479255131,-896.7935016785223
4590.89457433631,3792.989619965266,797.9049543710444
4608.699235298539,5510.481544035435,-901.7823087368961
4620.655623759518,5261.200145083028,-640.5445213235098
4613.910804758108,4871.987173234024,-258.07636847591675
4601.580465615805,5374.000959817939,-772.4204942021333
3793.2822317382606,5382.765478809729,-1589.4832470714682
3825.469567586974,5723.428481126153,-1897.9589135391793
3830.1977929709515,5183.305344383544,-1353.1075514125928
3805.56210472425,5526.879110755943,-1721.317006031693
3826.474509574996,5120.723084752325,-1294.2485751773293
3804.0628964527777,5395.276393252473,-1591.2134967996953
3810.154006664324,4860.883505457637,-1050.7294987933128
3817.1983318032408,5715.642019807453,-1898.4436880042122
3004.5779782204677,5152.932420673878,-2148.3544424534107
3004.5891096599407,5264.761054323212,-2260.1719446632715
5033.951925597853,5459.755691913918,-425.80376631606487
5044.305517620621,4680.512586437312,363.7929311833086
5047.025163208401,5375.008028205429,-327.9828649970277
5381.888669635908,4917.227229629948,464.6614400059598
5354.750419052295,5425.429128937583,-70.6787098852883
5341.005374523314,4456.256970396217,884.7484041270964
5372.052161267364,4786.134357042669,585.9178042246949
5380.731977745949,5496.42617196809,-115.69419422214105
5346.001310729776,3545.2411058967236,1800.7602048330527
4733.346664050785,5493.475179921533,-760.1285158707478
4720.449898056579,5519.638745737251,-799.1888476806726
4738.661454160473,5395.372424319914,-656.7109701594409
4720.969043210903,4351.641360893716,369.3276823171864
2992.970648681937,5427.248481394338,-2434.2778327124015
3548.502581516542,4589.6993350031335,-1041.1967534865917
3583.370777601835,5460.892789565622,-1877.5220119637866
3558.5139457974387,5248.50245774637,-1689.9885119489313
3548.43337302115,3805.9627234663717,-257.52935044522155
3539.359174787182,5643.184608791275,-2103.8254340040935
4068.1892018172634,4493.623904782032,-425.43470296476835
4044.490735028456,5243.783757634705,-1199.2930226062485
4052.908674657102,3003.3370805133495,1049.5715941437525
4039.768466316258,4495.921383064683,-456.152916748425
4055.3588327876646,5568.7269941787845,-1513.3681613911199
4488.819889449004,3810.501455337582,678.3184341114224
4502.300893174342,5673.846131480863,-1171.5452383065212
4479.761759831045,4586.4151398097365,-106.65337997869119
4493.224497882145,5509.177813088784,-1015.9533152066388
4510.672109704643,5670.1865925871425,-1159.5144828824996
4912.486556612652,5807.16196377552,-894.6754071628684
4900.6083062257485,4496.495800364264,404.11250586148435
4870.545362973864,5669.018408794157,-798.473045820293
4914.673719918289,3847.0958511991994,1067.5778687190896
4888.3388563821245,5692.85385008773,-804.5149937056058
4897.555542587824,5586.444756998342,-688.8892144105184
4899.631280754409,4879.669667559575,19.96161319483417
4886.206386229459,5454.605463496946,-568.399077267487
4878.477988309945,5391.268865208631,-512.7908768986854
4904.202196843037,4597.9334443632115,306.2687524798257
5380.564968282139,5530.936389912764,-150.37142163062526
5359.620944496638,3933.6369584251834,1425.9839860714546
5358.207110314779,5709.909176596398,-351.7020662816185
5364.700079563328,3805.606448882104,1559.0936306812237
5371.156277309925,5379.1163322147595,-7.960054904834578
5369.756372972873,5396.237983115468,-26.481610142594946
5357.372020855549,3937.4764596679365,1419.8955611876122
5374.328586780083,4348.18534912722,1026.1432376528628
5540.911002544119,5634.396500940391,-93.4854983962723
5463.55555675461,5686.7456916590045,-223.19013490439465
5440.120316198041,5441.7040206595475,-1.583704461506386
5441.265781365604,5048.336749902967,392.9290314626369
5451.71387600214,3836.4335871348085,1615.2802888673314
5423.091966470256,4568.4144258224605,854.6775406477955
5424.691055367107,5009.37838832006,415.3126670470465
5423.826959929087,5259.231505361655,164.59545456743217
5443.66845414599,5809.447353090429,-365.7788989444389
5458.48480045534,5254.556343526909,203.92845692843093
5362.73609057602,5807.771869722559,-445.0357791465394
5359.264107757859,3017.0038894476033,2342.260218310256
5381.934139218298,5188.761105660839,193.17303355745844
5355.394725143819,3814.6059347188866,1540.7887904249328
5361.650863083689,5388.708847001545,-27.05798391785629
5347.846859361139,4860.889595647693,486.9572637134461
5357.745796277761,4592.997169752325,764.7486265254356
5375.623498032898,4360.492648357826,1015.1308496750726
2997.4947992154566,5130.665639732047,-2133.17084051659
3004.205077215513,5580.190257988448,-2575.985180772935
3001.729718559355,5519.043623864829,-2517.313905305474
3929.238704437694,5509.76943480899,-1580.5307303712957
3940.6969017720785,4354.8886135350085,-414.19171176293
3935.4768058482287,4783.262833345813,-847.7860274975847
3933.9870704823734,5374.684625328411,-1440.6975548460377
3941.226929518363,5512.1928121773435,-1570.9658826589807
3938.5894507457356,5167.091149710975,-1228.501698965239
3959.097508078821,5540.504850118142,-1581.4073420393206
3941.3251968631484,3815.0015762729377,126.3236205902108
3947.338501055333,5528.268674469267,-1580.9301734139344
4815.864562087044,5668.738380453003,-852.8738183659589
4795.649365287313,4598.6000578845305,197.0493074027827
4790.983914359644,5425.512097342696,-634.5281829830519
4798.440987244032,3925.082170607811,873.358816636221
4795.969692526187,4745.917064377643,50.05262814854359
4797.176862757982,3555.4988301861017,1241.6780325718805
4804.257386432014,5097.364574577403,-293.10718814538905
4807.869662597793,3016.475847161901,1791.3938154358916
4806.526736845577,5285.4127775126335,-478.8860406670565
5454.481222226139,5259.431204038008,195.0500181881307
5443.3960381872375,5452.534197555389,-9.138159368151719
5461.502803953925,5474.737451511505,-13.234647557580502
5463.291028373285,5708.7774127930015,-245.48638441971616
5481.91814854037,5356.780821267185,125.13732727318438
3011.2080754239055,4588.773559162074,-1577.5654837381685
3015.65378964887,5654.681748846416,-2639.027959197546
3790.831043579484,5163.845010943492,-1373.0139673640078
3813.9598489922573,5481.690216312994,-1667.730367320737
3799.0081276830438,5164.157643126247,-1365.1495154432037
3817.205324085993,3809.301439523088,7.903884562905205
3809.7282918113397,4836.926098208074,-1027.1978063967344
3795.5493954391186,5667.545795685857,-1871.9964002467386
3825.386359066537,5474.918755735004,-1649.5323966684673
3830.5586639476414,4818.40971370016,-987.8510497525185
4592.20170623312,5632.638699261392,-1040.436993028272
4609.732995406641,4739.442094274312,-129.70909886767095
4606.82131042756,5513.118964104797,-906.2976536772367
4618.854072659756,5498.536586376501,-879.6825137167452
4611.661584554796,4800.5369764849875,-188.87539193019165
4610.414974354503,5451.190776070966,-840.7758017164633
4616.6599668288845,5239.248431249555,-622.5884644206708
5229.8711920015,4113.281340814102,1116.5898511873984
5208.348221537096,5450.620504071576,-242.27228253447993
5226.528206861157,3828.1000830478,1398.4281238133567
5185.872180747329,4469.865218831159,716.0069619161704
5217.343026666598,3570.046028443657,1647.296998222941
5207.266080259943,5502.123206008264,-294.85712574832087
5209.999693252266,5282.36294404712,-72.36325079485414
5215.3692085422135,4055.7222993047076,1159.646909237506
5404.386932808979,4853.387025933131,550.999906875848
5424.526424136196,5503.9576888432375,-79.43126470704192
5210.152016736114,5620.627541912584,-410.47552517647
5212.24048594642,5607.322944214956,-395.08245826853545
5217.347863275097,3827.5648190755046,1389.783044199592
5183.222620994305,5787.485666459312,-604.263045465007
5186.54639635777,5226.4679964759825,-39.921600118212154
5190.6471434357245,4777.171158904926,413.4759845307981
5201.4205615550045,4359.60416041629,841.8164011387144
5171.039471755579,3929.45303746534,1241.5864342902391
4598.546012200133,5777.604169559748,-1179.0581573596146
4597.593022607172,4595.145146401897,2.4478762052749516
4619.205683710066,5674.874352631269,-1055.6686689212029
4603.609058715919,5384.200553408738,-780.5914946928197
4594.361229666822,5374.716174078537,-780.3549444117152
4609.552548384338,5621.885624262338,-1012.3330758780003
4609.4808692825245,5483.1627509654145,-873.68188168289
3798.5633087123933,5500.86821702781,-1702.3049083154165
3817.5720921329726,5364.353238853895,-1546.7811467209226
3798.2221811269205,4457.59287311486,-659.3706919879392
3803.089682689971,5626.393993951241,-1823.30431126127
3811.3867398179877,4730.0305193853565,-918.6437795673687
3823.3023302705647,5538.519363517154,-1715.217033246589
3816.950310235496,4804.064976408401,-987.1146661729049
3795.5366474562734,5622.938150116038,-1827.4015026597644
2993.9836120643413,5318.231979431082,-2324.248367366741
2992.7680972421313,2992.175977253075,0.5921199890563003
5069.852069197708,4613.888039744698,455.96402945300997
5046.456404996948,5039.811217826119,6.645187170828649
5056.318897906253,4732.285157870749,324.0337400355047
5354.769829595694,5358.1208634256,-3.3510338299056457
5364.878580811896,5698.502540256319,-333.6239594444223
5356.696636712929,5173.191229502195,183.50540721073412
5378.333398229118,3947.9259303584545,1430.4074678706634
5405.74389665144,4617.113376406698,788.630520244742
5389.938878741478,5691.504245431769,-301.56536669029083
4717.59147418286,5151.070085231439,-433.4786110485793
4723.513884316045,4584.766517108437,138.74736720760757
4702.330765846694,5337.22469356328,-634.8939277165864
4713.99598608887,5511.362867555694,-797.3668814668235
3000.297911762467,5555.148314889243,-2554.850403126776
3542.9523446745384,5158.935849880686,-1615.9835052061476
3547.8731361244318,5365.250803376805,-1817.3776672523736
3566.6377504874104,3037.1033504526426,529.5344000347677
3553.1919765417756,5169.389908361324,-1616.1979318195486
3582.7121685001916,5101.460519323979,-1518.748350823787
4059.4938305167902,5705.621040495847,-1646.1272099790572
4065.3466560938723,3951.827287763226,113.5193683306461
4050.0445860191785,5773.307787630474,-1723.2632016112957
4039.178831323797,5358.710791935282,-1319.531960611485
4077.548839349106,5424.07878439037,-1346.529945041264
4528.2993838559205,5621.824883432167,-1093.5254995762461
4509.4285627331,5720.523756946167,-1211.0951942130669
4481.196099978174,5320.287521166244,-839.09142118807
4494.478026774737,5569.258585309642,-1074.7805585349042
4490.81918779063,5337.323910030438,-846.504722239808
4916.562890678391,3829.9255356047274,1086.637355073664
4920.890909514877,5192.6619915218025,-271.7710820069251
4905.671763810002,5270.705897947098,-365.03413413709586
4886.968701176588,5442.850341477324,-555.8816403007359
4889.623149055501,5334.80717093306,-445.18402187755873
4887.674452668566,5511.962008999501,-624.2875563309353
4890.9999477534375,3950.691990779326,940.3079569741117
4902.583825008072,5470.793011307962,-568.2091862998896
4890.92791099011,5667.903932509381,-776.976021519271
4885.274132893498,5564.767371869618,-679.4932389761198
5380.564968282139,5454.951122051744,-74.3861537696057
5403.669631578365,5685.132648237164,-281.46301665879946
5353.03412814618,4588.123065965378,764.9110621808013
5364.87847401993,3933.602365536021,1431.276108483909
5366.487535769882,5446.140266551788,-79.65273078190603
5364.267815486791,5513.576396426638,-149.30858093984716
5378.324313495082,5179.570678496574,198.75363499850755
5349.496261938989,3804.971080939121,1544.525180999868
5548.45728577334,5286.510833120962,261.94645265237796
5443.936297075824,4739.149439616617,704.7868574592067
5442.257493660565,5721.168565596142,-278.91107193557673
5423.777707193341,5442.997754599557,-19.22004740621651
5441.751429890457,5333.307852830874,108.44357705958282
5445.38319478243,4497.550269010498,947.8329257719324
5421.375103497253,5500.385827034854,-79.01072353760082
5409.944317835548,5419.265726385849,-9.321408550301385
5459.105132563575,4364.531572866638,1094.573559696937
5456.815513396646,4592.418872025608,864.3966413710377
5396.016941804051,4512.55671882158,883.4602229824714
5363.273303830412,5523.032112428863,-159.75880859845074
5334.465284112565,5407.467391833593,-73.00210772102764
5359.057259893465,5437.246239973889,-78.18898008042379
5376.248876508926,5380.25448278493,-4.005606276004073
5361.182156479624,5132.2093213575745,228.97283512204922
5350.273458641256,4861.603157618543,488.6703010227129
5342.566423276721,4465.201412949148,877.3650103275731
2998.716279438213,5483.3530949351725,-2484.6368154969596
3017.9583752442636,4723.924064389057,-1705.9656891447935
2995.8741146166726,3822.1686413749985,-826.2945267583259
3919.5326135279875,4769.448499746206,-849.9158862182185
3931.115814548919,3813.2481458302886,117.86766871863028
3923.943196435345,5286.924968114467,-1362.9817716791226
3938.749231020596,4359.540561862658,-420.79133084206205
3926.8057221299237,5350.027537743549,-1423.2218156136255
3941.3251968631484,5562.309935505853,-1620.9847386427045
3924.36641462489,5380.512546571219,-1456.1461319463292
3955.618390166952,4703.665428571254,-748.0470384043019
3928.669915119207,5497.61393072357,-1568.944015604363
4824.100937877827,5677.691363215618,-853.5904253377912
4803.108607490421,3812.623709950457,990.4848975399636
4795.954707442534,5434.063855377325,-638.1091479347915
4818.565553595749,5527.835353006681,-709.2697994109312
4788.44004632504,5643.84100652121,-855.4009601961698
4801.654699079117,5600.422010406626,-798.7673113275096
4809.422118574381,5520.298273245789,-710.8761546714077
4787.011133715543,5332.475187621392,-545.4640539058491
4802.635227392995,3556.250610993952,1246.3846163990434
5479.96039969981,4602.804801479933,877.155598219877
5453.123194878293,3809.9875448390076,1643.1356500392858
5447.677564884345,4890.463944003957,557.2136208803877
5447.173319925379,3018.2284153880755,2428.944904537303
5456.723808637756,4777.404633016736,679.3191756210199
3021.5121497310406,5683.768915656994,-2662.2567659259535
3007.4420850236947,5472.614634522492,-2465.1725494987977
3818.3439493893675,4849.310873568944,-1030.9669241795764
3790.9750852379866,3783.6154829447,7.359602293286571
3803.704143070385,5642.646791824788,-1838.9426487544033
3815.692225680868,5523.21031366587,-1707.5180879850018
3810.500562530104,5472.276120997073,-1661.775558466969
3810.932204668278,5511.613201966521,-1700.6809972982433
3786.080595942788,5485.01677323477,-1698.936177291982
3822.402266044848,5551.556845094325,-1729.1545790494765
4617.49592739669,4743.216365931189,-125.72043853449941
4602.413831895347,5324.282522063937,-721.8686901685896
4575.32323720593,5350.040323624055,-774.7170864181253
4627.151328426249,4362.830920371591,264.3204080546584
4629.2092578770635,5531.615553103806,-902.4062952267423
4609.5748866457925,4048.054850120895,561.5200365248975
4596.988911462408,4337.1298248609955,259.85908660141286
5217.653993618339,5203.110317841711,14.543675776628334
5199.377668276215,4865.179489757355,334.19817851886
5201.549692742257,5596.677335023463,-395.1276422812052
5200.075465971289,5279.292624523847,-79.21715855255752
5213.3080925839995,5694.592771110015,-481.28467852601534
5195.234339331375,5367.264263328942,-172.0299239975675
5225.927079859266,5546.028559364426,-320.10147950515966
5192.197948949612,5432.940052645146,-240.74210369553475
5408.553034872059,4781.744307766215,626.8087271058439
5418.713346196522,5609.568789660145,-190.85544346362258
5206.127612648291,5518.502607762372,-312.3749951140808
5197.55604946428,5436.727171626265,-239.1711221619853
5184.099409993068,3805.103694253934,1378.9957157391336
5180.339655173907,5415.514552060535,-235.17489688662772
5174.752940469911,3917.7933616718296,1256.959578798081
5196.089105644154,4585.736913787286,610.3521918568686
5196.465872881659,5380.200553408738,-183.73468052707904
5190.169270199287,5222.041556619553,-31.87228642026639
4616.12626166665,5162.039992124352,-545.9137304577016
4595.206334779746,5776.173969205412,-1180.967634425666
4610.280769990976,5157.444015755952,-547.1632457649757
4627.18801741957,5694.850845881653,-1067.6628284620829
4616.320773719393,5379.058841868853,-762.7380681494597
4613.554037041554,4759.264815838734,-145.71077879717996
4596.925654994361,4832.5064202947915,-235.58076530043036
3821.425056203325,5113.216264594423,-1291.7912083910978
3813.241256548969,4734.959888663024,-921.7186321140548
3807.090380708538,5425.429128937583,-1618.3387482290454
3815.460549090926,5676.211703914008,-1860.7511548230814
3817.3386413343005,5432.416286003747,-1615.0776446694463
3826.382251521418,3048.731064700592,777.6511868208258
3817.020454824595,5689.789183368735,-1872.7687285441402
3809.3284071975463,5673.435114269121,-1864.1067070715749
3005.0824909038656,4789.088552942249,-1784.0060620383838
3029.6125205897083,5469.95345989585,-2440.3409393061415
5048.712789642191,5547.927428147232,-499.21463850504097
5041.923464868301,5269.581645232814,-227.6581803645122
5050.127102827283,5377.100733196476,-326.9736303691925
5360.90843675702,5467.6700637263575,-106.76162696933716
5387.880159156376,4378.3985839491725,1009.4815752072036
5365.5729642020715,5241.161286342643,124.41167785942889
5356.837969657475,5477.891066649189,-121.05309699171448
5364.3233481527395,5434.484843937094,-70.16149578435488
5362.830462795379,5365.677391829388,-2.8469290340090083
4715.908170471766,5368.78123551819,-652.873065046424
4720.117229331469,5432.139736012551,-712.0225066810817
4717.244602807168,5276.46634195282,-559.2217391456516
4716.873049457035,4349.2847498216215,367.58829963541393
3005.4125725696517,5476.551845749037,-2471.1392731793853
3552.429370993356,5477.791108518721,-1925.3617375253648
3548.908673908355,5243.33307886591,-1694.4244049575545
3551.1839345995572,5651.211444293639,-2100.027509694082
3529.392624712994,4987.259987894124,-1457.8673631811298
3548.6701043057815,5480.934486460224,-1932.264382154443
4047.4235233524614,5426.847883916641,-1379.4243605641796
4072.8368552434426,5537.155716879633,-1464.31886163619
4059.107142293428,5674.084227313521,-1614.9770850200935
4058.050868282321,4801.604070057422,-743.5532017751011
4063.2797094634257,4873.078386026092,-809.7986765626661
4487.182030006312,4953.012233849391,-465.8302038430793
4487.847315423015,5330.668727413061,-842.8214119900458
4507.465450832441,5208.16083805858,-700.6953872261392
4480.544766163163,5650.969770680644,-1170.4250045174804
4507.735773700513,5648.75022541834,-1141.014451717827
4876.807228337014,4727.3911592999575,149.41606903705633
4890.307173633632,5521.221351890575,-630.9141782569423
4906.417028493789,4882.772610735601,23.644417758187956
4879.703339548833,4869.21359598397,10.489743564863602
4886.171808615444,5332.09929291464,-445.9274842991954
4902.841226763034,3947.234178860693,955.6070479023406
4884.178411939331,5436.365600535615,-552.1871885962837
4888.790975713203,5412.72517329921,-523.934197586007
4875.856902825124,5009.233424304214,-133.37652147909012
4907.194574195819,5588.528014841696,-681.3334406458771
5380.564968282139,4525.561282058396,855.003686223743
5384.54058044107,5360.647142917947,23.893437523122884
5350.989041080937,4941.645453317043,409.343587763894
5362.66188779315,5683.397437992082,-320.7355501989323
5376.206506901615,5451.203126949769,-74.996620048154
5366.27631623094,4583.84099195268,782.4353242782599
5372.144257151251,5395.315357969709,-23.1711008184584
5364.412063533449,4799.2991722502,565.1128912832492
5527.812185317037,5449.22153548167,78.590649835367
5452.205860285322,5463.373186913141,-11.167326627818511
5416.012582894155,4785.235962557723,630.7766203364317
5435.728431029717,3582.0068371438792,1853.721593885838
5435.330996480404,5699.2016889184,-263.8706924379958
5432.422607011148,5436.006957888127,-3.584350876978533
5421.552239844872,4829.2164123290495,592.3358275158225
5448.730724992696,5569.590186697809,-120.85946170511306
5422.401793938935,5651.343927075403,-228.94213313646833
5449.343530578485,4839.4672733800535,609.8762571984316
5363.273303830412,5717.821701781102,-354.54839795068983
5357.541211569824,5437.626010732409,-80.08479916258511
5366.735715771056,5384.94461189495,-18.208896123894192
5349.628929115914,5648.575446027672,-298.9465169117584
5364.437117082305,4843.619385415159,520.8177316671463
5366.138322970377,3942.831039915778,1423.3072830545989
5345.989294358059,5489.97709774469,-143.98780338663073
5350.75890267588,5727.327760096844,-376.5688574209644
2986.7170502138765,4691.838414079661,-1705.1213638657841
2987.119431542479,4589.9273111199145,-1602.8078795774354
3004.27114331748,5127.4141784654075,-2123.1430351479275
3956.236668027071,5683.798484217417,-1727.5618161903462
3935.5244248809727,5617.459343003673,-1681.9349181227003
3947.8581707918106,5447.2923235445905,-1499.43415275278
3934.7807999267916,5436.491723547077,-1501.710923620285
3928.4209564715497,3546.5048303644326,381.9161261071172
3952.3371306727704,5392.04634159893,-1439.7092109261594
3965.9765800194477,5533.521493938065,-1567.544913918617
3956.5735064635533,5598.731141403427,-1642.1576349398733
3921.710537164654,5030.199051709412,-1108.488514544758
4798.300717754309,5502.748457531436,-704.447739777127
4808.766920957172,3011.60376759528,1797.1631533618925
4792.445572026544,4599.581887263499,192.86368476304506
4804.939495523607,5441.250567446584,-636.3110719229771
4798.541994611817,5380.458650630687,-581.9166560188696
4799.837386766933,5507.107108102841,-707.2697213359079
4809.591818340741,5498.808164870432,-689.2163465296908
4818.201040830938,5726.535410424318,-908.33436959338
4818.072409541863,5063.532966114025,-245.4605565721622
5473.042455790156,5370.015822031867,103.02663375828888
5463.093705560633,5445.442979759273,17.65072580135984
5468.440837916588,4869.6432284153225,598.7976095012655
5463.751749081612,5356.364689486528,107.38705959508388
5474.752107697588,3821.668634955948,1653.08347274164
3018.3951294449457,5485.492168153621,-2467.097038708675
2993.34186750556,5152.6374554058575,-2159.2955879002975
3815.692225680868,5728.796815902626,-1913.104590221758
3822.3675288910863,3825.3905870973954,-3.023058206309088
3827.726652059362,5685.295768216755,-1857.5691161573932
3818.14757340446,5389.404710728245,-1571.2571373237847
3819.3616813912113,4869.060496573654,-1049.6988151824426
3804.982375172764,3814.0195641868245,-9.03718901406046
3805.2766195825166,5432.822939311732,-1627.5463197292152
3824.274012089739,5179.140178822519,-1354.8661667327806
4607.689769983634,5818.161518603658,-1210.4717486200243
4613.273526980433,5171.877321739929,-558.6037947594959
4611.293986899796,4604.71935864816,6.574628251636568
4610.620922718912,3814.0377603905886,796.5831623283234
4613.304285150467,5311.968518676931,-698.6642335264642
4620.219123802546,5672.993578080941,-1052.7744542783948
4620.109239236452,5110.332076565001,-490.22283732854976
5186.025310187443,5333.8062538928225,-147.7809437053793
5203.616216745986,5661.329868030782,-457.71365128479556
5193.649840420647,5596.156254376746,-402.5064139560991
5192.197948949612,3806.3664888262,1385.8314601234115
5203.3178344477865,4799.857386147748,403.4604483000385
5196.436685603339,5520.684448139598,-324.24776253625896
5195.411877802066,4793.874536998175,401.5373408038904
5209.236548157612,5266.416183381362,-57.179635223750665
5442.626637322081,5381.425058283946,61.201579038134696
5431.0486748288395,5516.180690866609,-85.13201603776997
5211.907183375758,4796.852481319817,415.05470205594065
5209.469820079682,5286.137644982094,-76.66782490241167
5216.599128585032,5697.319560798375,-480.720432213343
5216.834725838276,5496.7407621812345,-279.90603634295803
5206.035799340046,5163.821524784374,42.21427455567209
5194.319736174519,5853.055860542034,-658.736124367515
5197.572344625681,5725.567416113102,-527.9950714874212
5190.490607382534,5587.654697630695,-397.1640902481613
4606.965996811315,3815.1189837168126,791.847013094502
4628.390452120721,5734.018495752762,-1105.6280436320403
4595.149992282475,4783.495601932531,-188.34560965005585
4616.3846948759365,5466.3349993141155,-849.950304438179
4608.602857391858,3818.1247212056796,790.4781361861787
4631.502365710121,3951.803966364064,679.6983993460572
4625.978569397664,5468.864297199495,-842.8857278018313
3826.3196820449266,4748.446395855092,-922.1267138101657
3798.3321620944175,3797.297013468782,1.0351486256354292
3804.129531195365,5440.325979826436,-1636.1964486310712
3806.915869271886,5670.735903121886,-1863.8200338499996
3819.986974107178,5364.636866062429,-1544.6498919552514
3823.6688993280463,4751.019556631634,-927.3506573035879
3817.17048043794,5129.878423558919,-1312.707943120979
3814.821534745764,5349.7612773391265,-1534.9397425933626
3020.8697901239234,5126.6247400552575,-2105.754949931334
3009.990734337969,5141.3107592182405,-2131.3200248802714
5054.356239058584,5661.876357401083,-607.5201183424988
5067.8315999651895,5684.523889091737,-616.6922891265476
5054.691568415421,4467.697971724786,586.9935966906351
5345.7679914972305,4071.3881413201743,1274.3798501770561
5358.057887388395,5378.228084102155,-20.17019671375965
5343.462388742993,5419.412527810986,-75.9501390679925
5369.741953308898,5340.933255922584,28.808697386313725
5359.321508130945,5373.54840766785,-14.226899536904966
5392.21917662307,3834.20526871648,1558.0139079065898
4720.501590346635,5270.812337947687,-550.3107476010528
4734.059517351986,5701.971269658189,-967.9117523062032
4727.760979743517,5674.57225704122,-946.8112772977029
4724.968573534518,5168.950620414972,-443.9820468804537
3016.0583659070867,5132.908174331639,-2116.8498084245525
3543.888848522398,5652.273712345948,-2108.3848638235504
3580.7422047789614,5340.222962978632,-1759.4807581996702
3554.2502088574256,4584.434320327676,-1030.1841114702502
3550.371272195811,5370.758749926407,-1820.3874777305964
3579.376601351779,3836.6760111223343,-257.2994097705555
4044.692127472165,5863.170633350685,-1818.4785058785205
4044.8290789540824,5436.377720086675,-1391.5486411325928
4055.5955251965793,4790.559703780491,-734.9641785839117
4037.03848883335,5500.058670362919,-1463.0201815295686
4049.104016274779,5309.624956049807,-1260.5209397750282
4513.592920241825,5385.5444717986575,-871.9515515568328
4510.770051332227,5571.046817192327,-1060.2767658600997
4489.980765203953,3809.411088397698,680.5696768062544
4513.585217425624,4613.515854549206,-99.93063712358162
4496.54835101466,4602.956576324971,-106.40822531031154
4864.698663339179,4561.137013388773,303.5616499504058
4882.09470013168,4496.376554402088,385.7181457295919
4894.897160025507,5440.195016883554,-545.2978568580465
4891.815894722189,5026.291668825776,-134.47577410358645
4874.792244493665,5502.930165672074,-628.1379211784088
4900.676839487793,5369.526911513449,-468.8500720256561
4887.142573278585,5450.573240506281,-563.4306672276962
4869.045965828435,4491.67586585155,377.3700999768853
4886.119781224197,5446.510874566898,-560.3910933427005
4895.893493947385,4794.859617132817,101.03387681456752
5380.564968282139,5695.955998575468,-315.3910302933291
5339.238041270287,5637.076953696099,-297.83891242581194
5382.820741880035,5547.249977258296,-164.42923537826118
5363.701922545494,3550.08545390305,1813.616468642444
5350.5083185129115,3004.6952742270273,2345.813044285884
5344.0108903822575,5351.8800083034175,-7.869117921160068
5366.814022672132,5334.594425015055,32.21959765707652
5373.683411972983,4796.447503897291,577.2359080756914
5544.993525469968,4610.715232115274,934.2782933546932
5442.257493660565,4609.416920792984,832.8405728675816
5442.648950042648,4050.679115751488,1391.9698342911597
5439.386843585726,5485.498035466488,-46.11119188076191
5445.377353101521,5373.5017661462025,71.8755869553188
5454.192278876795,4364.116524132665,1090.0757547441299
5477.6298689213845,5662.668043079916,-185.03817415853155
5428.706526610158,5562.166256090662,-133.45972948050348
5467.040968612732,5412.552658169144,54.48831044358849
5472.013562038925,5327.432642739727,144.58091929919738
5334.465284112565,4715.314200424884,619.1510836876814
5366.735715771056,5517.944481276888,-151.20876550583216
5352.074837283182,3008.6279505996367,2343.4468866835455
5351.579902148398,3808.5987963428524,1542.9811058055457
5335.708381216635,3008.328110493173,2327.3802707234618
5358.849105886064,5440.045379011355,-81.19627312529155
5379.052141569037,4617.557865997479,761.4942755715583
5378.746971604436,5453.599285529345,-74.85231392490914
3017.2885584604855,3817.981730067383,-800.6931716068975
2994.1256562830954,5439.269867906179,-2445.1442116230833
2994.5346487160864,5443.537319009979,-2449.0026702938926
3941.3041894123603,5512.528597203088,-1571.2244077907276
3934.642460013753,5137.738676694565,-1203.0962166808117
3947.999676913639,5449.454072183751,-1501.454395270112
3933.3858427415,5436.863603725295,-1503.4777609837956
3937.8221721006003,5378.560060168818,-1440.7378880682181
3927.4564829453684,5431.281201890847,-1503.8247189454787
3926.988182548089,3796.526462227198,130.4617203208909
3927.2661089378794,5403.540111017573,-1476.2740020796932
3937.432231559986,5183.078065238894,-1245.6458336789078
4792.445572026544,4031.022294093111,761.4232779334329
4810.836298614669,4510.238977199735,300.5973214149344
4815.300851069533,5453.420460512237,-638.1196094427041
4817.774148518843,5631.484914925315,-813.7107664064724
4808.893868814306,5180.7555227725525,-371.8616539582463
4822.585381433081,5130.905225058655,-308.3198436255734
4790.6135817012355,4588.315494966659,202.29808673457683
4781.31022737615,5311.6754388823365,-530.3652115061868
4822.082872037364,4752.563055895617,69.51981614174656
5459.323301309412,5398.253576884712,61.069724424700325
5460.892969161514,5022.803396156951,438.08957300456314
5454.691422918423,5421.659735838609,33.03168707981422
5472.795058211551,5336.161709191949,136.63334901960206
5488.513294020311,5459.103402045201,29.40989197511044
3020.4993194123167,5417.156454062473,-2396.6571346501564
2994.8596099806186,4782.810799125656,-1787.951189145037
3786.080595942788,5343.437896577275,-1557.3573006344868
3791.0063381838427,5255.781855552783,-1464.7755173689402
3804.180094478555,4837.062977317044,-1032.882882838489
3805.2766195825166,4037.052642484997,-231.77602290248024
3809.51744636336,5486.296960588558,-1676.7795142251985
3824.146275579577,5863.589485081221,-2039.443209501644
3808.409309866311,3557.0515748811995,251.35773498511162
3793.0885857650287,5543.103129005533,-1750.0145432405047
4588.936623779809,5428.296328269697,-839.3597044898879
4606.520854110475,4591.219485916205,15.301368194270253
4615.617123238475,4801.8016994851,-186.1845762466246
4610.335096797436,4838.760809367363,-228.42571256992778
4627.365853609659,4615.6683352498585,11.697518359800597
4594.617450574234,5370.76670642172,-776.1492558474865
4615.383671780681,5667.231161806353,-1051.8474900256724
5195.60283717494,5120.308162125629,75.29467504931108
5176.079218024613,5150.336779654242,25.74243837037102
5179.862392386909,5495.961170268406,-316.09877788149697
5197.55604946428,3022.8435738297003,2174.7124756345793
5198.145763960014,5366.613514173228,-168.46775021321446
5222.77920408405,5685.385827456811,-462.6066233727606
5192.728626999427,5044.115672470742,148.6129545286858
5209.469820079682,5444.493416808585,-235.0235967289027
5425.405993066361,5477.585784471011,-52.17979140465013
5386.3560694885255,4572.6424108845795,813.713658603946
5180.470293231246,4703.948864785427,476.52142844581886
5195.509278948389,4500.997308031068,694.5119709173205
5220.044831585311,5323.341470839615,-103.29663925430395
5186.281959276744,5599.797551830699,-413.5155925539557
5198.266684664431,5726.4506686942495,-528.1839840298189
5192.616319107589,5638.554945977324,-445.93862686973443
5204.631717868226,5605.749424170243,-401.1177063020177
5186.201453967395,3932.3603705476025,1253.841083419792
4622.239182546734,4598.114732867765,24.12444967896863
4605.389977040453,5414.38444365598,-808.994466615527
4605.805186489391,5705.110851049094,-1099.3056645597026
4612.2329943067225,4596.494498255359,15.738496051363654
4614.980134638558,5670.981970903538,-1056.0018362649798
4620.3430831305095,5502.214437522668,-881.8713543921585
4609.395938596464,4790.140356126607,-180.74441753014344
3820.126187392019,5381.099929527468,-1560.973742135449
3817.17048043794,5045.573965677895,-1228.403485239955
3815.373424383203,3825.445260111117,-10.071835727913822
3834.6405572002946,5181.738989121201,-1347.098431920906
3816.0367792919765,5401.754774919871,-1585.7179956278947
3816.49469836864,4773.692965478238,-957.198267109598
3816.5682037223646,5156.635633855648,-1340.0674301332833
3816.5384105455773,5602.622540771951,-1786.0841302263739
3020.1258182717825,5054.255634790556,-2034.1298165187732
3010.4221948088375,5519.62916056254,-2509.2069657537027
5035.323597110613,5520.907517113256,-485.583920002643
5052.311375094013,5380.703711609516,-328.3923365155033
5059.054578137405,5386.493852649284,-327.4392745118794
5335.738127844592,5215.566677278508,120.17145056608388
5359.445880599181,4853.521081392683,505.9247992064975
5368.677913833997,5524.153260616678,-155.4753467826813
5370.819621558554,5396.616823201674,-25.79720164312039
5372.911279033515,4593.63862502423,779.2726540092845
5379.106903854775,5452.559214355294,-73.45231050051916
4735.338949664405,3817.6217840470354,917.7171656173696
4710.373704695063,5648.084687069782,-937.7109823747196
4714.821249954492,4893.024166303581,-178.20291634908972
4711.408268989614,5111.844161084408,-400.4358920947943
3009.352806434238,5279.305520217731,-2269.952713783493
3539.108127669561,5355.238814630958,-1816.1306869613968
3574.370844157266,5679.657483730425,-2105.286639573159
3563.593762529846,4606.6616346522615,-1043.0678721224153
3551.1953792132913,5672.725228308003,-2121.529849094712
3557.579287434134,5674.703998343303,-2117.124710909169
4052.9070842262477,5471.576433778079,-1418.6693495518316
4037.170748107904,5432.021169766172,-1394.8504216582678
4056.9689422591086,5452.9467147226715,-1395.9777724635628
4056.292236209541,5605.633240701287,-1549.341004491746
4058.408875778318,4728.416758481916,-670.0078827035982
4487.602725067683,5528.640354072909,-1041.0376290052254
4519.347476463875,5696.181024862406,-1176.833548398531
4512.4469374551945,5536.460464158326,-1024.013526703132
4492.067486031583,5648.183180966542,-1156.1156949349588
4509.837605163122,5608.397681931945,-1098.560076768823
4869.045965828435,5156.659926602945,-287.6139607745099
4870.455282772352,5580.459880104367,-710.0045973320148
4887.661144869297,4866.791959690868,20.86918517842878
4886.566443901344,5437.31314290218,-550.7466990008352
4900.325847149191,5599.263752789786,-698.9379056405951
4897.68815486754,5446.164280983775,-548.4761261162348
4915.871466549556,5455.48873086099,-539.6172643114332
4864.441942673107,5314.359382521171,-449.9174398480636
4861.9893570056165,5589.9521315806505,-727.962774575034
4871.987489256629,5671.863123536748,-799.8756342801198
5380.564968282139,4728.411382678916,652.1535856032224
5377.7356446955,4990.197315639423,387.5383290560767
5349.551359892369,4596.297762538957,753.2535973534123
5345.445113701159,5643.97120312928,-298.52608942812094
5359.4723205226965,3816.7867371765415,1542.685583346155
5362.867647830592,5485.667138431198,-122.79949060060517
5349.496261938989,4779.074092125492,570.422169813497
5360.206069553537,5817.585593533532,-457.3795239799947
5547.952746757953,5477.100438606388,70.85230815156501
5432.451130696797,5705.855209322323,-273.4040786255264
5430.523845691058,5655.409789351292,-224.88594366023335
5408.831972821305,5588.403847845898,-179.57187502459328
5421.375103497253,5703.372912586729,-281.9978090894765
5421.795048335762,3028.951977911245,2392.8430704245166
5451.54742176936,3567.8132023046664,1883.7342194646935
5448.908621027018,4857.938697765091,590.9699232619269
5411.564685411523,5489.170680103919,-77.60599469239605
5445.474147964446,4047.352381263556,1398.1217667008905
5359.057259893465,5128.229801371103,230.82745852236167
5349.628929115914,5346.050307471014,3.578621644899613
5351.579902148398,3006.385336724845,2345.1945654235533
5344.5156112720215,5352.034110813471,-7.518499541449273
5371.978298382352,4819.626220811001,552.3520775713505
5356.072418015364,5155.057718896868,201.01469911849563
5365.7385054218375,5182.453434327647,183.28507109419024
5358.450846632244,4593.384864165868,765.0659824663762
3024.840876741959,5403.025959990739,-2378.1850832487794
3004.5398386853753,5437.369755637348,-2432.829916951973
2989.097883281741,5420.525833200315,-2431.427949918574
3933.9954735551214,5379.364484482572,-1445.3690109274507
3924.36641462489,3805.5516751579007,118.81473946698907
3918.686051131461,5155.826387562206,-1237.1403364307448
3954.281977968796,4627.477912642839,-673.1959346740432
3932.144405029321,4803.407572852328,-871.2631678230064
3932.442261111911,4594.134340618168,-661.6920795062565
3948.462203159026,5721.530630010066,-1773.0684268510395
3917.1764597707443,5471.927646443077,-1554.7511866723326
3932.4982480682806,5011.007355635337,-1078.5091075670566
4798.541994611817,5380.458650630687,-581.9166560188696
4818.936105533242,5068.822931122674,-249.8868255894322
4808.893868814306,5389.542911513264,-580.6490426989576
4795.650213559184,3797.553108164081,998.0971053951025
4789.814472335116,5496.702878144813,-706.8884058096974
4794.168617587106,5442.917949958771,-648.7493323716644
4790.571229129094,5490.332950377147,-699.7617212480536
4808.08441821264,4607.063978795723,201.02043941691682
4802.214199414291,5013.692479704743,-211.47828029045195
5462.5309133590945,4778.273431355066,684.2574820040281
5466.991922884139,5325.625324761635,141.366598122504
5448.542986496679,4589.107745006203,859.4352414904761
5478.614731177674,5182.035044125813,296.5796870518607
5460.952960578247,5562.724382039691,-101.77142146144342
3002.8866244595156,5021.915580411188,-2019.0289559516723
3011.9946761784395,3029.147986343681,-17.15331016524169
3813.1702569479603,5650.531794252356,-1837.3615373043958
3805.1603397720232,5607.893247112176,-1802.732907340153
3812.467171930668,4797.766152678891,-985.2989807482227
3812.706775248688,4605.30686225643,-792.6000870077419
3806.337574756633,5429.814197287541,-1623.4766225309081
3834.8032551930573,5046.731224450472,-1211.9279692574146
3804.1162606434864,5382.944529573277,-1578.8282689297903
3836.683815959748,5859.73047858375,-2023.0466626240018
4610.333705376246,5167.215794464899,-556.8820890886527
4614.234337600462,5364.418241806352,-750.18390420589
4606.118677525643,5863.177423652831,-1257.058746127188
4607.035505538015,5398.032749935159,-790.9972443971437
4596.557900764779,4789.53249131017,-192.97459054539104
4606.037270592762,5337.569426996168,-731.5321564034057
4601.790329269985,4590.905607236016,10.884722033968501
5200.085928238122,5348.065081141575,-147.97915290345372
5198.565067296145,5265.332787635955,-66.7677203398107
5198.264246383693,5478.563363817505,-280.29911743381217
5196.089105644152,4968.2432493874685,227.84585625668387
5194.785556569678,4334.740725069079,860.0448315005988
5196.249093480291,5432.313443036034,-236.06434955574332
5223.351909975783,4377.079102195216,846.2728077805668
5194.319736174519,5238.154598243108,-43.834862068589246
5417.081104372469,5652.595564559657,-235.51446018718798
5436.289452707492,5673.201394832669,-236.91194212517712
5197.766603880938,3816.2080113495217,1381.5585925314167
5192.616319107589,5605.232284714405,-412.61596560681573
5182.831055199682,4781.6324789714545,401.19857622822747
5190.696900138136,4902.633104470009,288.06379566812666
5223.152715647269,5680.81216467041,-457.65944902314095
5197.338893827009,4478.084852731249,719.2540410957599
5190.767206483916,5663.743570176076,-472.9763636921598
5204.250644828581,4513.514594635461,690.7360501931198
4603.377662851435,5431.367675260411,-827.9900124089754
4600.032297438277,5523.018242567279,-922.9859451290022
4620.635546000111,4483.534839974076,137.10070602603537
4597.377452189528,5690.87814073314,-1093.5006885436114
4632.8383966667425,3833.6417785999497,799.1966180667928
4622.788233939183,5667.930751350227,-1045.1425174110445
4599.125795679722,5786.090470299364,-1186.9646746196422
3813.8894599191963,4733.705538732349,-919.8160788131527
3808.243099329266,4038.4764185074705,-230.2333191782045
3796.625892996419,4340.496749765745,-543.8708567693261
3806.6502580299207,5309.506539502946,-1502.8562814730253
3818.2204367622585,5869.905171189282,-2051.684734427023
3822.940159941676,4613.632469510079,-790.6923095684033
3810.1333531583723,5505.703580991453,-1695.570227833081
3806.283760732326,5363.61573373262,-1557.3319730002945
3008.1239495876666,5474.5488822648085,-2466.424932677142
3003.688599401562,5617.84127610248,-2614.152676700918
5046.412598479821,4827.755024749817,218.65757373000451
5056.79878271211,5445.348818474398,-388.55003576228864
5094.424049654011,4716.154057801934,378.2699918520766
5348.456023776342,3925.6523595483263,1422.8036642280154
5374.685438816079,5021.676095328917,353.00934348716237
5378.912629326821,4586.143670065352,792.7689592614688
5366.024056701129,4743.1869637060245,622.8370929951043
5348.91789870286,5367.842839362375,-18.924940659515414
5375.403802034055,4607.260058385943,768.1437436481119
4723.210870709893,4503.58344963299,219.62742107690337
4715.767087905403,5587.075906474619,-871.3088185692159
4732.453756231284,4737.431198432823,-4.977442201538906
4728.486861736414,4606.105876429395,122.38098530701882
2992.1016254398683,4817.815199079044,-1825.7135736391756
3549.29313836066,4726.4752509867,-1177.1821126260402
3574.9633479689746,5697.437349282512,-2122.474001313537
3555.0922866890387,5344.655344980285,-1789.5630582912463
3554.2044284693843,5484.339452097811,-1930.1350236284266
3577.0243747543313,4758.033588193415,-1181.0092134390839
4051.583534628627,4824.120538916027,-772.5370042873997
4048.9147858089327,5437.94987915741,-1389.035093348477
4059.857839955783,4744.047518488534,-684.1896785327503
4053.668383289375,4878.310823457237,-824.6424401678623
4052.293914063636,5669.07490880032,-1616.7809947366845
4500.280253479524,5589.784065892171,-1089.5038124126477
4468.886409095842,5700.83144362867,-1231.9450345328278
4501.428129122743,5451.499211760653,-950.0710826379109
4497.679510095754,5327.9964557692065,-830.3169456734522
4491.497772473594,5850.872548295138,-1359.374775821544
4913.977215366841,5434.028437222115,-520.051221855274
4907.302580026228,4365.5793988988735,541.7231811273541
4898.936930223834,4611.8337532123605,287.10317701147324
4880.726382422872,5253.238823766967,-372.51244134409444
4889.3115046723,5513.942026396336,-624.630521724036
4873.779157079937,3928.0678598696286,945.7112972103087
4855.12600609737,3794.4319666570677,1060.6940394403023
4883.579577441482,3024.947646262785,1858.631931178697
4891.18084148574,5153.439146774723,-262.25830528898314
4903.501983415554,3824.8113257523223,1078.6906576632314
5380.564968282139,4116.365707129438,1264.1992611527003
5347.143068789255,4582.7827872106745,764.3602815785807
5349.108914628565,5260.3948716890245,88.71404293954038
5372.00605034469,3952.4784005623524,1419.527649782338
5353.126510680561,5048.551659790511,304.5748508900506
5342.472372766808,5494.465568216342,-151.99319544953414
5366.563970136578,4799.6133920287975,566.9505781077805
5375.102967589459,5420.414891795809,-45.31192420635034
5514.882620170341,4602.862588759986,912.0200314103558
5423.777707193341,4591.137254901861,832.64045229148
5439.386843585726,4603.988687281713,835.3981563040124
5433.939496915769,5101.690177744707,332.24931917106187
5445.603605962437,4738.934496617926,706.6691093445106
5406.682646418813,5231.532134613599,175.1505118052146
5426.7477912538925,5464.778539219457,-38.03074796556484
5450.301998328044,5528.7463200438415,-78.44432171579774
5424.446203223725,5424.892344008742,-0.4461407850167234
5455.730285904316,3824.9156621834486,1630.814623720867
5376.248876508926,5402.471712663711,-26.222836154785
5364.437117082305,4785.09178031228,579.3453367700249
5335.708381216635,5592.53468456695,-256.82630335031536
5371.978298382352,5633.385954271319,-261.4076558889674
5353.250208195159,4785.292316095185,567.9578920999738
5344.2042668927525,5427.259907969471,-83.05564107671853
5343.170313492788,3810.3018900054526,1532.8684234873358
5348.637423798893,5469.581522547512,-120.94409874861867
2999.2296555530875,5773.833929578135,-2774.6042740250477
2989.815563864101,3925.0881953365406,-935.2726314724396
3002.423370540109,4810.150455269761,-1807.7270847296518
3934.686476514992,5592.398989693508,-1657.712513178516
3937.8221721006003,5560.719603286203,-1622.8974311856027
3937.697488930826,4511.419180788786,-573.7216918579606
3917.480305974079,3800.9191182423815,116.56118773169737
3936.6079465506227,3801.7752038874282,134.8327426631945
3944.7299550177386,5531.995249758396,-1587.2652947406577
3949.5638547402227,5459.882670702236,-1510.3188159620136
3944.943976639674,5383.2984038638515,-1438.3544272241775
3953.8119935210016,5679.533804778089,-1725.7218112570872
4809.591818340741,5340.472252760146,-530.880434419405
4808.807657968376,5586.695177469681,-777.8875195013052
4790.6135817012355,4855.87070670275,-65.2571250015144
4826.326417571996,4889.541762893544,-63.21534532154783
4790.571229129094,5574.710968465536,-784.1397393364423
4793.634937257699,5647.231013659581,-853.5960764018819
4826.842076133684,5268.2236277198845,-441.38155158620066
4793.3912002427505,3790.0065855008575,1003.3846147418931
4809.02259241716,5387.264365646857,-578.2417732296972
5486.16982499122,5181.212063636756,304.9577613544634
5486.849693492806,5399.354337196902,87.49535629590446
5487.574397273687,3825.751157871385,1661.823239402302
5448.536636172578,5640.691346292986,-192.1547101204078
5479.99523944636,5448.810345635061,31.184893811298934
3003.9731696955428,4950.598436314372,-1946.6252666188288
3013.045669842167,5449.48915846672,-2436.443488624553
3830.0658195500964,5192.925562497991,-1362.859742947895
3801.7488978691513,4966.802309333125,-1165.0534114639736
3804.197400695573,4606.774970559674,-802.5775698641014
3810.1608468235004,3802.1303488281474,8.030497995353016
3805.462850784695,4830.925202440438,-1025.4623516557426
3795.3044278212155,4461.14221602911,-665.8377882078948
3830.26610500265,5676.014117781844,-1845.7480127791941
3814.154786441437,3025.311461740781,788.843324700656
4599.295328463412,5709.319232925327,-1110.0239044619148
4596.557900764779,4826.399432572246,-229.8415318074667
4611.485977576609,5332.570554436261,-721.0845768596519
4609.324644357513,5508.806964381649,-899.4823200241362
4583.72687508111,5463.924663317336,-880.1977882362262
4601.9635355815435,5356.306030942932,-754.3424953613885
4597.593022607172,4794.941391034632,-197.34836842745972
5208.107482760747,4618.424488441107,589.6829943196399
5198.2941282440015,4590.611378051549,607.6827501924527
5172.494225851913,3807.4058780113305,1365.0883478405826
5193.382786517427,4857.028356753241,336.35442976418653
5220.188473091024,5416.942914804817,-196.7544417137924
5215.755206229531,3041.3463489012597,2174.408857328271
5177.2173416061205,4591.252877055389,585.9644645507315
5221.247266286462,5588.401144303308,-367.15387801684574
5406.243250689661,4587.356072047962,818.8871786416994
5418.480942827848,4858.1425361425145,560.3384066853332
5188.527261224545,3798.8959781391245,1389.6312830854208
5204.649946346214,5020.438107634854,184.21183871136054
5220.752410454646,4630.560058455256,590.1923519993907
5201.750439724419,5702.774130457947,-501.0236907335275
5214.7267552028125,4792.903944014567,421.8228111882454
5192.889111604018,4711.249492516694,481.6396190873238
5206.931183307967,5524.413730141529,-317.4825468335621
5210.6477614370115,5448.019751971798,-237.37199053478616
4615.764438782624,4603.364658560155,12.399780222469417
4597.138847438164,5246.240673551675,-649.1018261135114
4597.356230394979,5428.696989397305,-831.3407590023253
4603.6381366956075,5506.4400253845315,-902.801888688924
4607.108550855204,5483.100107583501,-875.9915567282969
4642.580120026163,5610.547100856198,-967.966980830035
4616.994774616325,5387.969051903815,-770.9742772874897
3805.3473521420296,5660.148730321958,-1854.8013781799286
3819.3904986634475,4873.279905977567,-1053.8894073141196
3815.22513294351,3559.3543737375503,255.87075920595953
3820.942566542184,5384.31544941791,-1563.3728828757257
3799.399576389514,5289.675171231772,-1490.2755948422578
3789.0842056838596,5214.512055512032,-1425.4278498281724
3816.9397925849958,5370.274746007735,-1553.3349534227395
3796.5431752960876,4026.810775156307,-230.26759986021943
3015.7258906628476,4589.031022176144,-1573.3051315132961
3008.945470508879,4774.788275534049,-1765.8428050251696
5057.204416193197,4975.217120427638,81.98729576555888
5058.311040293012,5510.433565095092,-452.12252480207917
5075.2294048950835,4604.080562617022,471.14884227806124
5368.042683905708,5409.756452000725,-41.71376809501726
5375.690356582856,5371.040825560809,4.649531022047086
5385.674689977211,5174.458716196592,211.2159737806187
5361.109386793454,4709.612666135995,651.4967206574593
5371.387024183086,4866.200058328379,505.1869658547075
5366.268555510064,5553.490063000737,-187.2215074906726
4746.6404248179715,4619.519749369103,127.1206754488685
4729.882546645419,5268.807604315263,-538.9250576698441
4737.435734558301,5285.10985864686,-547.6741240885585
4745.199054885022,5632.293635143476,-887.0945802584547
3009.652114224648,4606.585104512382,-1596.932990287734
3549.625491628076,5142.477990076158,-1592.8524984480819
3548.7373873798174,5346.580334976777,-1797.8429475969592
3560.1083080809817,5372.782197674035,-1812.6738895930534
3569.5048646153505,5047.766584097334,-1478.2617194819836
3546.443037181008,4295.644886807524,-749.2018496265159
4061.164399220327,4880.770307959959,-819.6059087396316
4038.9308893710822,5704.788777133522,-1665.8578877624395
4056.9975056227477,4970.6628250276735,-913.6653194049259
4047.7106296821585,4728.108861898122,-680.3982322159636
4047.4918095785333,4670.602185318716,-623.1103757401825
4504.937324429328,5433.905507831577,-928.9681834022485
4520.517020244301,5412.036479184696,-891.5194589403945
4517.366399176533,4624.553927146821,-107.18752797028719
4505.563992002997,5173.834072246959,-668.2700802439622
4482.051157821341,5721.148897900853,-1239.0977400795118
4886.007404392772,5402.113962026492,-516.1065576337205
4907.127351275386,5388.293947781683,-481.1665965062966
4896.6773640748215,5518.600786250976,-621.9234221761544
4882.030331830753,5301.7111641125475,-419.6808322817942
4885.196488786774,4872.176345187775,13.020143598999312
4909.788088753148,5201.112206031091,-291.3241172779426
4899.194227234453,5667.47321279919,-768.278985564737
4888.260845960706,4721.311737914265,166.94910804644132
4886.784763595845,5452.589317682776,-565.8045540869307
4860.748045258105,4707.593348718672,153.15469653943273
5380.564968282139,4619.907590389477,760.6573778926613
5355.830623189021,5701.012146825432,-345.18152363641093
5348.30948308793,5787.750700201108,-439.441217113178
5364.517778175316,4846.790873407594,517.7269047677228
5374.148904971186,4745.818283996711,628.3306209744751
5364.299656334871,5686.313135369782,-322.01347903491114
5356.716941328824,4960.5124213093295,396.20452001949434
5361.404739094651,4795.915475709931,565.4892633847194
5524.6530861612355,4874.132572595833,650.5205135654023
5446.705165681096,5452.514782208642,-5.809616527545586
5431.19263661106,5336.108714343396,95.0839222676641
5429.1786540502,4841.154418500665,588.0242355495348
5461.835832306437,5374.498160767551,87.33767153888584
5459.59373060167,5362.132715450671,97.46101515099963
5442.674123474523,5391.508659504282,51.165463970241035
5434.376070810765,3026.334523066001,2408.0415477447636
5443.227950252289,5606.624007753365,-163.39605750107603
5437.926282181765,5045.606579492596,392.3197026891685
5361.182156479624,5516.629563398277,-155.44740691865354
5366.138322970377,5178.470212329099,187.66811064127796
5358.849105886064,4732.535728165235,626.3133777208286
5356.072418015364,3949.9378508782543,1406.1345671371096
5344.2042668927525,4708.796017310768,635.4082495819848
5350.689384770307,4592.664825243738,758.0245595265687
5362.588892067531,4805.772276287909,556.8166157796213
5354.942641680158,4595.017642790652,759.9249988895062
2988.7492486620595,5664.040182554899,-2675.2909338928393
2984.7311907439994,3005.14836806979,-20.417177325790817
3017.5206119690547,4610.493153103341,-1592.972541134286
3912.954386203916,3794.8999785559918,118.05440764792411
3945.9831529870175,5072.117295658938,-1126.1341426719205
3937.158110645122,5664.636868722185,-1727.4787580770626
3931.923021351065,4960.747325087262,-1028.8243037361967
3937.9378989712013,5258.483686136658,-1320.545787165457
3936.5920447814433,4849.49021511126,-912.8981703298168
3922.1828648207133,5650.896805233238,-1728.713940412525
3936.7251329646015,4786.28920923967,-849.5640762750681
3955.0433061189847,5460.4062206303715,-1505.3629145113869
4818.072409541863,3579.0241338381693,1239.0482757036934
4801.047764208645,3936.528738450134,864.5190257585114
4822.082872037364,4752.563055895617,69.51981614174656
4797.09922171697,5354.379983887037,-557.2807621700676
4802.214199414291,5384.4863234858185,-582.2721240715273
4816.740477939643,5529.9239948703835,-713.1835169307406
4809.02259241716,5053.188966135814,-244.16637371865363
4782.607208026734,5369.714877018045,-587.1076689913107
4801.863575387164,5415.157114295823,-613.2935389086588
5469.260637565964,5661.719363618814,-192.45872605284967
5461.656709018978,5358.420322224058,103.23638679492069
5458.53378935682,5015.400102550517,443.13368680630356
5480.155104071767,4595.744167322904,884.4109367488627
5497.653979972405,4624.144694768537,873.5092852038679
3004.5155403677472,4598.521298364228,-1594.0057579964805
3025.6315525624923,5067.513186888964,-2041.8816343264716
3827.26453323069,5695.478318437501,-1868.2137852068108
3800.778989973096,4578.736770323463,-777.9577803503671
3821.1261318233737,3812.3115885610882,8.814543262285497
3801.9559565395753,4579.997738562608,-778.0417820230327
3823.011884239837,5632.577139956955,-1809.565255717118
3811.5935831421107,5653.987679784333,-1842.394096642222
3811.602584682231,5507.078973137585,-1695.4763884553545
3806.88862829576,5492.058123758794,-1685.1694954630339
4598.294755031059,5260.23689977952,-661.942144748461
4608.939853422521,3937.3458675775787,671.5939858449424
4613.910804758107,5809.464313064018,-1195.5535083059112
4616.666420286442,5129.881361263657,-513.2149409772146
4623.250668595007,4792.200824209194,-168.95015561418768
4593.561169043337,4491.689707472835,101.8714615705021
4609.5525483843385,4601.296634559842,8.255913824496929
5203.404746596868,5338.586459261556,-135.18171266468835
5221.6609325283625,4607.87707311437,613.7838594139921
5204.236229442157,5406.502441437544,-202.26621199538658
5203.9641118571535,5600.15069931219,-396.1865874550367
5201.492028030251,5190.681984256847,10.810043773404686
5190.35183974375,4712.994721143086,477.35711860066385
5227.038626723082,5458.586346464796,-231.547719741714
5226.719440525721,5479.661221865689,-252.94178133996775
5407.321243910718,3924.611072227717,1482.7101716830011
5430.34048574542,5135.004449400888,295.33603634453175
5193.921340502467,4961.792232172201,232.1291083302658
5213.19989729625,4495.101048903811,718.0988483924393
5194.241382869907,5297.330207038502,-103.08882416859433
5185.98895589748,5494.037560367176,-308.04860446969633
5203.155789689351,5482.844499600781,-279.6887099114301
5214.769317580403,5567.929871990854,-353.16055441045046
5172.89566410165,5359.44192344206,-186.54625934040996
5175.362179101271,5412.618149751629,-237.255970650358
4618.026736250331,4795.117415079342,-177.09067882901127
4642.580120026163,5315.618600521452,-673.0384804952891
4617.002709528289,5420.10518629834,-803.102476770051
4597.318971127344,5357.359386927764,-760.0404158004194
4614.833512583699,5607.271625480801,-992.4381128971017
4597.770478856814,5696.595271475326,-1098.8247926185113
4611.940772205099,4803.156615186571,-191.21584298147172
3823.1259920303505,5527.872986886951,-1704.7469948566008
3812.009909736727,3932.7220534738144,-120.71214373708744
3819.0971770094034,5402.0972691787465,-1583.0000921693431
3805.18668869822,5123.463445620305,-1318.2767569220846
3817.540018663041,3018.952146718514,798.5878719445268
3793.700753908324,5133.352868246879,-1339.6521143385548
3801.3594405975596,5114.746015872427,-1313.3865752748675
3813.58582379549,4603.765382547992,-790.1795587525021
3005.382471006736,4482.955239613235,-1477.5727686064988
3014.949673355419,5035.889852550347,-2020.9401791949285
5076.657818351359,5651.37605397681,-574.7182356254507
5058.681397880093,5308.817156291308,-250.13575841121474
5056.684529165352,5383.308955289383,-326.62442612403174
5347.642598240633,4760.96784078528,586.6747574553528
5383.741744388348,4804.542752604412,579.1989917839355
5359.459064050673,4609.623891649785,749.835172400888
5383.376392615227,5538.296206112644,-154.91981349741673
5390.8400773695475,5682.820809289454,-291.98073191990625
5347.706224312267,5228.339955122305,119.36626918996262
4730.785484720484,5579.117387942017,-848.3319032215322
4735.636699056184,5492.233640361793,-756.5969413056091
4714.842987779081,5378.793903250829,-663.950915471748
4743.5267122422765,4810.454170890317,-66.92745864804056
3019.754737477489,5747.692837282877,-2727.938099805388
3559.3109136889225,4786.935687541716,-1227.6247738527936
3586.2249475919893,5060.270897806635,-1474.0459502146455
3557.586811227092,5255.015110232941,-1697.428299005849
3557.7799132379673,5787.840129594605,-2230.0602163566377
3551.1385486862223,5742.340973600564,-2191.202424914342
4063.827783959838,5259.3014804897075,-1195.4736965298694
4073.751454770489,3828.087956778884,245.66349799160525
4058.1819566123777,5381.378462572078,-1323.1965059597005
4043.6176782261327,3791.332465899465,252.28521232666753
4064.0013837371753,5371.5296114072735,-1307.5282276700982
4495.713610976973,4710.900953025744,-215.18734204877092
4509.381558466731,5032.1120119198185,-522.7304534530876
4511.823397962403,5057.859142281778,-546.0357443193752
4503.839617857463,5407.087033279551,-903.2474154220881
4519.662703060597,4892.753197194021,-373.0904941334238
4875.131497499832,5648.728132955795,-773.5966354559632
4891.295953003849,5418.837584508736,-527.5416315048869
4876.012910013173,3552.19955977937,1323.8133502338028
4897.516630700766,5591.366682110643,-693.8500514098769
4899.788874949006,4855.623905893498,44.164969055507754
4900.186909935955,4878.699591466427,21.487318469527963
4911.279509598949,5608.033169976621,-696.7536603776725
4895.281816174641,4793.840380175803,101.44143599883773
4912.731681933026,5286.874497043874,-374.14281511084755
4894.43181516794,5533.785490444662,-639.3536752767222
5380.564968282139,4969.106235827259,411.4587324548793
5374.239061962955,5377.93029917356,-3.6912372106053226
5377.060457199639,5454.088506490724,-77.02804929108515
5366.487535769882,5025.072873245415,341.4146625244666
5345.024052554451,5117.111193909946,227.91285864450492
5366.814022672132,5445.567011177287,-78.75298850515537
5393.077661306894,4863.225292301381,529.8523690055126
5388.5731222915065,4617.4648150920875,771.108307199419
5499.344239397848,4889.965183965066,609.3790554327816
5441.751429890457,5566.761593640939,-125.0101637504822
5445.377353101521,5641.096415425115,-195.7190623235938
5445.603605962437,5378.9009397491645,66.7026662132721
5459.105132563575,5067.3756968156,391.729435747975
5429.111331505171,4803.598003814682,625.513327690489
5411.564685411523,5341.9535808432,69.61110456832284
5407.928010964114,5563.961559727929,-156.0335487638149
5430.116508391885,4733.854010621704,696.2624977701807
5451.086374238407,4834.330145602597,616.7562286358097
5350.273458641256,5703.01701937466,-352.7435607334037
5345.989294358059,4041.475663745142,1304.513630612917
5379.052141569037,5677.5792774886195,-298.5271359195822
5365.7385054218375,5178.453434327646,187.28507109419115
5343.170313492788,5642.456482180784,-299.286168687996
5362.588892067531,5686.970602116155,-324.381710048624
5361.838499714439,4698.256402337519,663.5820973769205
5364.020989357454,5747.781549869843,-383.760560512389
2989.4534586224986,5364.973655883069,-2375.5201972605705
3014.8278161112476,5765.538776221217,-2750.710960109969
3017.2918197029735,4501.603896976058,-1484.312077273085
3913.6604993935034,5408.44833329152,-1494.7878338980163
3927.2661089378794,5656.3020749912375,-1729.0359660533582
3936.161287348637,4962.108363783828,-1025.9470764351913
3944.531775608703,4610.064548171192,-665.5327725624888
3944.943976639674,5790.725969984452,-1845.7819933447777
3921.718887414178,4780.142198170337,-858.423310756159
3941.3664374000305,5389.542911513264,-1448.1764741132333
3927.7326709147906,5436.815474809837,-1509.0828038950463
3937.980282807313,5494.508208981612,-1556.5279261742994
4799.7620250696455,3021.791428278895,1777.9705967907503
4828.702043699858,5267.939918793892,-439.23787509403337
4793.965421493105,5709.069610523158,-915.104189030053
4797.4184944908775,3542.348085629328,1255.0704088615494
4801.12883033491,3795.82655499986,1005.3022753350501
4804.150679946859,4963.101208314117,-158.9505283672579
4814.597393048637,5346.838888116492,-532.2414950678549
4781.094801382294,5321.762505252495,-540.6677038702019
4799.793616469749,5273.5272772491135,-473.7336607793641
5458.28737789024,3818.8384885642595,1639.4488893259809
5432.941892097495,4757.677670282629,675.2642218148658
5467.754951744421,4507.41178325903,960.3431684853913
5457.292297575004,5143.340101413171,313.95219616183294
5449.159708068376,5142.913263313532,306.24644475484365
2986.8295343767613,5289.903159271961,-2303.0736248952
3022.616663890931,5401.264145706019,-2378.647481815088
3817.1331110934793,5320.873602293167,-1503.7404911996878
3830.26610500265,5632.835241241478,-1802.569136238828
3806.516368289616,5443.207795812739,-1636.6914275231234
3808.1976964569035,3939.101882796363,-130.90418633945956
3819.529274189604,5364.848903623447,-1545.3196294338427
3826.9409172052115,5385.751613908849,-1558.8106967036379
3813.5557969715715,5597.498780147136,-1783.9429831755647
3816.3826637113266,5177.85434202928,-1361.4716783179533
4601.580465615805,5517.907780082611,-916.3273144668055
4611.232291478413,5355.780006750102,-744.5477152716894
4621.530544702698,4497.797450584856,123.73309411784157
4576.29689099967,4564.153194983754,12.143696015916248
4595.206334779746,5466.467899242249,-871.261564462503
4580.988802598638,3802.026622297055,778.9621803015834
4589.365619453888,4077.901098398304,511.4645210555841
5203.9641118571535,5446.303836193599,-242.33972433644522
5192.616319107588,5627.388599963452,-434.77228085586376
5217.05459201538,3821.6754757835615,1395.3791162318184
5191.348204131145,5445.146320018457,-253.79811588731172
5198.799097749856,4792.445754097744,406.353343652112
5209.329762824799,5622.583717677017,-413.25395485221816
5205.089808472463,4604.983714156184,600.1060943162793
5198.988341192355,5571.2451588228405,-372.2568176304858
5419.089131566397,5152.317098778894,266.7720327875022
5412.135455951516,5331.096515214015,81.03894073750052
5199.492971773749,4794.198755233132,405.2942165406166
5203.373676875912,4801.178364856968,402.1953120189437
5220.4779442352265,5346.676480451804,-126.19853621657785
5199.848983375234,4872.130240382214,327.71874299302
5225.363672830347,5356.286520488731,-130.92284765838394
5191.42824787423,5432.749016124779,-241.320768250549
5203.497481565883,4489.245098001868,714.252383564015
5208.076687080897,5420.711403020982,-212.6347159400857
4602.55467842707,5592.966136621976,-990.4114581949061
4621.687934305437,4603.6805061587775,18.00742814665955
4608.85229158925,5494.919053907761,-886.0667623185109
4591.186851512291,3808.325249795286,782.8616017170048
4601.769272396271,5510.979799931558,-909.2105275352869
4611.793875986229,5493.567957340908,-881.7740813546789
4627.639822635673,5680.3456459945055,-1052.7058233588323
3807.5015834022233,5291.809516737366,-1484.3079333351425
3808.91189533813,3935.957793664889,-127.04589832675902
3806.510961160959,4345.75945170454,-539.2484905435808
3813.393854761876,3002.755617935621,810.6382368262548
3819.1581794801773,5277.111086376233,-1457.952906896056
3823.487156176501,5521.993449409754,-1698.5062932332535
3817.3055545203883,4803.158911641865,-985.8533571214771
3834.0191980278114,5363.485512005226,-1529.4663139774148
3015.4350159656187,5331.9546582925705,-2316.5196423269517
3024.4004586828296,4754.929123041937,-1730.528664359107
5052.702265871647,5598.461335943545,-545.7590700718983
5057.978476930402,5602.96006856697,-544.9815916365678
5046.611455638408,5591.401174480731,-544.789718842323
5370.978195471826,5567.888633709523,-196.91043823769633
5352.951224932006,5698.471654297381,-345.5204293653751
5352.899697406975,4332.992172142503,1019.9075252644725
5377.6077195006665,4852.01478569138,525.5929338092865
5383.385023757449,5170.422644728588,212.9623790288606
5361.655243787627,5267.0010117470865,94.65423204054059
4726.793141853041,5565.445444381058,-838.6523025280176
4735.928672189751,5139.677685890511,-403.74901370076077
4734.278107995409,4604.823833913417,129.45427408199248
4749.872380577054,4823.833942328767,-73.9615617517129
2991.9908723024973,5024.354152849819,-2032.3632805473217
3558.830419468955,5512.554256792566,-1953.723837323611
3549.9065306630064,5168.414588823029,-1618.5080581600223
3563.3386694254077,5671.153829177667,-2107.815159752259
3549.7041418454237,4586.234709927982,-1036.5305680825586
3567.758276467567,3818.6808023945105,-250.9225259269433
4049.635341763035,4700.943778123594,-651.308436360559
4053.5419263466656,5690.925568701207,-1637.3836423545417
4036.856500279762,5436.683494448839,-1399.8269941690774
4052.3984045151874,5487.305626766891,-1434.9072222517034
4052.6441823293367,4594.115513667661,-541.471331338324
4493.808757486732,5431.166506991293,-937.3577495045611
4490.052055830161,5573.545588817411,-1083.4935329872496
4494.589450930725,3021.896942842456,1472.6925080882693
4502.728575415573,5269.353847138368,-766.6252717227953
4494.3909693351625,5660.139066133619,-1165.7480967984566
4876.606431115351,4035.1961778762616,841.4102532390898
4896.438709582856,5608.850452630184,-712.411743047328
4900.345351255922,5500.688588588022,-600.3432373321002
4882.114308644854,5629.398898617849,-747.2845899729955
4912.226623731211,4762.625978676033,149.60064505517767
4886.645941725454,5740.7508981079145,-854.1049563824608
4913.199888462669,5504.631597113294,-591.4317086506253
4901.6670225552125,5421.335231876234,-519.6682093210211
4891.119129672244,5559.664117956196,-668.5449882839521
4874.411882606685,5378.282898215404,-503.87101560871906
5380.564968282139,5070.675681903409,309.8892863787296
5361.079695026432,5598.568770521122,-237.48907549469004
5353.014126923521,5651.329491979888,-298.3153650563672
5354.659175779075,5036.745960699354,317.91321507972043
5344.0108903822575,4333.090468795934,1010.9204215863238
5358.753292910231,5435.970875672336,-77.21758276210494
5371.510736616995,5793.9021984440815,-422.39146182708646
5357.049461667361,5433.3013382602185,-76.25187659285712
5528.565847657547,5411.204036170882,117.36181148666492
5424.8676702813555,5586.761530167782,-161.89385988642698
5429.706807993889,4786.588842805527,643.1179651883622
5424.852389591965,5332.348554810023,92.5038347819418
5428.706526610158,5250.614927879067,178.09159873109093
5430.078780271629,5037.5376049088645,392.5411753627641
5430.288666165424,5367.674867358662,62.613798806762134
5415.472778086354,5644.9516291703985,-229.47885108404444
5425.537564134731,5237.773948746322,187.76361538840865
5465.702920853525,4603.327634736879,862.3752861166458
5342.566423276721,5137.143241204026,205.42318207269545
5350.75890267588,5235.951037217623,114.80786545825686
5378.746971604436,5286.52738229227,92.21958931216614
5358.450846632244,4830.620526611362,527.830320020882
5348.637423798893,4585.759895599975,762.8775281989183
5354.942641680158,5267.259423556705,87.68321812345312
5364.020989357454,5591.249283191687,-227.22829383423323
5362.9869067580685,5099.860938126704,263.12596863136423
2997.6180270230525,3819.474036169797,-821.8560091467443
2988.7822041501295,5356.7056535177935,-2367.923449367664
2989.9980242822653,4597.527522596007,-1607.5294983137414
3944.6136120977862,3822.353792540628,122.25981955715815
3937.3475405308523,5369.973019969708,-1432.6254794388556
3943.078239882931,4589.151883319268,-646.0736434363366
3947.8743700250775,5797.602529660071,-1849.7281596349935
3927.325817145175,5654.719516291418,-1727.3936991462429
3933.1319177316846,5654.522174587701,-1721.390256856016
3969.974019400368,4822.962043476597,-852.9880240762286
3925.7827959618753,5690.155727231799,-1764.3729312699234
3928.507277183348,5115.783156631486,-1187.2758794481383
4793.888656532382,4783.8316886605,10.05696787188208
4812.788942262637,4811.228617333834,1.5603249288024017
4806.931965662323,3021.735399887983,1785.19656577434
4794.262674360663,5124.752252096077,-330.48957773541406
4808.751638628445,5267.618592474529,-458.86695384608356
4799.59954631818,5679.002756839726,-879.4032105215465
4784.270388483328,4486.978524085663,297.29186439766545
4814.148319830049,5395.869125295332,-581.7208054652829
4808.002750872679,5447.407123742622,-639.4043728699435
5481.5659277822915,5420.420476325652,61.14545145663942
5457.292297575004,5650.34712679945,-193.0548292244457
5448.45924495674,5235.305982356815,213.15326259992526
5459.594560921462,3810.949020577589,1648.645540343873
5477.287220573311,5668.869279647304,-191.58205907399315
3014.398937389034,4584.989867737344,-1570.59093034831
3011.017662664822,4597.8926557449595,-1586.8749930801373
3832.212464331598,5834.680551145664,-2002.4680868140663
3815.836960159142,5374.423764738742,-1558.5868045795996
3804.078965531904,4579.399124737882,-775.3201592059777
3811.411625309357,5474.536418411311,-1663.1247931019543
3801.4657142798405,4785.411746557228,-983.9460322773875
3812.1956903291034,4741.255931856746,-929.060241527643
3799.4608971362986,5555.982793565684,-1756.5218964293854
3808.081512775047,5661.727281826657,-1853.6457690516104
4608.833768163499,5667.867363778903,-1059.033595615404
4637.914640690862,5686.442699415879,-1048.5280587250172
4602.148997467792,4344.721122255631,257.42787521216087
4624.356276365376,4612.7536143316765,11.602662033699744
4594.357620999858,4576.787568277861,17.570052721996944
4602.451363556933,5360.666293796215,-758.2149302392818
4611.774903702484,5016.348818135939,-404.5739144334548
5227.038626723082,5526.701598655844,-299.66297193276114
5189.44904980218,5236.988531332609,-47.53948153042984
5220.254506690374,5398.5737855631205,-178.3192788727465
5205.089808472463,5157.137839611186,47.95196886127724
5222.237580705968,5177.398394510498,44.839186195469665
5211.899137951756,5405.03498757413,-193.13584962237474
5185.365886696306,5229.377212566815,-44.0113258705087
5201.0951487205275,4969.895377947524,231.19977077300337
5434.564507682461,5455.347980507431,-20.783472824969977
5426.709721959771,4577.342982100893,849.3667398588777
5211.114725252956,5377.754155009726,-166.63942975676946
5198.059769619851,4804.799346022969,393.260423596882
5200.568953237305,3564.5624923453365,1636.0064608919688
5186.07572253387,5557.880086930312,-371.804364396442
5205.470473165838,4730.485602814759,474.9848703510788
5196.6221765809805,5431.949208582283,-235.32703200130254
5190.746606582669,5027.0119386889255,163.7346678937438
5184.399950167755,5420.111722296861,-235.71177212910607
4588.546218273515,5489.494685372166,-900.9484670986512
4606.086137352484,5662.026196415393,-1055.9400590629093
4621.983960729017,5400.313625494489,-778.3296647654724
4620.957016126178,5584.146131398226,-963.1891152720482
4593.410153285476,4790.382858473959,-196.9727051884829
4600.502878924528,5508.648190090401,-908.145311165873
4617.711873388196,5340.326171288608,-722.6142979004117
3806.596930914207,4602.839260544038,-796.2423296298307
3815.2550542618424,5531.589662506763,-1716.3346082449202
3817.3055545203883,5254.4830045312665,-1437.1774500108781
3827.169525018544,5531.962374094581,-1704.7928490760369
3824.0825850596066,4362.983245879178,-538.9006608195714
3813.6701583786307,5431.180225783642,-1617.510067405011
3818.2253161843505,3023.479471611476,794.7458445728744
3816.246502150587,3017.5639115102754,798.6825906403114
3021.0738043390843,3824.6902563981075,-803.6164520590232
3007.9684744676592,3568.1879695624316,-560.2194950947724
5064.0087747347625,4519.07678037117,544.9319943635928
5061.114288571586,4483.462015974887,577.6522725966988
5047.0290322185165,3794.7505668702106,1252.2784653483059
5367.748225894249,5483.291511242406,-115.54328534815704
5360.561662494613,3809.5961280934703,1550.965534401143
5389.67849586961,5504.336528890973,-114.65803302136283
5377.250865136829,5445.215569891714,-67.96470475488513
5384.749312736208,4068.2678016408954,1316.4815110953123
5344.603615438444,5387.822109372721,-43.21849393427692
4722.443450158398,5479.960997011489,-757.5175468530906
4724.54567685253,4580.892787737399,143.65288911513107
4739.303295034571,5649.307106662349,-910.0038116277774
4700.075470230144,5607.566731761863,-907.4912615317189
3009.087488973537,5021.73707161352,-2012.6495826399832
3543.356566771477,4871.069162014246,-1327.712595242769
3561.3410058816617,5533.823041937052,-1972.4820360553904
3537.35039561924,3009.9753037832334,527.3750918360065
3542.262014760637,5490.445028714009,-1948.1830139533718
3572.7783025680437,5880.522446674337,-2307.744144106293
4044.4185815888227,5672.027722505154,-1627.6091409163314
4037.381382941404,4026.711708224908,10.669674716496047
4040.173606531409,5079.567433196089,-1039.39382666468
4046.9567695026153,5338.125056784673,-1291.1682872820575
4050.1840183239415,3931.9640109192715,118.22000740467001
4496.772490158228,5660.078536751137,-1163.3060465929093
4503.905827071838,5447.316890007738,-943.4110629359002
4528.544304188818,5180.596690307949,-652.0523861191305
4485.045681869204,4467.114327621791,17.931354247412855
4487.988757728319,4717.690691301363,-229.7019335730438
4893.198815938804,4729.1792994282505,164.01951651055333
4876.658633589537,4598.7269161833,277.9317174062371
4875.198730108093,5086.028765571866,-210.83003546377313
4885.750011030853,5332.591842671786,-446.8418316409334
4871.896260327785,5599.289149030515,-727.3928887027296
4906.542299690979,4529.7553611185085,376.7869385724707
4877.743076858582,4462.185736491065,415.5573403675171
4901.521456278571,4744.196003737433,157.32545254113847
4865.70241712981,4776.540312628475,89.1621045013353
4895.413865647188,5585.088183392666,-689.6743177454782
5380.564968282139,3833.380444347304,1547.1845239348345
5350.283165576763,5624.756148490696,-274.47298291393327
5353.181050441576,4778.744896807997,574.4361536335791
5349.753331701176,4579.870299335492,769.8830323656839
5361.2113235700945,5507.461820435123,-146.25049686502825
5380.11172311481,5456.3277823020635,-76.21605918725345
5370.495110369652,5496.563689989291,-126.06857961963851
5351.696882165983,5473.4259006820785,-121.7290185160955
5520.581231655253,4607.607155002044,912.9740766532086
5445.38319478243,5398.749731935316,46.63346284711406
5454.192278876795,4899.146437246966,555.0458416298288
5406.682646418813,5353.769027760516,52.91361865829731
5429.111331505171,5040.124345520852,388.9869859843184
5439.977172574081,5707.700645888801,-267.72347331471974
5418.460515875384,5371.025627449948,47.43488842543593
5444.129596344187,5392.191840562393,51.937755781794294
5428.650030419015,4600.809414812128,827.8406156068868
5455.550244975788,3817.475709948747,1638.0745350270408
5364.617175615782,5370.206449559761,-5.5892739439786965
5357.539644263923,4737.631815645503,619.9078286184204
5379.72824607001,5356.403327706006,23.32491836400368
5381.005498828157,4737.500822138829,643.5046766893283
5348.732395917531,5160.195661312046,188.53673460548544
5348.1063544049275,5064.277769843348,283.8285845615792
5360.530345729127,5659.116208846885,-298.585863117758
5365.433609122741,4604.267904047828,761.1657050749127
3002.123663333451,4613.4814496926665,-1611.3577863592154
2994.591017810324,5656.00516509867,-2661.4141472883457
2994.90237289958,4608.374858065321,-1613.472485165741
3928.031139326239,5149.928378018871,-1221.8972386926316
3938.159451410515,4812.960542052455,-874.8010906419399
3933.9387397132577,5441.72808278704,-1507.7893430737822
3930.708193168913,5473.733655003372,-1543.0254618344593
3940.2157714349223,3805.337554231478,134.87821720344436
3937.255543006232,5443.985537029351,-1506.7299940231187
3937.634059021953,5055.641380547586,-1118.007321525633
3953.0536084877444,5040.687851175985,-1087.6342426882406
3962.040577365825,5506.983624604718,-1544.943047238893
4813.96338577562,5805.709914571131,-991.746528795511
4799.733144868122,5018.492484196686,-218.75933932856424
4819.904480527811,4615.40467643491,204.4998040929013
4805.07101242,5276.305336150442,-471.23432373044125
4783.562775280351,4464.532141405485,319.030633874866
4776.934272362065,4848.640114038334,-71.7058416762693
4787.042059866521,5228.448749777719,-441.40668991119765
4817.432577363807,3816.8768183445386,1000.555759019268
4798.960793573687,5455.620079168148,-656.6592855944609
5463.56984075985,4593.8756087807005,869.6942319791497
5431.608038396686,5130.277872182794,301.33016621389197
5456.196964585287,4589.113558250833,867.0834063344537
5466.479438284221,5657.175513663976,-190.6960753797548
5468.702086634885,5702.782262711125,-234.0801760762406
3017.77610747565,5621.500627965216,-2603.724520489566
3020.658499925778,5441.3369148174015,-2420.6784148916236
3816.379707581737,5508.399150326252,-1692.0194427445153
3811.676249959842,5655.732418084745,-1844.0561681249033
3817.512185432549,5621.150432019694,-1803.6382465871447
3827.936557513772,4606.205879339832,-778.2693218260597
3800.277910780377,5306.81808973015,-1506.5401789497728
3806.2208162577585,5603.207833041851,-1796.9870167840922
3787.024726090969,5066.38231610092,-1279.3575900099513
3818.641025660819,5826.978595093646,-2008.3375694328265
4615.764354270496,5075.095099966845,-459.33074569634846
4616.320773719393,5270.072231355637,-653.7514576362437
4593.40591291908,5079.492449687087,-486.08653676800714
4616.314509257674,5334.815092800908,-718.5005835432339
4595.0725408945655,5575.07788200148,-980.0053411069148
4629.370295158618,5534.724087258618,-905.3537920999997
4617.658410908714,5374.5542832323845,-756.8958723236701
5205.621360273201,5370.558161152126,-164.93680087892426
5213.328262209077,5689.076125863146,-475.7478636540691
5194.536654891204,4601.993947592383,592.5427072988214
5193.0235911291575,5154.848400247999,38.175190881158414
5187.988726154951,3005.7460956403456,2182.2426305146055
5204.626246309073,5662.366795225235,-457.74054891616197
5202.002649242473,4577.342982100893,624.65966714158
5202.667040545552,5164.796450142476,37.87059040307577
5411.6576849624835,5648.183417465782,-236.52573250329897
5430.889860680723,4347.192274676542,1083.6975860041812
5180.656285341633,4849.635685753971,331.0205995876613
5183.63439859758,5683.837188212585,-500.2027896150048
5197.19589460219,4599.191589842346,598.0043047598438
5200.435543483298,4586.8571140156255,613.5784294676723
5214.830799089622,5351.015656800756,-136.1848577111341
5194.72339996679,4582.054853466686,612.6685465001037
5183.485946639649,5640.852877065538,-457.3669304258892
5192.044637163015,4472.360803690339,719.6838334726763
4603.818299916129,5131.263985743313,-527.4456858271842
4612.658403514424,5486.405222414719,-873.7468189002948
4617.825718418845,5667.814272486799,-1049.9885540679543
4618.481275433237,5619.907614988857,-1001.42633955562
4636.824392056498,5605.049225351387,-968.2248332948884
4624.111805672586,4612.656102643986,11.45570302860051
4586.120089359543,5435.814987683921,-849.6948983243774
3810.575223150088,5676.523007824429,-1865.9477846743416
3805.112890827921,3809.411088397699,-4.29819756977804
3803.8557532853642,5489.28624365266,-1685.430490367296
3813.0116094452874,5375.548978152864,-1562.5373687075767
3810.596767454503,5654.7957218005695,-1844.1989543460663
3816.067851480539,3943.2021540538303,-127.13430257329128
3817.567168589001,4496.387541042394,-678.8203724533932
3812.9765035172486,4302.068534933186,-489.0920314159375
3026.0063178872547,5160.576754292356,-2134.570436405101
3002.547044169178,3929.260939914868,-926.7138957456896
5047.3770143776355,5481.797017434895,-434.42000305725924
5068.9899664023105,5400.509559647867,-331.5195932455563
5034.315810447758,5582.950947874494,-548.635137426736
5397.214251770632,5391.146674727541,6.0675770430907505
5357.445764333726,5178.7737764992025,178.67198783452386
5364.305183922789,5654.747397510486,-290.44221358769664
5394.947408004239,5705.522042488621,-310.57463448438193
5353.187132054224,5009.225874135059,343.9612579191653
5362.28928254957,5677.472191334843,-315.18290878527296
4716.012960548194,5504.526818038669,-788.513857490475
4736.920432628973,4357.790046049763,379.1303865792097
4741.157593593162,4747.825210562895,-6.66761696973299
4726.458123524228,5691.506479104245,-965.0483555800174
3012.2936319607593,5521.838538326773,-2509.544906366014
3544.80490496425,4576.826244494804,-1032.021339530554
3570.315894638099,5698.882758795113,-2128.5668641570137
3560.8620979689294,5146.608611694321,-1585.7465137253912
3584.0311771812267,5127.492494917486,-1543.461317736259
3559.194670554592,4594.624392144546,-1035.4297215899537
4059.421625728129,4794.748254864677,-735.3266291365476
4067.7983627486155,3039.0796009619835,1028.718761786632
4076.7571613973832,4632.032512098028,-555.2753507006446
4097.094459383446,5427.825947341072,-1330.731487957626
4044.39788611889,4595.256926285315,-550.8590401664251
4499.778334186355,4810.847963228953,-311.0696290425976
4517.968792801547,4739.917900732603,-221.94910793105555
4488.824630698059,5590.149267838841,-1101.3246371407822
4491.356334080891,4501.750620473977,-10.394286393085167
4516.6356319848455,5063.338877310514,-546.7032453256688
4887.838499967386,5737.12591925672,-849.2874192893341
4882.013652443295,5672.108886878992,-790.0952344356974
4861.364951789501,5411.155246568116,-549.7902947786151
4887.7060133811165,5323.781967182246,-436.0759538011298
4887.176511709326,5660.117864427079,-772.941352717753
4910.333121064383,5544.311515950166,-633.978394885783
4874.402044759813,4855.886070412007,18.51597434780615
4883.924020953202,5502.796537139726,-618.8725161865241
4886.753107972495,4791.262122032893,95.49098593960207
4906.764641065104,5755.061399053366,-848.2967579882616
5380.564968282139,4748.642984359641,631.9219839224979
5367.284972717642,5862.543885149018,-495.2589124313763
5364.87847401993,3811.3380118586974,1553.5404621612324
5352.346257609949,5469.509628730232,-117.16337112028305
5378.324313495082,5822.377123833323,-444.0528103382412
5350.456350924426,5694.357554862871,-343.9012039384452
5370.473570224276,5283.068860887554,87.40470933672168
5358.988403845248,3925.7583372670324,1433.2300665782159
5523.668327505356,5145.0662082852605,378.6021192200951
5450.339839974883,5491.965849857555,-41.626009882672406
5409.944317835548,5283.864177478057,126.08014035749056
5439.117511217662,5391.603145253242,47.514365964419994
5469.479668655599,5418.394810261331,51.08485839426794
5436.174062092598,5517.235553557737,-81.06149146513872
5432.519986745014,4598.764915244876,833.755071500138
5448.905125597561,4879.571656918699,569.3334686788621
5423.736185492805,5673.100485020018,-249.364299527213
5459.7906530657265,5667.768093253885,-207.97744018815865
5362.227115608707,4618.21337448472,744.0137411239875
5341.602013642167,4038.9487140075116,1302.653299634655
5349.886238382782,5038.133617732565,311.75262065021707
5355.744835138835,5590.130528989287,-234.3856938504523
5346.458890233541,5159.45737888162,187.00151135192118
5373.02496028226,5449.430422672555,-76.40546239029572
5378.483264026011,3035.0527228970645,2343.4305411289465
5357.767307549533,5374.922883396574,-17.15557584704129
2994.591017810324,5560.686124481163,-2566.0951066708385
2989.454198998126,4588.001485670895,-1598.5472866727691
2978.4376778201017,5495.109159174636,-2516.6714813545345
3936.7603966622646,5514.602097563098,-1577.8417009008335
3922.432764699859,5141.2861065237075,-1218.8533418238485
3923.0735030171118,5488.082422520055,-1565.0089195029432
3927.7326709147906,5498.754493529204,-1571.0218226144138
3940.9211243402256,4900.744188650348,-959.8230643101228
3919.8164545697555,5502.279638514347,-1582.463183944592
3942.7547789034265,4696.008877640565,-753.2540987371381
3944.2412052396185,5515.537186562504,-1571.2959813228854
3938.9570327317224,5175.054090799612,-1236.0970580678895
4797.960068085415,4579.3165268761095,218.6435412093051
4795.512276254465,5477.5409412656045,-682.0286650111393
4781.094801382294,5163.306603904908,-382.21180252261456
4795.3512750012205,4599.600777856292,195.7504971449289
4796.695080832905,5650.531794252356,-853.8367134194514
4781.391815011896,5411.200649203679,-629.8088341917828
4819.490506814621,5590.0604390583,-770.5699322436794
4823.817355754147,4750.116863343737,73.70049241040942
4823.078428390156,5067.383440881816,-244.3050124916599
5478.48745376749,5448.583648845686,29.903804921803385
5467.362993292336,5493.244912580325,-25.88191928798915
5470.275275067286,3960.4160848571623,1509.8591902101239
5501.214607180312,3836.3534555342076,1664.8611516461042
5483.467492981244,4615.54090748161,867.9265854996338
3009.821337584905,4477.924136749644,-1468.1027991647393
3007.8382866859324,5520.737187846493,-2512.8989011605604
3805.0559496054184,5424.122375083111,-1619.066425477693
3808.1717450686397,5384.901676886257,-1576.729931817617
3820.9046452565053,5445.058087291454,-1624.153442034949
3818.0296681973837,5675.512596297857,-1857.4829281004736
3820.723562689823,5389.121694425597,-1568.3981317357734
3800.81924856192,5027.377921246617,-1226.5586726846968
3833.7471664274594,5402.542107187152,-1568.794940759693
3785.8469660385213,5502.3243533508685,-1716.4773873123472
4596.925654994361,4719.834845189727,-122.90919019536614
4597.97424103394,5137.610459586014,-539.6362185520738
4602.491389965406,4598.947804208569,3.5435857568363645
4618.368546029043,4889.13797744255,-270.76943141350785
4633.525689848386,5701.898080237576,-1068.3723903891905
4613.591812067382,3811.6932811007487,801.8985309666336
4604.619551725006,5710.496880900055,-1105.8773291750485
5194.241382869907,5447.684007268088,-253.44262439818067
5190.234266355269,5586.090174465668,-395.85590811039856
5174.990906213147,4993.735819990858,181.25508622228972
5220.477944235228,5679.117252617249,-458.6393083820203
5201.528899800072,5491.529355340048,-290.0004555399755
5200.92113323159,5522.566439544978,-321.64530631338766
5200.568953237304,5406.315526823383,-205.74657358607874
5194.655672467244,4590.651990814899,604.0036816523443
5441.257488949524,5714.654134563111,-273.3966456135877
5420.307759424548,5327.435375482441,92.87238394210726
5200.966078298911,5175.025633590276,25.94044470863537
5184.043665678031,5651.211444293639,-467.16777861560786
5215.890803208997,5700.245196403121,-484.354393194124
5188.678509680635,5478.444400146627,-289.765890465992
5196.936148943999,4476.995510061831,719.9406388821681
5206.54296324507,4875.066796908971,331.4761663360987
5215.170066514169,5262.0060645610265,-46.83599804685764
5192.479267594328,5358.428174636775,-165.948907042447
4604.3010047577,5778.321153394133,-1174.020148636433
4618.751598301309,5490.001856780478,-871.2502584791691
4591.919765148682,5547.324331707705,-955.4045665590229
4627.058517032215,3962.3121731083656,664.746343923849
4588.148452179643,5346.08735041184,-757.9388982321971
4623.4827153014585,3830.8659803233913,792.6167349780671
4607.359545907122,4596.371051803254,10.988494103868106
3809.3549530365817,4780.1475510287255,-970.7925979921438
3818.123940761485,5386.746049202938,-1568.6221084414528
3807.4473417282684,5426.202744917443,-1618.7554031891746
3806.1678216907185,5377.532561530694,-1571.3647398399753
3817.1046033045386,4605.051851972954,-787.9472486684153
3805.907609164515,4586.494762294915,-780.5871531303997
3805.1591950807547,5670.576477551431,-1865.4172824706761
3800.96835848164,4699.555006967635,-898.5866484859948
3008.1469361321347,5491.727384929786,-2483.5804487976516
3028.7575969098702,5439.803501114844,-2411.045904204974
5045.2962211576905,3544.270730116189,1501.0254910415015
5064.124431441032,5642.519008374625,-578.3945769335924
5063.155742229335,5616.424828042281,-553.2690858129454
5385.059492652244,5174.30577871635,210.75371393589467
5365.881575029212,4797.39603153399,568.4855434952224
5375.672279286659,3943.5959006603302,1432.0763786263292
5374.268195104916,5371.383686990256,2.8845081146600933
5367.553347615004,5436.540125795469,-68.98677818046508
5365.0109750489455,4714.078215062369,650.9327599865765
4735.30937280473,5487.44562021981,-752.1362474150801
4725.593118105252,5589.53434203495,-863.941223929698
4714.972769581564,5500.922222704535,-785.9494531229711
4728.351935584286,4867.563214678397,-139.21127909411098
3006.3123752558477,5617.402341846386,-2611.089966590538
3572.634631393654,5688.034687394334,-2115.4000560006793
3578.8639724694967,5405.616821093855,-1826.7528486243582
3563.0896527330297,4809.4224037944705,-1246.3327510614408
3549.2292792742423,3815.5021345779323,-266.27285530369
3543.1290560663747,5419.540792609832,-1876.4117365434577
4066.9096439619625,4801.302800573994,-734.3931566120318
4063.8466295700364,5183.079530027731,-1119.232900457695
4036.1438235140495,5670.590180638584,-1634.4463571245342
4061.290958401892,5368.910053249754,-1307.619094847862
4054.960363683213,5086.751451745933,-1031.79108806272
4497.547917444095,5442.355114796967,-944.8071973528722
4502.118104583343,5370.443628537895,-868.3255239545524
4477.454355077273,4781.821241271144,-304.3668861938704
4481.539875803259,5327.29863620527,-845.7587604020109
4483.649335769938,5474.0697218387795,-990.4203860688413
4877.609052243212,5503.365255970132,-625.7562037269199
4888.229307533043,3948.245439827286,939.9838677057564
4879.737089034371,5519.554665602921,-639.8175765685501
4909.959844681901,5685.757500598517,-775.7976559166163
4906.836539536504,4060.594263620027,846.2422759164765
4895.938302649133,5509.249746384136,-613.3114437350032
4894.337013314023,5391.576871039477,-497.2398577254535
4894.326053349624,5659.612902529916,-765.2868491802919
4898.143077441506,4878.189103953787,19.95397348771894
4886.893072870079,5667.965144049973,-781.072071179894
5380.564968282139,5875.5932518420395,-495.02828355990096
5372.939191747574,5395.279966607085,-22.34077485951093
5365.491825205214,4846.675122249421,518.8167029557926
5359.4723205226965,5167.42110469564,192.0512158270567
5380.710643674733,5679.339348327172,-298.6287046524394
5373.683411972983,3816.12838104339,1557.5550309295927
5388.5731222915065,5414.0395879438165,-25.466465652310035
5356.841734110575,5040.444828128754,316.39690598182096
5523.9581381348535,4744.554350581213,779.4037875536405
5421.375103497253,5671.025589251764,-249.65048575451146
5477.6298689213845,4757.685106120314,719.9447628010703
5426.7477912538925,5650.579721768551,-223.83193051465878
5411.564685411523,5573.569065101111,-162.00437968958795
5418.460515875384,5397.8162220751,20.644293800283776
5425.817480098979,5254.948079645045,170.86940045393385
5425.042628999947,5434.077710204864,-9.035081204917333
5446.3993745576745,3034.0443385178282,2412.3550360398463
5450.784773109851,5094.639706671473,356.1450664383783
5365.7385054218375,5445.178930097935,-79.44042467609779
5359.070035697207,5554.702303171228,-195.63226747402132
5359.675052767751,5521.78911241431,-162.11405964655842
5347.5804653814275,5718.668386164132,-371.0879207827047
5369.8262086896575,5716.951958650123,-347.1257499604653
5371.619609858621,5671.092882880406,-299.47327302178564
5378.635767962357,5175.463954346177,203.17181361617986
5374.9862725208095,5384.937223029631,-9.950950508821734
2994.90237289958,3811.475305570611,-816.5729326710311
2978.4376778201017,4832.030532776299,-1853.5928549561972
3006.0094525966856,4743.670898637309,-1737.661446040623
3920.7894800532345,4577.606921279014,-656.8174412257799
3941.3664374000305,3032.8809035661707,908.4855338338598
3954.6818559998833,5468.876907225185,-1514.195051225302
3932.690824153312,5329.715265572299,-1397.0244414189874
3928.3747140039436,4336.502348116191,-408.12763411224705
3920.9053835332948,5693.46851316342,-1772.5631296301249
3931.809585550142,5460.538379401784,-1528.7287938516424
3925.601398920636,3808.1937504327207,117.40764848791514
3936.5869495462052,5657.216240049486,-1720.629290503281
4825.151339323887,5622.768699510851,-797.6173601869632
4783.562775280351,3801.84264540827,981.7201298720811
4797.391948833459,5310.566517487738,-513.174568654279
4781.020328889736,5140.332192563192,-359.31186367345526
4805.891859195192,4797.766152678891,8.125706516301761
4799.095587589994,3937.19852035382,861.8970672361734
4801.622087960098,5499.1880672752495,-697.5659793151517
4800.802103048032,5558.868973298937,-758.0668702509047
4813.2199027987745,5685.392672281964,-872.1727694831898
5477.584201150287,5387.913971829447,89.67022932084001
5474.263019012428,5740.45028632359,-266.18726731116203
5485.064023636161,4118.267665505921,1366.7963581302402
5443.366745345658,4788.263597160345,655.1031481853133
5459.40293140663,5472.064765638754,-12.66183423212351
3013.3527250009747,4969.815353900718,-1956.4626288997433
3038.1003139903983,4386.178476848914,-1348.078162858516
3820.9046452565053,5558.603519096409,-1737.698873839904
3814.4547206112734,5085.04117528509,-1270.5864546738162
3826.474509574996,5428.775575002557,-1602.3010654275613
3822.31948368181,5376.567026845718,-1554.2475431639077
3816.29618664576,3555.310959645464,260.9852270002957
3825.4553917676,3830.0337685004456,-4.578376732845754
3808.356805965021,3944.578037905561,-136.22123194053984
3816.839828846851,3033.827684716,783.0121441308511
4584.041175163241,4581.238633299237,2.802541864003615
4608.482079661267,5324.655339950569,-716.1732602893026
4589.3079154831885,5230.49324286753,-641.1853273843417
4614.980134638559,5450.302144791271,-835.3220101527113
4600.032297438276,5510.207076922629,-910.1747794843532
4605.578570622208,5501.244722447573,-895.666151825365
4625.679849654587,5196.859903852142,-571.1800541975554
5214.769317580403,5717.970267534246,-503.2009499538426
5196.0370317846855,5401.754774919871,-205.71774313518563
5210.392405965715,5454.4457295274815,-244.05332356176677
5191.428247874229,5392.0194690233275,-200.5912211490986
5189.687460407883,3795.7052752225286,1393.9821851853544
5182.892230901635,5157.766555546691,25.12567535494418
5196.6221765809805,5652.629034694551,-456.00685811357016
5221.984859316818,5196.1149065291065,25.869952787711554
5406.622808040041,5422.410565201935,-15.78775716189466
5417.835264789148,5727.632455897979,-309.7971911088307
5226.878124747559,5647.382719392254,-420.5045946446953
5203.704688933624,4044.950939949002,1158.7537489846222
5206.54296324507,5392.831836724891,-186.28887347982163
5215.10942835009,5451.000966531563,-235.89153818147315
5204.932825181311,5714.299554193491,-509.36672901217935
5208.001587112906,5452.4075380525865,-244.40595093968022
5220.0821277122395,4599.471837803792,620.6102899084472
5177.732989652692,5544.853965179153,-367.12097552646173
4610.168490706449,4850.308866930543,-240.14037622409433
4602.110476792991,5442.203100302267,-840.0926235092757
4614.611133557617,5481.04177233739,-866.4306387797733
4611.095203601771,5665.487137272876,-1054.391933671105
4601.740205781471,4721.968088740474,-120.22788295900318
4596.400288784857,5483.605275679087,-887.2049868942295
4607.717753201165,5177.916993443932,-570.1992402427677
3818.3642217233137,5793.650630006439,-1975.2864082831256
3798.284755390034,4712.355691963818,-914.0709365737835
3816.98573331283,5678.118099098595,-1861.1323657857652
3799.1157845293924,5126.476283990339,-1327.3604994609464
3811.5888066140005,5668.787364709741,-1857.1985580957407
3800.6180036074,5703.1806562529755,-1902.5626526455753
3789.096837744544,4458.336240184804,-669.2394024402606
3808.275741618814,5545.972109904088,-1737.6963682852738
3004.5803905524385,5041.941138936325,-2037.3607483838864
3019.571938960725,5525.038319654392,-2505.4663806936665
5053.152952736675,3554.9948426892292,1498.1581100474455
5052.7670786586805,5173.163641137262,-120.39656247858147
5037.46884445801,5416.874863923979,-379.4060194659696
5354.141228180547,5396.858936195284,-42.71770801473667
5365.0109750489455,5034.835206713748,330.17576833519706
5385.598337895563,5687.107921434838,-301.5095835392749
5372.842518726043,3931.75794519398,1441.0845735320627
5408.184192492667,5310.551402796955,97.63278969571184
5368.575356768339,5529.686560875001,-161.11120410666263
4722.570183074098,5267.207462051052,-544.6372789769539
4719.566290683742,5404.3620194414225,-684.7957287576801
4726.241675743031,5621.469380879792,-895.227705136761
4711.692254395526,5345.185667728791,-633.4934133332645
3044.4302011368745,5381.501998237687,-2337.0717971008125
3545.7660088741713,5578.471362690272,-2032.7053538161008
3571.092205113697,5072.336578654142,-1501.2443735404445
3568.3026877403863,5628.71414596691,-2060.411458226524
3555.4778099067794,5686.149650093489,-2130.6718401867097
3554.7948907670884,5060.294069054928,-1505.4991782878392
4091.577477227902,5551.032617799389,-1459.4551405714874
4050.1971061781355,5016.995292435508,-966.7981862573729
4063.359977424768,5258.7927637454495,-1195.4327863206813
4058.1555308664088,4502.603995280932,-444.44846441452364
4078.213633610401,5524.548919993248,-1446.3352863828472
4492.128966855041,3791.6610300822945,700.4679367727463
4486.479786132665,5643.746818535963,-1157.267032403298
4490.365476995893,4956.3731691771,-466.00769218120695
4502.24215809558,5621.9820930178275,-1119.7399349222478
4510.20003544119,5334.487813240488,-824.287777799298
4898.930062288769,4726.420478243243,172.50958404552512
4883.197767916222,5697.843993675377,-814.6462257591547
4894.326053349624,3814.504177906224,1079.8218754434001
4871.857273469433,5569.876044790097,-698.0187713206642
4911.3271445997025,5602.284746097714,-690.9576014980112
4854.420434424635,4454.785976579056,399.63445784557825
4870.873370374117,5260.040846057868,-389.16747568375104
4878.966193351583,5167.0736727935855,-288.10747944200284
4887.764323189349,5404.191364127432,-516.4270409380833
4863.55576495003,5249.6844604578955,-386.1286955078658
5380.564968282139,5401.936520530826,-21.371552248687294
5336.178391792088,5361.033271545714,-24.854879753625937
5366.611841499643,4731.92392611752,634.6879153821228
5364.524063259611,4476.691201193346,887.8328620662642
5356.187445728136,4603.848666573893,752.3387791542427
5343.10869085513,5346.679325793068,-3.570634937937939
5362.7524672977515,4582.041244286285,780.7112230114662
5390.981117271281,5642.8880212596905,-251.9069039884098
5507.067772987452,5704.0319168244005,-196.9641438369481
5447.5300408747335,5323.853681303649,123.6763595710845
5449.098365849613,3943.938821878967,1505.1595439706466
5454.745688624044,5704.49612585501,-249.75043723096587
5441.77049776019,5345.297163218899,96.47333454129057
5456.274306170853,3833.683976468246,1622.5903297026075
5463.0907401321765,5519.8812986372195,-56.79055850504301
5424.3245144097245,5252.586944998667,171.73756941105785
5457.46324745562,4744.30694611365,713.15630134197
5450.295515880337,4865.561658444311,584.7338574360256
5334.62188222183,5471.518279616428,-136.89639739459835
5385.426073341332,4812.645394464914,572.7806788764183
5357.560666001143,5272.947715306002,84.61295069514108
5354.312210793763,5655.289807567608,-300.9775967738442
5356.377017809052,4475.293442965165,881.0835748438867
5340.043654897758,5225.579612304221,114.46404259353676
5333.207744506244,5634.686552905433,-301.4788083991889
5368.554433268128,5195.8176938792985,172.73673938882985
2991.040981060417,5611.34767278761,-2620.3066917271926
3000.9361360113394,5276.827609309489,-2275.89147329815
2984.577260206871,4767.872472947925,-1783.2952127410545
3948.193005255727,5470.186676427176,-1521.9936711714495
3949.975560243167,5605.630409696598,-1655.6548494534309
3929.624211765709,5630.14465602456,-1700.5204442588515
3947.225287787931,5714.252061074798,-1767.026773286867
3938.1760342474413,4504.61470985129,-566.4386756038489
3939.3617028016115,5648.941010399626,-1709.5793075980146
3939.412373585677,5134.727504713604,-1195.3151311279266
3936.3978183803556,4964.898705605214,-1028.5008872248582
3926.4145313622867,5423.19770899212,-1496.7831776298335
4804.786368655737,5271.377046903659,-466.59067824792237
4785.581662445819,5076.309806607397,-290.7281441615778
4795.881496662846,5742.556929126914,-946.6754324640679
4796.597027733924,3927.6021927704282,868.9948349634956
4796.4030749021995,5147.567864631683,-351.16478972948335
4782.629921572882,5571.778503666205,-789.1485820933231
4799.574904208918,5474.592853537702,-675.0179493287833
4805.342935793765,4841.097899302082,-35.754963508316905
4820.301931414587,5654.733455206001,-834.4315237914143
5483.266279226545,5748.02967324233,-264.7633940157857
5466.817054003358,5440.080735023147,26.736318980210854
5485.246336640002,3044.2591047374785,2440.987231902523
5459.758015393312,5503.832988963158,-44.0749735698455
5457.588716721881,5671.112875951744,-213.52415922986347
2998.6337078739252,5363.33353881056,-2364.6998309366345
3015.929156731936,5576.702074617726,-2560.77291788579
3820.723562689823,4592.861371584,-772.1378088941769
3801.878836012374,4785.650664607587,-983.7718285952128
3816.29618664576,5623.545622561273,-1807.2494359155135
3815.01524507957,5273.502368768954,-1458.4871236893837
3809.138834543007,5343.767501870994,-1534.6286673279874
3806.597972038513,4343.9618907048,-537.3639186662867
3820.341479772067,5053.438825757167,-1233.0973459851002
3801.543280989267,5422.384520185272,-1620.841239196005
4593.654474017727,4569.365702004797,24.288772012930167
4603.377662851435,5478.365036746393,-874.9873738949582
4606.650672180939,3002.115161329751,1604.535510851188
4620.702727556705,3819.957457369643,800.745270187062
4615.764438782624,5042.3215560166955,-426.5571172340715
4602.790432408588,5369.851360844354,-767.0609284357661
4599.677615058906,5701.7418811462,-1102.0642660872945
5206.883550416072,5601.0692764648675,-394.1857260487959
5212.253901024382,4353.329207972721,858.924693051661
5217.010270394098,5469.891901796152,-252.88163140205324
5196.687855627772,4578.199280117956,618.4885755098157
5199.140494160074,5713.150884435947,-514.0103902758729
5206.363231738435,5522.3258283566765,-315.96259661824115
5177.403032439255,3792.6308986889658,1384.7721337502894
5193.719799326693,5657.663332240718,-463.9435329140251
5428.747561500398,4594.954361454626,833.7932000457713
5429.0108109958,4584.018166983682,844.992644012118
5186.205724491103,5160.553599912191,25.652124578911753
5185.690867265411,5642.837841589342,-457.1469743239313
5195.989921308542,5167.905114821946,28.08480648659588
5196.949492839522,4584.043900463744,612.9055923757778
5213.851420407465,4617.59152121886,596.2598991886052
5201.385878926827,3822.3808327723227,1379.0050461545043
5191.102603243831,5509.826312491045,-318.7237092472142
5214.681172975421,4892.29424116876,322.38693180666087
4588.126463865669,4941.445803376605,-353.3193395109356
4626.880683855057,5531.123995809585,-904.2433119545276
4626.792630985741,3817.5726263728293,809.2200046129119
4612.382956773155,5371.831742380473,-759.4487856073183
4620.297167893163,5401.677429948235,-781.3802620550723
4621.208341212311,5612.0882509463645,-990.8799097340534
4621.1505109021155,5370.6256217433265,-749.4751108412111
3802.993054796852,4847.26609534597,-1044.273040549118
3815.0654290887055,5131.828285173356,-1316.7628560846501
3838.5144160801015,4735.145468588168,-896.6310525080667
3806.323546864471,5707.200614396346,-1900.8770675318751
3791.8657291055374,4693.160383479801,-901.2946543742632
3807.792458423192,4593.452011077749,-785.6595526545575
3782.7564410279133,5244.280957155401,-1461.5245161274875
3801.8321844484385,5609.522712005833,-1807.690527557394
3004.447902025609,5237.481442837927,-2233.033540812318
3000.2761427908467,4584.41220414568,-1584.1360613548336
5052.685765173036,5499.141695317048,-446.4559301440122
5065.090220211547,3821.9408423841487,1243.149377827398
5064.03482453844,4058.8013401343246,1005.2334844041156
5379.957655238644,3813.3905930940423,1566.567062144602
5374.292593641212,5416.118849119471,-41.826255478258645
5384.770406040704,5398.677462023672,-13.907055982967904
5380.1955809146875,5495.999763849858,-115.8041829351705
5374.6858478045115,3021.150636740629,2353.5352110638823
5346.4951107037205,5576.801151986703,-230.30604128298273
4721.769135654845,4965.372268871764,-243.60313321691956
4728.148493577773,3827.0061935801828,901.1422999975898
4748.668304069408,5149.671427738286,-401.0031236688783
4729.5552497968,5386.318921740893,-656.7636719440925
3007.5798387807886,4960.5764129977615,-1952.996574216973
3554.3850796218353,5667.7539473825445,-2113.3688677607092
3564.341127602444,5265.460747607025,-1701.119620004581
3549.72919323371,4712.881497056485,-1163.1523038227756
3564.9556530782243,5665.219378098166,-2100.263725019942
3554.7407784676575,5333.963095052236,-1779.2223165845785
4053.5538553436936,5594.533291651512,-1540.979436307818
4043.4701415099935,5304.585260402981,-1261.115118892987
4042.5043570879016,3794.2564995610815,248.2478575268201
4043.060648371841,5434.823031966875,-1391.7623835950335
4063.646221167688,5416.5095811709,-1352.8633600032117
4485.502466797501,4584.788484158655,-99.28601736115343
4505.528307594314,5618.124301144988,-1112.5959935506735
4465.508870276562,5625.019295043139,-1159.5104247665768
4506.553334278595,5452.641349990777,-946.0880157121819
4481.717378751078,5345.022671182892,-863.3052924318135
4888.450895756134,4737.360436025686,151.09045973044795
4903.320753973518,4882.011517372646,21.309236600871373
4898.658136671191,5458.7847400293,-560.1266033581096
4906.390122902291,3948.9220794118414,957.4680434904499
4877.009433209186,4586.296964870641,290.71246833854457
4890.634667106462,5510.165396577506,-619.5307294710437
4898.161841111202,5524.375657173074,-626.2138160618715
4903.596840770427,5458.801644700408,-555.2048039299816
4888.018155554842,5433.534180434219,-545.5160248793763
4876.456815885242,5652.5617955219395,-776.1049796366979
5380.564968282139,5586.284008350423,-205.7190400682848
5378.486816033098,5817.8231805649775,-439.33636453187955
5363.701922545494,5682.993023076741,-319.29110053124714
5364.267815486791,4795.977858091624,568.2899573951672
5366.814022672132,5445.567011177287,-78.75298850515537
5371.510736616995,5169.320048149909,202.19068846708615
5368.794766809015,5446.233501278574,-77.43873446955968
5357.0611188395105,3928.1733697136947,1428.8877491258158
5527.29425071642,5394.136203919923,133.15804679649682
5409.944317835548,5458.562617779406,-48.61829994385789
5428.706526610158,5433.973109142124,-5.266582531965469
5450.301998328044,5380.279322295352,70.02267603269138
5407.928010964114,5632.147217945861,-224.21920698174654
5444.129596344187,5521.191709944331,-77.06211360014368
5425.042628999947,5589.457334671311,-164.41470567136457
5416.029150128269,5493.588384328922,-77.55923420065301
5452.514868420587,5528.847430142046,-76.33256172145866
5449.192061831346,5655.147174551108,-205.95511271976193
5349.886238382782,5647.8154954686615,-297.9292570858797
5357.511106239957,5451.185697135036,-93.67459089507884
5364.020989357454,4604.273790568337,759.7471987891167
5362.3977857038335,5091.25065094614,271.1471347576935
5356.911440794443,5378.560060168818,-21.648619374375812
5358.632239835,5280.0619642977435,78.57027553725675
5355.516544722102,4858.611712090283,496.90483263181886
5365.269122629474,5792.2511849127995,-426.98206228332583
2997.169293144692,5706.007333933666,-2708.838040788974
2990.3533381884968,4592.081043467296,-1601.727705278799
3008.376279134208,5447.454563423661,-2439.078284289453
3949.975560243167,5521.06249965745,-1571.0869394142828
3925.7827959618753,5431.2517386253185,-1505.4689426634432
3928.234436912962,4583.982425298667,-655.7479883857054
3928.7107821838918,5150.4169581839105,-1221.7061760000188
3916.1365609335353,5590.577119813602,-1674.4405588800664
3955.122770056809,3828.8970336591137,126.22573639769507
3937.224207214171,4848.996493226325,-911.7722860121535
3911.9778517930386,5651.512079294971,-1739.5342275019325
3929.568325498079,5332.39404327077,-1402.8257177726914
4793.071213287562,3795.9390005074674,997.132212780095
4817.432577363807,5441.9337561852635,-624.501178821457
4799.429205025775,5371.378595819477,-571.9493907937012
4800.28233195871,5442.76700765843,-642.4846756997204
4800.802103048032,5506.30617635199,-705.5040733039577
4791.810452470251,5710.782852932385,-918.9724004621339
4822.342518337096,5493.522909442476,-671.1803911053794
4831.351514631084,4831.022963607858,0.3285510232253728
4797.027271946756,5497.4407505343615,-700.4134785876058
5473.8842358226375,4481.501132431272,992.3831033913657
5464.843576785325,5855.138405964712,-390.2948291793864
5461.85259461719,4972.880339510637,488.97225510655335
5460.016154320471,5472.810625843824,-12.794471523352513
5471.753400202705,5477.634668154405,-5.881267951699556
2985.3640546397182,4474.296102553496,-1488.9320479137778
2984.618921453906,5752.565599840034,-2767.9466783861285
3833.7471664274594,3837.2838231086907,-3.5366566812313067
3804.8069220230327,5652.917771986009,-1848.1108499629763
3808.356805965021,5434.308272971343,-1625.9514670063222
3813.241256548969,5105.03307115692,-1291.7918146079514
3820.341479772067,3818.515743219978,1.8257365520889834
3838.9068236051344,5680.362156494873,-1841.4553328897382
3817.0204548245956,5388.219541912431,-1571.1990870878353
3832.799021032993,5529.379855237034,-1696.5808342040405
4609.395938596464,5717.780409405102,-1108.384470808638
4597.3774521895275,5648.617243171573,-1051.2397909820456
4614.516862710172,5485.840246270103,-871.3233835599312
4602.230734254177,5384.350322013381,-782.1195877592036
4603.638136695607,4503.961423935227,99.67671276037981
4615.335427758537,5398.363512023209,-783.0280842646725
4614.640667400142,5569.86396123757,-955.2232938374282
5193.820201082966,4581.478064482891,612.3421366000757
5196.6221765809805,5380.703711609516,-184.08153502853565
5179.293643173236,4948.015172128212,231.27847104502416
5184.043665678031,3802.349156918582,1381.694508759449
5210.2574579157545,4990.828747600853,219.42871031490176
5197.509064112366,4787.290482092035,410.21858202033127
5215.450035062123,5260.2006067656,-44.75057170347736
5180.912147830839,5019.391217784218,161.5209300466213
5421.733706602338,5525.499718824756,-103.76601222241788
5446.346550401375,5062.042858542527,384.30369185884774
5214.371208614595,4856.685493935943,357.6857146786524
5207.090328312815,5868.043409620547,-660.9530813077326
5219.915331197955,5386.320420672741,-166.4050894747861
5190.864334329018,4727.6418852463285,463.2224490826893
5229.7377312711,5366.387388983101,-136.6496577120015
5202.28927841737,5443.248917658963,-240.95963924159332
5210.926236157143,5530.987237550628,-320.06100139348564
5215.220115230411,5495.88285202252,-280.6627367921092
4612.382956773155,5337.333920599713,-724.9509638265581
4620.853429763917,5182.212038812105,-561.3586090481876
4626.198917194022,5431.239857250269,-805.0409400562467
4600.302633407722,5652.4823225918235,-1052.1796891841013
4612.443953723537,5530.503482657593,-918.0595289340563
4611.959736965446,4609.313049814242,2.646687151203878
4587.954657081007,5076.916982736709,-488.96232565570153
3799.5672564317324,4783.877843735274,-984.3105873035415
3821.476606845739,5049.864164618813,-1228.3875577730746
3822.9912503962737,5540.775065707445,-1717.783815311171
3827.7125534755387,5389.223285782492,-1561.5107323069533
3811.6033142481615,3817.5158450598765,-5.912530811714987
3822.17541428628,5180.813528128325,-1358.6381138420447
3798.2098742050043,5447.635745770632,-1649.4258715656274
3830.7528319738885,3964.698612876593,-133.94578090270443
3011.6994735144826,3808.649088092479,-796.9496145779963
3008.7880440308,3558.0668391226955,-549.2787950918955
5050.151288210294,5444.751164658137,-394.5998764478427
5054.903478768278,5368.4232759863025,-313.5197972180249
5067.435527525068,5491.755658831589,-424.32013130652103
5357.937768293579,5791.021901648042,-433.0841333544631
5381.245868881236,4809.4224037944705,571.8234650867653
5363.954304467885,5166.460639799214,197.49366466867104
5359.904872065863,5049.563887969699,310.340984096164
5373.298784847692,5455.322805265378,-82.02402041768528
5382.567540180528,4062.327305941911,1320.2402342386172
4699.587217085264,5713.8805468470055,-1014.2933297617419
4692.972869744917,5355.581017653023,-662.6081479081058
4745.027704140189,5263.90827854695,-518.8805744067613
4721.645689071347,4581.475771962589,140.16991710875845
2987.121354500483,5355.910647210248,-2368.7892927097646
3559.865764563531,5034.85285912638,-1474.9870945628495
3554.982930943859,3815.360952782799,-260.37802183893973
3547.0996444606176,5324.769102722515,-1777.669458261897
3528.913222160054,5334.769022713748,-1805.8558005536943
3560.3367849459555,5367.07099217833,-1806.7342072323745
4065.536059329664,5597.4189140886165,-1531.8828547589524
4053.1329818585555,3805.8128788866707,247.3201029718848
4054.6261224542277,4802.9332433392965,-748.3071208850688
4049.9544601603593,4874.879331734021,-824.9248715736621
4056.834526354655,5282.015951100906,-1225.1814247462512
4480.21418273081,5162.591569335519,-682.3773866047095
4504.813848658351,5805.178163963657,-1300.3643153053063
4510.442933006383,5497.570306046121,-987.1273730397379
4490.202658692285,5395.591080989811,-905.3884222975266
4512.565231432408,5611.2126939909485,-1098.6474625585406
4898.275688169273,4608.3998188771575,289.87586929211557
4877.029135825655,5354.142834137821,-477.113698312166
4871.2749859556,5011.141675227318,-139.86668927171831
4885.29551258861,5518.478917135473,-633.1834045468631
4886.525236059672,3818.0197915254494,1068.505444534223
4902.7735623522285,4995.971444195831,-93.19788184360277
4868.36767131179,4777.519471821012,90.84819949077792
4899.332302562501,4741.9844016427,157.34790091980176
4892.69006282619,5620.6464285149505,-727.9563656887603
4915.120886891712,5830.11944962576,-914.9985627340484
5380.564968282139,5274.732680138828,105.8322881433105
5370.153137880429,5671.733485309438,-301.5803474290087
5357.7373647949735,4825.68534580581,532.0520189891631
5377.606833033692,5290.1172506438825,87.48958238980958
5353.31533912954,4337.690525933179,1015.6248131963612
5362.321569217847,5664.802366831395,-302.480797613548
5366.672105031292,5521.2995585779745,-154.62745354668277
5339.283213197574,5575.1710388846595,-235.88782568708575
5510.668222396962,5168.818144780382,341.85007761658017
5434.850447639188,5683.653375481988,-248.80292784280027
5442.94286599344,5526.81376229031,-83.87089629686943
5430.191248516333,5360.771311859998,69.41993665633527
5443.194299661511,5492.554664131137,-49.36036446962589
5457.381892286721,5190.255536734739,267.12635555198267
5421.889013417118,4947.541759549906,474.3472538672122
5421.461967674176,5370.230746958609,51.23122071556645
5443.361443935082,5331.024475027678,112.3369689074043
5436.680421026675,5253.361432691317,183.31898833535797
5345.551354932067,4572.891891359073,772.6594635729934
5367.201373962326,5863.261951384682,-496.0605774223559
5368.200569292302,5642.534399175861,-274.3338298835588
5341.775319825302,4783.777112191607,557.9982076336955
5362.090226169466,5256.9793398608845,105.11088630858194
5362.220166756742,5569.317828104677,-207.09766134793426
5360.741869447257,5437.43380573568,-76.69193628842277
5358.167508576775,5363.026892530419,-4.859383953644283
3000.1325776495937,5043.349928809443,-2043.217351159849
2986.083344751289,3920.4898802620996,-934.4065355108105
3017.6916977340607,4612.514382540922,-1594.8226848068616
3929.624211765709,5176.6900609673,-1247.0658492015914
3928.234436912962,3806.2396911019005,121.99474581106142
3948.98028786834,5186.041275843104,-1237.060987974764
3927.575340851965,4788.916146420333,-861.3408055683676
3912.700327621193,5631.4420744338,-1718.7417468126073
3926.955523756403,5203.544235887226,-1276.5887121308228
3921.8900424762774,5571.47100810653,-1649.5809656302522
3947.7544842701136,5505.765812655684,-1558.0113283855708
3929.526648080384,5373.2413083104775,-1443.7146602300936
4805.971018921192,4349.105365769875,456.865653151317
4805.538494025969,5164.369948713992,-358.83145468802286
4785.507133367226,5437.445527021871,-651.9383936546456
4796.967604485307,3924.824939605892,872.142664879415
4800.614954313804,5128.208334452293,-327.5933801384881
4823.138391540886,5502.336845173641,-679.1984536327554
4797.57657740097,5410.960957940227,-613.3843805392571
4805.750317018767,5560.000163326215,-754.249846307448
4788.5760039686165,5420.276191923834,-631.7001879552172
5453.927256225102,4721.317841459748,732.6094147653539
5456.62852287163,5314.831923383393,141.796599488237
5470.027893372362,3808.9397612789876,1661.0881320933745
5476.978109650285,3941.3493678178534,1535.6287418324314
5469.625210769311,5514.464030189912,-44.838819420600885
3014.540186269158,5540.094584181025,-2525.5543979118675
3026.162820720448,4757.09390061182,-1730.9310798913716
3813.6989560175343,5235.635583771823,-1421.9366277542886
3815.445424857033,5339.220648541844,-1523.775223684811
3789.730830395753,5359.467665825687,-1569.7368354299338
3828.0420286855956,5630.3205443041115,-1802.278515618516
3800.9158277958186,5025.159522779194,-1224.2436949833755
3822.0639611067286,4800.401473230918,-978.3375121241893
3811.745593828976,5681.33213570032,-1869.5865418713438
3805.769820407158,3812.9731256527293,-7.2033052455713005
4599.052426624495,5440.429947621727,-841.3775209972318
4599.125795679722,5368.4386091361885,-769.3128134564668
4595.293702420686,5139.905895725457,-544.6121933047716
4598.712344050999,5338.04414640145,-739.3318023504517
4616.994774616324,5322.43975481941,-705.4449802030858
4609.101679607358,5660.852476075068,-1051.7507964677097
4613.744831381043,5245.720392199958,-631.9755608189153
5203.33096135616,5231.656452413529,-28.325491057369618
5199.978746952857,5480.586187564544,-280.6074406116868
5212.199286142008,5389.920899833961,-177.72161369195328
5217.348189277914,5089.825835766062,127.52235351185209
5203.446709537237,5379.403208502012,-175.95649896477426
5221.1268513877985,4610.667141904163,610.4597094836354
5215.419342415538,5393.855468373012,-178.43612595747345
5200.992152272492,5053.69912479832,147.29302747417205
5430.3382600442355,5666.990867755693,-236.65260771145768
5402.940320824142,5108.328590345213,294.6117304789286
5201.638203371373,5659.440044343368,-457.80184097199526
5182.165957406113,4994.392627694167,187.77332971194664
5207.400567967803,4593.57916682149,613.8214011463133
5208.743649700842,4798.567287955369,410.1763617454735
5201.102957812576,5410.819804294972,-209.71684648239534
5201.744380247945,4479.367038747479,722.3773415004662
5181.108943541935,5323.517505727507,-142.408562185572
5177.413597810299,5641.475332840132,-464.06173502983347
4621.1505109021155,5522.052700711451,-900.9021898093351
4594.804064658252,5704.788777133522,-1109.9847124752696
4620.758493761227,4875.880543518883,-255.122049757656
4587.954657081007,4780.30652709436,-192.3518700133527
4625.652268764075,4610.142040748941,15.51022801513409
4623.547943462436,4620.782614612376,2.765328850059632
4610.937972483756,5332.732421429903,-721.794448946147
3822.524836486757,5452.9282009090975,-1630.4033644223405
3809.561497646946,4479.769867829381,-670.2083701824349
3817.2014554119282,5374.976051236873,-1557.7745958249448
3802.2764018534117,5145.1497667460835,-1342.8733648926718
3837.1222129829735,5391.828142708347,-1554.7059297253732
3812.102332544709,4475.749831630336,-663.6474990856273
3793.040912006669,5313.410590271655,-1520.3696782649859
3821.394161111027,4885.564663452412,-1064.1705023413847
3004.7652811037533,3017.2858849699255,-12.520603866172223
3020.263686942888,4805.155608777449,-1784.891921834561
5067.727797938799,5524.634625771576,-456.9068278327768
5020.282345298091,5401.015015974105,-380.7326706760141
5033.677144888679,4574.442923151394,459.2342217372852
5364.238629393015,5657.194809617268,-292.95618022425333
5384.811781189177,5626.036427484272,-241.22464629509523
5354.273119541806,5347.362109538473,6.911010003333104
5366.895665205079,5360.244756977355,6.650908227724358
5351.21958723533,5235.368981267112,115.85060596821859
5371.432018168716,5410.735153314291,-39.30313514557474
4721.998210242308,4595.347451589077,126.6507586532316
4740.570294863715,5119.423619142902,-378.8533242791864
4731.091193051388,5025.34912150133,-294.2579284499425
4707.434935051369,5498.849951457549,-791.4150164061793
3004.5938414497614,5775.033884262879,-2770.4400428131175
3570.5290785623874,5827.135356620153,-2256.606278057766
3556.496499363062,5460.848302630586,-1904.3518032675238
3559.9330323380536,4298.177913573995,-738.2448812359416
3559.181975064837,5644.22763744198,-2085.045662377143
3571.651049056905,5461.232685282595,-1889.5816362256905
4055.381978015155,5729.332768757427,-1673.9507907422726
4056.5677942315965,4594.279320245184,-537.7115260135874
4072.3088858784645,5186.64923412377,-1114.3403482453054
4064.382890794441,5163.401937880641,-1099.0190470861994
4055.559526466281,5036.700940068529,-981.1414136022481
4495.839823280164,3935.34912771862,560.4906955615438
4494.877869705248,5660.521960239814,-1165.6440905345662
4505.616497859575,5482.398773135091,-976.7822752755155
4495.113164171356,3004.4699562238243,1490.6432079475321
4494.452658062513,5488.512823455381,-994.0601653928679
4895.255918700603,4877.005205055546,18.25071364505675
4875.612071839495,5426.147317052046,-550.5352452125508
4900.690051003574,5257.720963493855,-357.0309124902815
4897.61181137564,5741.6991380123245,-844.0873266366843
4894.028989517456,5721.147350690262,-827.1183611728065
4887.382586379705,4792.364956963994,95.01762941571087
4909.196323724472,5382.030451720768,-472.83412799629605
4880.489308543497,4795.129541335298,85.35976720819872
4897.111175388184,5478.516946792482,-581.4057714042974
4883.966847507963,4788.396112072319,95.57073543564456
5380.564968282139,5457.182017503592,-76.61704922145327
5327.411317227687,3788.181791815201,1539.2295254124856
5357.9371002031185,5153.207481255243,204.72961894787568
5345.024052554451,5721.33464059573,-376.3105880412786
5385.893086391692,4067.3767301777407,1318.5163562139514
5385.9757986184195,5434.483168044405,-48.50736942598542
5343.964614931399,5369.652975163932,-25.688360232532432
5368.578513668406,4797.595292379136,570.9832212892707
5518.721055963741,5047.723799117227,470.99725684651366
5459.105132563575,5509.276313628467,-50.17118106489124
5467.040968612732,4819.345785991836,647.695182620896
5424.446203223725,5649.57217012101,-225.12596689728434
5430.116508391885,3962.1935825037503,1467.9229258881346
5428.650030419015,5171.746172113589,256.9038583054262
5446.3993745576745,5291.691986330174,154.70738822750081
5452.514868420587,5044.025547553195,408.48932086739205
5430.239622908583,5514.245523760848,-84.00590085226486
5443.155761996843,3938.483055008552,1504.6727069882904
5361.838499714439,5618.867481585731,-257.02898187129176
5362.391288465932,5514.246095956247,-151.85480749031467
5358.146837505264,4600.348655311463,757.798182193801
5378.635767962357,5685.8352145377185,-307.19944657536143
5342.651937702882,5417.207849663427,-74.55591196054502
5347.388966484646,5671.969015704109,-324.58004921946304
5380.361407337505,5402.529954863224,-22.168547525719077
5376.752945874224,4990.31890231689,386.434043557334
2994.33667714123,5585.697794636835,-2591.361117495605
2997.24893859433,4696.229486295356,-1698.980547701026
2992.857210768309,4831.850812141413,-1838.9936013731044
3947.225287787931,5485.721336551413,-1538.4960487634817
3928.7107821838918,5466.760138012603,-1538.0493558287117
3927.575340851965,5307.840280463434,-1380.2649396114693
3934.50536866633,5687.78248145366,-1753.2771127873298
3947.0699616343622,5577.667988817502,-1630.59802718314
3931.1579200559017,4476.304795217113,-545.146875161211
3930.0773503288056,4729.58460715324,-799.5072568244341
3910.0770547292127,4995.898430232076,-1085.8213755028632
3920.137598899861,5648.119706883692,-1727.9821079838307
4805.575235837355,5666.2177701393,-860.6425343019455
4765.7449458474575,5492.979015971179,-727.2340701237217
4805.898372176032,3028.2924215134017,1777.6059506626307
4806.998134763941,4813.46530255296,-6.467167789018276
4808.3999264632,5665.446015426653,-857.0460889634523
4793.814936866314,5244.818650826041,-451.00371395972707
4805.767226514166,5657.011326601705,-851.2441000875388
4802.980484236096,5508.675150391959,-705.6946661558623
4808.192053695664,4871.987173234024,-63.79511953836027
5440.700374586976,4574.33590128831,866.3644732986659
5485.674886189483,3037.217504649087,2448.457381540396
5489.410807563731,4117.73295595634,1371.677851607391
5458.796806269436,4586.923501616484,871.8733046529524
5447.046221590534,5761.64263618505,-314.5964145945163
2996.9079101259595,5618.9887834848005,-2622.080873358841
3009.6915092962067,4585.306891671654,-1575.615382375447
3807.0903807085374,5153.029047791243,-1345.9386670827057
3812.6265984991505,5516.593718412765,-1703.9671199136146
3802.1644771562205,3791.0120475267427,11.152429629477865
3804.129531195365,3018.7530101322964,785.3765210630686
3810.963778734791,3026.849552195473,784.1142265393182
3806.1693735070844,5183.075856109058,-1376.9064826019735
3815.3734243832037,4604.681087867365,-789.3076634841614
3796.2186533729464,5363.259285706241,-1567.0406323332945
4595.293702420686,3810.6462580685848,784.647444352101
4598.571433708488,5510.238913122175,-911.667479413687
4599.835714049799,3810.501455337582,789.3342587122174
4590.77758443184,5463.08508231165,-872.3074978798095
4621.687934305438,4052.8920626838817,568.7958716215562
4625.249794764174,5648.673956151553,-1023.4241613873792
4639.3152084567155,5738.607190343373,-1099.2919818866576
5215.05384529199,4353.134084002599,861.9197612893913
5203.704688933625,5524.280006804539,-320.57531787091375
5217.700499547203,5379.808453574361,-162.10795402715758
5179.054668772847,5634.691544175841,-455.6368754029936
5169.080180060981,4834.599606254599,334.48057380638147
5199.572562826172,5341.853281179812,-142.28071835364062
5207.0903283128155,5375.317135025775,-168.22680671295984
5217.46555900836,5683.687024762473,-466.2214657541126
5421.978205411273,5435.252722746198,-13.274517334924894
5423.2212424610125,4777.888428181706,645.3328142793061
5225.529754760393,5126.986430194228,98.54332456616521
5187.475363834219,5435.295456436033,-247.8200926018144
5185.549010010857,5370.8228323571875,-185.27382234633023
5191.769286743493,5733.813730939881,-542.0444441963882
5174.097477229135,5668.634521630328,-494.53704440119327
5196.152892246059,5606.555320228873,-410.4024279828136
5202.866848990612,5272.682846163457,-69.81599717284462
5203.987424894886,5326.964386413241,-122.97696151835498
4631.554009547091,5676.595929525113,-1045.0419199780226
4615.953149030122,5809.648255892194,-1193.695106862072
4612.474342994075,4785.053925648861,-172.57958265478555
4625.558598961601,3822.947569300932,802.6110296606689
4612.606940057903,5590.561471533198,-977.954531475295
4606.729435577768,4727.535452150311,-120.80601657254374
4620.344893738897,5286.401851121909,-666.0569573830126
3833.05272281301,5298.772541224808,-1465.7198184117983
3810.9677317866,5699.031460712296,-1888.0637289256965
3817.68114376056,5377.479403520171,-1559.798259759611
3809.501832662341,4045.188660026121,-235.68682736378014
3821.17288935448,5660.0653243452225,-1838.8924349907425
3817.3866760445144,5733.601792985168,-1916.2151169406534
3819.542421312875,3818.336825553063,1.2055957598117857
3808.1389760587485,5176.527182781871,-1368.388206723122
3009.9681559498595,5172.285685912263,-2162.3175299624036
3027.527445372845,4873.831533075565,-1846.3040877027202
5057.440308086342,4597.9834908064895,459.45681727985266
5070.854523772411,5700.276924836634,-629.4224010642229
5058.016992667238,5412.409113731127,-354.39212106388914
5401.240888264097,4831.713433590605,569.5274546734918
5372.82277113178,4853.141235688282,519.6815354434984
5395.37386363329,3957.1044917568893,1438.2693718764008
5374.903621938482,5363.99090841838,10.912713520101534
5372.854443949251,5492.530564613248,-119.67612066399761
5375.403820542727,5329.459799844069,45.94402069865828
4724.763969957411,5131.925698153227,-407.16172819581607
4746.721158648395,5152.448935356294,-405.72777670789856
4702.679581805053,4844.214293968393,-141.53471216333946
4710.83666242826,5509.248921785888,-798.4122593576285
2999.9809078270514,3795.443832449176,-795.4629246221248
3570.355764675908,4688.328877484007,-1117.9731128080984
3545.017815921309,5418.392691289056,-1873.3748753677464
3551.9659352788526,5653.280374037969,-2101.314438759116
3542.8032119128325,5660.345451085962,-2117.5422391731295
3548.968843620698,3817.0028126733305,-268.03396905263253
4060.1954618112304,5494.591441775865,-1434.3959799646345
4052.052680488729,4796.482308606475,-744.4296281177462
4042.3378507951943,5547.853093020603,-1505.515242225409
4052.698286112306,4737.825960806506,-685.1276746942003
4073.0666026573936,5270.001376055381,-1196.9347733979876
4475.545775080408,5412.660423201385,-937.1146481209771
4484.406226128347,5711.629406451189,-1227.2231803228424
4485.269853550083,4694.53289434075,-209.26304079066722
4481.96756733571,5362.329989362986,-880.3624220272768
4507.785764842874,4611.970521203943,-104.18475636106814
4879.58590948661,5461.303190345281,-581.7172808586711
4895.271773473429,4718.093331793217,177.17844168021202
4873.665659325242,5168.235503746579,-294.5698444213367
4910.293974667638,3949.662196362121,960.6317783055174
4881.244960253868,4780.163721468282,101.08123878558581
4915.717270343075,5477.693432175081,-561.9761618320063
4897.0556113057755,5119.910461378056,-222.8548500722809
4916.86520206404,4609.683309466346,307.18189259769406
4897.458800399825,5678.740235311433,-781.2814349116079
4912.383015851466,5200.551798101466,-288.16878225000073
5380.564968282139,5457.182017503592,-76.61704922145327
5348.768864894069,5154.263703493816,194.5051614002532
5372.00605034469,5454.680326370983,-82.67427602629232
5382.869157241641,4887.856992923363,495.01216431827834
5366.563970136578,5543.572021648318,-177.00805151173972
5367.668361892978,3809.3273310335903,1558.341030859388
5350.314980341792,5509.171664066846,-158.8566837250537
5335.369245969756,5588.403847845898,-253.034601876142
5531.201658717356,4728.702771297234,802.4988874201217
5439.117511217662,5520.338539223404,-81.22102800574248
5450.301998328044,5816.148413337311,-365.8464150092668
5441.993222971075,5334.30795668849,107.68526628258496
5449.711603360474,4876.061703285461,573.6499000750136
5429.802317130363,5562.334105555842,-132.53178842547914
5445.4410252339,5674.991127019548,-229.5501017856477
5442.6825265964335,5347.30685234878,95.37567424765348
5416.633040344337,5366.09463232783,50.538408016506764
5452.4342974725705,5444.272281301026,8.162016171544565
5346.458890233541,5435.305618284902,-88.84672805136142
5341.913380305413,5109.844949794474,232.06843051093892
5356.911440794443,4729.657750193757,627.2536906006853
5368.324089513044,5392.244236963638,-23.920147450594413
5367.795997194042,5335.672755598779,32.1232415952627
5360.710697790384,5276.17745956987,84.53323822051425
5365.20952729566,5717.263243132902,-352.0537158372417
5357.503240979038,3553.9300171280834,1803.573223850955
3013.9661580499182,3034.7441580113837,-20.77799996146541
2999.9309660744025,4604.936891443109,-1605.0059253687064
2992.8547783885406,4792.738618089819,-1799.8838397012787
3938.1760342474413,3810.322413103798,127.85362114364307
3916.1365609335353,4722.267637304513,-806.131076370978
3912.700327621193,5354.700747550927,-1442.000419929734
3947.0699616343622,5178.199753023329,-1231.129791388967
3918.5033568694225,4769.040568792629,-850.5372119232061
3936.94714142822,5170.799472383663,-1233.8523309554425
3931.057595622274,5356.929570688726,-1425.8719750664518
3959.9630754003465,5503.14706598437,-1543.1839905840234
3916.9611686304984,3798.6752626838324,118.28590594666593
4803.585534088024,5286.264880170743,-482.67934608271844
4800.214269157742,5395.491591373764,-595.2773222160222
4822.342518337096,5490.212935232751,-667.8704168956547
4809.06688274023,5599.724980485692,-790.6580977454623
4790.839149702337,5424.244026525629,-633.4048768232924
4800.79790027231,5649.212370261587,-848.4144699892777
4779.4314374234455,4452.506985462385,326.9244519610602
4798.167095347285,5522.4304324810255,-724.2633371337406
4817.531917532564,5665.585639282389,-848.053721749825
5481.178862931857,5489.816236084659,-8.637373152801956
5456.670313838474,5167.32564540039,289.3446684380833
5461.256766871155,5244.389003809532,216.867763061623
5451.074076822105,5141.906234973523,309.1678418485817
5479.277476244017,5812.724801685936,-333.447325441919
3007.1574311163467,4723.91677913739,-1716.7593480210435
2999.9279685881124,3796.3210983066488,-796.3931297185363
3826.382251521418,4763.295452425419,-936.9132009040013
3797.7697085245104,4561.213347492178,-763.443638967668
3800.8888591113086,4496.801391725116,-695.9125326138078
3823.6688993280463,4618.54800752145,-794.8791081934037
3818.2037925607165,4488.025224416022,-669.8214318553055
3828.9582432022803,5768.354177102588,-1939.3959339003081
3816.494698368639,5490.41070022515,-1673.9160018565112
3811.256690783395,5190.5877111765085,-1379.3310203931137
4616.994774616324,4878.204012087895,-261.2092374715703
4618.083598268645,3813.540230420147,804.5433678484978
4621.687934305438,5400.777219373424,-779.0892850679857
4623.541399523222,5584.787658837987,-961.2462593147648
4577.878007045789,4767.187962622629,-189.30995557684037
4623.597417820538,5359.657940103348,-736.0605222828099
4601.835012391425,3813.948027329517,787.886985061908
5180.14452770075,5350.385424421008,-170.2408967202582
5202.62184177998,5677.633533864487,-475.01169208450665
5206.611514988432,5390.986278636106,-184.37476364767463
5211.5978282569295,4743.557096555948,468.04073170098127
5203.569017932378,5334.612507065309,-131.04348913293052
5203.984809261937,5663.641470859517,-459.65666159757984
5190.311671521199,5772.920688433121,-582.6090169119216
5200.420989781194,5453.155092134862,-252.73410235366737
5403.634085950756,5782.629666482273,-378.9955805315167
5433.553592480425,5352.870878850954,80.68271362947144
5196.697624551666,4868.930813362123,327.76681118954275
5210.205504579518,5149.747073276933,60.45843130258436
5186.182745991901,4594.983978195738,591.1987677961633
5207.652738282581,5666.487125980094,-458.8343876975132
5188.376325564048,4476.438589275843,711.9377362882051
5193.78761913507,5624.176028489116,-430.3884093540464
5206.470957668341,3813.46785060578,1393.003107062561
5224.389659010837,4861.547097973118,362.84256103771895
4601.187084188734,5061.646902724311,-460.45981853557714
4593.066982422136,5647.686171049303,-1054.6191886271672
4609.90486129628,5253.930426171134,-644.0255648748544
4617.318852613247,5524.991888807133,-907.6730361938862
4609.0819975974155,4355.9333191890655,253.14867840834995
4630.678527661392,5289.227166438046,-658.5486387766541
4607.8701866615565,4784.168372616447,-176.29818595489087
3815.4755004025264,5434.039334496841,-1618.5638340943142
3824.6470560528564,4972.679069138403,-1148.0320130855466
3817.3866760445144,5372.38761572596,-1555.0009396814457
3807.3965377787863,4785.173497283478,-977.7769595046921
3807.8853407453503,4582.752109068883,-774.866768323533
3810.0887578600077,5616.345168304959,-1806.2564104449511
3799.861144002145,3805.8638551837967,-6.002711181651648
3803.7089243441123,5648.7563227405335,-1845.0473983964212
2995.6201962763475,5644.725475698808,-2649.10527942246
3016.4443972500667,5677.626400459775,-2661.1820032097085
5072.197469264413,5689.662332216628,-617.4648629522153
5063.010056966253,4488.797687402332,574.2123695639211
5045.463709733403,3805.6910056554807,1239.7727040779228
5368.534178792596,4588.8911664541965,779.6430123383998
5358.562291842724,5431.7448623029995,-73.1825704602752
5374.23095887393,5444.95881033628,-70.72785146235037
5358.140933558898,5248.001258644493,110.13967491440508
5360.912684067078,3808.034415448775,1552.878268618303
5376.9690562192545,5240.2737998358625,136.695256383392
4731.9005324933805,4912.805526224248,-180.90499373086732
4725.912087452428,5035.109811800466,-309.1977243480378
4715.426435271363,4827.883709047013,-112.45727377565072
4711.051574381836,5367.239901061675,-656.1883266798386
2996.4490631710873,5844.02812745082,-2847.5790642797324
3572.42943276618,5502.831919711817,-1930.402486945637
3566.385630423981,5422.236234751782,-1855.8506043278007
3574.0868257156917,4856.770334356501,-1282.6835086408091
3548.385583035251,4839.21268284115,-1290.8270998058993
3567.690420535853,5461.292534303185,-1893.602113767332
4041.9896647518444,5349.572282941353,-1307.5826181895081
4048.6927278533008,5520.078578091653,-1471.3858502383523
4066.527287649325,4883.07302852608,-816.5457408767547
4076.332247524606,4072.9913309326575,3.340916591948371
4039.877009362227,5850.109896010634,-1810.2328866484067
4507.785764842874,4049.8592863340164,457.92647850885805
4497.469889211208,4731.478189077258,-234.00829986605004
4482.174784489907,5662.882308052413,-1180.7075235625052
4489.7780176809465,3942.771650041939,547.0063676390073
4487.562538318415,5435.815699229061,-948.2531609106454
4885.650857091412,5507.071954210522,-621.4210971191096
4872.748883277954,5364.8654878578545,-492.1166045799009
4907.029817289501,5464.782588035139,-557.7527707456384
4879.4862283514985,5266.297217474585,-386.8109891230861
4902.93786319545,5403.739751416264,-500.80188822081436
4914.270306156348,5157.191327090137,-242.9210209337889
4884.408878124302,5408.537589619621,-524.1287114953193
4896.903170181714,5444.347790316166,-547.4446201344517
4905.309535725665,5383.991668105627,-478.68213237996133
4897.771146861973,5184.418896271963,-286.64774940998996
5380.564968282139,5508.778533733578,-128.21356545143954
5358.207110314779,5512.679731297508,-154.47262098272859
5371.156277309925,5450.34816361446,-79.19188630453482
5357.372020855549,4478.851354337924,878.5206665176247
5381.531378077671,5459.4724891973265,-77.94111111965503
5366.6575893464915,4687.5219317612555,679.135657585236
5378.251149150591,4754.757502099628,623.4936470509629
5351.228328515557,5588.731898223793,-237.50356970823577
5525.585351760888,5809.447353090429,-283.86200132954036
5436.1988174275675,5666.045331644416,-229.84651421684885
5455.396866069846,5679.449910363288,-224.05304429344233
5435.1135899352375,5530.25540661636,-95.14181668112269
5431.208523129309,5482.253641559841,-51.04511843053206
5438.93354900671,3551.337572885867,1887.5959761208428
5430.168077140773,3009.336141220419,2420.8319359203538
5432.575365862269,4835.3091568497175,597.2662090125514
5426.539066027764,3811.723753915092,1614.8153121126725
5444.7373997853265,5269.297525936537,175.43987384878983
5356.414465556991,3019.169076704202,2337.245388852789
5367.18732303059,5710.999278014569,-343.8119549839794
5352.88301228907,3798.992375430048,1553.8906368590224
5351.531529805755,5377.370168374415,-25.838638568659917
5366.907378851601,5511.555348837281,-144.64796998568
5362.088574125145,5399.039002237675,-36.95042811253006
5337.0947829175775,4026.6229382548154,1310.4718446627621
5356.3493179844445,5300.466499386089,55.8828185983557
2997.759375914786,5690.472327642136,-2692.7129517273506
2982.1379332689708,5606.952550021009,-2624.8146167520385
2981.7765622533507,5088.636229801361,-2106.8596675480103
3939.3617028016115,5492.377334093306,-1553.0156312916943
3955.122770056809,4616.132861415362,-661.0100913585529
3926.955523756403,4713.380628985496,-786.4251052290924
3931.1579200559017,5581.467657033804,-1650.3097369779025
3936.94714142822,5177.19057493982,-1240.2434335116
3943.413784352166,5671.510581218942,-1728.096796866776
3935.856016999698,5338.877670813848,-1403.0216538141503
3927.7427289856914,5680.7436749704475,-1753.000945984756
3933.426928477465,3941.3195602223354,-7.892631744870414
4818.390488174009,3945.320144174044,873.0703439999652
4803.222891700554,4867.214899863503,-63.99200816294888
4813.664920718238,5481.429979257259,-667.7650585390211
4790.8448478711825,5432.894655958707,-642.0498080875241
4796.071578207542,5356.413421014306,-560.3418428067635
4773.697739437018,5421.505532661446,-647.8077932244278
4791.874271544729,5305.723390565526,-513.8491190207969
4797.890307653476,5384.200553408738,-586.3102457552623
4809.48763215283,5046.31241500061,-236.82478284777972
5457.153557070945,5648.058146142681,-190.90458907173615
5447.046221590534,5149.4276813237375,297.6185402667961
5456.588426072262,5376.530953171439,80.05747290082309
5476.7658554484715,5521.086563761277,-44.320708312805436
5445.71769716965,5654.57540657911,-208.85770940945986
3024.870769675293,5525.771382493103,-2500.9006128178103
3014.985243994059,5447.800193177752,-2432.8149491836925
3799.5790072150953,5434.709503177707,-1635.1304959626118
3819.9355366697196,3825.457595200733,-5.522058531013499
3836.2302561875995,5190.88381097544,-1354.6535547878402
3821.411619839933,5675.602282675609,-1854.190662835676
3800.534176731937,4493.979183768535,-693.4450070365983
3795.811823260303,4787.847128729968,-992.0353054696652
3819.497229073175,4610.2806456617245,-790.7834165885497
3839.5716470859566,5411.203453990887,-1571.6318069049307
4613.744831381043,5154.54236367678,-540.7975322957373
4593.981798716028,5370.536919257906,-776.5551205418788
4639.3152084567155,5156.285780982498,-516.9705725257827
4592.211924578969,5310.096021189217,-717.884096610248
4601.835012391425,5654.9717061208685,-1053.1366937294433
4637.532398053303,5201.029186954663,-563.4967889013597
4611.610189715014,5658.138183535167,-1046.527993820153
5201.172755372731,5437.138266939735,-235.9655115670039
5220.082127712239,5718.312786249395,-498.23065853715616
5198.772435597664,5652.570778576767,-453.7983429791029
5196.289797393019,5445.339458058525,-249.04966066550605
5221.901057157867,5116.133966551099,105.76709060676876
5189.390207299437,3808.738372628296,1380.651834671141
5210.926236157144,5491.68595832613,-280.7597221689866
5205.314197426355,5521.168956187918,-315.85475876156306
5409.13629356069,5466.231679601224,-57.09538604053341
5457.387866804188,4634.251607516269,823.1362592879186
5182.119409985121,4585.223701771377,596.895708213744
5202.866848990612,5453.128496591984,-250.2616476013718
5208.7791073003345,5170.560837749312,38.218269551022786
5216.13265956746,3040.533418800318,2175.599240767142
5191.421864349225,5316.908629198957,-125.48676484973203
5190.224685127038,5780.629543684342,-590.4048585573037
5208.380653834197,4607.939353717741,600.4413001164557
5194.583499738448,5156.52941619228,38.05408354616793
4609.235543259029,3558.677210695954,1050.5583325630755
4602.607559719319,5445.828069680915,-843.2205099615958
4611.840518606379,5394.647069995859,-782.8065513894799
4611.386372273026,4736.470929047514,-125.08455677448819
4626.383072200691,4731.374718614471,-104.99164641378047
4610.1581192391905,5643.068787154348,-1032.9106679151573
4589.234077477195,5484.932765452192,-895.6986879749975
3808.7177258625734,4789.0578432393795,-980.3401173768061
3806.6646624717055,3930.907327680618,-124.24266520891251
3811.6123588563123,3815.742296799135,-4.129937942822835
3820.9656371331075,3815.2810687236465,5.684568409461008
3830.3215901399817,5694.116261485897,-1863.794671345915
3790.4641677067575,5141.550366560865,-1351.0861988541074
3818.7302430881705,5709.096353065507,-1890.3661099773367
3809.539477469237,5649.969725529752,-1840.4302480605152
3016.7073490949365,4620.788339950159,-1604.0809908552224
3009.828887969509,3002.17903394172,7.649854027789388
5056.893514598316,5384.48323069606,-327.5897160977438
5043.531860535365,5429.5673211688845,-386.0354606335195
5055.912623097888,5369.944959287542,-314.0323361896535
5380.066272501922,4611.5806552650365,768.4856172368854
5393.239268747736,5606.797278786327,-213.55801003859142
5385.671564685841,5196.633190933224,189.0383737526172
5369.986671864246,5194.819815373557,175.1668564906895
5352.222775817786,4028.8434508754153,1323.3793249423707
5348.757791094748,5143.551003644361,205.2067874503873
4708.4582915913625,5506.740143850545,-798.2818522591824
4714.143940008792,4780.447616624878,-66.3036766160858
4729.097041603939,5330.846664781028,-601.7496231770892
4741.349982470682,5275.799557931839,-534.4495754611571
3025.9263455738796,4813.814437891735,-1787.8880923178554
3542.893383254982,4827.8362479864245,-1284.9428647314426
3540.9202778015147,4774.2811966032,-1233.3609188016858
3557.8508235644445,5128.523898228577,-1570.6730746641329
3560.503937151006,5219.761901939881,-1659.2579647888747
3563.938217856269,5416.714839492491,-1852.7766216362215
4042.1150904592773,5652.981396744718,-1610.8663062854407
4063.261019117058,5107.886752699639,-1044.6257335825812
4067.167742908737,5354.694340235601,-1287.5265973268638
4033.144574904661,5151.689692538395,-1118.5451176337342
4057.605936871027,5506.289320533286,-1448.6833836622586
4516.080483465249,5459.339521350924,-943.2590378856748
4503.560920673607,4590.341265473284,-86.78034479967664
4479.585327958504,5421.619694360692,-942.0343664021875
4498.367983859548,5660.748035341608,-1162.3800514820596
4489.11189228913,5462.3041595059985,-973.1922672168685
4879.141611873068,5144.367441080593,-265.22582920752575
4889.292258177169,5177.334083295717,-288.04182511854833
4872.625697587584,4720.836981374805,151.78871621277904
4862.634138064436,4569.993487164113,292.64065090032364
4886.301000210062,5383.581519819727,-497.28051960966513
4876.186015348667,4498.941487742013,377.2445276066537
4885.022203503872,4731.397014084633,153.62518941923918
4893.079519419046,5715.650927436495,-822.5714080174494
4885.331841706166,5772.762171931001,-887.4303302248345
4898.007653153249,5526.545009793451,-628.5373566402022
5380.564968282139,5193.149131790114,187.41583649202494
5330.388285820993,5226.509683090972,103.87860273002025
5389.115581956628,5557.894821577576,-168.77923962094792
5362.867647830592,4733.732589899448,629.1350579311447
5373.683411972983,5715.16133155029,-341.47791957730715
5357.049461667361,5128.284899657432,228.76456200992925
5357.0611188395105,5380.815382555383,-23.754263715872185
5347.466562371064,5599.782653143311,-252.31609077224675
5563.546766536282,5723.6538841208,-160.10711758451816
5448.908621027018,5182.208053402775,266.7005676242434
5430.288666165424,3011.407995464633,2418.8806707007907
5441.008529931593,5670.039965144807,-229.03143521321363
5425.042628999947,5168.652840436961,256.3897885629858
5450.159266434129,5264.398080865447,185.76118556868187
5426.084502575429,5478.281624193218,-52.19712161778898
5431.913573483793,5242.699479220329,189.21409426346418
5433.137779619301,4473.660311212134,959.4774684071672
5464.33530074845,5673.286768728383,-208.9514679799331
5362.3977857038335,5380.512546571219,-18.114760867385485
5378.289680804862,4748.428232580577,629.8614482242847
5374.9862725208095,3925.261856197361,1449.7244163234486
5374.07798475475,5671.491113826049,-297.4131290712985
5383.0320298745855,4601.997944447352,781.0340854272335
5354.152948543959,4894.432446849834,459.7205016941243
5364.455706093873,5367.325681634482,-2.8699755406087206
5402.194908654292,3845.2151948335368,1556.979713820755
3004.6439007561294,5691.449067644181,-2686.8051668880516
2997.7646206376035,5165.977535783176,-2168.2129151455724
2998.8194272843193,5100.283857712834,-2101.464430428515
3939.412373585677,3954.272968900466,-14.860595314788952
3937.224207214171,5744.210482803109,-1806.9862755889376
3921.8900424762774,4711.572319941316,-789.6822774650386
3930.0773503288056,5845.752545883357,-1915.6751955545515
3931.057595622274,5651.072123652541,-1720.0145280302672
3935.856016999698,5669.531225635692,-1733.6752086359938
3929.939098783677,5596.333666566572,-1666.3945677828951
3926.013516493737,4603.70870181703,-677.6951853232927
3926.6948287267414,5600.001582594479,-1673.3067538677378
4808.353285358107,3938.124505910034,870.2287794480735
4805.316754475572,5480.95091480951,-675.6341603339379
4785.503652796429,4587.888340638708,197.61531215772175
4797.555391214281,4781.552467452516,16.002923761765487
4807.9062414181035,5852.374318713123,-1044.4680772950196
4788.290937245927,5452.0362728693035,-663.7453356233764
4799.879407875798,5339.245200517787,-539.3657926419892
4828.7763447476,4622.360827924411,206.41551682318914
4823.085367300179,5155.380302329942,-332.2949350297631
5498.875715742617,4072.045970890051,1426.829744852566
5463.903846428635,5143.981073697331,319.92277273130367
5467.869971665864,5406.800339946027,61.06963171983716
5456.736577123225,5501.8920744926145,-45.155497369389195
5462.054733804961,5510.622011307325,-48.56727750236405
3015.3726804996054,5670.981970903538,-2655.609290403933
3004.594405989749,5159.585580994366,-2154.991175004617
3799.4019114774596,5123.934826460514,-1324.5329149830545
3824.0029745775137,5181.923110739529,-1357.9201361620153
3816.036779291976,5487.608985602533,-1671.5722063105568
3808.2430993292664,4797.207444264662,-988.9643449353953
3812.253648531674,4353.329207972721,-541.0755594410466
3813.239513655252,5335.328464357219,-1522.088950701967
3810.1333531583723,5380.703711609516,-1570.5703584511439
3822.181110368636,5161.7883530231875,-1339.6072426545516
4611.483830402015,4956.92533885947,-345.4415084574548
4611.150314914157,5366.30610054101,-755.1557856268528
4604.444719627863,5052.28377420696,-447.8390545790962
4593.410153285477,4496.240305510143,97.16984777533344
4613.765027614239,5511.947938994635,-898.1829113803951
4603.825035607974,5356.477182127334,-752.65214651936
4623.225313546498,5403.73216064539,-780.5068470988917
5202.99219936706,3819.3726369945653,1383.6195623724943
5211.343992692336,5081.508235738556,129.8357569537793
5194.355428543904,3826.391730939533,1367.9636976043712
5202.28927841737,5027.419920795862,174.86935762150824
5175.61015534822,4772.348128577534,403.26202677068613
5183.4330996805675,5158.234090855365,25.199008825202327
5205.425090058554,5527.100423638424,-321.6753335798703
5182.5442685326025,5416.692812316423,-234.14854378382097
5402.061007141132,5762.136032789915,-360.0750256487827
5440.156787851656,4481.423623348137,958.7331645035192
5223.655367542616,3053.879821426042,2169.775546116574
5177.201400517293,5026.607932113513,150.5934684037802
5212.435232927999,3822.1305934028337,1390.3046395251654
5206.48919852473,4794.888481553436,411.6007169712948
5210.08279919676,5478.340114390966,-268.25731519420606
5197.077880145648,5592.419492152043,-395.3416120063948
5207.021994485257,5688.040972281866,-481.01897779660885
5184.345707001486,3806.7170975725194,1377.6286094289662
4624.544207532773,5457.328573122417,-832.784365589644
4609.753918709252,5601.762651273965,-992.0087325647137
4625.120937592311,5399.333211228882,-774.2122736365709
4606.357466089503,4515.449472333912,90.90799375559072
4594.16523581982,5459.711947109017,-865.5467112891974
4607.923304713066,3803.4283501986038,804.4949545144618
4571.736332619317,5341.769519001338,-770.0331863820211
3820.244647585151,4611.695222349253,-791.4505747641015
3818.8505558702195,5385.357542618943,-1566.5069867487232
3821.162166326151,5380.3274073723,-1559.1652410461488
3805.307870224164,5671.228038835797,-1865.9201686116326
3807.1741847905146,5336.853139127682,-1529.6789543371674
3821.8523453106523,4601.3440191613645,-779.4916738507122
3823.0195064900304,5394.696437523517,-1571.6769310334862
3814.9956907335045,5610.770362248324,-1795.7746715148196
3006.1991042380696,3811.360952782799,-805.1618485447293
3009.020667866336,5323.564050157539,-2314.5433822912028
5049.1115221704,4780.119662289808,268.99185988059253
5086.942475017962,4830.625112677152,256.3173623408102
5072.5135998006535,4825.173267045215,247.3403327554388
5367.690710750622,5439.681095437551,-71.99038468692925
5367.226570974939,4591.776328575647,775.4502423992917
5351.080813817567,3787.4282805139724,1563.6525333035947
5365.158350325017,4597.024733804362,768.1336165206549
5377.278348202207,5696.415017440034,-319.13666923782694
5359.8667109768985,4726.272472608192,633.5942383687061
4733.754304521393,4490.602846402147,243.15145811924594
4729.235547737663,5168.385860580495,-439.15031284283214
4720.853708017157,4964.128342935349,-243.27463491819162
4742.0573341791205,4861.609951187482,-119.55261700836127
3010.855838924324,4352.397244265569,-1341.5414053412446
3557.258953403748,5485.408376226966,-1928.1494228232177
3565.502363674734,3813.8796859231675,-248.3773222484333
3559.596458398315,5488.320826363426,-1928.724367965111
3553.2032754215143,5436.432080075334,-1883.2288046538197
3535.3798935995587,5712.654104992086,-2177.2742113925274
4056.790913004418,5735.4436460601355,-1678.6527330557174
4046.327829689692,4782.762345902438,-736.4345162127461
4085.948341523842,4384.542280981659,-298.5939394578172
4054.680891458483,5384.808649826343,-1330.1277583678598
4040.330048056874,3795.651880746755,244.67816731011908
4522.490866001672,3838.982760894624,683.5081051070479
4496.2594836613125,5390.643540181707,-894.3840565203946
4497.067353985038,5685.995472610468,-1188.9281186254302
4511.101074209392,4049.582292884895,461.518781324497
4503.485626224405,5194.75377079225,-691.2681445678454
4894.993448975072,5366.193576501848,-471.20012752677576
4903.536800708292,5066.109121859693,-162.5723211514014
4888.245808262126,5179.489962507837,-291.2441542457109
4893.079519419046,5249.782414389377,-356.7028949703308
4898.788116447106,5501.180768469897,-602.3926520227906
4846.046331760886,3783.8872969268273,1062.1590348340583
4886.565374664114,5450.228814941562,-563.663440277448
4896.579441058136,4492.839198813954,403.7402422441819
4907.850915703413,5585.297930533192,-677.4470148297787
4871.788075104819,5368.560259623596,-496.77218451877707
5380.564968282139,5148.1655789008055,232.3993893813331
5353.03412814618,4744.395005625681,608.6391225204989
5366.487535769882,5443.474111614158,-76.98657584427565
5378.324313495082,5498.159377415812,-119.83506392073014
5393.077661306894,5003.7488698155,389.32879149139353
5368.794766809015,5390.9880043058065,-22.19323749679188
5368.288703038908,5112.0080224341145,256.2806806047938
5347.912376645704,5649.1176743814285,-301.20529773572434
5545.022030178473,4061.3478245075507,1483.6742056709222
5469.479668655599,4640.406827365064,829.0728412905355
5407.928010964114,5455.248748956634,-47.32073799251975
5449.711603360474,4702.204690875602,747.5069124848724
5423.736185492805,5468.802312180132,-45.06612668732669
5438.07990246733,5533.970239053356,-95.89033658602602
5439.201232273386,5438.512775160306,0.6884571130804034
5423.3489652343305,5423.135669356396,0.21329587793479732
5435.301226565987,5101.71820376776,333.5830227982269
5450.493888377617,5359.745217807474,90.74867057014308
5378.483264026011,5040.010966659565,338.4722973664457
5379.662775157395,5457.011537103351,-77.34876194595563
5355.516544722102,5556.301195631863,-200.7846509097617
5340.854197009386,5581.313937815305,-240.45974080591895
5365.20952729566,3040.700800549835,2324.5087267458252
5354.197064672562,5651.674024312864,-297.4769596403021
5342.821939608632,5421.000121120032,-78.1781815114
5340.872064655718,3792.8628211165683,1548.0092435391493
3008.063450221921,5474.904443234531,-2466.84099301261
3000.084140533274,5664.269033909078,-2664.1848933758038
2995.840613845256,3808.1937504327207,-812.3531365874646
3936.3978183803556,4479.172942983081,-542.7751246027256
3911.9778517930386,5614.322332772605,-1702.344480979566
3947.7544842701136,4788.257307729112,-840.5028234589981
3910.0770547292127,5478.77571759422,-1568.698662865007
3959.9630754003465,3965.511380918844,-5.5483055184977275
3927.7427289856914,5424.074701276839,-1496.3319722911474
3926.013516493737,5477.299394674423,-1551.2858781806858
3943.03036694373,5449.463750040142,-1506.4333830964124
3938.8561875488977,5631.416214616443,-1692.560027067545
4801.622383721428,5377.694555672379,-576.0721719509502
4802.636708251041,5527.098710117715,-724.4620018666747
4802.980484236096,5323.952377569092,-520.9718933329959
4789.764089945725,5080.66989881283,-290.9058088671054
4805.51354041597,5128.2262949988635,-322.71275458289347
4799.593704971105,5325.862934423495,-526.2692294523904
4793.487583717303,5262.728234375147,-469.2406506578436
4825.469266357129,3831.307730231988,994.1615361251406
4807.835285979111,3807.412852989324,1000.422432989787
5488.21210549256,5289.464379560439,198.74772593212128
5454.635731452191,2998.5057550988045,2456.1299763533866
5464.626421148054,5014.015047635004,450.61137351305024
5476.377335793509,5668.1448649974645,-191.76752920395575
5464.763893211791,5797.968180772895,-333.20428756110414
2998.798680610817,5262.618184655616,-2263.8195040447986
3015.4435780060303,5653.026056281509,-2637.582478275479
3836.691115545743,3840.44448192212,-3.7533663763770164
3816.494698368639,4590.383205914386,-773.888507545747
3796.6258929964188,5434.51812067293,-1637.8922276765115
3810.8043703443536,4595.141206715725,-784.3368363713716
3817.863666045466,4586.566475550815,-768.7028095053493
3806.1411629838985,5376.310884861961,-1570.1697218780628
3804.0434131853217,5555.633609028201,-1751.5901958428794
3805.529582891546,4343.915754067056,-538.3861711755098
4627.639822635673,5036.413029036995,-408.77320640132166
4616.853835674551,5492.7517469768745,-875.8979113023233
4598.197854607107,4724.265787304723,-126.06793269761602
4618.481275433236,5755.897410546311,-1137.4161351130751
4618.751598301308,5605.275160933228,-986.52356263192
4606.948662172059,5511.58312928735,-904.634467115291
4600.34482808726,5628.072692010688,-1027.7278639234282
5212.3395294672,4764.573047719099,447.7664817481009
5202.28927841737,4730.322243562922,471.9670348544478
5216.692876899984,5179.025942848527,37.66693405145725
5185.549010010857,3794.8616103709874,1390.68739963987
5207.498633367752,5342.330554462618,-134.83192109486663
5211.982808836299,5456.591830423076,-244.6090215867771
5197.159447573463,3932.3554291869305,1264.8040183865323
5210.467115325527,3818.12056067435,1392.3465546511766
5417.088797362207,5505.9512109540865,-88.86241359187989
5413.155414234935,5104.48323130212,308.6721829328153
5192.151983709963,5721.753452228416,-529.6014685184527
5212.311568267363,5681.085458931546,-468.77389066418255
5202.479360108063,4744.009090418844,458.4702696892191
5181.295123321006,5470.919826622099,-289.6247033010932
5200.742746356841,5680.343779980613,-479.6010336237723
5197.608760127797,4505.330903422173,692.2778567056239
5208.243186438766,4799.487963722141,408.7552227166252
5197.924694596695,5358.363257665787,-160.4385630690922
4610.033564554322,4606.092426738071,3.9411378162512847
4605.4067939359575,3809.9673698283746,795.4394241075829
4625.0387940846995,5502.3685265273825,-877.329732442683
4622.018282290064,5694.408913166672,-1072.3906308766082
4651.278784537536,5287.922273563004,-636.6434890254677
4611.2041696140195,5387.362848171331,-776.1586785573118
4622.649596962267,5377.649688889662,-755.0000919273944
3819.876919233844,5387.739674230535,-1567.8627549966905
3783.511060387983,4816.548180397924,-1033.0371200099407
3812.567990313144,5664.099396028416,-1851.5314057152718
3830.1446625851586,5412.820859784873,-1582.6761971997148
3813.815059931672,4833.696750156682,-1019.8816902250105
3795.5217220437644,5033.591256764677,-1238.069534720913
3806.3622781864024,5561.632039622523,-1755.2697614361205
3815.5109866844464,3019.401055448606,796.1099312358406
3025.149860407146,5759.220227450067,-2734.0703670429207
3010.722135469768,5270.5753716672125,-2259.8532361974444
5049.038748808146,5175.593407998486,-126.55465919034032
5059.513554566822,4719.119233698032,340.3943208687897
5035.250680786623,4569.742365224424,465.50831556219873
5347.724650574631,4583.159964084016,764.5646864906148
5362.974169911998,4829.262377464548,533.7117924474496
5367.036017167532,5362.206464896161,4.8295522713706305
5383.544707329651,5695.546727197372,-312.0020198677212
5372.24111709274,5183.947230044459,188.29388704828125
5371.316698381305,5635.382808804076,-264.0661104227711
4740.265575933033,5066.307616276025,-326.04204034299255
4722.392281592361,4800.169724560783,-77.77744296842229
4741.73342192062,5381.315225909448,-639.5818039888281
4748.483504459922,5410.667029633749,-662.1835251738266
3003.75685637768,5357.2822871067165,-2353.5254307290365
3548.772226486464,5242.16638075472,-1693.394154268256
3539.9446253841597,5372.844276711968,-1832.899651327808
3548.1161693703943,5356.400870503448,-1808.2847011330532
3555.8215395659577,4583.053712032715,-1027.2321724667577
3575.1309245914445,5064.592812995614,-1489.4618884041693
4044.023764495705,5165.890514016704,-1121.8667495209993
4035.265591160769,4958.750336258662,-923.4847450978932
4038.3778915483167,4773.467090516606,-735.0891989682891
4041.6583323994296,5427.6526515149735,-1385.994319115544
4025.9383970016866,3908.447236383793,117.49116061789346
4499.7778152875,5491.016597906528,-991.2387826190279
4502.701350915148,4731.560446174104,-228.85909525895568
4490.433373524801,5119.233421528251,-628.8000480034498
4506.978410386337,5351.499489157705,-844.5210787713686
4499.808864195611,4794.425647090513,-294.6167828949019
4882.166527055287,4781.723238789027,100.44328826625951
4884.411383440897,4790.295703354828,94.115680086069
4915.957195844178,5688.646386602982,-772.6891907588033
4883.9305578626345,5180.945737176543,-297.01517931390845
4870.047988277928,5258.957699012287,-388.90971073435867
4891.401241776411,5378.495921857211,-487.0946800808006
4902.411242110977,5611.68885221889,-709.2776101079135
4900.264639752928,5097.612434445573,-197.34779469264504
4879.36597062548,4787.908541482638,91.45742914284256
4880.009083646557,4592.359223828688,287.6498598178687
5380.564968282139,4598.883095304127,781.6818729780116
5361.481193493924,5632.330722025635,-270.84952853171035
5363.499822202034,3556.408276020553,1807.0915461814811
5382.807742666382,5192.198244478498,190.60949818788413
5378.902581204419,3832.7853696686834,1546.1172115357358
5374.243540505337,5583.157480059998,-208.91393955466174
5348.048896282273,5500.709098954105,-152.66020267183194
5361.313277701474,5514.346770911891,-153.03349321041696
5510.629166119205,5591.646055429037,-81.01688930983164
5419.3259976586505,5643.603007647448,-224.27700998879754
5427.330108686481,5447.577515608682,-20.247406922200753
5427.541897422695,5736.784117604983,-309.2422201822883
5418.466586315457,5039.23584042476,379.2307458906971
5428.224702248396,5652.033885790828,-223.80918354243204
5425.398902649018,5360.992861856061,64.40604079295736
5440.076508276034,5495.990631925252,-55.91412364921871
5459.266830661796,4765.151251585749,694.1155790760467
5467.612404196379,4877.962392091566,589.6500121048139
5344.195710580968,3021.486803309282,2322.708907271686
5351.984013753436,5791.501622834728,-439.517609081292
5370.858760903688,5369.648224100824,1.2105368028633166
5353.313034937104,4576.461960497537,776.8510744395671
5377.541717334022,5186.821092952344,190.72062438167814
5378.229888217606,4822.457641593362,555.772246624244
5342.662125555791,5141.518292896906,201.143832658885
5361.516803402314,3006.541760520959,2354.9750428813545
3010.2479601829814,5764.479103841027,-2754.2311436580453
2994.3287720807975,5338.935010332768,-2344.6062382519704
2999.596791280382,5611.460425680282,-2611.8636343999
3926.4145313622867,3937.726734576197,-11.31220321391038
3929.568325498079,4777.258500385994,-847.690174887915
3929.526648080384,5150.159606009233,-1220.6329579288495
3920.137598899861,5462.318524334599,-1542.1809254347377
3916.9611686304984,3916.650721870994,0.3104467595044298
3933.426928477465,5466.243880859153,-1532.8169523816882
3926.6948287267414,3926.0709746578154,0.6238540689259935
3938.8561875488977,5174.303001910855,-1235.446814361957
3936.203027536237,5670.0350327165,-1733.8320051802625
4798.817912480216,5171.256615798541,-372.43870331832477
4797.884983672013,5656.956710900102,-859.071727228089
4828.203638855867,4818.2327377043075,9.970901151559701
4828.813720518597,5604.845105436399,-776.0313849178019
4795.946320357169,5796.95070267829,-1001.0043823211217
4787.824058622861,5663.052340006804,-875.2282813839429
4818.890380351489,5586.669012441107,-767.7786320896184
4790.1300565940255,3809.8806931492277,980.2493634447978
4795.135013865708,4597.699136577531,197.43587728817693
5467.654115457189,4868.189039897407,599.4650755597813
5480.617290145844,5187.6268202204765,292.9904699253675
5492.841604396536,5757.36500150623,-264.5233971096941
5483.1866652728,4803.653168650246,679.5334966225546
5505.629209051335,5550.646899704907,-45.01769065357166
3026.8844775051357,5388.081211490341,-2361.1967339852054
3018.4436691540404,4904.672824190355,-1886.2291550363143
3819.066736522784,5508.2392163462655,-1689.1724798234814
3817.7268689975194,5872.0639973622765,-2054.337128364757
3803.147823268908,5320.22999518402,-1517.0821719151118
3810.567624927208,3930.955734791835,-120.38810986462704
3822.4579296155443,5162.244256673494,-1339.78632705795
3825.0536481233075,5669.196786939139,-1844.1431388158317
3804.033082424999,5380.749974080195,-1576.716891655196
3819.706863243606,5175.066463279679,-1355.3596000360726
4634.65772001944,5330.881801199316,-696.2240811798765
4603.108295561334,5659.412891461655,-1056.3045959003211
4606.715748660431,5128.988808757348,-522.2730600969171
4604.432570811189,5702.759730063286,-1098.3271592520969
4607.376945466013,4483.693722728196,123.68322273781723
4613.988322847396,3815.733189367085,798.2551334803115
4592.533393133695,3925.1065711655992,667.4268219680962
5215.437862448398,5756.2835361410025,-540.8456736926046
5183.4330996805675,5477.863492798831,-294.43039311826396
5189.81625302443,5501.785552866103,-311.9692998416731
5211.982808836299,3560.6119599471585,1651.3708488891407
5192.563726143379,5007.896280974327,184.66744516905237
5183.431201290536,5017.915623144664,165.5155781458716
5221.347097815058,5348.369028570595,-127.02193075553714
5194.161867843573,4589.296225569619,604.8656422739541
5403.471209171876,4589.921514511376,813.5496946604999
5408.896781955433,4587.8405680761225,821.0562138793102
5202.939494592823,5155.216617414381,47.722877178442104
5202.056793115983,5408.301602112396,-206.24480899641276
5196.414977553835,5378.853022324347,-182.43804477051162
5216.719995429363,5643.708744476305,-426.98874904694185
5191.596214091831,5356.938393795273,-165.34217970344253
5240.781977571519,5484.573683590102,-243.79170601858277
5213.071735392007,5525.1584506335985,-312.08671524159126
5201.472013332498,5440.3595851243845,-238.88757179188633
4613.271933676122,4607.3378259281535,5.934107747968483
4591.891892088625,5645.06705972194,-1053.1751676333142
4613.181241073988,5592.129249089003,-978.9480080150151
4609.681976424149,5714.226793871858,-1104.5448174477087
4619.72235126628,4976.267924245555,-356.54557297927477
4603.770821354524,4798.799829671033,-195.02900831650913
4598.96055814844,3020.9300202885292,1578.030537859911
3814.203652861009,5153.239122150747,-1339.035469289738
3794.2295160371423,4085.867334240685,-291.6378182035428
3817.3674583604125,4791.059109618187,-973.6916512577745
3820.609559723853,5326.649032396169,-1506.0394726723157
3814.6273864774025,5519.883366395702,-1705.2559799182995
3804.750903248442,5793.406461430048,-1988.655558181606
3814.3112359869015,4609.9614433326105,-795.6502073457091
3813.7907896887746,5672.059278928851,-1858.2684892400766
2996.7697424625144,5312.518519540358,-2315.748777077844
3015.695591837011,5667.231360770063,-2651.5357689330517
5053.24999254267,4739.257006845184,313.9929856974859
5065.56533179409,4614.957686197408,450.6076455966813
5053.8724624675615,5613.546200674224,-559.6737382066622
5384.968858798946,5675.890999896063,-290.92214109711676
5372.24111709274,5521.470012755333,-149.22889566259346
5375.088552503497,5250.002285254371,125.08626724912665
5360.596966042551,3818.0537194207805,1542.5432466217703
5373.064858856988,5637.184967621999,-264.1201087650106
5370.482525772253,5259.3193041519435,111.16322162030974
4717.540310652379,5380.310809234542,-662.7704985821629
4715.40440421014,3812.441350186313,902.9630540238268
4702.121491012095,4852.351757900864,-150.2302668887687
4717.049330096953,5653.4116370862475,-936.3623069892947
3006.842752457091,5666.736662594177,-2659.8939101370856
3570.0942043110094,5570.029385454619,-1999.9351811436095
3569.49156080251,5551.700060536318,-1982.2084997338084
3568.5242634091387,5383.143868177406,-1814.6196047682674
3567.8050298231237,5376.3531668718,-1808.548137048676
3557.3365642410004,4358.121774733499,-800.7852104924982
4064.297134070825,5794.320355941208,-1730.0232218703827
4045.5103045518304,3809.1948686949395,236.31543585689087
4058.43219690563,5110.233287941601,-1051.8010910359708
4039.965379661047,5146.22237228972,-1106.2569926286728
4069.044055221035,5448.74907864776,-1379.7050234267253
4502.882816310478,5665.923089199518,-1163.0402728890394
4494.604110083032,4777.114282112153,-282.51017202912135
4504.005595630785,5103.988945355664,-599.9833497248792
4489.475220802909,5167.060497360004,-677.5852765570953
4483.989117780739,5651.1159587810835,-1167.126841000344
4882.91152398703,5135.423423269402,-252.51189928237181
4873.627930980682,5116.462818549212,-242.83488756852967
4901.9005200227375,3824.348128819705,1077.5523912030326
4892.17621477214,5051.240544430753,-159.06432965861313
4893.403800424601,5437.705556257889,-544.3017558332876
4892.452238367797,4348.087440178946,544.3647981888507
4870.456862563544,3808.7255791088787,1061.7312834546651
4892.007994138442,5362.480101549233,-470.47210741079107
4879.1448760808935,4717.6626141422,161.48226193869323
4882.96997715622,5174.636399229512,-291.66642207329187
5380.564968282139,4615.418374488652,765.1465937934863
5350.989041080937,5295.911395788892,55.07764529204451
5376.206506901615,3028.4164787995414,2347.790028102074
5372.144257151251,5346.7999088893,25.344348261950472
5368.43256085059,4806.536455385391,561.8961054651991
5342.549856042606,4502.881593137863,839.6682629047427
5361.868269628855,5101.670932035391,260.197337593464
5348.089512993325,5479.71775654753,-131.62824355420526
5508.3186915538345,5673.150891575922,-164.83220002208782
5436.736030681961,5330.111843406363,106.62418727559816
5440.198442622604,5738.332661831533,-298.1342192089296
5437.899843933853,5366.546825078056,71.35301885579702
5419.452021209608,4955.134255829621,464.31776537998667
5431.00237111547,4965.54361785728,465.45875325819
5432.532762548755,4962.596488521119,469.9362740276365
5430.973833091507,5334.388947355619,96.58488573588784
5435.854015317481,4477.639070429282,958.2149448881992
5461.266745851217,5388.786602248788,72.48014360242905
5379.662775157395,5650.433246447133,-270.77047128973754
5353.8625550338775,5677.287269378528,-323.42471434465097
5348.007409306112,4827.350955724442,520.6564535816697
5358.103831891384,4862.6936108147665,495.41022107661774
5369.15365562031,5372.578971984748,-3.425316364438004
5384.004153261952,4808.771701513756,575.2324517481957
5356.792450290972,5680.114416682255,-323.32196639128324
5353.450493811951,5360.842225449188,-7.3917316372371715
3004.946429935826,5485.492168153621,-2480.5457382177947
2992.5993232652954,4716.2747306702895,-1723.675407404994
3008.63374964379,5147.599503501701,-2138.9657538579113
3941.2589372414614,4836.336155177996,-895.0772179365349
3927.1738754327675,4590.40114603792,-663.2272706051522
3935.004171717037,5341.324446702614,-1406.3202749855773
3946.0478044230804,5447.979550525388,-1501.9317461023074
3932.0581026737505,3812.222389120987,119.83571355276354
3947.181901619714,5474.925291212151,-1527.7433895924369
3940.8258539438316,5183.0560223945995,-1242.230168450768
3938.0949523071545,4508.112419585051,-570.0174672778962
3935.2904810659406,5601.347308548565,-1666.0568274826242
4811.991899218553,5391.980284423219,-579.988385204666
4813.361244778298,5665.856246081939,-852.4950013036414
4810.894254851499,5059.172520324776,-248.27826547327732
4818.259160610093,3030.123236160674,1788.1359244494192
4803.7441709463355,5564.914514665316,-761.1703437189808
4799.915042154353,5046.806291219373,-246.89124906502002
4822.671701058279,5392.227529161086,-569.555828102807
4810.665943813495,5527.0556743765455,-716.3897305630508
4825.783614647679,5355.659124105252,-529.8755094575727
5472.477939740915,3827.9859582278564,1644.4919815130584
5474.275868513401,3553.072412930992,1921.2034555824093
5468.251319577732,4804.612166944742,663.6391526329899
5464.877936691431,4512.458331657766,952.419605033665
5458.183009912887,5095.040867608891,363.1421423039965
3014.3535014355166,5537.650463489449,-2523.2969620539325
3013.251645027747,5541.207364012309,-2527.955718984562
3810.8043703443536,5677.434881092103,-1866.6305107477492
3819.3904986634484,4615.654910142302,-796.2644114788532
3831.230700383591,5041.746553873843,-1210.5158534902525
3825.4308015545334,5458.353332107828,-1632.922530553294
3812.937556282646,5508.931484894144,-1695.9939286114982
3796.7483271081624,5662.205342099828,-1865.4570149916658
3808.91189533813,4584.434320327676,-775.5224249895459
3833.3062878324827,5761.024932472235,-1927.7186446397527
4602.035201486334,4785.903626577596,-183.868425091262
4599.84145622558,4588.55928877911,11.28216744647034
4624.60874484262,4620.525873921192,4.082870921427457
4600.996589804748,5165.730096605323,-564.733506800575
4607.564175615454,3031.506489010828,1576.0576866046258
4595.120086285004,5654.316119757392,-1059.196033472388
4610.2601753656745,4107.45864330653,502.80153205914485
5210.175142191959,4612.985849598644,597.1892925933153
5182.5442685326025,4883.754461768184,298.78980676441824
5205.391796651551,3568.605411095876,1636.7863855556748
5210.467115325527,4593.1883046789335,617.2788106465932
5205.397193628564,5448.499138878105,-243.10194524954113
5194.161867843573,4601.785441470444,592.3764263731291
5200.552380638165,3014.6030706716174,2185.949309966548
5197.460618801646,5373.214576807204,-175.75395800555816
5418.617571919296,5436.637706386245,-18.020134466948548
5432.876895727129,4729.27167758412,703.6052181430086
5202.9152660740965,4593.849986489024,609.0652795850729
5186.287347314268,5249.647059029963,-63.359711715695084
5196.131561241028,5038.410130469441,157.7214307715867
5218.009768955831,5459.56029065371,-241.55052169787905
5194.564713461486,5623.956159213115,-429.39144575162936
5189.192888959539,3928.794022745598,1260.3988662139413
5194.6649149644145,5237.596326778568,-42.93141181415376
5211.002433564665,3830.583036046135,1380.4193975185299
4613.830122547808,5051.817691531538,-437.98756898372994
4595.7017992051415,4584.726698668368,10.975100536773425
4627.421360009681,4738.5616799013405,-111.1403198916596
4578.654498714952,5568.979272032152,-990.3247733172002
4609.436780610874,5663.663192405173,-1054.2264117942987
4608.524523841897,5131.895417408116,-523.3708935662198
4619.1067686937295,5539.252616006003,-920.1458473122739
3805.150452305988,5694.706902351496,-1889.556450045508
3817.2363821612958,5618.8319812573845,-1801.5955990960888
3826.984194151442,5193.432488245601,-1366.4482940941593
3808.5605486776126,5676.989840016296,-1868.429291338683
3816.4281125002267,4982.191628853739,-1165.763516353512
3816.450278095495,5177.114476383582,-1360.664198288087
3817.3006387852265,5792.914310549155,-1975.6136717639283
3798.133363184879,5639.69812856796,-1841.5647653830815
3003.453511955528,5651.60070637738,-2648.1471944218524
3003.244889673447,5361.757445184724,-2358.5125555112772
5031.091820776381,4771.741566711295,259.3502540650861
5067.463189386473,4737.13521284732,330.3279765391526
5052.123116501971,3032.2257791788506,2019.8973373231202
5362.012700546421,4603.046173194772,758.9665273516493
5364.332939649286,4477.920452372364,886.4124872769225
5368.106700089045,4490.966591273077,877.1401088159682
5354.436782980233,4584.993961944579,769.4428210356546
5365.345062267065,5364.879562821806,0.465499445259411
5360.486427111928,5143.92926375643,216.55716335549732
4736.077911749785,4855.756963256186,-119.67905150640127
4724.492510123544,5507.919517238998,-783.4270071154542
4732.127915460775,5567.090610725182,-834.9626952644076
4747.633322015503,3036.140498871542,1711.4928231439608
3004.379587107978,5123.319068947826,-2118.939481839848
3552.245109019171,4341.899828993529,-789.6547199743577
3555.7801834987604,5651.0556216068935,-2095.275438108133
3559.269937430299,5518.407970837443,-1959.1380334071441
3553.2974167831603,5655.817177940145,-2102.5197611569843
3546.270735698404,5636.670405134145,-2090.3996694357406
4045.1472617111126,5378.840986414243,-1333.6937247031306
4047.0155742308048,3811.284223546433,235.7313506843716
4053.8366145297514,5444.599640112713,-1390.7630255829617
4040.0050482014835,3548.0436570839915,491.961391117492
4062.8352433430255,5495.5595498383145,-1432.724306495289
4498.794420202366,5275.566659924225,-776.7722397218586
4535.116729989125,4997.978587507712,-462.8618575185874
4512.436442759723,5203.217536001697,-690.7810932419743
4511.7272520939105,4741.428052414328,-229.70080032041733
4518.441606602782,4498.625940858875,19.81566574390672
4879.835781342632,5377.421459049404,-497.585677706772
4887.8058915641095,5562.558626555366,-674.7527349912561
4880.895530425009,5795.8425688213,-914.9470383962907
4894.025044174509,5386.812914020286,-492.7878698457771
4895.59661912022,4613.510799059047,282.08582006117285
4895.334499491803,5690.078988929493,-794.7444894376895
4895.020969125824,4684.418208525329,210.60276060049546
4890.939750372284,5572.548950305884,-681.6091999336004
4887.275188926802,3013.4875504915594,1873.7876384352426
4890.989491913271,5409.6701159731,-518.6806240598289
5380.564968282139,4806.453121419368,574.111846862771
5385.3416932722785,5463.372440475215,-78.03074720293625
5349.753331701176,5669.614821037206,-319.86148933603
5375.60124714976,4622.643703425049,752.9575437247104
5370.495110369652,5722.732288272724,-352.2371779030718
5353.222625908698,5165.487401356765,187.73522455193324
5371.920467930883,5275.545891543319,96.37457638756405
5348.332321484214,5313.388023637469,34.94429784674503
5511.028229120069,4793.363080920585,717.6651481994841
5436.174062092598,3025.0859965004615,2411.088065592137
5444.129596344187,5110.349489818133,333.7801065260537
5429.802317130363,4860.540422780304,569.2618943500593
5438.07990246733,5443.669176411309,-5.589273943979606
5455.505410459186,4893.647697412707,561.8577130464791
5454.468225679706,5539.761353960903,-85.29312828119691
5423.134732468445,4714.518097460933,708.6166350075118
5433.993072580674,4791.963119094381,642.0299534862934
5445.290625387508,3806.507818794597,1638.7828065929111
5358.6704447699885,5656.00516509867,-297.3347203286812
5372.227807866922,5726.114189201271,-353.8863813343487
5362.398135894238,4790.361621298904,572.0365145953347
5378.49794281281,5146.312828120071,232.18511469273926
5368.369495247944,4512.147940109508,856.2215551384352
5354.2168621380715,5358.2624917274115,-4.045629589340024
5384.263880979426,4332.759556615266,1051.5043243641603
5370.670919960463,5718.9531801446565,-348.28226018419355
2991.215555188025,5245.744551814593,-2254.528996626568
3005.830376294326,5570.494079531546,-2564.66370323722
2989.437924950396,3918.2108439455724,-928.7729189951765
3928.630917626767,3017.47649840123,911.1544192255369
3942.9109380545924,5170.779768598404,-1227.8688305438118
3941.785491169981,5152.051728030161,-1210.26623686018
3903.2233065382434,5564.606337988992,-1661.3830314507486
3936.790241763429,4603.53501299596,-666.7447712325306
3937.49825239134,4599.546904028236,-662.048651636896
3937.789323061298,4354.445770027718,-416.65644696641994
3942.276963431988,5437.310932854712,-1495.0339694227237
3938.357552257737,3815.4739951020315,122.8835571557056
4813.361244778298,5385.930922996904,-572.569678218606
4797.738190473151,4581.437654795842,216.3005356773092
4769.520242322329,5449.980701148483,-680.4604588261536
4810.062237423063,3821.0318710868605,989.0303663362029
4810.602022656951,4486.190135447904,324.41188720904665
4803.959519476435,5731.466092489738,-927.5065730133028
4794.588308007104,5161.043143971202,-366.4548359640976
4816.649794966601,5417.63078358583,-600.9809886192288
4811.045795045019,3959.9852466564116,851.0605483886075
5462.8376199122295,5497.348130448709,-34.51051053647916
5456.311118450203,5048.742145794155,407.5689726560486
5497.842998803388,5463.385110808792,34.457887994595694
5470.88538445846,4499.853085103497,971.0322993549635
5458.148850075533,5331.696367549293,126.45248252623969
3010.746316816066,4789.62748981133,-1778.8811729952636
2998.771316075436,4575.020694893127,-1576.2493788176912
3815.0820152999254,5030.349584802841,-1215.2675695029152
3823.5557036711316,5577.7359136556015,-1754.18020998447
3802.528520664523,4799.3838347267865,-996.8553140622635
3825.004914147198,5246.775442183592,-1421.7705280363934
3812.6748615891624,5013.8791859773555,-1201.204324388193
3814.24413480424,5438.732389603759,-1624.488254799519
3809.86924916451,5805.936926730328,-1996.067677565818
3802.7627138121725,5718.944978249946,-1916.1822644377735
4586.120089359542,4578.374488318162,7.7456010413807235
4588.148452179644,5496.540608101087,-908.3921559214432
4598.999191612334,5322.986678984396,-723.9874873720628
4605.893490209791,5372.970323449293,-767.0768332395019
4609.628497702446,5281.975340397613,-672.3468426951667
4593.860303353333,5143.433150826754,-549.5728474734215
4641.56035623633,5633.363372345914,-991.803016109584
5213.4130814354285,4882.2504868805145,331.162594554914
5217.300767889277,5676.179037872923,-458.8782699836456
5175.711279855743,5495.339370818374,-319.6280909626312
5190.043549412577,5256.174026052314,-66.13047663973703
5186.7893912453355,3927.5957897426324,1259.1936015027031
5189.7849171330745,3810.390166265239,1379.3947508678357
5206.362184196519,4592.632490167897,613.7296940286215
5213.765030904769,5393.10297057605,-179.33793967128076
5421.077131704695,5324.424639494921,96.6524922097733
5432.188275716974,5669.028467441644,-236.84019172467015
5204.266571893988,5230.83329603353,-26.566724139542202
5194.462089697261,3938.3573804696907,1256.1047092275703
5185.427420088171,5582.474772260639,-397.047352172468
5199.081407286099,5679.708309117699,-480.62690183159975
5195.49925510493,5303.470518148651,-107.97126304372068
5244.685908983318,5568.886950160079,-324.20104117676146
5207.944876906811,5455.331214657636,-247.38633775082508
5232.130692217941,5692.201077438586,-460.0703852206452
4606.1955119430895,4844.1322073169695,-237.93669537387996
4627.651456585639,5381.588149498933,-753.9366929132939
4573.233210224004,5562.268210076194,-989.0349998521897
4588.470179678068,5252.799474741624,-664.329295063556
4578.898983949815,5215.767274985462,-636.8682910356465
4633.078454462788,5190.42153780643,-557.3430833436423
4608.318772137184,5357.389088263497,-749.0703161263127
3816.9493423586155,5493.587534347102,-1676.6381919884861
3816.3098155769367,4590.776319620583,-774.4665040436466
3797.349297802405,5656.306119824233,-1858.956822021828
3841.6753605598724,4753.6056888370285,-911.9303282771561
3815.2849995771285,4360.337864850806,-545.0528652736775
3805.64850590136,5352.154166260824,-1546.5056603594644
3830.31531928021,4610.1259615474055,-779.8106422671954
3806.4576916173414,5371.995103135757,-1565.5374115184154
3031.75437750276,4887.277164743284,-1855.522787240524
3008.2217878101596,3030.341598900134,-22.11981108997452
5052.267598703274,4899.945960483264,152.32163822001075
5052.72178229052,5556.263665272435,-503.54188298191457
5037.848812594652,5464.083259417456,-426.2344468228039
5368.7557340111025,4756.053592997851,612.7021410132511
5360.746393331366,5268.423243820491,92.32314951087483
5342.312644165712,4770.41159916425,571.9010450014621
5352.414097094613,5160.07544126706,192.33865582755243
5374.818969756527,5452.722991419539,-77.90402166301192
5370.457396833038,5531.791549784275,-161.33415295123723
4727.25396553771,5179.736726236249,-452.4827606985382
4718.9208919501025,5674.822298163398,-955.9014062132956
4738.592727817697,5147.535182673146,-408.9424548554489
4697.8325715728915,4764.518269193715,-66.6856976208237
2994.8153566048013,4726.283002714724,-1731.4676461099225
3556.6009782883434,5683.264357429699,-2126.6633791413556
3544.0571495495165,5163.162782506984,-1619.1056329574672
3544.9744947586264,3803.8307090885537,-258.8562143299273
3558.710972189531,3935.45115311819,-376.74018092865936
3544.5944316203095,5355.215780405704,-1810.6213487853947
4047.7981468642374,4592.791076704251,-544.9929298400139
4053.844207438655,5659.6626062507485,-1605.8183988120936
4051.7544821683914,5519.933804401384,-1468.1793222329925
4065.843578195733,4495.882315507378,-430.03873731164504
4028.450652705095,3786.6273507857786,241.82330191931624
4487.269651020164,5498.65791075618,-1011.3882597360162
4506.736176877702,5389.440642220173,-882.7044653424709
4490.508796787899,4590.211518380072,-99.70272159217348
4505.253775489581,5017.904707299557,-512.6509318099761
4482.190800334609,5648.620455864341,-1166.4296555297324
4901.478050334895,5606.945229994739,-705.4671796598441
4893.733083641572,3005.308015052731,1888.425068588841
4880.0903328190625,4597.89495010229,282.19538271677266
4904.596693564266,4365.516013983964,539.0806795803028
4893.804582310146,5395.785802044508,-501.98121973436264
4879.720066012127,3803.9243933016487,1075.7956727104784
4905.604765349611,5615.923537587495,-710.3187722378843
4881.00590587956,5712.509235703428,-831.5033298238686
4892.721175033464,4740.235713858591,152.4854611748724
4889.424446296337,5708.782950536865,-819.3585042405284
5380.564968282139,4884.171480714906,496.393487567233
5382.820741880035,5736.198198743742,-353.37745686370727
5350.5083185129115,5376.498424911799,-25.990106398887292
5366.814022672132,3812.11229221832,1554.7017304538117
5385.9757986184195,5358.070761303882,27.905037314537367
5369.186223191099,5524.853311348613,-155.66708815751372
5371.914626249973,5394.136203919923,-22.22157766995042
5404.167142069835,5411.704366656466,-7.537224586631055
5548.95786622763,5467.414257527011,81.54360870061919
5407.928010964114,5632.147217945861,-224.21920698174654
5425.537564134731,4786.44985585692,639.0877082778106
5409.1711080681835,5072.952638605067,336.2184694631169
5452.514868420587,5192.866565662873,259.6483027577142
5453.190972921559,5809.370731977873,-356.17975905631465
5433.137779619301,3801.780078280582,1631.357701338719
5437.483716209002,5391.509618324584,45.97409788441746
5431.6095643568115,5611.787615468358,-180.17805111154667
5442.962435109697,4828.896502464971,614.0659326447267
5355.516544722102,5593.775006285332,-238.2584615632304
5348.007409306112,5317.3248878556105,30.682521450501554
5376.752945874224,3033.3361698720632,2343.4167760021605
5364.455706093873,5529.344459213093,-164.88875311921947
5348.212574120825,5665.692379703333,-317.47980558250856
5385.644709316932,5722.187570404884,-336.5428610879526
5353.527258772674,5706.816558766997,-353.2892999943233
5366.493802941891,5482.111273018025,-115.61747007613394
3007.050619903197,5717.221129795162,-2710.1705098919647
2976.544526436836,5152.867737715345,-2176.3232112785095
2993.8176707632642,5315.580365491733,-2321.7626947284684
3933.3108573536324,5433.530494554422,-1500.2196372007897
3938.306565716561,4594.696760057344,-656.3901943407832
3927.6904413030925,5456.508816895242,-1528.818375592149
3947.9636801119,4847.605526341312,-899.6418462294118
3956.163360852901,5493.522909442475,-1537.359548589574
3941.2859368274635,5447.94331974851,-1506.657382921046
3929.9762213821555,4579.399124737883,-649.4229033557272
3935.453052821822,5172.694285912785,-1237.2412330909629
3960.201752322412,4505.189128955673,-544.9873766332612
4810.894254851499,4588.98759699422,221.90665785727833
4769.520242322329,5345.9687381415815,-576.4484958192525
4796.499347560509,4595.34361636215,201.1557311983588
4783.7063940485605,3922.2780072038927,861.4283868446678
4793.781493229547,5613.382926335382,-819.601433105835
4787.625888739212,4889.133410318454,-101.50752157924126
4806.074381118032,5342.687379823272,-536.61299870524
4802.514243244281,5370.002312033648,-567.4880687893674
4814.624332068066,5744.760474256497,-930.1361421884312
5487.413967205774,4860.28432215115,627.1296450546233
5478.661204196958,4592.14580868284,886.5153955141186
5463.32455910573,4946.1338955911515,517.1906635145788
5461.501504835835,5040.86786393375,420.63364090208415
5466.785008886929,5657.441796503007,-190.65678761607796
3000.332580163459,5229.369729900894,-2229.0371497374344
3016.8606635753513,4759.040748652515,-1742.1800850771633
3804.0434131853217,4584.0502934523565,-780.0068802670348
3816.939792584996,5279.045405696031,-1462.1056131110345
3817.3012813008954,5522.738088572836,-1705.4368072719408
3808.91189533813,5353.942134105967,-1545.030238767837
3805.9464596326816,5156.149036886894,-1350.202577254212
3799.9676062553253,5671.188332095292,-1871.2207258399667
3817.305554520389,5670.312001394368,-1853.0064468739793
3812.6977698177384,5684.635628097182,-1871.9378582794438
4590.352621940654,5498.2837630603035,-907.9311411196495
4611.095203601771,3816.2636821246647,794.831521477106
4598.6185496684775,4344.695879999348,253.9226696691294
4623.4627620559895,4519.076780371169,104.38598168482076
4620.853429763917,5492.433542298483,-871.5801125345661
4599.027670155618,4587.267480913006,11.760189242611887
4611.20793243977,4599.54049988724,11.667432552530045
5207.186457571706,5182.131395270297,25.055062301409635
5177.201400517294,5237.479491232558,-60.278090715263716
5181.485791960795,4460.600885497708,720.8849064630867
5212.311568267362,5608.6267604717605,-396.31519220439804
5185.488237538187,4032.6946462875967,1152.79359125059
5202.056793115983,5019.150399219951,182.90639389603166
5190.713489732673,5724.159892475026,-533.4464027423528
5186.287347314268,5454.975039957903,-268.6876926436353
5428.5521686272505,4352.52805657867,1076.0241120485807
5415.674091140038,5373.690313995566,41.9837771444727
5215.798500237527,5680.1093573024855,-464.3108570649583
5206.398190505304,5503.514860444817,-297.1166699395126
5213.843653960086,5384.850498258495,-171.0068442984084
5207.274731592834,3023.163860164752,2184.1108714280817
5219.586573575084,5453.870571227734,-234.2839976526502
5219.165325259379,5700.276924836634,-481.1115995772552
5195.248313735019,5363.089664452547,-167.84135071752826
5182.194195446251,5415.620628380608,-233.42643293435685
4605.732110146443,5583.7551972193405,-978.0230870728974
4604.255384956651,5794.74660932413,-1190.491224367479
4614.396910830088,4876.029275972324,-261.63236514223627
4601.241871653391,4730.784118016841,-129.54224636344952
4601.381301596688,4472.147478090223,129.23382350646534
4587.886755655908,4770.751567116844,-182.86481146093593
4603.9359492507865,5087.87905010777,-483.9431008569836
3818.878771407667,5177.711178377098,-1358.8324069694308
3817.3006387852265,5441.886089801213,-1624.585451015986
3804.825413864616,5263.970251186978,-1459.144837322362
3806.8229252156684,3812.126337541984,-5.303412326315538
3814.707004712144,5399.0244206456655,-1584.3174159335213
3832.4376177062345,5420.977798723188,-1588.5401810169537
3801.9973798604574,5240.301764809008,-1438.3043849485507
3812.984388993974,5528.198983916719,-1715.2145949227452
3005.0660992437574,4957.803053144268,-1952.7369539005108
3007.1760880177612,5408.013158890564,-2400.837070872803
5040.831690829652,4770.5985402045,270.2331506251521
5064.519803779699,4888.909855345796,175.6099484339029
5086.604147331577,5480.61102383467,-394.0068765030928
5363.683281068581,4779.716540943087,583.9667401254937
5358.963487230598,5263.639777587042,95.32370964355596
5363.305798827131,4601.008589434092,762.2972093930393
5360.85526080722,5353.646406376711,7.208854430508836
5386.39347005862,5585.7085858757855,-199.31511581716586
5401.765719689357,4818.7158656404745,583.0498540488825
4715.423677546486,5383.155396041715,-667.731718495229
4727.2562989038925,4719.0767557086565,8.179543195235965
4725.35959855467,4808.630850407825,-83.27125185315526
4715.402640436181,5602.167574401862,-886.7649339656809
2998.723636123956,4722.5039293721875,-1723.7802932482314
3546.6857249622094,5679.990432845178,-2133.304707882968
3572.810414605,4111.536961361279,-538.7265467562793
3565.168112089128,5552.060830149657,-1986.8927180605288
3554.243314671676,5133.814049389199,-1579.5707347175226
3549.8186305083414,5428.307176904843,-1878.4885463965015
4063.747112612081,5316.877400425734,-1253.130287813653
4073.5972766013274,4065.69324221239,7.904034388937362
4058.994419907146,5444.873629928916,-1385.8792100217697
4062.103160899123,5240.386102001475,-1178.2829411023517
4069.837489595072,5031.518110952471,-961.6806213573991
4501.4688600113495,5282.639633072709,-781.1707730613598
4508.297068260511,5068.536865219023,-560.2397969585118
4519.211566414724,5477.385888185412,-958.174321770688
4515.570108109552,5398.793942180325,-883.2238340707727
4492.644196233218,3016.9393413494913,1475.704854883727
4890.939750372284,5685.962145883001,-795.0223955107167
4891.786541432885,5490.500140219796,-598.7135987869106
4887.158493843233,5148.26668297692,-261.1081891336862
4912.768797157572,3834.2343615871982,1078.5344355703742
4879.5345470748725,5654.508540028356,-774.9739929534835
4891.614144501119,4350.57382647755,541.040318023569
4879.544127108925,5651.458087981474,-771.9139608725491
4913.309486575676,5541.674199722609,-628.3647131469334
4885.378616239122,5361.833957194758,-476.45534095563653
4867.855407912405,5489.4931666440225,-621.6377587316174
5380.564968282139,5573.860964256486,-193.29599597434753
5372.352676142811,5071.191061658919,301.16161448389175
5360.311120985036,5612.301909386194,-251.99078840115817
5373.855316809004,5449.367468446777,-75.51215163777306
5349.742492642011,5353.199943514176,-3.457450872165282
5328.521425844179,5303.839046096292,24.682379747887353
5378.919997909254,4970.340482499159,408.57951541009425
5379.36749142481,3820.0613004394295,1559.306190985381
5519.531134235476,4614.394084953589,905.1370492818869
5442.553324855526,5865.167878381496,-422.6145535259702
5444.0038741205135,5610.049079570403,-166.04520544988918
5447.971430078478,5490.593167740082,-42.62173766160413
5446.880277429816,4494.124346736234,952.7559306935818
5429.300396278002,4335.388897985385,1093.9114982926176
5436.2589791972105,4481.252349511647,955.0066296855639
5455.105773448541,5683.867330293321,-228.76155684478
5431.9665907970975,4801.077403318546,630.8891874785513
5456.445818785938,4031.484325738474,1424.961493047464
5370.943394673155,4743.174855574195,627.76853909896
5364.501332803175,4712.479932621907,652.0214001812674
5376.17944091759,5628.907977096475,-252.7285361788854
5355.2120508387525,5532.250069603723,-177.03801876497073
5380.976409991585,5402.394957849485,-21.418547857900194
5355.806214136557,4035.985177845487,1319.82103629107
5352.980331770445,5651.3724171905615,-298.392085420116
5357.20586940209,5445.584044388667,-88.3781749865775
3008.748693545246,5440.447929349231,-2431.699235803985
2995.6922145199455,5589.158129467148,-2593.4659149472022
2996.5027392096395,5588.6581245231155,-2592.155385313476
3928.8340750199327,4599.194559189914,-670.3604841699812
3928.7549005444353,5794.524548135075,-1865.7696475906396
3926.7709386152,5405.225624685905,-1478.454686070705
3953.8754954547276,5252.422200009501,-1298.546704554773
3934.7373489408537,5483.760840852229,-1549.0234919113755
3927.3174164569073,5463.2679200418015,-1535.9505035848942
3934.861053359485,4599.776131684429,-664.9150783249438
3924.92924274157,5662.00134267332,-1737.0720999317505
3956.4492802786986,5459.125501136323,-1502.6762208576242
4818.259160610093,4607.581603778496,210.67755683159703
4810.062237423063,5270.717693530465,-460.65545610740173
4783.7063940485605,5388.978637319077,-605.2722432705168
4795.873171925242,4588.509879370478,207.36329255476358
4800.121334909953,5267.480622503867,-467.3592875939148
4799.670726163505,5154.655848675012,-354.98512251150714
4805.683561091459,5446.499561721741,-640.8160006302824
4804.7812922625335,5437.739188494684,-632.9578962321502
4787.413390669299,5029.720163817956,-242.30677314865716
5506.923392606279,5478.4683172902305,28.45507531604835
5467.13651069628,5479.329394943801,-12.192884247520851
5454.327465951543,3016.9135758754505,2437.4138900760922
5453.363249854914,4577.272276269119,876.0909735857949
5475.511347290748,5520.04028427378,-44.52893698303251
3007.692676894254,5511.684747075721,-2503.992070181467
3007.652943141114,5445.3900558692385,-2437.7371127281244
3807.083052417724,5669.334674529427,-1862.2516221117025
3789.254166605225,3917.324694575432,-128.07052797020742
3807.924967962441,4608.030425901724,-800.105457939283
3804.351656537427,5683.5333800841145,-1879.1817235466874
3810.5793339062934,4474.65910069779,-664.0797667914962
3817.870610584312,5713.183208950361,-1895.3125983660493
3812.56661329151,5159.378837414997,-1346.8122241234873
3808.848581166946,5774.87800453634,-1966.029423369394
4615.034522130323,4798.567287955369,-183.53276582504532
4602.929957140038,5496.745498251166,-893.8155411111284
4605.443884635994,5621.867623359498,-1016.4237387235034
4583.706705247814,5565.83875812303,-982.1320528752158
4619.967366612556,5136.790861265039,-516.8234946524826
4603.285112397317,4596.237261479584,7.047850917732831
4631.275845401719,3959.6090738308912,671.6667715708281
5215.775175777008,5145.434212637755,70.34096313925329
5206.48919852473,4801.535216553582,404.9539819711481
5210.226490595912,5322.911356902815,-112.68486630690313
5181.295123321005,5678.658439023349,-497.36331570234415
5201.689478249816,4352.934253874048,848.7552243757673
5216.719995429364,4615.046396998731,601.6735984306324
5212.078363146793,4902.598859249426,309.47950389736707
5218.0097689558315,4596.1578748593065,621.851894096525
5435.736329762505,5449.2045690735795,-13.468239311074285
5422.789740653257,5479.410136277813,-56.620395624556295
5201.06309437552,5484.132463267957,-283.0693688924366
5207.274731592834,5196.536163885895,10.738567706938738
5205.714580659954,3946.7927392254255,1258.9218414345282
5186.045260690195,5429.379703607553,-243.3344429173576
5201.62997693836,4503.199952511606,698.4300244267542
5235.136308416054,3854.2434655689326,1380.8928428471213
5186.970864166985,5263.300323951946,-76.32945978496082
5178.685155285389,4715.766302770749,462.9188525146401
4608.356822735923,5276.264764107375,-667.9079413714526
4611.719877872584,3802.9812137360996,808.7386641364847
4622.784915062966,5499.543442495801,-876.7585274328349
4612.339026721892,5340.495339387423,-728.156312665531
4605.980845271427,5123.96492817037,-517.9840828989427
4617.010494153869,4883.511547507616,-266.501053353747
4610.184945407385,5564.292206640443,-954.1072612330572
3817.9854899628076,3021.2883797064765,796.6971102563311
3818.016918002762,5469.753604046594,-1651.736686043832
3815.8549908764926,4604.589128233106,-788.7341373566132
3802.067032167668,3004.386370630308,797.6806615373598
3789.6044522009283,5238.128895698783,-1448.5244434978545
3805.6491938171075,4339.260279396527,-533.6110855794195
3805.0225299394087,5789.2206048449625,-1984.1980749055538
3812.491448951475,4873.885208572095,-1061.3937596206197
3003.7550008282074,5504.249549398145,-2500.4945485699377
3002.9692673648565,5356.005899711563,-2353.0366323467065
5043.731538385774,5468.688493980135,-424.9569555943608
5048.13989307542,4350.164945128611,697.9749479468092
5054.991177073233,5596.215539811604,-541.2243627383705
5363.249157854193,4588.918318231213,774.3308396229804
5360.101277674546,5003.522161361441,356.57911631310435
5377.7033982167395,3028.747319381006,2348.9560788357335
5343.77201431291,4783.113844543368,560.6581697695419
5377.667682600685,5281.507990054652,96.15969254603351
5362.775782651393,5155.428696098427,207.34708655296527
4736.867537145599,3828.3790434350053,908.488493710594
4726.061015923187,5160.193308681192,-434.13229275800495
4731.65946814704,5660.56437571851,-928.9049075714702
4723.1815615776395,4579.841993484706,143.3395680929334
3002.9709140935634,5685.1977251494945,-2682.226811055931
3562.3102274892435,5171.242972637589,-1608.932745148346
3561.234975467343,4357.037552370119,-795.8025769027759
3568.819955196639,5173.47035839961,-1604.6504032029707
3567.147133811369,4883.589940059493,-1316.4428062481238
3559.719639555904,5508.91768973047,-1949.1980501745657
4050.0732074323346,5348.211131353559,-1298.1379239212242
4038.6068214124307,5498.528230524744,-1459.921409112313
4049.0785208735833,5125.3283588288805,-1076.2498379552972
4071.1820886430564,5383.426043386801,-1312.2439547437448
4041.7830795527916,5426.56265490493,-1384.7795753521386
4493.6798232939,5587.404108598138,-1093.724285304238
4512.525580578859,5502.577521127358,-990.0519405484984
4492.879664494301,5663.28202870458,-1170.4023642102784
4497.440870801319,4905.832752796449,-408.39188199513046
4506.103542534078,4917.4855000075195,-411.3819574734416
4872.850560014827,5161.106766563005,-288.25620654817794
4859.46021980124,5148.276752623764,-288.8165328225241
4886.3321767296575,5735.854724042171,-849.5225473125138
4910.480801233863,3949.7681262827973,960.7126749510653
4865.028198300853,5486.75905918407,-621.7308608832172
4895.914483784672,3819.817973627942,1076.0965101567294
4867.509710231262,4030.2115860667823,837.2981241644798
4893.488131208387,5454.489901057938,-561.0017698495512
4882.814331912753,5402.8560965583565,-520.0417646456035
4889.951977035339,5666.9248929070245,-776.9729158716855
5380.564968282139,5397.936520530826,-17.371552248687294
5349.551359892369,5332.222328982588,17.329030909781068
5359.4723205226965,3939.909609711715,1419.5627108109816
5349.496261938989,3792.60388550626,1556.8923764327287
5388.5731222915065,5507.473702689483,-118.90058039797623
5357.0611188395105,5655.409789351292,-298.34867051178117
5347.912376645704,5649.117674381428,-301.20529773572343
5378.08469491781,5680.835639204683,-302.75094428687225
5493.4815830264215,4481.828450991515,1011.6531320349068
5432.519986745014,5363.783513122341,68.73647362267275
5425.042628999947,5703.62079046801,-278.5781614680627
5445.4410252339,5518.427450713227,-72.9864254793265
5439.201232273386,5338.725373987949,100.47585828543743
5454.468225679706,5384.808730111958,69.65949556774831
5421.043192232976,5006.124594831574,414.9185974014026
5435.860512555382,4588.787502914147,847.0730096412353
5452.098494813907,5675.903584783838,-223.80508996993103
5442.675407745561,5119.599226744394,323.07618100116633
5340.854197009386,5564.880784709019,-224.02658769963364
5358.103831891384,5224.121823746334,133.9820081450507
5364.455706093873,5458.406814745453,-93.95110865157949
5341.376309614685,5639.892807259685,-298.5164976449996
5348.926168793763,3806.548246089137,1542.3779227046261
5361.414139078959,5175.698934745106,185.71520433385285
5356.690667614478,4591.429578188967,765.2610894255113
5368.313475908014,5376.605202987745,-8.291727079730663
2989.437924950396,5153.5946937376775,-2164.1567687872816
2998.0773545323877,5460.730611703262,-2462.6532571708744
2988.6340088652364,4721.859884050607,-1733.225875185371
3931.616188368744,5676.300987900328,-1744.6847995315843
3926.013516493737,4342.676605046989,-416.6630885532518
3946.965796317795,5384.083120942291,-1437.1173246244962
3936.4136241398664,5807.1725535047935,-1870.758929364927
3935.228457638203,5001.842788156887,-1066.6143305186838
3936.3899388983286,5652.02423462798,-1715.6342957296515
3947.0981469897097,4106.575952721646,-159.47780573193631
3949.9861090016957,3018.7369189134693,931.2491900882264
3922.9955755381156,4495.989497532845,-572.9939219947296
4803.7441709463355,5479.411092237722,-675.6669212913866
4810.602022656951,3955.050594304478,855.5514283524726
4793.781493229547,4591.567687592471,202.2138056370759
4800.121334909953,4481.790259602912,318.3310753070409
4802.763328598825,4952.3405043274115,-149.57717572858655
4813.675079600398,5169.942146549218,-356.2670669488198
4798.3135463758335,5663.328635791381,-865.0150894155477
4791.658701127085,5668.627282826097,-876.9685816990122
4818.657491702362,5741.393478201777,-922.735986499415
5465.24634088811,5442.186725583991,23.05961530411969
5462.715775195275,5653.428842237046,-190.71306704177186
5480.640623968056,3816.1790681960038,1664.4615557720526
5459.909703902027,5274.122699094368,185.7870048076593
5455.3855953219945,5149.382335084335,306.00326023765956
3000.9852681278894,4860.479366145475,-1859.4940980175857
3029.216847931517,5218.024793405488,-2188.807945473971
3817.7103973475832,5392.831836724891,-1575.121439377308
3822.1498028330325,3946.6337117946728,-124.48390896164028
3819.1581794801764,5609.295943107865,-1790.1377636276889
3792.961862758592,5467.3257078317065,-1674.3638450731146
3815.025052379481,4871.576664369722,-1056.5516119902404
3806.1526169464246,5231.647893135212,-1425.4952761887876
3811.951765274803,5683.581292232483,-1871.62952695768
3837.8838533400963,5192.66789076391,-1354.7840374238135
4607.717753201164,5515.704251566581,-907.986498365417
4608.471350681605,5515.92880663626,-907.4574559546545
4611.296078080318,4802.846091769111,-191.55001368879311
4612.443953723537,3815.0104307094266,797.43352301411
4602.513597074389,3807.648424270887,794.8651728035015
4623.944068564653,5499.9757515756055,-876.0316830109523
4605.367870961299,4088.064005897597,517.3038650637018
5184.084773188881,4779.4327660781755,404.6520071107052
5197.077880145648,3813.5158450598774,1383.5620350857707
5213.00028611972,5453.689357152527,-240.68907103280708
5197.608760127795,5049.202774936722,148.40598519107334
5213.640506948775,5526.958657923077,-313.3181509743026
5240.781977571519,5699.861525647945,-459.07954807642636
5203.214280255244,5186.395828173916,16.81845208132836
5189.192888959538,4500.141820184143,689.0510687753949
5404.9113645009365,3809.602374872117,1595.3089896288197
5465.057228924857,3856.9334078858506,1608.123821039006
5230.355918262947,5300.163566944849,-69.80764868190181
5219.165325259379,4809.70797313977,409.4573521196089
5208.950739959863,3940.534610252519,1268.4161297073442
5235.136308416054,5208.385099026881,26.7512093891728
5207.544981916369,5027.221337200305,180.32364471606343
5193.815312424381,5506.4358992379675,-312.62058681358667
5187.842662022333,5356.104594317337,-168.26193229500404
5182.786791058898,3943.5664439531365,1239.220347105762
4597.863615764072,5440.215016021299,-842.3514002572265
4621.215860041984,5443.35029078336,-822.1344307413756
4592.334051904827,5248.988333079432,-656.6542811746049
4608.757427552589,5659.612902529915,-1050.8554749773257
4614.464959203814,5464.120912454579,-849.6559532507654
4579.06192296306,4845.080495723196,-266.0185727601356
4618.619273976548,4809.212609910878,-190.59333593432984
3813.2623734008066,5707.5813307926155,-1894.318957391809
3806.282424975952,5493.069761379071,-1686.7873364031188
3808.3578151775673,5832.534015299981,-2024.1762001224133
3813.841703993609,5398.837661624807,-1584.995957631198
3823.3152791376187,5175.271774693413,-1351.9564955557944
3839.991776589868,3960.6130829252907,-120.62130633542256
3816.4559369840786,4803.658944950292,-987.2030079662131
3824.582700571687,5447.908166371932,-1623.3254658002447
2987.1599010634714,4024.1793038474334,-1037.019402783962
2985.362862564065,5064.546324085444,-2079.1834615213793
5053.253067020142,4735.851366789623,317.40170023051905
5054.393442971201,5362.591419947562,-308.19797697636113
5075.850646837554,5755.8375365739485,-679.986889736394
5390.991731960318,5824.543201733686,-433.5514697733679
5353.92558640367,5645.890871128886,-291.9652847252155
5379.620050308614,4491.259399266052,888.3606510425616
5377.803687807031,4610.823257692212,766.9804301148188
5352.324732605884,5264.795943948143,87.52878865774073
5348.320200283797,5463.806019971661,-115.48581968786402
4737.96255689055,5669.9369799806955,-931.9744230901451
4721.126386623678,5239.279056999121,-518.1526703754434
4689.006191329277,5756.8672249361825,-1067.861033606906
4708.6723080849515,4586.891770992918,121.78053709203323
3014.030872425664,3575.421877880144,-561.3910054544804
3536.8931093857063,4562.461876869438,-1025.5687674837318
3595.188593451194,5715.070842561171,-2119.8822491099772
3572.9032113786216,4588.630689795896,-1015.7274784172741
3552.4548290897083,5059.0502279961875,-1506.5953989064792
3562.981595121593,5573.0686283139285,-2010.0870331923356
4071.1820886430564,4857.077016117164,-785.8949274741076
4070.215159847117,5525.32332994777,-1455.1081701006528
4076.293700430445,5348.061133197474,-1271.7674327670293
4035.658429102305,4026.8782292717055,8.780199830599486
4073.795159988901,5714.236474957784,-1640.4413149688826
4495.821986637459,5360.560231034646,-864.7382443971865
4513.568145367667,4496.854712305929,16.713433061738215
4492.35641467717,5731.716724349676,-1239.3603096725064
4500.83709174448,5369.124462475683,-868.2873707312028
4520.40758808641,4618.656050178605,-98.24846209219504
4901.9007834960685,5592.103250662342,-690.2024671662739
4887.698759117851,5515.915930054414,-628.217170936563
4900.35359879478,4485.424629680541,414.9289691142385
4895.659446107371,5352.1510220704495,-456.4915759630785
4869.471771203647,5637.713163001444,-768.2413917977965
4868.602161911412,5137.193350855935,-268.5911889445233
4870.453609442724,3934.852567732479,935.6010417102448
4878.261724081656,5646.477370974424,-768.2156468927678
4870.105687478354,4569.910810558379,300.1948769199753
4865.375629205976,4494.775627629261,370.60000157671493
5380.564968282139,5379.719290652045,0.8456776300936326
5346.88961256968,3807.466022944378,1539.4235896253022
5376.897517939459,3048.7105514526597,2328.1869664867995
5362.9561959973,3015.2956405463674,2347.6605554509324
5366.115891105997,5507.564825746339,-141.44893464034158
5347.797572409195,5351.933923021473,-4.136350612277965
5355.108235858622,3822.360685384382,1532.7475504742397
5367.6090387316835,5370.479775728374,-2.870736996690539
5557.641108105272,5199.801043539018,357.8400645662541
5435.596442072033,4582.919829119652,852.6766129523812
5445.34469675667,5494.454985128007,-49.11028837133745
5403.097448822499,4702.738551844562,700.3588969779375
5450.402567839633,3016.802452136953,2433.60011570268
5417.454572376327,5773.965483057775,-356.51091068144797
5432.018315012877,5599.488723941568,-167.47040892869154
5446.050116144713,5131.986917640933,314.06319850377986
5439.898590471071,5389.153393334556,50.745197136514435
5443.458577977356,5377.044399120262,66.41417885709416
5361.650902518383,4353.806993228036,1007.8439092903473
5353.126431941441,4902.442146670009,450.6842852714326
5377.82837385267,4755.436598370942,622.3917754817276
5349.730454866674,5376.445149282738,-26.71469441606405
5349.838035187126,5668.875332030851,-319.037296843725
5380.302315219211,5362.837897928361,17.46441729085018
5359.712517226427,5661.615162973458,-301.9026457470309
5355.161383597749,4606.034641497927,749.126742099822
2984.4814321875915,5104.846028680278,-2120.364596492687
2979.0999743759203,4693.789559259822,-1714.6895848839022
3006.678948279715,5013.340709358983,-2006.6617610792682
3923.1024901586065,5407.006895145333,-1483.9044049867266
3934.289044637079,5024.626656795272,-1090.3376121581928
3955.610960126612,5291.517930662018,-1335.9069705354063
3926.2875054520387,4784.794724550569,-858.5072190985306
3941.2704688580343,5377.287047176552,-1436.0165783185175
3914.1703080227426,5066.675879933276,-1152.505571910533
3932.7635058316528,3931.3194594573456,1.4440463743071632
3934.0291184168086,5222.041556619553,-1288.0124382027448
3916.296627208586,5693.663798130824,-1777.367170922238
4799.915042154353,5370.256443251567,-570.3414010972147
4803.959519476435,5658.003365638188,-854.0438461617532
4787.625888739212,3808.8417560493644,978.7841326898479
4799.670726163505,5440.983047949023,-641.3123217855182
4813.675079600398,5365.49814308215,-551.8230634817519
4819.11307695058,4527.544850265472,291.56822668510813
4816.072196208829,5672.699578084066,-856.627381875237
4806.408093595252,5630.699646472292,-824.2915528770409
4784.786613873088,5468.214665981614,-683.4280521085266
5460.346870547866,5252.967382039208,207.37948850865814
5480.917475051801,5615.094690028456,-134.1772149766548
5463.169175420151,4466.158649412608,997.0105260075434
5447.687477488802,5420.111722296861,27.575755191940516
5478.4069703940995,5513.920564455829,-35.513594061729236
3006.400181763854,5442.507590652641,-2436.1074088887867
3011.375256916739,5658.851517677459,-2647.47626076072
3815.7197016968425,5652.5707276005905,-1836.851025903748
3828.543811887585,5029.44894737196,-1200.9051354843746
3777.456361843292,5690.212521980679,-1912.7561601373873
3828.336282466036,5287.431418560689,-1459.0951360946528
3824.2355574477533,5397.532252580743,-1573.29669513299
3810.210328806366,5430.000040324965,-1619.7897115185992
3831.219862737703,3833.0774068271344,-1.8575440894314852
3790.9655664835655,3794.8285901839513,-3.8630237003858383
4588.556783644558,5625.042179733847,-1036.4853960892888
4579.902233696637,3792.7399444924954,787.1622892041419
4608.275371316926,5386.187528357625,-777.9121570406987
4609.270546410882,5708.660057647422,-1099.3895112365399
4631.532844845096,5709.768766770249,-1078.235921925153
4596.037802887614,3540.551194534235,1055.4866083533789
4596.875133096205,5733.378205442456,-1136.5030723462514
5213.202613023146,5191.340625224941,21.86198779820552
5184.345707001485,4334.1507089489305,850.1949980525542
5216.365406886495,5352.481969931505,-136.11656304500957
5197.924694596696,2991.4329737135176,2206.4917208831785
5197.299540710484,5407.957001354501,-210.6574606440172
5201.472013332498,5862.770819462832,-661.298806130334
5207.7784658383725,5587.267389759663,-379.48892392129073
5211.002433564666,3822.2158406132735,1388.7865929513923
5427.35704225171,4599.924823034051,827.4322192176587
5455.78601215948,3834.482167171194,1621.3038449882865
5191.73393066292,4736.485914237728,455.24801642519196
5182.194195446251,4825.3422941527415,356.8519012935094
5201.990743349879,5334.872300682412,-132.8815573325328
5178.685155285389,5236.617010500296,-57.931855214907046
5217.914931261385,5534.312931846156,-316.39800058477067
5182.786791058898,5366.226287555989,-183.43949649709066
5190.190400627314,5498.5723163958955,-308.38191576858117
5184.453592237547,5420.393287404342,-235.939695166795
4616.544132195109,5274.903355259352,-658.3592230642425
4607.312255114228,4510.844351602246,96.4679035119816
4597.010121124372,5481.637562746635,-884.6274416222632
4615.829673259146,5032.591950006563,-416.76227674741676
4599.190641850005,4587.701436433029,11.489205416975892
4586.712546057033,5643.7911231306825,-1057.0785770736493
4605.893694306043,5788.657572219089,-1182.7638779130466
3822.383791545699,5690.932550786103,-1868.5487592404043
3819.161620953973,4615.069809055006,-795.9081881010329
3808.278612402174,3025.6331839190952,782.6454284830788
3821.516776327403,5108.632689565139,-1287.115913237736
3798.038867592263,5046.740297435731,-1248.7014298434678
3817.3422754850358,4737.869291633416,-920.52701614838
3813.775958045471,4344.223202118838,-530.4472440733675
3807.9423263750705,4716.282857516281,-908.3405311412107
3018.535635496182,5315.863846457504,-2297.3282109613224
3021.8372167164266,5669.80000999174,-2647.9627932753133
5059.466563927168,5603.49242232353,-544.0258583963623
5055.82132094088,5806.864609239822,-751.0432882989426
5051.162725527064,4800.387464236755,250.77526129030957
5403.8041332556795,3962.1967628952034,1441.6073703604761
5369.976204602834,5477.896870894832,-107.92066629199871
5356.477193354747,5621.117524792478,-264.6403314377312
5360.169314365358,4714.600812270545,645.5685020948131
5363.792870211237,3025.890691939543,2337.9021782716936
5355.927807207113,4711.113344214279,644.8144629928338
4716.837866486276,5369.476715297849,-652.6388488115736
4760.450925619885,5721.342714562511,-960.8917889426257
4719.661649808752,5435.919366996527,-716.2577171877747
4713.482480629254,5592.021480285324,-878.5389996560707
3007.1363283161963,3018.8025413963774,-11.666213080181024
3541.127042779334,4528.6283517071715,-987.5013089278377
3556.2469553187475,5370.327961376415,-1814.0810060576678
3575.309975948574,5700.199075142867,-2124.8890991942926
3552.8525507695244,5512.809929819676,-1959.9573790501513
3529.482436146003,5145.57879030731,-1616.0963541613069
4071.8861243826473,5655.227677903354,-1583.3415535207064
4031.012370339992,5578.950700953203,-1547.9383306132108
4024.361713403066,5353.822206585089,-1329.4604931820227
4061.7810025762315,4751.464121942873,-689.6831193666417
4045.678403713291,5649.72972188837,-1604.0513181750784
4483.196281128768,5135.055578785846,-651.8592976570781
4524.487531363046,5723.130705794219,-1198.6431744311722
4512.687515009536,5597.411647692695,-1084.724132683159
4518.3670907735095,5375.1260862445,-856.7589954709902
4490.766712468427,5511.639508812064,-1020.8727963436377
4901.36943108501,5030.11222465841,-128.74279357340038
4905.769089517591,5380.8473987863545,-475.0783092687634
4912.304409138986,5479.607803596492,-567.3033944575063
4877.410489723386,5647.110634175569,-769.7001444521838
4869.431252632969,5501.8214655090915,-632.3902128761229
4900.711984289447,5419.555899596892,-518.8439153074451
4868.667647307651,5423.800407290234,-555.1327599825827
4906.450142524887,5381.770846382625,-475.3207038577375
4890.007201537259,5367.596935241361,-477.5897337041024
4873.320653400319,5462.553273775109,-589.2326203747898
5380.564968282139,5457.182017503592,-76.61704922145327
5349.108914628565,3808.115963160672,1540.992951467893
5353.126510680561,4588.087454760854,765.0390559197076
5366.563970136578,5485.74958684671,-119.18561671013231
5355.502995703895,5169.465235670459,186.03776003343592
5365.924116734177,5865.720652032036,-499.796535297859
5372.140879110888,5693.569094178539,-321.42821506765085
5353.285064402344,3800.9564253968156,1552.3286390055282
5506.363100838623,5355.429617157194,150.9334836814287
5449.711603360474,4610.7466690066385,838.9649343538358
5409.1711080681835,3794.1834549218875,1614.987653146296
5426.7129350467085,5220.438888322289,206.27404672441935
5416.633040344337,5715.919209032333,-299.286168687996
5422.19512276908,4597.74722229651,824.4479004725699
5443.288935541206,3563.3257087116663,1879.96322682954
5430.374167645991,5656.038643903712,-225.6644762577207
5416.11466455443,5158.18075605501,257.9339084994208
5460.986801672228,5373.976472179786,87.010329492442
5365.20952729566,4509.490696334809,855.7188309608509
5369.15365562031,3814.9837779737113,1554.1698776465987
5348.212574120825,4827.146365307093,521.0662088137315
5348.926168793763,4966.212397515875,382.71377127788855
5380.782819853772,5413.022157809787,-32.23933795601533
5364.584429696727,4881.287509374893,483.2969203218345
5378.159230328205,4611.62929353983,766.5299367883754
5339.832225762896,3795.5626336196515,1544.2695921432446
2990.524470186423,4777.124656888317,-1786.600186701894
3002.972917134524,5531.615553103806,-2528.642635969282
2993.1044982800004,3809.3851826591776,-816.2806843791773
3931.360106634946,3930.1345446163014,1.2255620186447231
3956.163360852901,5284.428839790833,-1328.2654789379321
3930.0491459866953,5576.103772907834,-1646.054626921139
3934.2397950998925,3932.204069990795,2.0357251090977115
3912.0914847094523,5362.49054857167,-1450.3990638622176
3928.346840130455,5438.457886920791,-1510.1110467903359
3936.3519764615244,5513.151539107282,-1576.7995626457573
3929.9601523030287,5444.976937373293,-1515.0167850702646
3947.3629489372142,5193.534135880797,-1246.171186943583
4822.671701058279,5702.073134528352,-879.4014334700732
4794.588308007104,5433.493729059738,-638.9054210526338
4806.074381118032,5485.027963776494,-678.9535826584624
4805.683561091459,4726.194286431506,79.48927465995257
4798.3135463758335,3799.422656399128,998.8908899767057
4816.072196208829,5672.699578084066,-856.627381875237
4787.420096375721,4850.615019008572,-63.19492263285065
4794.963593528104,4896.604709400765,-101.64111587266143
4836.8613689637195,5408.708851702617,-571.8474827388973
5468.635131955783,5632.5492312018,-163.91409924601612
5478.711902601781,5039.239749300572,439.4721533012089
5450.798470538727,4952.465322319403,498.33314821932436
5470.704933958451,5737.030467312332,-266.3255333538809
5462.795357676052,3938.1816418277563,1524.6137158482957
3013.9568558404835,5388.971107669052,-2375.0142518285684
3015.426432816181,5280.069973637478,-2264.643540821297
3823.4871561765003,5788.68562156019,-1965.1984653836898
3808.0548577990558,4579.045564897971,-770.9907070989157
3802.9670384660235,4577.574330554961,-774.6072920889378
3816.420737288486,4794.964637413749,-978.543900125263
3834.262932123311,5067.670713745595,-1233.407781622284
3802.4849702138404,4337.089544213604,-534.6045739997639
3813.810941806767,5333.470130468411,-1519.6591886616443
3803.3025157667726,4469.501899217383,-666.1993834506102
4594.804064658252,4591.588110108222,3.215954550029892
4602.513597074389,5726.603866920507,-1124.0902698461186
4615.953149030122,5272.208439823043,-656.2552907929203
4628.382223777328,5617.83557491019,-989.4533511328618
4593.066982422135,5647.686171049303,-1054.6191886271681
4623.768839813812,4610.841770797376,12.92706901643578
4602.607559719319,4595.900972703838,6.706587015481091
5226.667749219176,5693.824917856837,-467.157168637661
5205.440303804892,5017.52750035884,187.91280344605184
5174.24634796227,5654.10122523033,-479.8548772680597
5203.870868751557,3939.3901299582344,1264.4807387933229
5225.924324433362,4620.239025743219,605.6852986901431
5186.285519135406,5814.960149449357,-628.6746303139516
5192.502657144713,5443.938787923006,-251.43613077829286
5184.558613370881,5315.832889225068,-131.27427585418718
5429.4523122481305,5706.603583154537,-277.15127090640635
5443.620135573738,5457.492482848836,-13.872347275098036
5195.584904362568,3792.009754325696,1403.5751500368715
5203.501407017331,5128.914732629802,74.58667438752946
5195.160076921575,5649.983081916912,-454.8230049953372
5201.384005443102,3010.942816552466,2190.441188890636
5176.350809688845,5468.234057956884,-291.8832482680382
5210.072674207726,5052.144124653015,157.92854955471103
5206.5844569430965,4717.2642936322745,489.32016331082195
5198.475224419989,5652.266863358473,-453.79163893848363
4592.733203351872,5664.972188647228,-1072.2389852953556
4590.806128825564,5389.7519412485735,-798.9458124230096
4622.441504352593,5379.995770373695,-757.5542660211022
4623.581056033202,5716.000660258422,-1092.4196042252197
4613.2865409274755,5047.893646311877,-434.6071053844016
4612.672570950829,3811.5397504199605,801.1328205308687
4605.468482663307,4964.490077135408,-359.02159447210033
3819.2228928277586,4721.858728822583,-902.635835994824
3803.0343155663745,4771.2595136134905,-968.225198047116
3819.5748904668417,4817.2131399680575,-997.6382495012158
3814.7013184837224,5387.2746954377735,-1572.5733769540511
3807.9549016772708,5267.706520715569,-1459.7516190382985
3808.6810181517226,5255.80441496023,-1447.1233968085076
3804.7654272336645,5651.788959340526,-1847.0235321068617
3827.6086559164546,5039.463262819679,-1211.854606903224
3000.9028030562868,4837.8453927346345,-1836.9425896783478
3002.0741925329326,4936.441579299945,-1934.3673867670127
5051.868333654398,5260.348238220047,-208.47990456564912
5062.0906713989125,3815.0982140351402,1246.9924573637722
5052.66557095313,5512.140179571277,-459.4746086181476
5337.016828019703,5081.166540462752,255.85028755695112
5367.7308322187555,5113.0143460097515,254.71648620900396
5369.5149271597875,5275.008964812524,94.50596234726345
5367.973521321156,5387.584991019217,-19.611469698061228
5359.263971468425,5356.973405817268,2.290565651156612
5331.446573478474,5306.587022988518,24.859550489956746
4750.317384233004,3953.960405159846,796.3569790731585
4743.775802233541,4622.476049402358,121.29975283118347
4754.5832953069275,4505.247938973906,249.335356333022
4726.748474800391,4865.789780507732,-139.04130570734105
2989.7586383683247,5499.888608517766,-2510.1299701494418
3555.591454238449,4349.253805183051,-793.6623509446017
3562.007548019575,3819.208652977359,-257.2011049577841
3559.9060542910984,4596.507673726677,-1036.6016194355789
3577.853610258296,5147.252179417564,-1569.3985691592675
3553.876486217318,4595.424922124795,-1041.5484359074767
4066.3163997426423,3825.9531591432074,240.3632405994349
4035.232246851384,4781.915421097135,-746.6831742457507
4048.552440458019,5664.545461343907,-1615.9930208858877
4071.979990175794,4820.492902619159,-748.5129124433656
4054.411442420627,4798.447927912305,-744.0364854916784
4521.321514148914,4771.913262725099,-250.59174857618564
4490.766712468427,5147.654328788992,-656.887616320565
4485.945847195138,5638.071536020521,-1152.125688825383
4511.038061052909,4807.694582179863,-296.6565211269535
4503.67393873198,5717.800384837544,-1214.1264461055634
4907.960510910824,4882.607060586639,25.35345032418536
4911.656420167266,5619.094145394917,-707.4377252276508
4874.714673588932,4949.975694823161,-75.26102123422879
4879.144314994616,3807.7627548877226,1071.3815601068936
4885.281344724871,5657.425216641728,-772.1438719168573
4910.951996505115,3029.6190270599677,1881.3329694451472
4905.937655892535,5295.6706832149885,-389.7330273224534
4884.774982294338,5669.519440268276,-784.7444579739386
4912.447587873829,5766.687600520695,-854.2400126468656
4884.777585964571,4593.5738566731,291.20372929147106
5380.564968282139,5457.182017503592,-76.61704922145327
5344.697239369018,5362.504672563674,-17.80743319465637
5364.267815486791,4480.119688459361,884.1481270274298
5350.456350924426,3938.972091373894,1411.4842595505324
5368.794766809015,3948.7625268626507,1420.032239946364
5351.404943429807,5373.363275788654,-21.958332358847656
5336.481590983999,5689.787687521949,-353.30609653795
5375.44589417547,5498.405649765856,-122.95975559038561
5489.8449085790135,5247.23362169582,242.61128688319332
5448.905125597561,5699.0689843201735,-250.16385872261253
5416.029150128269,4946.884156790944,469.1449933373251
5442.6825265964335,5388.213321556337,54.46920504009631
5423.3489652343305,5647.815495468662,-224.4665302343319
5423.134732468445,4579.8252269400855,843.3095055283593
5435.860512555382,3017.8266315008286,2418.0338810545536
5431.230034401081,4777.463391408414,653.7666429926667
5428.979271573649,4088.437873799539,1340.5413977741105
5456.453025083088,5635.519396559646,-179.06637147655874
5350.572970995111,3933.0913937803875,1417.4815772147235
5380.431961821381,5529.305965125428,-148.8740033040467
5340.872064655718,5596.9373345074155,-256.06526985169785
5362.784724037007,5571.479607776347,-208.69488373933928
5350.421298172177,5442.995828193688,-92.57453002151124
5334.169045306302,4940.610295572422,393.5587497338802
5340.6566386618615,4576.4242898741895,764.232348787672
5369.793417759476,5694.144868000065,-324.35145024058875
3002.7365718938286,5369.286821438775,-2366.550249544947
3013.204508548928,5597.582398402665,-2584.3778898537366
2997.023358227914,4836.455148361698,-1839.431790133784
3937.3700885896096,4603.906036967533,-666.535948377923
3962.1097201818484,5368.1222207749315,-1406.0125005930831
3938.222885604493,5481.509834346222,-1543.2869487417292
3935.453052821822,4602.24584689725,-666.792794075428
3932.91245603807,5482.640847788099,-1549.7283917500285
3930.3628762392013,5365.9833235299575,-1435.6204472907561
3952.6684582141456,5350.418871351501,-1397.7504131373557
3959.260524662812,5676.756690922046,-1717.496166259234
3930.6026251797507,5479.93399355518,-1549.331368375429
4810.665943813495,5423.000976386249,-612.3350325727542
4816.649794966601,5548.661393329327,-732.0115983627265
4802.514243244281,5384.219541912431,-581.7052986681501
4804.7812922625335,4868.728651705996,-63.94735944346212
4791.658701127085,5354.474690207757,-562.8159890806719
4806.408093595252,5306.345335263408,-499.9372416681563
4794.963593528104,5689.235274093038,-894.2716805649343
4808.570074604343,4606.865791037206,201.70428356713728
4797.207480714762,5358.999126277904,-561.7916455631421
5479.5853847479175,5501.4205745486215,-21.83518980070403
5459.331192999076,4775.802722097146,683.5284709019297
5474.814319415063,4740.083224701429,734.7310947136348
5481.958083682886,5055.637778476467,426.3203052064191
5486.457593835214,5393.9097383390945,92.54785549611915
3015.1808383631183,5348.440650879459,-2333.259812516341
3013.709763300754,3824.207050679721,-810.497287378967
3823.419818055387,4491.431630802527,-668.0118127471401
3813.670158378632,5424.833569655104,-1611.1634112764718
3811.951765274803,4587.13231444805,-775.1805491732471
3818.123940761484,5571.093537022536,-1752.9695962610522
3814.8696120056666,5020.502128307122,-1205.6325163014553
3815.476727453347,5375.485489602312,-1560.0087621489647
3805.1591950807547,5702.521838775841,-1897.3626436950867
3811.1841669611945,5666.269316023281,-1855.0851490620867
4587.954657081007,4580.510282461625,7.444374619381961
4623.578418762259,4804.075397757974,-180.49697899571493
4625.558598961601,5485.352646628573,-859.7940476669719
4617.505370030778,5342.568863906111,-725.0634938753328
4617.318852613247,5665.5262399540725,-1048.2073873408253
4609.820662583317,5174.469420520116,-564.6487579367986
4611.386372273025,5448.61463596585,-837.2282636928248
5185.511212717339,4793.326257499763,392.1849552175754
5203.214280255244,5386.640505865084,-183.42622560984
5176.096824712724,5569.744070248305,-393.64724553558153
5213.843653960088,5198.32810302997,15.51555093011757
5177.569076658111,5534.29604878671,-356.7269721285993
5205.896569926544,3939.1445959496177,1266.751973976926
5184.697032812259,5319.328595968625,-134.6315631563666
5171.511312880692,5484.580887034961,-313.0695741542695
5438.432723275578,5533.928295406389,-95.49557213081152
5395.666795755765,5582.080155926077,-186.41336017031244
5200.100951505427,4836.658568927928,363.4423825774984
5190.098685819132,5590.682806182053,-400.58412036292157
5197.235391738538,5610.333202380656,-413.097810642118
5201.470007978011,5155.319920156967,46.15008782104451
5213.748780647661,4599.043538228235,614.7052424194262
5203.824356053789,5281.106566929733,-77.28221087594375
5178.946702328841,5574.811254136088,-395.86455180724715
5216.686487424887,5383.533367964275,-166.84688053938862
4618.467311804838,5525.04733332343,-906.5800215185927
4623.581056033202,4614.873989646014,8.707066387188206
4602.353532078326,2987.530087592594,1614.8234444857317
4583.916474494025,5268.808899308201,-684.8924248141757
4608.175769611747,5528.973936301608,-920.7981666898613
4623.415050890654,3961.7356775734306,661.6793733172235
4623.094111801762,4620.151381775438,2.9427300263241705
3821.336560561148,5175.112593229569,-1353.776032668421
3796.868293963374,5652.0869171670865,-1855.2186232037125
3800.9756479561584,4819.731408890611,-1018.7557609344531
3807.1341898255123,5157.713692122564,-1350.5795022970515
3810.3404205237453,5228.47182294199,-1418.1314024182443
3820.7802218907377,4808.32654944403,-987.5463275532925
3798.0374206135793,4825.322593198156,-1027.2851725845767
3816.8532106380685,5428.117386990353,-1611.2641763522847
3002.6273416849313,3800.5681279576897,-797.9407862727585
3004.611443897226,5710.49008666313,-2705.878642765904
5041.99521080437,5466.438477903937,-424.4432670995675
5057.433309479324,3806.522222310108,1250.9110871692155
5045.728644170647,4793.737514843724,251.99112932692333
5354.905485358185,3800.142756152394,1554.7627292057905
5396.857713469494,5077.460224890531,319.397488578963
5375.36842171644,5445.5736320435235,-70.20521032708348
5372.895871053755,5025.604886726102,347.29098432765295
5380.060492767234,5745.956505288788,-365.89601252155444
5381.165157378245,5378.505699007046,2.659458371198525
4724.645996866317,4720.997516158255,3.64848070806147
4722.361815938762,4789.469366936019,-67.10755099725611
4715.033986461938,5149.297797244368,-434.2638107824296
4726.7185916931785,5157.067191656035,-430.3485999628565
2995.3360662664513,5448.093465912179,-2452.757399645728
3533.553310467428,4719.498056594963,-1185.9447461275345
3561.502887859307,5564.237797750828,-2002.7349098915206
3552.1159103289065,3808.7063587248253,-256.5904483959189
3573.4198232212248,4890.725541978773,-1317.3057187575487
3587.9998356070505,5437.888054723669,-1849.888219116618
4048.170697875853,5453.527524768159,-1405.3568268923063
4039.684483658978,5116.607082751034,-1076.9225990920559
4071.9410227281037,5452.095219525072,-1380.1541967969683
4055.5629528505974,4846.021184768693,-790.4582319180959
4050.948996161315,4583.50919519549,-532.5601990341752
4481.033487315311,4587.531178392977,-106.49769107766679
4513.930073076616,3821.93319449935,691.9968785772662
4493.504665024444,5720.2330313401635,-1226.7283663157195
4479.396233867657,5352.110128993327,-872.7138951256693
4485.671253815686,5515.878112948192,-1030.206859132506
4895.202504678496,4856.231848128478,38.97065655001734
4884.025830318283,5340.9914833424145,-456.9656530241318
4878.118341061496,3936.2158182673747,941.9025227941211
4898.028348836698,3944.344191730937,953.6841571057607
4897.670819900736,5572.279480713053,-674.6086608123169
4884.675689575338,3923.980406286254,960.6952832890838
4868.559819263984,3801.8462042987453,1066.7136149652383
4883.853350540192,5136.209680674608,-252.35633013441566
4907.133664217915,5072.9674653402535,-165.83380112233863
4892.353467260777,4603.131385743659,289.22208151711766
5380.564968282139,5534.671914500988,-154.10694621884977
5348.30948308793,3932.552331457421,1415.7571516305088
5374.148904971186,5677.640124951747,-303.49121998056034
5356.716941328824,3812.289131840134,1544.42780948869
5365.273461694787,3949.672134968598,1415.6013267261892
5357.729909759511,3818.054312137634,1539.6755976218774
5388.373105454889,5179.309079669867,209.06402578502184
5369.2113966229745,4582.704881543504,786.5065150794708
5525.144847867188,5163.132512202145,362.0123356650429
5434.644883331172,5857.5509007393275,-422.9060174081551
5432.311832737611,5451.910838816327,-19.59900607871532
5417.666993744301,5568.979512269548,-151.31251852524656
5436.051618919079,5456.299165193173,-20.24754627409402
5421.569081256476,5471.454819255923,-49.885737999446974
5445.082336710169,4723.445214048523,721.6371226616466
5432.094966686549,5229.523403441493,202.5715632450556
5420.851693336194,5518.038275818385,-97.18658248219072
5456.167996945771,5053.2622137389435,402.90578320682744
5354.197064672562,5430.994198200597,-76.79713352803446
5384.004153261952,5692.226327460659,-308.22217419870776
5385.644709316932,5705.339232386435,-319.6945230695028
5361.414139078959,4589.723771162165,771.6903679167945
5364.584429696727,3003.563541535764,2361.020888160963
5369.425412666732,5524.7291491546175,-155.30373648788554
5355.355453749318,5610.957702439644,-255.60224869032572
5373.853848802107,5672.08694985489,-298.23310105278324
2991.0668408586275,4735.256692334392,-1744.1898514757645
3009.6024229201794,4490.372904093128,-1480.770481172949
2998.5529191277606,5667.298517322358,-2668.7455981945973
3947.7022424751885,4063.1209488473546,-115.41870637216607
3933.499840532482,4778.59570464419,-845.0958641117081
3920.1883119044837,5032.742512783626,-1112.5542008791422
3944.66462228139,4602.0271693928735,-657.3625471114833
3950.0044861182887,5048.892169996824,-1098.8876838785354
3940.3072635225185,5521.874571687832,-1581.5673081653135
3963.5579358859045,4730.612258104058,-767.0543222181536
3941.9705939149785,5818.3234653456175,-1876.352871430639
3923.6075824514332,5649.598861473449,-1725.9912790220155
4825.783614647679,5394.971191310875,-569.1875766631956
4811.045795045019,3037.750749890595,1773.2950451544239
4814.624332068066,5499.384387326816,-684.7600552587501
4787.413390669299,5140.713861027754,-353.30047035845564
4818.657491702362,5278.620628499238,-459.9631367968759
4784.786613873088,5476.7342995575755,-691.9476856844876
4836.8613689637195,5369.396784496994,-532.5354155332743
4797.207480714762,5361.359386927763,-564.151906213001
4796.051727794371,4468.908626122326,327.1431016720453
5483.104085248883,5285.488317739058,197.61576750982476
5485.01045632391,5527.959828628081,-42.94937230417054
5469.374108756836,5660.452983463542,-191.0788747067063
5457.451741711032,4773.033558390989,684.4181833200428
5464.460282693778,4591.501571372265,872.958711321513
3024.976643139448,3017.282402776105,7.694240363342942
3020.60678302354,4806.222798111234,-1785.6160150876935
3827.86482185531,5458.93878788308,-1631.0739660277704
3827.9739252013683,5674.41998149785,-1846.4460562964819
3802.849589808031,3811.8285903966753,-8.97900058864434
3826.174889699251,5064.960838727474,-1238.785949028223
3824.4530847312035,5547.770574626126,-1723.3174898949228
3816.1703922746865,5569.501980754252,-1753.3315884795657
3814.4462898128563,5666.8441070960425,-1852.3978172831862
3807.9980272719868,5577.3004114835785,-1769.3023842115917
4623.547943462437,5285.2011607776485,-661.6532173152118
4594.420645618362,5158.6804574097105,-564.2598117913485
4606.729435577768,5006.87924692552,-400.1498113477528
4622.839222563198,5177.171060175406,-554.3318376122079
4630.678527661392,5368.993125564246,-738.3145979028541
4610.330180892416,5671.972312968619,-1061.6421320762029
4610.158119239191,5394.4015808378,-784.2434615986085
5209.8394205350605,5286.037826662139,-76.19840612707867
5208.780118878807,5391.299872163963,-182.51975328515618
5207.930117872106,5445.2294397176,-237.29932184549398
5204.14424442962,5334.847399090921,-130.7031546613007
5180.046114976393,5474.7469699793755,-294.7008550029823
5193.725749855725,4861.981454649201,331.74429520652393
5220.0406023951455,5322.322055327621,-102.28145293247508
5207.798545902578,5416.456953663289,-208.65840776071127
5428.591048864705,4727.193109361735,701.3979395029701
5454.943288590907,5267.672448201935,187.27084038897192
5201.121326678561,5620.250160242514,-419.12883356395287
5177.218024940828,5140.8247496107415,36.39327533008691
5209.18076049332,4732.546201107519,476.63455938580137
5197.86730831961,4736.58609380452,461.28121451509014
5201.524748684884,4857.285895047743,344.2388536371409
5163.918737128801,5544.022453268003,-380.10371613920233
5195.635484739715,5671.190091929055,-475.55460718933955
5188.328673627552,5515.565229219049,-327.23655559149665
4611.638053259786,5740.191799735375,-1128.553746475589
4612.672570950829,5336.155063827621,-723.4824928767921
4613.473582583998,5688.165641635596,-1074.6920590515983
4623.415050890654,3830.97637647997,792.4386744106841
4623.584969048252,5809.991055890943,-1186.4060868426914
4609.431556442462,5599.140210609153,-989.7086541666904
4612.02407491813,5175.06096733474,-563.0368924166096
3810.2315629120753,5529.0610870828605,-1718.8295241707851
3818.6661061038417,4610.607239851549,-791.9411337477072
3833.5992181694305,5680.754852027927,-1847.1556338584965
3800.609352072187,4953.811043825779,-1153.201691753592
3810.6689402482357,5712.473880667232,-1901.8049404189965
3834.9529933328454,3958.6423879492017,-123.68939461635637
3804.924112757999,5523.255111465693,-1718.3309987076937
3809.8959273172536,5163.78846283738,-1353.8925355201268
3001.207760268569,3925.9309509533246,-924.7231906847555
3023.232860376061,4622.156437730538,-1598.9235773544765
5056.184403345165,5519.014496945398,-462.83009360023243
5011.233832978085,5483.016911472835,-471.78307849475004
5051.5523321990195,5729.479327887723,-677.9269956887038
5333.630685412964,5330.7787409118055,2.8519445011588687
5384.3017594017265,5800.140717856593,-415.83895845486677
5367.771131007142,5732.411781566034,-364.64065055889205
5389.356266768631,5681.091511763447,-291.73524499481573
5376.346963888052,5343.181948252594,33.165015635458076
5393.633989436223,5351.869814483607,41.764174952615576
4734.225809626107,4610.759811724444,123.46599790166238
4730.397763080155,5529.082095314103,-798.6843322339482
4721.912462752974,5011.574253260222,-289.66179050724804
4727.563961243092,4683.555765316482,44.008195926609915
2991.8346617233933,4035.4639422314194,-1043.629280508026
3545.9579401594433,5383.499289462263,-1837.5413493028195
3536.4878745316373,4809.695846179119,-1273.2079716474818
3554.249809686293,5385.296076358973,-1831.0462666726798
3558.288406114844,5524.4888775909285,-1966.2004714760847
3554.188449936078,5445.976500686913,-1891.7880507508348
4068.945691526089,5522.956129701356,-1454.0104381752672
4050.7198664836196,5371.350536785431,-1320.6306703018117
4084.013279710888,4536.549050708033,-452.53577099714494
4042.802580672506,5662.2445256495575,-1619.4419449770517
4047.87807663946,5331.035081032821,-1283.1570043933611
4505.57874493286,5284.00780994775,-778.4290650148896
4510.337648227079,5396.76530497174,-886.4276567446614
4478.962100956347,5357.101453503401,-878.1393525470539
4509.599707764946,5681.554049199094,-1171.9543414341479
4520.578558057645,5635.439305656708,-1114.860747599063
4893.5096780389085,5279.937789443698,-386.4281114047899
4912.484062175558,5199.896696787144,-287.4126346115854
4884.675689575338,3940.347601719115,944.3280878562227
4880.053891703799,5322.16775062641,-442.11385892261114
4886.837943171412,5606.169822537826,-719.3318793664139
4898.792541758934,4615.627245137793,283.16529662114135
4873.244946359335,4891.713632901172,-18.468686541837087
4904.13752847497,5674.515844008995,-770.3783155340252
4886.230150355174,4725.481192368891,160.74895798628313
4890.724899821916,4740.268267683267,150.45663213864827
5380.564968282139,5176.7819363572535,203.7830319248851
5363.587268430738,3944.8577080396713,1418.7295603910666
5353.508441242349,5235.954880973239,117.55356026911068
5367.54516409081,4875.8942359966,491.65092809421003
5370.355110079342,4816.071039653453,554.2840704258888
5361.1962984845895,3800.7309099423574,1560.4653885422322
5358.039843812621,5257.568462445392,100.4713813672297
5369.773163712489,4740.79785193749,628.9753117749988
5509.999833023208,5475.800017455288,34.19981556792027
5404.013501158409,5655.9264145107845,-251.91291335237565
5442.505697290113,5488.173446423177,-45.66774913306381
5426.542951684913,4580.934171326403,845.6087803585096
5445.663571158704,4819.537336668628,626.1262344900761
5433.776830845332,3559.2546844201006,1874.5221464252318
5462.868976269656,5477.219111006999,-14.350134737343069
5428.803254978023,5332.167382849467,96.635872128556
5457.600146550036,5504.601704440884,-47.001557890847835
5438.259389777106,5445.038146976786,-6.778757199680513
5369.659144430149,5527.846859667248,-158.18771523709893
5366.741200520495,5388.233051910649,-21.491851390153897
5353.022046039752,5356.8729878945605,-3.8509418548082976
5352.229658089434,5330.318949200727,21.91070888870763
5379.86856972156,5152.595706180309,227.27286354125044
5358.959382296304,5618.540487078448,-259.5811047821435
5351.986122620579,3947.573882534422,1404.4122400861575
5371.3680765325935,5397.281698577489,-25.91362204489542
2999.2896943404035,4593.3863928798755,-1594.096698539472
3004.1464612581203,5420.128746498072,-2415.982285239952
3014.5622582711017,5495.925934836349,-2481.3636765652477
3949.4072339633235,4749.146981624723,-799.7397476613992
3942.1511452839127,5373.874106056797,-1431.7229607728846
3940.536732261597,3806.8920845886287,133.6446476729684
3916.906695483452,5333.757654305796,-1416.8509588223437
3947.9491838283325,5629.128567883663,-1681.1793840553305
3924.719825212503,5159.345434316935,-1234.625609104432
3965.9640246887348,5397.540425847001,-1431.576401158266
3947.322312053575,3041.0053626697368,906.3169493838382
3941.447587695847,5363.736849834547,-1422.2892621387
4814.251275749973,4799.827001971432,14.424273778540737
4792.974527363001,4700.461345818085,92.51318154491582
4821.550874656545,5455.8087499384965,-634.2578752819518
4838.56213296667,3578.016747307044,1260.545385659626
4799.383248338881,5095.0131780485135,-295.62992970963296
4790.329570103697,3027.130015755,1763.199554348697
4802.772039406556,5660.148730321959,-857.3766909154028
4816.879137058669,5670.503884430904,-853.6247473722351
4816.550679294875,5816.524978668191,-999.9742993733153
5453.502760436368,3791.1026490527706,1662.400111383597
5455.523078985016,5672.506210724711,-216.98313173969564
5460.623718063624,5150.106020608228,310.51769745539605
5477.635760358144,5612.626194896143,-134.99043453799914
5475.713741015323,3808.2371308765637,1667.476610138759
3004.931020243635,4094.619143407513,-1089.6881231638781
3009.322025353597,5660.587521397334,-2651.265496043737
3809.3549530365813,5004.219576300219,-1194.864623263638
3800.131214370727,4714.171874981429,-914.0406606107022
3818.364221723313,5159.141361584594,-1340.7771398612808
3809.280570785796,4602.441985484759,-793.1614146989632
3802.9930547968515,5425.643017486866,-1622.649962690014
3825.7386729471123,4894.839194595492,-1069.1005216483795
3799.5672564317324,5544.388905332349,-1744.8216489006168
3819.612774111967,5608.328627642218,-1788.7158535302506
4615.136535463583,5466.301948100546,-851.1654126369631
4617.625122129225,5523.911821014063,-906.2866988848382
4634.865244850854,5534.353423121894,-899.4881782710399
4624.701318600205,5377.118268001852,-752.4169494016469
4611.426252134271,3813.8584448110373,797.5678073232334
4604.896678953858,5629.25386210735,-1024.3571831534919
4600.05047759432,5435.965473039312,-835.9149954449922
5226.229984637192,3823.7792941707944,1402.4506904663972
5214.110576517599,5711.469152260187,-497.3585757425881
5183.19302950806,5762.255926036252,-579.0628965281921
5204.617432376411,5512.739543612473,-308.12211123606266
5198.684340556072,4742.168741679068,456.51559887700387
5198.203905353717,5159.1662402784195,39.03766507529781
5179.200719833975,5580.425790020327,-401.22507018635224
5187.351788509572,5406.6511761850015,-219.2993876754299
5417.878659095188,5433.572905984309,-15.694246889121132
5427.3632754990185,5443.760122665268,-16.396847166249245
5194.216017366064,5123.919477741993,70.29653962407065
5203.893805849952,4606.773523460737,597.1202823892145
5207.641380145673,4817.093572535098,390.54780761057464
5205.474894470801,4874.502906134414,330.97198833638686
5192.8626682825225,5379.645521481758,-186.78285319923543
5198.7988865433745,5377.400769502279,-178.60188295890475
5184.552133613466,5462.998370518871,-278.4462369054045
5207.1511583738675,4614.16115239536,592.9900059785077
4604.659644093267,5693.808749170424,-1089.1491050771565
4614.366331154726,5526.577342412953,-912.2110112582268
4603.7344146869245,5599.905589467561,-996.1711747806366
4612.479998888116,3952.8229520506256,659.6570468374903
4608.739385590283,3934.7675412104945,673.9718443797883
4605.375001239044,3933.1776994520096,672.1973017870341
4617.75266392661,4052.2022885111887,565.5503754154211
3805.4095179799383,4034.0012053409914,-228.59168736105312
3799.5170570259465,5364.883212050394,-1565.3661550244474
3826.6595060959235,5538.205884164494,-1711.5463780685704
3810.2669462875483,4799.08076949335,-988.8138232058018
3803.3945844832533,4345.625321499154,-542.2307370159006
3831.9790284328424,5530.944291954572,-1698.9652635217294
3831.439093119861,3840.1636967718914,-8.72460365203051
3820.6005749675983,5514.381840929527,-1693.781265961929
2992.4667545344982,5096.072710185322,-2103.6059556508235
3012.3482057672604,5672.709980075354,-2660.3617743080936
5039.34272370121,5660.03927451354,-620.6965508123294
5073.038416920612,5185.067905798391,-112.02948887777893
5032.857267732615,4088.6443561623923,944.2129115702223
5378.680528245396,4103.777379705718,1274.903148539678
5367.098848161019,3811.3692288418474,1555.729619319172
5387.276236107547,4623.194797535848,764.0814385716994
5349.481438720852,5497.1785172551145,-147.6970785342628
5356.540654356068,5361.465782765187,-4.92512840911877
5392.639810460454,4820.369677057903,572.2701334025514
4730.087597048761,5567.030924274968,-836.9433272262067
4728.7607350904145,5364.8207438380305,-636.0600087476159
4721.7565820996715,5373.582269403474,-651.8256873038026
4716.802165460593,4596.632976740236,120.16918872035694
3014.7469904095883,5563.342430112201,-2548.595439702613
3553.0469065147795,4791.021077465225,-1237.9741709504456
3562.2618902920085,5526.85223737028,-1964.5903470782714
3559.0504059152377,4353.660427842758,-794.6100219275199
3564.5173086229283,5689.672469790526,-2125.1551611675973
3563.709391756564,5413.071164359191,-1849.3617726026273
4045.2251766192103,5797.344598610163,-1752.119421990953
4056.7285219311107,4605.020497986262,-548.2919760551513
4066.3563042829514,5430.507835165645,-1364.1515308826934
4042.7584928555116,5672.75175900398,-1629.9932661484681
4052.446026203752,5518.246835948591,-1465.8008097448392
4498.7335092347885,4606.844466786857,-108.11095755206861
4495.736269494852,4859.317884991292,-363.58161549643955
4515.65373293581,5637.161701036336,-1121.5079681005263
4484.631514797747,5676.360764249548,-1191.7292494518015
4526.07325181146,5506.733665329777,-980.660413518317
4893.790227475819,5095.984651130589,-202.1944236547697
4892.556610147161,5388.699455085597,-496.1428449384357
4907.133664217915,5390.011074088888,-482.87740987097277
4902.638739206229,5748.851298192242,-846.2125589860134
4903.276036384583,4358.893666910571,544.3823694740122
4886.230150355174,5590.877219794917,-704.6470694397431
4894.4746211030415,5053.440032887974,-158.96541178493226
4893.564001493375,4803.19991887352,90.36408261985525
4881.291665289856,5709.814338138151,-828.5226728482949
4899.305077628003,5442.600664517075,-543.2955868890713
5380.564968282139,3964.9179407025686,1415.64702757957
5377.060457199639,5816.494870681134,-439.43441348149463
5345.024052554451,5469.380705404812,-124.35665285036066
5393.077661306894,5533.076320291672,-139.99865898477856
5343.964614931399,4716.4914045390115,627.473210392388
5371.914626249973,5670.0615270049575,-298.1469007549849
5385.642405712026,5213.493676331653,172.14872938037297
5338.101958559975,4559.150264237246,778.951694322729
5512.033406006783,5727.78247291845,-215.7490669116678
5423.736185492805,3812.4073260211458,1611.3288594716591
5452.514868420587,4742.2932599676415,710.2216084529455
5416.633040344337,4583.617433530738,833.0156068135993
5435.301226565987,4359.540561862658,1075.760664703329
5433.993072580674,4595.465842104778,838.5272304758964
5452.098494813907,5347.462812618393,104.63568219551325
5428.979271573649,5159.222167732631,269.75710384101876
5453.824134189053,5666.022124841974,-212.19799065292045
5427.174205738204,5416.114684330642,11.059521407561988
5342.821939608632,5665.689986886824,-322.8680472781916
5356.792450290972,3794.0775937057247,1562.7148565852472
5353.527258772674,3006.7912239592915,2346.7360348133825
5356.690667614478,4781.69512985788,574.9955377565984
5378.159230328205,4612.118509440655,766.0407208875504
5355.355453749318,3938.5072162127017,1416.8482375366166
5326.640636827834,4448.294634803175,878.3460020246594
5346.991042305344,5650.34712679945,-303.35608449410574
2973.3808348676416,4548.17792561983,-1574.797090752188
3010.0402086779063,5658.328222462606,-2648.2880137847
2987.4234658740443,4597.795648684547,-1610.3721828105026
3945.4265300398542,5800.717994665405,-1855.2914646255508
3935.453052821822,5363.264444774716,-1427.8113919528942
3928.335180753986,4577.365265608827,-649.0300848548409
3956.0950488212025,4732.543688149049,-776.4486393278462
3929.9601523030287,3795.465329722983,134.49482258004582
3920.119436977171,5428.68787074048,-1508.5684337633093
3930.2540618152716,5442.123626661148,-1511.869564845876
3933.6071051035856,5499.1835013467535,-1565.576396243168
3946.4107623845,5187.6268202204765,-1241.2160578359767
4796.4127759641715,5011.483134959339,-215.07035899516723
4798.448025900975,4498.420848334242,300.02717756673337
4808.798111647729,4853.373294269339,-44.57518262161011
4809.273418147051,5657.820603283169,-848.5471851361172
4796.852682646046,5675.235806737565,-878.3831240915197
4809.501121852714,4384.146862548458,425.35425930425663
4819.969183242995,5152.624549066527,-332.6553658235316
4789.468100449847,5774.713687329206,-985.2455868793586
4808.478280063806,4741.193680252641,67.28459981116521
5455.523078985016,4726.53971929882,728.9833596861954
5442.342196093893,4595.530393334559,846.8118027593337
5475.289114433951,5487.930000887855,-12.640886453904386
5478.37785563386,5032.244784917354,446.13307071650615
5465.045585363924,4946.360167552366,518.6854178115582
3006.2115503789114,5364.227000571125,-2358.015450192214
3001.9909327864016,4585.590510284835,-1583.599577498433
3807.447341728269,5147.136508833473,-1339.6891671052044
3813.810941806767,3819.6442458594565,-5.8333040526895275
3816.9857333128302,5483.227824715796,-1666.2420914029653
3826.4668628328172,5348.542158312975,-1522.0752954801574
3838.5144160801015,5294.08959392493,-1455.5751778448289
3811.6898980547194,5659.479710495663,-1847.789812440944
3822.9912503962737,5492.662620838299,-1669.671370442025
3824.617755053332,5489.8955478455755,-1665.2777927922434
4620.344893738897,5464.155969169296,-843.8110754303998
4607.8916853121955,5477.897728309805,-870.0060429976093
4604.824582087527,4858.2230502994735,-253.39846821194624
4605.60527553152,5651.715773701018,-1046.110498169498
4605.4067939359575,5435.459240021351,-830.052446085394
4613.080198121282,5387.452198251054,-774.3720001297725
4602.755797183279,5391.58902452429,-788.8332273410106
5204.14424442962,5369.145618292549,-165.00137386292954
5219.165325259379,5455.559238772,-236.3939135126211
5187.910185310851,4779.44039409261,408.46979121824097
5205.420556210631,5585.139174216223,-379.71861800559236
5176.456904415614,5548.841516896649,-372.3846124810352
5209.452229028101,5518.108840436489,-308.656611408388
5190.098685819131,3943.3229192197487,1246.7757665993822
5220.426070328969,5279.822244489256,-59.396174160287046
5432.678706120463,5605.503048189723,-172.82434206925973
5420.461415117472,5042.305397228155,378.1560178893169
5211.690220395274,5166.912815709894,44.777404685380134
5192.819339672326,5707.53561224327,-514.716272570944
5197.675799850827,5477.185873421792,-279.5100735709648
5213.858149809721,4871.392287214279,342.46586259544165
5193.038154586684,5598.214268761249,-405.17611417456465
5207.914483460156,5325.186305403124,-117.27182194296802
5202.793815292778,5048.219440347552,154.57437494522583
5180.278864894883,4667.58323217034,512.6956327245425
4630.165133429958,5414.66702963375,-784.5018962037921
4618.8015894436685,5750.281309135132,-1131.4797196914633
4614.372049757148,5609.3583301575,-994.9862804003524
4588.119086283126,5482.658011199882,-894.5389249167556
4616.707054341368,5599.643244548591,-982.9361902072224
4632.358758881501,4625.5937011866445,6.765057694856296
4598.068558553,5678.687357803624,-1080.6187992506239
3826.6595060959235,5425.605506851551,-1598.9460007556272
3815.296322456582,5385.408101455507,-1570.1117789989248
3821.118474979592,5371.654951127814,-1550.5364761482215
3804.4820396027944,5231.521931920396,-1427.0398923176017
3791.304211570222,3789.24357137502,2.060640195201813
3820.5930953294173,5616.620678430248,-1796.0275831008303
3818.6080457940725,4816.273090956056,-997.6650451619835
3835.880282487989,5464.30325945118,-1628.4229769631906
3013.9967776849803,3018.1199017885983,-4.123124103618011
3024.970533221431,4715.757435704942,-1690.7869024835104
5042.544904089611,5150.894559756829,-108.34965566721803
5065.452140970127,5568.647372611488,-503.1952316413608
5046.858261576526,4783.0524903130445,263.8057712634818
5371.766002568843,3814.3467910842787,1557.4192114845641
5358.725030717038,4835.263291201467,523.461739515571
5361.072220048538,5603.595748435634,-242.52352838709612
5363.919049920903,5655.668824567959,-291.74977464705626
5369.4000763554595,5130.855702505073,238.54437385038636
5370.840995465165,5690.461793866037,-319.62079840087154
4718.348246751723,4858.8446631684255,-140.49641641670223
4726.758953404431,5362.992628703108,-636.2336752986766
4724.571097628989,5101.043635473031,-376.47253784404165
4736.331700174146,5441.988590214527,-705.6568900403809
3012.0799514058226,5357.2825851343405,-2345.202633728518
3568.3933788384793,5446.409004961858,-1878.0156261233788
3567.4932885384064,5455.968247938946,-1888.4749594005393
3540.046395003373,3791.4389393030456,-251.3925442996724
3562.686846420043,5516.619692929146,-1953.9328465091035
3547.020979400403,5369.377800969466,-1822.356821569063
4030.536244606844,4480.722874875653,-450.1866302688095
4080.4432586784756,5366.345939681918,-1285.9026810034425
4082.0349093606233,3833.6469712975036,248.3879380631197
4073.2635169006558,5281.514453369991,-1208.2509364693356
4074.3207613309924,3573.817607681742,500.5031536492502
4496.331957613316,4726.477095417892,-230.14513780457582
4495.622224459376,4480.735748892391,14.88647556698561
4519.914943209963,5178.305405513415,-658.3904623034523
4482.567050013572,5317.336110691436,-834.7690606778642
4494.183804289366,4598.305792491659,-104.12198820229332
4891.784120442655,5703.420865707036,-811.6367452643808
4877.047722719091,5509.589625926805,-632.5419032077134
4910.944320854243,3042.8603424921926,1868.0839783620509
4877.67343367073,5358.365843843667,-480.69241017293643
4934.634014206052,4880.814272814928,53.8197413911239
4878.32076155976,4505.601685000323,372.71907655943687
4884.550933764572,4575.245644945412,309.3052888191596
4913.733419012142,5391.615110928784,-477.881691916642
4896.605540221086,5663.198371879561,-766.592831658475
4877.020164064228,3018.310195942956,1858.7099681212721
5380.564968282139,4598.883095304127,781.6818729780116
5366.460371454019,4614.2171077017065,752.2432637523125
5377.781640907107,5544.14693763364,-166.3652967265325
5360.206069553537,5441.260070093741,-81.05400054020356
5356.841734110575,5061.962732089262,294.8790020213128
5347.466562371064,5424.858641400248,-77.39207902918406
5378.08469491781,5680.835639204682,-302.75094428687134
5356.792621897426,5514.042117238483,-157.2494953410569
5507.734377713878,4586.05968094711,921.6746967667677
5417.97833812357,4587.0155129360055,830.9628251875647
5426.084502575429,5550.194104911976,-124.10960233654714
5442.770930298275,4729.008720973261,713.7622093250138
5421.043192232976,5665.215698967107,-244.17250673413037
5459.444754416456,3032.1707178917045,2427.2740365247514
5454.811825823991,4354.870124922432,1099.9417009015588
5447.540711606299,4604.695591943921,842.8451196623782
5431.683388357476,4593.911009581796,837.7723787756804
5445.280971504891,5506.303206147777,-61.02223464288636
5341.376309614685,5494.217252044356,-152.8409424296715
5358.139582646927,4512.2172347000715,845.9223479468556
5344.390167648763,5466.357040206731,-121.96687255796769
5342.241731227019,5763.771138883051,-421.52940765603216
5381.273142004025,5403.464184424725,-22.191042420699887
5352.2325340871585,4719.421808650739,632.8107254364195
5361.453696474761,5366.776689467578,-5.32299299281658
5342.157989687079,5461.85442832705,-119.69643863997135
2991.1805169567397,5500.98735777412,-2509.8068408173804
3003.7195691176835,5132.864530055114,-2129.144960937431
3014.683341406836,5352.529927441797,-2337.8465860349606
3956.0166575364774,5368.93190727089,-1412.915249734413
3947.0981469897097,5128.863385122031,-1181.7652381323214
3941.1824812763416,4599.040951558474,-657.8584702821327
3956.270815055429,5187.105551343853,-1230.8347362884242
3934.8557247326708,4599.255997928496,-664.4002731958253
3937.283995668238,5372.530953171441,-1435.2469575032032
3934.4794477023597,3008.2412562617506,926.2381914406092
3943.23589718455,5053.909950403563,-1110.6740532190129
3954.533462021314,4855.407853664689,-900.8743916433755
4803.006869266643,5510.047571679671,-707.0407024130282
4831.979906254159,5689.623330422704,-857.6434241685456
4797.461466556501,3940.371507418702,857.0899591377993
4791.648369604473,5786.067355906858,-994.4189863023848
4811.645124026784,4492.8446570699225,318.8004669568618
4797.306082870922,5041.475341341316,-244.1692584703942
4792.824263654038,5344.947838350387,-552.1235746963494
4809.431563851715,4602.85861483044,206.57294902127433
4810.964705927566,5105.057272247485,-294.09256631991957
5460.623718063624,5653.281129746173,-192.65741168254863
5475.289114433951,5422.318172447425,52.97094198652576
5488.725572198909,5179.947634887586,308.7779373113226
5482.63152001338,5748.639220342047,-266.00770032866694
5484.001496171373,4613.615499277855,870.3859968935185
3015.888109428871,4587.145355058463,-1571.257245629592
3022.891747313037,5678.156228443826,-2655.264481130789
3817.1046033045377,4601.051851972956,-783.9472486684181
3802.5281244268444,5648.565419508228,-1846.0372950813835
3811.5888066139996,5440.842063781225,-1629.2532571672255
3818.527750528054,5682.814982558985,-1864.2872320309311
3791.8657291055374,4494.4242799056,-702.5585508000627
3821.890933280106,5372.6101974445555,-1550.7192641644497
3811.6033142481615,4858.066707094946,-1046.4633928467842
3822.5168225143407,5166.773348003121,-1344.2565254887804
4627.678014344901,4497.313878783118,130.36413556178377
4623.09830357089,5686.32997198893,-1063.2316684180405
4608.316327681447,5660.0653243452225,-1051.7489966637759
4594.16523581982,3805.3408680733305,788.8243677464893
4596.942685512838,4584.728201945586,12.214483567251591
4621.462384283035,5448.532786591131,-827.0704023080962
4635.84393490747,5414.6127333125705,-778.7687984051008
5216.290291283426,5031.289595132835,185.00069615059147
5194.375958582942,5381.759608335237,-187.38364975229524
5200.382595669937,5436.713528872221,-236.33093320228454
5193.81531242438,5171.398742627549,22.416569796831027
5203.232395243833,5262.0974951868775,-58.8650999430447
5211.671846865051,5666.808820098799,-455.136973233748
5231.25327650493,4895.949318998864,335.3039575060657
5215.2624673780365,5728.96027977059,-513.6978123925537
5434.770969453066,5521.576022665446,-86.80505321237979
5431.4936997724535,5272.053168830394,159.44053094205992
5202.8972542843185,4589.536424520111,613.3608297642077
5192.46449605575,5375.861061534298,-183.39656547854793
5216.739939314239,5272.569971810086,-55.83003249584726
5177.603807078739,5146.569254473366,31.034552605373392
5176.546536615731,3529.676105611093,1646.8704310046382
5207.315531630327,5394.035256310828,-186.7197246805008
5199.200560173269,5662.841593858307,-463.64103368503766
5197.4868771108495,4345.909480814672,851.5773962961775
4593.147326158489,3794.9079311638857,798.2393949946031
4607.098340004239,5316.758236146313,-709.6598961420741
4611.380913271743,5183.235788153764,-571.8548748820203
4605.483858850714,5327.279352741938,-721.7954938912244
4601.207703477364,5065.3131737506155,-464.10547027325174
4605.812378575204,4949.379774023471,-343.56739544826723
4601.455624555738,4093.8139756067167,507.64164894902115
3803.3945844832533,4791.4043242179505,-988.0097397346972
3810.5224903609064,4723.363204491379,-912.8407141304729
3791.304211570222,5571.533721831864,-1780.2295102616417
3794.950089972468,4959.61497175267,-1164.6648817802015
3823.335010608774,5459.272475973844,-1635.9374653650698
3821.8420961376314,4870.64596760567,-1048.8038714680388
3826.6567308981553,5438.427363234479,-1611.770632336324
3794.736443606247,5417.263447246895,-1622.5270036406482
3044.2027854196303,5318.632877207107,-2274.430091787477
2997.09276316733,5580.286796760826,-2583.1940335934964
5060.332267334977,3821.091739836057,1239.2405274989196
5061.102777818205,5443.838447559158,-382.7356697409532
5049.401994360079,5269.354220964159,-219.95222660408035
5337.86452888752,4565.812980164285,772.0515487232342
5373.009686231284,5675.214960505831,-302.20527427454726
5386.494127399366,5468.983517542111,-82.48939014274492
5357.840597561952,4798.030070633882,559.8105269280695
5383.648758051515,3948.573798414756,1435.074959636759
5375.054603512326,5477.200277591027,-102.14567407870072
4758.931856189195,5410.482636970545,-651.5507807813501
4736.860643064459,5709.718774993505,-972.8581319290461
4747.767913749415,5533.197778432828,-785.4298646834131
4708.046016480583,5641.897459743224,-933.8514432626416
2983.4118251189143,4954.78151372603,-1971.3696886071161
3550.484188116568,5486.367771097156,-1935.883582980588
3567.932945072389,3043.8113658972047,524.1215791751843
3554.4577790076282,5618.877871854265,-2064.420092846637
3539.892090411403,4326.250322254167,-786.3582318427643
3558.019820120686,3027.45456446149,530.5652556591958
4059.328731803818,4585.297757050277,-525.9690252464593
4064.745185889207,5160.896150387729,-1096.1509644985222
4041.3889730156907,5843.864316699313,-1802.4753436836227
4045.964302665484,5170.022390115734,-1124.0580874502502
4068.745649527021,5322.405835955744,-1253.6601864287227
4490.080448237124,4597.765419524592,-107.68497128746822
4498.112491995807,5402.760213688628,-904.6477216928206
4501.963102315242,5815.221781585667,-1313.2586792704242
4487.162296247872,3807.4133323682695,679.7489638796028
4502.901283681002,4788.335096625282,-285.43381294428036
4878.171232821298,5251.543016397945,-373.37178357664743
4906.777326738888,5404.166376373397,-497.3890496345084
4900.778600611195,4806.725255505348,94.05334510584635
4881.726769383708,5668.0748243257385,-786.3480549420301
4893.969629506388,5482.067768933699,-588.0981394273113
4870.167925978268,4491.008011697492,379.1599142807754
4894.984696780492,5387.595627058158,-492.61093027766583
4873.758734258247,4778.752599944356,95.00613431389138
4924.551657802229,5722.672692503692,-798.121034701463
4871.437606154796,4568.1807611608,303.2568449939963
5380.564968282139,4490.037398396728,890.5275698854102
5353.014126923521,4751.476609778903,601.5375171446176
5344.0108903822575,5370.097238182198,-26.086347799940995
5371.510736616995,5812.126493486658,-440.6157568696626
5369.186223191099,5134.082500336656,235.10372285444282
5356.244081142341,4602.580781716749,753.6632994255924
5355.24379975861,4790.591001603594,564.6527981550162
5356.825939313876,4092.723283665001,1264.102655648875
5508.260669644569,5328.771153316834,179.48951632773515
5416.029150128269,4586.236960609002,829.7921895192667
5452.209698455986,4607.832139083929,844.3775593720566
5422.100150650442,5669.879695387398,-247.77954473695627
5437.483716209002,5060.248779697167,377.23493651183435
5438.896335974288,4612.757119948653,826.1392160256355
5448.448999372357,4874.78649408029,573.6625052920672
5438.731849481022,5369.973019969708,68.75882951131462
5450.215672725772,5173.932224225878,276.2834484998939
5447.069195924251,3798.500197978388,1648.5689979458634
5340.872064655718,5224.28721418468,116.5848504710375
5353.450493811951,5451.923358560159,-98.47286474820794
5366.493802941891,4600.9521146152865,765.5416883266043
5368.313475908014,5688.841910911167,-320.5284350031534
5339.832225762896,5048.6199334010225,291.21229236187355
5373.853848802107,5396.161626769855,-22.307777967747825
5346.991042305344,4803.561232479808,543.4298098255367
5353.293305651802,4599.897523151681,753.3957825001216
3000.9502378799143,5730.638240515525,-2729.6880026356102
3017.1195619160258,5472.274186955255,-2455.154625039229
2991.031877020355,3936.8986909517985,-945.8668139314436
3927.362970130092,3806.674120511661,120.68884961843105
3921.8534136364087,5121.605569468138,-1199.7521558317294
3943.587585686783,5441.62914416499,-1498.0415584782072
3936.0512625145752,5375.082911433254,-1439.0316489186785
3926.7041778732837,5253.910598737007,-1327.206420863723
3942.8475660857466,5810.00303095429,-1867.1554648685433
3931.44700352954,5354.674975231896,-1423.2279717023557
3946.917710674846,4731.317231937369,-784.3995212625227
3950.7698190788983,4877.1158955017945,-926.3460764228962
4806.519583492344,4606.216329537752,200.30325395459204
4797.137823364431,5599.343784287449,-802.2059609230182
4807.484204391668,3821.183825316183,986.3003790754847
4795.500157305685,5422.547200631634,-627.0470433259488
4803.477403457859,5431.795000687343,-628.3175972294848
4785.635071534795,4494.38925453227,291.24581700252565
4808.367386290042,5483.060532956845,-674.6931466668029
4818.040367448838,5450.357494760733,-632.3171273118951
4790.7841278620845,5137.267171449536,-346.4830435874519
5477.635760358144,5393.826137930467,83.80962242767691
5478.37785563386,5349.480209101778,128.89764653208204
5482.63152001338,5396.0842639649445,86.54725604843588
5484.681731633283,5727.666057018957,-242.9843253856743
5482.21376347819,4878.950543114685,603.2632203635048
3016.023916052366,5396.6589164584975,-2380.6350004061314
3001.94432867614,5475.512748462056,-2473.5684197859164
3805.1591950807547,5358.339769628007,-1553.1805745472525
3816.65703468801,5798.031007983257,-1981.3739732952472
3789.0968377445447,5574.081586003684,-1784.984748259139
3821.4766068457393,4504.467345859182,-682.9907390134431
3782.7564410279138,5487.634919415477,-1704.8784783875635
3801.0763060071004,5350.828788407429,-1549.7524824003285
3798.209874205004,4583.242330336572,-785.0324561315683
3829.6377811538086,5468.77736727352,-1639.1395861197116
4588.184350333634,5005.592645983059,-417.4082956494249
4606.357466089505,5680.659983909725,-1074.3025178202206
4607.788314759023,5660.078536751137,-1052.2902219921143
4639.560128789613,5077.347148238171,-437.78701944855766
4599.004582329114,5150.216201194064,-551.2116188649497
4602.6310384170865,5645.363358630398,-1042.7323202133111
4611.130344429257,5038.1476455746415,-427.0173011453844
5220.0406023951455,5701.54423991057,-481.5036375154241
5211.0197589827385,4615.4606097672695,595.559149215469
5204.912168351354,5523.514054057918,-318.60188570656373
5190.098685819131,5470.718666548591,-280.6199807294597
5212.217873927234,5534.559132790658,-322.3412588634237
5213.063643619631,5691.054223927772,-477.99058030814103
5191.092111907138,5586.055672581537,-394.96356067439865
5205.079297619152,3942.2230356177524,1262.8562620014
5420.868000226225,5167.473172819898,253.39482740632775
5447.712622691253,5684.061514385489,-236.34889169423604
5189.4678390131085,5317.717159907555,-128.2493208944461
5180.313716064043,5492.240999171168,-311.92728310712573
5188.773288659767,3783.7494411768903,1405.0238474828766
5187.162511626774,5647.494066766822,-460.3315551400474
5194.490895686552,5270.764309606302,-76.27341391975006
5208.830605266667,5535.497739777371,-326.6671345107043
5217.66072923691,4883.253249523065,334.4074797138446
5205.776210538179,3805.901904658925,1399.8743058792538
4624.035182629369,5497.668720731929,-873.6335381025601
4592.59623172033,5319.348187175082,-726.7519554547516
4597.54761604949,5349.4207751306885,-751.8731590811985
4593.180858940547,5114.483538453417,-521.3026795128699
4608.083178585834,5733.651234961498,-1125.5680563756641
4605.535811734826,5605.725191008121,-1000.1893792732953
4614.592203076362,4808.561692109085,-193.96948903272278
3831.439093119861,5275.357010211034,-1443.9179170911734
3813.4961435950127,5104.092247514867,-1290.5961039198546
3818.6080457940725,5284.5526496755165,-1465.944603881444
3826.8659565841363,4742.720154869639,-915.8541982855031
3826.6567308981553,5392.518250131921,-1565.861519233766
3828.674832709998,3829.135393673798,-0.4605609637997077
3818.158688322549,5789.599154195929,-1971.4404658733802
3811.082723601953,4599.054343916149,-787.9716203141961
3018.329043924873,3011.187086088088,7.141957836784968
3011.830189174968,5665.251847058537,-2653.4216578835694
5085.4560139534915,3965.864226579162,1119.5917873743297
5084.226642641184,3829.3185135280505,1254.9081291131338
5048.887585948451,4604.922609639333,443.96497630911745
5394.1693671810035,5536.689553115953,-142.52018593494904
5364.059011468549,5367.522257955539,-3.4632464869901014
5342.735333423191,5588.53211653097,-245.79678310777854
5364.088892056318,5265.303708739037,98.78518331728174
5374.687995246494,3823.811635301409,1550.8763599450854
5396.579910641511,5466.361433811792,-69.78152317028162
4736.290564839044,3818.7553515492095,917.5352132898347
4723.452628424119,4583.853928657483,139.59869976663595
4751.037773273104,5725.996156914725,-974.9583836416214
4735.094715254109,3818.3944332890997,916.7002819650097
3002.7596613229166,5329.938512196024,-2327.1788508731074
3560.50477412747,5816.823380065365,-2256.3186059378954
3564.067948506808,5690.151451206962,-2126.0835027001535
3576.8349598401223,5178.445869092513,-1601.6109092523907
3581.8802113601823,4610.645229563771,-1028.7650182035886
3561.4085832151404,5660.3097545586625,-2098.901171343522
4046.705710878552,5425.756982964586,-1379.0512720860343
4054.3640799474942,4718.841018428197,-664.4769384807023
4071.7439858407315,5417.0553473243235,-1345.311361483592
4043.7779652458667,5241.063100522565,-1197.2851352766984
4031.111828762277,5495.419908712968,-1464.308079950691
4502.606052246719,4840.536661028371,-337.93060878165215
4489.089249633462,5559.6487142399765,-1070.5594646065147
4503.358833562872,5673.027654642708,-1169.6688210798357
4500.300896610351,4836.52716599702,-336.2262693866696
4481.484657575304,5360.905951952865,-879.421294377561
4903.5265284777515,5541.086329560085,-637.5598010823333
4893.22108377022,3938.373257471896,954.8478262983235
4869.731696712011,5688.756529576434,-819.0248328644229
4883.960211045392,3932.6908840243414,951.2693270210502
4884.761519209517,5518.006542861485,-633.245023651968
4909.4235170136135,4628.826804401907,280.5967126117066
4916.631467389639,5549.64547510443,-633.0140077147917
4902.319342170567,5062.481370060583,-160.16202789001545
4897.950423159866,5057.901093816171,-159.9506706563052
4894.296835576914,5497.13416936091,-602.8373337839957
5380.564968282139,4611.418374488652,769.1465937934863
5364.700079563328,5388.568189043285,-23.86810947995764
5357.372020855549,5262.6790826112965,94.69293824425222
5390.09282990306,5098.876350196186,291.21647970687445
5378.251149150591,5280.539232332551,97.71191681803975
5350.364233077537,5430.527957038008,-80.16372396047063
5362.736090576019,4805.283344448071,557.4527461279476
5355.394725143819,4839.077424920628,516.3173002231915
5516.3865758842285,4601.486385653149,914.9001902310793
5443.173957096649,4910.500074858136,532.6738822385132
5432.575365862269,5783.282786530384,-350.70742066811545
5431.817601503492,5438.438439768173,-6.62083826468097
5429.8771924085395,5331.638498582871,98.23869382566863
5428.67392941843,5360.199110881175,68.47481853725458
5424.994256657304,5485.276636696347,-60.282380039043346
5435.8363291140095,5384.559185054453,51.27714405955612
5410.557509769126,4753.640590821564,656.9169189475624
5465.696316091335,4067.08075127063,1398.6155648207045
5350.422553368095,3795.066543026367,1555.3560103417276
5366.191848630087,4738.129072583182,628.0627760469051
5382.212038750651,5135.2188373242025,246.99320142644865
5354.651705308586,4608.532289407553,746.1194159010329
5369.693984176699,5345.6301074538505,24.063876722848363
5387.352724702744,5699.2174732141,-311.8647485113561
5342.858452798714,4469.026750824234,873.83170197448
5366.985965303652,4499.834113139242,867.1518521644102
3000.8699917404147,4599.546904028236,-1598.6769122878213
3009.1711374369156,5322.571001386367,-2313.3998639494516
2997.269824561802,5652.024234627981,-2654.754410066179
3927.464519443375,5427.230337966559,-1499.765818523184
3930.3628762392013,4596.964725652491,-666.60184941329
3936.2346868058085,5661.653959304783,-1725.4192724989744
3920.119436977171,5389.353847812613,-1469.2344108354418
3945.199586120816,4603.347896865688,-658.1483107448721
3917.525070821045,4862.579072262503,-945.0540014414582
3936.6642098414563,5418.32714249796,-1481.662932656504
3921.4762630653463,5507.509795348179,-1586.0335322828328
3956.048717066771,4621.113376406697,-665.064659339926
4799.476762223638,4354.54575715899,444.93100506464725
4791.764041757265,5429.7875293944835,-638.0234876372188
4808.9219163377,5657.441796503007,-848.5198801653069
4812.578046846578,5367.275441155463,-554.6973943088851
4788.263047653584,5116.765977627887,-328.5029299743028
4810.7256362714525,5680.415870516029,-869.6902342445765
4800.116261328983,5434.291880008601,-634.1756186796183
4820.594501285986,5353.003269131538,-532.4087678455526
4802.597190144549,5680.9589026148915,-878.3617124703424
5475.713741015323,4795.586338007515,680.1274030078075
5465.045585363924,5555.6713117714735,-90.62572640754934
5484.001496171373,5424.426631550184,59.57486462118959
5482.21376347819,4986.749779233148,495.4639842450424
5455.40414611349,4839.712149128369,615.6919969851215
3026.0063178872547,5625.085931719377,-2599.0796138321225
3006.460465024095,5502.975637732181,-2496.515172708086
3817.7911390385875,5663.640745007919,-1845.8496059693312
3813.9713390159354,5665.949252999073,-1851.9779139831376
3802.8351104039307,3799.6295974838395,3.2055129200912234
3802.276219462554,5608.5230350639595,-1806.2468156014056
3810.092104932062,5367.167886737213,-1557.075781805151
3822.3275912011845,5658.074467888889,-1835.7468766877041
3817.2487260511166,4505.38922674627,-688.1405006951532
3792.15935707647,3916.0845991594747,-123.92524208300483
4589.234077477193,5486.128294491755,-896.894217014562
4630.86688938223,5071.99572181658,-441.12883243435044
4602.755797183279,5476.1372829581205,-873.3814857748412
4611.088062741071,4604.146579850972,6.941482890098996
4588.752761173747,5327.893683406219,-739.1409222324719
4609.162055732931,5866.359768649192,-1257.1977129162615
4629.494990328355,5679.94949079144,-1050.4545004630854
5220.977252875747,4498.72521448476,722.2520383909869
5187.842662022332,5125.564730570092,62.2779314522395
5221.617750737045,5594.2192134683155,-372.60146273127066
5225.837053826587,4620.481288176696,605.3557656498915
5184.94077388276,4719.081909397888,465.85886448487236
5184.821458511535,5617.700277322418,-432.8788188108829
5178.946702328841,5792.984020169516,-614.0373178406753
5196.682383144569,5375.675383292346,-178.9930001477769
5435.483529880986,5671.022780088653,-235.53925020766746
5449.7169316682985,4531.460068471875,918.2568631964232
5196.13698665272,5652.320602411554,-456.1836157588341
5202.793815292778,5095.4657123774305,107.3281029153477
5207.221982844859,5506.421967522013,-299.19998467715413
5193.7748720172485,4863.291033843763,330.4838381734853
5194.694023910415,5364.775317200303,-170.08129328988798
5185.278811581813,5372.844276711967,-187.56546513015383
5218.97619244021,3947.6599562707233,1271.3162361694867
5214.185714580162,5669.279066539935,-455.0933519597729
4626.443006969145,5732.6101495146195,-1106.1671425454742
4600.127716889924,3805.9173585764156,794.2103583135086
4622.867417659014,5082.4008170040015,-459.53339934498763
4593.267186126009,5392.130916226561,-798.863730100552
4592.705376742289,4461.603079807945,131.10229693434485
4600.827503887092,4576.431384739409,24.39611914768284
4582.672275275493,5784.492314246222,-1201.820038970729
3798.4663204759113,3793.642967522508,4.823352953403173
3806.4144427229785,5309.320952485928,-1502.906509762949
3807.640980591433,5510.306172170567,-1702.665191579134
3812.7573427527927,3817.127213710704,-4.369870957911189
3848.5225271561385,5175.442948092237,-1326.9204209360987
3802.1202539366827,4578.161016454049,-776.0407625173661
3807.973246831326,5671.940722209189,-1863.9674753778627
3822.3489331058263,5612.158659764359,-1789.8097266585328
3014.045710907176,5133.0318510076695,-2118.9861401004937
3020.371099533736,5502.680431736608,-2482.3093322028717
5069.784194781467,4688.755609142631,381.02858563883547
5052.549879031354,5503.251956709944,-450.7020776785903
5066.708395661845,4884.358895568707,182.34950009313798
5365.920531794432,4794.54855034445,571.3719814499818
5361.850465758613,5562.196414330614,-200.34594857200136
5370.275856813159,5365.879381286132,4.396475527027178
5366.01599365455,5511.129227498973,-145.11323384442312
5399.245628723659,3055.0444299551045,2344.2011987685546
5382.456118872707,5061.79665265059,320.65946622211686
4745.865961635952,5752.521859359525,-1006.6558977235727
4737.501511339902,4494.253081933733,243.24842940616963
4744.575104043527,4702.262215891727,42.31288815180051
4727.830542547507,5275.760917493369,-547.9303749458613
2998.7003264527225,5503.795571793611,-2505.0952453408886
3562.582106493483,4712.442269784544,-1149.8601632910609
3539.955279649624,4569.577845931764,-1029.6225662821403
3562.6669204623904,5379.110737284331,-1816.4438168219403
3560.795740955531,5444.387548852326,-1883.5918078967952
3556.6491491456095,3809.024136944563,-252.3749877989535
4070.253287938914,5501.687394785969,-1431.4341068470553
4074.740604627818,5453.462211145257,-1378.7216065174393
4058.735292473822,5367.693263743998,-1308.9579712701757
4059.944288593507,5431.014997219833,-1371.0707086263265
4053.221936700331,5374.098390484534,-1320.8764537842035
4487.299097608361,5146.94218511338,-659.6430875050191
4472.537796065224,5350.125751365559,-877.5879553003351
4488.358744081814,4788.671288262441,-300.3125441806269
4489.96226306747,4593.14485096182,-103.18258789435004
4472.688241749795,5302.8904789474,-830.2022371976045
4892.171645089827,5555.85943073916,-663.6877856493338
4871.551214654287,3798.745921573999,1072.8052930802878
4900.626579564298,5669.650818505161,-769.0242389408631
4898.590285049092,5325.65727619133,-427.0669911422383
4917.922261108689,4764.0465244234165,153.8757366852724
4895.518228608283,5392.318327176868,-496.8000985685849
4886.876999587506,4785.294247753098,101.58275183440855
4921.086302109275,4616.403336045826,304.6829660634485
4882.007078542463,4788.2758823085605,93.73119623390266
4864.04407393655,5107.605654067737,-243.56158013118693
5380.564968282139,4619.907590389477,760.6573778926613
5353.181050441576,5122.433447166139,230.74760327543754
5361.2113235700945,5365.882943777628,-4.671620207533124
5370.495110369652,4483.437196426264,887.0579139433885
5361.2016071888065,4607.607155002044,753.5944521867623
5380.729552025246,5587.873936478549,-207.14438445330234
5355.648604653622,5591.277181211601,-235.6285765579787
5344.997789023835,5477.867640652701,-132.86985162886594
5510.566928033913,3817.5735870558806,1692.9933409780328
5438.07990246733,4603.162375131612,834.9175273357178
5453.190972921559,5034.154055517588,419.0369174039706
5422.19512276908,5328.0765808452015,94.11854192387818
5433.993072580674,5659.1162088468855,-225.12313626621108
5451.390136250328,5400.717277448914,50.672858801414804
5435.533466925128,4490.50084239854,945.0326245265878
5435.860862745786,4760.368009290293,675.4928534554929
5422.746915296038,3930.2201407999555,1492.526774496083
5456.586174861472,5486.174154802249,-29.587979940777586
5384.263880979426,5540.578986542123,-156.31510556269677
5361.525223055189,5737.446103344538,-375.92088028934904
5379.466317807379,5678.565827276192,-299.09950946881327
5341.962633335898,4773.575750154119,568.386883181779
5339.668352265269,5361.416878674967,-21.74852640969766
5365.324733238355,5668.484551590611,-303.15981835225557
5325.3067831270255,4684.298421060614,641.0083620664118
5360.178183014561,5363.0329607001595,-2.854777685598492
3004.3274079665302,4807.856288016992,-1803.5288800504618
2996.3726380757853,5174.611892203604,-2178.2392541278186
2999.904025491855,5439.649482447791,-2439.7454569559363
3922.1751666306272,5009.191645418579,-1087.016478787952
3912.92198194122,4749.360849037767,-836.4388670965473
3950.0816450258617,5422.7471477363115,-1472.6655027104498
3920.992824001843,3920.5619978517148,0.43082615012826864
3919.551203277828,3785.0698357972547,134.48136748057323
3952.412228431997,5593.736614384009,-1641.324385952012
3942.538536371963,4877.231086702866,-934.6925503309035
3930.9205944867003,5722.9325784035445,-1792.0119839168442
3942.523249666615,5384.081211490344,-1441.5579618237289
4804.091475317369,4352.944264929783,451.1472103875867
4801.20243063018,5485.633158808474,-684.430728178294
4785.058833369397,3926.880189351186,858.1786440182109
4809.8599782551155,5510.792677606675,-700.9326993515597
4796.1478347386055,4577.88676971502,218.26106502358562
4797.469071934832,5666.282221832552,-868.81314989772
4810.939652451982,4515.388971581724,295.55068087025757
4820.659120350832,5682.4346836947625,-861.7755633439301
4826.393054610144,4752.5497962258505,73.84325838429322
5467.256868778918,5265.40592047292,201.85094830599792
5467.396904959701,5641.936400428655,-174.53949546895456
5462.4650023874365,4783.386999604078,679.0780027833589
5475.607103542776,5443.904413431264,31.7026901115114
5501.563529302875,5693.27158993731,-191.70806063443433
2996.5070998155834,5657.710377513026,-2661.203277697443
3008.2815328507445,5784.585703544032,-2776.3041706932877
3799.46310713783,4589.886471294104,-790.4233641562741
3834.8785248005024,5695.952862882003,-1861.0743380815002
3811.4263465909144,5477.174018494958,-1665.7476719040433
3815.4586232720403,5188.315581835338,-1372.8569585632977
3812.9963141672943,5368.1862970954935,-1555.1899829281992
3797.6643835500145,4966.952679887278,-1169.288296337263
3813.721576554694,5373.690313995566,-1559.9687374408718
3816.0541491403565,5631.016642118167,-1814.9624929778101
4622.601330140846,4748.818342896148,-126.21701275530268
4651.278784537536,5641.1025079538895,-989.8237234163535
4610.794158787149,4041.5180167182075,569.2761420689417
4599.840455298854,5372.751013459713,-772.9105581608592
4627.65145658564,4818.968715266404,-191.3172586807641
4601.663830701678,5359.872178955568,-758.2083482538901
4615.487241269683,5618.803381032865,-1003.316139763182
5223.831423768549,4889.811082164081,334.02034160446783
5193.422323657369,5651.528384486301,-458.10606082893173
5223.524098909291,5151.903305101661,71.62079380762952
5197.349550295114,3805.4199253258794,1391.9296249692343
5212.673161283144,5254.864779834564,-42.191618551420106
5201.560794029637,5514.492834601431,-312.93204057179446
5216.600757868896,4884.085965388557,332.51479248033866
5179.402622263348,4761.509841390603,417.8927808727458
5421.255219915574,5707.933885091971,-286.67866517639686
5423.6902650126,5512.75410251906,-89.06383750646
5201.265073812868,5018.283243492614,182.98183032025372
5185.14249231662,5668.480665377323,-483.3381730607034
5192.848917760359,5441.972317661531,-249.12339990117198
5188.042339872741,5433.166031144866,-245.12369127212514
5187.4758865656595,5121.195530624936,66.2803559407239
5199.055181911887,5479.679104915129,-280.62392300324154
5188.455081060499,5481.216210590677,-292.76112953017855
5203.777365414136,5503.805255821702,-300.0278904075667
4579.514200542929,5418.123886167398,-838.6096856244694
4601.5201130806845,3803.625016453149,797.8950966275356
4621.565648079038,5351.968474986849,-730.4028269078117
4601.449198125596,5505.739757128434,-904.2905590028377
4615.210521986194,5288.771523075641,-673.561001089447
4611.573922121594,5632.290731323851,-1020.7168092022575
4608.647174830886,5043.272675759731,-434.6255009288452
3799.012012045611,4791.159225234289,-992.147213188678
3824.30882903355,5582.494001491622,-1758.185172458072
3808.940953583116,5603.978191711049,-1795.0372381279326
3800.830754621842,4854.363106407905,-1053.5323517860634
3820.947808733555,5446.269217520146,-1625.3214087865913
3802.0631866084354,5350.477902900526,-1548.4147162920904
3835.08395268855,4774.61269290225,-939.5287402137001
3825.1426533021922,5063.31567097067,-1238.1730176684778
3024.450540869272,5531.522652752168,-2507.072111882896
3010.350574718547,4837.29917163925,-1826.948596920703
5065.19109371968,5525.270265308581,-460.07917158890086
5050.193407096758,4872.351818141129,177.84158895562905
5052.347813924603,5614.933607522251,-562.5857935976483
5359.068574027059,4831.391049861212,527.677524165847
5363.7134272067515,4582.030160133312,781.6832670734393
5388.464213018303,4617.440457040013,771.02375597829
5345.247156002003,4473.009914393279,872.2372416087237
5394.86105425592,5499.388592004985,-104.52753774906523
5375.744010433401,5689.604618431811,-313.86060799841016
4729.707370706232,4731.972865280019,-2.265494573786782
4760.171776153461,5697.147437238329,-936.9756610848681
4704.296296587106,5476.463100282114,-772.1668036950086
4744.469363693202,4613.413608558778,131.05575513442363
2989.6449336282926,5561.187096645133,-2571.5421630168407
3565.106238954289,4746.189197136138,-1181.0829581818493
3555.3295445941335,5384.84269435818,-1829.5131497640464
3565.5054351081444,5727.785089605898,-2162.2796544977537
3565.1703017739637,4599.020391366295,-1033.8500895923316
3572.6835759532514,5524.636635853063,-1951.9530598998117
4053.2079312789765,3942.6860824503137,110.52184882866277
4064.6942720161537,5449.666710508145,-1384.9724384919914
4055.571690771437,5179.1719434997385,-1123.6002527283017
4055.754316669397,5481.954908747778,-1426.2005920783809
4061.7816973722047,5806.804412570544,-1745.022715198339
4497.436828384081,5659.435798818062,-1161.9989704339805
4485.485163988093,5499.470668003973,-1013.98550401588
4490.773978851986,5095.970165957041,-605.1961871050553
4483.307063134954,5154.843552478337,-671.5364893433834
4503.414147603155,3942.703752165937,560.7103954372174
4878.7489717682365,4828.155506441502,50.593465326734076
4870.336702568145,5363.159827887225,-492.82312531908065
4874.691319693151,5041.025059078812,-166.33373938566092
4901.482985438423,5532.879579947416,-631.3965945089922
4901.12210125003,5344.555272096537,-443.433170846507
4889.99059023351,5186.551203285789,-296.5606130522783
4910.187692998324,5462.589286275047,-552.4015932767234
4891.499097311499,5512.38070333677,-620.8816060252711
4882.829016384801,5508.860040254137,-626.0310238693355
4889.566937808375,5431.80521535875,-542.2382775503747
5380.564968282139,5455.623624001948,-75.0586557198094
5344.593563145596,4711.9158854314055,632.6776777141904
5358.465365112377,5257.44753745538,101.01782765699681
5330.930481172988,3918.0615992012417,1412.8688819717463
5380.74296787452,5656.633966549487,-275.8909986749668
5362.92351763149,3004.579074640472,2358.344442991018
5355.493420990148,5799.576294179855,-444.08287318970724
5368.1138665440485,4890.929295322482,477.18457122156633
5526.173362461794,5669.25902444008,-143.08566197828623
5461.543104306493,4625.933794673812,835.6093096326804
5455.262299396549,5475.106417935772,-19.844118539223018
5420.635326528668,5543.319150621572,-122.6838240929037
5440.9146477352015,5522.372221314838,-81.45757357963612
5411.628819415992,5466.620027704141,-54.9912082881483
5427.678422031276,5257.050939218285,170.62748281299082
5440.761906953909,5431.323816557266,9.43809039664302
5413.3683564021,5429.390359486929,-16.02200308482861
5446.767095060063,4485.650406012386,961.116689047677
5353.241244012318,5432.867623247948,-79.62637923563034
5335.972594956106,3921.2232738267116,1414.7493211293945
5345.490337431165,4821.158082025389,524.3322554057759
5355.990587550782,3945.241228538056,1410.749359012726
5372.535862712775,5523.24353087589,-150.70766816311516
5374.908779513794,4748.273591730296,626.6351877834977
5375.134203171691,5468.324996368589,-93.19079319689808
5366.144305381509,5519.337257880887,-153.1929524993775
3007.2098004166583,5597.720567675611,-2590.510767258953
2994.3895871768127,5101.172666395166,-2106.783079218353
3024.6516144812786,5169.414304605161,-2144.7626901238827
3938.626225747841,4597.391784465704,-658.7655587178633
3914.4167432455706,5638.994986558348,-1724.578243312777
3949.704279477151,4812.366567730435,-862.6622882532843
3925.2329680529106,3940.782550762272,-15.549582709361403
3931.4694273448144,5465.083279898497,-1533.6138525536821
3938.526702750763,4751.332487660063,-812.8057849092997
3946.4731253963114,5457.728133958182,-1511.255008561871
3936.334907671795,5506.100602578412,-1569.7656949066168
3941.9851279107443,5505.999913471233,-1564.0147855604891
4800.426804674205,5513.144290203497,-712.7174855292915
4796.041289957289,5431.911691605686,-635.8704016483971
4808.789814396188,5417.284447274436,-608.494632878248
4801.1644963262115,4606.2128394952,194.95165683101186
4836.159285912795,5541.654195348953,-705.4949094361582
4802.893176261534,5526.7277422922525,-723.8345660307186
4822.295557442992,4747.438575483558,74.85698195943314
4801.103263730933,4792.520610544751,8.582653186181233
4805.729452019359,5098.000693504607,-292.27124148524763
5468.6239145143245,5660.587521397334,-191.96360688300956
5462.209784446421,5429.24841707437,32.96136737205052
5476.707093068205,5521.29914498685,-44.592051918644756
5468.6302674670505,5601.255421789536,-132.6251543224853
5455.391550129404,5030.9803027495,424.4112473799041
3008.2815328507445,4575.696448150903,-1567.4149153001586
3014.5721471963857,5499.867318245809,-2485.295171049423
3815.8266675387745,5250.23792652134,-1434.4112589825659
3817.7951089655658,4886.518555074255,-1068.7234461086896
3807.294818212715,5655.648844995855,-1848.35402678314
3820.2628772506764,5415.370817673984,-1595.1079404233074
3820.7709049879,4847.693591686337,-1026.9226866984368
3817.28647436796,3953.988011944531,-136.7015375765709
3822.1388158694685,5292.215269232198,-1470.0764533627294
3828.7062431936,5693.4046303304285,-1864.6983871368284
4590.933924314966,5573.763429082535,-982.8295047675692
4613.8589192507325,5390.528572698261,-776.6696534475286
4601.470979988464,3029.1161602627135,1572.3548197257505
4600.385476637417,5505.601434766876,-905.2159581294591
4602.115594669528,4501.045833858174,101.06976081135417
4600.359436954708,4583.378208124097,16.981228830611144
4615.366610419115,5268.958348774326,-653.5917383552105
5208.330791277283,5578.787593503683,-370.4568022263993
5219.576556427641,5067.060893887961,152.5156625396794
5208.94512257091,5690.206329106781,-481.26120653587077
5183.561482273591,5691.647970171833,-508.086487898242
5241.797561627352,5701.026112377826,-459.2285507504748
5198.18326395453,3933.7527695044637,1264.4304944500664
5225.48242466443,5389.273871810894,-163.79144714646372
5196.4339179889375,5383.394693566464,-186.96077557752687
5423.578379924872,5596.766945130335,-173.18856520546342
5409.271478903978,5120.971300690284,288.3001782136944
5203.229290533552,5487.1791903154435,-283.9498997818919
5230.914948818544,5417.550173172098,-186.6352243535539
5215.73514700312,5517.821129524027,-302.08598252090724
5203.301978560204,5703.862708443446,-500.56072988324195
5199.562859758571,4863.362376181739,336.2004835768321
5220.161448324521,5703.682408063221,-483.5209597387002
5177.248987258232,5488.614392306056,-311.3654050478244
5195.473527014031,3938.0370396821695,1257.4364873318614
4617.919291842911,3819.9451188801527,797.9741729627581
4616.119558274355,5015.984568793365,-399.86501051900996
4615.330889575948,5171.995390208081,-556.6645006321323
4601.071517156415,5332.250229851649,-731.178712695234
4599.741492091428,4829.974261156043,-230.23276906461524
4607.006319520246,5380.09127795114,-773.0849584308944
4611.021959834218,5617.816562535974,-1006.794602701756
3803.184723985441,5247.300103302135,-1444.1153793166936
3807.0011725256427,5369.218558635209,-1562.2173861095662
3812.8795499209273,5501.473732718973,-1688.594182798046
3821.5436050982953,5185.822779407971,-1364.279174309676
3821.7125433543383,4600.2101898222345,-778.4976464678962
3803.0690775667026,5028.616843976999,-1225.5477664102964
3809.1981349427083,5323.64298831517,-1514.4448533724621
3798.101638698394,3802.737744587444,-4.636105889050214
3017.466220449933,5394.33575184067,-2376.869531390737
3020.541761657221,5663.464500445912,-2642.922738788691
5052.347813924603,5052.4861175799615,-0.13830365535886813
5054.087183205513,5132.646024247255,-78.5588410417422
5059.992844710663,5575.333829227753,-515.34098451709
5366.444435851252,5658.057434903416,-291.612999052164
5351.18249655004,5643.185629975108,-292.003133425068
5357.075066520678,4072.324267073456,1284.7507994472217
5355.49343891758,5425.3961947247135,-69.90275580713387
5367.132060261888,4720.531377733704,646.6006825281838
5341.809608335542,5358.26133376717,-16.451725431627892
4724.723183840133,4781.427886947423,-56.70470310728979
4696.152089320963,4845.227475989981,-149.07538666901837
4720.738432874715,5380.19248541229,-659.4540525375751
4723.404345123584,5425.538143282405,-702.1337981588213
3028.8975432177563,3027.4486207516043,1.4489224661519984
3547.8502120422645,5143.252254409677,-1595.4020423674128
3560.26651147259,5009.983565648123,-1449.7170541755327
3551.1154529592704,5661.456831347441,-2110.3413783881706
3569.337680896311,5278.181038238407,-1708.8433573420962
3563.514430112849,5553.475074341709,-1989.96064422886
4041.9767159600515,5691.3504667831185,-1649.373750823067
4057.802363786392,4811.642412794509,-753.8400490081171
4049.63691108218,4712.751767579151,-663.1148564969712
4054.2238760842006,5520.503069757769,-1466.279193673568
4074.8991032366007,5327.395197675156,-1252.4960944385552
4508.323480936853,3827.1257020252556,681.1977789115977
4496.705578509274,4604.940356759481,-108.23477825020655
4528.70033931056,5470.137568353902,-941.4372290433421
4501.259295977607,4720.255478960176,-218.99618298256974
4480.592698763932,5667.98815875534,-1187.3954599914077
4893.3528885072565,4787.337196716644,106.01569179061244
4895.484953102108,4739.501755318705,155.98319778340283
4880.087999082774,5165.710455083593,-285.6224560008186
4854.359439778426,5643.789317650395,-789.4298778719685
4883.070009823658,5357.222540148106,-474.152530324448
4881.298063364614,5852.139229130735,-970.8411657661209
4907.7952085883135,5616.068547887596,-708.2733392992823
4885.851157332019,5333.429128028252,-447.577970696233
4887.0411925927665,5569.6110945518785,-682.569901959112
4886.553889071989,3813.0848050165423,1073.4690840554467
5380.564968282139,4824.2828469111155,556.2821213710231
5364.87847401993,5676.409937677984,-311.53146365805424
5378.324313495082,4067.151772423117,1311.1725410719646
5370.473570224276,4802.422106735233,568.0514634890433
5368.288703038908,4601.136013381504,767.1526896574042
5336.481590983999,5633.279397560487,-296.79780657648826
5396.016941804051,5515.828925006997,-119.81198320294607
5359.057259893464,3003.6810212751325,2355.3762386183316
5505.653083107703,5156.6047158170495,349.0483672906539
5435.689842460256,5442.086683268158,-6.396840807901754
5423.3489652343305,4571.94869440201,851.4002708323205
5419.92161708509,5350.02753774355,69.89407934153951
5451.945990877559,3961.2896691908827,1490.6563216866762
5432.133171621537,4604.348753607529,827.7844180140082
5414.316923860934,4779.835603363928,634.481320497006
5424.035697846659,4570.180424238671,853.8552736079882
5416.284666460181,4723.254190361182,693.0304760989993
5440.5019761887215,5443.595087737846,-3.093111549124842
5363.330473933461,5384.343710824043,-21.013236890582448
5357.521905364983,5709.589327256377,-352.0674218913946
5340.6566386618615,5089.016058707826,251.64057995403527
5352.256918112473,5650.531794252356,-298.2748761398834
5379.05234409419,5616.278413512771,-237.22606941858157
5378.640265669724,5614.857094771988,-236.21682910226446
5361.061738022675,4047.2702792471177,1313.7914587755572
5390.913351910652,4759.383101056383,631.5302508542691
2996.3726380757853,5445.872081620347,-2449.4994435445615
2997.9630471898467,5643.033096647227,-2645.07004945738
3006.764836400413,3037.080207223033,-30.315370822620025
3946.620818540074,5621.868140970266,-1675.2473224301916
3959.260524662812,5486.955508372952,-1527.6949837101401
3935.5962118677853,4585.3740091226155,-649.7777972548301
3933.6071051035856,5481.02564516757,-1547.418540063984
3952.279507371669,5381.948562773241,-1429.6690554015722
3921.4762630653463,4580.224080519786,-658.7478174544399
3928.131269712812,5668.627282826097,-1740.4960131132852
3962.588371395994,5092.025681460529,-1129.4373100645353
3944.9639923730347,4481.940628008201,-536.9766356351665
4800.080107239061,4499.987584979865,300.0925222591968
4798.620329374006,5259.913890611374,-461.2935612373676
4789.468100449847,5508.021515178767,-718.55341472892
4795.3008420673505,4593.0752409017,202.22560116565
4811.967398016887,5427.481210477309,-615.5138124604218
4797.903702366146,4571.482957530684,226.42074483546185
4810.633055133806,5048.101239967612,-237.46818483380594
4817.339765969772,4750.037216765439,67.30254920433345
4817.763964239017,4618.591023980462,199.17294025855517
5458.918359659892,5649.5762675907845,-190.65790793089218
5452.836537331903,5372.291093007046,80.54544432485727
5471.256949693513,4584.195440639269,887.0615090542442
5460.4469748945085,5319.027702422383,141.41927247212516
5472.06663462138,5346.808952715328,125.25768190605231
2997.8189042313775,4959.368311808937,-1961.5494075775591
3019.985256737382,5602.272424820089,-2582.2871680827075
3812.1092011748347,4872.744484389006,-1060.6352832141715
3822.1754142862806,5344.694447661481,-1522.5190333752003
3808.0579335804505,5034.835206713749,-1226.7772731332989
3808.1313087483195,5272.295620021494,-1464.1643112731745
3813.3538655774946,5283.275877255492,-1469.922011677997
3833.494109979418,5530.913128525582,-1697.4190185461634
3819.9491313187946,5396.67662558112,-1576.7274942623253
3799.988534652139,5143.762709471499,-1343.7741748193598
4622.6495969622665,5750.796512750416,-1128.1469157881493
4620.093925794123,3940.534610252519,679.5593155416036
4608.56374204489,5531.975620643209,-923.4118785983192
4588.470179678068,5705.2977995319325,-1116.8276198538642
4594.665160370732,5506.793152802041,-912.1279924313085
4612.870796071467,5437.236444209509,-824.3656481380413
4622.865178080305,5184.677593339912,-561.8124152596074
5209.18076049332,5046.91209020274,162.2686702905803
5203.82435605379,5659.612902529917,-455.7885464761266
5204.391375574245,5388.039820964938,-183.64844539069327
5197.675799850827,5653.573236901181,-455.8974370503538
5191.275192978638,5383.790576758238,-192.5153837795997
5208.83890217159,5517.734488167108,-308.89558599551765
5188.773288659766,4452.8238851281185,735.9494035316475
5196.930724728137,5170.2429070546805,26.687817673456266
5449.857800345454,5503.393776987494,-53.535976642039714
5416.456043232576,4721.24168571072,695.2143575218561
5195.873291269174,4598.3294281141725,597.5438631550014
5189.966064414509,5505.758286457455,-315.7922220429464
5217.853361723496,5034.163844830646,183.6895168928504
5187.634607634218,5370.677902757417,-183.04329512319873
5215.04676644573,5539.7935262465335,-324.7467598008034
5190.523371482522,5373.965548043852,-183.4421765613306
5190.12400029175,3018.7992968828403,2171.32470340891
5198.573989681685,5399.813350353373,-201.2393606716878
4613.812670644344,5592.992237623778,-979.1795669794346
4610.824688796406,3817.6282943279384,793.1963944684676
4607.344603285294,4599.512834049226,7.831769236068794
4636.598684382604,4624.996019860875,11.602664521728911
4621.906000707144,5455.324797953059,-833.4187972459149
4609.2086279297355,3818.853917287715,790.3547106420206
4594.944738873695,3551.6628338916935,1043.2819049820018
3811.558446782301,5453.026306483791,-1641.46785970149
3806.5719016288303,3811.4081572371692,-4.836255608338888
3815.6779084415793,5039.677272902001,-1223.999364460422
3811.435886787492,5487.182951739796,-1675.7470649523043
3799.317958167567,5522.093401637081,-1722.775443469514
3803.0530673072462,5437.258532617335,-1634.2054653100886
3804.975388914671,5555.272829003824,-1750.297440089153
3796.329144243897,5416.037695285323,-1619.7085510414258
3010.4006402982805,5484.69093971377,-2474.2902994154892
3014.251811843442,4315.947394585579,-1301.695582742137
5048.912255658614,5092.8336805371455,-43.92142487853107
5069.5411000119775,4911.007025809576,158.53407420240183
5043.469480141923,5716.648356826657,-673.178876684734
5364.228828490483,5655.721644789368,-291.4928162988854
5378.040814195746,4797.905327544076,580.1354866516704
5364.501605675761,5522.9744466356715,-158.47284095991017
5356.4583463542685,5264.652397593195,91.80594876107352
5393.626026519407,5199.964209285241,193.66181723416594
5375.922229148816,5026.484056620792,349.43817252802364
4702.928522028972,3019.2998604565782,1683.6286615723939
4754.139861537632,5708.474986012687,-954.3351244750547
4717.360394003707,5514.553344041493,-797.1929500377855
4710.221725250767,5505.202016179761,-794.9802909289938
3018.157431175517,5409.097277178802,-2390.939846003285
3563.742951159498,5260.38169219387,-1696.6387410343718
3562.7443390730054,5358.969750264113,-1796.2254111911075
3576.334403159158,5411.492212303422,-1835.1578091442643
3551.2722566282273,5452.462362347051,-1901.1901057188234
3561.516581124092,5600.379575457826,-2038.8629943337337
4051.4939368642695,5173.168023461805,-1121.6740865975357
4066.20747266332,5200.324389382423,-1134.1169167191028
4042.9897627390264,4566.483729196168,-523.4939664571411
4053.620687734405,5599.860598769189,-1546.2399110347842
4053.3421702422315,5512.065929387237,-1458.7237591450053
4487.352415765559,5478.537007292439,-991.1845915268796
4515.453335747265,5550.674805499287,-1035.2214697520221
4488.316983630782,5141.036111653319,-652.719128022537
4496.72736396574,5383.970064943426,-887.2427009776866
4478.665458851013,4712.92536197947,-234.25990312845715
4867.041054375581,4583.23916597803,283.801888397551
4873.401643777779,5358.793055411534,-485.3914116337546
4896.207112324232,3565.5998680644157,1330.6072442598165
4897.244421722652,5802.570171934227,-905.3257502115748
4870.829886908937,5354.338306841555,-483.5084199326184
4885.777666238222,4842.861587734222,42.916078504000325
4882.6093413639155,5548.117661357231,-665.5083199933151
4878.91858827837,4788.500986599292,90.41760167907796
4873.231571383404,2998.66103707563,1874.5705343077743
4884.607441525583,4577.327945264252,307.2794962613316
5380.564968282139,5061.470018463625,319.09494981851367
5360.805093255709,5049.099584088476,311.7055091672328
5342.472372766808,5095.975078609674,246.4972941571341
5367.668361892978,5603.476965663675,-235.80860377069712
5365.924116734177,5595.803585587924,-229.8794688537473
5351.3896627404165,5503.504791887286,-152.11512914686955
5376.839271476494,4728.436698724243,648.4025727522512
5367.545803080045,4747.614208273688,619.9315948063568
5491.088005683082,5634.139857315179,-143.05185163209717
5442.6825265964335,4831.448785204738,611.2337413916957
5422.100150650442,5163.360019061133,258.7401315893085
5430.216760696138,5437.82998595407,-7.613225257931845
5430.374167645991,4709.034922316909,721.3392453290826
5435.393499513208,4591.396228228716,843.997271284492
5456.494756726134,4489.152247539953,967.3425091861809
5430.965967830587,5509.043961076089,-78.0779932455016
5421.675300972373,4723.135312732587,698.539988239786
5451.827898742079,5512.058073334367,-60.23017459228777
5350.421298172177,4853.3352933823035,497.0860047898732
5375.35405343518,5373.656692669273,1.6973607659065237
5339.832225762896,5420.011520180718,-80.17929441782235
5349.528222077977,4587.421756910436,762.1064651675415
5350.714536748704,5605.514559575252,-254.80002282654823
5340.2211878321905,4719.812429824633,620.4087580075575
5373.904355616663,4067.2226437582385,1306.681711858425
5356.823484703235,5255.219924346744,101.60356035649147
2988.58334754427,5655.732418084745,-2667.1490705404753
2999.9079578065757,5658.554207866231,-2658.6462500596554
3003.361818195701,5372.32554240272,-2368.9637242070194
3923.7760918626245,4719.986894932814,-796.2108030701893
3926.7041778732837,5119.734517626131,-1193.0303397528469
3937.3426807072838,5251.84588008431,-1314.5031993770262
3935.214167754179,5685.3261366163815,-1750.1119688622025
3919.666964374762,5243.8024136400845,-1324.1354492653227
3947.9329291403888,5693.146148345146,-1745.213219204757
3945.9002304277647,5523.710368862177,-1577.8101384344127
3938.39195421889,3013.617735740408,924.774218478482
3943.6241248477704,5611.805520430191,-1668.1813955824205
4808.969393822912,3940.298065022532,868.6713288003803
4821.8226484607785,4990.427389129046,-168.60474066826737
4808.367386290042,4798.143019099721,10.224367190321573
4791.53040634625,5547.92812640021,-756.3977200539603
4812.046276551797,5144.941077498903,-332.894800947106
4819.437087093868,5395.173896662874,-575.7368095690053
4797.47954506358,5691.37049117245,-893.8909461088697
4799.736106293016,5606.239568857189,-806.5034625641729
4817.398612465894,4365.487889026548,451.91072343934593
5445.346834357177,4036.530043726167,1408.8167906310096
5477.4930319005625,5111.675039421793,365.81799247876916
5446.23666963982,5638.633789754349,-192.39712011452866
5477.136177536726,4799.942045772676,677.1941317640503
5475.353692884328,4510.846585931769,964.5071069525584
3032.402008489271,5461.341407015854,-2428.9393985265833
3011.688437514314,5392.457467567552,-2380.769030053238
3822.1754142862806,4492.639228048156,-670.4638137618754
3798.1157012413405,5345.883507421221,-1547.7678061798806
3811.4262724873447,5474.488537430777,-1663.0622649434322
3824.647056052857,5364.284927656196,-1539.6378716033387
3820.776208356453,5672.407740713184,-1851.6315323567305
3839.4531606151054,5452.361265013685,-1612.9081043985793
3799.8611440021446,5506.465856628912,-1706.6047126267672
3818.799675849925,5446.512280735844,-1627.712604885919
4600.740480978168,3929.9731588400996,670.7673221380687
4612.995783637619,5380.320093589514,-767.324309951895
4604.255384956651,3545.5885604448385,1058.6668245118126
4601.759973826617,5656.824830071108,-1055.0648562444912
4585.338449352828,5705.385660326825,-1120.0472109739967
4606.711800973918,3819.643618713154,787.0681822607639
4615.348736336837,4740.288997698101,-124.94026136126467
5181.964878407138,4334.996414431805,846.9684639753332
5193.756135403867,3021.9053021294835,2171.8508332743836
5217.659940491304,5627.293587543649,-409.6336470523447
5216.142492408502,4610.384773745189,605.7577186633134
5192.906334025674,5376.524155412256,-183.61782138658145
5193.194751121401,5439.519166408475,-246.32441528707386
5203.613537752093,5662.1424157780175,-458.5288780259243
5191.0345680590835,5439.779856264222,-248.74528820513842
5423.448702902104,3802.84583981665,1620.602863085454
5408.1237469958205,4890.469840541745,517.6539064540757
5208.624238801,5126.851996413685,81.77224238731469
5189.453045886071,4773.644830862553,415.80821502351773
5220.27916962385,5538.375889052497,-318.0967194286468
5180.369799391762,5572.840930806964,-392.47113141520185
5235.425702627639,5475.086467417649,-239.66076479001003
5206.401472885881,5061.841454715983,144.56001816989829
5202.396303699583,4601.397338122485,600.9989655770978
5188.76709944421,5166.715733504894,22.051365939315474
4619.128697023114,4914.551871072866,-295.42317404975165
4614.246231584408,5713.765552309553,-1099.519320725145
4606.997978095249,4583.693744266186,23.304233829063378
4616.482634071926,5719.095397307352,-1102.6127632354255
4609.740053715246,5382.907794148533,-773.1677404332868
4636.264924276962,5364.259719470857,-727.9947951938948
4581.108981680199,5643.420018258144,-1062.3110365779457
3807.288432476937,4468.542741031867,-661.25430855493
3826.8705407816683,5166.888605084511,-1340.018064302843
3812.765532876863,5609.913010198754,-1797.147477321891
3816.519722434822,5318.614907595234,-1502.0951851604123
3804.530559218194,5267.476837248281,-1462.9462780300873
3830.2793018069906,4890.725541978773,-1060.4462401717828
3812.2119695232814,5676.420796090546,-1864.2088265672646
3844.532104333504,5354.512795940347,-1509.9806916068433
3013.9261154393002,5658.05468120207,-2644.12856576277
3017.362195983265,5685.7639146523725,-2668.4017186691076
5037.534139593887,5300.616915851082,-263.0827762571953
5048.476283480532,5432.0174378137,-383.54115433316747
5039.780422509462,4949.193597632841,90.586824876621
5365.929999284855,3935.636615185184,1430.2933840996707
5356.4583463542685,5345.381799406923,11.076546947345378
5369.953339567615,4612.771083439924,757.1822561276913
5395.796362130008,5044.022727086673,351.77363504333516
5342.760592612516,4573.980314534437,768.7802780780794
5368.842406360173,5441.574139339759,-72.73173297958601
4736.455464703805,5667.201559306118,-930.746094602313
4721.8652897402135,5682.43329071896,-960.5680009787466
4740.054007209964,5498.31797681166,-758.2639696016959
4732.786175343247,5274.028357400471,-541.2421820572235
3017.1565375127225,5442.6549865981315,-2425.498449085409
3571.1128301558197,5638.446314391815,-2067.333484235995
3546.915982397824,4790.871954696928,-1243.955972299104
3544.4975652633657,3920.845916041888,-376.3483507785222
3540.5710907359526,4767.521650800151,-1226.9505600641987
3557.3448866097706,4588.395053317044,-1031.050166707273
4034.335993387627,5616.28402769874,-1581.9480343111131
4055.2947210398233,5729.503583036728,-1674.2088619969045
4040.6826530189596,5657.787305394643,-1617.1046523756836
4046.6272274392068,4731.489937168077,-684.86270972887
4048.0037632391436,4596.775939248971,-548.772176009827
4501.153193057255,5664.774412992417,-1163.6212199351621
4492.835305043748,4727.156333749526,-234.3210287057782
4497.147116125787,5534.5601551241725,-1037.4130389983857
4487.459234933737,4742.347393651174,-254.88815871743645
4499.455422387732,5341.152268514681,-841.6968461269489
4889.172332473692,4875.747272151259,13.425060322433637
4888.317489575341,5171.619294834495,-283.3018052591542
4897.35295140224,5578.296444246474,-680.9434928442333
4879.797226566382,5482.683493355635,-602.8862667892527
4894.177386610999,4726.0028929704895,168.17449364050935
4878.554045453485,5551.273778051596,-672.7197325981115
4875.84525934426,3020.4433816924,1855.4018776518596
4886.3659495335605,5475.946751046694,-589.5808015131333
4887.902325574275,5514.179687246629,-626.2773616723543
4887.567868283064,3557.0488517470244,1330.5190165360395
5380.564968282139,5457.182017503592,-76.61704922145327
5365.491825205214,4601.982915847448,763.5089093577662
5380.710643674733,5849.232438054589,-468.52179437985615
5388.5731222915065,4114.730992592852,1273.8421296986544
5368.578513668406,5445.501201243194,-76.92268757478814
5404.167142069835,4833.591374748597,570.5757673212374
5338.101958559975,5488.906204692145,-150.8042461321702
5352.35475324743,4733.249610061981,619.1051431854494
5528.316272172573,5173.578575855167,354.7376963174056
5439.201232273386,4599.764729781105,839.4365024922809
5433.137779619301,5657.550990184617,-224.41321056531615
5443.288935541206,5251.083445603003,192.20548993820285
5452.098494813907,4992.959753157672,459.13874165623474
5435.533466925128,3823.8425010034703,1611.6909659216576
5431.683388357476,3950.5282935587366,1481.1550947987398
5437.918432945422,5373.716784190639,64.20164875478258
5430.0883311498155,3930.7925303255797,1499.2958008242358
5443.458242138141,4856.13308561052,587.3251565276214
5356.690667614478,4865.389582030119,491.3010855843595
5383.515278988558,5542.105839101884,-158.59056011332632
5348.953786113027,5163.308425831431,185.64536028159546
5361.453696474761,5699.574544950364,-338.12084847560254
5365.183925239667,4590.6449175387215,774.5390077009451
5365.846195197523,5567.297637962983,-201.45144276545943
5363.961763742767,5367.303462462836,-3.341698720068962
5337.065490075998,3548.778160089812,1788.2873299861863
2999.904025491855,5664.329308560059,-2664.425283068204
3006.764836400413,5050.736398001466,-2043.971561601053
3015.3816071594233,5705.992423102979,-2690.6108159435557
3942.1934424960114,4836.309794805026,-894.1163523090149
3930.2540618152716,5783.123711062886,-1852.8696492476147
3914.7949926865235,5426.528516488258,-1511.7335238017345
3924.061733006471,5460.208595278286,-1536.1468622718153
3922.7861149615596,5320.956233872056,-1398.1701189104965
3960.4336671778706,4824.810628481542,-864.3769613036716
3941.934035142227,5161.809596121147,-1219.8755609789196
3922.5231488466698,5561.851006971609,-1639.3278581249397
3925.0450791191593,5508.100503902217,-1583.0554247830573
4823.409294088635,5359.9958260622625,-536.5865319736276
4796.1478347386055,5523.790965576209,-727.6431308376032
4797.129123705442,5377.327382955595,-580.1982592501527
4812.533863121907,3801.2431948176763,1011.2906683042311
4809.426021884722,5666.421209227224,-856.9951873425016
4779.157424424509,4559.893572712636,219.26385171187303
4792.391725730548,5485.577582281979,-693.1858565514303
4807.713713189187,3028.5386384675926,1779.1750747215942
4786.681537722415,4472.92534704375,313.756190678665
5479.143314941845,5400.739013757154,78.40430118469158
5461.540556187524,4735.7852411065405,725.7553150809836
5466.850806273053,4485.8517230499465,980.9990832231069
5444.488927838339,5489.683201006494,-45.19427316815472
5465.512212448084,5377.201977563741,88.31023488434312
3003.0282372439424,5518.709776768882,-2515.6815395249396
3012.7990628297625,4998.473625555238,-1985.6745627254754
3808.0579335804505,5017.307872168162,-1209.2499385877118
3811.4262724873447,5261.160556502839,-1449.7342840154947
3821.172889354479,5439.385498232955,-1618.2126088784757
3803.7672206769503,5470.246226157159,-1666.4790054802088
3798.325395408412,5467.4148606144745,-1669.0894652060624
3806.625487459936,4587.863173011323,-781.2376855513871
3821.16216632615,5456.2317407222035,-1635.0695743960537
3807.654369352853,3800.4830977543866,7.171271598466319
4609.000073570366,5365.3545643241405,-756.3544907537744
4608.958498258639,5435.431628341028,-826.4731300823887
4603.144791455836,3804.028225515154,799.1165659406815
4601.381301596688,5090.341165776185,-488.95986417949734
4621.215860041984,4608.885583063142,12.330276978842448
4607.8392564546475,4583.565533938842,24.273722515805275
4596.498762007858,5519.962137365206,-923.463375357348
5163.9187371288,5474.25082773362,-310.3320906048202
5192.464496055749,4467.01788638367,725.4466096720789
5177.054067654196,5237.061632581047,-60.007564926851046
5207.914483460156,5388.20869604701,-180.29421258685397
5186.258217607626,5315.695733586243,-129.43751597861683
5199.080310851103,5684.255432129494,-485.1751212783911
5208.830605266668,5533.7527278623875,-324.9221225957199
5189.084212190777,5461.303190345281,-272.21897815450393
5415.150279642196,5622.613357195593,-207.46307755339694
5426.167046734246,4601.028633107612,825.1384136266333
5172.114907319001,4991.337012764866,180.77789455413495
5226.363504768206,4620.242495774169,606.1210089940378
5190.523371482522,5043.902607031335,146.62076445118691
5199.373567730242,5269.125598633717,-69.75203090347532
5226.888299277912,4607.312543063061,619.575756214851
5180.11067195787,3915.5878627890256,1264.5228091688446
5206.577822123212,5172.170451410009,34.40737071320291
5188.525592285964,4473.715836672177,714.8097556137873
4590.353937054988,4586.891770992918,3.4621660620696275
4574.447283741725,3780.2800066063346,794.1672771353906
4604.591823219813,5436.640208680483,-832.04838546067
4612.906128291354,4746.222495099743,-133.31636680838892
4616.091247060523,5265.026777770282,-648.9355307097594
4620.530793258953,5267.158177140086,-646.627383881133
4629.018127239347,4624.822700272788,4.195426966559353
3834.1460258439774,5706.373861171747,-1872.2278353277698
3823.005032059783,4607.854526677333,-784.8494946175497
3819.257846143368,5174.723452995354,-1355.4656068519857
3818.4761655270827,5346.92830730753,-1528.4521417804476
3823.9079809584473,5280.495124539936,-1456.5871435814888
3832.8304049055955,4606.288854745746,-773.4584498401505
3829.357680157236,5541.4097243108345,-1712.0520441535987
3812.5530329666535,5693.247999431578,-1880.6949664649246
3022.708564217718,4610.498345235833,-1587.7897810181148
3009.2914515811067,5448.332055890433,-2439.0406043093267
5061.829910314408,4732.93158328957,328.8983270248382
5043.449225298855,5293.062150891993,-249.61292559313824
5029.406278522647,3798.4419938090514,1230.9642847135956
5393.540011184442,5694.979536925858,-301.4395257414162
5375.922229148816,5182.111864395236,193.81036475357996
5359.395219168456,5246.523730694332,112.87148847412391
5368.842406360173,5713.843048719697,-345.00064235952414
5361.349217358459,5430.768793053688,-69.41957569522856
5364.99340430991,3932.8133665098835,1432.1800378000266
4721.034732344329,5267.343950596631,-546.3092182523014
4730.743980011045,5384.4273316556555,-653.6833516446104
4743.097388043359,5361.416131196443,-618.3187431530832
4749.442207046535,5117.868072707352,-368.4258656608172
3007.9416108993264,4608.441811105843,-1600.5002002065166
3562.5350472677433,4358.088033186731,-795.5529859189878
3558.6291858693817,5440.528146957129,-1881.8989610877475
3565.1572691679107,4362.13709855834,-796.9798293904291
3567.993529885412,4614.416444012352,-1046.4229141269402
3549.6544120451535,4718.782554869762,-1169.1281428246084
4056.541621260124,4955.9194889483115,-899.3778676881875
4070.7997061633514,5351.959154965353,-1281.1594488020019
4064.1578633167624,5417.092802892206,-1352.9349395754439
4063.9311074063016,5660.774788513779,-1596.843681107477
4037.8852568328402,5484.718645843804,-1446.8333890109634
4492.423913746515,5156.72871853642,-664.3048047899056
4481.762676031948,4860.746665437034,-378.9839894050856
4500.83718485103,4053.2309452286654,447.6062396223642
4498.105697275639,4597.710061485664,-99.60436421002487
4507.351875123976,5531.504402162868,-1024.152527038892
4878.042777992879,5176.487515045432,-298.44473705255314
4876.089984215505,3927.521063032319,948.5689211831859
4878.91858827837,5604.475199811431,-725.5566115330603
4877.313468041409,5622.23731068415,-744.923842642741
4904.697166833671,5743.213850668069,-838.5166838343985
4892.576731050116,3802.331559128968,1090.245171921148
4899.828662190849,4878.879813409313,20.94884878153607
4904.335934242111,4604.837465166202,299.49846907590927
4887.047399569026,5515.081219220778,-628.0338196517514
4883.788640860296,5677.646812274296,-793.858171414
5380.564968282139,5401.936520530826,-21.371552248687294
5362.66188779315,5537.077389120841,-174.41550132769135
5372.144257151251,5359.422736766149,12.72152038510194
5378.743133433773,5837.0325554153005,-458.2894219815271
5361.868269628855,5517.356457284559,-155.48818765570377
5375.2679981411475,4602.134334394995,773.1336637461527
5363.273303830411,4601.249689049701,762.02361478071
5349.628929115914,5354.432893063857,-4.803963947942975
5503.096126719446,5255.503443305079,247.59268341436746
5415.064740493715,3922.5704660001447,1492.4942744935706
5430.973833091507,5478.147011204671,-47.173178113163885
5415.376107156962,4714.712302498389,700.6638046585722
5453.125502008945,5661.258210109332,-208.1327081003874
5445.690534718471,5268.729787518938,176.96074719953322
5431.566558742932,5159.3040664571145,272.26249228581764
5453.894688672931,5344.055122074857,109.83956659807427
5430.255177142521,5151.3004267954575,278.95475034706305
5458.530275248553,3809.301439523088,1649.2288357254652
5357.521905364983,5476.842880711708,-119.32097534672539
5367.030655452835,5448.650207701012,-81.61955224817666
5356.573519111928,4723.136540008082,633.4369791038462
5367.11661319756,4809.592322789989,557.5242904075703
5363.147371367593,5534.921714639281,-171.77434327168794
5343.011582238828,5160.9114863556715,182.10009588315643
5357.184221000997,5508.88803141084,-151.70381040984284
5352.39814985345,5377.102303665644,-24.70415381219391
3011.11644720326,5443.618026468026,-2432.501579264766
3007.1974741759964,5526.7807489512825,-2519.583274775286
3012.383126147058,4715.041888993809,-1702.658762846751
3940.912500929821,4799.447585411396,-858.5350844815753
3939.13851239922,4608.626370881837,-669.487858482617
3952.732386920948,5523.193869705767,-1570.4614827848186
3926.026787045616,3012.361907576139,913.664879469477
3949.566155178297,4736.675215771825,-787.1090605935278
3943.949330809364,5354.178451806496,-1410.2291209971322
3930.140355179517,4345.660166866556,-415.51981168703924
3936.7016261946046,3811.416163058653,125.28546313595143
3932.464880777458,5590.916928951369,-1658.4520481739114
4810.022395259579,5685.122931639738,-875.1005363801596
4803.898189353482,5688.411403547212,-884.5132141937302
4786.336582602656,5159.371975244036,-373.03539264138
4797.776343801952,4861.745955783031,-63.96961198107874
4791.729965812997,5423.578696557163,-631.8487307441665
4818.456332765519,5700.854661052218,-882.3983282866993
4805.845424553012,5525.993951781047,-720.1485272280352
4809.81989750149,5386.746049202938,-576.9261517014475
4815.599576963776,4608.496633697819,207.10294326595704
5465.265871899268,5797.689935054042,-332.42406315477365
5477.7546426465715,5522.448496902469,-44.69385425589735
5490.763045392052,5000.923855776493,489.839189615559
5471.839907959211,5094.295875765065,377.544032194146
5458.63795092613,4596.861662825368,861.776288100762
3013.814420365589,5350.779021472665,-2336.964601107076
3010.6186743442236,5173.468558308406,-2162.849883964182
3808.1313087483195,5793.7879488189965,-1985.656640070677
3824.647056052857,5800.154018698153,-1975.506962645296
3803.7672206769503,5253.608271019496,-1449.8410503425457
3803.6885133931723,5339.228809246519,-1535.5402958533464
3822.760658171761,5485.9050540494845,-1663.1443958777236
3814.2818233753565,5530.381469308304,-1716.0996459329476
3783.511060387984,5101.810076023004,-1318.2990156350197
3810.395399097717,5500.117838628657,-1689.7224395309404
4619.106768693731,5759.6407965606495,-1140.5340278669182
4606.250540781638,5792.0172477513715,-1185.7667069697336
4632.40278761843,5678.951407966288,-1046.5486203478576
4615.479709023085,5718.824464402374,-1103.3447553792894
4607.593716422463,3824.917086587677,782.6766298347861
4615.913517359411,4104.612238943089,511.301278416322
4595.8255689788275,5651.60070637738,-1055.775137398553
5184.846980682732,5113.633788244388,71.21319243834387
5211.773990873439,4045.9538154832735,1165.8201753901658
5190.565023850761,5298.927668329374,-108.36264447861322
5196.930724728137,5300.724395000156,-103.79367027201897
5192.292836932742,5164.80715565403,27.485681278712036
5197.942847345916,3809.4855580812523,1388.4572892646634
5196.619596086264,5327.646145001642,-131.02654891537804
5197.232036970197,5784.786976564848,-587.5549395946509
5418.735479737116,5335.748135725201,82.98734401191541
5420.571199908237,5091.828114952766,328.7430849554712
5220.636417318795,5407.538473290268,-186.9020559714727
5202.600949934608,5525.931678969625,-323.3307290350167
5202.426897629803,5055.933393541065,146.4935040887376
5198.513365499483,5504.541368593225,-306.028003093742
5208.945767380866,3815.330896727614,1393.6148706532517
5191.664829759454,3795.8546639310093,1395.8101658284445
5178.958150334867,4851.527906631236,327.4302437036313
5234.8848900553785,5556.780187106818,-321.89529705143923
4622.409424709163,5536.226540910941,-913.8171162017779
4629.457431203576,4505.4405017425015,124.01692946107414
4624.16400452692,4979.183525293086,-355.01952076616635
4608.043444908798,3811.4081572371692,796.6352876716287
4625.312225468543,5544.882833347298,-919.5706078787553
4612.07939205019,5054.271301832897,-442.1919097827067
4606.222161198839,4860.958085047142,-254.73592384830317
3816.2520192929614,5477.392838817959,-1661.1408195249978
3809.1496504043835,3799.923051414703,9.226598989680497
3812.609777887801,5484.151613693853,-1671.5418358060515
3816.200113385092,3032.56597196201,783.6341414230824
3831.3988337075257,4763.68504539273,-932.2862116852043
3802.698425769776,4496.435612338596,-693.7371865688201
3813.990819067188,5423.698833146436,-1609.7080140792482
3803.0811780594017,5446.295083347515,-1643.2139052881134
3012.6682911815774,5170.1771865810415,-2157.508895399464
2996.7075998793193,5446.713168727718,-2450.0055688483985
5086.39941780227,5540.583760932009,-454.1843431297384
5060.390005895695,5262.983447718487,-202.59344182279165
5026.379730969771,4938.417908582577,87.96182238719393
5391.0233149909745,5804.150878038922,-413.12756304794766
5392.080519594558,5582.667142152794,-190.58662255823674
5355.535229894021,5429.008643881114,-73.47341398709341
5367.805947797139,5169.937521515993,197.86842628114664
5378.743922166884,5524.17015148756,-145.4262293206766
5370.158951472749,5598.6328994395635,-228.4739479668142
4728.982902290016,5404.3607129191605,-675.3778106291447
4731.566333495556,5536.9452075331665,-805.3788740376103
4718.608992374049,4958.544485871077,-239.9354934970279
4721.648323674487,5647.020831176955,-925.3725075024677
2996.8177601757307,3920.4309666168692,-923.6132064411386
3557.065292003707,5364.583323810063,-1807.5180318063562
3559.6384271702636,4873.803922846596,-1314.1654956763323
3578.8130369507894,5460.500143024886,-1881.6871060740964
3554.8760627292127,5562.899990566631,-2008.023927837418
3572.8499523464016,5400.840391997648,-1827.9904396512466
4061.656625781018,5823.552943217679,-1761.8963174366609
4050.7873384669865,5435.8209910234755,-1385.033652556489
4050.5880361520026,5067.350731175176,-1016.7626950231738
4044.879575521775,5425.535844396847,-1380.6562688750719
4059.7823864626575,4582.650382766962,-522.8679963043046
4513.377751966166,5531.939572512134,-1018.5618205459677
4488.652384372994,5038.05435660751,-549.4019722345165
4491.3189269268305,5709.795092246051,-1218.4761653192209
4488.114377242757,3938.666382516471,549.4479947262857
4494.957289031678,5384.294230888195,-889.3369418565171
4880.185131284559,5651.946641769182,-771.7615104846227
4895.276824391709,5251.0694249273965,-355.7926005356876
4891.808205244749,5278.126607658473,-386.31840241372447
4895.52750067049,4602.251708473955,293.2757921965349
4873.296085342726,5420.3060658014265,-547.0099804587007
4887.831787082806,5825.95804755846,-938.1262604756539
4875.156112271259,5651.217995685282,-776.0618834140232
4885.038647740161,3808.0746475450883,1076.9640001950725
4900.723832642545,5549.19792435434,-648.4740917117952
4887.6283799918465,5286.568088534464,-398.93970854261715
5380.564968282139,3964.9179407025686,1415.64702757957
5366.611841499643,5496.068475491457,-129.45663399181467
5356.187445728136,5432.771597801262,-76.58415207312646
5362.7524672977515,5046.8726447488025,315.87982254894905
5351.688148521006,5468.206220635213,-116.51807211420692
5375.635638998065,5538.014197594833,-162.37855859676802
5368.307770908642,3562.8196736917585,1805.4880972168835
5389.628013280628,5707.058763479108,-317.4307501984804
5543.380145070518,5192.421867347999,350.9582777225187
5408.084609073379,4581.440438657428,826.6441704159515
5431.023392852691,4483.27558362648,947.7478092262118
5429.8397446606,5330.485286233968,99.35445842663285
5406.670471357793,5336.543999941617,70.12647141617617
5432.583134871632,5149.928378018871,282.65475685276124
5413.341475598626,5319.008015832702,94.33345976592409
5443.871918823516,5741.620205254051,-297.7482864305348
5439.775646368283,4811.831442676199,627.9442036920836
5440.570035419457,5352.509196785951,88.06083863350614
5352.798462059517,4594.927649189557,757.87081286996
5358.284516215345,4801.9888722782625,556.2956439370828
5355.443333942414,3939.0402193668583,1416.4031145755557
5351.715961811949,4587.857059031638,763.8589027803109
5350.880896628507,5377.158738792035,-26.277842163528476
5379.863768694154,3031.4891608276516,2348.374607866502
5356.515798733698,4593.364996968455,763.1508017652432
5353.456760123651,5254.26876639218,99.18799373147158
2985.185008364805,5359.333538810561,-2374.1485304457556
3005.6306602742507,4488.0156746766015,-1482.3850144023509
2998.814076335248,5571.405458484131,-2572.5913821488825
3931.036090393258,3813.0648879724517,117.9712024208061
3948.497739420158,5129.567904209468,-1181.0701647893102
3922.8130836460696,5016.857878645864,-1094.0447949997942
3936.861034585042,4724.848275424102,-787.9872408390602
3940.1010484109675,5618.727798874815,-1678.6267504638472
3926.431432582188,2997.3888587797323,929.0425738024555
3938.150904381925,5704.916602962992,-1766.7656985810672
3940.568235300495,5390.083832114163,-1449.5155968136678
3948.3551854657953,5282.744946459591,-1334.3897609937958
4800.931451442111,4604.289398743038,196.64205269907325
4802.0995488536855,5176.247538632619,-374.14798977893315
4787.371146897207,3798.287035868249,989.084111028958
4798.373927611339,3802.4169701513392,995.95695746
4808.449739644006,5054.888178963004,-246.43843931899846
4816.844452607218,5397.532252580744,-580.6877999735261
4825.1619327926155,5358.857396570233,-533.6954637776171
4806.664205710712,5347.765248499536,-541.1010427888241
4819.489590149869,3950.7369016468097,868.7526885030597
5455.002250400487,5425.643017486866,29.35923291362178
5484.742558928817,5718.856827086681,-234.114268157864
5447.794387980869,5157.898132590999,289.89625538987
5443.240364350945,5357.665756921356,85.57460742958938
5469.379884745815,5448.445967278566,20.933917467248648
3007.7140088757405,5112.157198576186,-2104.443189700445
3014.0242469622676,5337.667523817504,-2323.6432768552363
3813.3538655774946,5172.173670320746,-1358.8198047432516
3820.776208356453,5609.880672007278,-1789.104463650825
3798.325395408412,5231.000597019951,-1432.6752016115388
3822.760658171761,4589.632768200984,-766.8721100292232
3816.093440439868,4602.539638865464,-786.4461984255963
3807.2445582075998,5726.29359134225,-1919.04903313465
3806.5886718194747,4780.532133240781,-973.9434614213064
3807.600257053422,3935.561321929137,-127.96106487571524
4593.116564021404,4570.022318397453,23.094245623950883
4597.863615764072,4586.429177932258,11.434437831813739
4596.518291398296,5557.119810283251,-960.6015188849551
4576.524694877357,5822.7507032693175,-1246.22600839196
4592.733203351872,5570.9795659287765,-978.2463625769042
4615.962242511944,5194.989168447855,-579.0269259359111
4623.031611440717,5373.366623564235,-750.335012123518
5204.132969810628,4490.055803990663,714.0771658199656
5218.139351369534,5618.181500425022,-400.04214905548815
5189.955118589408,5652.5617955219395,-462.6066769325316
5231.021947595698,5468.354133104871,-237.33218550917263
5188.629387645023,3536.90058392407,1651.7288037209528
5193.251400042286,5319.957016916809,-126.705616874523
5216.643046425293,4056.2930386107278,1160.3500078145648
5214.171765151279,4805.42245828006,408.74930687121923
5417.073587261071,5653.874422611366,-236.80083535029462
5391.38792916121,5245.070072976218,146.3178561849918
5206.976868573101,5333.278718078675,-126.30184950557486
5189.941083571957,4885.999264865481,303.9418187064766
5205.512939929265,5442.939676227796,-237.42673629853107
5202.979459832596,4600.866488570056,602.1129712625398
5219.500815531345,5461.1099871150545,-241.6091715837092
5179.9623780302845,5460.313340304387,-280.35096227410213
5199.408343968773,3940.4194981752703,1258.9888457935026
5184.047378884209,5304.32267448509,-120.27529560088078
4595.21180471579,4040.8520680495594,554.3597366662307
4608.430103770426,4726.652510348592,-118.22240657816565
4602.165332765421,5179.241266156996,-577.0759333915748
4611.233012768274,5521.148763339217,-909.9157505709427
4585.491045121157,5293.605247123284,-708.1142020021271
4609.245590213128,5636.134921520564,-1026.889331307436
4613.8880292307595,5282.318778693109,-668.4307494623499
3803.3403561036607,5655.794127581517,-1852.4537714778567
3795.7754986845916,5238.008675798088,-1442.2331771134964
3822.6930726630735,4879.8108455309,-1057.1177728678267
3814.5799588417553,5629.662785812533,-1815.0828269707777
3794.5842071236516,4521.054079165799,-726.469872042147
3832.7454473401076,5404.452745435052,-1571.7072980949442
3820.568450777996,5119.756784950071,-1299.188334172075
3803.6372481394933,5508.66982941509,-1705.0325812755968
3000.0342168793445,5603.915299949854,-2603.8810830705092
3009.2137899096006,5726.6552407871195,-2717.441450877519
5066.697005342011,5397.13865221585,-330.4416468738391
5048.343311245251,4712.6571905771625,335.68612066808873
5046.696441891572,5402.114932614874,-355.41849072330206
5401.008265372402,4621.805045684187,779.2032196882155
5348.162383307693,4592.419628808701,755.7427544989914
5363.33665795951,5230.283031803213,133.05362615629747
5386.726833400173,3830.207065729291,1556.5197676708817
5399.893524134361,5505.017736351536,-105.12421221717523
5385.658020243482,5190.34257959172,195.3154406517615
4748.609374130767,3839.858137479956,908.7512366508108
4721.648323674487,5422.341005064686,-700.6926813901991
4725.994375519166,4808.460611690343,-82.46623617117712
4707.79591585864,3780.8556089926587,926.9403068659813
3009.7756634589277,3943.3943729510056,-933.6187094920779
3538.70038345931,5148.6325597558125,-1609.9321762965023
3556.577684899545,5677.68101564926,-2121.103330749715
3559.718926500241,5791.159337541266,-2231.4404110410246
3540.6279382051903,5650.664100683386,-2110.036162478196
3539.878051954509,4993.47493144442,-1453.5968794899109
4049.9422412732256,5657.993883751311,-1608.0516424780853
4068.4988220624277,5172.071692225141,-1103.5728701627136
4052.6657046182504,5450.303835330017,-1397.6381307117667
4080.1241299597364,4862.697652005094,-782.5735220453575
4049.754246315056,5036.137339824025,-986.3830935089686
4499.0368102084185,4787.6921182544875,-288.65530804606897
4498.516923469055,5059.411952527128,-560.8950290580733
4496.590861350745,5169.991664213138,-673.400802862393
4488.515893307505,5677.219974048446,-1188.7040807409403
4531.996234319924,5839.5560919035115,-1307.5598575835875
4889.774415832507,5610.509080250493,-720.7346644179861
4911.52529807317,5606.558697044914,-695.0333989717437
4899.110053534387,4514.796083614467,384.31396991992005
4907.901439337399,5694.633138721258,-786.7316993838585
4890.26669413329,3021.9841833650917,1868.2825107681983
4882.451854760319,5159.391777448705,-276.9399226883861
4904.051875194294,5500.764327515371,-596.7124523210778
4897.610141886214,3947.6090618221724,950.0010800640412
4901.515028092996,4613.790764642972,287.7242634500235
4900.78866911957,5167.090701935592,-266.3020328160219
5380.564968282139,5457.182017503592,-76.61704922145327
5375.109721624512,5184.037495676318,191.0722259481936
5365.846542097657,5442.3842667474055,-76.53772464974827
5346.160156337263,5466.546311856323,-120.38615551905968
5372.370990049079,4480.845268451958,891.5257215971214
5350.921001320202,5161.8941930752435,189.02680824495837
5363.258132269493,4736.682997447507,626.5751348219865
5353.550147828942,5377.886987934852,-24.336840105910596
5524.486279856691,5177.630047675574,346.85623218111687
5435.159570602766,5512.348997648619,-77.18942704585334
5431.842784347457,5135.858286461598,295.9844978858591
5435.610196677667,3816.2663038467153,1619.3438928309515
5444.3907864135645,5147.497758257817,296.89302815574774
5448.984840664037,4757.216825739262,691.7680149247744
5435.363570057969,5387.537108832828,47.82646122514052
5430.6347512827315,4588.207570529388,842.4271807533432
5453.197397941977,4528.116859502701,925.0805384392761
5433.52970148412,5347.596278221523,85.93342326259699
5357.645937107312,5444.637121771452,-86.99118466413984
5346.829160366716,5153.60290122781,193.22625913890533
5367.51170656419,5683.952231814649,-316.44052525045936
5387.789779737151,5640.056474562276,-252.26669482512534
5330.93220989043,5149.464670711426,181.46753917900423
5353.688576231003,5441.058946712011,-87.37037048100774
5363.927441749306,5483.1857286545155,-119.25828690520939
5355.061997495875,5377.257300301216,-22.19530280534036
3003.127913842187,3028.4078195955685,-25.279905753381627
2990.732138251408,4568.452737266202,-1577.7205990147945
3006.3624893520278,5583.1443356283025,-2576.781846276275
3930.754231686604,5517.9685294730025,-1587.2142977863987
3960.804079455385,3960.3528471290438,0.45123232634114174
3943.961216956979,5686.970424927783,-1743.0092079708038
3928.0666293573354,5703.604939950541,-1775.5383105932056
3957.161654192552,5522.978090172908,-1565.8164359803563
3921.709079110554,5000.567497225425,-1078.8584181148708
3939.136769505503,5170.295816824952,-1231.1590473194497
3932.0384188341495,5502.514539481983,-1570.4761206478333
3950.9509039735585,5723.452025144439,-1772.5011211708807
4794.173014372687,5340.455768057353,-546.2827536846662
4794.029082718623,5659.412215716027,-865.3831329974046
4796.8170092888895,5772.88361063034,-976.0666013414502
4799.2952978488365,4875.818200004568,-76.52290215573157
4795.5773042109495,5403.954815937998,-608.3775117270488
4798.993474987912,4601.305932939552,197.68754204836023
4789.332970883144,4590.860485843624,198.4724850395205
4811.655321158392,4847.2133382695165,-35.55801711112417
4801.595079539212,5512.347968673114,-710.7528891339025
5490.077633949965,5038.4665173664225,451.61111658354275
5466.674645889536,4598.886282173016,867.7883637165196
5474.622345604301,4976.341065096603,498.2812805076974
5453.628762260593,5644.971341371244,-191.34257911065106
5465.61447340004,5612.318653519685,-146.70418011964466
3008.0201806435616,5233.014809806668,-2224.9946291631068
3019.642271461507,3821.2526179743686,-801.6103465128617
3833.494109979418,4922.749204006413,-1089.2550940269944
3839.4531606151054,3843.535468887361,-4.082308272255432
3806.625487459936,5657.431584502464,-1850.806097042528
3814.2818233753565,4356.639305951873,-542.3574825765168
3807.2445582075998,4047.738133773182,-240.49357556558243
3830.1241076594774,5538.155730214337,-1708.03162255486
3816.7252431492952,5402.008600522355,-1585.2833573730595
3806.6941899481303,5812.837032656795,-2006.1428427086644
4616.132203370061,5058.056105180287,-441.9239018102262
4590.279037580698,4767.021471240592,-176.74243365989423
4615.61813670782,5498.743119975196,-883.1249832673766
4611.0734344456205,5591.3941553779005,-980.32072093228
4620.432349678912,5524.725300479228,-904.2929508003162
4596.33001680288,5159.661434246644,-563.3314174437637
4596.623508062654,4584.854780934592,11.768727128061983
5175.882516410488,5357.687541180184,-181.8050247696956
5186.1186844822205,5470.0586924551535,-283.940007972933
5180.977584609472,5369.785133648297,-188.80754903882553
5203.239218214797,5367.852824654005,-164.61360643920852
5212.297924348766,5671.220068120423,-458.9221437716569
5206.860102479862,4364.885439928713,841.9746625511489
5175.966888036245,5635.663930888629,-459.6970428523837
5196.103450356844,4591.181554722723,604.921895634121
5423.100348541487,4811.300101075485,611.8002474660016
5420.435884469216,3015.165046779754,2405.270837689462
5224.046614506008,4750.8073915864215,473.2392229195866
5198.347558425784,5479.69226000529,-281.34470157950636
5238.944894153089,5562.41641407241,-323.4715199193206
5201.761793272212,5437.717464849424,-235.95567157721143
5193.756655703565,4597.863157263594,595.8934984399712
5180.421924175055,5784.205977122546,-603.7840529474906
5205.416321174523,3034.156716813526,2171.2596043609965
5196.365680298328,4468.371288295407,727.9943920029209
4605.000230410091,5661.433797011228,-1056.4335666011375
4609.738135320461,5048.637527621296,-438.89939230083473
4602.827391309707,5352.908420111442,-750.0810288017346
4593.556227380161,5372.514440252362,-778.9582128722013
4609.467873034854,5523.001849061774,-913.5339760269198
4603.493598857811,5434.74478643503,-831.2511875772188
4609.602332520753,5559.736833015823,-950.1345004950699
3805.906385100543,4830.8488114447355,-1024.9424263441924
3802.773352779507,3022.2439404907577,780.5294122887494
3821.2528574242438,4743.992398724955,-922.7395413007112
3838.859164661412,5269.124287118896,-1430.2651224574843
3811.3436667023316,5416.072434099655,-1604.7287673973233
3807.9224429723226,3931.8738940813946,-123.95145110907197
3817.3642527132333,5803.232453966498,-1985.8682012532645
3808.1281263657893,4474.513652380697,-666.3855260149076
3017.797382172795,4864.202367820532,-1846.4049856477372
3012.3185326361204,5462.222957682061,-2449.9044250459406
5065.992242749796,5577.8526234911815,-511.8603807413856
5024.230782433207,3007.641307487161,2016.5894749460463
5036.762713075484,5366.00204647819,-329.2393334027065
5353.292118691887,3011.8961396610325,2341.395979030854
5382.560626353777,5455.324368298846,-72.76374194506934
5374.065760012313,4838.934105455651,535.1316545566624
5364.065089560221,4738.051834438006,626.013255122215
5360.734740441029,5701.663818621861,-340.9290781808313
5375.2335200352845,5391.531329340915,-16.297809305630835
4755.967764928694,3965.7034430909807,790.2643218377134
4732.982522504201,5583.765654961687,-850.7831324574854
4723.858391695512,5516.315599477833,-792.4572077823204
4705.639295086825,4943.20014914906,-237.5608540622352
2999.203142304067,5461.7640113601865,-2462.5608690561194
3547.915136998703,4591.358907034602,-1043.4437700358994
3551.909739532127,5174.892864613415,-1622.9831250812886
3524.5822684708005,3786.111739683216,-261.5294712124155
3565.252182460041,5391.858714570385,-1826.6065321103442
3547.9550246061544,5270.024081205175,-1722.0690565990208
4065.902939944002,5487.624981109475,-1421.722041165473
4033.301610331411,5419.136661564607,-1385.8350512331954
4057.295602635779,3022.6184923883397,1034.677110247439
4039.540044420419,4780.576889087426,-741.0368446670072
4055.2613838879306,5132.031062612965,-1076.7696787250343
4499.976335669174,5382.084339287552,-882.1080036183785
4523.07304524068,5500.742227029628,-977.6691817889487
4489.509692226682,3020.8441482927296,1468.6655439339524
4489.553712166774,5358.767985449708,-869.2142732829343
4502.455127131188,4762.1787813183055,-259.72365418711706
4880.762570656649,4858.59853310631,22.164037550338435
4895.47072479693,4514.371966995219,381.09875780171114
4895.959168003088,5384.550818995764,-488.59165099267557
4879.442836400858,3003.5285624987737,1875.9142739020845
4885.294622542984,4580.95357362433,304.34104891865445
4879.870909727071,4712.506271253137,167.36463847393406
4904.6209690520245,3046.2714034792266,1858.349565572798
4880.283877765384,5673.406103206893,-793.1222254415088
4890.788543171165,5391.026136117463,-500.2375929462978
4868.984216127753,3537.110612360922,1331.873603766831
5380.564968282139,5557.193070078098,-176.62810179595908
5363.701922545494,5267.875935725232,95.82598682026219
5366.814022672132,5520.859116069623,-154.04509339749166
5368.794766809015,3807.659937459627,1561.1348293493875
5371.914626249973,4727.002168624171,644.9124576258018
5355.24379975861,5237.915094492997,117.32870526561328
5334.465284112566,5280.324737213571,54.140546898995126
5351.579902148398,5649.365552262708,-297.78565011430965
5534.431766035485,5110.824826922421,423.6069391130641
5423.3489652343305,5427.135669356396,-3.7867041220652027
5437.483716209002,5338.9941692441735,98.48954696482815
5430.374167645991,5499.474967597391,-69.1007999513995
5428.979271573649,5101.9148198579,327.0644517157498
5435.860862745786,5520.556507257227,-84.69564451144106
5437.918432945422,5529.344459213093,-91.42602626767075
5414.334791507266,5430.663688638779,-16.32889713151235
5426.989985624222,4784.343775690013,642.6462099342089
5472.291461571277,5426.648499697585,45.642961873692
5340.6566386618615,5495.904894325762,-155.24825566390064
5356.573519111928,5359.360212460182,-2.7866933482537206
5346.991042305344,4594.696760057344,752.294282248
5360.3639403276,5155.8628272720325,204.50111305556766
5373.904355616663,4986.334807455395,387.56954816126836
5356.589109226325,5378.079103755647,-21.489994529322757
5354.542321515664,4507.899538566168,846.642782949496
5353.714899050812,5379.376511098157,-25.661612047344533
2971.9153551305985,5401.2142351143475,-2429.298879983749
3018.6542640118873,5818.483229000188,-2799.8289649883004
2980.576537389752,5611.809222543246,-2631.2326851534935
3948.497739420158,5447.290674633777,-1498.7929352136189
3946.917710674846,5668.1448649974645,-1721.2271543226184
3933.6428496792264,5520.335242084929,-1586.6923924057023
3941.2706802334546,5173.642649907022,-1232.3719696735675
3938.39195421889,5313.519756362032,-1375.1278021431422
3945.3944849234254,5098.687345936808,-1153.2928610133827
3938.7827641486438,3815.2542692662973,123.52849488234642
3925.9406690355727,4786.449457097292,-860.5087880617193
3929.93033827525,3938.6489753373207,-8.718637062070684
4786.336582602656,5317.835414881364,-531.4988322787085
4820.659120350832,4888.532504337763,-67.873383986931
4812.514763084633,5460.859478985365,-648.3447159007319
4792.2887691008345,5374.142319032412,-581.8535499315776
4807.713713189187,5170.798332570427,-363.0846193812404
4824.644550002227,5115.619609795689,-290.9750597934617
4815.1346787014745,5401.515377424132,-586.3806987226571
4802.58388234528,5070.81406483988,-268.23018249460074
4812.610892343524,5492.560840577392,-679.9499482338679
5447.8193949257675,5483.144269643535,-35.32487471776767
5479.599095588408,5342.713057012222,136.88603857618637
5461.4356153616345,5654.9465608579485,-193.51094549631398
5459.608277703578,5670.896869474137,-211.28859177055892
5475.530713759811,4803.531779710085,671.9989340497259
3016.0773736482415,5427.035947588751,-2410.9585739405093
3024.878510577914,4602.061221244325,-1577.182710666411
3819.9491313187946,5340.161176500709,-1520.2120451819146
3799.8611440021446,4576.732487507183,-776.8713435050381
3821.16216632615,4803.316870583612,-982.1547042574625
3783.511060387984,4764.353250985554,-980.8421905975702
3806.5886718194747,5504.750926322402,-1698.1622545029272
3816.7252431492952,5355.684651418972,-1538.9594082696767
3806.3622781864033,4473.013176386822,-666.6508982004189
3813.19626353172,5661.213545142146,-1848.0172816104264
4603.935949250786,4581.048706642918,22.887242607867847
4608.757427552589,4602.241637353175,6.5157901994143685
4591.230007331605,4953.039211483688,-361.8092041520831
4621.458757607178,5389.918961421673,-768.4602038144949
4623.581056033202,5126.331010303889,-502.74995427068734
4597.934469224061,5671.833347804315,-1073.898878580254
4601.937001127036,4590.569796201524,11.367204925511942
5213.867072951334,5454.777952760996,-240.91087980966222
5208.830605266668,5689.1142598531715,-480.28365458650387
5228.619189595879,4769.967154676501,458.6520349193779
5189.96606441451,5470.457007232957,-280.49094281844737
5193.054379173651,5252.246760848137,-59.19238167448566
5214.99125513747,5066.100259428771,148.89099570869894
5181.936722736469,3921.762757577239,1260.1739651592302
5202.600949934608,5518.407970837444,-315.8070209028356
5433.513337708239,5269.898452951402,163.61488475683745
5413.486978268855,5466.438477903937,-52.951499635082655
5204.30179975207,5394.5720675351395,-190.27026778306936
5208.5222047273,3041.9533855605755,2166.5688191667246
5225.455498548345,5390.503833639165,-165.04833509082073
5197.814154819912,5151.336889699056,46.47726512085592
5200.050009554909,4740.939875987142,459.11013356776675
5209.762942457095,5645.048752850703,-435.2858103936078
5191.57454192347,5351.991204744854,-160.4166628213843
5216.169707027046,5535.466656939252,-319.2969499122064
4611.233012768274,5373.931664078498,-762.6986513102238
4603.660020834012,5665.600454321839,-1061.9404334878263
4596.91916600152,4574.045302575329,22.873863426191747
4600.118827241638,4956.759753703857,-356.6409264622189
4603.372239277965,5630.654498377969,-1027.282259100004
4606.252726599026,5437.64402845092,-831.3913018518942
4592.8035347620835,4714.863742590974,-122.06020782889027
3811.909884501003,4867.434573202983,-1055.5246887019803
3813.990819067188,5438.804321564798,-1624.8135024976095
3800.905873589137,5378.3854111397195,-1577.4795375505823
3826.4089896098917,5685.038702279086,-1858.6297126691939
3811.3172575933927,3943.91086731033,-132.5936097169374
3809.5436400895132,5466.431430349511,-1656.887790259998
3837.694438425887,4861.614876777402,-1023.9204383515153
3811.430882184638,4724.517140084743,-913.086257900105
3013.8821961417025,4601.235728073179,-1587.353531931477
3016.3070549003314,4487.886898460915,-1471.5798435605839
5071.47678048953,5677.74557342188,-606.2687929323502
5049.04085175739,5377.816827055552,-328.77597529816194
5058.024643200636,5520.922480200502,-462.89783699986583
5358.599518812931,3942.269562862042,1416.3299559508887
5392.2671487596,5683.4175353884575,-291.15038662885763
5373.814741174864,5370.8252993799315,2.9894417949326453
5346.2268742979495,5646.762904791779,-300.53603049382946
5366.381559515345,4574.929465127609,791.452094387736
5398.633936637456,5690.23519985526,-291.60126321780444
4720.2904478129985,5382.421559114168,-662.1311113011698
4743.542687928446,5414.3786118690105,-670.8359239405645
4748.383376582002,4507.791256742051,240.592119839951
4738.688524722979,5373.514541541883,-634.8260168189036
3008.173679950097,5163.498508965517,-2155.3248290154206
3524.5822684708005,5350.700592543214,-1826.1183240724135
3581.885718594948,5278.200798801534,-1696.3150802065861
3565.674083276393,5572.013962816088,-2006.3398795396947
3555.024967040835,5604.7236533878795,-2049.6986863470447
3562.121241088049,4510.161461702969,-948.0402206149201
4064.0609462976145,5459.58654011255,-1395.5255938149357
4061.9743642058147,5244.10884489004,-1182.1344806842253
4069.7325832669408,4922.118913079486,-852.3863298125457
4048.423693634686,5353.51152338798,-1305.0878297532936
4042.7137592450895,3561.634013196327,481.07974604876244
4495.922304393647,5437.826858471589,-941.9045540779416
4481.078508140759,4863.40810237631,-382.32959423555076
4502.90294311206,5625.856852064953,-1122.9539089528935
4502.097489832958,5442.241540155155,-940.1440503221975
4520.651840197231,5394.892866073227,-874.2410258759965
4885.038647740161,5727.879984684871,-842.8413369447098
4895.781449869059,5511.3705607735965,-615.5891109045378
4901.470036225075,5671.517982410188,-770.0479461851128
4873.400328141028,4577.433023916339,295.96730422468863
4869.2537260229665,3549.937098729684,1319.3166272932826
4876.362349975148,4723.955543448994,152.40680652615447
4894.895157665644,5665.101395431038,-770.2062377653947
4876.918890497583,4585.800403137232,291.1184873603506
4900.15382934895,5491.400775432289,-591.246946083339
4889.202678942771,5652.254046314387,-763.0513673716159
5380.564968282139,5503.155381152626,-122.59041287048785
5356.378164138126,5016.669682844838,339.70848129328806
5345.913905828329,5584.468751044148,-238.5548452158191
5347.905133388601,5645.835652319365,-297.93051893076426
5357.1599233689985,5438.179904235527,-81.01998086652839
5353.731816093399,5363.372885269291,-9.641069175891971
5347.4046891452535,5645.469054787704,-298.06436564245087
5356.987051631924,5325.12570357552,31.861348056404495
5496.341403629574,5049.544003426113,446.7974002034616
5464.5263311543,5544.60237848674,-80.07604733243988
5438.906778311949,5662.908933667915,-224.00215535596635
5418.739633779224,5464.690780087372,-45.951146308148054
5413.597451808143,2996.3337350701245,2417.2637167380185
5429.396017604329,5624.732290808007,-195.3362732036776
5441.247801019312,5375.739749131565,65.50805188774666
5443.910981334798,4596.5093475190815,847.4016338157162
5420.043272892235,4792.391820195637,627.6514526965984
5472.131517752882,5151.8665387376095,320.26497901527273
5374.767315686498,3821.7772800599064,1552.9900356265912
5365.260536633833,4718.402429711322,646.8581069225111
5333.200623211003,5385.546235811087,-52.34561260008377
5392.51379562302,5660.8722772764895,-268.3584816534694
5369.144217426051,5620.536987400381,-251.3927699743299
5356.682466244632,5510.215979937979,-153.53351369334632
5369.00155129038,5334.126281689581,34.875269600798674
5359.327041116981,5803.453819904799,-444.1267787878187
2999.5481232452476,4354.084094979324,-1354.5359717340762
2978.684962467789,5259.9396842029755,-2281.2547217351866
3003.5458427204035,4355.17617476086,-1351.6303320404563
3923.440536839518,5328.580247071314,-1405.1397102317965
3958.696276883243,5698.376748852424,-1739.6804719691804
3935.667076257409,5230.588515708518,-1294.9214394511087
3918.1159092231974,5418.504782679008,-1500.3888734558104
3940.5353043955065,5376.680334075777,-1436.1450296802705
3961.468902936207,3960.6107811148718,0.8581218213353168
3948.078366218887,5489.226160262284,-1541.147794043397
3931.426838741797,5430.6096269244445,-1499.1827881826475
3945.6041190938568,4615.016160926483,-669.4120418326265
4818.730975097007,5707.57224527521,-888.8412701782026
4792.446661726555,5424.802425286129,-632.3557635595735
4815.979636123002,5716.96489590487,-900.9852597818681
4795.74758183625,5373.221861577091,-577.4742797408408
4828.419045353984,4625.298194223252,203.12085113073226
4783.509827802727,4467.0398788241,316.46994897862714
4798.867460556421,4595.372091210131,203.49536934629032
4812.818164505762,5587.309094211089,-774.4909297053273
4808.623130326391,5434.862036766538,-626.2389064401468
5478.545811450844,3824.324244324648,1654.2215671261956
5472.560560916167,5103.171741968513,369.3888189476538
5481.5487574681165,5673.692612281086,-192.14385481296995
5491.608171226764,5637.035224078952,-145.42705285218744
5453.3073485830055,5786.189344891448,-332.88199630844247
3010.4099462339045,5515.084829771781,-2504.6748835378767
3023.0620402871473,5373.455112866093,-2350.393072578946
3799.988534652139,5218.622517310846,-1418.6339826587068
3818.799675849925,5521.516551632783,-1702.7168757828586
3807.654369352853,5377.337677803562,-1569.6833084507089
3810.395399097717,5323.820397483007,-1513.4249983852897
3807.600257053422,5434.115061232559,-1626.5148041791372
3806.6941899481303,5657.191335329272,-1850.4971453811418
3813.19626353172,5480.819181662758,-1667.6229181310377
3802.4504116594944,5049.825103869752,-1247.3746922102573
4627.171628983757,3952.167211730548,675.0044172532089
4607.118645262545,5667.147440018289,-1060.0287947557435
4601.136070813472,5366.005714857728,-764.8696440442563
4595.608476960674,4817.608520036303,-222.00004307562904
4627.693337448585,4616.594785778406,11.098551670179404
4635.582930300672,5189.563949538247,-553.9810192375744
4618.716659866559,4486.805695183671,131.91096468288833
5197.669616753662,5707.95346049119,-510.2838437375276
5184.239624678032,4724.765621269419,459.4740034086126
5202.024237592573,5710.922671667287,-508.8984340747147
5212.027176969635,5681.5352674760625,-469.50809050642783
5198.381243617,5183.943253554572,14.43799006242807
5200.455299117313,3007.1119737359545,2193.3433253813587
5202.723643835828,5516.508430806065,-313.7847869702373
5177.561248726455,5834.401813360325,-656.8405646338697
5425.339623583972,5361.592891872234,63.74673171173799
5416.41178789258,5404.57178803265,11.839999859929776
5188.96375877921,4343.706263304337,845.2574954748734
5189.9999687212785,5469.437897062844,-279.43792834156557
5193.8337323143705,4875.302484715567,318.53124759880393
5213.623578529316,5147.137527002758,66.48605152655728
5195.621223397558,5184.290538233987,11.330685163571616
5204.692878676566,3945.0181204938854,1259.6747581826803
5213.672523209361,3825.925291825062,1387.7472313842995
5177.4868436642155,5594.511780640553,-417.0249369763378
4598.684470504081,4717.200661069196,-118.51619056511481
4600.722858249231,5506.591612396002,-905.8687541467716
4620.277461881939,3830.253128197603,790.0243336843364
4633.916658960302,5469.126619081003,-835.209960120701
4617.86117271667,5371.096917838628,-753.2357451219577
4602.1913668488105,5434.7491969836465,-832.557830134836
4613.104966128428,3012.867271425277,1600.2376947031507
3824.5688703423275,4850.642519871521,-1026.073649529193
3818.353788242185,4794.736409904659,-976.3826216624739
3807.880457986167,4585.893894314472,-778.013436328305
3817.4951972290037,5514.893874711778,-1697.3986774827745
3813.29650660139,5320.96231862576,-1507.6658120243706
3815.8523197878612,5554.097088840099,-1738.2447690522376
3814.2680618009044,5513.384300855565,-1699.1162390546606
3813.7500449410454,4781.705461574732,-967.9554166336866
3011.837465809922,5671.227850575212,-2659.39038476529
2997.7125008989024,5494.097976929689,-2496.385476030787
5065.232505544757,5576.248729702496,-511.0162241577391
5050.674934540294,4727.662922641646,323.01201189864787
5068.063359704354,4592.399077809565,475.6642818947894
5361.787861714709,3922.518452353986,1439.2694093607229
5370.996995668514,5519.71671504886,-148.71971938034676
5360.079609195339,5432.5236259036155,-72.44401670827665
5365.606832609395,5475.530304596485,-109.92347198709012
5338.628816171228,5239.641804324576,98.98701184665242
5352.286264485298,5500.4202588149865,-148.1339943296889
4730.026901443012,5332.1029767108985,-602.0760752678862
4743.171240289097,5735.0209532879835,-991.8497129988864
4709.736333032527,5301.924803278337,-592.1884702458101
4704.625995049794,3795.1137183989777,909.5122766508166
3006.0657019364003,5434.4901844135875,-2428.424482477187
3547.9550246061544,5715.425752541507,-2167.4707279353524
3554.951419018131,5399.484919878359,-1844.5335008602274
3562.121241088049,5170.956209049585,-1608.8349679615358
3571.6967790612593,4357.940652673094,-786.2438736118343
3559.171563645926,3940.366658494834,-381.19509484890796
4067.361131213058,5685.820592549338,-1618.4594613362797
4055.936927235921,5662.916508284796,-1606.979581048875
4056.781458415498,5661.220809666881,-1604.439351251383
4064.6488963293646,5488.228189476364,-1423.5792931469991
4041.8971905933213,3807.2317203236285,234.66547026969283
4499.448029068929,5386.718787017072,-887.270757948143
4505.319234982191,4869.280691986854,-363.9614570046633
4488.343817007379,5517.361646856459,-1029.01782984908
4509.28310982432,5524.040855004124,-1014.7577451798043
4504.245159116417,5052.699867819137,-548.4547087027195
4881.6772416900385,5353.128756830963,-471.45151514092413
4904.1099135332925,5763.460769390995,-859.3508558577023
4873.664957137855,4337.687142385736,535.9778147521192
4893.536536132386,4586.312944923213,307.2235912091728
4900.453635937789,4592.392041169395,308.06159476839366
4881.78225559236,4588.994932768538,292.78732282382225
4908.917759924996,5678.089009913866,-769.1712499888699
4887.215782779506,5365.944402428661,-478.728619649155
4883.357300235235,5223.367241332728,-340.00994109749263
4895.784972268449,4490.206093659548,405.5788786089006
5380.564968282139,4824.2828469111155,556.2821213710231
5357.7373647949735,4596.8746386112825,760.8627261836909
5353.31533912954,5774.1248614400465,-420.8095223105065
5366.672105031292,5175.7767758671,190.89532916419193
5351.288597930515,4600.522782100869,750.7658158296454
5369.480139141891,4596.391371709824,773.0887674320675
5369.73157280996,5447.006501477416,-77.27492866745615
5348.42628656557,5583.528645503341,-235.102358937771
5529.278341549981,4697.4348096300855,831.8435319198952
5419.0140817836145,4793.544547325493,625.4695344581214
5441.66329614385,4801.427547893657,640.235748250193
5435.552953021015,5665.185900611009,-229.63294758999382
5434.204596298806,5562.794591230439,-128.58999493163356
5431.534943153588,5450.877281539214,-19.342338385626135
5459.233851545275,4753.73899241191,705.494859133365
5423.293338898874,5394.498063580892,28.795275317981577
5414.970791516536,4721.85529575776,693.115495758776
5424.956528675651,5366.397012642896,58.5595160327548
5360.026379773513,5098.887672236109,261.1387075374041
5364.47495858586,5319.9131418005845,44.56181678527537
5344.908125786816,5267.274401505576,77.63372428123967
5360.1767915933715,5716.159837372648,-355.98304577927684
5353.1384146805385,4777.6791796468315,575.459235033707
5342.350623904583,4574.557589453071,767.7930344515116
5350.32726760197,4724.555194723697,625.7720728782724
5366.676854380626,5352.049419490308,14.627434890318
3001.091486760038,5157.7563323325085,-2156.6648455724703
3003.77195121686,5501.452444134446,-2497.6804929175855
2980.3789241823415,5765.298387086308,-2784.9194629039666
3922.8130836460696,5148.471440672822,-1225.6583570267521
3933.6428496792264,5383.599848114766,-1449.9569984355398
3920.0790362528373,5366.692168388706,-1446.6131321358685
3927.7102592941105,4571.8521510418295,-644.141891747719
3950.684137020427,5024.8133105078405,-1074.1291734874135
3946.903441009385,3825.067986669768,121.83545433961717
3942.237647925299,3820.553099020458,121.684548904841
3954.393640158956,4619.843726775898,-665.4500866169424
3964.9750107748036,5459.61719516948,-1494.642184394676
4800.316450423891,5730.29271254773,-929.9762621238388
4788.401338297101,5343.882302096451,-555.4809637993503
4782.831078773152,5641.473692175175,-858.642613402023
4817.315771067881,5392.026779943529,-574.7110088756481
4804.001908579241,4595.107162611572,208.89474596766922
4782.838032582115,5641.475332840132,-858.6373002580167
4793.08531359581,5166.036549123757,-372.9512355279476
4782.2359060185645,5150.95872147716,-368.7228154585955
4813.829192399994,4522.4363062812945,291.3928861186996
5478.9132399853315,5044.435796097424,434.4774438879076
5476.489235225683,5512.554927894367,-36.06569266868428
5497.4679133359705,4503.285284526723,994.182628809247
5453.1610052252,5109.96359774502,343.1974074801801
5441.603990405693,5755.3060927426495,-313.70210233695616
3024.2604282575667,5671.824554886448,-2647.5641266288812
3009.081827962366,5594.685325040212,-2585.603497077846
3823.5061586352986,5580.473201235969,-1756.9670426006705
3808.7908347562616,3553.0517179011354,255.7391168551262
3809.8566352433977,4802.5383074568535,-992.6816722134558
3817.5741224718226,5536.502514493773,-1718.92839202195
3807.1296705752557,5663.846845072939,-1856.7171744976831
3824.9887650430915,5678.886585264009,-1853.8978202209178
3812.792510923817,5220.804118848496,-1408.0116079246786
3828.5105276426693,5521.00965247627,-1692.499124833601
4607.311124658788,5363.787134023473,-756.4760093646855
4618.61927397655,5709.064265785891,-1090.4449918093405
4606.855647880959,5671.79875343355,-1064.943105552591
4616.632322460369,5682.696945974978,-1066.0646235146087
4605.468482663308,4844.045871454617,-238.5773887913083
4600.253560377921,5794.112074744102,-1193.8585143661812
4614.253299914066,4611.325844529616,2.927455384449786
5200.880889083871,4734.946046100391,465.93484298347994
5193.987611247663,5441.235609542674,-247.2479982950108
5197.4685660020095,3932.620206034828,1264.8483599671818
5198.541475103842,5376.95507021807,-178.41359511422888
5222.222487673152,3839.596590795512,1382.6258968776397
5189.021231401217,5353.789655520892,-164.76842411967482
5209.049225137042,5182.211175374625,26.83804976241754
5189.012616438634,5491.944002388324,-302.9313859496906
5422.128631292687,5699.8547223134665,-277.7260910207797
5423.005061713925,4975.382271573316,447.62279014060914
5196.095026696974,5655.720142813914,-459.62511611694026
5221.800513278477,5683.039904321653,-461.2393910431756
5179.801553039436,4723.870306025651,455.93124701378474
5175.264575034621,4582.269398539133,592.9951764954876
5183.488639232646,5158.269478284879,25.219160947766795
5225.874941405088,4367.051758642769,858.8231827623194
5198.537318614852,3813.5321315584642,1385.0051870563875
5170.738086374635,5356.150643987526,-185.41255761289085
4613.8880292307595,3016.3591137561475,1597.528915474612
4594.035214243614,4586.079731802486,7.95548244112797
4608.212321741413,5650.981482254879,-1042.769160513466
4592.8035347620835,5418.378777897976,-825.5752431358924
4603.828830664133,5735.806776633982,-1131.9779459698484
4599.883094525707,5474.192549988185,-874.3094554624786
4601.667705354569,5331.129716112146,-729.4620107575765
3816.388050996373,4974.156910069027,-1157.7688590726539
3808.258519906528,5668.45179990628,-1860.1932799997521
3844.102787743738,5489.922239424899,-1645.819451681161
3824.211966281642,5709.05471635727,-1884.842750075628
3820.4047149544695,5565.975178286963,-1745.570463332493
3807.4443609500886,5168.333210462845,-1360.8888495127567
3815.2697025722373,4595.860802171937,-780.5910995997001
3802.4578411722027,5440.090116399814,-1637.6322752276114
3040.06561738185,3825.952636337637,-785.887018955787
3011.3243058090056,4573.983884350609,-1562.659578541603
5064.268823528871,3819.835364398864,1244.4334591300067
5030.198461399369,4691.715689184717,338.48277221465196
5055.903498997415,4738.1796859429605,317.7238130544547
5384.462840599271,5194.377594379708,190.08524621956258
5382.076782547218,5398.67291193357,-16.596129386352004
5353.1240278384175,4715.349599040908,637.7744287975092
5382.107767149126,5296.212746892667,85.89502025645834
5364.524907626701,5505.8736524108435,-141.34874478414258
5392.430910537411,5154.703662415744,237.7272481216678
4717.631455500567,5425.909975074191,-708.2785195736233
4725.804832029201,3934.3628372702287,791.4419947589722
4723.956749256151,5156.559317181117,-432.602567924966
4745.620160484624,4740.019359230634,5.60080125398963
3012.908462578319,4733.206354437905,-1720.2978918595863
3540.101660810909,5492.891033973777,-1952.7893731628678
3562.0295340043203,3826.6402538609045,-264.6107198565842
3568.7744146853124,5481.446633413774,-1912.6722187284618
3552.86899638196,3817.1397834799914,-264.2707870980312
3553.2626643106405,3940.0710399811064,-386.8083756704659
4035.1350927959647,4578.332565176305,-543.1974723803405
4087.971281348041,5686.326445732747,-1598.3551643847059
4045.0391492826234,5657.911017970082,-1612.8718686874586
4041.5229150119912,4601.046574907233,-559.5236598952415
4022.4016972939476,5413.1910295221915,-1390.789332228244
4489.517416047658,3797.321194878439,692.1962211692189
4488.638048538989,5423.755454347998,-935.1174058090091
4489.678678633031,4745.405661681216,-255.7269830481846
4486.974112205074,5850.903782492762,-1363.9296702876882
4486.09123685672,3806.5652793685804,679.5259574881393
4871.149650845868,4832.179386612928,38.97026423293937
4878.058518940282,4471.650221998747,406.4082969415349
4878.497036759398,5557.887807143033,-679.3907703836348
4891.464070763787,4845.689400554568,45.77467020921904
4893.819922325785,5365.209252032499,-471.3893297067134
4877.035441650882,5429.24480473553,-552.2093630846484
4887.796789785791,3807.381651438175,1080.4151383476155
4869.945101817407,5366.675697895122,-496.73059607771484
4863.6581400652185,3794.5727908432586,1069.0853492219599
4883.740576271998,4101.447981474101,782.2925947978974
5380.564968282139,4746.241108170663,634.3238601114754
5345.445113701159,5616.713086360793,-271.2679726596334
5349.496261938989,5427.938699164776,-78.44243722578722
5358.988403845248,5434.7753711392925,-75.78696729404419
5347.912376645704,5492.553998075107,-144.64162142940313
5375.44589417547,5148.214441394164,227.23145278130596
5359.057259893464,5661.926066086158,-302.86880619269414
5344.5156112720215,5498.986734662415,-154.4711233903936
5521.118129888284,3563.2764517282567,1957.8416781600272
5429.207561990383,5380.732274610158,48.47528738022447
5435.860512555382,5791.51558402063,-355.6550714652476
5441.786816364592,4605.008409207392,836.7784071571996
5414.316923860934,3923.125644571518,1491.1912792894163
5451.960669664359,5475.046457803733,-23.085788139374017
5414.839036466234,5419.212981147417,-4.373944681183275
5436.247450888556,5383.132119956748,53.115330931807875
5430.153394466027,5360.937391967258,69.21600249876883
5444.731128129212,5475.81100896576,-31.079880836548
5352.256918112473,5591.780352799947,-239.52343468747404
5367.11661319756,5664.957228998536,-297.8406158009766
5360.3639403276,5490.956492580179,-130.59255225257857
5363.974019797625,5279.525196831409,84.44882296621654
5342.427442101083,5424.244026525629,-81.81658442454591
5357.072200289506,5508.957571727074,-151.8853714375673
5353.075377695537,5377.997236628883,-24.921858933345902
5388.189231657349,4744.963083509971,643.2261481473788
3010.084432976853,5162.19436944639,-2152.109936469537
2990.2016396415415,5055.117310972015,-2064.9156713304733
3005.7463727590307,3805.8427221848006,-800.0963494257699
3942.1314803747196,5165.565684998779,-1223.4342046240595
3928.131269712812,5372.692817701437,-1444.561547988625
3937.8796132030047,5767.86617525679,-1829.9865620537848
3922.5231488466698,5355.286289273231,-1432.7631404265612
3952.8374157919275,4491.758453843298,-538.9210380513709
3924.73561623931,5685.117544861911,-1760.3819286226008
3940.9834788057806,5666.028644586667,-1725.0451657808862
3939.607653197834,5446.209578401942,-1506.6019252041078
3937.862113084616,5058.099904695467,-1120.2377916108508
4791.729965812997,5689.245021627582,-897.5150558145851
4786.429701117201,5419.550077263387,-633.1203761461857
4807.713713189187,4599.49950988091,208.2142033082764
4793.211206077594,4599.3740923713585,193.83711370623587
4802.7525996191625,4477.20174342947,325.55085618969224
4774.923743284054,5351.443393692088,-576.5196504080341
4800.794846011946,4864.8442558682855,-64.04940985633948
4813.859667699817,5349.234847766048,-535.3751800662312
4788.70189455592,3549.928719702307,1238.7731748536135
5471.9666715109515,4797.03744996451,674.9292215464411
5464.896287448842,3815.9521680961834,1648.9441193526582
5495.242645057676,5366.512027700333,128.73061735734245
5470.501807576289,5662.565828950119,-192.06402137382975
5489.371491518875,5464.774566563732,24.59692495514264
3050.2582330657547,5701.010725545287,-2650.752492479532
3015.953091921335,4737.6262627232,-1721.6731708018651
3816.9504874671543,5736.515333065118,-1919.564845597964
3821.8523453106527,4511.486926731107,-689.6345814204542
3813.815059931672,5269.605118853113,-1455.790058921441
3811.1071024546723,4504.7832505008655,-693.6761480461932
3798.7201774371038,5576.542636266951,-1777.8224588298476
3798.0331441345497,5658.8136090465505,-1860.7804649120008
3805.601573435742,4348.4706957231565,-542.8691222874145
3819.381002165373,5484.65623167892,-1665.2752295135474
4618.61927397655,5523.21903415205,-904.5997601754998
4622.870214910139,5528.509206172246,-905.6389912621071
4608.668461399476,5437.961099460295,-829.2926380608196
4608.175769611747,5131.249174406917,-523.0734047951701
4629.889121357355,5394.133534919202,-764.2444135618471
4606.050188883532,3795.4480833101766,810.6021055733559
4587.947542296892,5504.086577122652,-916.1390348257601
5179.577361054033,5612.428130759047,-432.8507697050145
5202.7042444581675,5682.540937411896,-479.83669295372874
5193.761578601619,5358.671071422751,-164.90949282113252
5190.523371482522,5217.628721159499,-27.105349676977312
5185.116252231071,3792.037824806336,1393.0784274247344
5188.922517684736,5522.633506010564,-333.7109883258281
5201.744110966292,5408.292262836418,-206.54815187012537
5191.664829759454,4591.457687120116,600.2071426393377
5425.7135268574775,5495.253020624343,-69.53949376686523
5437.874679695243,5180.25856186909,257.61611782615273
5210.423924766949,5523.504336694838,-313.08041192788824
5209.762942457095,5269.519088493831,-59.75614603673603
5199.655493962568,5480.203728477593,-280.5482345150258
5216.260383102908,5454.672013701744,-238.41163059883547
5200.647778883645,5448.197097396064,-247.54931851241963
5203.318210660275,5051.807908389643,151.51030227063256
5197.404135637502,5477.324424676898,-279.92028903939627
5215.035992029142,5262.06088195089,-47.02488992174767
4575.092266697986,3908.325505376415,666.7667613215708
4631.423412687203,5401.759071851835,-770.3356591646316
4603.727079416261,3937.2792798805026,666.4477995357588
4616.9950873332045,5062.435166469227,-445.4400791360222
4594.709808561256,4709.401465671693,-114.69165711043661
4593.6055480647365,4678.514105612339,-84.90855754760287
4623.092660873243,5395.025486875502,-771.9328260022585
3802.418021920773,3810.024546217617,-7.606524296844327
3821.868452504853,5454.325536046149,-1632.457083541296
3828.9230459659184,5448.8109050463445,-1619.887859080426
3829.5747196719217,4364.881160326106,-535.3064406541839
3805.623831730745,5653.024362591339,-1847.4005308605938
3800.7944173190153,3007.799794258672,792.9946230603432
3799.43749431113,4734.466340514548,-935.0288462034182
3811.2414531531554,4721.044079887857,-909.8026267347018
3017.9596147523175,5543.677767171498,-2525.7181524191806
3025.687478336063,5454.383411732517,-2428.6959333964537
5055.946451880421,5159.3662098285395,-103.41975794811879
5069.966101828394,5271.039348871199,-201.07324704280472
5065.356430209841,5818.793284142231,-753.4368539323896
5401.693359577548,5713.529368599755,-311.8360090222068
5368.021100003405,5437.530596746672,-69.50949674326694
5371.719948746965,4741.641176024848,630.0787727221168
5359.964797972964,5430.704128576786,-70.73933060382205
5349.991585302082,5308.186047530956,41.80553777112618
5369.827206270524,5602.023347061371,-232.1961407908475
4720.956744342638,5662.170163031015,-941.2134186883777
4706.000913943971,5131.2252076813675,-425.2242937373967
4692.97297437772,5582.720625772413,-889.7476513946931
4745.885923501111,4072.775472651943,673.1104508491685
3024.801178953031,4826.795179547452,-1801.9940005944209
3538.340094899917,4708.670620459143,-1170.3305255592259
3556.370175950741,5689.192495995658,-2132.8223200449165
3551.223744114184,3935.193767157023,-383.97002304283933
3574.3764726960867,5608.751677855888,-2034.3752051598017
3565.2754286338827,3824.941328855799,-259.6659002219162
4053.3397497148067,4486.898214363763,-433.5584646489565
4041.5229150119912,5368.660922023595,-1327.1380070116038
4049.2259356496747,5431.679829485984,-1382.453893836309
4059.161700739306,5602.14614229664,-1542.9844415573343
4071.481404981052,3837.2161824023624,234.26522257868965
4510.634368266079,5681.816869146417,-1171.182500880338
4502.119262633744,5180.690569342604,-678.57130670886
4493.592114004902,5154.060768855396,-660.4686548504942
4490.555458907972,5475.988259560395,-985.4328006524229
4510.477427272999,4747.529647622745,-237.05222034974577
4866.9974120792285,3791.3108482228945,1075.686563856334
4888.320845805845,5322.961397232125,-434.64055142627967
4887.080511372873,3955.640338427552,931.4401729453211
4881.864387421886,4301.035070684432,580.8293167374541
4889.4259086612665,3020.049133527584,1869.3767751336823
4905.206097959832,4818.846725443595,86.35937251623727
4869.3477248915715,4767.2312225508695,102.11650234070203
4893.018453219464,5338.135203843278,-445.11675062381346
4874.9973794085,5460.541923176837,-585.5445437683375
4907.369146478025,5184.597266460135,-277.22811998211
5380.564968282139,4615.418374488652,765.1465937934863
5357.9371002031185,5331.773734476078,26.1633657270404
5385.893086391692,5561.647495250634,-175.75440885894204
5343.964614931399,5498.388369134094,-154.4237542026949
5359.341431497293,5479.233313373936,-119.8918818766424
5393.578241761184,5274.669878881237,118.90836287994625
5356.653781540336,3819.482095656884,1537.171685883452
5372.936647706127,5624.971769899728,-252.03512219360164
5512.156520523482,5480.28866656842,31.867853955061946
5435.301226565987,5481.981445994591,-46.68021942860378
5431.6095643568115,3546.8473722064086,1884.7621921504028
5416.11466455443,5362.968144795722,53.146519758708564
5453.824134189053,4811.302188195755,642.5219459932987
5422.746915296038,5721.687590194289,-298.940674898251
5430.0883311498155,5359.535948811268,70.55238233854743
5426.989985624222,5505.371391446824,-78.38140582260257
5440.612938266359,4878.582024191364,562.030914074995
5445.08108011517,5373.727992166701,71.35308794846878
5326.640636827834,4688.515185772146,638.1254510556882
5367.4743337667815,3828.9943149910882,1538.4800187756932
5361.460209455601,5658.563686681446,-297.1034772258445
5363.961763742767,4602.28486458537,761.6768991573972
5359.618324443593,5510.085872898609,-150.46754845501528
5369.814129826129,5667.737774985875,-297.92364515974623
5375.373630919823,5531.068695382896,-155.69506446307332
5352.495550999774,5572.048012706097,-219.5524617063229
2983.4592106168398,5263.211302314527,-2279.752091697687
2991.9974782929653,5583.5818863439445,-2591.584408050979
2997.580261335869,5609.734692037812,-2612.154430701943
3936.861034585042,4577.658346309231,-640.7973117241891
3941.2706802334546,4604.681087867365,-663.4104076339104
3927.7102592941105,4769.528106038541,-841.8178467444309
3932.210625132563,5364.015105868796,-1431.804480736233
3938.166596688701,4493.110267276449,-554.9436705877483
3974.069025979998,5406.056722612518,-1431.9876966325196
3939.1985371511464,5794.972178954976,-1855.7736418038294
3928.95167213039,5634.691544175841,-1705.7398720454512
3940.9951110645334,5492.667868534291,-1551.672757469758
4822.889993780177,5683.687024762474,-860.7970309822967
4799.683595689911,3807.229987176007,992.4536085139043
4788.899798606035,5649.309127610671,-860.4093290046358
4797.193721515311,4369.755681395372,427.4380401199387
4805.577327017876,5380.3858115130415,-574.8084844951654
4802.631249407504,5664.419006582681,-861.7877571751769
4810.234397967681,5369.779164850237,-559.5447668825564
4819.8398478991585,4622.096523196365,197.74332470279387
4797.010684515325,5620.930020181312,-823.9193356659871
5488.07979423258,5042.197812343981,445.8819818885986
5458.460236979092,5649.404726605207,-190.94448962611477
5468.460669168234,4737.639567474104,730.8211016941295
5469.685717826351,5459.115901719746,10.569816106604776
5465.270045110585,5184.354645661307,280.9153994492781
3010.0065175537293,4743.208100677478,-1733.2015831237486
3011.215078105185,4598.034508226715,-1586.8194301215299
3812.5679903131436,5635.1342844485725,-1822.566294135429
3805.1119466296827,5259.481833867824,-1454.3698872381415
3800.0013531288687,5666.914420013509,-1866.91306688464
3826.984194151442,5513.868098084006,-1686.8839039325644
3798.237947926951,4584.788484158655,-786.5505362317035
3831.2152432616726,5567.274242932092,-1736.0589996704198
3804.825413864617,4722.12209899187,-917.2966851272531
3809.8283222064624,5605.396826369134,-1795.5685041626716
4606.855647880959,5518.6771945648,-911.821546683841
4608.668461399476,5672.572555326443,-1063.904093926967
4586.561599681203,3792.4610449891447,794.1005546920583
4596.285678150878,5352.2439574538985,-755.9582793030204
4618.801589443669,5192.105870457837,-573.3042810141678
4615.913262011855,5664.303106134939,-1048.389844123084
4627.096308066044,5385.399258536717,-758.3029504706728
5225.215573047241,4625.5937011866445,599.6218718605969
5226.363504768206,5078.6827936805275,147.6807110876789
5225.881318555632,5482.2030900743675,-256.32177151873566
5193.073767458812,5438.127751803846,-245.05398434503422
5220.095986236156,3558.339523488437,1661.756462747719
5206.755455077013,5445.243263087251,-238.48780801023804
5208.522204727301,5105.871766565585,102.65043816171601
5199.51937237368,4739.647238653288,459.8721337203924
5387.156223379683,5329.276262317292,57.879961062390976
5409.967570398937,4951.069409799936,458.89816059900113
5206.519740107851,5443.876728103989,-237.35698799613783
5201.815953897066,5665.675231011468,-463.8592771144022
5191.322815795889,5400.891450161209,-209.56863436531967
5194.395617200456,5668.025332263652,-473.62971506319536
5176.668035750836,5132.663170718649,44.0048650321869
5195.694625403996,4593.116714368119,602.5779110358772
5226.26709986174,4813.967466333048,412.29963352869163
5181.4581277902425,5048.562430171847,132.8956976183954
4621.949068494323,5372.525863362978,-750.5767948686553
4632.337338749708,4756.865932935786,-124.52859418607841
4599.743494526162,5520.419498107309,-920.6760035811467
4592.049311916105,5367.869461268405,-775.8201493523002
4609.283897635633,5443.280473948273,-833.9965763126393
4616.594569533655,4879.627569897784,-263.0330003641293
4639.343539475483,4933.357848591635,-294.0143091161517
3815.093656657719,5517.273770281563,-1702.1801136238441
3826.914563434803,5533.5468010877275,-1706.6322376529247
3808.2043438871447,5402.518183141117,-1594.3138392539727
3827.2353715978425,5531.653068382487,-1704.4176967846442
3808.357626616011,5656.564672750976,-1848.2070461349645
3811.6772841226725,5483.210007050572,-1671.5327229278996
3806.4784385205453,5489.543066278955,-1683.0646277584096
3828.4132472862916,5746.806964357263,-1918.393717070971
3003.268277177894,5600.36147988212,-2597.093202704226
3037.063047038161,4381.362108069875,-1344.2990610317138
5054.454270828866,3567.048101453771,1487.4061693750955
5078.92092022934,5690.23519985526,-611.3142796259208
5074.288473356442,3814.7585065923945,1259.529966764048
5368.459771184981,5281.015439423737,87.44433176124403
5361.888424593266,5518.649452161586,-156.76102756832006
5364.73146978495,5606.530696076902,-241.79922629195244
5373.152103231497,5738.237139843965,-365.0850366124687
5382.103838892743,5257.876098460499,124.22774043224399
5359.968059040015,4786.664225591428,573.3038334485873
4722.82128914176,5707.080016808815,-984.2587276670556
4738.711947596926,4878.783560758118,-140.07161316119254
4708.873409956084,4326.213051057518,382.6603588985663
4728.371005839178,5618.223915719474,-889.8529098802956
3003.2946738830396,4470.434490157092,-1467.1398162740525
3564.78815964636,4847.025046913273,-1282.2368872669135
3540.5453455424004,4778.948109792605,-1238.4027642502042
3554.1192082838693,5499.276853339906,-1945.1576450560365
3555.164598177699,4585.420492358607,-1030.2558941809075
3557.600676107134,5414.611836761403,-1857.0111606542687
4055.122614464284,5448.038316771168,-1392.9157023068838
4046.924751956503,5664.84836675923,-1617.9236148027271
4068.022230334568,5182.1335013778125,-1114.1112710432444
4062.847225474643,5534.891415443319,-1472.0441899686757
4076.111137700152,5449.218046440511,-1373.106908740359
4483.8619450221895,5418.347930486176,-934.4859854639863
4494.70075752752,5386.364275002592,-891.6635174750718
4505.888983749587,5631.196127892369,-1125.307144142782
4498.557307447478,4509.43333845425,-10.876031006771882
4516.15282557421,5534.950178644185,-1018.7973530699755
4887.043166943424,5634.324129619455,-747.2809626760309
4873.921304840535,5329.62266851463,-455.70136367409486
4880.936329295924,3021.5488270469145,1859.3875022490097
4871.475508077781,5123.887267731016,-252.4117596532351
4876.646900432235,5020.128390028272,-143.48148959603714
4880.428125023942,4790.962998866062,89.46512615788015
4887.1133227252185,5439.750596748628,-552.6372740234092
4896.591840975906,5282.504919405241,-385.91307842933475
4888.2257431012,5656.183763485817,-767.9580203846162
4879.764468799768,5475.66314854919,-595.8986797494217
5380.564968282139,5677.86184361586,-297.2968753337218
5345.600483370841,5369.648869005819,-24.04838563497742
5380.11172311481,5677.00760841433,-296.89588529952016
5353.222625908698,5266.892538327404,86.33008758129472
5380.729552025246,5534.622103278974,-153.8925512537271
5356.61605342008,5300.014843818972,56.60120960110817
5370.666869492638,5722.372401852728,-351.7055323600898
5376.69653958258,4327.314815361363,1049.3817242212172
5539.107870536457,5524.671443692277,14.43642684418046
5423.134732468445,5689.873835604493,-266.73910313604847
5438.896335974288,5179.359766859127,259.536569115161
5435.393499513208,5682.204842453705,-246.81134294049752
5435.860862745786,4608.904130390796,826.95673235499
5434.3336628189745,4810.684913190387,623.6487496285872
5441.232961007865,5494.681836625011,-53.44887561714586
5444.133646812012,4606.943156800274,837.1904900117379
5452.9290446589275,5590.987992010755,-138.05894735182756
5464.989364353905,4809.619072519378,655.370291834527
5368.850776203073,5666.61358229753,-297.7628060944571
5368.464008936038,5395.098768424326,-26.634759488288182
5360.178183014561,5447.722991254973,-87.54480824041184
5360.942852405,5517.766567933549,-156.82371552854875
5359.167730574638,4710.281957147801,648.8857734268367
5362.987869538527,4873.887263077757,489.10060646077
5324.23047671755,5695.356788078164,-371.1263113606137
5386.643983142583,5297.314955753642,89.32902738894154
3006.1815725350957,5449.358991406231,-2443.1774188711356
3004.1322052865016,5403.114833714513,-2398.9826284280116
3001.9239809904857,5523.792041788667,-2521.8680607981814
3959.4565450799882,4595.025201374225,-635.5686562942365
3933.2403966374404,5518.6809238784845,-1585.440527241044
3937.466161574281,4725.882520937887,-788.4163593636063
3922.9621940601837,5667.383255151537,-1744.4210610913533
3953.452959521383,4819.344712259149,-865.8917527377657
3919.3496397171502,5640.852877065538,-1721.5032373483882
3927.6205156895794,4852.057401781551,-924.4368860919712
3935.766505014761,4732.984222757818,-797.2177177430572
3937.5911804395323,5365.9618745805,-1428.3706941409678
4795.277838742305,5798.145439385912,-1002.8676006436071
4800.174739147347,5504.163799187753,-703.989060040406
4817.744010993547,4727.133778606588,90.61023238695907
4777.987954185372,4706.722189971,71.2657642143713
4814.725202661095,4608.413471241761,206.31173141933414
4799.55179534844,4483.9013922842005,315.6504030642391
4826.663472714886,5539.095779425026,-712.4323067101404
4811.786618968336,5525.274040153293,-713.4874211849565
4821.120471500755,5071.064805721562,-249.94433422080692
5479.046743797867,5826.906518293191,-347.859774495324
5459.849753638726,4593.965270338494,865.8844833002322
5446.309577306606,4582.55278870628,863.7567886003262
5495.858678171339,3960.675666978258,1535.1830111930813
5477.269559367877,3940.1492796120233,1537.120279755854
2997.480240010796,5085.921885978549,-2088.4416459677527
2996.5546275090574,5382.239787988162,-2385.6851604791045
3790.4926389659972,5319.1857126019095,-1528.6930736359122
3810.1212748497915,5169.708963105341,-1359.58768825555
3798.2378632697187,5248.548171379087,-1450.3103081093682
3816.3098155769367,5343.737433904484,-1527.427618327547
3788.514424458817,5579.263480673933,-1790.7490562151165
3815.242629958955,5737.042540447382,-1921.7999104884266
3830.3153192802106,5049.082859003947,-1218.7675397237367
3796.4650386337066,3804.3210260367227,-7.855987403016115
4616.632322460369,5525.488235903544,-908.8559134431744
4608.175769611747,5241.116442258869,-632.9406726471225
4596.285678150878,4338.410807687215,257.8748704636628
4602.0839781999275,5316.788993474718,-714.7050152747906
4593.190609090702,5332.97020880421,-739.7795997135081
4602.604296239257,5492.843332258367,-890.2390360191102
4590.601152559299,5421.619694360692,-831.0185418013925
5209.131170953473,5289.182001445444,-80.05083049197128
5200.939992751573,4727.360875049852,473.57911770172086
5194.052175410153,5652.6740000033,-458.6218245931468
5186.306012291337,5164.216974417559,22.08903787377767
5206.809734095187,5390.09543350814,-183.28569941295245
5213.369547802099,5669.176164065778,-455.80661626367873
5196.896679516242,4963.311593020404,233.58508649583837
5216.0346917854595,5445.392010644791,-229.35731885933183
5422.468046108123,3029.6603577784254,2392.807688329698
5419.02956102665,5655.3981457720365,-236.36858474538622
5211.389512813663,5708.856958026232,-497.46744521256915
5233.766815440459,5363.219110073816,-129.45229463335727
5193.588635523229,3019.6647808594103,2173.9238546638185
5200.752303260838,5480.93977073503,-280.1874674741921
5194.691382359355,3807.2724411011277,1387.4189412582273
5198.504208583726,5527.875234027905,-329.3710254441794
5199.434201769154,4607.5320064347625,591.9021953343918
5214.0964144259315,5379.08416140105,-164.98774697511817
4604.587164751539,4583.2196168669525,21.3675478845862
4596.9616717959325,5594.892659480157,-997.9309876842244
4620.964093836379,5687.619737143847,-1066.6556433074675
4604.520489625238,3938.591394246046,665.929095379192
4642.76258119772,4783.973349898797,-141.21076870107754
4589.977925557141,4769.873686835932,-179.89576127879081
4582.355302688228,4455.77186747975,126.58343520847848
3823.6869640696154,5345.462895236101,-1521.7759311664854
3811.5591032743423,5128.46318446943,-1316.904081195088
3826.36491369391,4824.020406563474,-997.6554928695646
3837.280382453695,3026.5599706759726,810.7204117777223
3809.8354885890676,3951.344442979334,-141.50895439026635
3824.6287723480555,5516.409359007302,-1691.7805866592462
3807.2312198366985,5185.148036376441,-1377.9168165397427
3805.8426277659373,5328.810987706413,-1522.9683599404752
3006.58692744919,5673.981579210537,-2667.394651761347
3014.2878549092306,5320.520581631606,-2306.232726722375
5049.040210122471,4578.435428501271,470.60478162119944
5051.759542077435,5432.863211536736,-381.1036694593013
5084.262176590127,4128.469705503248,955.7924710868783
5323.972809261658,4746.168667411031,577.8041418506273
5351.591837318467,5497.285767088165,-145.69392976969812
5358.95832219699,5377.304744712785,-18.346422515794984
5370.727332848432,5661.539955476326,-290.8126226278946
5366.063942159195,4723.27194443117,642.7919977280253
5368.047502396231,3000.025064161204,2368.0224382350266
4729.602529217541,5369.9080076310265,-640.3054784134856
4720.65312255759,4733.329819190915,-12.676696633325264
4741.19637617246,4619.296501468796,121.89987470366395
4725.925056981505,4482.507677537748,243.41737944375654
3013.254590578855,3829.4153299781115,-816.1607393992563
3552.772282712127,3804.5691919498017,-251.79690923767475
3566.3381037624326,5386.909936431367,-1820.5718326689343
3553.5522793584087,3008.2575506308954,545.2947287275133
3564.949226280367,5668.977791508121,-2104.0285652277544
3555.3567246954412,5793.46694840482,-2238.1102237093787
4037.517527583406,5321.157182747471,-1283.639655164065
4049.9864862114123,5517.465603841964,-1467.479117630552
4047.4956869562398,4729.11567070683,-681.6199837505906
4051.426064772947,3548.0556587960796,503.37040597686746
4058.6604381165184,5710.687404140914,-1652.0269660243953
4505.888983749587,5460.361333258098,-954.4723495085109
4470.517273455973,5412.804021249497,-942.2867477935242
4506.671856191373,5714.408673671883,-1207.7368174805097
4493.713746664288,5621.083254171667,-1127.3695075073792
4495.837991661331,5385.86528723256,-890.0272955712289
4883.80752574942,3805.701531128204,1078.1059946212163
4884.156463379302,4786.574384810627,97.58207856867557
4880.2092917847685,5365.795558735041,-485.58626695027215
4888.443499282332,4838.077051959258,50.36644732307377
4886.369323418488,5657.376375148003,-771.0070517295144
4873.45965095428,4474.87562267495,398.5840282793297
4911.976262645555,5329.87069470381,-417.894432058255
4909.446438168685,5361.783008563617,-452.3365703949321
4887.563774829035,5384.959238357277,-497.39546352824254
4875.894078055939,5266.769160004028,-390.87508194808925
5380.564968282139,5153.1794269048005,227.3855413773381
5372.00605034469,5320.552948346394,51.453101998296006
5366.563970136578,5664.240795186079,-297.6768250495006
5350.314980341792,5258.55210417103,91.76287617076196
5372.140879110888,4973.248175018679,398.892704092209
5376.839271476494,4728.436698724243,648.4025727522512
5376.248876508926,5402.471712663711,-26.222836154785
5371.978298382352,5602.805468801617,-230.8271704192657
5498.986464727153,5366.09463232783,132.891832399323
5419.92161708509,5245.040927230333,174.88068985475638
5430.374167645991,5382.560060168818,47.81410747717291
5441.2587240455905,4730.7016188971,710.5571051484903
5438.672254147209,5414.211610170302,24.460643976906795
5441.832222099493,4794.24667708538,647.5855450141134
5422.388895645311,5646.896626683468,-224.50773103815663
5423.884025023725,4953.346345956809,470.5376790669161
5451.621957179754,4595.262098106969,856.3598590727852
5463.773406997326,5681.811009396149,-218.03760239882286
5379.05234409419,5460.79181104404,-81.73946694984988
5363.147371367593,4601.733372017255,761.4139993503386
5373.904355616663,5347.573345616399,26.33101000026454
5342.427442101083,5350.781299674082,-8.353857572999004
5344.467588107791,5499.225942541834,-154.7583544340432
5365.093754812132,3947.067643321337,1418.0261114907948
5350.369058568813,5167.32564540039,183.04341316842238
5340.772821552445,5359.060819147095,-18.287997594649823
2993.708731607227,5366.286653406013,-2372.577921798786
3016.9104426653253,4892.030846395582,-1875.1204037302564
2985.795956695737,5359.254453073685,-2373.458496377948
3940.1010484109675,5118.450634468995,-1178.3495860580279
3938.39195421889,5656.9060062853505,-1718.5140520664604
3950.684137020427,5016.551573929313,-1065.8674369088862
3938.166596688701,5394.261269502107,-1456.0946728134063
3913.3706694290504,5648.148016875652,-1734.7773474466012
3932.741662824328,5128.459437607975,-1195.7177747836467
3948.047058683284,5115.236239076624,-1167.18918039334
3949.5054158245907,5690.3000296203645,-1740.7946137957738
3938.130762989296,5663.641470859517,-1725.5107078702208
4805.845424553012,4615.012423124554,190.83300142845837
4807.909746640004,5491.211462804175,-683.301716164171
4815.1346787014745,5495.011390559717,-679.8767118582427
4817.050717935216,5532.108362509872,-715.0576445746556
4800.794846011946,5168.239114838434,-367.44426882648804
4829.814093782654,5435.199838296065,-605.3857445134108
4794.493386499714,5264.650573110544,-470.15718661083065
4815.6001015508045,4805.682836796791,9.917264754013559
4828.710826229131,5437.038372519965,-608.3275462908341
5464.737801515998,5654.719160609108,-189.98135909310986
5467.5927622323,5383.779376888888,83.81338534341194
5449.087026999624,5597.199692147327,-148.1126651477034
5459.790184465759,5359.248757368194,100.54142709756525
5452.897102660533,4696.129859621844,756.7672430386892
3031.221257847936,4612.080335720641,-1580.8590778727053
3002.9206927862488,5256.045272564648,-2253.1245797783995
3795.5217220437653,5150.976056530633,-1355.454334486868
3785.3888031309198,4775.433877249841,-990.0450741189215
3826.045966595837,5392.610626720215,-1566.564660124378
3816.450278095496,5489.312072746663,-1672.8617946511672
3793.589765024905,4786.722081810342,-993.1323167854375
3829.288911351945,5351.08343730151,-1521.7945259495646
3832.4376177062345,4748.458870633217,-916.0212529269825
3828.5498991216173,5195.283555713003,-1366.7336565913856
4605.468482663308,5372.861478830933,-767.3929961676249
4629.889121357355,5432.75025686698,-802.8611355096245
4618.801589443669,5676.818582283584,-1058.0169928399146
4593.190609090702,5435.923680670343,-842.7330715796406
4598.578362919209,4475.796106990689,122.7822559285205
4597.390371816379,4719.963177882793,-122.57280606641416
4600.127716889924,4595.639495792967,4.488221096957204
5231.768608860514,4757.373679794053,474.3949290664614
5206.40147288588,5669.027616428432,-462.6261435425522
5215.26944956614,5816.834239052553,-601.5647894864132
5195.681502962147,5595.698782472571,-400.0172795104245
5207.5578779875295,4483.19864029845,724.3592376890792
5187.861756547275,5251.986795304052,-64.12503875677703
5205.493656132607,5446.826487927414,-241.33283179480713
5222.314245369317,5561.4113063320065,-339.0970609626893
5438.8336856403985,5725.497727426142,-286.6640417857434
5413.999772468301,4027.680146489157,1386.319625979144
5195.54954178346,5433.162480056182,-237.6129382727222
5196.516834999753,4800.303918359412,396.21291664034106
5198.434677561814,4584.930541348933,613.5041362128813
5220.422791559816,4613.678202800278,606.7445887595377
5189.843027814427,5587.173213848096,-397.3301860336687
5229.875434747884,5637.150183363243,-407.2747486153585
5194.613778733401,5731.517408053619,-536.903629320218
5190.8986118848225,5592.302369221031,-401.4037573362084
4629.148340786255,5523.814392213766,-894.6660514275109
4614.689763332776,5367.600385773488,-752.9106224407114
4586.183566482661,5756.125591483372,-1169.9420250007106
4596.687078416481,5686.657190852369,-1089.970112435888
4625.285716591314,3007.5374482873567,1617.748268303957
4631.59438265844,5699.289274985522,-1067.694892327082
4606.3239544170765,5377.120599203557,-770.7966447864801
3833.945638085287,5634.473432216737,-1800.5277941314498
3802.043219733423,5384.701003133408,-1582.6577833999854
3811.6772841226725,5170.41065530296,-1358.7333711802871
3814.8688839308643,5610.539632809559,-1795.6707488786951
3814.773669954828,4610.558760857195,-795.7850909023668
3809.175943108931,5186.66037208542,-1377.4844289764892
3801.3570438491306,4783.999005794392,-982.6419619452618
3824.834772047611,5756.960426787067,-1932.1256547394564
2994.9164251171705,5446.432307569273,-2451.5158824521022
3016.2448137876336,5370.655546257899,-2354.4107324702654
5056.467298287502,5480.221853192398,-423.7545549048964
5052.251781564847,5510.849603542114,-458.5978219772669
5035.83569118352,5463.689985915454,-427.8542947319338
5380.205006775808,5725.527952931873,-345.322946156065
5355.004767657878,5428.579230544832,-73.57446288695428
5377.121117060984,5513.382494366016,-136.2613773050316
5369.530586355458,5038.106383626766,331.42420272869185
5401.34548545718,4630.919774291618,770.4257111655625
5389.039070047657,5617.709180803537,-228.67011075587925
4723.493356937297,5307.842735446767,-584.3493785094697
4720.291484662437,5133.941929367231,-413.6504447047937
4715.918697126935,3941.180186561155,774.7385105657795
4757.3304299506835,5477.149727713101,-719.8192977624176
3013.7313399703075,4799.170555913509,-1785.4392159432014
3562.3011283787314,4616.060801802253,-1053.7596734235217
3550.0480909805183,5800.346028534528,-2250.29793755401
3567.8382265855744,5409.110095952007,-1841.2718693664328
3592.769671998901,5703.891341501868,-2111.121669502967
3559.2580668044807,5260.756866054555,-1701.4987992500742
4052.4384064200913,3812.4467127915773,239.99169362851399
4042.3040940652836,5641.720835426634,-1599.4167413613504
4072.1457234984787,5399.601252699042,-1327.455529200563
4066.6902844815627,5453.03199320979,-1386.3417087282273
4054.474822045659,5038.235191425705,-983.7603693800461
4516.15282557421,4828.052976531096,-311.90015095688614
4490.923363401479,5128.663596439107,-637.7402330376281
4495.837991661331,5444.229976154692,-948.3919844933607
4507.069277599319,4806.49144845574,-299.42217085642096
4498.064501894516,5396.9223311523,-898.857829257784
4881.221909872044,5356.485877773537,-475.26396790149283
4884.315263242858,5363.145658092248,-478.83039484938945
4888.467130073085,5166.619508984468,-278.1523789113826
4897.668994201708,4618.980350030815,278.688644170893
4883.81354650415,5168.4727692756,-284.65922277145
4865.997681752685,4580.994885903855,285.0027958488299
4896.698878209059,4736.923855715411,159.77502249364807
4896.84222732956,5516.455127809849,-619.6129004802888
4884.630307340781,5673.904744862302,-789.2744375215216
4884.281843160847,3549.0918392862113,1335.1900038746353
5380.564968282139,5455.623624001948,-75.0586557198094
5363.278058544184,4735.758881517489,627.5191770266956
5340.406214742114,5662.744827040913,-322.3386122987995
5338.962085787712,4778.499751500085,560.4623342876266
5360.628837388521,5133.884961027215,226.74387636130632
5353.198167348502,5165.912402457194,187.28576489130774
5374.713969908711,4114.265627032282,1260.4483428764288
5342.496770564264,4500.971014352451,841.5257562118131
5507.532883472529,4864.141569442023,643.3913140305058
5424.388045438962,4790.2297803881775,634.1582650507844
5457.427656957906,4830.822694913233,626.6049620446729
5438.1424588528525,5177.959270671046,260.18318818180614
5426.970666787729,3919.5968725127254,1507.3737942750035
5420.902028207808,4852.855950337315,568.0460778704928
5457.463783815294,5463.926314967533,-6.4625311522386255
5415.4133276659895,3778.365545788063,1637.0477818779264
5443.766502951999,5447.388474205094,-3.621971253094671
5452.2631629567295,5070.485153350415,381.7780096063143
5362.900738262139,5447.663692299163,-84.76295403702352
5370.062210019672,5796.495821116507,-426.4336110968343
5348.824108233072,5370.76670642172,-21.942598188647935
5362.830718369588,5168.930291903006,193.90042646658185
5350.89477693869,5650.448583906748,-299.5538069680588
5354.492410400482,4822.782462348586,531.7099480518964
5333.207145110945,5593.682900342359,-260.47575523141404
5357.101763178836,5268.302511159848,88.79925201898823
3000.858799276058,4623.400234980413,-1622.541435704355
3010.2910162056633,4588.89568811945,-1578.6046719137867
3000.277018186888,5159.237178090509,-2158.9601599036205
3927.9490420369307,5334.865775483028,-1406.9167334460976
3936.6659318770417,5706.428187755898,-1769.7622558788562
3939.629925688928,5479.28201809118,-1539.6520924022525
3948.7815507069163,5393.599489185145,-1444.8179384782288
3950.351235343821,4109.623855960046,-159.27262061622514
3965.2393091360645,5164.045634065355,-1198.806324929291
3937.5086452363175,5374.694412006116,-1437.1857667697986
3937.7024796953415,4803.384818397326,-865.6823387019845
3945.5579324757396,5103.333438841085,-1157.7755063653453
4797.017437607663,4710.589707948583,86.42772965907989
4790.934654675992,5664.702414924306,-873.7677602483145
4789.378020248335,5305.532328640833,-516.154308392498
4801.566361334875,5266.088289469875,-464.52192813500005
4822.225317502211,4605.246929366264,216.97838813594626
4790.31905182517,4780.771594436666,9.547457388503972
4826.050088751369,5873.77680641552,-1047.7267176641508
4806.408066660895,5518.232771519469,-711.8247048585736
4806.218690479833,5655.539159862333,-849.3204693825
5465.041020440645,3029.1719151771426,2435.8691052635027
5479.893623318944,3011.0118490679624,2468.881774250982
5476.75188090984,4062.3275017147535,1414.4243791950867
5454.250671509689,5645.363358630398,-191.11268712070887
5477.75706526162,5395.632829443039,82.12423581858093
3000.27472092346,5675.821696419905,-2675.5469754964447
3006.9133504507136,5645.004667742906,-2638.091317292193
3821.0265757949232,5478.581906842388,-1657.5553310474647
3818.401154752011,5439.01719499418,-1620.6160402421688
3808.6958181276796,5379.6577730287745,-1570.961954901095
3814.432818382586,5366.385463162372,-1551.9526447797857
3821.8245962900355,5190.989168447855,-1369.1645721578197
3805.186578475914,5423.694319960122,-1618.507741484208
3794.013252072253,5370.101060218763,-1576.0878081465103
3838.965178568926,5139.672205313727,-1300.7070267448012
4600.253560377921,5099.346690713515,-499.09313033559465
4606.050188883532,4793.69590618492,-187.64571730138778
4615.913262011855,3820.160439293948,795.7528227179073
4602.604296239257,5373.481685479654,-770.877389240397
4597.390371816379,5574.9654133748145,-977.5750415584353
4600.734171383665,5462.830282730848,-862.0961113471831
4611.896591575574,5518.856866006591,-906.9602744310168
5184.559173959324,5658.044083875857,-473.48490991653307
5217.035103412458,5469.048424602926,-252.01332119046856
5203.1842993391165,4873.534587107678,329.64971223143857
5198.725689942902,5541.851655811399,-343.1259658684967
5205.2053188178415,5517.9207752432385,-312.71545642539695
5187.126233684849,5428.145412089628,-241.01917840477927
5212.1372256890445,5865.537874955905,-653.4006492668605
5205.304194268276,3006.731660173032,2198.5725340952436
5416.166660707581,4588.767979632172,827.3986810754095
5429.644719712897,5371.281147596619,58.36357211627819
5217.229564581689,4605.966492391456,611.2630721902333
5205.028999277072,4601.118986421688,603.9100128553846
5165.699415574432,4556.214188822315,609.4852267521173
5176.8095721355885,4570.926478062783,605.8830940728058
5198.744530814447,5325.141570261194,-126.39703944674693
5203.566968262538,5684.065534006568,-480.4985657440302
5204.153479433064,5383.677286930514,-179.52380749745043
5215.267392221758,4856.575247453558,358.6921447681998
4596.072700822411,5433.47286057375,-837.4001597513388
4620.297908705692,5120.064661149522,-499.7667524438302
4599.393220491321,4596.905606360392,2.487614130928705
4608.667318856707,3934.2914316699585,674.375887186749
4612.139775902372,5541.063303599457,-928.9235276970849
4632.435237309206,4757.493338336994,-125.05810102778833
4604.197430548406,5371.474081077675,-767.2766505292684
3820.7952052394394,3808.111933120239,12.68327211920041
3809.014627385045,5806.068629969002,-1997.0540025839573
3796.7435650356083,4589.096357687666,-792.3527926520574
3799.8401036431924,4735.505129292933,-935.6650256497405
3824.0585245608872,5343.154246710744,-1519.0957221498566
3818.9777944684038,5545.822581649118,-1726.8447871807139
3810.7200315965756,5662.499253261891,-1851.7792216653152
3790.6741340705394,3788.682733468166,1.9914006023732327
2998.5994790790337,4572.228145902682,-1573.628666823648
3018.083082995026,5671.061301311577,-2652.978218316551
5035.524203785343,5035.898989259809,-0.3747854744660799
5058.740644924533,5343.946897215809,-285.20625229127654
5061.736909438487,5174.705038795531,-112.96812935704475
5382.726006500823,5180.569176656181,202.15682984464183
5354.302161403096,4893.115642563464,461.1865188396323
5375.22050162173,5608.168875681523,-232.9483740597925
5373.218007200656,5604.423789068846,-231.20578186819057
5345.916112925879,5153.424468677945,192.49164424793435
5359.32776249068,5427.79849648464,-68.4707339939605
4740.8518442063605,5677.621004752745,-936.7691605463842
4734.236683960099,4607.2480550483915,126.98862891170756
4752.396958870061,5409.0045078385565,-656.6075489684954
4746.485157641559,4620.558016895765,125.92714074579453
2999.5583054277336,5382.177281892657,-2382.618976464924
3557.7977254927237,5186.311869481855,-1628.5141439891313
3543.517850104387,5668.225626597535,-2124.707776493148
3576.4200214947527,3833.0480425815635,-256.6280210868108
3540.4015177793967,5501.869667612575,-1961.468149833178
3558.6583708235257,4384.871307788244,-826.2129369647182
4062.956860162302,4747.847747228791,-684.8908870664895
4048.0391526270614,5128.002971795748,-1079.9638191686863
4055.1383733860166,5665.54858353192,-1610.410210145903
4056.668053547263,3011.9462704085026,1044.7217831387602
4055.403358685556,4508.539272868577,-453.1359141830212
4479.546968778166,5646.454460807222,-1166.907492029056
4495.028950844785,4587.129061547372,-92.10011070258679
4485.782127316933,5362.509637754178,-876.7275104372447
4496.53840236983,5746.781744624573,-1250.2433422547429
4496.771147843838,5474.797002716697,-978.0258548728589
4882.860560754273,5048.996149095767,-166.13558834149353
4860.422146542795,4770.065475973418,90.35667056937746
4897.50200479365,3834.089456420654,1063.4125483729954
4916.792843516568,5220.297771700003,-303.50492818343537
4897.781329924964,5150.464937502595,-252.68360757763094
4902.340144476181,5345.182768590477,-442.8426241142961
4890.460280832323,5666.957583854237,-776.4973030219135
4897.274471556293,5494.533804646304,-597.2593330900108
4889.4148203591785,4609.187022849741,280.22779750943755
4889.010846325972,5684.8004015448605,-795.7895552188884
5380.564968282139,5390.1103932082015,-9.545424926062879
5371.156277309925,5673.258885178576,-302.1026078686509
5381.531378077671,5684.152315309596,-302.6209372319245
5378.251149150591,5400.361714962688,-22.110565812096866
5370.205727294441,5689.776729882624,-319.57100258818264
5381.934139218298,4808.290138536614,573.6440006816838
5357.745796277761,5682.551814399728,-324.8060181219671
5356.705350289224,4475.650427407535,881.054922881689
5508.455963642663,3940.4591478852553,1567.9968157574076
5429.8771924085395,5657.88777077129,-228.0105783627505
5426.345739140619,5700.231439638981,-273.885700498362
5440.37010570315,5519.387177797026,-79.01707209387587
5410.557509769126,5226.721531739856,183.83597802927034
5439.969478892394,4353.467926309583,1086.5015525828112
5424.504285519204,5437.193944427216,-12.689658908011552
5455.674765602199,3829.057878519094,1626.6168870831048
5424.464384146092,5331.404043063317,93.06034108277527
5464.384695711934,5122.946190385678,341.43850532625584
5342.858452798714,5596.332558082272,-253.47410528355795
5376.419741243457,5677.986711064995,-301.5669698215379
5369.226757997805,5864.962570032532,-495.73581203472713
5351.63341548711,3553.6385810074053,1797.9948344797049
5360.267524614177,4586.655930501072,773.6115941131047
5367.409730082256,3561.1586188125516,1806.2511112697043
5336.744966320874,4564.586570324657,772.1583959962163
5366.464600178811,5442.294118122216,-75.82951794340443
3011.4220701661734,5711.35213871517,-2699.930068548997
2991.633791394745,3797.482249136755,-805.8484577420099
3023.6010931221676,3052.6552223824424,-29.05412926027475
3926.431432582188,4744.108215859095,-817.6767832769074
3945.3944849234254,5404.679832529341,-1459.2853476059158
3946.903441009385,4610.388238221779,-663.4847972123939
3974.069025979998,5123.227595131354,-1149.158569151356
3932.741662824328,5479.6644939836615,-1546.9228311593333
3942.364007238298,5386.212860450132,-1443.848853211834
3957.9791310697806,5194.944771904678,-1236.9656408348978
3932.0517391700214,3812.3666706042545,119.68506856576687
3927.2872106569794,5255.001810435358,-1327.7145997783782
4806.738632198172,4729.334044347754,77.40458785041847
4835.841605173888,3832.131816170662,1003.7097890032255
4801.489181377327,3560.436633826431,1241.0525475508966
4825.557094339277,4503.177371119748,322.3797232195284
4795.649119898856,5657.127300648776,-861.4781807499203
4795.156382033763,4785.604681221884,9.551700811879527
4800.953069306736,5357.138039126103,-556.1849698193664
4809.667621210582,5666.896685918633,-857.2290647080508
4812.439368176749,5185.614192097088,-373.1748239203389
5468.629185240803,5660.645299151581,-192.01611391077768
5465.270045110585,5405.841945960618,59.42809914996633
5484.487642553953,5676.02210652629,-191.5344639723371
5462.535841056065,5378.915791775171,83.62004928089391
5489.639331815141,5368.131546502844,121.50778531229753
3013.231339386404,5175.6958419553475,-2162.4645025689433
3015.6368668005925,5517.162058548261,-2501.525191747668
3823.864271208539,5628.632234479161,-1804.7679632706217
3813.9650404847453,5529.691915438824,-1715.726874954079
3797.877294507073,3939.002081200961,-141.12478669388793
3798.264922756921,3802.2973039840876,-4.032381227166752
3824.1440179737297,4611.789708630784,-787.6456906570543
3799.752861840747,4769.409593253363,-969.656731412616
3810.793562800068,4831.805458647018,-1021.0118958469502
3820.7976964420345,4876.12659166748,-1055.3288952254456
4614.253299914066,3943.933893900008,670.3194060140577
4587.947542296892,5433.262835062885,-845.315292765993
4627.096308066044,5385.876794499375,-758.7804864333311
4590.601152559299,5352.156967509143,-761.5558149498438
4600.127716889924,4347.437094443771,252.6906224461536
4611.896591575574,4351.32649787996,260.57009369561456
4583.275626602862,4851.741674549221,-268.46604794635914
5185.684318052832,4702.998485977432,482.68583207539996
5206.577822123212,4737.412362402503,469.1654597207089
5213.812110997436,4610.714372277162,603.0977387202747
5197.428860566801,4587.0976450745175,610.3312154922833
5206.098354336793,4041.573361116629,1164.524993220164
5204.077672616328,5158.066157888887,46.011514727440954
5191.574541923471,5374.208434623635,-182.63389270016432
5203.5233468786755,4869.151278224328,334.37206865434746
5405.979143920407,5498.90491836084,-92.92577444043309
5441.206861090792,5390.696656047607,50.510205043185124
5191.140684657361,5504.067342351516,-312.92665769415544
5226.26709986174,5405.195233000517,-178.9281331387774
5194.448250837463,5675.58121409657,-481.1329632591069
5219.97910393803,5430.727992696857,-210.74888875882698
5184.761869937699,5662.626778277156,-477.86490833945663
5213.157748811536,3826.8281513198876,1386.3295974916487
5190.580066151261,5145.84974722085,44.73031893041116
5188.33210583233,5247.981470698536,-59.64936486620627
4605.512171517543,5516.898063838154,-911.3858923206108
4603.2864373733455,5426.899945516225,-823.6135081428793
4600.060325516295,5382.168766860372,-782.1084413440767
4622.669837375123,3815.6087977607735,807.0610396143497
4611.332461506865,5699.423319962185,-1088.09085845532
4606.278172347284,4794.860383599505,-188.582211252221
4629.543572020049,5500.459572631239,-870.9160006111897
3829.5752681179683,4752.962814469574,-923.387546351606
3809.908372219329,5498.395444066318,-1688.4870718469892
3804.912480084347,5432.103623076688,-1627.1911429923407
3816.0566301718613,4853.3540879296515,-1037.2974577577902
3811.488664455145,3015.1898511407035,796.2988133144418
3792.560628023623,5489.043561003495,-1696.4829329798717
3809.653284837951,5354.027848321294,-1544.374563483343
3808.1538826688006,5445.290522282289,-1637.1366396134886
3019.298977214077,5380.929943309945,-2361.630966095868
3002.985321290711,5540.8295124761225,-2537.8441911854115
5066.670486655622,5619.084358588083,-552.413871932461
5086.273803326472,4763.604038793518,322.6697645329541
5019.546940995625,5621.982353149876,-602.435412154251
5347.415879036585,5151.732474446188,195.683404590397
5382.144939347969,5502.521199876819,-120.37626052885025
5378.391368883025,5670.382223193551,-291.9908543105257
5356.697744191697,5467.4121562993705,-110.71441210767352
5384.130682218696,5291.614017828375,92.51666439032124
5357.949595925924,5097.536808711841,260.4127872140825
4746.075342810917,5389.340958414248,-643.2656156033308
4734.48736023888,5737.340894944313,-1002.853534705433
4711.567639962537,5465.957771595974,-754.3901316334368
4742.861298905789,4854.286804670766,-111.42550576497706
3004.603186567836,3009.2641830188886,-4.660996451052597
3554.5281473766936,5429.516730605663,-1874.9885832289692
3551.0743734659586,5549.953494353149,-1998.8791208871903
3538.9655382070205,4464.886692157308,-925.9211539502876
3557.9389944194595,4795.2776636474855,-1237.338669228026
3563.8999526180583,3812.9700457786103,-249.070093160552
4060.5612310389442,4615.7385535688145,-555.1773225298703
4051.105384015043,5664.730821544561,-1613.625437529518
4046.24902860547,5581.418845924316,-1535.169817318846
4049.333002127562,5732.572063018229,-1683.2390608906667
4044.2725292692344,5369.267066294798,-1324.9945370255632
4483.493911365553,5159.856972616329,-676.3630612507759
4475.511108121365,4455.72161080017,19.789497321195086
4498.069163219962,5347.65996396328,-849.5908007433172
4500.087329351108,4733.437001591219,-233.34967224011143
4508.91575169882,5727.913003659594,-1218.9972519607745
4892.398008214416,5281.939379480533,-389.5413712661166
4916.792843516568,4631.410466494903,285.382377021665
4869.126376394924,5594.8190565672085,-725.6926801722848
4878.402426429065,5371.15288415619,-492.75045772712565
4894.281014492259,5104.741664186722,-210.46064969446343
4902.17723858804,5571.054781589627,-668.8775430015867
4913.595990894218,5829.053070314936,-915.4570794207184
4874.715546382445,5230.779640571495,-356.0640941890506
4897.878678724111,4723.417758487445,174.46092023666552
4897.72742296761,4601.198676071539,296.5287468960714
5380.564968282139,3953.748642884607,1426.8163253975317
5364.517778175316,5417.494162649102,-52.9763844737854
5356.716941328824,5334.77503879526,21.941902533563734
5373.242438829547,5489.943987518789,-116.70154868924237
5388.373105454889,5352.911343172305,35.46176228258355
5360.913343959215,4474.285323370146,886.6280205890689
5361.182156479623,5242.076589209527,119.10556727009589
5356.072418015364,5709.079397048386,-353.0069790330226
5521.968516533979,4791.90131779308,730.0671987408987
5446.487687133808,4590.074229498681,856.4134576351271
5432.094966686549,5800.824100314643,-368.72913362809413
5434.173424641931,5484.132790989976,-49.95936634804457
5427.659791524111,5589.146955606959,-161.4871640828478
5427.67958898962,4950.042176252767,477.63741273685355
5434.876865930508,5240.944547322651,193.93231860785727
5407.631772157851,5710.624132223333,-302.992360065482
5428.818180600866,5610.957702439644,-182.1395218387779
5481.43214752337,5647.680670711991,-166.24852318862122
5378.640265669724,4358.062863111653,1020.5774025580704
5343.011582238828,5517.398304269785,-174.38672203095666
5356.589109226325,4598.843275999401,757.7458332269234
5357.072200289506,5797.609563508312,-440.5373632188057
5365.093754812132,5496.502329400108,-131.40857458797564
5368.391018648253,5463.965811574156,-95.57479292590324
5361.071387706378,3807.4128529893237,1553.6585347170544
5384.885159424327,5708.211978812825,-323.3268193884978
3010.1894792950006,5684.402129725408,-2674.212650430407
2999.9915541348114,3956.23105515103,-956.2395010162186
3010.214632546784,3943.9512252638383,-933.7365927170545
3940.7805537736135,5568.277304553267,-1627.4967507796532
3921.0258822101064,5361.359386927764,-1440.3335047176574
3944.8923818334433,5101.164151816718,-1156.2717699832747
3940.9944328596525,4685.035989694458,-744.0415568348058
3915.6812704084327,4451.156457350201,-535.4751869417682
3934.844187288562,4599.990787273091,-665.1465999845291
3940.889202724603,4594.073185566286,-653.1839828416832
3949.762077705561,4598.040984014292,-648.2789063087312
3945.334865805941,4799.66771953695,-854.3328537310094
4815.599576963776,5179.4342886141785,-363.8347116504028
4816.548255557386,5674.230110431328,-857.681854873942
4812.610892343524,5684.938262055651,-872.3273697121267
4817.4554554088045,3820.5556725952556,996.8997828135489
4788.70189455592,5140.386143849179,-351.6842492932583
4813.766787145104,5526.153592089215,-712.3868049441107
4828.710826229131,5693.824917856836,-865.1140916277045
4794.935647489156,4833.153991479273,-38.21834399011732
4815.109647411938,5275.234039411332,-460.124391999394
5494.0609670774165,4782.08177831992,711.9791887574966
5475.431771750665,5575.710335990929,-100.27856424026413
5484.837273723652,5342.014649703606,142.82262402004653
5483.32812971619,4897.360640933873,585.9674887823176
5491.525935336812,5405.55530592451,85.9706294123016
3024.6722391747307,5505.010236725669,-2480.337997550938
3013.571066583082,3816.6391201157467,-803.0680535326646
3833.2746670834176,3028.4618161316994,804.8128509517182
3795.5947194739097,5604.693240595397,-1809.098521121487
3792.7733294960713,5437.181492531102,-1644.4081630350306
3804.421308602304,5098.765662126177,-1294.3443535238725
3824.494614932818,5666.729072883826,-1842.2344579510082
3804.340096827401,5550.652642453027,-1746.3125456256257
3824.2716125636866,5262.287924800517,-1438.0163122368308
3813.669364260955,5254.784780830141,-1441.1154165691864
4612.02407491813,5655.773679160487,-1043.7496042423563
4594.720546888292,5374.276874313813,-779.556327425521
4632.3587588815,5404.829528942893,-772.4707700613935
4620.274356787732,5496.304239306071,-876.029882518339
4630.9117946947745,5467.599749747349,-836.6879550525746
4590.541192703205,5639.949928916249,-1049.408736213044
4600.827503887092,5605.334331023871,-1004.5068271367791
5186.906560985815,4581.061969208364,605.8445917774516
5159.544634465052,4924.6267321987,234.91790226635203
5201.632224268149,3816.3482677858947,1385.2839564822543
5208.899544480578,5282.132139220845,-73.2325947402669
5175.986318195746,5358.0196622855165,-182.03334408977025
5201.950541071963,4090.316498548925,1111.6340425230378
5197.572429597715,5340.654962093716,-143.08253249600057
5208.83280219597,5615.395514624481,-406.5627124285111
5408.526490172182,5156.408853527193,252.11763664498903
5420.330233538651,5089.135043493884,331.1951900447666
5210.584648239881,5579.179149620417,-368.5945013805358
5202.535760610065,3818.908985100355,1383.6267755097101
5194.075966678659,3946.876667435636,1247.1992992430228
5209.412786488838,5170.798769705327,38.61401678351103
5198.345854061127,4796.468779795512,401.8770742656152
5182.169565770739,4589.569206767497,592.6003590032415
5227.113547179305,5079.107554192439,148.00599298686575
5214.210286993613,5256.861631193674,-42.65134420006052
4609.51673663963,5622.050813281861,-1012.5340766422314
4631.59438265844,4757.705805650514,-126.11142299207404
4605.794035839228,5646.488224154182,-1040.6941883149539
4598.546762323885,5186.994972401002,-588.4482100771174
4610.019341799306,5661.322490211976,-1051.3031484126705
4612.491927912258,4605.9625008943685,6.5294270178892475
4632.17765531854,5684.605483364943,-1052.4278280464032
3808.5830454266106,5161.982970754243,-1353.3999253276324
3809.466027877096,4587.431980911609,-777.9659530345125
3808.812539171,4787.956054420183,-979.1435152491831
3829.124601877154,5407.909575633071,-1578.7849737559168
3798.0890659513652,3794.5507283756187,3.538337575746482
3811.6012826944807,4598.782479654855,-787.1811969603741
3827.3244356661517,5506.756202022999,-1679.4317663568472
3810.38753047264,5337.064790803116,-1526.6772603304762
3011.372075913288,4845.82894596529,-1834.4568700520017
3003.6382316210893,5486.063036447368,-2482.424804826279
5059.178091450711,5608.73684640563,-549.5587549549191
5023.05166565671,5482.640472042747,-459.5888063860375
5050.4855645818125,5507.482367201459,-456.9968026196466
5353.460825322842,5351.2880065431855,2.172818779656154
5374.678183863537,5715.859264258372,-341.1810803948347
5379.8911921821455,5582.939303418719,-203.04811123657328
5355.454563078801,5381.1834454553855,-25.728882376584806
5390.282656407684,5682.051627630433,-291.7689712227493
5373.477248675432,5332.130328890741,41.346919784690726
4741.486928858673,5591.826072371539,-850.339143512866
4730.791646651194,5437.154236266927,-706.3625896157328
4720.878593993801,5497.673258148741,-776.7946641549406
4725.41171432871,3930.4981310709254,794.9135832577849
3008.6561717276168,5600.422492902186,-2591.766321174569
3541.746765829044,5854.833298509962,-2313.0865326809185
3552.4027969158738,5445.155708441819,-1892.7529115259454
3554.4317137059024,5350.807955251235,-1796.376241545333
3559.9273947733077,5267.257679249715,-1707.330284476407
3546.4303467228956,5474.323095115749,-1927.8927483928537
4088.248210782828,3968.8464423655128,119.40176841731545
4050.8739627970767,5373.999307762763,-1323.1253449656865
4043.059286983897,5141.856667719833,-1098.7973807359363
4072.2515167209262,3957.0907166788907,115.16080004203559
4055.6066568259153,3953.0722567767552,102.53440004916001
4487.794785163733,5402.5902576025255,-914.7954724387928
4506.5500681981275,4813.36069293728,-306.81062473915244
4488.668106996973,5646.963842475805,-1158.2957354788323
4505.542947182634,5380.400099924408,-874.8571527417744
4475.6233456903165,4817.830332448523,-342.20698675820677
4885.304915365266,4785.907980228918,99.39693513634847
4902.340144476181,4860.297870657923,42.042273818257854
4924.022107982947,5419.970401035258,-495.9482930523109
4902.17723858804,5550.386887411239,-648.2096488231982
4893.541972853511,3807.2758318793767,1086.266140974134
4901.029657350698,4521.849907840767,379.17974950993084
4896.527042689641,4605.487022706881,291.04001998276
4905.52411024847,5742.723538049713,-837.1994278012435
4907.0368607242435,5379.58022196914,-472.5433612448969
4880.625774448836,3558.8761696001247,1321.749604848711
5380.564968282139,4611.418374488652,769.1465937934863
5389.115581956628,5080.552581600105,308.56300035652293
5373.683411972983,5377.713673129967,-4.030261156984125
5357.0611188395105,5728.872516202841,-371.8113973633308
5404.167142069835,3967.8662078901916,1436.3009341796433
5356.825939313876,5655.426317766321,-298.6003784524446
5351.579902148398,5324.9247800972635,26.65512205113464
5352.62177572388,5676.001948771868,-323.38017304798814
5515.0546772342,5172.83827835887,342.21639887533
5435.860512555382,5379.45464895632,56.405863599062286
5448.448999372357,5396.763350352255,51.685649020102574
5456.494756726134,4623.022439532702,833.472317193432
5437.918432945422,5504.904558291977,-66.98612534655513
5441.232961007865,5669.642103143663,-228.409142135798
5417.852894500311,5553.270413280662,-135.4175187803512
5441.776202759563,5643.148256831401,-201.37205407183865
5422.416512964574,5669.828102157696,-247.41158919312147
5461.626699065506,5708.186528154662,-246.55982908915576
5360.3639403276,5480.378644318943,-120.01470399134269
5360.602488797372,5632.36475645094,-271.7622676535684
5337.065490075998,4940.535536820647,396.52995325535085
5355.55133934753,3816.2983889968123,1539.252950350718
5363.280400295388,4966.397682483929,396.88271781145886
5381.690412474687,4607.87707311437,773.8133393603166
5353.602591158973,3805.8665510586948,1547.7360401002784
5350.435321853564,5372.892205110677,-22.456883257113077
3001.9239809904857,5670.981970903538,-2669.0579899130526
2987.501695657109,5114.920978456519,-2127.41928279941
3000.256510716706,4353.9574109084515,-1353.7009001917454
3938.150904381925,5145.578883732963,-1207.4279793510377
3938.7827641486438,5478.137826355182,-1539.3550622065386
3942.237647925299,4599.788926776705,-657.5512788514061
3939.1985371511464,5644.211819150924,-1705.013281999778
3948.047058683284,4875.933131309007,-927.886072625723
3957.9791310697806,5454.977657618157,-1496.998526548376
3949.979840909858,4055.7994975200922,-105.81965661023423
3937.849021125054,5863.218545499056,-1925.3695243740017
3929.5248467429296,5367.021479596078,-1437.4966328531486
4783.968703304418,4564.997679097281,218.9710242071369
4814.725202661095,5676.179037872921,-861.4538352118261
4779.36468014909,4328.415407098269,450.94927305082183
4805.159726856027,5102.2966596242495,-297.1369327682223
4801.028001512686,5258.747189485977,-457.7191879732909
4783.101058062425,5032.479629859176,-249.3785717967512
4803.02937554175,5596.104061761937,-793.0746862201877
4804.638715027062,5484.074620610751,-679.4359055836885
4806.204553650624,3809.819452754761,996.3851008958627
5481.398103838644,5454.800178566579,26.597925272064458
5482.452852580424,5628.71414596691,-146.2612933864857
5465.663485903986,5002.342130360737,463.3213555432485
5482.307286303784,5647.363643840065,-165.0563575362812
5459.130189343378,4994.904346221617,464.2258431217615
3004.0502052440866,5559.950549220864,-2555.900343976777
3025.4153318314184,5059.421946471824,-2034.006614640406
3805.601573435742,5516.422973415046,-1710.8213999793038
3815.554799200283,5627.220773065803,-1811.6659738655198
3814.707004712144,4586.378779026329,-771.6717743141844
3806.282424975952,5391.635646633405,-1585.3532216574527
3824.215809053149,5382.790388913615,-1558.5745798604662
3810.118431989512,4498.3644567405045,-688.2460247509925
3816.4559369840795,5445.1966771353245,-1628.740740151245
3792.239372185323,4584.030227299256,-791.7908551139326
4597.1307970819225,5435.677216041029,-838.5464189591066
4605.483858850714,5734.196699762926,-1128.7128409122124
4633.506690602466,4719.652703396538,-86.1460127940718
4608.083178585833,4596.538141367842,11.545037217990284
4614.5014508252,5448.347790316166,-833.8463394909659
4616.178289246717,5458.096173281134,-841.9178840344166
4618.349592167591,4490.043296961461,128.30629520613002
5159.544634465052,5371.037650078242,-211.49301561319044
5214.077743762302,5676.443573216955,-462.36582945465307
5185.286377808986,4593.324431867349,591.9619459416372
5209.762942457094,5523.916404624288,-314.15346216719354
5192.940518229767,5353.9412446237575,-161.0007263939906
5201.506296842608,4514.640740221505,686.8655566211028
5232.537444128152,5400.5212597092095,-167.98381558105757
5208.438053076449,5447.188164811125,-238.75011173467556
5413.550247463161,5234.1541759853635,179.3960714777977
5421.616073406084,4466.947499524077,954.668573882007
5220.628481534257,4800.819768715368,419.80871281888903
5229.177695720361,5394.457100461888,-165.2794047415273
5213.851901498945,5273.306725588273,-59.45482408932821
5202.986433912553,4793.741604595907,409.24482931664625
5203.777052160754,4799.504598234811,404.2724539259425
5187.7600267858215,5172.203525338241,15.556501447580558
5205.743683383121,4908.174629274561,297.5690541085596
5215.948445229052,4738.940134525134,477.00831070391723
4599.6430906715395,5710.787790961091,-1111.144700289551
4609.416470832762,5380.4955809888415,-771.0791101560799
4597.927409222204,4728.499581434922,-130.57217221271821
4606.580932638099,5169.6706989647,-563.0897663266014
4612.978926916036,5379.352690543708,-766.3737636276728
4624.779017013396,3806.2296359236434,818.5493810897524
4585.108993601415,5414.798883676725,-829.6898900753104
3828.525530405114,5023.2719441450145,-1194.7464137399006
3818.9617943961675,5680.488075131,-1861.5262807348327
3818.0167477536747,5296.925077004273,-1478.908329250598
3820.964634245082,5711.79371965487,-1890.8290854097881
3795.256784469705,5655.942844836881,-1860.6860603671757
3802.286756504469,5045.383232092978,-1243.0964755885088
3815.8173923820245,5454.37968971519,-1638.5622973331651
3809.4867897205318,5734.807572764472,-1925.32078304394
3030.5940878337387,5539.104341961539,-2508.5102541278
2995.5080231037587,5221.252263275698,-2225.7442401719395
5057.445911933476,5157.242473847284,-99.79656191380764
5046.585891112114,5428.973964097652,-382.3880729855382
5055.038658549217,4734.70388267272,320.3347758764967
5349.177169253406,5764.3576080805815,-415.18043882717575
5355.819105903686,5686.309378870766,-330.49027296707936
5398.1602478467175,5466.501463652311,-68.34121580559349
5359.2664671588755,5650.437959386062,-291.1714922271867
5361.197945912891,3815.672915966541,1545.5250299463496
5385.236451867426,5188.310399267088,196.92605260033815
4699.479998017044,5661.856968026361,-962.3769700093171
4715.99850730855,5680.22422233384,-964.2257150252899
4707.089988727382,5642.27656961444,-935.186580887058
4736.570001454604,3033.163046587778,1703.4069548668258
2999.613359002877,4042.573046970768,-1042.9596879678907
3548.9224493910788,5357.1693952834685,-1808.2469458923897
3572.438412550831,4754.114087115979,-1181.6756745651478
3557.4032542283358,5399.809379682489,-1842.406125454153
3568.7527920035377,5672.366285014003,-2103.613493010465
3543.598991370238,2991.82870581125,551.7702855589878
4065.08222500541,5443.875579772017,-1378.793354766607
4039.245207173722,5687.431126436663,-1648.1859192629413
4082.605961167399,4534.951493531085,-452.3455323636863
4052.5197137158,4966.525760699523,-914.0060469837226
4035.674831996838,5825.050424923774,-1789.375592926936
4506.217504913537,5161.83614586748,-655.6186409539432
4500.566669422658,5383.771069823698,-883.2044004010395
4520.269999721214,4757.386941599988,-237.116941878774
4484.509083326084,5616.465459777704,-1131.9563764516206
4510.346887469352,3568.787193570009,941.5596938993426
4876.14565833542,4572.101245462026,304.0444128733943
4897.274471556293,5427.89028452579,-530.6158129694968
4885.574501345351,5682.212017402865,-796.6375160575144
4874.715546382445,4087.4690765653577,787.246469817087
4901.744349007201,5511.215548511203,-609.4711995040025
4905.52411024847,4605.11948049924,300.40462974922957
4890.815457270978,5639.028193471931,-748.2127362009533
4888.5903883227,5276.132820939909,-387.54243261720876
4876.854980903938,5377.945822960398,-501.09084205646013
4892.5730411678505,5180.885380097845,-288.31233892999444
