One Stop Time,Two Stop Time,Difference
4860.3312858033605,5299.195995693457,-438.8647098900965
4869.5811823433105,4316.137777184866,553.4434051584449
4888.676107812234,4656.374180995312,232.30192681692188
4875.680954954581,5189.842725125353,-314.1617701707728
4864.0501184139275,5400.380997825334,-536.3308794114064
4206.474077800064,4748.192590155824,-541.7185123557601
4206.2480062670165,4392.767305205954,-186.51929893893703
4219.162070384965,4926.009419438269,-706.8473490533042
4213.895942311356,4721.897446157373,-508.00150384601784
4219.375236954424,4566.108365754073,-346.7331287996494
4226.4513240770575,5154.207378700297,-927.7560546232398
4685.440158855799,4952.007828403189,-266.5676695473894
4698.674698820372,4639.937500241664,58.73719857870856
4691.626226894398,5282.118596052583,-590.4923691581844
4696.102296170999,5305.744023553658,-609.6417273826592
4706.823524130023,4824.2248321187935,-117.4013079887709
4713.511014372379,5152.128543072169,-438.61752869979045
5244.6476309808295,5182.090264654598,62.557366326231204
5258.323459793288,5294.763740709975,-36.44028091668679
5258.042173255586,5257.454708761655,0.587464493931293
5261.571674641171,5238.033874532341,23.537800108830197
5251.038639876218,4638.119616007762,612.9190238684569
5248.194073937875,4971.688763005034,276.505310932841
4729.842712783173,5147.767247827421,-417.92453504424793
4708.584819145132,5378.759871713564,-670.175052568432
4739.237479875844,5405.690482915288,-666.4530030394444
4724.37007158813,4653.626340856986,70.74373073114384
4731.2807667701745,5321.920003852651,-590.639237082476
5364.708560322509,4486.3289319007245,878.3796284217842
5348.469692098872,4733.831917596296,614.6377745025757
5353.645438050977,5221.857644717555,131.7877933334221
5362.598797195698,4968.211530533358,394.38726666234015
5371.430744832203,5223.424196071221,148.0065487609827
5355.966978366521,5365.400632879909,-9.43365451338741
5370.562543698369,4605.326394044523,765.236149653846
4737.595417598709,4491.5194479549955,246.0759696437135
4715.333589081077,5124.793481814717,-409.4598927336401
4734.214044478299,5138.615959797532,-404.401915319233
4722.413003060531,4713.086404305064,9.326598755466875
4709.84676976847,4488.900817593082,220.9459521753879
3791.0733171693873,4726.666531662407,-935.5932144930193
3827.7312862866456,5422.836584142516,-1595.10529785587
4435.9060647297365,5277.0766443267285,-841.170579596992
4463.230766686342,4637.803461181368,-174.57269449502655
4455.608545570817,5364.903925448669,-909.2953798778517
4450.614512174472,4819.677209012451,-369.0626968379793
4455.267792160099,4634.15534692218,-178.88755476208098
4457.508625752461,5318.524319707827,-861.0156939553663
4468.879821257786,4639.774962441467,-170.89514118368152
4481.936320234008,4658.695785578464,-176.75946534445575
5122.822973602627,4681.2664197350505,441.55655386757644
5097.861657910785,4903.223261041274,194.63839686951087
5101.171871728024,4828.336183660751,272.8356880672727
5095.0141771649005,5377.002054493668,-281.98787732876735
5102.930736663802,4740.914988751011,362.0157479127911
5099.596395368821,4743.902117629487,355.6942777393333
5116.026102455735,4580.673057284532,535.3530451712031
5120.07069101889,5290.287669501545,-170.21697848265467
5341.47091848509,4992.781098354166,348.6898201309241
5353.737946651595,5379.157116499827,-25.41916984823183
5323.44634533002,5053.187219797085,270.2591255329353
4937.817896052474,3897.2187963493516,1040.5990997031222
3891.613105808936,5377.8873397913485,-1486.2742339824126
3891.3650090691967,3909.1176159626875,-17.752606893490793
3880.6793732169313,5373.622493781992,-1492.9431205650603
4623.028318885243,5381.9496285422865,-758.9213096570438
4612.6217275167155,3904.558036904068,708.0636906126474
4592.861768280381,5110.347483010581,-517.4857147302
4593.265156058579,5352.714905381276,-759.4497493226972
4613.976226635772,5311.022512837324,-697.046286201552
4584.053641983217,5303.511785641128,-719.458143657911
4618.288946810346,5376.207546725059,-757.918599914713
4630.471129401585,5307.753596826439,-677.2824674248541
4590.503405162791,5046.3633311053845,-455.8599259425937
5331.881044969524,5237.629236225607,94.25180874391663
5335.542188786083,3906.4978416576455,1429.0443471284375
5331.239832308771,4765.632433566412,565.6073987423588
5319.506094822389,5371.977396895777,-52.47130207338796
5326.702488470267,4626.74049137333,699.961997096937
5328.1684992498895,5348.106569059194,-19.93806980930458
5325.578702964409,5130.660510303182,194.9181926612273
5325.027418214357,5360.935287756761,-35.907869542404114
5321.246490758445,4903.881930279618,417.3645604788271
4553.786502405744,5285.943245196871,-732.1567427911277
5333.959533928995,5315.686259026763,18.273274902232515
5343.151974613618,5394.9852904608115,-51.83331584719326
5320.9991635466695,4835.650555035885,485.3486085107843
5320.06022451742,4225.784408883569,1094.2758156338505
5333.687906075253,3912.1482072219233,1421.5396988533294
5322.3707151674125,4814.698619596813,507.6720955705996
5327.480002853088,5267.611777174968,59.868225678120325
5313.967187415935,5308.541431135342,5.425756280593305
5337.5704394621225,4977.809739720772,359.76069974135044
4629.518397354231,5345.2183020801795,-715.6999047259487
4604.064319324482,5406.226001578231,-802.161682253749
4608.321934972078,4744.395467288084,-136.07353231600518
4605.177682720431,4649.537261324201,-44.35957860376948
4609.621180112677,5283.427257962655,-673.8060778499776
4616.361308401626,4851.5000266577645,-235.13871825613842
4617.998192405729,5352.3910960383655,-734.3929036326363
4607.501478237389,4758.011640115307,-150.5101618779181
4600.640339276719,5216.5001260912095,-615.8597868144907
3881.6242159046838,5286.939954266378,-1405.315738361694
3875.0917386502215,5293.116126094937,-1418.024387444715
3875.765426119379,5366.4148407819985,-1490.6494146626196
4860.3312858033605,5109.304258471431,-248.97297266807072
4888.676107812234,5391.769455187647,-503.09334737541303
4864.0501184139275,5347.442516615967,-483.39239820203966
4866.000741434861,4903.162763082326,-37.162021647464826
4867.653482825034,5279.420662474606,-411.7671796495715
4226.4513240770575,5341.682148118005,-1115.2308240409475
4221.626316884819,5210.949805994751,-989.3234891099319
4212.944641423758,5187.659527400139,-974.7148859763811
4229.454509765545,5417.4889080402,-1188.0343982746554
4217.235461058414,5406.138659008105,-1188.9031979496904
4228.7944010352885,5146.3070236263975,-917.512622591109
4693.138394226611,5203.285324332986,-510.1469301063753
4680.782718879515,5394.67733029094,-713.8946114114242
4696.567971322513,5361.459037419965,-664.8910660974525
4700.615118962667,5321.876948655601,-621.261829692934
4689.348929837187,4985.742283245845,-296.3933534086582
4712.037379166062,5245.566222485949,-533.5288433198866
5263.221404115199,4760.672419743969,502.5489843712303
5241.377852943758,5257.1458981655505,-15.768045221792818
5247.529032101354,4628.737723933843,618.7913081675106
5234.994850054097,4633.174582887778,601.8202671663184
5235.719126179846,4724.026819580293,511.6923065995534
5247.267619187361,5323.472373588569,-76.20475440120845
4720.022386374913,3832.4606680477727,887.5617183271406
4733.3835352500155,5328.843602232422,-595.4600669824067
4745.25003551587,5285.692729869082,-540.4426943532117
4721.181303791139,4331.213347380066,389.9679564110729
4725.1191548022725,4399.536995824435,325.58215897783793
5371.009196434452,3919.517377792466,1451.491818641986
5356.252999555849,5211.427601227681,144.82539832816747
5338.22842640078,5374.377728140914,-36.149301740133524
5366.3560944799065,5377.887339791348,-11.531245311441126
5361.743912006791,5189.521531569279,172.22238043751167
5359.931379174046,5138.5976398963185,221.33373927772755
5340.934700257748,5212.403724791117,128.53097546663048
4701.37690967685,3655.9630065533897,1045.4139031234604
4743.7943970952165,5163.006891127806,-419.21249403258935
4721.409546440343,4967.962302800082,-246.55275635973976
4731.948634788026,5299.323525765888,-567.3748909778624
4722.56977039468,5362.070273459496,-639.5005030648163
3809.970365281313,5393.7712163363485,-1583.8008510550353
3809.1001620142188,4712.578997551144,-903.4788355369255
4466.308399949466,5330.89745339774,-864.5890534482742
4450.454176124543,4616.310375811112,-165.8561996865692
4468.117663982965,4635.492637426413,-167.37497344344865
4457.759563488121,5264.855588533649,-807.0960250455282
4464.952456121917,4750.617780835478,-285.66532471356095
4457.234967145464,3902.5111159928356,554.7238511526284
4454.7618524140935,4633.827015073568,-179.06516265947448
4467.714179848723,4644.762185630845,-177.04800578212235
5105.244116009734,4639.894907805347,465.34920820438674
5089.611155003975,5076.255492966185,13.355662037790353
5088.581270659743,4491.7874404947515,596.793830164991
5094.860704587205,5366.594784832095,-271.7340802448898
5117.676064103689,4199.844024688578,917.8320394151106
5084.771372885731,5194.638129115097,-109.86675622936673
5083.2812122506675,5357.525527828864,-274.2443155781966
5107.340887623673,5416.978002457524,-309.63711483385123
5335.474849539615,4972.487412805423,362.98743673419176
5350.300265767563,4242.451833483584,1107.8484322839795
5341.578153053736,4629.046291170082,712.5318618836536
4942.059914174321,5157.241193792922,-215.18127961860046
3896.820255152133,4339.502850277976,-442.6825951258429
3885.685122052223,4642.188151799553,-756.5030297473304
3883.282878342177,4816.270881020337,-932.9880026781598
4591.656398637972,4725.061462655987,-133.40506401801485
4604.607406497432,4805.936763959105,-201.32935746167277
4597.317713609695,3893.5874731665463,703.7302404431484
4604.317672226564,5407.274911873875,-802.9572396473104
4601.19105017221,4585.858033734653,15.33301643755749
4610.923333204276,4632.182477742648,-21.25914453837231
4605.091900892199,5410.521222975132,-805.4293220829331
4609.7991473148095,5135.996508300677,-526.1973609858678
4608.372874232707,5136.7585091857345,-528.3856349530279
5329.988059399429,5349.4002467804075,-19.41218738097814
5325.119343009189,4970.005243969501,355.11409903968797
5311.190343157671,4618.899254701171,692.2910884564999
5310.368836361805,5394.949637678062,-84.58080131625684
5327.133512512573,5346.95794011769,-19.824427605116398
5322.579024491466,4591.298520814105,731.2805036773607
5315.7159679257,5213.080970698489,102.63499722721099
5311.613050421415,5196.236395217004,115.37665520441078
5340.101223872761,5414.807741690714,-74.70651781795277
4521.667619582521,4611.684358867097,-90.01673928457603
5326.858192681557,5217.54765983243,109.3105328491265
5323.9617827907,5265.88205699436,58.079725796340426
5304.746501991158,5339.950369636269,-35.20386764511113
5321.342847252245,5131.668784376973,189.67406287527137
5329.628026461068,5324.741384537115,4.886641923952993
5322.106065841189,5225.1902111934205,96.91585464776836
5321.656625277475,5224.2374699394195,97.41915533805513
5325.026424880067,5399.22629893635,-74.19987405628308
5345.623258380645,5405.451796757365,-59.828538376719735
4611.398240205241,4760.461243614499,-149.06300340925827
4618.332658409444,5226.234249999933,-607.9015915904893
4621.604008672568,5389.412964428772,-767.8089557562043
4609.505430445124,5371.513588197621,-762.008157752497
4611.610655704301,5377.215925327191,-765.6052696228899
4612.828347456707,4633.3408198121515,-20.512472355444515
4609.933546252903,4846.988421525521,-237.0548752726172
4613.156566758393,5360.733003741032,-747.5764369826393
4598.34784492912,5147.175897971639,-548.8280530425191
3869.7875026257234,4395.748204981684,-525.9607023559602
3882.532849050059,4252.720430348053,-370.1875812979938
3901.105085506238,5296.0887811664,-1394.9836956601616
4860.3312858033605,3886.448541098057,973.8827447053036
4875.680954954581,5219.737805220849,-344.05685026626816
4866.000741434861,5323.51425547226,-457.51351403739864
4879.544937859424,4485.2536170516505,394.29132080777345
4874.933644155974,4745.212744588784,129.72089956719083
4218.77466382061,4824.938149398467,-606.1634855778575
4217.235461058414,5304.0601276704265,-1086.8246666120122
4218.932870121504,5413.530913908117,-1194.5980437866137
4203.4830142542005,5364.515782222053,-1161.0327679678521
4215.364536419529,5372.784066648844,-1157.4195302293147
4201.89864777132,4552.56902058652,-350.6703728152006
4692.71539378359,4473.94199102763,218.77340275595998
4687.531488815459,5124.793481814717,-437.2619929992579
4682.044669502853,5276.7718472372735,-594.7271777344204
4677.010713267293,5354.300499596712,-677.2897863294193
4685.359513726463,3825.0009320610297,860.3585816654331
4705.581434984399,5080.619063397516,-375.0376284131171
5245.82698862238,4645.6387611942955,600.1882274280842
5252.86174655035,5236.51805673708,16.34368981327043
5272.796033741427,5387.034472455876,-114.23843871444933
5232.432090840121,4623.491117765126,608.9409730749958
5258.68134476363,5142.948079169679,115.73326559395082
5252.460517289906,4640.689801982472,611.7707153074343
4730.151763030131,5413.7646676515305,-683.6129046213991
4743.794397095218,4778.931015887357,-35.136618792138506
4729.0454079188885,5224.388213185141,-495.34280526625207
4722.56977039468,4228.750704359863,493.8190660348164
4715.319816937409,4751.802399302768,-36.48258236535912
5366.075722590258,4636.168681354875,729.9070412353831
5352.176413178682,5111.791951973102,240.38446120558
5359.596191514351,4628.803952618343,730.7922388960078
5376.626762385748,5397.9339212685445,-21.307158882796102
5354.2131256259645,5135.431045938362,218.78207968760216
5363.268095486181,3912.8676467806536,1450.4004487055272
5347.295114209299,5180.70379854209,166.59131566720862
4736.217915543729,4647.073217675326,89.14469786840255
4741.8553913173355,4990.58115918163,-248.72576786429454
4714.260606209225,5059.0993935161905,-344.83878730696506
4726.467119769216,4987.233230468136,-260.7661106989199
4719.394477460496,4223.174024949582,496.2204525109137
3807.0802074360695,4479.270630119313,-672.1904226832435
3813.626175056541,4810.008634058576,-996.3824590020349
4463.279876516367,5383.313145252109,-920.0332687357422
4458.260041763724,5081.464928848969,-623.204887085245
4453.914041936904,4804.724343291575,-350.8103013546706
4479.689166523168,5404.362333815313,-924.6731672921451
4447.370961532202,5151.890746975069,-704.519785442867
4449.843313800387,4955.523919775726,-505.68060597533986
4460.31717333817,5378.724558016878,-918.4073846787087
4451.21457278223,5243.095072109424,-791.8804993271942
5102.036380854039,5410.015739769028,-307.97935891498946
5103.5808353660705,5323.340625764356,-219.759790398286
5102.759403306516,3906.2641262232314,1196.4952770832847
5111.873394551638,3914.119969971992,1197.753424579646
5088.73052749649,3818.1452288519667,1270.5852986445234
5119.492746035308,4673.598629712974,445.8941163223344
5102.554556064829,4623.6825334104915,478.87202265433734
5088.72540953891,5369.7365930500655,-281.01118351115565
5338.6769548427455,5279.045038869927,59.631915972818206
5324.767117085912,5189.46846835248,135.29864873343195
5338.990732867977,4511.030285320838,827.9604475471397
4951.297999822033,5299.993820003128,-348.69582018109577
3885.1536311753284,4639.920773535,-754.7671423596717
3870.67892744871,5364.766467216588,-1494.0875397678783
3889.3122634503607,5139.970399416137,-1250.6581359657766
4586.252438035165,4454.962655100215,131.28978293495038
4609.933546252905,4728.399309294047,-118.46576304114205
4613.651143200337,4732.658103593103,-119.0069603927659
4592.81580079422,5308.470995926539,-715.655195132319
4611.125696454483,4743.294224707294,-132.16852825281148
4626.244030987489,4647.996856157431,-21.75282516994139
4621.653031016678,5294.997065053574,-673.3440340368961
4597.73512872807,5191.811006022733,-594.0758772946629
4604.157439565333,5395.047298841061,-790.8898592757278
5318.113494201299,5354.284837996616,-36.171343795317625
5315.568213072375,5315.30626065093,0.2619524214451303
5316.971305609298,4233.552082648245,1083.4192229610526
5329.912262241691,5325.290947803735,4.621314437955334
5317.033103413793,4736.100264152872,580.9328392609204
5330.083975667162,5130.369604036694,199.71437163046812
5328.262664087151,5079.6247432316495,248.63792085550176
5312.614460636389,5364.090737543197,-51.47627690680838
5329.704359446445,3833.6979492754,1496.006410171045
4527.613316783715,4618.113764802196,-90.50044801848071
5308.207888551996,5229.213839042547,78.99404950944881
5350.001253789181,5401.273534174732,-51.27228038555131
5336.622716564825,4770.450072982095,566.1726435827304
5333.467528007142,3910.9643755748984,1422.503152432244
5309.80801391922,4984.012969730583,325.7950441886369
5347.634862095036,5255.108651302589,92.52621079244636
5317.182531162304,5155.946639551481,161.23589161082327
5323.811771358223,3826.7577417263847,1497.0540296318386
5341.812127522988,5308.859118039783,32.95300948320437
4604.6767804930205,4588.8226638722135,15.854116620806963
4603.349866141255,4623.2378591308525,-19.88799298959748
4619.938487870479,5420.677773012436,-800.7392851419572
4613.261002579624,5401.5642311618285,-788.3032285822046
4607.567945950799,4740.766447599656,-133.19850164885702
4589.966443302437,5377.978444562041,-788.0120012596035
4607.760737995956,5391.370390165079,-783.6096521691225
4606.355237477992,5320.209095225462,-713.8538577474701
4604.096607993047,5226.925984357043,-622.8293763639958
3888.9360006162383,5393.182974149043,-1504.2469735328045
3875.4302345107753,5197.3924580998955,-1321.9622235891202
3888.6024190774356,5285.5975412568,-1396.995122179364
4860.3312858033605,4615.074044857929,245.25724094543148
4864.0501184139275,4730.603885704642,133.44623270928514
4867.653482825034,5372.28358522387,-504.63010239883624
4874.933644155974,5188.90291204137,-313.9692678853953
4892.032174009696,4862.307140338898,29.72503367079844
4228.7944010352885,4667.022555283071,-438.2281542477822
4203.4830142542005,5350.007415005531,-1146.5244007513302
4221.3813886857915,4569.665425432709,-348.2840367469171
4229.401261888816,4654.222354161426,-424.82109227260935
4213.958787262658,5369.240005884713,-1155.2812186220553
4196.771242718225,4947.588901831351,-750.817659113126
4692.8564953843,5159.632659919242,-466.7761645349419
4705.581434984399,4639.774962441467,65.80647254293126
4693.379203525522,4632.0679719503505,61.311231575171405
4713.970276197151,5280.161609483506,-566.1913332863551
4680.118169187629,5261.800162130062,-581.6819929424328
4695.429515043721,5418.2924090674005,-722.8628940236795
5235.202452625913,5103.877202027753,131.32525059815998
5271.330338903994,4834.32865827516,437.00168062883404
5256.084521933239,5074.901214890943,181.18330704229538
5247.962643993839,5185.917282028564,62.04536196527533
5260.165076617962,4257.922931464345,1002.2421451536165
5256.851392215443,3832.525472777796,1424.3259194376474
4732.9917317019335,5334.372278569757,-601.3805468678238
4719.991591936897,5317.176924364662,-597.1853324277654
4724.824745931023,4635.894907805347,88.92983812567581
4712.154250730339,5358.832028164717,-646.6777774343773
4741.8553913173355,5300.317708120962,-558.4623168036269
5338.146676603112,5379.0783561975995,-40.93167959448783
5350.256930610376,4316.146157753324,1034.1107728570523
5356.360234124497,4740.421209468212,615.9390246562853
5377.998542545863,4991.7568267492625,386.24171579660015
5360.582730401953,4816.1968748931085,544.3858555088445
5346.181193246973,4226.9163921155005,1119.2648011314723
5356.585803076409,5324.753195365087,31.832607711322453
4724.9902151502165,4756.677283883389,-31.687068733172055
4723.9355428960125,5193.033746834541,-469.09820393852806
4727.549054939965,5074.850775411127,-347.3017204711623
4712.310420622037,3890.5245317075673,821.7858889144695
4726.386716965709,5122.895838653246,-396.5091216875371
3803.865576363027,3897.8247289244596,-93.9591525614328
3820.5935182531207,5382.707586408976,-1562.114068155855
4456.123476591341,5288.477925322608,-832.3544487312665
4439.240332008352,4721.272638729265,-282.03230672091286
4458.125618128434,4840.797679998177,-382.6720618697427
4456.769524570479,4394.442527176419,62.32699739405962
4472.843547022257,5088.869195515585,-616.0256484933279
4465.467259403646,5081.161004671526,-615.6937452678803
4458.320820670388,4652.758834265421,-194.43801359503323
4461.825029511699,5268.131797939229,-806.3067684275302
5100.716279795129,4744.481736419986,356.2345433751425
5083.701740672299,4883.858525700822,199.8432149714772
5113.184575694156,5007.46977571158,105.71479998257564
5084.456414473473,4223.212043814435,861.2443706590384
5086.263208915592,5303.884679179822,-217.62147026423008
5130.179803220254,5326.268009642046,-196.08820642179217
5091.744902400273,5318.50201768591,-226.75711528563716
5095.674974963505,5336.624500720339,-240.9495257568342
5345.16525540631,3826.54362160755,1518.6216337987603
5347.064822074413,4631.737395146088,715.3274269283256
5345.596771677653,5395.785785042171,-50.18901336451745
4955.917338173864,4640.847747077738,315.0695910961258
3880.6944792783283,4554.182366202034,-673.4878869237059
3860.5409090120147,5143.583064348193,-1283.0421553361784
3885.7060360236214,5249.928107490824,-1364.2220714672026
4597.227604695797,4839.430333293453,-242.20272859765646
4585.689016895672,4738.186717550722,-152.49770065505072
4600.98407875634,5352.845427500053,-751.8613487437133
4601.695642458622,5134.134809727329,-532.439167268707
4622.006181241706,5415.411639375703,-793.405458133997
4617.812804408011,4762.786208058737,-144.97340365072614
4613.495112583681,5386.51955979169,-773.0244472080094
4613.261002579624,5413.9993407884995,-800.7383382088756
4609.186489883771,4979.539572496004,-370.35308261223327
5319.775398170239,4632.390728784991,687.3846693852483
5328.175320054199,3827.169753213477,1501.0055668407217
5326.995679569844,5123.876823408628,203.11885616121526
5334.124788825821,4746.20978180234,587.9150070234809
5329.14463583162,5090.018213250112,239.12642258150754
5325.53748327666,5383.213930688466,-57.676447411805384
5316.094261701887,5181.099592347604,134.99466935428336
5310.488669810172,4623.505204428123,686.983465382049
5327.300941165908,4745.87533363803,581.4256075278781
4528.530339833073,5210.932051774518,-682.4017119414448
5335.560456027612,4990.677546259424,344.88290976818826
5322.681964873833,5375.069814389046,-52.38784951521302
5326.735568161551,4235.348415244153,1091.3871529173975
5320.202498211972,5063.094882226226,257.1076159857457
5339.486559347378,5391.186815414832,-51.700256067454575
5325.361477899497,5399.056287007808,-73.69480910831135
5344.841067458496,5416.504357817298,-71.66329035880244
5315.921606959503,5404.823526242911,-88.90191928340755
5344.6470825354745,5155.055003972521,189.59207856295325
4609.274490139637,5297.926695976006,-688.6522058363689
4600.467339494119,3825.257285426106,775.210054068013
4600.939677073204,5389.14835606823,-788.2086789950263
4594.3012693519595,4623.386104081039,-29.084834729079375
4605.369386132947,4561.557779023369,43.81160710957738
4605.8235833447825,3903.3926894121937,702.4308939325888
4619.697508806113,4642.882454728755,-23.184945922642328
4606.242447685157,5366.200431916482,-759.9579842313251
4606.544862042987,4636.302188053237,-29.757326010249926
3883.076039055548,5322.666914056244,-1439.5908750006965
3886.0249372344583,5334.836853556721,-1448.8119163222623
3881.572222731533,4977.320764139543,-1095.7485414080097
4860.3312858033605,5316.475491410951,-456.14420560759027
4862.953369188368,4328.648717446131,534.3046517422372
4887.637372761214,3840.61241194867,1047.0249608125437
4883.854963590482,4771.747060393411,112.10790319707121
4883.055287232191,5080.1464580006395,-197.09117076844814
4222.18331641559,4117.673575309642,104.5097411059478
4201.89864777132,5409.2917138782,-1207.3930661068807
4229.045202068422,4650.723689250758,-421.67848718233563
4196.771242718225,4083.2895436580884,113.48169906013663
4206.430000140386,5280.443245717653,-1074.0132455772664
4232.231428554327,5091.289681880836,-859.0582533265087
4696.654586586983,4744.129110666003,-47.47452407901983
4680.118169187629,5289.33943976752,-609.2212705798911
4710.390268154771,4351.026412574962,359.36385557980884
4673.574809411233,5362.359917248661,-688.7851078374279
4701.2433076532725,4635.471747520273,65.77156013299918
4691.972386952127,4591.858965394929,100.1134215571974
5269.5359156430495,5386.716724536854,-117.18080889380417
5252.568855953692,5415.6497690164615,-163.08091306276947
5252.371917604519,3906.066597693103,1346.3053199114156
5252.966648124376,4156.279856070483,1096.6867920538925
5265.814252317456,5135.803200615754,130.01105170170194
5234.40948543884,4612.7888927132335,621.6205927256069
4708.033833253413,5268.382160609114,-560.3483273557013
4721.289502323564,4713.146443540337,8.143058783227389
4712.355477583986,5174.145635606972,-461.79015802298636
4705.984869908241,4610.618784105005,95.36608580323627
4747.386984838787,5382.072326121434,-634.6853412826476
5362.222548028451,5217.551236417481,144.6713116109695
5348.637960683727,4092.203028270189,1256.4349324135383
5357.235531670451,4327.156693831489,1030.0788378389616
5343.294522308953,4618.585250204001,724.7092721049521
5347.832156586962,5193.751689013183,154.08046757377906
5375.638791181635,5346.161144208713,29.47764697292132
5356.077971451963,3828.8190225457656,1527.2589489061975
4736.38834753041,4926.140257242921,-189.7519097125105
4721.251769184171,4626.701826380927,94.54994280324445
4729.1001244947165,4969.921228760095,-240.82110426537838
4736.536168317534,4694.163499582248,42.372668735286425
4701.490711919554,4457.017338933578,244.4733729859763
3811.764989103539,5280.759436315506,-1468.9944472119669
3795.538162541667,4705.092827869458,-909.5546653277911
4473.167469860112,4864.690116406677,-391.52264654656483
4460.064278107101,4969.564171801378,-509.4998936942766
4489.190651393351,5241.498899464192,-752.3082480708408
4445.897365053182,4580.189418603567,-134.2920535503854
4457.620366094986,4394.854564264707,62.76580183027909
4463.93587761003,5401.895505275326,-937.9596276652965
4467.14856204213,5363.76424702314,-896.6156849810104
4462.809350196095,4656.789357212414,-193.98000701631918
5089.285191218202,4839.940943165871,249.34424805233084
5122.987080296709,4649.474447698018,473.5126325986912
5086.4992054663835,4626.171573920613,460.3276315457706
5104.383115217487,5375.650028124701,-271.26691290721374
5094.299610454351,5124.026589909095,-29.72697945474374
5095.192592618464,5311.396841174339,-216.20424855587498
5108.615251545686,4245.940972908264,862.6742786374225
5108.567606233346,4245.672207908141,862.895398325205
5341.80312325164,4634.7028265964855,707.1002966551541
5341.718566384494,5342.604535839469,-0.8859694549746564
5345.509427644699,4834.792673359034,510.71675428566505
4954.11177223253,4242.861307404449,711.250464828081
3868.84177436108,5110.676147371206,-1241.834373010126
3875.7499322926237,5117.45888016192,-1241.7089478692965
3879.5842714340583,4646.666116361026,-767.0818449269677
4606.731403390365,4426.57914683542,180.15225655494487
4606.097807266993,4476.357010976755,129.740796290238
4620.875863806664,4979.681802080991,-358.80593827432676
4609.923831688109,4756.692553458603,-146.76872177049336
4595.220009958023,5187.77593202676,-592.5559220687364
4600.7829313751645,5356.9749400744895,-756.192008699325
4608.166831633657,5265.419640507114,-657.2528088734571
4627.943091702513,4413.49253095177,214.45056075074262
4619.922514081787,4644.604356360034,-24.68184227824713
5338.387191381886,5412.553532897801,-74.16634151591552
5340.413437500933,4521.144944515138,819.2684929857942
5315.263317313319,4733.997129735514,581.2661875778049
5330.772495101708,5282.666426216364,48.10606888534403
5334.482784951729,4982.859740815898,351.62304413583115
5330.857055747852,4840.358026230081,490.4990295177713
5323.464007767721,3901.180984773155,1422.2830229945662
5315.134761952229,5388.364334523318,-73.22957257108828
5322.524931449475,4736.787185156972,585.7377462925033
4538.019433342097,4829.2413778201635,-291.2219444780667
5320.859117960213,4627.855369407748,693.0037485524645
5327.200836665915,5134.692358282762,192.50847838315258
5332.907967113814,3838.131683119871,1494.7762839939433
5325.459927865506,4637.084585176915,688.3753426885905
5307.416405650837,5278.872907090311,28.54349856052613
5332.502262307681,5376.094301517463,-43.59203920978143
5342.739745124791,5177.381401283628,165.35834384116242
5331.609427911171,3902.5291235812656,1429.0803043299056
5353.679936255821,4657.50367936624,696.176256889581
4615.694833721865,4823.147390776958,-207.45255705509317
4612.680248513131,4910.993296606612,-298.3130480934806
4611.497737832956,5069.7579633882115,-458.2602255552556
4602.953805003303,5213.897337066714,-610.9435320634102
4595.104344392115,4616.024159105531,-20.91981471341569
4585.04042705675,4535.683150513254,49.35727654349557
4611.5455665025365,5250.207329840603,-638.6617633380665
4617.6968124779105,4994.581237476945,-376.8844249990343
4601.1916539507465,5363.418416789004,-762.2267628382579
3871.341008257754,4501.899210226611,-630.5582019688572
3892.260088550145,4404.209425450274,-511.9493369001284
3881.686921479826,5397.447778892069,-1515.7608574122432
4860.3312858033605,3886.448541098058,973.8827447053027
4866.000741434861,5379.063214868272,-513.0624734334106
4874.933644155974,5369.003874254083,-494.07023009810837
4880.016957724198,5326.358986457255,-446.3420287330573
4855.147702773455,5358.2759809294885,-503.12827815603305
4201.89864777132,5154.046949664818,-952.1483018934987
4213.958787262658,5279.417915955319,-1065.4591286926607
4189.835666686636,5329.494801824835,-1139.6591351381994
4222.33522486762,5381.628354616976,-1159.293129749356
4212.197266824295,5310.914737501663,-1098.7174706773676
4195.88922953286,5325.819058273965,-1129.9298287411057
4699.141676786244,5346.695969507476,-647.5542927212318
4715.992296829601,5206.601812594646,-490.6095157650443
4694.767670129064,5325.547805797811,-630.7801356687469
4701.8336258507,5292.996730115192,-591.1631042644922
4694.446521462774,5136.60161969215,-442.15509822937565
4692.189491671279,4982.7143045310795,-290.5248128598005
5241.335873540949,5377.486830288552,-136.15095674760232
5269.442761775697,3922.109107150997,1347.3336546247006
5257.4954488752655,4231.325317242132,1026.1701316331337
5249.697520590967,5326.080558673466,-76.3830380824993
5256.5857749708985,4235.667382851053,1020.9183921198455
5239.541578313928,4825.964747232942,413.57683108098627
4716.846324056599,5285.141270520352,-568.2949464637531
4723.9355428960125,4478.006254318032,245.92928857798051
4724.921414239642,4920.702296887072,-195.7808826474302
4726.386716965708,5401.585032182259,-675.1983152165512
4707.525538192197,5362.511133172315,-654.9855949801176
5358.9743813428195,4634.653728960724,724.3206523820954
5353.459035913505,4901.598274803931,451.860761109574
5353.772813938737,5321.065805501016,32.707008437721015
5360.247376573858,4760.461243614498,599.7861329593597
5361.295102585693,5347.480681488619,13.814421097074046
5354.06776852063,5311.663139210452,42.40462931017828
5343.558925722722,3816.697428253385,1526.8614974693369
4741.133859143166,5253.413254241949,-512.2793950987834
4711.230911623645,4745.491452809673,-34.260541186028604
4718.928012721843,5370.821969844535,-651.893957122692
4718.554553800668,4754.273237542263,-35.71868374159476
4718.060740741565,5270.50958155128,-552.448840809715
3816.52698216204,4642.129660780283,-825.6026786182433
3812.7668330640804,4719.249530784282,-906.4826977202015
4437.573684488944,5170.8791714948065,-733.3054870058622
4469.523679366622,4755.872044605999,-286.348365239377
4437.1694950497595,4491.411635880786,-54.24214083102652
4452.349061475272,5124.026589909095,-671.6775284338228
4467.466965483107,5310.525345749957,-843.0583802668498
4455.623523410419,5370.0227109207435,-914.3991875103247
4462.998702773364,4639.246981932641,-176.24827915927654
4440.922309281906,5276.968850809025,-836.0465415271192
5101.495656942813,5328.87837820746,-227.38272126464653
5116.753508459363,4639.674148765926,477.07935969343725
5104.501675271603,5380.909359335997,-276.40768406439383
5095.505641827064,5211.565118820691,-116.05947699362696
5090.3714497949,5197.335156427201,-106.96370663230027
5099.052411534334,4848.495035141573,250.5573763927614
5108.048447980071,5152.136885197048,-44.08843721697758
5105.485971563171,5299.638780606377,-194.1528090432057
5337.536605802475,4909.1892682626285,428.3473375398462
5328.076639169062,4466.295171853753,861.7814673153089
5362.175175048998,5396.020467033224,-33.845291984225696
4933.725083055344,4617.013789419374,316.7112936359699
3886.1379263977637,3906.429544165852,-20.291617768088145
3893.641205534412,4198.012477664426,-304.37127213001395
3876.5159785552123,5343.307957971407,-1466.7919794161944
4612.297849475292,5201.10454104019,-588.8066915648978
4619.697508806112,4977.826883398899,-358.1293745927869
4621.999691220459,4856.637308432867,-234.63761721240826
4605.266174757039,5160.545675720809,-555.2795009637703
4600.853786185897,5116.872468686254,-516.0186825003575
4604.844291595517,4512.695677976933,92.14861361858311
4604.344223170455,4734.893452868729,-130.54922969827385
4592.538307929173,5289.265819472749,-696.7275115435759
4617.244791701492,5011.869214249405,-394.6244225479122
5327.348243790944,5347.396193980137,-20.047950189192306
5342.739745124791,5308.277204565646,34.462540559145054
5318.354404784269,5361.6351263598435,-43.28072157557472
5319.288398267546,4631.956169761528,687.3322285060176
5316.26793626505,4649.442771251961,666.8251650130887
5314.687461121008,4622.27233846902,692.415122651988
5326.29470397188,5327.775459490532,-1.4807555186516765
5324.730471772027,5136.864585725597,187.8658860464302
5332.3264851594695,5367.837644996732,-35.51115983726231
4539.076267277709,4910.987390134562,-371.91112285685267
5321.555632316672,5381.583850696241,-60.0282183795689
5307.534827263959,5198.454761037663,109.08006622629637
5328.972004782816,5325.357217281619,3.614787501196588
5328.08473340778,5400.783277128914,-72.69854372113423
5332.470901696608,4855.985278502043,476.48562319456505
5307.386321810487,4714.954846224813,592.431475585674
5333.743238359878,4637.495502902552,696.2477354573257
5331.006840046923,5284.978812053144,46.02802799377878
5323.497739464881,5315.3654606876125,8.132278777268766
4617.614075787524,4604.265265352537,13.348810434986262
4628.477281233721,5387.509368754843,-759.0320875211219
4608.05446105263,5396.364751459108,-788.3102904064781
4621.959991273339,5327.404864214363,-705.4448729410242
4609.707505051921,4491.305974239341,118.40153081257995
4630.228152758912,5284.463517695055,-654.235364936143
4623.796057266893,5325.6508044338125,-701.8547471669199
4609.401566927306,5303.689760966925,-694.2881940396192
4606.164786531981,4627.500772930138,-21.33598639815682
3875.5808094280005,4817.966996278699,-942.3861868506988
3874.86948369507,4617.694459849841,-742.8249761547713
3870.5249359817444,5360.9970245030045,-1490.47208852126
4860.3312858033605,5268.437446282758,-408.10616047939766
4882.165784248326,5332.898604550227,-450.7328203019006
4872.297930632488,5284.950213698041,-412.6522830655531
4869.518673549477,4638.892407070636,230.626266478841
4878.1824739265485,5385.752304309104,-507.56983038255566
4229.045202068422,4649.687838052686,-420.6426359842635
4189.835666686636,4633.942189625788,-444.10652293915246
4233.5269848303005,3925.8485522436777,307.6784325866229
4234.546381474968,5391.699219430761,-1157.152837955793
4220.93486629582,4820.757873439361,-599.823007143541
4196.007268510492,4608.3710221879055,-412.3637536774131
4691.617973957615,5116.210164760281,-424.59219080266666
4701.8336258507,4486.773413625566,215.0602122251339
4690.912688537073,4631.835758282657,59.076930254416766
4703.885706369638,5143.39014480526,-439.50443843562243
4708.415815278112,4238.992629531794,469.42318574631827
4681.361368847596,4222.13993724698,459.2214316006166
5240.988473125149,5289.468080450118,-48.47960732496904
5256.5857749708985,5131.638689013123,124.94708595777502
5227.035612010685,4541.810326655488,685.2252853551972
5256.045145238521,4566.393294522257,689.6518507162646
5244.607929767955,5257.409466859923,-12.801537091967475
5236.7527773912325,4653.190744346534,583.5620330446982
4730.945154759346,4748.665981557992,-17.720826798646158
4718.978726090265,5320.49624291321,-601.5175168229453
4736.38834753041,5333.512162567064,-597.1238150366535
4723.385180199038,4966.91531234525,-243.53013214621205
4706.19206094519,3889.3263904332466,816.8656705119433
5358.277224235899,5395.0931809541125,-36.81595671821378
5357.943571785055,5070.501773350392,287.4417984346628
5375.427555711314,5335.817507725187,39.61004798612703
5351.250044410118,5273.969422602542,77.2806218075757
5352.999570329353,5402.636169715119,-49.636599385765294
5362.028450902953,5398.427339047782,-36.39888814482856
5340.970937011314,4840.55019365016,500.42074336115456
4725.935452013703,4519.693704078203,206.24174793549992
4701.827797947381,3807.858853913282,893.9689440340994
4735.172273328786,5381.837864599096,-646.66559127031
4719.257602522229,4623.103613008596,96.15398951363295
4718.951779862702,4626.085921971464,92.86585789123819
3819.5066374141256,4750.409934468435,-930.903297054309
3823.342670788232,5286.684633397939,-1463.341962609707
4440.922309281906,3895.8567613440055,545.0655479379002
4451.155468250338,4896.371580215988,-445.21611196564936
4462.210256838928,5333.077991302664,-870.8677344637354
4452.656102329197,4622.508930125872,-169.85282779667523
4462.502980994793,5387.566090321436,-925.0631093266429
4455.003880652935,4720.737782270491,-265.7339016175565
4464.369221620181,5388.152631339924,-923.7834097197428
4464.621611837792,5198.803231517462,-734.1816196796699
5088.76614515846,4733.645605320162,355.1205398382981
5098.431081088457,5380.190125488145,-281.7590443996878
5091.084259056661,5397.894216446311,-306.80995738964975
5095.561232130951,5218.432018582115,-122.87078645116435
5111.165259296092,5423.160274766618,-311.9950154705266
5109.86495780676,5366.638411035283,-256.77345322852307
5096.247970335904,5223.368175354443,-127.12020501853931
5113.249869343377,5319.263979325094,-206.0141099817165
5331.475543152942,4745.23218463908,586.2433585138624
5348.458074082658,5004.884693282325,343.5733808003324
5338.193225550715,5378.023043439645,-39.82981788892994
4945.995643624576,4628.373359189256,317.62228443531967
3873.0113948429594,4620.831808358709,-747.8204135157498
3888.0368396645777,5385.721692410102,-1497.6848527455245
3876.9583423089953,4706.22795859771,-829.269616288715
4611.015992712195,5413.9123983584695,-802.8964056462746
4602.414756585809,5133.466823586462,-531.0520670006526
4609.024631351712,5270.868343899609,-661.8437125478968
4588.815817280987,5307.040404855655,-718.2245875746676
4606.489314109889,3825.6311431177755,780.8581709921136
4585.040427056751,3882.9643009474457,702.0761261093048
4622.734348125028,4753.377749532687,-130.64340140765853
4609.539040228486,5373.637485489105,-764.098445260619
4592.300876720165,4636.992780583275,-44.691903863109474
5320.14816587471,4739.87158774688,580.2765781278295
5328.299042770617,5401.809868349183,-73.51082557856535
5322.166666941963,5340.287443933084,-18.120776991121602
5328.600217862207,5267.337548852101,61.26266901010604
5331.006840046923,4922.992206770632,408.0146332762906
5331.296702120834,4765.39102791538,565.9056742054545
5336.31130547362,5371.546679837102,-35.23537436348124
5341.210844545476,5429.780573336896,-88.56972879141995
5321.241022088782,5116.83962332767,204.40139876111243
4565.125616377751,5240.755351518223,-675.6297351404719
5344.824125760993,4658.851786373773,685.97233938722
5325.803841567285,4638.7629544357615,687.040887131524
5332.306572310455,5368.100196701533,-35.79362439107808
5328.498873358585,5320.823006501467,7.675866857118308
5319.958168637236,5392.699533711904,-72.74136507466847
5340.464424364389,5414.203052528359,-73.73862816397013
5314.638073695425,3898.2588399368083,1416.379233758617
5356.309314349222,5311.937300269361,44.3720140798614
5319.663893496396,4623.999401254452,695.6644922419437
4602.252882275889,5380.282749694835,-778.0298674189462
4601.77403373702,4803.246939800119,-201.4729060630998
4626.595901994045,4654.989267094149,-28.393365100104347
4622.31654339484,4577.573997293808,44.74254610103162
4598.184328700532,4748.872926163637,-150.688597463105
4614.558666420417,5232.23752012685,-617.6788537064331
4598.924416343129,4881.959802013452,-283.0353856703223
4611.929821339825,5386.062126596094,-774.1323052562684
4618.689869151108,5384.996842673309,-766.3069735222016
3885.70910161729,4481.329877031905,-595.6207754146153
3869.6067106473924,3893.6035431688806,-23.99683252148816
3896.157143822258,5248.068243217812,-1351.9110993955537
4860.3312858033605,4817.994184355428,42.33710144793258
4867.653482825034,5310.92740952653,-443.27392670149584
4892.032174009696,4416.76791709878,475.2642569109157
4855.147702773455,3895.7797737627134,959.367929010742
4889.749346770582,4846.486516267059,43.26283050352231
4196.771242718225,5303.308471876246,-1106.5372291580206
4222.33522486762,5006.265529253599,-783.9303043859791
4234.546381474968,5226.293213507255,-991.7468320322869
4215.111141042813,4629.042940879037,-413.93179983622395
4229.662667688071,5302.574055776152,-1072.9113880880805
4212.246209073149,4626.781064349449,-414.5348552762998
4703.112239265905,5137.077998702134,-433.96575943622884
4692.189491671279,3906.0680539773957,786.1214376938833
4684.352150464722,4716.8517196726725,-32.49956920795012
4681.361368847596,4624.104909868306,57.25645897929007
4693.487402057947,5069.050332922084,-375.56293086413643
4697.315627588016,5320.928903315985,-623.6132757279693
5250.3958765180605,5265.43964708841,-15.043770570349807
5253.361501644868,4830.436223397761,422.9252782471076
5237.574284187099,5267.352251643114,-29.777967456015176
5238.099908955128,5274.0007781255945,-35.90086917046665
5253.2421337109845,3667.3820083149103,1585.8601253960742
5253.3672673870515,5417.151365055861,-163.7840976688094
4740.277027061175,4645.199003926074,95.07802313510183
4726.8286981387555,5286.873527564879,-560.0448294261232
4726.990349653966,5211.489766255201,-484.49941660123477
4737.833366680379,4496.9288116384,240.90455504197962
4711.230911623643,5265.070159945563,-553.8392483219204
5352.999570329353,5340.9167520517185,12.082818277634942
5359.947336477071,5409.436377086471,-49.489040609400035
5360.378852748414,4487.694627955626,872.684224792788
5351.641551514465,5354.55768079502,-2.916129280554742
5372.074410562836,3906.547978598611,1465.5264319642256
5341.924202580482,4719.14836222235,622.775840358132
5348.367675857261,5371.389303789624,-23.021627932363117
4731.136072101643,5143.9062064547325,-412.7701343530898
4728.4250521147715,5323.783024017181,-595.3579719024092
4717.2964427138195,4756.108294614266,-38.81185190044653
4726.304163691286,5400.375098295214,-674.0709346039284
4727.030232252518,4761.988038974446,-34.95780672192814
3806.392141819138,5388.9967836833,-1582.6046418641622
3812.567564030509,5231.188938475227,-1418.6213744447177
4464.369221620181,4749.651029299933,-285.2818076797521
4463.493176339283,4235.348415244153,228.14476109512998
4475.3521739432645,5397.426616707395,-922.0744427641303
4475.440372222283,5251.337252200667,-775.8968799783834
4472.613099359818,5432.388923648919,-959.7758242891014
4453.158817648208,3823.8495761648273,629.3092414833809
4447.471917172943,5381.39791818806,-933.9260010151174
4456.633224790099,4902.227434221296,-445.59420943119676
5098.330944687793,4977.2513201769325,121.07962451086041
5099.09272195188,5297.501572417263,-198.40885046538278
5095.208168124401,5230.604641486855,-135.39647336245434
5104.2997093733975,4742.228799011617,362.0709103617801
5084.458275606179,5352.5028706145085,-268.04459500832945
5086.585868355891,4234.124777976352,852.4610903795392
5095.847603704836,5279.776972875797,-183.92936917096085
5093.501957710842,5286.3374073018185,-192.83544959097617
5339.164903662245,5410.362373731383,-71.19747006913803
5334.257951919868,5216.16288278048,118.09506913938822
5343.628811562383,4623.564410974363,720.0644005880195
4957.818119001233,3910.1691244323697,1047.6489945688631
3874.2387291716204,4634.098763064122,-759.8600338925016
3884.3385894852904,5135.3875673075245,-1251.048977822234
3886.6345240725286,5297.466615736594,-1410.832091664065
4601.875063214474,4482.355529158422,119.51953405605218
4613.024974121398,3913.8564062449973,699.1685678764011
4618.918878108682,4640.136688611021,-21.21781050233858
4606.265700439123,5285.7976866608715,-679.5319862217484
4600.647911526396,5376.170058368514,-775.5221468421187
4616.841785650929,5221.927685576835,-605.0858999259062
4585.637793264735,5381.888208868978,-796.2504156042432
4621.959991273339,4650.549086583677,-28.589095310338053
4613.051629411539,5211.992179819379,-598.9405504078404
5313.44424780394,4750.519443038463,562.9248047654773
5324.857714521939,4627.059620025679,697.7980944962601
5323.2236021526,5358.6282150869865,-35.40461293438693
5319.958168637236,4966.0196078269855,353.93856081025024
5308.510049636578,5391.154817374532,-82.64476773795468
5332.244310465068,5194.4498399214335,137.79447054363482
5317.7757075941045,5226.060878350154,91.71482924395059
5329.594118020935,5165.90829100085,163.68582702008462
5320.166450889523,4235.291184348228,1084.8752665412949
4523.288137375019,4816.508746829888,-293.2206094548692
5342.71862506585,5138.820839434288,203.89778563156142
5320.131759136216,5301.10497483618,19.026784300035615
5331.098983022249,4765.856976264473,565.2420067577759
5352.206410156654,4760.61965539622,591.5867547604339
5351.225082756342,4648.335164822949,702.889917933393
5313.625927618352,5060.335809247765,253.29011837058715
5335.000834373843,3909.104608307242,1425.8962260666008
5339.740266318235,5175.426602365218,164.31366395301666
5329.895434775591,5401.56761055167,-71.67217577607971
4626.657444062043,5382.687928143986,-756.0304840819426
4609.010986760803,5382.231228711305,-773.2202419505029
4617.5394658906125,4853.29048242162,-235.75101653100774
4609.253808318651,4850.2771118478995,-241.02330352924855
4623.238780884254,4575.841411197526,47.39736968672787
4612.959117136449,4744.717261402149,-131.75814426570014
4623.019745527807,4577.892202092719,45.12754343508732
4603.867533748637,5379.096752709638,-775.2292189610016
4608.113368565709,4973.333214259672,-365.2198456939632
3889.026062092103,4629.817362615113,-740.7913005230098
3876.232056880812,4751.992221584307,-875.7601647034953
3883.139209939819,5222.375090891227,-1339.235880951408
4860.3312858033605,4613.192035409749,247.1392503936113
4879.544937859424,5232.361081333266,-352.8161434738422
4880.016957724198,5287.425969244345,-407.40901152014703
4879.625627918319,4852.124530215548,27.501097702771403
4864.868986856531,5215.814483719837,-350.9454968633063
4206.430000140386,4095.3267263771713,111.10327376321493
4212.197266824295,5373.658231151151,-1161.460964326856
4220.93486629582,5217.440887413765,-996.5060211179452
4229.662667688071,4760.50470182644,-530.842034138369
4207.241281642752,4577.943582674181,-370.70230103142876
4215.18886320437,4652.782764792935,-437.59390158856513
4704.81803876026,4408.152874939565,296.66516382069494
4714.053291051718,5430.2917487343075,-716.2384576825898
4691.592377194878,5240.440422412919,-548.8480452180411
4698.484976141698,4656.946588334374,41.5383878073244
4719.584884573169,4781.820730802816,-62.235846229646995
4696.133442630396,4636.4742572696205,59.659185360775155
5251.633529602291,4238.038250517248,1013.5952790850424
5236.3682688672225,5398.912482533766,-162.54421366654333
5241.202107210917,4623.220022546016,617.9820846649018
5246.9234783780785,4842.762444919529,404.16103345854935
5237.614568812843,4960.9687404601555,276.6458283526872
5248.238891262523,4637.9320137717605,610.3068774907624
4724.61274598963,4829.687298058228,-105.07455206859868
4711.230911623643,5121.318197778645,-410.0872861550024
4710.049984925831,3891.639333620735,818.410651305096
4718.060740741565,5296.730194128662,-578.6694533870977
4715.740879740882,4503.242744184186,212.49813555669516
5340.3240772132585,4302.481682947116,1037.842394266143
5365.583716668405,3912.564226772971,1453.0194898954342
5349.298719823567,4585.628154153681,763.670565669886
5356.57687348159,5161.418508149105,195.15836533248512
5364.932061410015,5012.048451158544,352.8836102514715
5354.832298951255,5391.370390165079,-36.53809121382346
5372.75701354797,5333.896589492961,38.86042405500939
4719.618174332576,5274.167756547971,-554.5495822153953
4714.98799987288,5347.120658762574,-632.1326588896936
4704.731938989154,5363.542937570208,-658.8109985810543
4726.421520272099,5322.388414038207,-595.9668937661081
4736.634470862838,5382.670584822963,-646.0361139601255
3823.1052941707626,5095.433293200689,-1272.3279990299266
3802.275862159165,4489.688578004337,-687.4127158451715
4469.068611313063,4976.196171895293,-507.1275605822302
4470.816470670407,5404.554068013667,-933.73759734326
4466.223456523649,4977.054092336024,-510.8306358123755
4449.653794348242,4846.938341963088,-397.2845476148459
4452.183652165364,5367.7138510091545,-915.5301988437905
4458.825362898933,4827.474353112134,-368.6489902132007
4444.491092170572,5247.318003757569,-802.8269115869971
4461.3929583867475,5333.790792784531,-872.3978343977833
5118.622525109518,5299.184825870354,-180.56230076083557
5104.848908191792,4751.1395318583745,353.7093763334178
5088.883553500517,4469.375155058143,619.5083984423745
5116.393407273174,5399.899631468863,-283.50622419568936
5102.207239163981,5343.011777049912,-240.80453788593059
5104.241208750779,5370.331292548148,-266.0900837973686
5100.003936547196,5381.583850696241,-281.5799141490452
5094.36898593992,4624.596153901035,469.7728320388851
5345.418840998281,5415.710834306775,-70.29199330849406
5343.334509926192,4629.368627267124,713.9658826590685
5351.07734595038,5391.714756489779,-40.63741053939884
4947.70712447345,5357.2713900425215,-409.5642655690717
3892.4504072790555,4244.62060537556,-352.1701980965049
3891.692696957648,5400.608926667523,-1508.9162297098746
3900.809127427362,5088.335183789313,-1187.5260563619513
4619.051139338012,4638.804158930228,-19.753019592216333
4623.796057266893,5405.2293068226545,-781.4332495557619
4617.603438436351,4664.0749843681,-46.47154593174855
4602.138740558421,5310.8434837324185,-708.7047431739975
4607.887213287157,5136.819977216023,-528.9327639288667
4603.636074840338,4722.258484033497,-118.622409193159
4598.069597034399,5336.18904881033,-738.1194517759313
4607.655039076141,4113.6750694178,493.97996965834136
4617.0727000847655,5413.685304559459,-796.6126044746934
5323.547502237637,5341.516717507052,-17.969215269415145
5335.889795283593,5331.518205869801,4.371589413792208
5341.6899705334545,4646.760186847706,694.9297836857486
5314.197545245933,4473.147759232863,841.0497860130699
5311.136747268498,5348.0358738842,-36.89912661570179
5336.311843665637,5217.044257635001,119.26758603063627
5335.000834373844,4638.984376200486,696.0164581733579
5334.18659186875,5297.039490234542,37.1471016342075
5328.819729579576,5329.558568270901,-0.7388386913244176
4545.681618398058,4749.26015679255,-203.57853839449217
5334.961444048695,4992.896443621105,342.06500042758944
5325.851561574365,5281.260015273975,44.59154630039029
5338.915578718137,5331.263626429092,7.651952289044857
5315.685629783336,4468.942444305331,846.7431854780043
5344.520967745982,5364.31797251859,-19.79700477260849
5325.179000866362,4476.308916758328,848.8700841080336
5317.664782001593,5184.175569831425,133.48921217016868
5318.6390137039,5112.99464867198,205.64436503191973
5322.84158619533,5301.043319803505,21.798266391824654
4623.204354954024,5425.520935889604,-802.3165809355796
4609.306027464092,4813.871011163023,-204.56498369893052
4610.725068629052,4562.802854142186,47.922214486865414
4615.979486899657,4750.116327899572,-134.13684099991497
4615.3482287507495,4568.0537555373285,47.29447321342104
4584.959995666971,4705.799942500696,-120.83994683372475
4604.3202779763715,4738.762821122779,-134.44254314640784
4611.598154599406,5293.917125867983,-682.3189712685762
4619.9963094441955,4574.48879593838,45.50751350581595
3895.3102426961195,4643.80556861217,-748.4953259160502
3878.6905798284206,5282.633444609584,-1403.9428647811637
3878.2245340536383,4619.496844875236,-741.2723108215978
4860.3312858033605,5125.142680863661,-264.81139506030013
4887.637372761214,5285.66451683812,-398.02714407690655
4883.055287232191,5259.3347452256,-376.27945799340887
4865.907585163641,5380.455559491747,-514.5479743281066
4857.359482063334,5382.293203579843,-524.9337215165087
4232.231428554327,5344.7267381216725,-1112.4953095673454
4195.88922953286,5382.724911327578,-1186.8356817947188
4196.007268510492,5248.906484467763,-1052.8992159572708
4212.246209073149,4476.733172588547,-264.4869635153982
4215.18886320437,5388.39629379354,-1173.2074305891701
4209.3954687627265,4759.612473634624,-550.2170048718972
4679.104865235446,5074.435366684354,-395.33050144890876
4693.487402057947,4625.623513621465,67.86388843648274
4678.1827696426235,5116.359972204076,-438.17720256145276
4697.188114884599,5412.220286556266,-715.0321716716671
4697.119313974024,5377.6156459706035,-680.4963319965791
4679.704893624199,4828.0131489944115,-148.30825537021246
5250.34572382013,5280.626904451181,-30.28118063105103
5246.9234783780785,4477.51226983105,769.4112085470288
5262.900818182042,4982.730621591389,280.1701965906532
5252.44833916683,4400.599345047388,851.8489941194421
5268.6965262379645,5363.372671610011,-94.67614537204645
5280.680964264956,3931.693793863156,1348.9871704018
4719.586025830932,5356.649713360331,-637.0636875293985
4728.5198611532605,5290.292485297251,-561.7726241439905
4710.8185169359895,4566.956456159959,143.86206077603038
4711.510027547524,5197.59708640413,-486.08705885660584
4716.517389703276,5352.60381285,-636.086423146724
5363.200542725373,5219.814145944847,143.3863967805264
5356.5852043223995,4747.036900052709,609.5483042696906
5360.29150871546,4475.871621621976,884.4198870934833
5348.03237753923,5253.8765794099145,94.15579812931537
5348.210450363149,4734.008127950152,614.2023224129971
5356.384489689204,5264.995133167845,91.38935652135933
5354.798153535096,5379.929556131912,-25.13140259681586
4715.912123521483,5107.239980099754,-391.32785657827026
4744.005814285385,5176.108937306785,-432.1031230214003
4729.013055819894,5332.775581635309,-603.7625258154148
4714.996011830696,5128.660841843419,-413.66483001272263
4727.310511185058,4633.1676566705,94.14285451455817
3807.009581758314,4649.897601381023,-842.8880196227092
3801.892550031779,5264.788943086014,-1462.896393054235
4456.576614591511,4992.434664046631,-535.8580494551197
4460.855078199897,4630.064510114671,-169.20943191477363
4444.625363167896,5122.897671388695,-678.2723082207995
4472.690308458841,4494.488736449156,-21.79842799031485
4483.313143796281,5240.4645488100505,-757.1514050137694
4464.638905782296,4631.674382821573,-167.03547703927688
4449.876603797529,5282.4272206382075,-832.5506168406782
4432.457838146981,4536.626587950838,-104.16874980385728
5109.082973658376,5325.257546007505,-216.17457234912854
5086.380825407174,5173.649063265787,-87.26823785861325
5096.547897535026,5340.541925838456,-243.99402830343024
5120.358109424579,4777.072284312006,343.28582511257355
5106.866647274667,3836.6504622710145,1270.2161850036528
5095.802254012904,4996.7724503043855,99.02980370851856
5110.587079267593,5153.855847383658,-43.268768116065075
5103.654249127779,5320.372949618408,-216.7187004906291
5339.28025721061,5366.1335547985655,-26.85329758795524
5337.0458325488435,4845.063044366411,491.98278818243216
5342.191822112439,4992.223837465627,349.9679846468116
4934.712519891817,4951.937744248012,-17.225224356195213
3893.583231209398,4633.619829535488,-740.0365983260899
3876.3446658062217,4472.116019493243,-595.771353687021
3879.3433363294207,4754.704452376215,-875.3611160467945
4610.907295421881,5287.049304257974,-676.1420088360928
4611.868996336776,5383.0819800745285,-771.2129837377524
4610.500079445977,4919.213762445808,-308.7136829998317
4600.278865827014,4845.08138541738,-244.8025195903665
4614.341526758991,5298.331281459457,-683.9897547004666
4611.929821339826,5399.668589757693,-787.7387684178666
4604.150632428027,4756.644648371579,-152.49401594355186
4611.244282162235,5392.562569734126,-781.3182875718903
4600.414269086417,4395.307445597565,205.10682348885257
5320.145359450666,5282.618388413202,37.52697103746323
5320.76122647764,5065.468028839207,255.2931976384325
5327.943956350226,5364.20731357636,-36.26335722613476
5334.909795792084,5001.29519190483,333.6146038872539
5305.035474684566,4943.574894662607,361.4605800219588
5315.240066546356,5390.819218103194,-75.57915155683804
5321.138700216095,5244.606376954541,76.53232326155376
5317.664782001593,5320.604837618714,-2.940055617120379
5317.503490034306,5277.039159065925,40.464330968381546
4559.605402508092,5244.551823941368,-684.9464214332756
5325.013278797661,5413.8019492872845,-88.78867048962366
5331.537711741409,5255.755995540229,75.78171620117973
5315.790378682222,5079.1795507698835,236.6108279123382
5315.95041588659,4746.255812083535,569.6946038030555
5331.131633094554,4393.993506696161,937.1381263983931
5341.6595320304095,4345.115235979099,996.5442960513101
5335.855198957176,4851.462379654818,484.3928193023585
5314.9431538502095,4466.156081616849,848.78707223336
5325.298151566962,3895.9908583243086,1429.307293242653
4617.939675482417,4489.558414237667,128.38126124475002
4591.216632170314,5363.202586790731,-771.985954620417
4605.253070595796,4755.187701321129,-149.93463072533268
4612.613200970197,4971.711330663114,-359.0981296929167
4617.355946878935,5375.077001231273,-757.7210543523379
4611.668079275245,5326.356352020937,-714.6882727456923
4606.263518949118,5318.386490638198,-712.1229716890793
4592.1572705732415,4741.1701570860205,-149.012886512779
4623.089444201382,5419.352533807193,-796.2630896058108
3864.66313109777,5300.112833641453,-1435.449702543683
3893.0670133584767,4580.507926594269,-687.4409132357919
3881.729355850264,5354.914410339138,-1473.1850544888744
4860.3312858033605,5277.694198192132,-417.3629123887713
4860.095575324212,4717.848781521331,142.24679380288126
4872.098962617802,5113.027904293331,-240.92894167552913
4867.318870910304,5137.870153067497,-270.5512821571929
4870.729089883498,4966.728103507137,-95.99901362363926
4209.73746572411,5089.665972831035,-879.9285071069253
4216.68556578096,5329.194879200368,-1112.5093134194076
4210.16317586548,3657.8800781607324,552.2830977047479
4219.67020425811,4638.136693102322,-418.4664888442121
4219.995152623503,4751.4769349299995,-531.4817823064968
4198.947883593967,5352.354911116622,-1153.407027522655
4682.276028493976,5115.689676359185,-433.413647865209
4690.896028814687,5127.646469553717,-436.7504407390297
4687.546000897091,5261.072003553384,-573.5260026562928
4685.61247470961,5213.495086405503,-527.8826116958926
4714.23351067275,5141.331405502881,-427.09789483013174
4690.9583413121045,5193.918317783871,-502.9599764717668
5252.875066121062,4745.520423994092,507.35464212697025
5248.238891262523,4165.070150819688,1083.1687404428349
5265.13210237716,4752.712271749832,512.4198306273274
5280.680964264956,5315.447235077819,-34.766270812862786
5255.074426897232,5165.980903358865,89.09352353836675
5243.113693467892,4484.696727202768,758.4169662651238
4715.6983829414285,4618.333271164671,97.36511177675766
4700.621176540638,4607.773443924221,92.84773261641658
4717.5679330563125,4391.972122425312,325.59581063100086
4724.424235181219,5298.850491893721,-574.4262567125015
4722.169848340681,5374.333460226901,-652.1636118862198
5366.240977487084,5289.392815117227,76.84816236985716
5374.615226863115,4637.706855100188,736.9083717629273
5356.384489689204,5323.916964263027,32.46752542617742
5355.5684871212925,5341.844274906683,13.724212214609906
5371.602748008641,5278.87053241985,92.7322155887914
5373.382070219886,3922.8886871337972,1450.4933830860891
5389.41629165239,5256.780893368821,132.63539828356897
4734.287015902364,5312.890510900048,-578.6034949976838
4736.7261496509145,5133.846699283486,-397.12054963257106
4726.8996404327,5130.016285293192,-403.11664486049176
4732.034919698102,5178.425528083636,-446.3906083855336
4717.980029480807,5271.7936318293305,-553.8136023485231
3792.436993659259,5267.451870201023,-1475.014876541764
3803.524941730065,3899.918484612458,-96.39354288239292
4449.710080215069,5159.478218463119,-709.7681382480505
4458.052938091579,4845.832531051736,-387.77959296015706
4450.210496737541,4983.379033559622,-533.1685368220815
4459.267694217829,5068.924957868585,-609.6572636507562
4440.775888400509,4625.292945700625,-184.517057300116
4458.3041377684785,5400.5644638610565,-942.260326092578
4462.999793901974,5376.399906501831,-913.4001125998566
4465.85080843017,5388.278913154869,-922.4281047246986
5095.802254012904,4736.195623829017,359.6066301838873
5104.520272962413,5281.559494981968,-177.03922201955447
5104.456880166215,4973.493310853445,130.96356931277023
5097.323090612952,4628.629180907643,468.6939097053091
5120.223328804929,5085.68883426322,34.53449454170914
5099.848092909418,4848.851067579858,250.99702532955962
5099.112602936905,4490.917198220743,608.1954047161626
5089.863833076625,4630.718794178339,459.14503889828666
5340.326945769893,4402.086118724309,938.2408270455844
5337.822229018524,5385.885178523973,-48.06294950544907
5341.8760833139695,5317.0557066430965,24.820376670872975
4945.836248652863,5390.465188927824,-444.62894027496077
3882.320673215804,5323.140685217084,-1440.8200120012798
3868.855890762114,4566.768467527631,-697.9125767655173
3904.384860178072,4598.150510497215,-693.7656503191429
4609.661764693681,5384.911340189471,-775.2495754957899
4628.994128815052,3848.3588259109465,780.6353029041056
4607.405780851203,4636.688658131257,-29.28287728005398
4610.255727266687,5374.632399707948,-764.3766724412608
4615.26901138157,4834.361170834108,-219.092159452538
4611.7628460215765,5304.24115197147,-692.4783059498932
4611.507921887461,5160.564735213764,-549.0568133263032
4623.019745527808,4490.318710726467,132.70103480134094
4599.37744521388,4846.685267153804,-247.307821939924
5327.786114981464,3900.8492219214163,1426.936893060048
5340.823520789675,4756.807789833584,584.0157309560909
5332.861890744416,5384.300354574582,-51.438463830166256
5326.544167657282,5378.590446899472,-52.046279242190394
5331.114314132984,5074.528287112285,256.58602702069857
5344.657291846338,4489.608398067303,855.0488937790351
5331.131633094555,5404.564942696722,-73.43330960216736
5325.26553736457,4756.4142497057655,568.8512876588047
5312.288541229012,5124.056436024185,188.23210520482644
4535.819392282472,4633.640719566842,-97.82132728436954
5333.913262754836,5237.480193027728,96.43306972710798
5315.163120177972,4633.535526072992,681.6275941049798
5327.1112222037855,4557.36538369486,769.7458385089258
5329.103445796372,5397.228424183087,-68.12497838671425
5327.471013993162,4744.99730516035,582.473708832812
5332.101501927723,4161.225405225059,1170.8760967026637
5323.276216524011,5319.087081660468,4.189134863542677
5330.697978022198,5296.856792816481,33.84118520571701
5304.823320445678,4794.439713775755,510.3836066699232
4601.676114068131,5213.598159619665,-611.9220455515342
4614.341807845094,4746.568800903936,-132.2269930588418
4587.8845956296855,5248.055855093805,-660.1712594641194
4598.205507741998,4801.4106062934425,-203.20509855144428
4627.647781704015,4416.05648493984,211.59129676417524
4618.474316210962,5239.564057669557,-621.0897414585952
4612.989194105714,4483.917849394207,129.07134471150675
4601.810597854965,4389.587940852261,212.22265700270327
4592.541613367705,4965.293891735943,-372.75227836823797
3876.557642890091,4963.118138504345,-1086.5604956142538
3875.878924659494,5298.906050338858,-1423.0271256793644
3894.9404056264625,4634.758689817529,-739.8182841910661
4860.3312858033605,4613.192035409749,247.1392503936113
4874.933644155974,5406.744479742891,-531.8108355869163
4855.147702773455,4615.686839794443,239.46086297901275
4864.868986856531,3829.531860246541,1035.3371266099898
4884.068731261548,5381.628354616976,-497.5596233554279
4195.88922953286,5374.377728140914,-1178.4884986080542
4229.662667688071,4938.172483442889,-708.5098157548173
4221.452582486417,5225.402176707371,-1003.9495942209542
4214.5985100469015,4737.284806104845,-522.6862960579438
4228.277887202824,5140.037034708891,-911.7591475060672
4212.959478902321,4624.21972633432,-411.2602474319983
4690.896028814687,5349.006113200379,-658.1100843856921
4696.133442630396,4627.948413630102,68.18502900029398
4698.584616700091,5284.511584447754,-585.9269677476632
4691.176625824648,5243.499208519128,-552.3225826944799
4693.449668918554,5280.011611796565,-586.561942878011
4699.026597873138,4978.315037709252,-279.28843983611387
5237.826678090889,5282.773953941107,-44.94727585021792
5233.441524236689,5264.151430398456,-30.70990616176732
5243.3119293590535,5361.430198492216,-118.11826913316236
5251.418823275066,3911.314982689011,1340.103840586055
5232.346986866807,3882.4358120059924,1349.9111748608148
5233.118692210024,4606.218646507298,626.900045702726
4735.329448935339,5245.085517257408,-509.75606832206904
4728.425052114771,5384.5273012236485,-656.1022491088779
4723.678505171625,5209.1712079865065,-485.49270281488134
4727.030232252518,5373.326546718715,-646.2963144661971
4714.98799987288,3901.4238982739435,813.5641015989368
5367.676644688875,5411.984220697701,-44.30757600882589
5352.318686873235,4840.302457297407,512.0162295758273
5376.957256119758,5385.928267903575,-8.97101178381672
5359.112134798708,5284.836841721202,74.27529307750592
5338.98947552674,5108.620498729286,230.3689767974538
5371.740674297089,5320.380470052671,51.36020424441813
5361.463673446478,4233.7396269367855,1127.724046509693
4719.251254602248,5374.115149010789,-654.8638944085405
4707.211969638942,5268.155536374523,-560.943566735581
4726.784502352752,5148.587935882338,-421.8034335295861
4718.087631077978,4557.306406108813,160.78122496916512
4709.336787870226,3899.4143058104796,809.922482059746
3796.5987997634916,4840.71152921722,-1044.1127294537287
3817.1970960542994,5268.706562222235,-1451.509466167936
4459.627653082635,4744.146169338358,-284.5185162557227
4464.250619255881,4978.492792836949,-514.2421735810676
4462.999793901974,5141.235269021863,-678.2354751198891
4464.97617900874,5377.69331471986,-912.7171357111201
4449.818559347379,5400.0016477262925,-950.1830883789135
4480.637086403613,4991.820408527632,-511.18332212401947
4475.130639094322,5132.967724441087,-657.837085346765
4476.589348449165,5417.045827321825,-940.4564788726593
5100.94996698674,5405.809014381615,-304.85904739487523
5087.409759439681,4991.981541349188,95.42821809049292
5081.684861556104,4383.563796967975,698.1210645881292
5102.753604645924,5307.69891152947,-204.94530688354644
5103.896606500201,5374.024064133071,-270.12745763286966
5098.68701165759,5313.119741592105,-214.432729934515
5118.460474407136,4667.863716849474,450.5967575576615
5116.821407491494,3909.558916984706,1207.2624905067883
5369.540517747156,4655.247059828444,714.2934579187113
5340.215900066637,4656.03761420323,684.1782858634069
5352.3349419643455,5290.325197055687,62.00974490865883
4956.92865110246,4667.223426883261,289.7052242191994
3901.7462382298495,4732.052531112721,-830.3062928828717
3893.553652723025,3837.861718853677,55.691933869348304
3885.8804765831537,4746.629052685203,-860.7485761020489
4587.995384862227,5099.097832464307,-511.10244760208025
4623.019745527808,5322.280318633989,-699.2605731061813
4614.153883026133,5384.098961780779,-769.9450787546457
4610.2092291914305,4844.69924367782,-234.49001448638955
4609.927275854859,5279.258642514335,-669.3313666594768
4604.987783301382,5286.1350937780235,-681.1473104766419
4623.896432810313,5398.029973429441,-774.1335406191283
4615.979486899658,4769.524123442971,-153.54463654331357
4600.884042420946,4629.395756302202,-28.511713881256583
5321.73644360319,4738.292939789682,583.443503813508
5335.855198957176,5198.495996480522,137.359202476654
5340.069328464132,4605.624605220185,734.444723243947
5333.913262754836,4638.353172107232,695.5600906476038
5306.7326966394585,5359.054478095816,-52.32178145635771
5316.306264123752,4486.721042995081,829.585221128671
5332.847873133748,4407.400009840637,925.4478632931114
5322.911675238814,3898.0992745582607,1424.8124006805529
5339.357892663515,4656.434035097147,682.9238575663676
4543.2468709401655,5381.882884719344,-838.636013779178
5342.5241449689765,4868.623544837574,473.9006001314028
5311.273109486272,5398.244879284291,-86.97176979801861
5329.938154966525,5239.195442156569,90.74271280995617
5309.067377904597,4616.672950917455,692.3944269871427
5315.899135837194,5357.605062936548,-41.705927099354085
5312.678530610474,5202.765922116235,109.91260849423907
5339.759615477578,5343.248035097185,-3.4884196196062476
5319.173951846257,5384.7603869320865,-65.58643508582918
5326.120145074044,4480.547677002637,845.5724680714065
4618.536942565319,5371.908775505768,-753.3718329404492
4619.044745042368,4487.158831776058,131.88591326631013
4602.742780497343,4735.730228461041,-132.9874479636983
4613.66748472591,5349.421180579548,-735.7536958536375
4621.5829380854975,5090.742975187524,-469.16003710202676
4609.546143621796,5307.907472368796,-698.3613287470007
4605.835288129977,5363.964915047973,-758.1296269179957
4605.037208012347,5364.360649774149,-759.3234417618023
4606.057584553331,4585.419540097433,20.638044455898125
3894.0391650406964,4242.427508327218,-348.3883432865214
3900.3481952345173,4657.739010846887,-757.3908156123698
3874.7188699339345,4751.194047815993,-876.4751778820587
4860.3312858033605,4729.752001426741,130.5792843766194
4870.31180667354,4907.203582736689,-36.89177606314934
4875.9713876255155,5264.302954645471,-388.3315670199554
4859.013205456216,5370.5371155957655,-511.5239101395491
4872.895022328113,5349.401099852229,-476.50607752411634
4228.502056451237,4770.746099302283,-542.2440428510463
4208.451181141504,4741.4489966186275,-532.9978154771234
4213.058727422728,4723.888807303728,-510.8300798809996
4204.210687438686,4818.791779327387,-614.5810918887009
4204.030854879517,4905.4387266356225,-701.4078717561051
4199.488098495519,5266.7227523047895,-1067.2346538092706
4687.546000897091,4752.612211070026,-65.06621017293492
4698.584616700091,5211.190424490055,-512.6058077899643
4685.260140030552,4955.850669580498,-270.59052954994604
4695.58307993342,3900.0979067687554,795.4851731646645
4673.688611653936,5260.118813659955,-586.4302020060186
4710.031266414762,5241.890311422951,-531.8590450081883
5243.545570041713,4396.9942026632425,846.5513673784708
5241.286464117191,4839.227164132354,402.0592999848368
5244.926661490704,3901.772278853742,1343.1543826369616
5235.681127828432,5213.556222576377,22.124905252055214
5246.490339236482,4481.459546794427,765.0307924420549
5246.634785200721,4635.055947669123,611.5788375315979
4731.4308658755635,5407.605123237182,-676.1742573616184
4727.030232252518,5217.059424720136,-490.0291924676185
4723.470312606831,5403.664929320952,-680.1946167141214
4725.396447158787,5390.608518320664,-665.2120711618772
4736.634470862838,5366.133452975046,-629.4989821122081
5348.037795620765,5152.4303718168985,195.60742380386637
5349.924242290845,4622.957489630823,726.9667526600215
5366.5989736129895,4746.451159382351,620.1478142306387
5366.38260721696,5081.599370448359,284.78323676860145
5352.327049731062,4739.183372144279,613.1436775867833
5348.578687684493,5316.649045006383,31.929642678110213
5379.69151445211,3839.916093874517,1539.7754205775927
4728.339260405827,4480.509396994462,247.8298634113653
4709.336787870226,4551.325230693406,158.01155717681922
4726.946131897368,4760.0733518458255,-33.12721994845742
4728.441856754527,5298.11562441469,-569.6737676601624
4724.230147480705,5321.445645926228,-597.2154984455228
3806.8275404599462,5303.153946274049,-1496.326405814103
3801.3584574642664,5406.9896772627235,-1605.631219798457
4464.524076390266,4720.082669944963,-255.55859355469693
4458.080867928146,4745.030365226829,-286.9494972986831
4460.449336447858,4638.698852036867,-178.2495155890092
4465.953356108033,5125.040680595906,-659.087324487873
4449.714922338135,4962.277084323003,-512.562161984868
4460.712632637939,4762.451186541465,-301.7385539035258
4442.898144082747,4812.490252081081,-369.59210799833363
4490.092530672034,4881.776389644137,-391.68385897210374
5108.185906947154,5376.9546765142,-268.76876956704655
5116.3270738697365,4840.578996498869,275.7480773708676
5102.602670586032,5347.497458948428,-244.89478836239596
5116.154490551017,5133.34747651253,-17.19298596151293
5088.330520877557,4961.913840136671,126.41668074088648
5100.7562530429395,5362.6213324955925,-261.86507945265294
5114.670285326413,5133.630879630739,-18.96059430432615
5098.810195086906,5282.902063316128,-184.0918682292222
5318.258108465314,5293.403236955427,24.854871509886834
5333.051703987483,3820.426437820537,1512.625266166946
5322.369582275069,5372.031099762106,-49.6615174870376
4955.105328715642,5077.2236692836495,-122.11834056800762
3854.7327806141816,5338.803219423864,-1484.0704388096824
3871.5369501137725,5126.998908953865,-1255.4619588400924
3883.1392099398195,5370.850540553726,-1487.7113306139067
4610.286456437132,4328.952798809575,281.33365762755693
4611.813833723214,5241.481294056292,-629.6674603330785
4613.1807713224125,5364.550156313225,-751.3693849908123
4596.7202134897825,4747.165986606023,-150.44577311624016
4622.209129552272,4650.421293786411,-28.21216423413898
4596.236421343497,4953.631242590906,-357.3948212474097
4619.276874262338,5304.146816559217,-684.8699422968784
4598.265139543186,4619.2582724481,-20.99313290491409
4579.193648650479,5114.519085281698,-535.3254366312185
5332.2724534104045,5267.397000673338,64.87545273706655
5304.281053042883,4723.169253252056,581.1117997908277
5328.886538784398,5309.920294396158,18.96624438823983
5330.697978022198,4915.207319948273,415.49065807392526
5329.407574038632,5095.4768355942515,233.93073844438095
5324.701918414625,5285.55926260402,39.14265581060499
5318.404499758844,4476.786601524675,841.6178982341698
5331.3428058097825,3827.080507795066,1504.2622980147166
5325.930593681147,4623.086681648537,702.8439120326102
4534.713201511211,3901.2651897542482,633.4480117569628
5319.173951846257,4624.675957327195,694.4979945190626
5311.2060940687425,5273.2304304358995,37.97566363284295
5354.620830522548,5426.460333644157,-71.83950312160869
5314.294742479719,4902.452437156377,411.84230532334277
5336.985762998793,4816.265708773627,520.7200542251658
5333.988367996988,5306.789946492856,27.198421504132057
5299.73258522133,5112.752562083131,186.9800231381987
5341.951216717456,4650.082204263776,691.8690124536806
5315.575130860707,4746.345666698857,569.22946416185
4614.257052792874,4632.860068767736,-18.6030159748625
4621.924248236129,5287.774753449425,-665.850505213296
4609.112477465743,5078.7658224376355,-469.6533449718927
4602.845905281061,5282.609305808985,-679.7634005279233
4601.913284940907,4472.707841967694,129.2054429732134
4598.701300113098,5361.178857922611,-762.4775578095132
4610.807782346442,5118.0500854862275,-507.2423031397857
4592.161376351777,4620.423957878599,-28.262581526822032
4605.237897307038,4350.341535312207,254.89636199483084
3871.844333891624,5304.585141771369,-1432.7408078797453
3881.1053962318247,5384.675082912527,-1503.569686680702
3881.9284473904822,4844.521182589541,-962.592735199059
4860.3312858033605,5204.714421901757,-344.3831360983968
4872.297930632488,4757.820683177915,114.47724745457253
4878.1824739265485,4631.20521593069,246.97725799585805
4856.390669890709,5281.354580710215,-424.96391081950514
4888.273537507469,4647.7147199061765,240.5588176012925
4196.007268510492,4604.371022187905,-408.3637536774122
4221.452582486417,4567.556215942741,-346.10363345632413
4221.891577761132,3913.845945168058,308.04563259307406
4202.250290978751,4615.179707157868,-412.92941617911674
4214.161465159199,5292.765413799883,-1078.6039486406844
4218.202666314672,4919.096790509128,-700.8941241944567
4685.61247470961,4393.044972984325,292.5675017252852
4691.176625824648,4965.943600756404,-274.7669749317556
4695.58307993342,5161.413327488924,-465.8302475555038
4698.792767761603,5369.787685091975,-670.9949173303721
4713.331758877548,4414.2592060104025,299.07255286714553
4688.245551640739,4621.998923707348,66.24662793339121
5234.809453160595,4502.618154366261,732.1912987943342
5232.346986866807,4825.805610136973,406.54137672983416
5242.658245178358,3895.014865563038,1347.64337961532
5255.688353841965,4408.830060352215,846.8582934897504
5231.440834305756,5357.494553777965,-126.0537194722092
5256.508729855251,5215.247624740823,41.261105114427664
4725.133723110336,5217.243456138144,-492.10973302780803
4728.389100745377,5306.756317294036,-578.3672165486596
4715.912123521483,4800.227008709418,-84.31488518793503
4712.371601056747,4954.819097836803,-242.4474967800561
4732.060575267775,4490.848050617212,241.21252465056295
5354.550146179743,5064.795639108854,289.7545070708893
5346.257624223704,4625.762020345027,720.4956038786768
5352.975306621475,3909.5927703828793,1443.382536238596
5352.441336600259,5064.428567748748,288.0127688515113
5352.78266011206,5363.895748286195,-11.113088174135555
5351.404586928809,5354.689575686116,-3.2849887573065644
5343.308287234944,4471.468432004654,871.8398552302906
4698.363694750383,5275.653582834472,-577.2898880840894
4725.341314112874,5390.674415427284,-665.3331013144098
4719.832854330129,5378.261764289073,-658.4289099589441
4719.284214988335,4632.825766880009,86.45844810832659
4729.763396348682,4765.3120732960615,-35.548676947379136
3817.3255345293232,3913.1004598100717,-95.77492528074845
3798.6997268545956,5185.3240355976795,-1386.624308743084
4476.589348449165,4990.471553739323,-513.8822052901578
4466.308632278117,5384.637328549451,-918.3286962713337
4462.287256138855,5280.3919346330595,-818.1046784942046
4450.511784165853,5082.277588480039,-631.7658043141864
4453.832882143716,5113.842078038623,-660.009195894907
4453.037675367245,5221.724446758419,-768.6867713911734
4471.487191215822,5387.3470689733795,-915.8598777575571
4461.016083701402,5373.675760115299,-912.6596764138976
5101.111077002125,4590.81068465577,510.3003923463548
5098.763899538996,4756.967317908664,341.7965816303322
5114.670285326413,4610.143633142068,504.52665218434504
5095.201915477425,3896.256986648241,1198.9449288291844
5111.403879951362,5273.203386307954,-161.79950635659225
5110.906803145423,4975.801927129648,135.1048760157746
5102.165334616394,4238.448926242183,863.7164083742109
5128.155685691251,5347.02544892051,-218.86976322925875
5328.737703354009,5314.476467583985,14.261235770023632
5335.6610086202045,4843.656898750713,492.0041098694919
5342.34738638816,5282.321758087065,60.02562830109491
4953.4211951064135,5303.515513491016,-350.09431838460205
3878.886029740665,5388.939348102116,-1510.0533183614511
3865.4568818258394,5271.0689122837675,-1405.612030457928
3892.4070061575503,4754.168222019688,-861.7612158621378
4596.236421343497,5358.328087834046,-762.091666490549
4619.868437482018,5408.052312389913,-788.1838749078952
4610.5506106629955,5133.386837116583,-522.8362264535872
4594.98442478161,5213.031048519814,-618.0466237382043
4602.143737329646,3897.98851918177,704.155218147876
4611.668079275244,4631.354417212927,-19.686337937682765
4600.070806016508,5222.634565573369,-622.5637595568614
4624.133468870427,5335.271134064859,-711.137665194432
4607.47277847756,4475.669222977438,131.80355550012155
5316.1176218224955,4740.718517582609,575.3991042398866
5324.889161752694,5163.018394270842,161.87076748185245
5317.8486912800445,5371.972335403573,-54.12364412352872
5333.9650994913745,5274.273657609111,59.69144188226346
5319.173951846256,5359.1837816313255,-40.00982978506909
5333.789745576833,5316.233425020013,17.556320556820538
5317.149436777264,5335.755745278713,-18.606308501449348
5314.549967517802,5062.9711452858755,251.5788222319261
5353.220486851796,4659.300911328059,693.919575523737
4553.549651821821,4648.80351295271,-95.25386113088916
5326.467289449562,5318.353781462616,8.113507986945478
5315.237081991063,4631.174559531728,684.062522459335
5344.448241474511,4498.486051835591,845.9621896389199
5320.744712896501,4555.191306721576,765.5534061749249
5326.2631225862315,5371.313541942737,-45.0504193565057
5315.313360867187,5374.321547732014,-59.00818686482671
5321.904073772538,5282.806031663148,39.09804210939001
5317.47305748724,4805.231468713148,512.2415887740917
5320.959924554965,5373.164974869286,-52.20505031432094
4607.588979461693,4756.56193618357,-148.97295672187647
4613.35498127709,5308.277169152124,-694.9221878750341
4612.354712137323,5293.712178221836,-681.3574660845134
4618.897767812614,4662.512651573766,-43.61488376115176
4630.690304791865,4501.638749701341,129.05155509052383
4617.704642584887,5243.397869265512,-625.6932266806252
4611.386036964365,4397.501283254857,213.884753709508
4612.74645919003,4971.303871414595,-358.55741222456527
4609.385281468565,5269.944482939576,-660.559201471011
3907.185312954234,5317.181326184355,-1409.9960132301212
3890.8181510480945,5333.994755079971,-1443.1766040318762
3885.558473153108,4750.015243057936,-864.4567699048275
4860.3312858033605,4623.342610781888,236.98867502147277
4883.854963590482,4649.694335970252,234.16062762023012
4865.907585163641,5364.621798592791,-498.7142134291498
4861.323944703677,4749.184400768365,112.13954393531185
4855.272634074584,4142.7165464605405,712.5560876140435
4218.21967571447,5411.75028688882,-1193.5306111743494
4215.18886320437,4560.819307562329,-345.6304443579593
4218.532485100582,3911.810790522145,306.72169457843665
4212.959478902321,4625.623513621465,-412.6640347191433
4234.926017614843,5088.0486072651265,-853.1225896502838
4216.185704426629,4832.02674730735,-615.841042880721
4714.23351067275,5226.267467093895,-512.0339564211454
4693.449668918554,5262.661031239887,-569.2113623213327
4673.688611653936,5265.295727043454,-591.6071153895173
4713.331758877548,5364.1454626728855,-650.8137037953375
4682.247884660214,5297.02394206594,-614.7760574057256
4700.717760887643,5124.419732209936,-423.7019713222935
5274.58482166744,4656.212183288869,618.3726383785715
5243.566472191732,4621.293689118463,622.2727830732692
5257.025860931609,5127.662234637819,129.36362629378982
5250.693755162632,5395.1594824886615,-144.46572732602908
5247.142249917936,4623.230663308795,623.9115866091415
5249.996825455917,4739.453320605292,510.54350485062514
4708.932038628204,4149.6533315023125,559.2787071258917
4744.005814285385,4848.185352015073,-104.17953772968758
4737.354058491996,5177.517098601038,-440.1630401090424
4727.310511185058,4482.733056365778,244.57745481928032
4717.417038777024,5266.813934768708,-549.3968959916847
5352.975306621475,3907.886694119277,1445.0886125021984
5357.576116526769,4637.728039328247,719.8480771985214
5374.855933786053,5000.948341787373,373.9075919986808
5371.5215356270655,5298.968791858295,72.5527437687706
5358.410892633144,4756.668901055886,601.741991577258
5359.174664254095,4479.262333692283,879.9123305618114
5339.651015925222,4223.347056354908,1116.303959570314
4729.368444380696,4259.031276477505,470.3371679031907
4731.79860371255,5216.87987539059,-485.08127167804014
4725.337704638296,5304.460712064939,-579.1230074266432
4721.3777287462635,4628.879943337934,92.49778540832995
4733.134659908525,4685.466945242152,47.667714666372376
3805.3205150517742,4629.216658418606,-823.8961433668319
3800.965158325869,5126.501001599618,-1325.5358432737485
4450.511784165853,3823.8010545528296,626.7107296130234
4461.615918841827,4830.062761953256,-368.4468431114292
4463.082746264106,4237.247689267516,225.83505699659054
4469.922307848002,4767.1571138587915,-297.2348060107897
4464.812127753193,5325.31827573907,-860.5061479858769
4452.292519280636,5406.4183286936495,-954.1258094130135
4464.414929983218,4970.785289282847,-506.37035929962894
4476.320292179046,5349.72826211307,-873.4079699340236
5096.446370460427,4631.60174348784,464.8446269725864
5098.859956026413,5120.116727314167,-21.256771287754418
5077.957634491203,4949.638461031521,128.31917345968213
5096.612190396652,4645.459469917549,451.15272047910366
5096.388804472478,5362.036389478813,-265.64758500633525
5113.000927623234,3677.818513104371,1435.182414518863
5099.010868158829,5390.641729651178,-291.63086149234914
5098.795091721511,4972.642525881765,126.15256583974588
5333.284523477091,5223.848626924553,109.435896552538
5335.258062128885,5405.5488399822325,-70.29077785334721
5353.189306547679,4763.419751493481,589.7695550541976
4957.766214467936,5172.972346056353,-215.2061315884166
3887.759932437703,5084.300285395931,-1196.5403529582277
3869.1166987397187,5362.584659767822,-1493.4679610281032
3887.715786945424,5287.351422964661,-1399.6356360192367
4585.0807582353655,5117.376431718267,-532.2956734829013
4606.263518949118,4475.0376104534835,131.22590849563494
4608.164805992003,5316.690600575881,-708.5257945838785
4593.967505586886,4637.1880896466,-43.22058405971438
4610.616472756682,4655.734847153734,-45.11837439705232
4606.829910458117,4740.164892918385,-133.33498246026738
4614.296492793938,4732.5534327770665,-118.25693998312818
4619.979750046219,5398.701028727203,-778.7212786809841
4613.516439375523,5389.5447749482055,-776.0283355726824
5312.9615294829455,5283.443810567772,29.517718915173646
5323.660132568034,5382.438011774017,-58.77787920598257
5315.105329393082,4964.945282798374,350.16004659470764
5315.538029062028,5272.8701003163505,42.66792874567727
5299.73258522133,4464.185996510123,835.5465887112068
5345.040469078313,5302.32431749041,42.71615158790337
5320.209200211804,5133.344948916949,186.86425129485542
5333.96832769851,5008.550138656834,325.41818904167576
5329.671229322566,5320.612483950057,9.058745372509293
4530.153767189548,5354.308305346315,-824.1545381567676
5321.904073772538,4561.894001578083,760.0100721944555
5329.590873762697,4857.365896843199,472.22497691949775
5337.442265532791,5079.993045948229,257.44921958456143
5324.590327435915,4741.3570618131525,583.2332656227627
5316.708990097748,4345.874676463042,970.8343136347057
5325.562034956471,4636.246156236052,689.3158787204184
5329.282528979122,5267.002965435914,62.27956354320759
5327.448083803879,4232.409660184837,1095.038423619042
5310.0228977106635,5198.583059624094,111.43983808656958
4605.643781789006,3898.096145060787,707.5476367282195
4603.492088971895,4622.062483216039,-18.570394244144154
4601.923054587981,4903.058033037427,-301.13497844944595
4614.837547582509,4635.575307899899,-20.737760317389984
4603.608183439512,5113.479082348578,-509.87089890906645
4602.848054435732,5383.151397708632,-780.3033432729007
4612.668755298067,5316.212819423564,-703.5440641254972
4617.79762291188,4489.176460265253,128.62116264662745
4600.914686389416,5254.874258814385,-653.9595724249693
3876.814150162812,4744.593644498457,-867.7794943356453
3881.2773631097593,4484.244372363885,-602.967009254126
3880.561429222876,4481.993341899805,-601.4319126769292
4860.3312858033605,4962.474855728538,-102.14356992517787
4892.032174009696,5387.667513747506,-495.6353397378098
4889.749346770582,4249.739454672384,640.0098920981973
4884.068731261548,4639.774962441467,244.2937688200809
4872.661974691866,4638.084297865869,234.5776768259966
4212.246209073149,5317.654727857947,-1105.4085187847986
4214.5985100469015,5373.8063519453235,-1159.207841898422
4202.250290978751,5203.875542353811,-1001.6252513750605
4209.563817923022,5136.013063134136,-926.4492452111144
4216.2747290673415,4845.0549808996675,-628.780251832326
4203.745526963806,5280.162230304722,-1076.4167033409158
4690.9583413121045,3906.2741907372465,784.684150574858
4699.026597873138,4759.939268246776,-60.91267037363832
4710.031266414762,5199.821744265983,-489.7904778512211
4688.245551640739,4630.634534843856,57.61101679688272
4700.717760887643,5215.189428936736,-514.4716680490928
4706.216444064107,4979.463834384648,-273.24739032054094
5238.635428225429,5350.94427751285,-112.30884928742125
5259.19981377818,4820.937113517825,438.2627002603549
5253.320105397331,5288.940664795144,-35.62055939781294
5242.251209694799,5227.986361921853,14.264847772946268
5257.944397057043,4636.329359812609,621.6150372444336
5265.870500376807,5205.858132120065,60.012368256741865
4740.765719232467,5225.664940104179,-484.8992208717118
4707.624537045593,4813.596478154401,-105.9719411088081
4720.353656630365,5212.909035271921,-492.5553786415567
4720.7301273001385,5371.255350554211,-650.5252232540724
4707.211969638941,5382.324264907203,-675.1122952682617
5352.78266011206,5114.8088016598595,237.97385845220015
5353.9469847330065,5277.2311407059915,76.71584402701501
5358.410892633144,5321.658625448135,36.75226718500835
5356.47291634339,4476.288901287541,880.1840150558492
5362.714984200697,5214.071911345523,148.64307285517316
5364.58709035787,5384.66847242579,-20.081382067920458
5362.253958573651,4394.329268596945,967.9246899767058
4730.6227322710765,5291.968718441289,-561.3459861702122
4735.283258966972,4252.166275718134,483.11698324883855
4715.604864607544,5357.582930400027,-641.978065792483
4724.937044614528,5366.896781010945,-641.9597363964176
4706.317385753019,4463.628418848945,242.68896690407382
3804.9483639998866,4591.248105114554,-786.2997411146675
3811.538848723002,4754.612994782084,-943.0741460590816
4471.487191215822,5226.84146408674,-755.3542728709181
4467.215991523937,5366.8410054340675,-899.6250139101303
4478.687530805533,4656.603730746908,-177.91619994137454
4464.414929983218,4844.708376507939,-380.2934465247208
4457.258970622112,5364.546587919677,-907.2876172975648
4458.82215285624,4811.913228968921,-353.09107611268155
4460.79573355601,5315.951486258771,-855.1557527027608
4461.056813449023,5411.357868467079,-950.3010550180561
5096.942395032548,4476.732429733373,620.2099652991756
5100.850694092724,5391.807521772671,-290.9568276799473
5096.184998816075,5363.267727936444,-267.08272912036955
5103.176251557942,4978.25186587275,124.92438568519174
5113.41820643438,5378.7100130511635,-265.2918066167831
5103.1880595853545,5404.564942696721,-301.3768831113666
5115.232971574723,5172.835950811001,-57.60297923627786
5114.942904897306,4605.624605220185,509.3182996771211
5351.417027778603,4841.196483046755,510.22054473184835
5346.629882437355,4331.493650975662,1015.1362314616936
5350.181980724251,4641.480098012819,708.7018827114316
4951.3211272842655,5406.698758124729,-455.3776308404631
3875.816195851871,4739.812523207081,-863.9963273552098
3893.0912513994454,5416.63504717211,-1523.5437957726645
3870.5959301229914,4383.097080551769,-512.5011504287777
4604.392797953071,5085.110333306172,-480.7175353531011
4598.205507741997,4730.463438809548,-132.257931067551
4579.626260149037,4533.8034645644775,45.82279558455957
4597.039369250711,5301.436594525722,-704.3972252750109
4609.683176075493,5319.554460176378,-709.8712841008846
4599.773239357134,4832.878570511775,-233.10533115464114
4588.446496473248,4722.077299674865,-133.6308032016168
4613.667484725911,4583.717423971464,29.950060754446895
4618.388923226997,4110.772689469145,507.61623375785166
5318.350702299256,5387.660140420475,-69.30943812121859
5320.209200211804,5409.030565059558,-88.82136484775401
5319.02517019236,4585.516456743346,733.5087134490141
5326.263122586231,3912.9675534237776,1413.295569162453
5316.3084114031535,5278.409036734345,37.89937466880838
5312.143616499777,4615.830043533196,696.313572966581
5337.798063842657,5291.30266919143,46.49539465122689
5339.6206832486705,5130.565593036552,209.05509021211856
5334.129808586822,5394.929082527558,-60.799273940736384
4531.780820116874,3902.4928703125993,629.2879498042744
5350.577183639668,5270.560954054689,80.01622958497865
5315.837993231228,4632.4595938685325,683.3783993626957
5337.427296418279,4111.702310918689,1225.7249854995898
5324.901654873698,5369.199592685012,-44.297937811314114
5330.633773349831,5313.14464246474,17.489130885091072
5336.7768356389,5293.760568218598,43.01626742030203
5333.526268423999,4840.784497770751,492.74177065324784
5337.894622927432,4404.896968900408,932.9976540270236
5323.6396962208155,4736.514223741009,587.1254724798064
4617.597154726508,4912.956861457964,-295.35970673145584
4613.198111496746,5379.029703704447,-765.8315922077009
4608.047976327625,4970.668246775545,-362.6202704479201
4613.905474840078,5189.85856010857,-575.953085268492
4603.701409883152,4981.972115466192,-378.27070558303967
4614.229771069947,4601.4977328127725,12.732038257174281
4608.975684843559,5373.62520227617,-764.649517432611
4608.856987390683,4742.143684927438,-133.28669753675513
4614.547423960165,5291.029045187682,-676.4816212275164
3898.6817768171563,4825.257341722992,-926.575564905836
3882.0226173554192,4633.413871763672,-751.3912544082532
3883.222232808863,5266.475919978148,-1383.2536871692855
4860.3312858033605,4714.661381654052,145.66990414930842
4869.9238750064,5313.305122441805,-443.3812474354054
4888.008756259679,5382.673706123495,-494.6649498638162
4866.0094785540505,5314.614615737786,-448.6051371837357
4857.089584796914,5299.99462256017,-442.9050377632557
4227.087303136981,5378.448158612895,-1151.360855475914
4208.453661478032,4749.298584431291,-540.8449229532589
4204.864378138032,5374.61811606557,-1169.7537379275373
4210.597611320825,4625.343443764197,-414.7458324433719
4217.074548418914,4642.409023974026,-425.3344755551125
4214.490397586213,5225.550157084228,-1011.0597594980154
4696.923469256672,5382.198671359547,-685.2752021028746
4678.8268108733255,4462.05233374284,216.77447713048514
4692.015635640163,4623.890188451159,68.12544718900426
4684.287591757277,5302.226492089416,-617.9389003321385
4718.348038556104,5286.019728242663,-567.6716896865591
4687.216809886637,5177.5835080729275,-490.3666981862907
5235.090732812076,4547.602107437345,687.4886253747309
5267.024765916136,4649.326655941461,617.6981099746754
5267.706762747212,4647.422544780785,620.2842179664276
5246.5498863470075,5064.69750831873,181.8523780282776
5247.167402804731,4739.025591988755,508.141810815976
5279.684044020557,5326.6044344546335,-46.92039043407658
4726.057625568074,4810.1583275357,-84.10070196762535
4719.018678669557,4634.291778899519,84.72689977003756
4726.298621826032,4920.255150841913,-193.95652901588073
4740.19735395343,4667.1108701334515,73.08648381997864
4732.90926441273,4838.717214625422,-105.80795021269114
5343.308287234944,5274.559751893587,68.74853534135673
5348.366114869653,4967.555994924741,380.810119944912
5339.651015925222,4468.99412880396,870.6568871212621
5352.634545061259,4474.878486317585,877.7560587436737
5362.253958573651,3825.4318992582166,1536.8220593154347
5358.492295891257,5071.630160158938,286.86213573231817
5341.437755561987,3898.354091598839,1443.0836639631475
4723.072633926666,4631.267179574677,91.80545435198837
4715.462008252054,4802.434626096355,-86.97261784430066
4727.106942996871,4969.226719009034,-242.11977601216313
4719.5466410680265,5276.999102942273,-557.4524618742462
4736.284077256641,4498.046570783822,238.2375064728185
3798.8096962557033,4959.690818835768,-1160.881122580065
3809.397343848414,4708.3840061917535,-898.9866623433395
4459.28045492346,4636.703533128787,-177.42307820532733
4464.684676826028,4838.085954658236,-373.4012778322076
4459.929952110549,5069.996531124809,-610.0665790142602
4462.137740527412,4741.133324774429,-278.9955842470172
4450.103262177428,4098.08749780615,352.01576437127824
4446.601645701212,5384.066768984923,-937.4651232837114
4461.038957756922,4353.860055729456,107.17890202746639
4456.704007834585,5282.542537152567,-825.8385293179817
5110.983730749585,4571.769830166548,539.2139005830377
5094.531886449587,5299.788663649935,-205.25677720034855
5088.233634866878,4831.614147958877,256.6194869080009
5109.858605287175,4843.8528239153775,266.00578137179764
5121.643254920695,5140.438097695716,-18.794842775021607
5093.875901069481,5269.8912330075755,-176.01533193809428
5086.600098565901,4712.28411573717,374.31598282873074
5097.026413434116,4806.91381487721,290.11259855690605
5345.76560099152,5318.85358356775,26.912017423769612
5358.136561718675,4772.145109927493,585.991451791182
5328.607217076775,4818.38628456766,510.2209325091144
4948.319537459978,5286.33354653879,-338.0140090788118
3874.0567449558284,4615.044312953001,-740.9875679971728
3905.0035985596237,5142.699626717223,-1237.696028157599
3870.8828286276025,4219.080689717389,-348.19786108978633
4602.635002573732,4973.8701562990545,-371.23515372532256
4603.159771080184,4586.527735562516,16.632035517668555
4603.563151317259,5110.4233968599865,-506.86024554272717
4623.153024326475,5087.876922198874,-464.723897872399
4619.034418422084,5306.8715831056215,-687.8371646835376
4601.21575690664,3899.271515582249,701.9442413243914
4609.023794651135,5065.651044089984,-456.6272494388486
4615.977541778447,4510.1937679792545,105.7837737991922
4601.580521554204,5204.808515019656,-603.2279934654516
5333.047051039302,5273.229316665173,59.81773437412812
5329.590873762698,5284.332418346633,45.25845541606486
5302.864196264582,5257.272179441995,45.59201682258663
5334.569237798818,5325.062181289799,9.507056509019094
5311.082637098559,5347.411055489742,-36.32841839118282
5314.514192380463,4825.984119143604,488.5300732368587
5315.837993231228,4394.691484093478,921.1465091377504
5336.533845295079,5292.589742176719,43.944103118360545
5327.697470250211,4908.3172865296165,419.3801837205947
4526.087829165805,5251.525125651449,-725.4372964856448
5345.095449617644,4253.6956630145705,1091.3997866030732
5305.354857687625,4140.32112475961,1165.0337329280146
5323.204324014705,4476.385542732107,846.8187812825981
5308.820898014199,5194.744747290147,114.07615072405224
5322.879347788415,5189.983054049118,132.8962937392962
5338.03002706287,4648.553957705111,689.4760693577591
5311.494147963095,4701.728984179319,609.7651637837762
5328.859050841275,4858.394114968185,470.4649358730903
5331.116384167782,4558.177122336135,772.939261831647
4602.273932395394,5392.225387773263,-789.951455377869
4598.704468838615,4621.61134654917,-22.90687771055491
4609.004057753159,5119.207690492105,-510.203632738946
4623.23494498493,5084.165416918446,-460.93047193351595
4601.222360549852,3905.929102985947,695.2932575639052
4602.9018235357025,5398.735258085749,-795.8334345500461
4629.683125170017,4983.454719794976,-353.7715946249591
4595.604733272845,5274.198084484533,-678.5933512116881
4608.522971251275,5373.758645285749,-765.235674034474
3904.5289480717993,5245.303039129275,-1340.7740910574757
3888.012984911667,4756.445300999519,-868.4323160878516
3894.1508969687425,5224.620334897588,-1330.4694379288453
4860.3312858033605,4746.2826968728605,114.04858893050005
4880.016957724198,5414.057870204219,-534.0409124800217
4864.868986856531,5279.417915955319,-414.548929098788
4875.671913688182,5268.8788073710975,-393.2068936829155
4893.247286237018,5345.812466242808,-452.56518000579035
4215.18886320437,4740.740040583366,-525.5511773789958
4228.277887202824,3846.178196777149,382.0996904256749
4214.161465159199,5129.602044213618,-915.4405790544188
4216.2747290673415,5130.463296631911,-914.1885675645699
4199.884272063843,4621.153869822754,-421.269597758911
4214.446400361772,5403.418153507714,-1188.9717531459419
4696.385179582619,5374.173064903239,-677.7878853206203
4683.428811358028,4745.491452809673,-62.062641451645504
4690.258640475948,5305.74039439236,-615.4817539164123
4674.025697681763,4736.694044390978,-62.66834670921526
4688.715289437659,4749.1994454278265,-60.48415599016789
4700.622951849153,4641.858253892626,58.764697956527016
5267.024765916136,4333.241692586675,933.7830733294613
5236.8726108396,5267.660219224616,-30.78760838501603
5255.917226727453,5403.720119848574,-147.80289312112018
5267.519151053247,5419.852056391002,-152.33290533775562
5260.44934479348,5273.133838550968,-12.684493757487871
5266.008426665254,5395.29168647383,-129.28325980857608
4714.177053879528,3821.9645932341773,892.2124606453508
4707.211969638941,5285.759376965022,-578.5474073260812
4737.049500504606,5245.037469487533,-507.98796898292676
4709.336787870226,4744.354639309359,-35.017851439133665
4720.603419456053,3662.278914688409,1058.3245047676446
5353.671820977935,5274.675137729343,78.99668324859158
5360.2009220690425,5127.877110648829,232.32381142021313
5365.8594270211415,4636.911580574546,728.9478464465956
5370.174855088494,5309.037973578718,61.136881509775776
5364.507228996716,5351.792840174728,12.714388821987995
5378.7825549715935,5435.3908548915415,-56.60829991994797
5348.5680177447175,5203.01735263638,145.55066510833785
4717.116960899346,5384.825982365814,-667.7090214664677
4722.579292095565,5214.389704368278,-491.8104122727136
4720.66704874898,5081.674722044733,-361.0076732957532
4735.061423471173,3907.4175496834937,827.6438737876792
4713.543094170871,4621.342932426754,92.2001617441174
3813.838649122783,4743.495971768258,-929.6573226454748
3808.3857361579267,5297.947228397094,-1489.561492239167
4467.469578167582,4738.5216199098395,-271.05204174225764
4475.863759976628,5311.128005830967,-835.2642458543387
4473.098593622276,4774.397745559726,-301.29915193745
4461.181530449097,5405.716403364709,-944.5348729156112
4458.202631781048,4560.358011487503,-102.15537970645528
4459.479353169204,4742.207443406106,-282.72809023690206
4467.118776867607,4635.898923809824,-168.78014694221656
4436.780249471816,5291.5231590827325,-854.7429096109163
5110.708429933086,4644.851955124211,465.85647480887565
5121.643254920695,5389.355020108925,-267.71176518822995
5084.542485157032,4626.699952774773,457.8425323822594
5125.096756466519,4759.221282809584,365.87547365693445
5098.237790031385,4915.278320018524,182.95947001286095
5097.214153857648,4228.502515781368,868.71163807628
5117.545583899561,4846.08557613955,271.46000776001165
5087.592720358415,4618.085918652728,469.5068017056874
5326.4014854951,5059.064809291716,267.33667620338383
5338.046587397566,4631.674016398949,706.3725709986174
5357.09372306808,5296.950581495369,60.1431415727111
4951.940904931111,4758.588357713197,193.35254721791352
3885.551251325336,4768.943716088473,-883.3924647631366
3874.1435531068987,5218.952646564633,-1344.8090934577344
3884.933942365836,4633.905869360074,-748.9719269942375
4592.288681803081,4885.451585076549,-293.16290327346815
4605.835288129976,5348.25466879734,-742.4193806673638
4622.4827804511,4923.3912507212235,-300.90847027012387
4615.977541778447,4753.181264726488,-137.2037229480411
4615.752945296182,4923.163541076353,-307.4105957801712
4607.464961125115,5300.506680869651,-693.0417197445358
4639.211211980374,5189.915933627383,-550.7047216470091
4620.580818260081,4755.310495487447,-134.72967722736576
4608.247840856094,4478.683572389404,129.56426846669
5321.632754059715,5317.094518571548,4.53823548816672
5329.282528979122,5125.042371708134,204.24015727098777
5321.475942502379,5278.987707178327,42.488235324052766
5327.080973232627,4738.846887444348,588.2340857882791
5342.239206476265,4367.446741792386,974.7924646838792
5344.508460399816,5396.197957525471,-51.68949712565518
5333.526268423999,5302.249612057754,31.276656366244424
5329.347477476573,5268.5126270819155,60.834850394657224
5341.514860497511,4578.754273280254,762.7605872172571
4536.579072289596,3820.575463776246,716.0036085133502
5343.836932898933,5405.180823838933,-61.343890940000165
5311.494147963095,5150.132884913366,161.36126304972913
5325.785271588997,5119.079747103733,206.7055244852636
5336.220126726974,5318.15043784482,18.06968888215397
5328.624704853185,5287.2718132892705,41.352891563914454
5322.505436655636,4336.154081179591,986.3513554760448
5302.356343069846,5360.4723507326125,-58.116007662766606
5330.678828292988,5382.076814266011,-51.397985973022514
5335.174229738364,3680.7668368982963,1654.407392840068
4610.69191938849,4744.362195894033,-133.67027650554337
4595.013910778682,4952.358805363406,-357.344894584724
4611.204787068294,4757.00116319476,-145.79637612646638
4613.778665381706,5294.85080064162,-681.0721352599139
4611.192304651683,4921.102872055132,-309.910567403449
4609.5932865674995,5130.456855353248,-520.8635687857486
4598.576673484466,4910.275936853553,-311.699263369087
4595.440992922094,5398.123651433472,-802.6826585113786
4608.771969782784,4905.941529971001,-297.16956018821656
3883.114655387385,4980.195363027197,-1097.0807076398123
3867.1320076216234,4616.383017684211,-749.2510100625877
3865.793977616117,5243.884570720274,-1378.0905931041566
4860.3312858033605,5199.434107473122,-339.1028216697614
4878.074392951085,4660.438447101666,217.63594584941984
4873.03572778826,5204.645338378824,-331.60961059056353
4889.1716612957025,4848.830149997754,40.34151129794827
4878.449795832728,4735.115648057484,143.33414777524467
4218.784230949061,4744.395467288084,-525.611236339023
4214.166431728245,5386.820209585998,-1172.653777857753
4195.651588931609,5246.062710724232,-1050.411121792623
4203.38853074774,5383.983921850618,-1180.5953911028773
4204.3439556919175,5125.219607619715,-920.8756519277977
4224.2008946438655,4574.375370349317,-350.1744757054512
4705.750550553627,4636.51046785442,69.24008269920705
4690.752453535049,4624.078865822469,66.67358771258023
4695.228256792882,5340.206857963915,-644.978601171033
4691.455502256611,5375.420367128563,-683.9648648719522
4708.055547249828,5405.829252019719,-697.7737047698911
4698.50206342567,5132.145389332586,-433.6433259069163
5267.706762747212,4776.667049891931,491.0397128552813
5255.917226727453,5331.896497028131,-75.97927030067785
5248.36585400602,4757.416695088203,490.94915891781693
5240.458480815746,5182.037222035823,58.42125877992294
5262.9862879837965,3910.7645799100333,1352.2217080737632
5267.876512162469,5283.864799608215,-15.98828744574621
4718.164479784075,4806.849869579404,-88.68538979532877
4718.087631077978,4481.351451440649,236.73617963732886
4727.275869106171,5226.963258017817,-499.68738891164594
4728.441856754528,5080.186945629475,-351.7450888749472
4717.867397415343,4482.453125569381,235.4142718459616
5354.2828556032255,4722.469800077233,631.8130555259922
5370.261017025495,5319.5235908094455,50.73742621604924
5359.289879345445,5289.505731591536,69.78414775390956
5363.028285337159,3902.4307124899124,1460.5975728472467
5355.33979081386,4843.428747469042,511.9110433448186
5346.478134049525,4749.352664694516,597.125469355009
5353.4473556672065,4394.477740069179,958.9696155980273
4739.919169687678,5281.003537913516,-541.0843682258383
4735.061423471173,4490.905053297883,244.15637017329027
4698.438868338961,4454.60332494012,243.83554339884085
4710.027041370863,4816.160107583822,-106.13306621295851
4720.013263747073,4623.382443449545,96.63082029752877
3815.3339030120483,4915.165579326993,-1099.8316763149446
3802.590066090824,4711.134053169195,-908.5439870783707
4477.908130953802,5395.542480170551,-917.6343492167489
4461.25406810947,5366.210222966499,-904.9561548570291
4463.621612474598,4761.378120207865,-297.7565077332674
4462.523037523518,5276.9440796663,-814.4210421427824
4460.590372467224,4239.567724750759,221.02264771646514
4459.676634309611,5401.737199187836,-942.0605648782257
4472.186387066165,5089.756866981847,-617.5704799156829
4472.549319137319,5003.748804622383,-531.1994854850645
5095.207787811233,5274.56999349529,-179.3622056840568
5097.026413434116,4624.390314621313,472.63609881280263
5102.2171314021425,5268.952132415345,-166.73500101320224
5095.419910073134,3904.289448595906,1191.130461477228
5087.592720358415,5123.116402739988,-35.52368238157305
5080.359222518956,5302.01738444729,-221.65816192833427
5091.711628613681,5282.066484497632,-190.35485588395113
5092.86644580394,4340.002941335404,752.8635044685361
5347.512712889668,3907.092632196985,1440.4200806926833
5365.971585709588,5433.155987075064,-67.18440136547633
5332.4394369835845,5071.049632046038,261.3898049375466
4945.980686940061,5398.266948482537,-452.2862615424765
3872.060036973476,5402.005158778961,-1529.945121805485
3880.626414376872,4632.417833085957,-751.7914187090846
3877.447498230844,4716.183562301672,-838.7360640708284
4609.112477465743,5386.541209260526,-777.4287317947828
4609.00741857715,4727.970493353514,-118.96307477636401
4604.421029139092,4632.813051697695,-28.392022558603458
4585.7187677042575,4572.57621583098,13.142551873277625
4618.279962456565,4738.81957597351,-120.53961351694488
4612.354712137323,5005.0194884906205,-392.6647763532974
4613.476050767527,5300.794671252257,-687.3186204847298
4602.701495386888,4973.470868498195,-370.7693731113068
4590.349230787951,5099.853221533315,-509.5039907453647
5322.222195333606,5314.8028224548925,7.419372878713148
5323.923920714691,4754.336060325033,569.5878603896581
5337.648334015283,5314.492493837152,23.155840178130347
5307.713778760231,5174.541934454428,133.17184430580346
5346.611061683121,4644.750284245428,701.8607774376933
5326.952920423836,4395.1594952552505,931.7934251685856
5323.9710814577975,5157.275044814148,166.69603664364968
5326.704942765046,4743.969369698377,582.7355730666695
5329.547574330047,5311.94863128241,17.598943047636567
4541.0278305682,3907.4914373297097,633.5363932384907
5318.741096476183,5206.827948399402,111.913148076781
5322.1853402916895,4747.029904639931,575.1554356517581
5303.7828521343545,4791.251254691908,512.5315974424466
5315.226915284624,5270.1437697146275,45.083145569996304
5327.353013290304,5071.814916604724,255.53809668558006
5323.200814695568,5303.305328237006,19.895486458562118
5333.543328354049,5314.214492802622,19.32883555142689
5340.671021496426,4855.201406901511,485.4696145949147
5313.548016510906,4714.598354893556,598.9496616173501
4610.893547955266,5313.476462614874,-702.5829146596088
4606.057233746349,5285.852148700788,-679.7949149544393
4605.960735416997,4635.787787599112,-29.82705218211504
4604.062891775153,5410.040722322311,-805.9778305471582
4608.777082436107,5077.531746060054,-468.7546636239467
4612.340345849303,5414.7578393706135,-802.4174935213105
4611.854605942087,4748.674279270875,-136.81967332878776
4610.875046582697,5208.168721999659,-597.2936754169623
4604.798434821096,4316.467588420409,288.3308464006868
3861.506535658777,5363.70489389751,-1502.1983582387334
3879.835542489156,4906.0231894602675,-1026.1876469711115
3906.6181398511685,4665.333826964578,-758.7156871134098
4860.3312858033605,4613.192035409749,247.1392503936113
4883.055287232191,5303.925799338714,-420.87051210652226
4857.359482063334,5052.2427434477895,-194.88326138445518
4855.272634074584,4580.560547312937,274.7120867616468
4867.39180253884,5413.698258127171,-546.3064555883311
4209.3954687627265,5320.9977450023025,-1111.602276239576
4212.959478902321,4629.046291170082,-416.08681226776116
4218.202666314672,5320.676867809799,-1102.474201495127
4203.745526963806,5121.2228339423145,-917.4773069785088
4214.446400361772,5315.336883563176,-1100.890483201404
4220.625490205735,5226.671308328908,-1006.0458181231725
4723.671118627626,4591.519526989885,132.15159163774115
4700.717760887643,4985.610428288034,-284.8926674003915
4683.7079272819055,4641.749550610436,41.95837667146952
4703.333971836026,5086.131897059362,-382.7979252233363
4695.876404906006,4627.687502538807,68.18890236719926
4687.118488968555,4153.093770057611,534.0247189109432
5246.5498863470075,5245.9681789249735,0.5817074220340146
5267.519151053247,4759.114666489517,508.40448456372997
5240.458480815746,4968.722861771157,271.73561904458893
5249.847948797149,3901.0825418827208,1348.7654069144282
5243.243058989642,5157.9477074439355,85.29535154570658
5233.800346680266,5109.09589379597,124.70445288429528
4751.070367189028,4658.7777001119275,92.2926670771003
4719.425603722723,5066.395183927898,-346.9695802051747
4731.020080171541,5292.306072205492,-561.2859920339506
4719.198330908107,3665.860799201251,1053.3375317068558
4731.79860371255,4747.001881741892,-15.203278029342073
5368.427494134884,5371.546679837102,-3.119185702217692
5354.062338281372,5374.402120722524,-20.339782441152238
5356.9739031832005,4742.168090363232,614.8058128199682
5363.058934911269,3913.5996875102105,1449.4592474010583
5349.891896255369,5287.342728508147,62.54916774722187
5356.65816438473,3907.129948423249,1449.5282159614812
5352.247947797477,4473.22074774732,879.0272000501564
4726.689604235398,5281.58154639902,-554.8919421636219
4725.5051301818985,4994.509924954387,-269.0047947724888
4724.176717590959,5396.765625192647,-672.5889076016883
4732.827780411027,5289.206879740679,-556.3790993296525
4703.344591051327,5356.5466935909935,-653.2021025396662
3806.133585575902,5275.503833642909,-1469.3702480670067
3800.152372630227,5272.437505899706,-1472.2851332694786
4456.169731018919,4909.400144011119,-453.2304129921995
4452.56211732767,5298.681317323988,-846.1191999963175
4457.250729680662,5286.330041949222,-829.07931226856
4464.332041443841,3838.0712114052535,626.2608300385878
4453.961711100029,5192.99934636795,-739.0376352679214
4440.387279991297,4636.713124162072,-196.32584417077487
4465.78384879118,5369.064606553223,-903.2807577620424
4459.404835144894,5400.740126267391,-941.3352911224974
5088.823316768475,5307.275296443661,-218.45197967518652
5087.611759697786,4728.530101235729,359.081658462057
5095.786695612204,4830.281263179616,265.50543243258835
5123.390409558904,5167.588791532913,-44.19838197400895
5112.681139687165,4740.173822129082,372.50731755808374
5090.6661367735005,5287.382856733721,-196.71671996022087
5093.853917207502,5352.292877126631,-258.43895991912905
5093.532736226642,4631.851085023997,461.6816512026444
5346.933285102084,5141.0615218918065,205.8717632102771
5338.274296551758,4812.24188518736,526.0324113643983
5337.543307802306,5117.5065265247185,220.03678127758758
4944.5141804539935,5261.496319910156,-316.98213945616226
3883.7633769540666,5148.005522384364,-1264.2421454302971
3882.342695010887,5410.279598841563,-1527.9369038306759
3889.7678751406183,4647.223680712624,-757.4558055720054
4592.161376351777,4545.976709787974,46.18466656380315
4602.850751891855,5130.299366498296,-527.448614606441
4610.950913268819,4634.656778999903,-23.705865731083577
4603.978129524998,3825.2449510625515,778.7331784624462
4593.543227800765,4742.989759652901,-149.4465318521361
4612.746459190031,5122.430757709676,-509.6842985196454
4604.356230135021,5284.593788778864,-680.2375586438429
4614.837547582507,5369.109639979328,-754.2720923968209
4603.409154916186,5209.749341920846,-606.34018700466
5330.6385641629995,4987.231016600715,343.4075475622849
5335.81948343964,5127.257746192477,208.56173724716336
5323.9710814577975,5314.133511443954,9.837570013843106
5342.093387393424,5385.787071690399,-43.693684296975334
5330.366407876424,4765.109364795182,565.257043081242
5336.748931789818,5295.831579694758,40.91735209505987
5327.059090860358,5211.898333580451,115.16075727990665
5302.356343069846,5207.239196942066,95.11714612777996
5334.859891369906,5299.159866566186,35.700024803720225
4539.5136018634585,5324.6723669295325,-785.158765066074
5318.685198016263,5279.397453884675,39.287744131587715
5319.088282384579,4728.548004554571,590.5402778300077
5340.537480860642,5088.314020588317,252.2234602723247
5336.8836557672485,5300.4314360901135,36.45221967713496
5315.113026137352,5377.468297097212,-62.35527095985981
5333.462405885426,5422.963509371494,-89.50110348606813
5308.082951554844,4952.449291660792,355.63365989405156
5328.6211512000655,5285.271863141127,43.34928805893833
5321.636217036722,4956.667545357271,364.9686716794513
4614.392462616368,5276.4519883325,-662.0595257161322
4608.593027378017,5321.315645157225,-712.7226177792081
4610.875046582697,4639.270720163837,-28.395673581139818
4615.645615166948,5393.508418522983,-777.8628033560353
4607.34282945684,4635.8422285434635,-28.49939908662327
4621.81932174115,5418.336262942611,-796.5169412014611
4619.027725382208,5389.580855019147,-770.553129636939
4612.074057248544,5371.070879453242,-758.9968222046982
4613.652236653063,3831.1010326960372,782.5512039570253
3898.422517825458,5239.729055908868,-1341.30653808341
3864.264629702488,4455.211854587098,-590.94722488461
3859.230303470084,5282.432375511148,-1423.2020720410642
4860.3312858033605,5205.598776868827,-345.26749106546686
4869.518673549477,5266.433575970113,-396.9149024206363
4856.390669890709,5191.557649495868,-335.1669796051583
4880.509679357179,5236.7701690990725,-356.26048974189325
4883.639906717275,5218.028558382715,-334.3886516654402
4218.532485100582,4404.896356612935,-186.3638715123534
4214.161465159199,4633.919585875595,-419.75812071639575
4208.431305962353,4735.9005712942235,-527.4692653318707
4215.96013422415,4965.943600756404,-749.9834665322533
4201.846434048719,3890.049371811379,311.79706223734
4226.972154813045,5420.278524663625,-1193.3063698505803
4704.112405095545,5289.883321752707,-585.7709166571622
4674.025697681763,5395.978253046657,-721.9525553648946
4691.149679597085,5280.21781195481,-589.0681323577246
4675.4876107304535,4544.019620005557,131.46799072489648
4691.816074066958,4393.115164684044,298.7009093829138
4700.58700047976,5276.429266606871,-575.8422661271115
5247.167402804731,5403.909289207035,-156.74188640230386
5260.44934479348,4723.334900927731,537.1144438657493
5262.9862879837965,4921.507582595527,341.4787053882692
5243.243058989642,5131.936312567277,111.306746422365
5257.766277519192,4351.549887567321,906.216389951871
5245.32186354277,5203.345747433928,41.97611610884178
4721.801281906966,4628.404801636294,93.39648027067233
4725.341314112872,5303.63457532115,-578.2932612082777
4729.368444380695,5401.809868349183,-672.4414239684875
4729.763396348682,5125.471497141195,-395.7081007925126
4734.231563886546,5393.6833720682835,-659.4518081817378
5376.940314422257,4598.521716946611,778.4185974756456
5360.615062019846,5328.579005394059,32.03605662578684
5346.754262356688,4623.883009901622,722.8712524550656
5356.524370879567,5318.523651311431,38.00071956813554
5374.834813727112,5282.162202116439,92.6726116106729
5346.3137339071955,5366.676390888765,-20.36265698156967
5356.430975485376,4636.703533128787,719.7274423565887
4739.197046208251,5366.61105745287,-627.4140112446194
4734.530626370437,5370.424761338238,-635.8941349678007
4705.607048850915,4611.947095180743,93.65995367017149
4745.6470692952735,5397.36611337624,-651.7190440809663
4713.731893171529,5201.491717197951,-487.7598240264224
3807.9561861700386,5118.915639017077,-1310.9594528470388
3802.881952394682,4898.926188557938,-1096.0442361632563
4436.780249471816,4728.312968375852,-291.5327189040354
4467.325121735097,5374.972783290894,-907.6476615557967
4470.293065746743,5128.916506539788,-658.6234407930451
4448.635570333287,5274.855654305908,-826.2200839726202
4451.074603309114,5134.921627289069,-683.8470239799553
4447.841689676436,5355.068099910732,-907.226410234296
4472.696745621471,4579.745703247881,-107.0489576264099
4448.695146614132,4730.051663804681,-281.3565171905493
5100.669405110112,4627.710193005562,472.9592121045498
5122.599560809436,5390.86755347957,-268.26799267013394
5096.090048758332,4997.257874077177,98.83217468115527
5088.616515383451,4746.930426950825,341.6860884326261
5094.432747502529,5365.260245755941,-270.82749825341125
5089.217657842875,4626.551626632258,462.6660312106169
5105.412657718064,4635.828624948934,469.5840327691303
5098.8040319170295,4624.976152759282,473.8278791577477
5338.078820487004,4471.58576949001,866.4930509969945
5349.006138813064,5196.4991859935,152.5069528195645
5339.23818136304,4320.482329003412,1018.7558523596281
4947.728579640337,4560.705967088014,387.02261255232224
3879.83359266987,5312.193059024109,-1432.359466354239
3887.4194075682312,4823.502956556304,-936.0835489880724
3888.0767571198203,4495.1272977662165,-607.0505406463963
4609.099749535955,5287.0169961661295,-677.9172466301743
4611.386036964366,4742.846887444349,-131.46085047998258
4602.32543052841,5313.555109658091,-711.2296791296812
4629.0426726933965,5285.281417408892,-656.2387447154952
4615.1615889253635,4246.613608503081,368.5479804222823
4602.84805443573,4847.154592345575,-244.30653790984525
4600.420286118667,4621.28541204107,-20.865125922403422
4621.122390881773,4756.093507348206,-134.97111646643316
4599.851977711075,4622.02856279682,-22.17658508574459
5317.007983410268,5082.656713225439,234.35127018482945
5311.223962404437,4735.0931079038,576.1308545006368
5318.741096476183,5204.298215163467,114.44288131271605
5335.647970842165,5272.079013552785,63.568957289379796
5330.678828292989,5270.499870022985,60.17895827000393
5337.988532806348,5097.996878448113,239.99165435823488
5318.685198016263,4624.6513685614345,694.0338294548283
5347.759895600096,4759.03439427906,588.7255013210361
5321.078483042196,5283.297410569408,37.781072472787855
4543.369389057164,5279.193426527403,-735.8240374702391
5333.596290195946,5385.968285325652,-52.37199512970619
5328.48029000886,5389.207679224996,-60.727389216136544
5333.631029095935,4644.943433114231,688.6875959817044
5313.447745064752,5316.392033383458,-2.9442883187057305
5313.221250997345,4615.199448594165,698.0218024031801
5322.9318728903245,5292.643809393682,30.28806349664228
5337.473314498839,5086.599292271373,250.8740222274655
5313.80040579402,4951.664929097211,362.13547669680884
5315.842337281747,5360.2735089062835,-44.431171624536546
4624.858315001867,5139.491678902443,-514.6333639005761
4625.950223895521,4643.094258412276,-17.1440345167548
4608.030050620271,4637.023977224588,-28.993926604316584
4610.944204554229,5409.094197640387,-798.1499930861582
4603.158182447709,4751.442764878571,-148.28458243086243
4627.2405902918335,4247.062145345864,380.1784449459692
4609.670857435366,5123.256415328912,-513.5855578935461
4607.252254533674,5379.7079995362055,-772.4557450025313
4604.4605318601225,5326.8152495308905,-722.354717670768
3883.7928312721574,4967.414539603909,-1083.621708331752
3888.2129094207985,5129.765250929435,-1241.5523415086363
3878.917235261758,5070.283374444901,-1191.3661391831429
4860.3312858033605,5250.062855340629,-389.7315695372681
4872.098962617802,4748.506585595373,123.59237702242899
4870.729089883498,4651.085527267123,219.64356261637477
4874.886935024051,4481.226101673167,393.6608333508839
4878.825506766981,4489.3261705257155,389.49933624126515
4198.947883593967,4644.684943384251,-445.73705979028364
4207.162652742932,5349.006113200379,-1141.8434604574477
4210.075844003803,4894.092187143011,-684.0163431392084
4213.90645952406,5132.064637603979,-918.1581780799188
4218.0056524260535,4846.988421525521,-628.9827690994671
4243.80351567531,4265.72263246848,-21.91911679316945
4688.847423655335,5407.680093165022,-718.8326695096875
4672.81907627502,5383.219120451026,-710.4000441760063
4696.622134915602,5276.577189762283,-579.9550548466805
4699.031359222769,4683.090090426211,15.941268796558688
4691.791489896951,4902.843212015495,-211.0517221185437
4711.9880672271765,5427.588164776283,-715.6000975491061
5279.684044020557,5444.90136018703,-165.2173161664732
5266.008426665254,5248.598795572639,17.4096310926152
5267.876512162469,5386.293477823836,-118.4169656613667
5233.800346680266,5200.035715133667,33.76463154659905
5245.32186354277,4557.181139546051,688.1407239967193
5237.065807076966,5270.345493415822,-33.279686338855754
4709.122225898623,5284.361794242319,-575.2395683436962
4728.051554093098,4163.688218333385,564.3633357597137
4717.327995349538,3902.843133032395,814.4848623171424
4724.967860838263,5123.641255829735,-398.6733949914724
4739.6520250639705,5182.658707553101,-443.00668248913007
5352.074357298498,5363.94707700387,-11.87271970537131
5355.109026840653,4596.541796911454,758.5672299291991
5356.65816438473,5317.976492304503,38.681672080227145
5363.043860687566,4638.822428497376,724.2214321901902
5383.341271417605,5394.828075223794,-11.486803806189528
5383.294041060556,5354.916253801447,28.377787259109027
5363.2596096495045,5167.997976425286,195.2616332242187
4728.209650342516,4762.94857180255,-34.73892146003345
4739.846032777697,4651.177160174196,88.66887260350086
4719.552807683563,4631.6479405551845,87.9048671283781
4725.742932450691,4975.0918358306835,-249.3489033799924
4728.56466187889,5329.980103491999,-601.4154416131096
3804.7377534081356,5324.580933420212,-1519.8431800120766
3799.4564431617373,5281.676309099644,-1482.2198659379064
4470.293065746743,5304.945960015744,-834.6528942690011
4454.719919172825,5267.939992117447,-813.2200729446222
4462.234397150525,4986.093155458164,-523.8587583076387
4454.144061141187,4724.01762376181,-269.8735626206226
4445.465188634442,5324.297960139793,-878.832771505351
4463.221114717077,5311.614219622436,-848.393104905359
4450.636612744918,5389.25009043493,-938.6134776900117
4469.79616038753,5370.020278319621,-900.2241179320908
5090.6661367735005,5281.66838051234,-191.00224373883975
5098.922802342955,4631.6052998239475,467.3175025190076
5108.640044026011,5152.564768049189,-43.92472402317799
5092.463408571972,5367.8967074454,-275.4332988734286
5101.072647492382,5266.168914011545,-165.09626651916278
5109.136222750855,5374.178341291891,-265.04211854103596
5103.72848834523,4748.120303639244,355.6081847059859
5107.364907021857,5301.482823718358,-194.1179166965012
5360.3746359082415,5408.279403534702,-47.90476762646085
5341.549834881833,3901.7880085148695,1439.7618263669633
5334.043097688249,5130.299366498296,203.743731189953
4958.244059246612,5276.9193736286625,-318.6753143820506
3898.8493278708056,5317.542413955507,-1418.6930860847015
3886.7468213668376,5398.909849282937,-1512.1630279160995
3885.0978168575602,5398.505242410942,-1513.4074255533815
4611.470902864518,5374.917288244448,-763.4463853799298
4596.640524661188,5226.829446121111,-630.1889214599232
4608.537344452899,5147.490784637975,-538.953440185076
4606.685923647747,4712.578249606883,-105.89232595913654
4610.272167983411,5322.513304027101,-712.24113604369
4623.3768546340725,5394.055637614359,-770.6787829802861
4589.796348123737,4706.63910000828,-116.84275188454376
4608.975684843559,5402.377658984205,-793.4019741406455
4613.980203455567,4492.236584042463,121.74361941310417
5319.273243445797,5302.366871879338,16.9063715664588
5333.975303568848,4634.655371550673,699.3199320181748
5327.353013290303,5237.467273214712,89.88574007559146
5314.5781078189275,5199.117000329695,115.46110748923275
5321.6838787521365,4633.519974326068,688.1639044260683
5327.566344895108,5326.577915359888,0.988429535220348
5315.113026137352,5296.672413222417,18.440612914934718
5322.012990390201,4472.296663699637,849.7163266905636
5336.73846784068,4732.154413157274,604.5840546834061
4544.939911247041,4640.209202750273,-95.26929150323213
5313.221250997345,5372.061462828104,-58.84021183075856
5333.346404463193,5081.709964149975,251.63644031321746
5327.306621005859,4714.902380887319,612.4042401185397
5313.123303524139,5144.076075317443,169.04722820669667
5310.406491360631,4618.282346674363,692.1241446862678
5317.504431298345,5405.306937179946,-87.80250588160106
5336.358496373829,5327.7778971093485,8.580599264480952
5314.472949357295,5151.617627689364,162.8553216679311
5319.791678405366,5408.464401071401,-88.67272266603504
4601.261985714398,4899.131855288239,-297.86986957384124
4601.810476737143,4750.26769344343,-148.457216706287
4599.0430605635565,5371.685600982407,-772.6425404188503
4607.976442212003,4627.499006947109,-19.522564735105334
4596.605926940905,4818.166830969581,-221.5609040286754
4591.186072583376,5383.963029571158,-792.7769569877819
4616.603032308182,3836.847935424035,779.7550968841474
4606.3613263211555,5282.726644127782,-676.3653178066261
4605.117090776911,5266.691158124366,-661.5740673474547
3879.7044086312653,4753.327635677769,-873.6232270465034
3878.4232297896665,5132.457277380982,-1254.0340475913158
3876.3336008039305,5375.100909083612,-1498.7673082796819
4860.3312858033605,4591.814866437704,268.5164193656565
4876.979407019393,5163.977347779411,-286.9979407600176
4870.138127437915,5275.88613386776,-405.7480064298452
4878.660943913736,3831.967893562712,1046.6930503510243
4883.54861357809,5246.80923428044,-363.26062070235
4204.055340117152,4889.578033310516,-685.5226931933639
4203.893259382884,5373.191051916125,-1169.2977925332407
4222.303729871412,4331.324853050162,-109.02112317875071
4227.529540140185,4986.968540246197,-759.4390001060119
4208.544483605769,4756.230341012215,-547.6858574064463
4209.541649831502,4824.6645938011125,-615.1229439696108
4687.896282675811,4820.26927822585,-132.37299555003938
4707.5273486697215,4771.810850219096,-64.2835015493747
4703.628765609947,5305.226147985628,-601.5973823756813
4697.331622844719,5379.297524397476,-681.9659015527568
4681.129938362586,5315.606735730792,-634.4767973682065
4712.96361896685,5232.457089941568,-519.4934709747176
5253.584843824185,4995.116953239323,258.4678905848614
5250.049132166873,4988.454057603329,261.5950745635446
5246.648394356662,5413.488347091438,-166.8399527347765
5278.396625880288,4666.273474973012,612.1231509072768
5251.656625119887,4757.111708468149,494.5449166517383
5234.873723862335,5248.5163798697195,-13.642656007384176
4732.226694603081,4751.855226251677,-19.628531648595526
4716.166546521242,4965.115955408493,-248.9494088872516
4714.446408621239,5273.87096656534,-559.4245579441003
4713.516189352236,4582.784746231659,130.73144312057775
4725.21048098079,4891.973041195081,-166.76256021429163
5351.780082157659,4623.2266101915775,728.5534719660818
5373.652720432087,4757.530795394873,616.1219250372142
5359.436407491819,5385.468609822724,-26.03220233090451
5360.119657471368,5415.645414613232,-55.52575714186423
5362.0116234368525,4760.504068977222,601.5075544596302
5365.1901571472235,4634.5095519102715,730.680605236952
5348.505865742586,5117.642815881811,230.8630498607754
4710.040960490081,5373.349623309227,-663.3086628191468
4727.250543548492,4592.753848175583,134.49669537290902
4722.496154240397,5374.212100663029,-651.7159464226315
4724.011050544788,5135.498181903621,-411.4871313588328
4737.222566912798,5150.99326002147,-413.77069310867137
3801.137924776068,5280.109019049138,-1478.9710942730699
3820.3092926336567,3914.702961684582,-94.39366905092538
4451.074603309114,5275.639110862117,-824.5645075530038
4451.7673983106615,5298.093488165236,-846.3260898545741
4445.465188634442,4699.223413042217,-253.75822440777483
4459.7871205776655,5282.943341124067,-823.1562205464015
4437.936036583496,5296.3383117935155,-858.4022752100191
4470.735751190783,5239.768800822043,-769.0330496312599
4457.009020252064,5411.420535066888,-954.4115148148239
4457.468534768838,5285.803506763567,-828.3349719947291
5099.458086758741,4631.519516997626,467.9385697611151
5113.127333461067,5173.439443919431,-60.31211045836426
5087.695983082179,4310.696685831843,776.999297250336
5113.709900575008,5324.954470235224,-211.24456966021626
5106.634999923152,5011.625803873501,95.0091960496502
5122.263895867487,5417.759477974645,-295.49558210715804
5096.451228785488,5373.164974869286,-276.71374608379847
5110.532460911045,4639.33073078293,471.20173012811483
5342.751539682097,4640.965655889492,701.7858837926051
5338.739249982681,4392.097515560203,946.6417344224783
5327.357005301163,4548.035976177639,779.3210291235237
4957.81646447323,4745.40980089939,212.40666357383998
3895.8977392886536,4648.120177250885,-752.2224379622312
3896.185993905334,5331.802276765211,-1435.6162828598772
3879.624095935415,5375.176911605906,-1495.5528156704909
4615.455318421575,4749.292957655118,-133.8376392335431
4610.272167983411,5286.285605610355,-676.0134376269434
4595.281772060769,3819.3391174473627,775.9426546134064
4608.069491834758,5417.807388937341,-809.7378971025828
4613.39383183882,4973.5574520585715,-360.16362021975146
4617.805516958018,4981.241566086017,-363.43604912799856
4584.76631219884,4721.651408952439,-136.8850967535991
4619.545757403199,5377.923644213917,-758.3778868107183
4597.65697863972,4617.489899451035,-19.83292081131458
5313.406895652502,3899.3107794578104,1414.0961161946911
5328.366819729797,5400.964353789018,-72.59753405922129
5313.548016510905,4730.064659261832,583.4833572490725
5309.526023929995,5268.741557041232,40.784466888762836
5343.578075024233,5210.14456937829,133.43350564594311
5349.310169024114,5234.298736823249,115.01143220086487
5321.636217036723,5059.247679643453,262.38853739326987
5343.093397938065,5405.650809155768,-62.55741121770279
5321.544408711467,5242.955480165363,78.5889285461044
4546.371352742121,5172.50186162672,-626.1305088845984
5315.842337281747,5271.703942982325,44.138394299421634
5325.864670766135,4325.617595193313,1000.2470755728218
5326.089757946536,5372.04175962506,-45.95200167852363
5313.239575527211,5103.089419263321,210.15015626388958
5319.791678405366,5311.33667660173,8.45500180363615
5329.41212217962,5165.591547685271,163.82057449434978
5323.618420357599,4756.7745749024625,566.843845455136
5312.796449723059,4559.70030030363,753.0961494194289
5307.396978922004,5288.3541717246235,19.04280719738017
4616.844270558419,5334.037499246649,-717.1932286882293
4620.919281668539,5343.309816318785,-722.3905346502461
4614.095296591182,5143.51110461139,-529.4158080202078
4609.710289978001,5227.150738949663,-617.4404489716617
4604.539784299284,5329.213117073363,-724.6733327740785
4616.9352834039055,5374.305993762618,-757.3707103587121
4594.742627282809,4550.562120963096,44.18050631971255
4596.399221659436,5281.468530523468,-685.0693088640319
4617.019306664863,5310.631179018231,-693.6118723533682
3894.296322239297,3840.9520203061725,53.34430193312437
3883.2339629582198,4906.86352803133,-1023.6295650731104
3898.4965862724175,4642.987154236038,-744.4905679636204
4860.3312858033605,4498.784089495593,361.5471963077671
4855.147702773455,4544.291524907372,310.85617786608327
4884.068731261548,4768.75010210581,115.31862915573856
4893.247286237018,4651.771769731407,241.47551650561036
4870.898286173117,5377.714246374178,-506.815960201061
4212.959478902321,4637.260762559632,-424.3012836573107
4216.2747290673415,5286.645923981497,-1070.3711949141552
4215.96013422415,3908.7962772728456,307.16385695130475
4215.379333474983,5124.131977023907,-908.7526435489244
4206.037054116809,5121.318197778645,-915.2811436618367
4222.673104554394,4243.106425719513,-20.433321165119196
4672.81907627502,4738.186717550721,-65.36764127570132
4700.622951849153,5131.873436404041,-431.2504845548883
4699.228131986901,4966.534205028999,-267.30607304209843
4700.58700047976,5128.103978488046,-427.51697800828606
4716.203714019767,4646.966957128513,69.23675689125412
4679.822436779975,5343.307957971407,-663.4855211914319
5253.299256147751,5405.318855447369,-152.01959929961777
5230.959436650881,5352.5028706145085,-121.54343396362765
5242.725584837147,4473.432240244534,769.2933445926128
5248.67864500131,4625.1581603854565,623.5204846158531
5247.939573346101,5301.915938304013,-53.976364957912665
5256.237081749488,5376.39990650183,-120.1628247523413
4716.166546521242,5191.782381429914,-475.6158349086718
4735.283258966972,4767.357250877731,-32.073991910758195
4724.019922549763,5408.737068615191,-684.7171460654281
4706.317385753018,5265.685206423806,-559.3678206707882
4722.579292095565,4105.195844424781,617.3834476707834
5374.834813727112,4412.274030927678,962.5607827994345
5384.322598817916,4760.61965539622,623.7029434216956
5367.117023035106,3834.6037411851953,1532.513281849911
5370.643532963896,5382.687928143986,-12.04439518008985
5351.985922355113,5363.763096752527,-11.777174397414456
5376.637156407245,5319.620474680852,57.01668172639347
5354.425057247437,5302.4495130245605,51.975544222876124
4718.311050995014,5376.714846619157,-658.4037956241427
4732.19933491932,5325.472768269402,-593.2734333500821
4721.923141740538,5262.831049844731,-540.9079081041928
4735.981112611178,5392.752775529369,-656.7716629181905
4713.569291942021,4894.80372721636,-181.23443527433938
3810.523657330506,4748.47583632872,-937.9521789982141
3819.6521073048666,4646.840692810535,-827.1885855056685
4472.696745621471,5344.152456209588,-871.4557105881177
4461.536027362663,5293.233801392974,-831.6977740303109
4450.636612744918,5313.997144282136,-863.3605315372179
4465.150397867203,4641.78554436403,-176.63514649682747
4457.009020252064,5399.504332052539,-942.4953118004751
4466.767861837562,4993.9478151609355,-527.1799533233734
4462.474178068715,5269.042011494485,-806.56783342577
4461.237785252021,5316.190645042199,-854.9528597901781
5097.62315584275,4710.46455912448,387.15859671827
5106.839529371328,5294.604073212086,-187.76454384075805
5092.29049607478,4900.531206865489,191.75928920929073
5103.561254291309,5321.875213870206,-218.31395957889708
5110.674681391884,5334.586000041476,-223.91131864959152
5095.593609863761,4964.1979184066195,131.39569145714177
5122.583448879356,5141.065618747435,-18.482169868078927
5098.934510571497,4648.860995071858,450.07351549963914
5342.235762464197,5369.199592685013,-26.963830220815908
5340.67836563481,5382.465410639692,-41.7870450048822
5350.8603760145,4634.802516837024,716.0578591774756
4966.29562583916,5365.002878208151,-398.70725236899125
3887.717828034813,5273.450629542285,-1385.7328015074722
3894.8488670559036,5339.2020038226865,-1444.3531367667829
3897.194464102693,5125.89297320129,-1228.6985090985972
4609.835208394205,5376.313245756255,-766.4780373620497
4608.975684843559,4517.160416028347,91.81526881521222
4602.151664757801,5377.845518986938,-775.6938542291373
4623.23494498493,5414.3702953993725,-791.1353504144427
4619.545757403199,4601.599205316507,17.946552086691554
4598.181287732379,4553.150713414694,45.03057431768502
4606.562306463316,5189.607024862827,-583.0447183995102
4613.778665381707,5320.895403061445,-707.1167376797384
4604.940564224921,5328.284838923416,-723.3442746984947
5328.607161368392,4102.321761547831,1226.285399820561
5308.082951554845,4961.2864794448615,346.79647210998337
5323.158931309714,5263.932030220795,59.22690108891857
5313.221250997344,4636.804818261029,676.4164327363151
5304.6169685541,5349.327641153851,-44.71067259975098
5315.794812322417,4714.011730728582,601.783081593835
5332.061897601876,4642.6946748332575,689.3672227686184
5319.717669269766,5396.292670214986,-76.57500094522038
5337.104297753752,5217.615699965517,119.48859778823498
4527.68666188265,4616.1011886746455,-88.41452679199574
5320.826852380993,5257.501785871765,63.325066509228236
5340.151586715316,4753.873546143524,586.2780405717913
5318.60857373218,5279.4003628770315,39.208210855148536
5322.572857845191,4560.383493723901,762.18936412129
5328.91564559021,5364.056612626128,-35.14096703591804
5328.487889965606,4759.753128871659,568.7347610939469
5312.413551914816,4745.490436255753,566.9231156590631
5329.508470261894,4973.658955600114,355.84951466178063
5322.425498033636,5227.150738949661,95.27475908397537
4612.271730583269,4855.5585076475845,-243.28677706431517
4595.464591965103,4473.133068296926,122.3315236681774
4613.8727439672175,4745.980350141172,-132.10760617395408
4616.070195797736,5090.003873574097,-473.93367777636104
4621.015581487545,5326.133655420747,-705.1180739332021
4602.613168462834,5317.99350324568,-715.3803347828452
4610.790985409422,5328.573247715995,-717.7822623065731
4627.213500536427,4654.814836122939,-27.601335586511595
4594.423406993552,4622.779209191291,-28.35580219773874
3885.8225228881565,5378.6079624855965,-1492.78543959744
3881.61974657856,5365.782767677706,-1484.1630210991461
3883.220002783401,4622.988451570308,-739.7684487869069
4860.3312858033605,4472.327539460839,388.0037463425215
4890.875221246576,5097.012087572912,-206.13686632633562
4895.394039275188,4253.046957301248,642.3470819739405
4881.409845390518,4658.335418577227,223.0744268132912
4873.366854666494,5270.12566460731,-396.7588099408158
4207.593832627568,3823.8533256435376,383.7405069840306
4216.185704426629,5146.02894572012,-929.8432412934908
4225.175958166954,5415.237339406735,-1190.0613812397814
4220.625490205735,4909.077742648172,-688.4522524424365
4200.7961337436445,5077.103020595915,-876.3068868522705
4205.248042555489,5112.369510590273,-907.1214680347848
4689.765832790695,5155.855842671194,-466.09000988049957
4695.876404906006,4592.89046125514,102.98594365086683
4695.668212341212,5128.879378292835,-433.2111659516231
4688.1100232558665,4627.276748983331,60.833274272535164
4709.55195822638,5252.557626271298,-543.0056680449188
4692.551556364747,5318.93542233645,-626.383865971703
5249.956325564615,5370.86768691691,-120.91136135229499
5269.12368615422,4754.255560431286,514.8681257229346
5247.903640724953,5278.61124962843,-30.707608903477194
5256.805505773016,5266.413343606296,-9.607837833279518
5253.543753260048,4967.630674295953,285.9130789640949
5246.34055712971,4631.3519437646655,614.9886133650443
4714.446408621239,4628.8447571899,85.60165143133963
4724.019922549763,4965.245426143327,-241.2255035935641
4731.643191417679,5389.23214575081,-657.5889543331305
4727.773257865875,3907.1777561526133,820.5955017132619
4732.391945781051,4573.279353729156,159.11259205189435
5357.660285220265,5395.152691327136,-37.492406106871385
5341.810127395259,5282.397903060815,59.412224334443636
5352.877415138901,5289.453452014649,63.42396312425171
5366.078763002817,5133.389432838607,232.68933016421033
5353.254888877357,4485.615826008497,867.6390628688605
5372.939709450939,5008.212124531514,364.72758491942477
5363.65390040267,4346.567056502394,1017.0868439002761
4740.594242470855,4357.984764237756,382.60947823309834
4728.9214222930395,5147.1509762705555,-418.22955397751593
4743.778595035902,5298.394220726913,-554.6156256910108
4719.309405353289,4633.202675233292,86.10673011999643
4701.57939323021,5140.799779768144,-439.22038653793334
3791.9915562422384,4620.629192916283,-828.6376366740442
3812.210453253228,5281.563280970664,-1469.352827717436
4458.658551903433,4628.398668759765,-169.74011685633195
4459.612027660772,5286.789951728655,-827.1779240678834
4452.58893339788,4470.798422880568,-18.209489482687786
4456.447469688455,5226.146608534846,-769.6991388463903
4450.166135788571,5319.287127591924,-869.1209918033528
4446.374619122004,5147.3318674469565,-700.9572483249522
4458.0210521889185,5371.94346239143,-913.9224102025119
4464.621256500941,5315.849242710094,-851.2279862091527
5118.8660756405425,5013.149818435221,105.7162572053212
5106.633985492569,5300.0605471853,-193.4265616927305
5086.903953663241,4834.073104294395,252.83084936884552
5109.836577832987,4763.824255986911,346.0123218460758
5105.93412697897,3907.370129547912,1198.5639974310584
5099.806718673796,5340.0855409688575,-240.27882229506122
5105.038298830871,4633.875410888292,471.1628879425789
5099.193858048328,4903.058033037427,196.1358250109015
5362.9267014961915,5160.387161225598,202.53954027059353
5331.697878957681,5372.856475731685,-41.158596774004764
5353.153591030141,5370.710475961992,-17.556884931851528
4952.161988064669,5209.72477867671,-257.5627906120417
3869.945409119164,4825.073487048239,-955.1280779290751
3878.2561020991275,5399.637755022387,-1521.3816529232595
3883.38363912445,4654.113197584107,-770.7295584596573
4613.3769937434745,4641.606035317941,-28.229041574466464
4612.612011802195,3913.7059359079235,698.9060758942719
4593.391207038106,5381.4197659016045,-788.0285588634988
4595.604733272845,5375.948531716369,-780.3437984435241
4610.723533796887,5386.233338850902,-775.5098050540155
4604.53151348389,5377.787317524962,-773.2558040410722
4611.368779064296,5281.052613247865,-669.6838341835692
4595.440992922095,5265.724730686146,-670.2837377640517
4604.797342957571,4722.469240355764,-117.67189739819241
5327.297534872968,4558.498414574578,768.7991202983894
5320.079986400257,4624.740350909288,695.3396354909692
5323.416564539653,5306.5000187612295,16.916545778423824
5313.297533693884,4472.266683892744,841.03084980114
5330.467580389283,5295.191762197162,35.27581819212173
5330.48071454383,4847.3325839262025,483.14813061762743
5327.438378396723,5268.454244120288,58.984134276434816
5314.99633034807,4309.898235024839,1005.0980953232311
5312.212712949418,5109.197231405626,203.0154815437927
4555.280910683659,5385.604843494049,-830.32393281039
5318.892402676614,5318.796904884652,0.09549779196277086
5309.9427034611235,4697.787169187332,612.1555342737911
5336.25532388543,4486.248969424684,850.0063544607456
5319.2028440748745,5370.195336323278,-50.99249224840332
5323.080548099142,5159.388553588794,163.6919945103482
5316.415857126995,5217.804378021451,98.61147910554428
5318.915040586742,4612.225644337316,706.689396249426
5324.278906223625,5305.344257707778,18.934648515847584
5313.328214383422,4625.97215334375,687.3560610396726
4607.5035978019705,5186.239637820865,-578.7360400188945
4604.486141533126,5113.050567324071,-508.5644257909453
4604.04806423036,4968.172898862219,-364.1248346318589
4627.213500536427,5403.621940362617,-776.4084398261903
4621.979507504087,5390.99650610656,-769.016998602473
4620.68135743262,5268.30480148587,-647.6234440532498
4598.404577973478,4617.673408602753,-19.268830629274817
4594.958248115994,4549.105179751157,45.85306836483687
4607.830697958444,5146.0377130602255,-538.2070151017815
3870.7073679107903,4705.983209026987,-835.2758411161972
3894.4904729213727,4653.172197942023,-758.68172502065
3878.0751377256097,5075.213699075552,-1197.138561349942
4860.3312858033605,5296.0115003213195,-435.68021451795903
4875.9713876255155,4742.28955602275,133.68183160276567
4872.895022328113,4754.100258996473,118.79476333163984
4873.881889491105,5296.404250207743,-422.5223607166381
4859.640762381942,5358.832028164717,-499.1912657827743
4199.488098495519,5116.359972204076,-916.8718737085574
4216.299236746482,4970.824295307891,-754.5250585614085
4212.6999797821845,4651.4584265030035,-438.75844672081894
4229.627049638109,4649.502369347209,-419.87531970910004
4210.325306814738,5071.863234473901,-861.537927659163
4206.109069114481,5211.69003197229,-1005.580962857809
4696.622134915602,4742.935091106168,-46.31295619056618
4699.228131986901,5411.067152207525,-711.8390202206247
4697.59434689317,4630.968175575043,66.62617131812749
4684.569500791131,4747.379500889576,-62.810000098445016
4699.508410919442,5378.685959706419,-679.1775487869772
4692.928027034522,5274.84794402115,-581.9199169866288
5270.288118018347,4644.804805060361,625.4833129579856
5240.555565016411,5255.203758764492,-14.648193748081212
5262.0664069589375,5410.48573301573,-148.41932605679267
5247.24444339612,5157.730203229974,89.51424016614601
5254.5530370257475,5196.490439141951,58.062597883796116
5250.958041210915,4235.564491132288,1015.3935500786274
4713.516189352236,5317.93966202811,-604.4234726758741
4706.317385753018,5304.220538153483,-597.9031524004649
4727.773257865875,5287.049304257974,-559.2760463920986
4723.263504517306,5317.900980575629,-594.637476058323
4713.543094170871,4646.14863019863,67.39446397224128
5371.856454979497,3917.3655394707953,1454.490915508702
5333.040189536075,5279.853417038178,53.18677249789653
5337.1516633458305,4943.574894662607,393.57676868322324
5327.618481634516,4370.662213555817,956.9562680786985
5351.672100614893,5222.375090891227,129.29700972366572
5363.2305027942475,4480.659627581238,882.5708752130095
5347.919079163008,4477.850201261091,870.0688779019174
4709.559689037129,5358.328087834046,-648.7683987969167
4713.569291942021,5265.8080872428045,-552.2387953007837
4728.626813353599,5126.233213434138,-397.60640008053906
4724.1557922849,4628.467297776512,95.68849450838752
4731.004866927786,5380.069286444407,-649.0644195166215
3808.5372262353453,5363.182976263098,-1554.6457500277525
3805.5916488015396,5397.482306057059,-1591.8906572555193
4456.199542662781,4630.125420562977,-173.9258779001957
4484.785867559587,5166.143355011607,-681.35748745202
4464.483354404552,5295.592135187911,-831.1087807833583
4443.069262087914,4498.912359400527,-55.84309731261328
4443.507914343464,5374.969554385099,-931.4616400416353
4471.445883675601,4639.943195161924,-168.49731148632327
4454.5520216719315,4227.489797348286,227.06222432364575
4450.735367608051,4705.33099777393,-254.5956301658789
5086.903953663241,5061.184018434139,25.719935229101793
5090.965417083285,5178.0271260094705,-87.06170892618593
5091.853343275916,4731.6519832552,360.2013600207156
5108.497032741347,4167.076781807699,941.4202509336474
5115.996530826629,5084.171381661843,31.825149164786126
5105.450944011151,5140.595696871677,-35.14475286052675
5107.338464416694,5167.647610926111,-60.30914650941759
5118.441495205373,4774.772467650405,343.6690275549681
5336.493424126382,5063.131641157269,273.36178296911294
5363.406997474673,4749.279501941594,614.1274955330782
5347.700515466927,5313.489408627122,34.211106839804415
4938.804216919686,4621.67975589691,317.1244610227759
3879.4792308267224,5395.127808800019,-1515.6485779732966
3887.802624390898,4918.504655378384,-1030.702030987486
3883.222232808863,4329.380214940324,-446.1579821314608
4610.25563884224,4480.676077511787,129.57956133045263
4612.5308760277885,4486.069684367797,126.46119165999153
4605.5092431406465,4233.758119758866,371.7511233817804
4617.781594496347,4649.076596328384,-31.295001832037087
4627.817668880559,5387.467307964889,-759.6496390843304
4609.926629840965,4743.628963064767,-133.70233322380227
4616.127916538948,5376.4554731661365,-760.3275566271886
4585.821107019876,5241.947406995699,-656.1262999758228
4610.543084276241,4565.011573795685,45.53151048055588
5326.443627269068,5119.584504502807,206.85912276626095
5330.467580389283,5351.323054842929,-20.85547445364591
5354.721478763159,5219.621354623642,135.100124139517
5314.472949357295,5366.883301074946,-52.41035171765088
5339.951923134926,3842.2899819841127,1497.6619411508132
5314.608738958081,4621.25470714678,693.354031811301
5301.21645316451,4949.761842918062,351.4546102464483
5323.556473617221,5279.817829545961,43.73864407125984
5346.588671584524,5181.092215565016,165.4964560195076
4527.643971977498,4623.735242537909,-96.09127056041052
5329.508470261894,4920.18939345191,409.3190768099839
5324.372859406618,5385.483915029353,-61.111055622734966
5333.915564484303,4750.535842721731,583.3797217625724
5323.860880119617,4565.417861501115,758.4430186185018
5331.277248024799,4737.748446464228,593.5288015605702
5316.862593478295,5360.285194305177,-43.422600826882444
5297.693378366908,5184.263174532327,113.43020383458133
5322.813751685511,5324.16122169207,-1.3474700065589786
5345.567217904222,4493.916073979433,851.6511439247888
4618.5215827405955,5099.023512543806,-480.50192980321026
4609.64954104076,5276.380916571639,-666.7313755308796
4618.970263249059,4758.402827904699,-139.4325646556399
4602.019673250779,4736.434839857826,-134.41516660704656
4604.457562151772,5204.08953335591,-599.6319712041377
4608.839794512951,5399.556544155299,-790.7167496423481
4628.718722996749,3919.2405805548437,709.4781424419057
4601.9922583260895,5263.1449373097685,-661.1526789836789
4631.2756263428555,3687.4110206512446,943.8646056916109
3891.62444399952,5287.398435686706,-1395.773991687186
3877.7783592454452,5400.931177990348,-1523.152818744903
3875.7126382005486,5120.692742490396,-1244.9801042898475
4860.3312858033605,5284.928697052232,-424.59741124887114
4879.625627918319,4852.1245302155485,27.501097702770494
4875.671913688182,4638.3898750594935,237.2820386286885
4867.822596347487,4845.304543546091,22.518052801396152
4891.939585608512,4746.706906329308,145.2326792792037
4234.926017614843,5347.889611958535,-1112.9635943436924
4199.884272063843,4951.772838003531,-751.8885659396883
4201.846434048719,4727.49004348821,-525.6436094394912
4206.037054116809,4953.056368641108,-747.0193145242993
4204.527557427148,5149.151707401465,-944.6241499743164
4202.372712917325,4751.230827062452,-548.8581141451268
4694.367748075064,4633.928731819189,60.439016255874776
4687.185899607263,5379.142196781605,-691.9562971743417
4708.832370597221,5166.940571506253,-458.10820090903235
4704.258475002156,5316.64905889432,-612.3905838921637
4689.614938511407,5271.66110742232,-582.0461689109134
4679.409869373323,4464.215991129538,215.19387824378464
5256.466836403799,3905.0013078893085,1351.4655285144904
5251.114412801456,5284.820534597935,-33.70612179647924
5245.146033802288,5290.4439481319705,-45.2979143296825
5260.127179389306,4240.958941546081,1019.1682378432242
5267.594785574904,5296.045629923917,-28.450844349013096
5270.212563289156,3681.0181949283015,1589.1943683608542
4725.21048098079,4638.954488932133,86.25599204865648
4722.579292095565,4757.839485556214,-35.260193460649134
4732.391945781051,5144.212585338186,-411.8206395571351
4713.543094170871,4706.084321907976,7.458772262894854
4738.626535661808,5392.614456009896,-653.9879203480878
5367.077632709959,5141.172895007952,225.90473770200697
5347.801818444598,5217.529926947944,130.27189149665446
5349.780970662857,5259.349507686556,90.43146297630119
5369.440255596689,5425.520935889604,-56.08068029291462
5367.846682174773,5293.138535754352,74.70814642042114
5357.381726025831,5188.714228194693,168.66749783113846
5378.462381649203,5419.176414401621,-40.71403275241755
4709.071264303244,5111.806472706124,-402.73520840287983
4718.535907279737,5232.503823235397,-513.9679159556599
4715.487982501632,5225.553082812952,-510.06510031131984
4712.612242382192,4470.987417664781,241.62482471741077
4723.57263880308,4761.8351001654855,-38.2624613624057
3816.8375287574863,4823.2844910223785,-1006.4469622648921
3805.6951901558778,5358.658628675614,-1552.963438519736
4454.0354270663875,5115.3287790425165,-661.2933519761291
4447.085989662761,4717.791410806304,-270.7054211435434
4455.750851683884,4478.012138854137,-22.261287170253127
4463.60201804528,5145.666365366772,-682.0643473214923
4466.898341712203,5077.155026382185,-610.256684669982
4446.033931177661,5298.739422359002,-852.7054911813411
4470.790705104516,5358.973976001837,-888.1832708973216
4469.6352025591095,3832.6119881046484,637.0232144544611
5105.93412697897,4911.013369217422,194.92075776154797
5112.531619810923,5328.774163385442,-216.242543574519
5115.996530826629,5151.54865659079,-35.55212576416125
5104.029336153094,5140.651566828114,-36.62223067501964
5100.265115389197,5287.585140724444,-187.320025335247
5110.039718838631,3836.664528909798,1273.3751899288336
5116.963558607267,4864.962706682547,252.00085192472034
5101.740543262754,5378.295819949067,-276.55527668631294
5353.554234317475,4635.000399198847,718.5538351186278
5371.6262847333965,5373.92149214902,-2.295207415623736
5319.690450660349,5214.9902477180785,104.70020294227015
4939.9095163678085,4746.35473494092,193.55478142688844
3883.1610538976065,5286.096290395317,-1402.9352364977103
3896.5515923890503,4985.331190319645,-1088.7795979305952
3889.6323942244594,3909.762579028264,-20.130184803804696
4588.57480312922,5334.4139480259255,-745.8391448967059
4598.576673484466,4900.823163450118,-302.2464899656525
4617.803886249623,4916.890077923798,-299.0861916741751
4604.81913939188,4395.9772507162725,208.84188867560715
4622.585883367901,5401.61986070038,-779.0339773324786
4615.013435485467,4839.789668528497,-224.7762330430296
4601.626357830303,5225.978116512118,-624.3517586818143
4598.629635119915,5275.821705826921,-677.1920707070058
4596.532428183645,5133.782305619036,-537.2498774353917
5321.185761938568,4959.8837646489765,361.3019972895918
5314.99633034807,4958.3651976170395,356.63113273103045
5332.8205161418055,5315.871220253989,16.949295887816334
5325.563349141084,5136.4297175717575,189.1336315693261
5323.556473617221,4834.814324371072,488.742149246149
5314.160249757696,3894.08341284245,1420.076836915246
5312.413551914815,5293.794018904367,18.619533010448322
5341.024275605073,4649.943767646907,691.080507958166
5330.352775974068,4163.270595816476,1167.0821801575921
4553.788146153143,5284.469923117322,-730.6817769641784
5325.598088467691,5287.543926835184,38.0541616325072
5310.76313642951,3887.808631442292,1422.9545049872181
5309.079251512316,5385.038248693279,-75.9589971809628
5351.402609369093,4993.8759187505975,357.5266906184952
5333.784083104883,5168.55713999797,165.2269431069135
5330.530682250651,4596.40825464254,734.1224276081111
5346.14040100752,4772.602519500168,573.5378815073527
5340.78740028561,5138.5978308961885,202.1895693894212
5316.5788281233,5316.59487473938,-0.01604661608052993
4604.357916498945,4975.439342716852,-371.0814262179065
4618.833411404479,5397.833507809688,-779.0000964052088
4611.971793701177,5007.063864263738,-395.09207056256037
4602.415059876271,4324.6713958331875,277.7436640430833
4609.763572173568,4654.485758312725,-44.7221861391572
4624.192628943667,5330.479687456285,-706.2870585126184
4605.824396971321,5259.803180827774,-653.9787838564525
4610.716488259157,4492.802298656706,117.91418960245119
4615.169690901256,4612.923129569989,2.246561331267003
3882.93685411267,4759.481930926485,-876.5450768138148
3863.2526955354565,4952.594971433111,-1089.3422758976544
3893.6570575373876,4243.196536004864,-349.5394784674768
4860.3312858033605,5367.516288121526,-507.18500231816506
4878.1824739265485,4748.506979081957,129.6754948445914
4888.273537507469,5331.7804487487765,-443.50691124130753
4883.639906717275,5377.7027250859555,-494.0628183686804
4856.157358384675,4475.971310691145,380.1860476935299
4218.202666314672,4759.294818433008,-541.0921521183363
4215.96013422415,4913.917050311762,-697.9569160876117
4219.020296541686,5081.635296742293,-862.615000200607
4208.678613854059,5356.62699830235,-1147.948384448291
4194.382086346611,4574.73662429112,-380.3545379445095
4225.5571892059015,5333.373413601203,-1107.816224395301
4699.031359222769,4403.19198093056,295.8393782922094
4700.58700047976,4636.275265278199,64.31173520156062
4684.569500791131,5306.481128725514,-621.9116279343834
4694.431287400105,4962.434106829744,-268.0028194296392
4691.449154336629,5261.024674331213,-569.5755199945834
4687.285345981001,5279.776972875797,-592.4916268947954
5236.539786726231,5056.139166788293,180.40061993793825
5247.939573346101,4630.247747077568,617.6918262685322
5244.550607971392,5402.833747193768,-158.28313922237612
5261.088240312295,4636.916436640114,624.1718036721813
5270.843650188967,5400.469830966605,-129.62618077763727
5246.342109666664,5276.292186836754,-29.95007717008957
4720.580163546773,4624.508224614673,96.07193893210024
4736.550490014989,5138.820839434288,-402.27034941929924
4726.689604235398,4992.122330744329,-265.4327265089305
4740.815761025017,4654.141302379652,86.67445864536512
4734.530626370437,5098.3474244902845,-363.8167981198476
5361.135795633186,5297.36012593329,63.77566969989584
5343.5197844247705,5123.874515375549,219.6452690492215
5357.129467458923,4753.20570203406,603.9237654248627
5363.697262861661,5383.186472256157,-19.489209394495447
5369.240793943002,5261.653373991673,107.58741995132914
5366.029451416099,5245.231243803741,120.79820761235806
5342.351480229476,5198.0450953612735,144.30638486820226
4726.025414032737,4744.725185802988,-18.699771770250663
4739.693906230954,4759.754345503234,-20.060439272279837
4707.889780526015,4960.967119110158,-253.07733858414304
4717.263233660125,4755.655343427279,-38.39210976715458
4719.649044168119,4630.89821162585,88.75083254226865
3805.9906232426424,4841.86671929255,-1035.876096049908
3823.2895269205032,4651.8592310013855,-828.5697040808823
4461.237785252021,5252.327600266316,-791.0898150142948
4477.538227971169,5396.888714209341,-919.3504862381715
4467.70716925395,5401.134936235431,-933.427766981481
4456.635608946098,4626.885979121389,-170.2503701752912
4451.084283481249,4628.1908727425025,-177.10658926125325
4463.452366359447,4850.145261500271,-386.69289514082357
4467.7901098369175,5431.01394334252,-963.2238335056027
4467.461845238623,5388.5215446643615,-921.0596994257385
5105.038298830871,4968.87559711042,136.16270172045097
5119.705534289274,4767.895388649462,351.8101456398117
5107.338464416694,5273.746994524504,-166.4085301078103
5094.166623631035,4963.266550497488,130.90007313354636
5116.963558607267,4649.431439458475,467.53211914879194
5114.885650159649,5394.055637614359,-279.16998745470937
5108.66041932904,5407.373647244259,-298.71322791521834
5095.830083110063,5280.798759417365,-184.9686763073014
5324.177781603399,4717.508830631276,606.6689509721227
5348.558634434663,4634.935044883251,713.6235895514119
5336.019305606764,5126.870889717927,209.148415888837
4951.090030393294,4761.073779275348,190.016251117946
3893.7155809873366,4732.726124381247,-839.0105433939107
3880.8097703592944,4986.124101572193,-1105.3143312128982
3894.7933333504293,5410.355203153547,-1515.561869803118
4609.926629840965,5213.54090335432,-603.6142735133553
4592.879637782122,4465.832653588455,127.0469841936665
4605.03608685032,5234.648796228851,-629.6127093785308
4618.483334048248,4863.280499682212,-244.79716563396414
4603.106162753982,5127.56037590643,-524.4542131524477
4621.819321741149,3926.3922614429257,695.4270602982233
4615.5831603418665,5391.679472372723,-776.0963120308561
4610.944204554228,4831.2789235804385,-220.33471902621022
4618.277175909862,5306.339440780496,-688.062264870634
5326.0205747910695,5091.93166128219,234.08891350887916
5318.892402676615,4632.499472402658,686.3929302739571
5320.744515355138,4631.1352792893185,689.6092360658195
5310.486316314555,5345.873069354504,-35.386753039949326
5329.508470261895,5288.5082941710725,41.000176090822606
5315.626966145734,5256.026854279272,59.6001118664617
5331.226494581362,5302.411649242431,28.814845338931264
5325.598088467691,5251.673534959855,73.92455350783621
5320.44979528352,5233.593045361356,86.85674992216354
4545.3402978813765,4642.846061340608,-97.50576345923128
5321.7749680695615,4737.680768834116,584.0941992354456
5306.243737312693,4743.0092015545,563.2345357581935
5325.574313429227,5161.231309073098,164.3430043561293
5326.238735061796,5370.3406486685835,-44.10191360678709
5322.270435972408,4622.652951811555,699.6174841608536
5331.759761658686,4750.7093037110535,581.0504579476328
5330.222643942377,5128.877438881136,201.34520506124045
5326.046868007795,4638.4734061848885,687.5734618229062
5316.850348808744,5397.4002204987555,-80.54987169001197
4610.832921217234,5405.900728357454,-795.0678071402199
4602.328738265538,4151.754812296491,450.5739259690472
4607.517204649597,5140.205151902511,-532.6879472529135
4596.616422730116,4463.42140893561,133.19501379450594
4611.528133908814,5289.176749602221,-677.648615693407
4610.480737373788,5065.1299719816925,-454.6492346079049
4615.005718520158,5395.292114125506,-780.2863956053479
4608.9947676735965,5069.779075531761,-460.78430785816454
4610.736134306891,5419.461892666916,-808.7257583600258
3887.6368056524443,4644.456390005805,-756.8195843533604
3875.2992396752625,4797.203560341057,-921.9043206657943
3891.3536867124185,5412.693905282069,-1521.3402185696505
4860.3312858033605,5389.06911649026,-528.7378306868995
4863.385369762926,5221.190270767879,-357.80490100495354
4870.937189550207,5314.516564668879,-443.57937511867203
4866.463838719084,5392.8699700059315,-526.4061312868471
4863.3521081197905,4896.367330381983,-33.015222262192765
4206.620718719576,4480.509573259378,-273.8888545398022
4206.25117324286,4906.996575042375,-700.7454017995151
4214.493396706965,5325.957029491492,-1111.4636327845274
4206.438884873183,4915.510815664114,-709.0719307909303
4223.377653103519,4752.997905116147,-529.620252012628
4219.556621730452,4634.756921130896,-415.20029940044424
4705.8372637074,5362.645347088968,-656.8080833815684
4688.768905582956,4752.658191447966,-63.8892858650097
4683.864962882563,4746.675055460098,-62.810092577534306
4683.280718358824,4616.34804911712,66.93266924170348
4694.447699279626,4413.003820970218,281.4438783094083
4691.337075687379,5365.692458445973,-674.3553827585938
5241.101415107089,4732.989129113608,508.11228599348124
5254.4686744372075,4641.580778912939,612.8878955242681
5264.52876939366,5153.746968215775,110.78180117788452
5246.888390546093,5281.6158819912025,-34.72749144510908
5251.203551649387,5282.849470731453,-31.64591908206603
5246.537936557729,4514.588751957769,731.9491845999601
4734.814290530883,4933.82882847712,-199.0145379462365
4740.765998218961,5145.680537278689,-404.91453905972867
4705.91856643835,5251.181827912086,-545.2632614737358
4705.225367976094,5337.200875789494,-631.9755078133994
4714.762010133459,5367.87482226399,-653.112812130531
5343.5197844247705,4470.6938898038225,872.825894620948
5354.4338158613,5156.119839323047,198.31397653825297
5348.066604547851,4746.255812083535,601.8107924643164
5369.471940933692,5309.165425919518,60.30651501417378
5366.199108849364,5315.6306734992195,50.56843535014468
5361.219634457635,4975.826536208737,385.39309824889824
5360.547682062281,4594.575618299318,765.9720637629625
4719.193904029572,4591.693910200114,127.49999382945771
4711.340342521004,5301.269557763721,-589.9292152427179
4733.030091690173,5216.292661438753,-483.26256974858006
4727.376214140916,5253.283343963834,-525.9071298229183
4711.576715409851,5178.143007398936,-466.5662919890847
3807.1017625040904,5135.528310223041,-1328.426547718951
3794.908823933242,4620.518038372034,-825.6092144387926
4450.373194348451,5283.681941513487,-833.308747165036
4458.2285216199025,4843.771420822567,-385.54289920266456
4474.920854489228,4768.777882275971,-293.85702778674295
4458.805299728491,4628.139252443274,-169.33395271478275
4459.156852036678,5266.734473094977,-807.577621058299
4466.772743999286,4640.018919537524,-173.24617553823828
4452.4204109337925,5305.559108483706,-853.1386975499136
4464.43528089733,4973.081568786955,-508.64628788962546
5117.116204223525,4644.601143682132,472.5150605413928
5086.488455099693,4623.396745355581,463.09170974411245
5096.424574943002,4400.026188662966,696.398386280036
5102.910813146117,5386.865504478883,-283.95469133276583
5111.167850227141,5219.679428228269,-108.51157800112833
5105.038480255924,3907.8169120115713,1197.2215682443525
5084.263660646778,5358.622763017031,-274.3591023702529
5093.71283168977,4749.949617793134,343.76321389663553
5359.709739966677,5254.523960308888,105.18577965778968
5346.583782148513,4716.268181778431,630.3156003700815
5354.21776335775,5380.92843533527,-26.71067197751927
4951.290277547739,5252.795028210071,-301.5047506623323
3881.2555049659904,5004.916356467253,-1123.6608515012622
3879.787095937541,5279.648615485716,-1399.8615195481748
3884.827463448703,4972.2394425807,-1087.4119791319968
4609.523527523678,4400.505917018776,209.01761050490222
4599.970984339547,5310.466160076786,-710.4951757372392
4605.510020962482,5311.044736573972,-705.5347156114904
4605.851890940884,5262.010781596166,-656.1588906552824
4598.700206668104,4745.402930451516,-146.70272378341178
4614.611017838757,4634.8391452694395,-20.228127430682434
4601.334496292101,4733.55380566742,-132.21930937531943
4604.792834983731,4963.167397783721,-358.3745627999897
4603.93011523488,5399.324274425329,-795.3941591904495
5315.328476130744,5359.191849480659,-43.86337334991458
5319.2028440748745,4960.099416464941,359.10342760993353
5333.340890450892,5406.185754435022,-72.84486398412992
5325.594733818024,4911.041852453307,414.552881364717
5323.860880119618,5281.237813617388,42.62306650222945
5334.348901616606,5386.116405698136,-51.767504081530205
5334.100275556349,4634.227630391902,699.872645164447
5351.402609369091,4261.920941781155,1089.4816675879356
5313.927569124547,5365.864588163996,-51.9370190394493
4549.928594487993,5307.0113484538015,-757.0827539658085
5326.238735061796,4607.015216264933,719.2235187968636
5334.757234064857,5132.421316842985,202.33591722187157
5322.472162586157,5282.918693874845,39.553468711311325
5332.387107501593,5291.020477579466,41.366629922126776
5326.7309551303715,5408.742467820053,-82.0115126896817
5319.585345129118,4626.093226478085,693.4921186510328
5336.771128896375,5304.426303182352,32.34482571402259
5313.216888305306,5200.2240209332485,112.99286737205784
5327.40614056108,5076.1339643872025,251.2721761738776
4610.858323343135,4746.843545656914,-135.98522231377865
4615.737004240711,5301.056215245864,-685.3192110051532
4627.8437141263275,4747.422651517191,-119.57893739086376
4610.410006677698,4632.621538893555,-22.211532215857005
4595.724710023659,5148.512114380378,-552.787404356719
4616.915972003517,5318.075958338934,-701.1599863354168
4634.631373864547,5277.155940566056,-642.5245667015097
4612.86370108484,3908.011634648779,704.8520664360608
4608.671250938308,5370.3292305111345,-761.6579795728267
3882.1909059642267,4477.478590435217,-595.2876844709899
3905.2146370945225,4761.563418540332,-856.3487814458099
3862.643328818929,5338.787019675517,-1476.1436908565875
4860.3312858033605,4622.999545657798,237.33174014556243
4865.907585163641,5312.042549490457,-446.13496432681586
4855.272634074584,5103.508208754219,-248.23557467963474
4874.465258527297,5306.963664768468,-432.4984062411713
4869.07881560244,5398.205578923565,-529.1267633211246
4216.185704426629,4630.858794765224,-414.6730903385951
4214.446400361772,4757.650879173534,-543.2044788117619
4226.972154813045,4657.059191480559,-430.08703666751444
4222.673104554394,5284.303807485182,-1061.6307029307882
4202.372712917325,4912.347177775035,-709.9744648577098
4211.611142681442,4231.505505326006,-19.894362644563444
4691.791489896951,4914.269228197894,-222.4777383009432
4716.203714019767,5326.821279448892,-610.6175654291246
4699.508410919442,5237.0458703025115,-537.5374593830693
4691.449154336629,5256.661716229891,-565.2125618932614
4709.247400238988,4992.791775397597,-283.544375158609
4691.6235034571055,4960.494528658509,-268.8710252014034
5233.918768293389,5365.470426943008,-131.55165864961873
5260.127179389306,5406.445771427895,-146.3185920385895
5252.917422765251,5371.059255596971,-118.14183283171951
5248.492976624851,5293.062592921308,-44.56961629645775
5238.996763319892,5388.27294321171,-149.27617989181817
5250.925916752898,3832.5336039091035,1418.3923128437946
4729.700841279404,4480.4011829851015,249.2996582943024
4725.505130181898,4716.46973384135,9.035396340547777
4717.49262453169,5280.157065054197,-562.664440522507
4703.3445910513265,5364.493058798129,-661.1484677468025
4722.687398064959,5065.638724204575,-342.95132613961596
5357.129467458923,5377.4005999258325,-20.271132466909876
5348.066604547851,4746.255812083536,601.8107924643155
5367.9713876184405,5293.89578844665,74.0755991717906
5367.852301313931,4521.115312818987,846.736988494944
5364.964061795013,4633.984323151736,730.9797386432765
5355.392405185274,4980.419288481019,374.9731167042546
5343.3892981475365,4960.645510351868,382.74378779566814
4720.8416539059535,4973.3013232114545,-252.45966930550094
4734.994740323475,5133.333032286496,-398.3382919630212
4706.618307171017,5269.259381375375,-562.6410742043581
4716.066048190976,5308.979845672363,-592.9137974813866
4705.611949496714,5261.13055690055,-555.5186074038356
3809.4721846951957,5223.167038846343,-1413.694854151147
3807.401530030954,5321.922109794365,-1514.5205797634108
4456.635608946098,5395.431077848847,-938.7954689027492
4458.980406243018,4656.5401132344505,-197.5597069914329
4453.22760636199,5269.321604407663,-816.0939980456724
4464.217541406407,5417.32876787407,-953.1112264676631
4443.573720629062,5282.820310021259,-839.2465893921963
4451.946520990615,3899.4547816715462,552.4917393190685
4464.780413561976,5290.567929988477,-825.7875164265006
4456.018702256713,4963.932950884236,-507.9142486275223
5108.36626662654,5143.096168584707,-34.72990195816692
5089.0514661225825,4387.597266751147,701.4541993714356
5106.899785933908,4718.601861761426,388.29792417248154
5106.840753684508,4991.3162840022205,115.52446968228742
5078.239123054574,5337.695417592132,-259.4562945375583
5106.1324342762855,3911.229832566983,1194.9026017093024
5096.960971810234,5257.055774839458,-160.09480302922384
5105.894055998519,4664.439192768149,441.4548632303704
5354.21776335775,4649.15617249244,705.0615908653099
5344.091514573811,5136.750652567262,207.3408620065493
5325.417059145347,5248.887167155838,76.52989198950854
4953.23392004627,5370.259547822729,-417.02562777645835
3890.8974752535646,4586.648454704199,-695.7509794506345
3882.1799676708433,4234.7608743678675,-352.58090669702415
3888.9798732431427,4751.705149427344,-862.725276184201
4614.28445922738,4720.960255418991,-106.67579619161188
4619.027725382208,4635.467300480902,-16.43957509869415
4601.453306323155,4721.344076974944,-119.89077065178935
4622.662667458433,5391.370290188132,-768.7076227296984
4608.723794719123,4478.360489745506,130.36330497361723
4607.252254533676,5311.950895017987,-704.698640484311
4613.271978894102,4633.807016748594,-20.535037854491748
4596.034503671167,5212.965283970782,-616.9307802996154
4600.389714896025,5062.025007878287,-461.6352929822624
5342.475458935319,5320.488170044081,21.987288891237768
5318.915040586744,4616.225644337315,702.6893962494287
5338.35824725293,5146.421268321087,191.93697893184253
5313.453417699284,5214.9862624481575,98.46715525112631
5297.693378366908,4973.876729186989,323.8166491799193
5312.945782349889,5267.141238170714,45.80454417917463
5344.568441576337,5426.357562456867,-81.78912088052948
5346.140401007519,5381.511645722332,-35.37124471481275
5316.137164943221,4627.980816237772,688.1563487054491
4552.68663340438,3838.7328396758953,713.9537937284845
5330.222643942377,4567.480630733773,762.7420132086036
5312.452700153791,5286.014376607882,26.438323545909043
5361.005610848761,5256.302440500465,104.70317034829532
5336.771128896375,4635.560104258536,701.2110246378388
5331.574141232817,4766.380317549005,565.1938236838123
5343.846911879437,5312.888831662466,30.95808021697121
5327.326486342772,4167.433811790231,1159.8926745525414
5352.380386803815,5410.718534681408,-58.338147877592746
5332.325076578145,4730.687088381395,601.6379881967496
4633.425710266281,4781.86483460063,-148.4391243343489
4622.70135807376,3919.545377452873,703.1559806208875
4634.649299616929,4772.515309788871,-137.86601017194153
4596.94322333902,5179.43946095565,-582.4962376166304
4589.760655214849,5107.974842200483,-518.2141869856341
4598.140230513418,5272.290781381233,-674.1505508678147
4588.870176439202,5352.585421320151,-763.7152448809493
4598.1295671453245,5303.979135799492,-705.8495686541673
4617.303175415838,5318.437708856003,-701.1345334401649
3864.3641137171853,5098.672968506464,-1234.3088547892785
3894.7500195628186,3837.927891185048,56.822128377770696
3900.471140453784,3920.03251825493,-19.561377801146136
4860.3312858033605,4800.486373612033,59.84491219132724
4877.715481248135,5403.7360672785935,-526.0205860304586
4885.222344313985,4647.719220088378,237.50312422560637
4890.128668743657,5345.205622554612,-455.0769538109553
4890.819440308541,4652.145326103838,238.67411420470307
4200.677482607553,5363.381117726173,-1162.7036351186198
4216.769480937265,3833.0521473014933,383.71733363577187
4207.007478322273,5310.717461431606,-1103.7099831093337
4208.645498707158,4555.831229781617,-347.185731074459
4207.10610644475,4709.712145961766,-502.60603951701523
4200.083269702231,5267.332440804937,-1067.249171102706
4688.072132875479,4749.847803194453,-61.775670318974335
4698.795657567652,5310.903160284679,-612.1075027170273
4706.769416958585,4646.807211105279,59.96220585330593
4687.636743654114,5314.6503359740145,-627.0135923199005
4702.817558642153,4637.5713655979835,65.24619304416956
4691.6053109767245,5305.973283439159,-614.3679724624344
5244.556127762532,4409.78801255288,834.768115209652
5263.437403880022,4754.0877687114535,509.34963516856897
5257.296037705326,5133.212235676165,124.08380202916123
5255.88498717599,5365.658875304522,-109.77388812853133
5249.854542921702,5397.9276836347135,-148.07314071301153
5257.311613055733,5389.744406512092,-132.43279345635892
4722.442937077897,4812.57317024769,-90.13023316979252
4739.980711755676,4932.835653473917,-192.8549417182412
4734.031099156855,5196.846883924259,-462.8157847674038
4696.58010306204,4082.718527748389,613.8615753136505
4738.123317960755,4492.529913305642,245.59340465511286
5363.697262861661,4637.789555006482,725.9077078551791
5369.471940933692,5135.799345185331,233.67259574836135
5367.852301313931,4521.115312818987,846.736988494944
5357.099415417045,5226.076544826263,131.02287059078208
5353.870302410912,5113.431467618205,240.43883479270698
5355.270027012945,5234.957326353076,120.31270065986973
5348.543406307658,4552.107757319346,796.4356489883121
4717.815244454853,4845.65573167887,-127.84048722401712
4733.521379925845,4406.211540210225,327.30983971562
4734.508373434145,4975.6433439515795,-241.13497051743434
4712.445188742388,5271.514868978257,-559.0696802358689
4727.580320486507,5382.097786783984,-654.5174662974769
3808.777142362996,3904.8622503354836,-96.08510797248755
3797.4398288082,4838.8188635052375,-1041.3790346970372
4457.003958779384,4756.56193618357,-299.5579774041853
4468.941979105376,5235.6875860967975,-766.7456069914215
4478.196623975959,5234.881891996926,-756.6852680209677
4456.982539391311,4229.5601856856865,227.42235370562412
4468.8266323748685,5330.092863185526,-861.2662308106574
4456.098041006145,3826.567565348558,629.5304756575865
4466.018695739689,4635.1825971035505,-169.16390136386144
4447.763319372517,5397.595505105424,-949.8321857329074
5095.124030023601,5313.209363352374,-218.08533332877232
5095.419616005276,4472.682154982163,622.7374610231127
5100.7415648498945,5291.955841104857,-191.2142762549629
5111.62084911581,5200.06414453829,-88.44329542247942
5100.789989206055,5136.019155187432,-35.229165981377264
5093.184706585837,4468.697031659902,624.4876749259356
5102.861906440362,3915.821189796694,1187.040716643668
5098.250776583546,4825.530519868408,272.720256715138
5345.652374630524,4652.911725981943,692.7406486485806
5330.767780125581,5275.28123774888,55.486542376701436
5353.298768644303,4487.527356161766,865.771412482537
4954.181500188165,4814.763155771749,139.4183444164164
3886.5938710321984,4235.755327226082,-349.1614561938836
3898.090959448745,4744.930415182436,-846.8394557336915
3869.605161402246,5302.566307059534,-1432.961145657288
4612.548613432629,5328.664059412049,-716.1154459794197
4601.261985714398,5388.697595817073,-787.4356101026751
4607.84041751652,5342.325306243403,-734.4848887268836
4612.223124536794,4744.066869015586,-131.84374447879236
4616.84427055842,5243.203534413737,-626.3592638553164
4597.990230386342,5345.818814579152,-747.82858419281
4636.324597842303,4931.848305826271,-295.52370798396805
4612.27173058327,5250.781421155039,-638.5096905717692
4608.058345547983,4094.184780782596,513.8735647653866
5307.043964105186,4796.906669247892,510.13729485729436
5322.34563915096,5183.06050976434,139.2851293866197
5311.063661482164,4627.6480110321945,683.4156504499697
5302.955866304262,4722.598360748953,580.3575055553083
5331.891844866659,5324.624015424852,7.267829441807407
5325.408564706168,5079.6306385476855,245.77792615848284
5316.752817533362,4709.846649351951,606.906168181411
5315.097644100473,4961.02351707455,354.0741270259232
5344.593542319664,4492.963711417893,851.6298309017711
4551.179041788196,5410.113120079776,-858.9340782915806
5333.025107482065,4854.555195522054,478.4699119600109
5336.826756283129,5317.704446542763,19.12230974036538
5321.934431490244,4760.738307940897,561.1961235493463
5330.564526265879,4856.471126211049,474.09340005483045
5326.827124155053,4402.050094569192,924.7770295858609
5330.022276385644,5417.345439534401,-87.32316314875698
5348.3147039211235,5349.668861112732,-1.354157191608465
5323.394667217139,5342.980620533788,-19.585953316649466
5307.815640909514,5352.574314666586,-44.758673757072756
4606.475403214301,5293.534309746095,-687.0589065317936
4586.475225217027,4306.931664947134,279.54356026989353
4609.757974366409,4481.388927544969,128.36904682143995
4611.892082434472,4999.846749649614,-387.95466721514185
4617.589896640022,5369.734544055355,-752.1446474153336
4612.140531546851,5076.030526621836,-463.88999507498465
4608.520906178236,4631.262562602067,-22.741656423831046
4604.104024896531,4723.842437932993,-119.73841303646168
4595.1302423652605,4818.003766813605,-222.87352444834414
3887.7824803831495,5420.899077424297,-1533.116597041147
3872.3555155818735,5368.682744658325,-1496.3272290764512
3890.6889348644336,5390.275825686602,-1499.5868908221682
4860.3312858033605,5109.304258471431,-248.97297266807072
4889.749346770582,5427.659491934748,-537.9101451641664
4872.661974691866,5121.996522253448,-249.33454756158244
4870.898286173117,5069.53320110372,-198.63491493060246
4876.857289105225,4816.270881020337,60.58640808488872
4203.745526963806,5074.8146023199315,-871.0690753561257
4215.379333474983,5296.384994352088,-1081.0056608771056
4208.678613854059,4735.630821542438,-526.9522076883786
4217.477534123282,4770.600090980657,-553.1225568573755
4213.761969779977,5392.092496198647,-1178.3305264186693
4209.7295888832,5314.812775115167,-1105.0831862319665
4711.9880672271765,4654.280187641843,57.7078795853331
4679.822436779975,5268.490547759203,-588.668110979228
4692.928027034522,5371.941103860887,-679.0130768263652
4687.285345981001,4641.91218493549,45.37316104551155
4691.6235034571055,4827.161709299972,-135.53820584286677
4696.076417143601,4830.736514968714,-134.66009782511264
5255.9349291003045,5403.558466831793,-147.6235377314888
5258.516777788245,5274.169859730982,-15.653081942737117
5248.047679602444,4740.063030473337,507.9846491291073
5241.412703305881,4108.456333593907,1132.9563697119738
5269.102566095279,5140.857484233794,128.24508186148523
5275.565241944257,4765.582562558649,509.9826793856073
4725.411590494761,5307.6904512457895,-582.2788607510283
4722.577076012284,5395.863252034264,-673.2861760219803
4719.982113720334,5365.07531093972,-645.0931972193857
4722.067216292992,5339.234821227442,-617.1676049344496
4732.19933491932,5386.978578975121,-654.7792440558014
5369.240793943002,4638.020512658685,731.220281284317
5366.199108849364,4420.299423536297,945.8996853130675
5364.964061795013,4748.756731878278,616.207329916735
5353.870302410912,5280.436812488885,73.43348992202664
5338.9266704826105,5284.280950636818,54.64571984579288
5348.015324498455,5217.499148591664,130.51617590679052
5351.767628277616,5272.949987098066,78.81764117954936
4714.648040242284,5336.528536341586,-621.880496099302
4726.990752419544,4989.872807230225,-262.88205481068053
4718.478656975235,5403.023304280722,-684.5446473054872
4712.251156188698,5289.344748608421,-577.0935924197229
4716.566730466968,5155.304113347029,-438.737382880061
3813.70929063646,4752.105113438088,-938.3958228016277
3806.6681740786626,4749.712764699495,-943.0445906208324
4467.7901098369175,4932.893716964892,-465.1036071279741
4473.474546172969,4351.445291415134,122.02925475783468
4462.06202805787,4235.761281366475,226.30074669139503
4464.780413561976,4759.140398248279,-294.3599846863026
4457.515093866125,4395.562211017146,61.95288284897924
4464.729145065421,4758.990728226041,-294.2615831606199
4465.813764808028,4633.477693494218,-167.66392868619005
4462.81410088996,5385.8208188755225,-923.0067179855623
5103.762645502284,5265.814494950592,-162.05184944830853
5115.208161526734,5277.0852732606945,-161.8771117339602
5103.595752044248,4978.958247146324,124.63750489792437
5095.856869820563,5382.394159267673,-286.5372894471102
5104.698610713278,5233.742819184295,-129.04420847101665
5092.130732526666,5293.689577233128,-201.55884470646197
5112.255886703049,4772.7343124792915,339.52157422375785
5099.0417112944415,5188.581657049782,-89.53994575534034
5342.564598639292,5277.496528227732,65.06807041156026
5337.79399702737,5280.754224003852,57.03977302351814
5349.396005192377,4972.420832442644,376.97517274973325
4960.511271686209,5295.580199777782,-335.06892809157307
3869.605161402246,4479.246908378816,-609.6417469765706
3883.412923404999,3829.6891658412046,53.72375756379461
3900.668510197229,5100.003068937529,-1199.3345587403
4585.709398474252,5321.137626277999,-735.4282278037463
4607.9764422120015,4962.718522153831,-354.7420799418296
4627.083655741445,5142.663922865413,-515.580267123968
4601.613237997742,4622.060366675802,-20.447128678059926
4609.710289978001,5207.821457264355,-598.1111672863535
4614.042423072422,5414.054468732262,-800.0120456598397
4616.679753737703,4633.810814889138,-17.13106115143455
4616.070195797734,5266.005526848669,-649.935331050935
4608.868914638202,5267.650820655238,-658.7819060170359
5318.438149650094,4826.298841337789,492.1393083123048
5344.568441576337,5333.959197006961,10.609244569375733
5330.772641009123,4741.842789536767,588.929851472356
5322.270435972408,3662.5699527236625,1659.700483248746
5315.302069372134,5334.573794783098,-19.27172541096388
5345.431886631804,4830.908336610992,514.5235500208128
5338.291742195695,4592.032372654664,746.2593695410314
5316.195518575006,5059.570619011631,256.62489956337504
5322.630188191285,4473.171201658184,849.4589865331009
4529.749168373318,5360.289047587227,-830.5398792139094
5317.528615952405,4961.377949545264,356.1506664071412
5328.739635243897,5322.243069365456,6.496565878441288
5334.639302356835,4736.720913514059,597.918388842776
5325.608870036375,4761.735097327569,563.8737727088064
5325.318557307683,4643.143769330773,682.17478797691
5329.992887352959,5374.4116453041715,-44.41875795121268
5314.653017141235,4842.994849912615,471.6581672286202
5341.319318821893,4643.063660288969,698.2556585329239
5319.87621032741,5222.499571014734,97.37663931267616
4611.892082434472,5126.05428329538,-514.1622008609074
4615.366152032445,4601.498804773325,13.867347259119924
4620.7335279482,5290.42012987271,-669.6866019245099
4602.421039650701,5368.968051761454,-766.5470121107537
4602.314835162091,5396.158444241399,-793.8436090793075
4612.591375665595,5212.0184844471,-599.427108781505
4612.653569916656,4480.7037465624835,131.94982335417262
4606.491665116956,5274.158256022624,-667.6665909056683
4587.529938674317,4574.61638399402,12.913554680297239
3884.6701285610525,4749.631819274567,-864.9616907135141
3888.434919228665,4645.699662253933,-757.2647430252678
3887.2067707769697,5375.616407584791,-1488.4096368078212
4860.3312858033605,5366.83053481485,-506.49924901148916
4867.318870910304,5411.894181371008,-544.5753104607038
4874.886935024051,3905.9790776594477,968.9078573646034
4879.4864050467295,4637.835614486363,241.65079056036666
4865.373255890997,5127.646469553717,-262.2732136627201
4230.452137030441,4989.0927211926755,-758.6405841622345
4218.0056524260535,5227.083082778981,-1009.0774303529279
4222.8805075652535,3833.0673512012922,389.8131563639613
4191.564415424945,5353.397726158334,-1161.8333107333892
4214.76681032846,5395.886288595635,-1181.1194782671746
4208.826896392816,4964.2377077490055,-755.4108113561897
4712.982741288586,4848.206385080584,-135.22364379199826
4708.924049385298,4987.045330505919,-278.12128112062146
4690.1779292151905,5269.083327142429,-578.9053979272385
4690.6385536400985,5309.914847528072,-619.2762938879732
4697.857051210226,5118.473155762843,-420.6161045526169
4700.2494538274805,4565.622245393164,134.62720843431634
5251.021434007115,3829.8047934486917,1421.2166405584235
5270.212563289156,4934.058230580523,336.15433270863286
5240.400244894859,4475.288295047659,765.1119498471999
5250.925916752898,5400.41731204197,-149.491395289072
5238.763709901475,4621.447541775773,617.3161681257016
5276.664802876902,5396.407320863488,-119.74251798658588
4728.592279075203,5334.053434638955,-605.4611555637521
4739.846032777697,5400.473245045997,-660.6272122683004
4736.463839092608,5225.8988101743535,-489.43497108174506
4728.564661878891,5326.499788375697,-597.9351264968063
4721.643545670004,4624.428117952532,97.21542771747136
5366.029451416099,4169.030843888875,1196.9986075272236
5361.219634457635,4574.520084582764,786.6995498748711
5355.392405185274,5064.713874317829,290.67853086744435
5355.270027012945,4991.720557529513,363.5494694834324
5348.015324498455,5376.845136204723,-28.82981170626772
5362.049716451524,5284.276958681681,77.77275776984243
5354.190917630095,5234.442507613939,119.74841001615641
4710.758659448423,5375.0374895546065,-664.2788301061837
4722.025622887467,5269.804802756312,-547.779179868845
4715.34661855679,4959.535133180826,-244.18851462403563
4723.965386374228,5272.6553047124735,-548.6899183382457
4724.131050040075,4810.558132259724,-86.42708221964858
3809.915659553201,5276.847462996575,-1466.931803443374
3806.062110847229,5069.501473980866,-1263.4393631336366
4460.27642718963,4638.608574340411,-178.33214715078066
4482.4174907687,4503.932008513362,-21.514517744662044
4444.334315047492,4617.877112655544,-173.54279760805184
4465.474986517594,4923.868984621956,-458.39399810436225
4457.903186923934,5416.573349669939,-958.6701627460043
4461.223694014465,5412.732363295736,-951.5086692812711
4458.146332664541,5381.893768200129,-923.747435535588
4461.696245955385,5165.116740578198,-703.4204946228128
5106.1324342762855,4998.566905120646,107.56552915563952
5120.151825272202,5436.87519811017,-316.7233728379679
5099.306765884329,4762.14339014891,337.1633757354193
5114.71193676261,4856.806348493883,257.9055882687271
5095.581770470377,5222.3047171810895,-126.72294671071268
5106.4366746810965,4638.952026752007,467.4846479290891
5086.350868232813,4614.37256299688,471.97830523593257
5110.5932995173935,4850.729733336733,259.8635661806602
5330.457411114641,4618.858424527523,711.5989865871179
5364.321206187388,5325.24155890311,39.07964728427851
5353.69260396433,5236.006133462499,117.68647050183154
4947.490649747495,5376.662030926191,-429.1713811786958
3877.892525136375,5066.007855149285,-1188.1153300129104
3885.0431855762536,4811.357343007835,-926.3141574315814
3885.621501332781,4851.446174710089,-965.8246733773076
4598.850309675784,4631.542817561964,-32.692507886179555
4616.603032308182,5168.181904553094,-551.5788722449115
4626.477356821931,4998.256162610614,-371.7788057886837
4608.5333491156925,5376.001805650636,-767.4684565349435
4594.742627282809,4963.745719868192,-369.00309258538346
4595.46909504854,5349.152346677807,-753.683251629267
4597.513245814959,4903.119126808112,-305.6058809931528
4610.790985409422,4631.047316773408,-20.256331363985737
4594.74968050161,4616.595235465718,-21.845554964108487
5322.529956200415,5088.472754045774,234.05720215464044
5313.458884193463,5368.791143400322,-55.33225920685891
5331.79292146921,5137.487198287852,194.3057231813582
5334.6433867449605,5408.503418696759,-73.86003195179819
5348.304500735504,4496.246465231843,852.0580355036609
5324.886366428448,5389.590387798468,-64.7040213700202
5331.574141232818,5289.448893242257,42.12524799056064
5321.614538628371,5318.166437432975,3.448101195395793
5309.300665253507,5055.360830462756,253.93983479075087
4549.410836588847,4245.910099069214,303.5007375196328
5341.932622394042,5419.123703483285,-77.1910810892432
5335.095631614895,4574.27141654021,760.8242150746846
5325.49480426968,5398.515840991868,-73.021036722188
5354.689498048109,5289.3949895898795,65.29450845822976
5319.120097221375,4843.786180047707,475.33391717366794
5313.328175671486,4717.566244034627,595.7619316368591
5308.1215701909805,4737.223416035313,570.8981541556677
5349.261871186627,5236.012173323709,113.24969786291786
5325.846629889556,4632.812220194668,693.0344096948884
4608.520906178236,5074.948490734605,-466.42758455636886
4602.05123030852,4734.376665550441,-132.3254352419217
4616.6697491897985,4633.703366581366,-17.03361739156753
4612.653569916656,5369.7006092384745,-757.0470393218184
4611.0545624706465,4763.165720038231,-152.1111575675841
4605.827179162148,4963.374118608089,-357.54693944594055
4601.061636792597,5407.09103093239,-806.0293941397931
4600.899959644027,5287.979106328357,-687.0791466843302
4609.797518260217,4638.209158414115,-28.41164015389859
3885.7118783423325,5258.26453864053,-1372.5526602981977
3890.063619129964,4162.356677483205,-272.2930583532411
3892.3265224308593,5146.893639615642,-1254.567117184783
4860.3312858033605,5359.247722197568,-498.91643639420727
4888.008756259679,4591.705240121063,296.30351613861603
4857.089584796914,4948.824016035088,-91.73443123817378
4863.149587132366,4749.357577185157,113.7920099472085
4868.442720053404,5360.436962956709,-491.99424290330535
4214.490397586213,4709.311749765617,-494.82135217940413
4198.566247656403,4611.388643294629,-412.8223956382262
4207.401315537823,5211.734093327472,-1004.3327777896484
4208.046023404183,5308.655713079382,-1100.6096896751988
4223.357708980165,5410.219904087222,-1186.8621951070572
4213.741283264519,5063.62857073407,-849.8872874695517
4724.602503608744,5392.952780377176,-668.3502767684322
4691.216578403939,5319.830360544818,-628.6137821408793
4712.395253687811,5300.083104202586,-587.6878505147743
4678.237680022099,5272.159449606307,-593.921769584208
4683.086556861543,4617.592579117886,65.49397774365661
4693.604644241027,4627.819763488596,65.78488075243058
5233.292113914016,5267.699255489319,-34.407141575302376
5239.373621310957,5123.098625447954,116.27499586300291
5246.504020106547,4738.828426978811,507.67559312773574
5245.748245276406,5118.4194216821,127.32882359430641
5248.311721662786,5381.363157667303,-133.0514360045172
5257.5273620176695,4480.194847883804,777.3325141338655
4715.177950514346,4618.56834328976,96.60960722458549
4723.532496885063,4629.817362615113,93.71513426994989
4732.0068916024675,3840.7373858741344,891.2695057283331
4710.472717402297,4971.824124021456,-261.3514066191583
4742.0066566480655,5089.255337536523,-347.2486808884578
5342.351480229476,5204.764006205789,137.5874740236868
5360.547682062281,5328.480914195933,32.06676786634762
5343.3892981475365,4729.440780162244,613.9485179852927
5348.543406307658,4619.585735177593,728.9576711300651
5351.767628277616,4625.5297903464225,726.2378379311931
5354.190917630095,4470.901390623368,883.2895270067274
5378.101815801002,5138.881975859322,239.21983994168022
4714.539024600273,5237.1700679362575,-522.6310433359849
4729.300809472079,4570.796023036324,158.5047864357548
4730.6533249272225,5407.11454344988,-676.4612185226579
4700.268205064784,3885.244664976221,815.0235400885626
4714.851858952895,5303.318759757001,-588.4669008041064
3804.206151562426,5228.191333014687,-1423.9851814522613
3804.381301089044,3901.53890656742,-97.1576054783759
4480.995456934797,4648.52738484042,-167.53192790562298
4457.202357925963,4973.490696657424,-516.2883387314614
4456.275770748238,5208.088091464224,-751.8123207159861
4446.9667246428535,5235.244450659361,-788.2777260165076
4455.092827377675,4156.330630314507,298.76219706316806
4451.045759586587,4822.033501008326,-370.987741421739
4474.421205753261,4174.519808670731,299.9013970825299
4454.110515523948,4622.230170052922,-168.11965452897402
5087.347285995417,5276.603508199766,-189.2562222043489
5118.8052700335775,4603.950815526562,514.8544545070154
5115.206563661511,4856.873585338331,258.3329783231793
5091.977139335716,4754.233811456842,337.74332787887397
5096.64109258277,5375.923974523616,-279.282881940846
5111.9440147810255,5156.629622334896,-44.685607553870796
5109.249696998787,4648.150947962467,461.09874903631953
5085.953867112078,5266.582270217228,-180.62840310515003
5336.158755805683,5243.064717901317,93.0940379043659
5354.690623693084,4646.412404846962,708.2782188461215
5357.485694305817,5374.833158340213,-17.34746403439658
4936.070623534842,5055.750076844079,-119.67945330923703
3886.5200092491214,5385.117011974288,-1498.597002725167
3883.792831272157,5283.692310991789,-1399.899479719632
3867.5518997748886,5119.569149884664,-1252.017250109775
4601.015255813536,5142.15570284906,-541.1404470355237
4608.5333491156925,5130.188519505842,-521.6551703901496
4620.7229372861675,4987.943957004373,-367.22101971820575
4616.775098688258,4247.529918767569,369.2451799206892
4618.413452401084,5376.9188822417655,-758.5054298406812
4591.388262021494,4976.071098691799,-384.68283667030573
4617.56143508314,4660.722398907734,-43.16096382459364
4612.280945568022,4640.701213545378,-28.42026797735616
4611.368389849328,4744.42421061891,-133.05582076958217
5327.275426360984,4171.119733716591,1156.1556926443927
5312.452700153791,5253.302454325634,59.150245828156585
5317.770830508926,4110.563363262617,1207.2074672463095
5317.035070388145,4748.170310903138,568.8647594850072
5332.095726616653,4755.9243784221235,576.1713481945299
5326.241899444889,5399.032388356211,-72.79048891132243
5328.739635243898,4763.5473568052685,565.1922784386297
5321.665961461391,5396.079987104032,-74.41402564264081
5322.808636540254,5366.710402801832,-43.901766261577905
4551.281806644464,5287.8082696268,-736.5264629823359
5338.403177272051,5308.332771616536,30.07040565551506
5330.28037974438,4602.283567540376,727.9968122040045
5316.019976761406,5277.158782978074,38.861193783332055
5322.458840750304,5369.661996988935,-47.20315623863098
5318.62725162182,5297.706289701152,20.92096192066765
5329.925181470797,5285.937899066242,43.98728240455512
5304.1731626243545,5393.465683603602,-89.29252097924746
5336.387682815826,4751.475763768983,584.9119190468436
5323.971730642772,5323.86905731684,0.10267332593230094
4617.602997206043,5130.3820792135175,-512.7790820074742
4621.485615582879,4982.775667815204,-361.29005223232434
4610.500060603234,5067.136253480399,-456.63619287716574
4613.1473391298005,4641.583509091451,-28.436169961650194
4602.395182194504,5074.291863070222,-471.8966808757177
4605.26280948406,4625.5151590052365,-20.252349521176257
4604.546258880894,5245.053023715009,-640.5067648341146
4611.089000524346,5283.470459443671,-672.3814589193244
4610.605692586694,5290.011356290771,-679.4056637040767
3879.0540839828545,4708.873289548786,-829.819205565931
3860.3411776534904,5094.072728285891,-1233.7315506324003
3879.264990682148,5316.999397469164,-1437.7344067870163
4860.3312858033605,5276.660131128274,-416.32884532491335
4884.096578643411,5133.58187953895,-249.48530089553878
4853.8626510475815,4629.176719959782,224.68593108779987
4884.283172116401,5428.739926926237,-544.4567548098357
4874.158994560295,3832.728038286718,1041.4309562735766
4225.175958166954,4643.055782847309,-417.87982468035534
4226.972154813045,5336.355358923259,-1109.3832041102141
4220.672600675628,4893.802260405693,-673.1296597300652
4225.5571892059015,4635.545490463099,-409.98830125719724
4209.834828430022,5119.513673763355,-909.6788453333329
4204.665986828152,5149.089797368641,-944.4238105404884
4706.484915636748,5243.142923881553,-536.6580082448045
4691.449154336629,5066.610683644479,-375.1615293078494
4700.537160140209,5192.409459587009,-491.87229944679984
4670.561594484765,5236.097824317977,-565.536229833212
4701.566344115079,5380.257039980447,-678.6906958653681
4702.820632005459,5388.083811685018,-685.2631796795595
5251.145677620563,4629.291545797185,621.8541318233783
5238.996763319892,5113.045848274241,125.95091504565153
5268.600735467792,4983.524799263464,285.0759362043282
5251.928037588432,5003.326069718899,248.60196786953293
5272.954441782402,5391.416755224746,-118.46231344234457
5259.5883428053785,5200.417938891874,59.17040391350474
4710.0409604900815,4616.288347197155,93.75261329292607
4718.311050995014,5413.8019492872845,-695.4908982922707
4740.594242470855,5282.4637597804185,-541.8695173095639
4709.559689037128,5205.2953795641815,-495.7356905270535
4709.071264303243,4582.647153333495,126.42411096974774
5359.461614473506,4639.6229831368855,719.8386313366209
5364.534337858062,5163.516779801157,201.01755805690482
5357.005350413956,5308.725790864535,48.27955954942081
5349.489083553952,5126.123778452965,223.36530510098692
5349.265625438526,5274.035140678838,75.2304847596879
5347.6542177232905,4618.283060708301,729.3711570149899
5347.353270652326,4229.527396456288,1117.8258741960371
4733.069577066273,4600.756956942012,132.31262012426123
4721.609284494657,5225.061926443467,-503.4526419488102
4735.657589887403,4751.415194723855,-15.75760483645172
4729.677979830955,3901.2836830899387,828.3942967410167
4726.423017229586,4746.287745416493,-19.864728186907087
3814.034967409394,5400.907879041162,-1586.8729116317681
3809.3379253175485,4727.920551642595,-918.582626325046
4456.018702256713,5316.976972353945,-860.9582700972314
4450.079381475382,5268.893014887965,-818.8136334125829
4473.522718552385,5297.096527074863,-823.5738085224775
4453.428750362222,5265.147465221684,-811.7187148594621
4469.859770762865,4971.679372709175,-501.8196019463103
4465.182461750981,4404.403960960415,60.778500790565886
4450.745207326603,4750.249203091436,-299.50399576483323
4451.772378684076,5307.115150414959,-855.3427717308832
5097.478002315243,4962.593597577021,134.88440473822266
5103.23267796344,4151.645038518572,951.5876394448687
5105.678012867317,3903.292289003443,1202.3857238638743
5087.657037204272,5364.031558233391,-276.374521029119
5111.170466280385,5170.076576565451,-58.90611028506646
5093.18031367861,5356.51911180259,-263.33879812397936
5115.555638219179,5276.139932411401,-160.58429419222193
5107.088558342981,5409.882990771877,-302.79443242889647
5348.608243884541,4819.447447400568,529.1607964839723
5341.179100907501,5397.747592823642,-56.568491916140374
5336.226510267116,4968.338299443001,367.88821082411505
4938.542702833633,4833.588294063975,104.95440876965768
3873.6971881354284,5176.551942536193,-1302.8547544007643
3876.8651741612684,5070.685732663137,-1193.8205585018686
3888.053960613194,4568.553039595519,-680.4990789823255
4608.681530876132,4415.994038907584,192.68749196854787
4595.46909504854,5252.236045744827,-656.7669506962866
4616.243684072593,5370.411477858369,-754.1677937857758
4591.388262021494,4618.962628628264,-27.574366606770127
4616.48889346625,4633.161550282405,-16.672656816154813
4620.681357432619,5324.590955488037,-703.9095980554184
4600.607847549693,4735.7838772411715,-135.1760296914781
4613.223980615172,5126.894888616041,-513.6709080008686
4602.60879176,4963.2225982360615,-360.61380647606165
5328.667821544076,3838.324157810568,1490.343663733508
5319.371439158242,5311.461854291321,7.909584866920341
5328.619930532754,5327.8261718564045,0.7937586763491709
5338.452069742764,4411.30463343699,927.1474363057741
5352.380386803814,5311.368300205326,41.01208659848817
5334.436020493002,4643.061652957845,691.374367535157
5325.693005537548,5282.444911581209,43.24809395633838
5327.154048677926,5212.179421894726,114.97462678319971
5321.989817648712,5231.2047314406445,90.7850862080677
4509.931471430149,5091.202847192032,-581.2713757618831
5318.393363031395,5354.347112870524,-35.95374983912916
5314.895277967409,5316.577503919644,-1.6822259522350578
5336.9445048839225,5329.080106330592,7.86439855333083
5347.460057595235,5365.84466918132,-18.384611586084247
5323.902883075703,5153.51826334883,170.3846197268731
5312.456876284171,4630.458338127738,681.9985381564329
5323.239376332559,4629.536349797042,693.703026535517
5335.393571694758,5078.756382806832,256.63718888792573
5345.832948442141,4613.270121450488,732.5628269916533
4610.4394412925885,3898.878035447336,711.5614058452525
4598.658345930683,5303.841551734301,-705.183205803618
4606.141249450401,5221.110090478622,-614.9688410282206
4616.609220079175,5323.740561376989,-707.1313412978134
4606.520749566729,5367.521485430011,-761.000735863282
4634.183221667574,4769.699336184853,-135.51611451727877
4614.541039439746,5325.087098830458,-710.5460593907119
4617.243758777466,5175.668329795314,-558.4245710178484
4612.643263235354,4745.290343417237,-132.6470801818823
3881.347105345036,4822.299246307729,-940.9521409626927
3892.686448239017,5274.52058694684,-1381.834138707823
3885.1362894614676,5407.181461472135,-1522.0451720106676
4860.3312858033605,4550.057652700411,310.27363310294913
4864.868986856531,5298.166008135569,-433.29702127903874
4893.247286237018,5390.724864882479,-497.4775786454611
4891.939585608512,5397.891654935884,-505.95206932737165
4874.168491972983,4637.424021333383,236.74447063959997
4214.446400361772,4740.210165368204,-525.7637650064316
4206.037054116809,4582.542922811824,-376.5058686950151
4194.382086346611,5360.566805084721,-1166.18471873811
4213.761969779977,4924.870830636888,-711.1088608569107
4208.416643616904,4588.1316908670915,-379.7150472501871
4228.952705030104,5337.260219820703,-1108.3075147905993
4708.924049385298,5144.15191000695,-435.2278606216523
4679.409869373323,5053.47190609408,-374.0620367207566
4681.534687604609,5385.815387731487,-704.2807001268784
4697.539213847255,4337.586578832432,359.9526350148235
4703.9965034469315,5142.387067146503,-438.39056369957143
4707.481158701355,5237.614149455478,-530.132990754123
5239.373621310957,4226.3233165414185,1013.0503047695383
5255.126855473726,5214.389704368278,40.73715110544799
5267.956783675311,4648.53332941303,619.4234542622817
5260.777404333334,5378.054202517602,-117.27679818426805
5259.582493126792,5273.203386307954,-13.6208931811625
5269.828213462313,5286.299337078392,-16.47112361607924
4727.250543548492,5389.8218905242165,-662.5713469757247
4732.19933491932,5378.7100130511635,-646.5106781318436
4728.9214222930395,5220.941102942743,-492.01968064970333
4713.56929194202,4833.509969055245,-119.94067711322532
4718.535907279738,5284.0976765508085,-565.5617692710703
5374.640333630239,4643.606636142231,731.0336974880083
5341.18356656586,4798.127554453667,543.0560121121935
5371.875804138841,5135.369677086002,236.50612705283856
5367.6470897631925,3667.434219095491,1700.2128706677017
5362.99050521663,5329.635643436329,33.35486178030078
5360.32003228458,4841.942721816907,518.3773104676729
5367.516950429374,3915.030619713138,1452.4863307162364
4721.609284494657,5225.061926443467,-503.4526419488102
4736.638092329381,5004.805340388394,-268.1672480590132
4718.105959069312,5293.0998638485835,-574.9939047792714
4717.187053089671,4906.993590543675,-189.80653745400377
4738.868577693261,4653.692481002762,85.17609669049853
3817.9382221801056,4600.771742125665,-782.8335199455591
3814.846205334505,3835.835158112874,-20.988952778368912
4472.715168932418,5405.180823838933,-932.4656549065148
4454.893082717519,4754.015679655081,-299.12259693756187
4458.146332664541,5388.13356949269,-929.9872368281494
4433.415118954712,5099.61532941995,-666.2002104652383
4468.433331126876,5303.886565917358,-835.4532347904824
4447.2324706708405,5104.721929901988,-657.4894592311475
4462.378933860762,5127.729633661208,-665.3506998004459
4461.468846459658,5327.434096768443,-865.9652503087846
5084.894127174668,5382.206192856096,-297.31206568142807
5096.64109258277,5397.476802892352,-300.8357103095814
5077.957560202681,4570.723031215866,507.23452898681444
5097.192966808487,4978.929363238245,118.26360357024168
5093.088333332015,5184.091552720535,-91.00321938851994
5111.1446960325275,4840.224695367461,270.92000066506625
5096.887665903518,5339.6185845831005,-242.73091867958283
5108.62631776777,5195.894726295722,-87.26840852795158
5339.906965435693,5382.9006378666045,-42.99367243091183
5333.992214402091,4472.149850289268,861.8423641128229
5329.747659505317,4727.395958187614,602.3517013177025
4951.941025974225,5217.386762194213,-265.44573621998734
3888.1357934737957,4919.990575140061,-1031.8547816662654
3879.670382711248,5287.543926835184,-1407.873544123936
3886.382004243446,3669.940493817515,216.44151042593103
4579.051670761145,4606.285878251201,-27.23420749005618
4610.790985409422,5390.295536959145,-779.5045515497222
4593.18321147101,4740.522379216699,-147.33916774568934
4612.280945568022,4492.051429419504,120.22951614851809
4600.712755954474,4899.283479506086,-298.570723551612
4613.223980615172,4763.72807982034,-150.50409920516813
4600.423684050989,5276.846588574073,-676.4229045230841
4602.415059876273,5256.447205529487,-654.0321456532147
4617.088557830137,5077.775678384667,-460.68712055453034
5322.398374285167,4748.178525558241,574.2198487269261
5327.326486342772,5410.776726424049,-83.45024008127712
5320.7103823973,4754.930901891993,565.7794805053072
5341.932622394043,4766.761059261089,575.1715631329544
5333.244838071541,5402.9273434194465,-69.68250534790513
5332.572644715946,4764.171029545585,568.4016151703609
5314.653017141234,4220.2961133625,1094.3569037787338
5314.65669599615,5111.0578851851515,203.59881081099866
5316.21907069719,4629.0152882225,687.2037824746894
4537.974784055153,5235.169385194021,-697.1946011388682
5327.194368727755,5118.729072568313,208.465296159442
5304.1731626243545,4609.337517492139,694.8356451322152
5331.217730862817,5397.488332988779,-66.27060212596189
5331.924751289411,5122.724093505515,209.20065778389562
5326.311747940083,4640.424028914236,685.8877190258463
5330.9812118354785,5235.238525485238,95.74268635024055
5330.591709357605,5374.483141302801,-43.89143194519602
5335.422516791227,4327.817034347488,1007.6054824437397
5308.213265295341,5141.031844906957,167.18142038838414
4612.319693791362,5185.249937322936,-572.930243531574
4625.859343933044,3844.8973345605386,780.9620093725057
4592.604047894133,5367.132383963587,-774.5283360694539
4604.033064942171,4629.937586434785,-25.90452149261364
4581.682735205937,4828.478557185727,-246.79582197979016
4621.377335528512,4525.808817348912,95.56851817959978
4599.900611435433,5254.759126022498,-654.8585145870647
4604.534775708365,5377.902406489737,-773.3676307813721
4613.836906268492,5311.96111162808,-698.1242053595879
3883.235310300661,5294.294127081613,-1411.058816780952
3897.129591829634,5387.615361242099,-1490.4857694124653
3876.4094122239526,5352.1646814196165,-1475.755269195664
4860.3312858033605,5306.789067190018,-446.4577813866572
4885.947905626447,4648.234704679538,237.71320094690964
4875.749294466827,4560.143177093298,315.60611737352974
4862.528921530322,5360.1023842273835,-497.5734626970616
4877.770288512609,3909.843096872849,967.9271916397602
4222.216625214693,4242.024921799339,-19.808296584646087
4209.930831517472,4739.08593852342,-529.1551070059477
4226.585934681616,5171.971901658806,-945.38596697719
4205.2853835535825,5315.9199546600685,-1110.634571106486
4198.216288625658,5265.354441731646,-1067.1381531059878
4222.035331047207,3913.9000122092903,308.1353188379171
4699.097540167083,5259.441521744913,-560.3439815778302
4698.982402087135,5281.720467035276,-582.7380649481411
4699.144031631751,4633.5359895525935,65.60804207915771
4692.030754064511,4634.014399728554,58.01635433595675
4697.535604372677,4758.289652605282,-60.75404823260487
4687.802764341928,4645.249839390212,42.552924951715795
5256.304722238986,4815.101966017652,441.2027562213343
5248.0784370763095,4624.211556204976,623.8668808713337
5223.013278478882,5278.807569610573,-55.79429113169135
5246.03574298782,5279.469103190856,-33.43336020303559
5237.146332907621,4611.8413241422595,625.3050087653619
5251.552295034344,4738.624268902007,512.9280261323365
4722.496154240398,4850.872947408166,-128.37679316776757
4721.923141740539,4757.17878793423,-35.255646193691064
4743.778595035903,5087.2345159726765,-343.4559209367735
4728.626813353599,5237.608131732266,-508.9813183786673
4715.487982501632,5315.429739284085,-599.941756782453
5348.233810483758,5177.4513314158685,170.78247906788965
5364.345952928612,5388.260819677173,-23.9148667485606
5345.077718144209,4547.499806902335,797.5779112418741
5371.420414081103,4664.013353840854,707.4070602402498
5350.466890960518,5271.376408556424,79.09048240409356
5347.082433508501,5375.040062716993,-27.957629208492108
5365.163239700565,5385.561715081145,-20.39847538057984
4735.657589887403,4574.251093205336,161.40649668206788
4718.105959069312,5282.893521550738,-564.787562481426
4725.838762960022,4434.12163487099,291.7171280890316
4723.052718256252,4974.701786460703,-251.6490682044514
4748.08008616317,4879.974821521902,-131.89473535873276
3823.242187397735,5382.388975011371,-1559.1467876136362
3811.9592307362686,4647.530610299445,-835.5713795631759
4448.89554781105,5352.7617373722405,-903.8661895611904
4456.8383893565315,4394.3950873122985,62.44330204423295
4447.452508361397,5152.55190868453,-705.0994003231326
4454.378679020114,4320.365955427476,134.01272359263749
4455.4094324334965,5199.255357743512,-743.8459253100154
4476.163223902551,5316.8637127512775,-840.7004888487263
4465.062921128102,5283.231440124829,-818.1685189967266
4452.5704611771625,4630.347591544568,-177.77713036740533
5102.935281611219,5230.435030813435,-127.49974920221666
5086.288681215882,4475.073776564925,611.2149046509576
5099.52355822704,4746.14573205903,353.37782616800996
5105.870004293354,4487.170365592017,618.6996387013369
5094.479062522041,5290.817579004206,-196.33851648216478
5093.234104401572,5122.271001373031,-29.0368969714591
5104.294462824461,5361.663472184759,-257.36900936029724
5087.51216030826,5058.3758732566,29.136287051659565
5332.662583721244,5108.762768743498,223.89981497774625
5330.791506695188,3890.9426540889854,1439.8488526062029
5359.809566525821,5227.109513655449,132.70005287037202
4940.612060380961,4744.1506721912465,196.46138818971485
3869.04610128676,5381.160947966609,-1512.1148466798486
3879.4431146553507,4629.866994557997,-750.4238799026461
3880.82569326429,4906.944417790313,-1026.1187245260235
4600.524421415762,4644.117717486201,-43.593296070439465
4608.828493641738,4968.384934465979,-359.5564408242417
4614.51566291009,4749.40062820719,-134.88496529709937
4619.042799639074,5127.780928605734,-508.73812896666004
4598.185422628499,5374.048154663885,-775.8627320353862
4614.779168054971,5283.396368338365,-668.6172002833946
4610.273139356617,5269.602259740034,-659.3291203834169
4605.25606293652,5266.064520207199,-660.8084572706794
4608.351962370931,5290.757624213345,-682.4056618424138
5326.659131861667,3905.664482131726,1420.9946497299416
5328.794775303358,4484.487393838392,844.307381464966
5338.069616303871,5010.584371912055,327.4852443918162
5342.347607293184,5296.948587021802,45.39902027138214
5344.105499390765,5301.0996801964775,43.00581919428714
5328.024004575045,4976.151696438134,351.87230813691076
5332.016475025523,5217.483564646855,114.53291037866802
5319.646795869719,4894.579660559874,425.06713530984507
5342.220588605245,5282.786234510921,59.43435409432459
4540.068240657137,5193.9882507439515,-653.9200100868147
5334.994562204521,5394.161841091049,-59.16727888652804
5316.388865570744,4630.115034814375,686.2738307563695
5334.710739406238,5315.574907445783,19.135831960455107
5318.587974454961,4627.457061813519,691.1309126414417
5322.93637376154,5135.46369632887,187.47267743267003
5311.0221895218965,5190.671903634243,120.35028588765363
5338.9958699112185,5359.921084105834,-20.925214194615364
5332.256909257845,5303.026178866735,29.230730391110228
5318.090646883234,4228.934903148524,1089.1557437347092
4617.18352902879,5237.294463101074,-620.1109340722842
4610.974943509619,5281.796291855057,-670.8213483454374
4632.917225547414,5400.38812932317,-767.4709037757557
4609.95786784758,4399.161776027908,210.79609181967226
4595.96985591757,5194.8355162354355,-598.8656603178651
4612.0888905611955,4567.3788976487485,44.70999291244698
4601.151368047257,5068.026302239876,-466.87493419261864
4605.428335141623,4624.95644401276,-19.528108871136283
4628.48071187132,4598.858627216893,29.622084654426544
3877.384756138518,4332.560099784621,-455.17534364610356
3880.7067466540884,5327.074391527542,-1446.3676448734532
3884.4917351361387,4758.744828993279,-874.2530938571404
4860.3312858033605,5350.979156273608,-490.64787047024765
4873.03572778826,5276.6741990444425,-403.63847125618213
4878.449795832728,5083.889363671718,-205.4395678389892
4874.1277523699855,4746.134902008666,127.99285036131914
4863.2361244848,4841.561365728055,21.674758756745177
4224.2008946438655,4982.730621591389,-758.5297269475232
4212.430017460157,4557.321089976581,-344.8910725164242
4206.229950346596,4957.184060195247,-750.9541098486516
4218.885849736146,5069.012773050533,-850.1269233143867
4217.61681700073,4745.536482447065,-527.9196654463349
4203.7935395618,4588.307354973178,-384.51381541137835
4704.232819432485,4643.983116531156,60.24970290132842
4690.285530812361,5280.903999316619,-590.6184685042581
4700.63975648891,5329.31899348659,-628.6792369976802
4691.482114722718,5122.897062980957,-431.41494825823975
4693.575628480647,5231.520294308595,-537.9446658279485
4697.13494434891,5321.465229150846,-624.3302848019366
5246.504020106547,5373.944045398086,-127.44002529153931
5267.956783675311,5245.10148325208,22.85530042323171
5238.083992606122,5295.179881675228,-57.095889069106306
5253.106526309713,4766.087816058579,487.0187102511345
5276.607738687287,5422.671609238379,-146.0638705510919
5255.581682971917,4759.688726191731,495.89295678018607
4724.01105054479,4340.523223969365,383.48782657542506
4735.981112611178,5135.9018114837445,-399.9206988725664
4719.309405353289,5229.767995991097,-510.4585906378088
4724.155792284899,5320.881615738685,-596.7258234537858
4712.612242382193,5265.541279972245,-552.9290375900528
5349.964879941307,5115.335272732381,234.62960720892625
5362.294793960429,4481.788914924761,880.5058790356679
5347.221518054345,5278.278512215113,68.94300583923268
5347.258753068659,4313.281269077289,1033.9774839913698
5351.141358853621,5288.3169275719265,62.82443128169416
5364.944816458801,5000.261355484082,364.6834609747193
5334.980384925843,4895.205918882214,439.7744660436292
4729.677979830955,5374.002304814142,-644.3243249831867
4717.187053089671,4632.323863223939,84.86318986573224
4723.052718256252,5122.3910525010915,-399.33833424483964
4737.290431870903,5315.6181539687905,-578.3277220978871
4741.113153332021,4655.05490182113,86.05825151089084
3802.590810012087,3897.0152176508946,-94.42440763880768
3809.7267566326886,4762.949964827833,-953.2232081951447
4454.333458427784,4626.679548618278,-172.34609019049458
4440.550128365498,5259.451409726377,-818.9012813608797
4464.869942023671,4857.268472310271,-392.39853028660036
4461.809457825778,5395.642828808147,-933.8333709823692
4447.213452875401,4838.933858596172,-391.72040572077094
4457.793405813128,5281.58358277683,-823.7901769637019
4456.790286719254,4914.632503692147,-457.84221697289286
4464.131905741459,4634.089837578141,-169.95793183668138
5098.448140947742,4829.481094237197,268.9670467105452
5085.953867112078,5293.419861914359,-207.46599480228087
5131.443537202541,4786.547001959486,344.89653524305504
5107.275364722104,5289.601550127236,-182.32618540513158
5108.62631776777,5078.018575702817,30.607742064953527
5092.953398131614,5289.279629312738,-196.32623118112315
5096.2258746846355,4736.847782068413,359.3780926162226
5100.920686149917,5374.00429384423,-273.0836076943133
5350.674998041396,4638.672634742582,712.0023632988141
5349.70683866107,5085.921879876595,263.78495878447484
5355.692354843431,4487.953867564054,867.7384872793764
4952.374573057488,5307.25966725815,-354.885094200662
3876.671571297253,4733.461517704374,-856.7899464071211
3894.6297389559854,5297.927279268178,-1403.2975403121923
3886.2090593318712,5285.559371439337,-1399.350312107466
4618.970263249059,4440.395517115421,178.57474613363775
4605.675900615353,5404.279983630035,-798.6040830146812
4610.369137686661,5378.956678218251,-768.5875405315901
4606.039916857786,5230.497736741162,-624.457819883376
4621.263904973716,4646.826828241348,-25.56292326763196
4607.517204649596,4713.983466808665,-106.46626215906872
4597.72034179733,4625.366934008765,-27.646592211435745
4606.2247168547665,4626.488619950057,-20.263903095290516
4613.117802853336,5142.600477776666,-529.4826749233298
5338.069616303871,5395.318551410651,-57.248935106779754
5352.930036720925,5426.15524259801,-73.22520587708459
5341.275527226472,5322.315097445706,18.96042978076639
5321.829686008912,5287.59618328811,34.23350272080188
5308.697821612418,5176.039998770205,132.65782284221314
5314.187965704864,4750.919624618559,563.2683410863046
5339.126516403162,3915.3297504769425,1423.7967659262195
5330.768491857972,5072.5201094671365,258.2483823908351
5342.909168155198,5251.712030111426,91.1971380437717
4531.674188948828,5132.858630999214,-601.1844420503867
5306.102073841819,5048.940591041993,257.16148279982644
5322.505665929944,5375.187880266178,-52.6822143362333
5320.85563605366,4628.064652566376,692.7909834872844
5317.8025788245095,4717.078204174299,600.7243746502108
5339.18638006637,4408.641449799499,930.5449302668703
5317.559044659939,5295.961846718721,21.597197941217928
5315.235404771319,4963.931708139059,351.30369663225974
5328.736750052082,4567.650843884821,761.0859061672609
5316.352773674534,3897.7408560200824,1418.6119176544512
4607.056827739011,5287.4969152486165,-680.4400875096053
4607.638104968008,5392.903260409378,-785.2651554413706
4610.771034232593,5280.466887466106,-669.6958532335129
4608.145738057431,5320.2386877610215,-712.0929497035904
4597.1629709021545,4618.072608174039,-20.909637271884094
4609.413247069805,4637.060257443411,-27.647010373605553
4614.484692746988,4858.174463437562,-243.68977069057382
4606.846010303633,5244.0647519263675,-637.2187416227343
4616.796821960072,4917.4660509537525,-300.6692289936809
3885.885257892148,4633.935054405263,-748.0497965131153
3883.009026952924,4636.938863100774,-753.92983614785
3895.647320151991,5415.200434337451,-1519.55311418546
4860.3312858033605,5057.0047904975,-196.6735046941394
4859.013205456216,4744.604194402112,114.40901105410467
4873.881889491105,4915.576560615943,-41.69467112483835
4866.481956506166,4838.136316362441,28.345640143725177
4879.005868562229,5214.931040229143,-335.92517166691414
4194.955505815954,5244.76506349251,-1049.8095576765563
4210.325306814738,4628.167026181419,-417.841719366681
4209.720989649522,5359.338758164546,-1149.6177685150233
4218.424644687565,4731.471253465515,-513.0466087779496
4226.817661841047,4171.99541630055,54.82224554049753
4216.645190507956,4762.289581774581,-545.6443912666255
4690.1779292151905,4623.803919614114,66.37400960107607
4681.534687604609,5253.228712734344,-571.6940251297356
4696.428047215089,5321.568556602251,-625.1405093871626
4701.9612960830655,5291.388353103432,-589.4270570203662
4705.332559642906,5125.040680595906,-419.7081209530006
4678.515285487401,5220.958406948562,-542.4431214611604
5265.79093506373,5382.53574582492,-116.74481076118991
5237.520688297926,4962.919657820734,274.6010304771926
5247.048985757882,4478.291311136586,768.7576746212962
5230.230638186993,5391.958141552929,-161.72750336593617
5242.390899057418,4551.596833272357,690.7940657850613
5256.112363211079,5323.66323486427,-67.55087165319037
4737.222566912799,4492.6785608583095,244.54400605448973
4713.56929194202,4227.3489511505495,486.22034079147033
4701.579393230211,5262.410892667598,-560.8314994373868
4731.004866927787,4493.780031111389,237.2248358163979
4723.57263880308,4630.248378659659,93.32426014342127
5351.290140507521,4960.797047300337,390.49309320718385
5346.410931140982,3896.8305725171926,1449.5803586237894
5331.848773882591,5294.3327435163665,37.516030366224186
5362.378286676996,5286.783715827904,75.59457084909172
5348.424600064415,5287.705423694797,60.71917636961825
5354.555362752162,5277.839371796071,76.71599095609145
5343.1988257598205,4621.302698309065,721.8961274507556
4726.423017229586,5387.261415330801,-660.8383981012157
4738.868577693261,5135.710234198561,-396.8416565053003
4748.08008616317,5224.029139232559,-475.94905306938927
4741.113153332021,4997.46879411291,-256.3556407808883
4715.3939526530685,5274.392736665899,-558.9987840128306
3807.3692996079585,4761.109364795182,-953.7400651872235
3806.6598287955303,5317.946712613933,-1511.286883818403
4468.808559242301,5349.002550570175,-880.1939913278738
4461.446970850948,5209.072604720255,-747.6256338693074
4464.911206569097,4967.812219040197,-502.90101247110033
4439.963222576501,4806.402869164995,-366.4396465884938
4477.533365193135,5299.059615448625,-821.5262502554897
4448.387992656853,4554.123728717186,-105.73573606033278
4435.878972999344,5378.0800978618845,-942.2011248625404
4445.345642326591,5270.49758159834,-825.1519392717491
5104.243291234863,5393.354257242828,-289.11096600796463
5095.266033758641,4631.779363301804,463.4866704568376
5113.355696928897,5391.878776111003,-278.5230791821068
5100.876866897774,5321.7951787196835,-220.9183118219098
5093.791315275435,5137.440902835183,-43.64958755974749
5098.562062890956,5289.515953469108,-190.9538905781519
5102.497805079376,4630.969905353785,471.52789972559094
5114.873570795812,4867.364979988439,247.50859080737337
5341.194987710119,5163.206211599789,177.98877611033004
5314.834112426615,4689.736658920816,625.0974535057994
5315.027485957409,5199.577599500957,115.44988645645208
4947.1102791966305,4598.826284009686,348.2839951869446
3895.8452952378825,5099.023512543806,-1203.1782173059232
3893.3535070929242,5361.4961077504295,-1468.1426006575052
3883.2200027834015,3904.3832818229885,-21.163279039586996
4615.3961510821055,4326.536595533201,288.8595555489046
4628.718722996749,5255.079810933076,-626.3610879363268
4616.541097722756,5400.686878288184,-784.1457805654281
4623.210072391247,5266.389736695908,-643.179664304661
4598.428698581647,5148.287086012695,-549.858387431048
4629.994677136036,4766.5721243799435,-136.57744724390705
4601.043621577843,5283.738380683186,-682.6947591053431
4615.862152332127,5288.99352481572,-673.1313724835927
4608.840357744409,5122.598629481546,-513.758271737137
5344.105499390765,5432.579871396696,-88.4743720059314
5313.6697847625555,4746.3910350107235,567.278749751832
5308.697821612418,5360.409526906876,-51.711705294457715
5349.261871186627,4782.044290718121,567.2175804685057
5334.106651843965,5316.306547853766,17.800103990199204
5325.8424414809015,4628.908055158455,696.9343863224467
5340.205401977977,4858.2976133732745,481.90778860470255
5327.916914185285,5161.206282253368,166.7106319319173
5328.310352961633,5387.133913832388,-58.8235608707555
4549.343659055678,5084.503384429253,-535.1597253735754
5335.422516791227,4972.953651855502,362.4688649357249
5333.043399493223,4561.409548150301,771.6338513429218
5327.194244637486,5123.595738452991,203.5985061844949
5338.836879735922,5374.939308238308,-36.10242850238592
5336.881025081929,5410.736151011077,-73.85512592914802
5338.728931454437,5278.140616136205,60.58831531823216
5326.636411610116,4633.905320385177,692.7310912249386
5314.614252540045,5111.167375385035,203.44687715501004
5329.79084038544,5268.309997099604,61.48084328583627
4607.565276571048,4592.80568839535,14.7595881756979
4607.24016119743,4625.9825555744,-18.74239437696997
4610.2280826944,5216.165468326416,-605.9373856320162
4604.69250294724,5270.207329905932,-665.5148269586916
4593.233240207266,5360.670023373676,-767.4367831664094
4596.539165282237,5278.852254213057,-682.3130889308195
4598.282312458694,5364.060120609592,-765.7778081508977
4616.481489933263,4917.187338029458,-300.70584809619504
4606.247729591917,3898.446816708825,707.8009128830922
3870.204067790071,5123.0728189275,-1252.8687511374287
3884.384353902305,4990.279638612363,-1105.8952847100577
3877.3437014251817,4991.523300049041,-1114.179598623859
4860.3312858033605,5350.979156273608,-490.64787047024765
4857.359482063334,5344.203243363191,-486.84376129985685
4867.39180253884,4724.473138820511,142.9186637183293
4869.07881560244,5285.387244407018,-416.3084288045784
4859.178064712994,5178.877909462517,-319.69984474952344
4220.625490205735,5307.069744427983,-1086.4442542222478
4222.673104554394,5387.866573846056,-1165.193469291662
4225.5571892059015,4765.632579333664,-540.0753901277621
4209.7295888832,4989.127406683253,-779.3978178000525
4228.952705030104,4761.854121378755,-532.9014163486509
4206.241772035307,5366.200431916482,-1159.9586598811748
4679.940031576856,4579.5015143929295,100.4385171839267
4691.6235034571055,5133.957745621426,-442.33424216432013
4691.396230642489,4841.597848260344,-150.20161761785494
4702.820632005459,4644.727323637555,58.093308367903774
4696.217822284146,4759.262406505378,-63.04458422123207
4691.55535299909,5378.180571769739,-686.6252187706486
5245.748245276406,4389.629786934204,856.1184583422018
5260.777404333334,5295.893307442229,-35.11590310889551
5253.106526309713,4335.2777597150225,917.8287665946909
5245.533941142078,4184.899191209189,1060.6347499328895
5249.859362392411,4753.20570203406,496.65366035835086
5253.515574123982,4629.071544146324,624.4440299776579
4723.9133642191555,4228.529002909401,495.38436130975424
4729.93646866383,4641.480098012819,88.45637065101073
4706.303936607337,5366.3276087295235,-660.0236721221863
4718.759006898279,5377.204418033016,-658.4454111347368
4734.9947403234755,5081.728586897888,-346.7338465744124
5349.265625438526,5115.374447345846,233.89117809267918
5361.7153661728435,4998.942759828528,362.77260634431514
5352.325388873068,4236.246298068135,1116.079090804933
5372.343642076481,5307.870487633086,64.47315444339529
5369.9142525039215,5156.920210401232,212.9940421026895
5348.82517875901,5273.034127305616,75.79105145339418
5347.95418189249,5388.986463105394,-41.03228121290431
4728.46295742366,4490.46485485852,237.99810256513956
4729.800351903447,5328.975694281617,-599.1753423781693
4735.288363199918,4608.577008102467,126.71135509745181
4721.521128726459,5119.471567657862,-397.95043893140246
4724.743788365904,5391.2534170732815,-666.5096287073775
3808.4115682579545,4629.307499812232,-820.8959315542775
3815.122151236422,5331.205456919199,-1516.0833056827769
4450.745207326603,5314.961820441316,-864.2166131147133
4469.655554119783,4117.1369915913265,352.51856252845664
4449.378225637041,4223.954078874896,225.42414676214503
4446.364431794716,4469.931456792559,-23.567024997842964
4446.785705763431,4752.430188321922,-305.6444825584913
4458.588919668082,5417.618172670342,-959.0292530022598
4464.830523013782,5367.823412536539,-902.9928895227567
4474.200503660434,5388.178470071084,-913.97796641065
5102.765543025061,5383.247339806056,-280.48179678099496
5113.191417854901,5089.727508459456,23.463909395445626
5071.887445116967,5354.211889973834,-282.32444485686756
5111.6903629336875,5202.932860997895,-91.24249806420721
5086.173357557377,4729.013171212432,357.16018634494503
5098.25548893864,4626.182065326604,472.0734236120361
5109.032568271889,5383.7536516630125,-274.7210833911231
5111.756214047905,5336.0214061541565,-224.26519210625156
5351.434383146851,4641.091073681114,710.3433094657375
5346.498854569597,5394.11761519979,-47.61876063019281
5361.902549166839,5344.621580776779,17.28096839005957
4943.879544774564,4104.7080425641125,839.1715022104518
3881.786690371114,5388.932892191128,-1507.146201820014
3888.208320234537,5389.161872587072,-1500.953552352535
3897.0194228959112,4500.494806971067,-603.475384075156
4601.9922583260895,4752.532341707635,-150.54008338154563
4620.392755026353,5303.97358191712,-683.5808268907667
4603.251094677455,5062.938480179573,-459.68738550211856
4609.32784448728,5193.947725620806,-584.6198811335253
4611.4670524963985,4745.419546032505,-133.95249353610689
4608.9947676735965,4828.067650951724,-219.07288327812785
4603.022019740669,5373.352196912455,-770.3301771717861
4596.943223339018,5349.507414736676,-752.5641913976579
4604.405149675734,4633.456984245197,-29.051834569463608
5332.016475025523,5390.21810422222,-58.20162919669747
5313.937762023186,3817.4618542545018,1496.4759077686845
5339.126516403162,3915.3838450113535,1423.7426713918085
5323.902883075705,4757.142886735357,566.7599963403482
5340.205401977977,4652.123920390379,688.0814815875983
5332.164886150329,4859.357371141322,472.80751500900715
5318.9693220398685,5223.696899639804,95.2724224000649
5330.591709357605,5382.065953920083,-51.47424456247791
5347.2143555637585,4761.865823553579,585.34853201018
4528.757798866285,4617.581880072204,-88.82408120591845
5331.6010552192,5389.021397149744,-57.420341930544055
5327.842155408563,3668.3709333713377,1659.4712220372248
5307.077636986534,5303.41370153121,3.663935455324463
5338.319572520058,4861.9033976880455,476.4161748320121
5310.7149314662665,4892.784317513017,417.9306139532491
5306.016539754086,5388.112969837274,-82.09643008318835
5318.498200780625,4710.125943106712,608.3722576739128
5333.552591233509,4595.303357076115,738.2492341573934
5348.158532056783,4993.738251082977,354.42028097380626
4614.5186040968,4327.647315395855,286.8712887009451
4603.888251283082,5116.3027973939725,-512.4145461108901
4606.846010303633,4558.742393171187,48.103617132445834
4601.883782803291,4674.1911313824485,-72.3073485791574
4602.524711038828,5286.619116142574,-684.0944051037459
4584.769480961085,5094.10515819908,-509.3356772379948
4602.737084756913,3895.5240375686435,707.2130471882692
4611.268922450554,4414.883590997212,196.38533145334168
4612.943067871557,4490.498738837668,122.44432903388952
3865.0388319699337,5349.425773298296,-1484.3869413283624
3874.6929810794218,4655.458208189035,-780.7652271096131
3877.4952528682816,5075.069587207296,-1197.574334339014
4860.3312858033605,4550.057652700411,310.27363310294913
4894.305633796246,4863.643103345491,30.662530450755185
4869.549810618649,4740.288168782967,129.26164183568198
4875.11657332021,5404.336207486246,-529.2196341660365
4891.844463219794,4982.460583409525,-90.61612018973028
4204.778525482239,4626.335161382773,-421.55663590053337
4217.528583658757,5213.427983376334,-995.8993997175767
4224.922344389741,5270.495017217124,-1045.572672827383
4221.808765383488,4567.903861049569,-346.09509566608085
4214.272177366173,5382.297258310676,-1168.0250809445024
4207.807183098003,5374.713396162718,-1166.9062130647144
4685.192880345316,4743.73464439873,-58.54176405341423
4697.793626124703,5141.344873337278,-443.5512472125747
4688.959859667855,4629.846620248904,59.1132394189508
4685.726500928222,4989.90422225566,-304.1777213274381
4687.670085528199,5228.527909472327,-540.8578239441285
4693.197003712857,4626.566125353911,66.63087835894567
5246.2055157512505,5115.8247964332095,130.38071931804097
5253.992582680181,4565.999580684042,687.9930019961394
5246.786938295024,4711.134053169195,535.652885125829
5243.231730960288,4996.588354863151,246.64337609713675
5240.117923838279,5275.656054689808,-35.53813085152888
5236.138945631132,4954.600332598423,281.5386130327088
4727.805410701471,5291.946429964423,-564.1410192629519
4741.767719213745,4656.995278279514,84.77244093423087
4723.8290497392045,5407.1213713226425,-683.292321583438
4717.331599062947,4645.604228655472,71.72737040747506
4718.624306554477,4620.959473359451,97.6648331950255
5385.3366755130555,5397.595323284201,-12.258647771145661
5361.388479106856,5380.011893016181,-18.62341390932488
5361.78741798383,5401.071611304576,-39.28419332074645
5351.189678300435,4734.720344341224,616.4693339592113
5366.245997248083,4570.5267387282875,795.7192585197954
5359.269393633078,4967.898765744319,391.3706278887594
5359.813658911473,5263.516236122819,96.29742278865433
4723.5684138370225,4636.391617045855,87.17679679116736
4739.400630610451,5301.741054598965,-562.340423988514
4735.2090089750345,5392.007728990226,-656.7987200151911
4726.637663161889,5311.2216036921145,-584.5839405302258
4727.617395656295,4641.2736458955815,86.34374976071376
3815.122151236422,4568.675768730652,-753.5536174942299
3813.415589655227,4978.408035499673,-1164.9924458444461
4448.581272197045,4963.989020283291,-515.4077480862461
4457.807747541083,4478.77605531926,-20.968307778177405
4472.428517646728,5309.72817667233,-837.2996590256016
4443.309772649461,5373.723091687825,-930.4133190383645
4450.4722451898515,4620.8085843259805,-170.33633913612903
4474.218098193594,5334.099069644274,-859.8809714506797
4465.18132110555,5306.978058728627,-841.7967376230772
4463.755813225133,4744.2376013250605,-280.48178809992714
5090.782168990858,5215.609898003644,-124.82772901278622
5092.5347597834425,5151.910305818057,-59.37554603461467
5124.516442623529,5185.127756146104,-60.611313522575074
5101.869138578643,4760.227773967818,341.6413646108249
5103.677849664596,5381.9743392928,-278.29648962820465
5099.5837865290605,5305.901584645889,-206.31779811682827
5100.332575268247,5315.373107427131,-215.04053215888416
5117.75761525985,5361.536010263047,-243.77839500319624
5331.261676715049,5198.3562692781425,132.9054074369069
5347.948653520195,5235.209076492727,112.73957702746793
5333.471272533722,5156.126397864198,177.34487466952396
4955.020889774108,4636.116342541134,318.9045472329735
3896.439377210052,5326.2451477255445,-1429.8057705154924
3876.003558480088,3820.7696147647475,55.2339437153405
3883.5503853564137,4476.968562605347,-593.4181772489333
4604.883282210326,5360.5854877640395,-755.7022055537136
4597.1798613304345,4466.675719123694,130.50414220674065
4604.8594802904045,5290.233521802239,-685.3740415118345
4607.162117348991,4962.6636025703665,-355.50148522137533
4604.255724704646,5136.148738867798,-531.8930141631517
4601.774521298455,4626.524978539894,-24.750457241439108
4601.766683116463,4343.396523227082,258.3701598893813
4599.579384309123,4343.270662854516,256.3087214546076
4606.047204677842,5394.52106497662,-788.4738602987782
5342.220588605245,4634.131100168427,708.0894884368181
5312.274345777941,4623.827273179759,688.4470725981819
5342.909168155198,5401.277894102512,-58.36872594731358
5304.243387126785,4720.853737973468,583.3896491533169
5328.310352961633,4909.59808535977,418.71226760186255
5310.320694445907,4739.573185918373,570.7475085275337
5347.2143555637585,5399.266061445202,-52.05170588144301
5319.864091189528,4972.018933835918,347.8451573536104
5334.683291969229,5219.806044486738,114.87724748249093
4518.979472291466,5103.880016477065,-584.9005441855988
5317.869615764626,4466.642612428616,851.2270033360101
5305.822705072949,5168.543232533767,137.27947253918228
5307.754235111241,4582.2309828693,725.523252241941
5347.52854960481,5157.987472184068,189.5410774207421
5323.395569470438,4759.168134697249,564.2274347731891
5316.57910713288,5220.806475090787,95.77263204209339
5339.984757771218,4647.501274081412,692.4834836898062
5328.357675809914,5241.224233447848,87.13344236206649
5320.624833734011,5396.498980193519,-75.87414645950776
4586.9570312769665,5343.086431671654,-756.1294003946878
4613.437331070086,5129.036638255203,-515.5993071851171
4611.350906024907,5237.547593854453,-626.1966878295461
4604.979030228955,4971.499463669677,-366.5204334407226
4620.000470436054,5430.327389380965,-810.3269189449111
4597.555134525709,5304.639225446595,-707.0840909208864
4604.8430449970065,5367.838621867857,-762.9955768708505
4623.171762866766,4823.061660523329,-199.88989765656333
4606.6485026000355,4634.288952532894,-27.640449932858246
3896.352516504793,5231.035248037782,-1334.6827315329892
3879.037717173866,4838.308228097876,-959.2705109240101
3879.6436245919926,5200.751684920372,-1321.1080603283795
4860.3312858033605,5227.239919335694,-366.9086335323336
4856.390669890709,5346.031933672753,-489.641263782044
4883.639906717275,3910.331867937065,973.3080387802102
4880.788237452018,5287.315573866234,-406.52733641421673
4870.319047787027,5069.651098676883,-199.33205088985596
4226.972154813045,5142.720974641725,-915.7488198286801
4194.382086346611,4886.7468134844885,-692.3647271378777
4200.75249116051,4615.052068515447,-414.29957735493736
4222.30111827644,5424.553980701373,-1202.2528624249326
4226.963298407208,4992.56077330666,-765.5974748994522
4213.875932890533,4964.322919132366,-750.4469862418337
4690.6385536400985,5182.030293800077,-491.3917401599783
4697.539213847255,5365.368919565146,-667.8297057178906
4701.9612960830655,4600.5897677697085,101.37152831335698
4716.866408115751,4649.580437147058,67.28597096869362
4689.314860633728,3898.2588399368083,791.0560206969199
4708.748389749372,5283.005821465805,-574.2574317164326
5248.311721662786,5305.325249838192,-57.013528175405554
5259.582493126792,5403.998823124335,-144.41632999754347
5276.607738687287,5149.5278063522155,127.07993233507113
5249.859362392411,4734.319853889513,515.5395085028977
5226.60170848218,5336.085304441283,-109.4835959591037
5260.297203784265,4864.095680684864,396.2015230994002
4715.467005023279,5354.180820852968,-638.7138158296893
4739.693906230954,5314.362152717179,-574.6682464862251
4720.8416539059535,5137.006999394183,-416.16534548822983
4719.649044168119,5180.50767680834,-460.858632640221
4719.696554533848,4753.599915989535,-33.903361455686536
5358.583478110824,4761.377840992175,597.2056371186491
5352.860901557762,5279.729403484299,73.13149807346326
5354.020262433801,4755.496824347111,598.5234380866896
5347.79631614866,4109.848773972406,1237.9475421762536
5382.693372300929,4772.6039775064555,610.0893947944733
5359.197161893889,4741.40304472973,617.7941171641587
5377.211638278906,4675.332236888692,701.8794013902143
4716.171322129363,5209.361219236623,-493.18989710725964
4737.228583028093,5432.434299061856,-695.2057160337627
4712.46750154986,4388.044837451671,324.42266409818876
4719.505806527191,4625.9067575554045,93.59904897178694
4729.5963786151315,4634.99635379743,94.60002481770152
3807.5965042654802,4820.742011335523,-1013.1455070700426
3798.5497055277124,5358.026211365503,-1559.4765058377902
4461.468846459658,4630.636633145759,-169.16778668610095
4466.619065655304,4644.943433114232,-178.32436745892755
4446.0502856031035,4615.199448594165,-169.14916299106153
4466.058184979449,5334.142197889861,-868.0840129104117
4453.351250958011,5293.530015256796,-840.1787642987847
4474.24117161306,4759.2419677732805,-285.0007961602205
4456.114852375213,4631.427457366318,-175.31260499110522
4476.012028160512,5298.852160349907,-822.8401321893944
5096.227252017899,5362.291559473719,-266.0643074558193
5099.552877268713,4966.242839433859,133.31003783485357
5102.497805079376,4744.3641910166525,358.1336140627236
5098.288271134799,5274.063809187734,-175.77553805293428
5104.877821625637,5210.129674984,-105.2518533583634
5086.892327728763,3895.231144756063,1191.6611829727003
5096.21390533967,5276.662868072464,-180.44896273279392
5111.713845692611,4640.140113478297,471.5737322143141
5343.572842652299,3662.1285720025353,1681.444270649764
5338.596786406194,3825.5981739187755,1512.9986124874185
5347.556751532878,5412.881036305961,-65.32428477308349
4949.927146067403,4628.924265171595,321.0028808958077
3889.479816557206,5267.963404792479,-1378.4835882352731
3897.680310660618,4868.031289242638,-970.3509785820202
3872.6955894534963,5295.723304884349,-1423.0277154308528
4629.994677136036,5118.843821061113,-488.84914392507653
4615.005718520158,4919.429887103021,-304.4241685828638
4623.910373090711,4916.728895191886,-292.8185221011754
4616.342610254381,5083.182768863849,-466.84015860946784
4602.956704472988,3899.118580728664,703.8381237443245
4598.140230513418,5289.107992486248,-690.96776197283
4614.919095553251,4822.3886691540065,-207.4695736007552
4606.87546877035,4627.437197575409,-20.56172880505892
4609.040382167712,5376.909248384096,-767.868866216384
5334.99456220452,5143.008448034523,191.98611416999665
5323.239376332559,4391.452493356165,931.7868829763938
5306.102073841818,4957.444640684472,348.65743315734653
5322.248810314663,4712.21284991484,610.0359603998231
5335.422516791227,3667.8052282650306,1667.6172885261967
5338.258747559359,4867.0417563281035,471.21699123125563
5331.6010552192,5402.833682540752,-71.23262732155217
5332.250121609826,5334.531866278917,-2.2817446690905854
5317.869615764626,5257.63540339481,60.234212369816305
4531.159284913813,4628.789002718391,-97.62971780457792
5338.2437545630055,5136.232116888768,202.01163767423714
5318.415346045977,5278.575429079694,39.839916966282544
5333.099810086796,4842.334484013502,490.7653260732941
5313.497907525694,5270.2644325787005,43.23347494699374
5306.470398753851,5210.722253103585,95.74814565026645
5329.196374096145,4562.309006791612,766.8873673045327
5338.405524649452,4729.379120572911,609.0264040765405
5315.496431234489,5196.7165339564535,118.7798972780356
5316.383497817763,4753.57323945821,562.8102583595528
4597.351378726358,4818.116706156718,-220.76532743035932
4596.940010734489,4841.565051831194,-244.625041096705
4607.436897582039,5315.552269839534,-708.1153722574954
4598.464049250276,5400.037270095603,-801.5732208453273
4617.824615503628,5385.411449115399,-767.586833611771
4606.5486585173085,5317.464728323666,-710.9160698063579
4607.506030528761,4845.260465612571,-237.75443508381068
4608.039904774858,5289.696916154777,-681.6570113799189
4599.637382325636,4619.978717979744,-20.341335654107752
3883.0391694724954,4977.838028513436,-1094.798859040941
3886.810061255861,4753.5668952071455,-866.7568339512845
3893.7215390022143,5315.5415222452175,-1421.8199832430032
4860.3312858033605,5316.475491410951,-456.14420560759027
4872.493314044327,5405.280300593088,-532.786986548761
4863.663658545749,5299.950720053859,-436.2870615081101
4868.006687327561,5371.485994131836,-503.47930680427544
4854.1588923474665,4631.9694769298185,222.18941541764798
4218.116213156287,5374.271271502138,-1156.155058345851
4227.508731912653,4638.089180968602,-410.5804490559485
4210.079916934786,5267.401378294178,-1057.3214613593927
4216.490991321001,4762.889550907513,-546.3985595865115
4227.509769733893,5428.273231732557,-1200.7634619986638
4219.467427279917,5326.445872203907,-1106.9784449239905
4697.794388278526,4398.498211057474,299.29617722105195
4701.054381316571,5363.893923045876,-662.839541729305
4697.924597487483,4640.4162049908955,57.508392496587476
4703.176744529164,5384.637328549451,-681.4605840202867
4696.865901278045,4743.049443388115,-46.18354211006954
4706.059704106313,4603.177741850377,102.88196225593583
5257.069637252082,5129.1010170313775,127.9686202207049
5265.299519747565,4644.839036383221,620.4604833643434
5248.41655690429,5280.656698961064,-32.24014205677395
5242.17431971165,4735.537906573531,506.6364131381197
5254.567682751462,5267.7142980685785,-13.146615317116812
5251.694790082043,5226.876876225509,24.817913856534688
4713.266123159463,5378.140869592061,-664.8747464325979
4726.272816902206,5078.523986588167,-352.25116968596103
4723.80587744199,5282.675975471512,-558.8700980295225
4749.654385822762,4621.390110051638,128.26427577112463
4714.393694888597,4821.913786400834,-107.52009151223774
5376.564430135773,5396.202960902664,-19.638530766890653
5351.372049596905,5371.45929700663,-20.087247409725023
5369.558454194053,5246.9389063556755,122.61954783837791
5364.41885940609,5136.33228449864,228.08657490745009
5369.543485079542,4641.827835687783,727.7156493917591
5384.751802168217,5159.564832667496,225.1869695007208
5355.320512675968,5289.354050308895,65.96646236707238
4714.854464177215,5371.244405155381,-656.3899409781661
4719.190477514049,5066.748109680177,-347.5576321661274
4724.891704542279,5379.6320127005965,-654.7403081583179
4705.229630696707,5299.777394315803,-594.5477636190953
4724.960479665945,5230.331668129918,-505.37118846397334
3814.346386633887,5337.407581758119,-1523.0611951242317
3807.9748821037933,4742.822443068709,-934.8475609649154
4466.619065655304,5386.436638923735,-919.8175732684304
4452.458562249199,5395.263154852941,-942.8045926037421
4464.154959186748,5147.913663776847,-683.7587045900991
4453.956896188095,4908.594350283834,-454.6374540957386
4455.071450897278,5120.710553432588,-665.6391025353105
4448.501226623336,3823.420459598694,625.0807670246422
4455.284067217426,4475.0846740855095,-19.800606868083378
4455.527739941552,5293.272556459611,-837.7448165180595
5112.163724528232,5396.9195938342245,-284.75586930599275
5095.210267188874,5334.568913011208,-239.35864582233353
5111.296719912898,4753.542247384165,357.75447252873255
5078.319639326351,5269.168325792374,-190.84868646602354
5083.828649712115,4566.249201080075,517.5794486320401
5119.594609028552,5378.1132165743675,-258.51860754581503
5098.610671404164,4621.647461640221,476.96320976394327
5101.566497321233,5414.657408174471,-313.0909108532378
5339.8062701766585,5319.9098379265215,19.896432250136968
5344.36640160414,5413.664100549923,-69.29769894578294
5378.339718439262,3928.683947616297,1449.6557708229648
4940.012662243785,5376.791568066131,-436.77890582234613
3887.635195020098,4831.231116184983,-943.5959211648851
3892.8776101595377,5225.509003832125,-1332.6313936725874
3894.3031678380953,5314.683959680124,-1420.3807918420284
4593.581319696433,3891.0944041948655,702.4869155015672
4609.187622846504,4757.555366389124,-148.3677435426198
4613.8275063914525,3910.976583728749,702.8509226627034
4599.8632698524225,4388.778445741249,211.08482411117348
4619.967426344416,5384.3173486434625,-764.3499222990467
4621.059194929531,5296.423830562469,-675.3646356329382
4601.6122669377055,5354.280637769251,-752.6683708315459
4615.147613666642,4660.827249690409,-45.67963602376676
4611.611898817262,4832.078403657738,-220.46650484047586
5334.710739406239,4492.786935330603,841.9238040756354
5332.077823879872,5082.280748215777,249.79707566409525
5320.85563605366,4750.099237951907,570.7563981017538
5318.164960264536,4967.784276898069,350.38068336646666
5327.194244637487,4227.897023536233,1099.2972211012539
5307.973230018191,5359.416700524195,-51.443470506003905
5307.077636986534,5263.408697304617,43.668939681917436
5340.651783108865,4731.416723001855,609.2350601070102
5307.75423511124,4502.029272778999,805.7249623322405
4524.353983190275,5268.725140330912,-744.3711571406366
5333.099810086796,5287.64031420669,45.45949588010626
5339.561845048835,4991.538449462493,348.0233955863414
5321.754584190064,5236.620251528759,85.13433266130505
5339.838872419548,4670.542794006468,669.2960784130801
5320.23995679401,5370.674889513481,-50.43493271947045
5324.120696968027,5137.230119950295,186.89057701773163
5326.954110005813,5122.932495018286,204.02161498752685
5337.229867035916,4645.662357238289,691.5675097976273
5327.342367900299,5284.1377092805815,43.20465861971752
4601.01445784652,4731.868568877421,-130.85411103090155
4600.012284716384,5249.508862457872,-649.4965777414882
4607.646298661714,3903.1998146276205,704.4464840340938
4611.928885529491,4490.152414781223,121.77647074826746
4600.345827425543,4621.352142411017,-21.00631498547409
4608.145663247045,4760.98036453837,-152.83470129132456
4618.164462409933,3907.9089922828834,710.2554701270492
4600.955288044732,4734.057943363106,-133.10265531837376
4616.5972432875915,5007.401657176899,-390.8044138893074
3873.501778999444,5409.913544526928,-1536.4117655274836
3863.200904919243,5387.009965094458,-1523.8090601752147
3872.219508691638,4759.114312904456,-886.8948042128177
4860.3312858033605,4745.1781671629815,115.15311864037903
4870.729089883498,4560.174709110972,310.5543807725262
4878.825506766981,5214.690660137818,-335.8651533708371
4865.373255890997,4963.883482028332,-98.51022613733494
4870.65299324862,4427.457829278798,443.1951639698218
4243.80351567531,4771.720731358251,-527.9172156829409
4191.564415424945,4630.197458681891,-438.6330432569457
4215.701818943766,5269.324676305825,-1053.6228573620592
4232.3374409498765,5391.1868154148315,-1158.849374464955
4222.450282425466,5292.741520555654,-1070.2912381301876
4196.071641458779,4614.000660131925,-417.92901867314595
4682.5610163445735,4799.200782894001,-116.6397665494278
4700.2494538274805,4833.708992682134,-133.45953885465315
4697.165760572647,4655.235983884784,41.92977668786261
4697.534356071918,5277.136801089062,-579.6024450171435
4697.390163764791,4637.323145446454,60.06701831833743
4717.498052058889,5310.480757867511,-592.9827058086221
5257.5273620176695,5390.847330839042,-133.31996882137264
5269.828213462313,4830.359764826585,439.46844863572824
5255.581682971917,3908.5137353074556,1347.0679476644614
5253.515574123982,4474.078191648342,779.4373824756403
5260.297203784265,4738.568537907791,521.7286658764733
5253.854955022591,4630.795133963724,623.0598210588669
4705.734936394662,5262.780662929671,-557.0457265350087
4711.5287754356295,5295.088671466961,-583.5598960313318
4715.133865548597,5112.30284844099,-397.1689828923927
4729.828680571403,4599.353083299149,130.47559727225416
4722.025622887468,3902.751099778896,819.2745231085719
5358.379311247494,5321.190122793764,37.18918845372991
5375.156716979003,4754.856521388275,620.3001955907284
5348.82517875901,4630.367762713722,718.4574160452876
5378.56761598025,5388.974244019923,-10.406628039673706
5362.749962011094,4762.1237571242555,600.6262048868384
5349.317389326803,5156.286985202746,193.030404124057
5354.995536449677,4628.2218210554565,726.7737153942207
4740.700122327704,4501.857436564617,238.8426857630866
4723.9384891644995,5291.432835619643,-567.4943464551434
4713.471149098805,5127.692874918326,-414.22172581952145
4728.637083473928,5285.213213933491,-556.5761304595626
4726.930839034519,5247.278874100326,-520.3480350658074
3802.746058445886,5404.085822157313,-1601.3397637114267
3818.0496511555248,4575.763805515056,-757.7141543595317
4446.0502856031035,4979.063970976091,-533.0136853729873
4464.154959186748,4638.876360974468,-174.72140178772042
4449.453016759619,4616.763772892669,-167.31075613305075
4465.775488497989,4570.185023618184,-104.40953512019496
4455.163385769191,4824.173501856269,-369.0101160870772
4450.4596582521035,4469.025038124913,-18.5653798728099
4457.454322865681,5401.313114923542,-943.8587920578611
4442.577936501691,5197.800963662737,-755.223027161046
5098.25548893864,5282.726644127782,-184.47115518914143
5094.694043512195,5359.464673802718,-264.7706302905226
5102.068182765902,5283.371903621695,-181.30372085579347
5113.426030482681,4862.077971134104,251.3480593485774
5107.6416116846485,4397.433388127539,710.2082235571097
5111.607350314382,5130.855681194033,-19.248330879651803
5100.13515494582,4622.598857277144,477.5362976686765
5102.182249323208,4676.303677118987,425.8785722042212
5344.0650627208715,5318.149273422828,25.91578929804382
5325.701927835675,5351.461738472386,-25.759810636711336
5348.90824882332,5293.262228933215,55.64601989010498
4949.689104294973,5068.934476162424,-119.24537186745147
3879.8136681192886,5380.031832260055,-1500.2181641407665
3878.624500300387,5378.754982277588,-1500.1304819772013
3895.0766160883445,5383.816232258151,-1488.7396161698066
4608.400311241392,5398.929159677455,-790.5288484360626
4593.988340488356,4626.52732207438,-32.53898158602442
4602.412912276834,5252.372709811131,-649.9597975342976
4593.79179726305,3895.429561248827,698.3622360142231
4612.017828949037,5318.820568075364,-706.8027391263267
4609.572925867302,5319.012818758596,-709.4398928912942
4612.824739169861,5118.547029905683,-505.72229073582275
4612.653569916656,5123.351955142332,-510.69838522567625
4591.309654191848,4545.726885037105,45.58276915474289
5322.93637376154,4400.857754567171,922.0786191943698
5319.105211116107,5255.0513765164005,64.05383459970653
5339.1863800663705,5202.055834779239,137.1305452871311
5328.616845642108,4638.056888771287,690.5599568708212
5336.881025081929,4843.288794742701,493.5922303392281
5327.250780986573,5142.533891623907,184.71688936266582
5310.714931466267,5291.167203057133,19.547728409134834
5315.393764939714,5217.365238962361,98.02852597735273
5323.395569470438,5282.4022000812265,40.99336938921169
4529.429622914077,5308.862070949684,-779.4324480356063
5306.470398753851,5191.392971418278,115.0774273355737
5324.439619567717,4252.1267259418455,1072.3128936258718
5320.23995679401,5259.87393277888,60.36602401513028
5333.353373463599,5408.626137650179,-75.27276418657948
5339.544911763075,5296.644671119375,42.90024064370027
5319.842529873304,5083.47076802446,236.37176184884356
5327.896038617142,5319.167938198405,8.728100418737085
5326.668452671636,5295.8044165293895,30.864036142246732
5314.592682505397,5310.590585265401,4.002097239995237
4624.273776223131,5306.248826186264,-681.9750499631327
4588.619063948464,5327.480487498145,-738.8614235496807
4607.458130046884,5357.2810205030155,-749.8228904561311
4597.478698932426,5204.623741082484,-607.1450421500585
4601.90836964317,5311.182572599683,-709.2742029565134
4614.249928951278,5371.010678450228,-756.7607494989497
4593.6381882910855,4745.675904754326,-152.03771646324094
4633.0261003670785,5144.623775565466,-511.59767519838715
4603.36058897705,5228.665444159053,-625.3048551820029
3893.1281336658794,5134.054325298433,-1240.9261916325531
3877.0183198782634,4650.013229191102,-772.9949093128389
3880.8619723759225,4483.905686518101,-603.0437141421785
4860.3312858033605,5267.518716735653,-407.18743093229205
4861.323944703677,4643.983627453222,217.34031725045497
4874.465258527297,4713.659708122048,160.80555040524905
4893.888145883487,4675.660025048217,218.2281208352697
4873.355221641973,5373.946113942866,-500.59089230089285
4200.7961337436445,5120.133679623987,-919.3375458803421
4202.372712917325,4749.1994454278265,-546.8267325105016
4209.834828430022,5141.491786870923,-931.6569584409008
4228.952705030104,4580.277197669784,-351.3244926396801
4203.120581953602,5396.283545719432,-1193.1629637658307
4229.905402852164,4652.619826244987,-422.71442339282294
4697.857051210226,5123.300041360129,-425.4429901499034
4703.9965034469315,4749.113395950271,-45.11689250333984
4705.332559642906,4638.108875323094,67.22368431981158
4689.314860633728,4961.004546240115,-271.6896856063868
4704.589845515434,4639.170982105559,65.41886340987458
4697.703029916282,4758.543131835428,-60.840101919146036
5248.778435539934,5414.3876004903295,-165.6091649503951
5244.048723031023,4907.168118769917,336.8806042611059
5250.025340695038,5393.059851443247,-143.03451074820896
5258.574991184677,5173.162371147213,85.41262003746397
5241.633336349959,5197.073524444631,44.55981190532748
5245.6601575534405,4320.675475065217,924.9846824882234
4725.433192581045,5391.3923551766675,-665.9591625956227
4734.9947403234755,5202.790796076277,-467.7960557528013
4722.307648270981,4967.4222225335225,-245.11457426254128
4705.611949496713,4724.404229866233,-18.792280369520086
4730.140868457926,4484.391187161401,245.74968129652552
5354.020262433801,5066.14936274937,287.8708996844307
5356.706516097178,5368.63515786875,-11.928641771572075
5361.398717640384,4763.65131083549,597.7474068048941
5357.205754105114,4965.867951078278,391.3378030268359
5365.642457085261,4403.01719319103,962.6252638942315
5368.585714779597,4850.262340133338,518.3233746462593
5343.610336624357,4796.3881988571775,547.2221377671794
4715.674321630841,3826.5236372452614,889.15068438558
4696.680520668876,5187.909915256761,-491.2293945878855
4717.956147198225,4752.032503744696,-34.07635654647129
4725.135425831865,5377.59043858284,-652.4550127509747
4702.596126498761,4393.102877603803,309.493248894958
3797.604777127054,4612.924809290542,-815.3200321634877
3802.918131601196,4982.770604344696,-1179.8524727435001
4466.058184979449,5358.524247371969,-892.4660623925201
4453.956896188095,4971.070271888474,-517.113375700379
4465.775488497989,5130.991370304825,-665.2158818068365
4447.518307779652,4625.262962355921,-177.74465457626957
4457.533511896662,5281.548883380766,-824.0153714841035
4443.888324509322,4710.560006680155,-266.67168217083326
4448.854675737947,5273.593594532285,-824.7389187943381
4449.5828902427465,5182.078840723799,-732.4959504810522
5091.894562975753,3891.1736636399596,1200.720899335793
5090.645916414239,3888.37358214205,1202.2723342721888
5074.040065579775,3884.132846551862,1189.907219027913
5099.299287541533,4630.301426718762,468.99786082277114
5117.8649990317645,4500.392435266575,617.4725637651891
5088.769722926614,5364.883248971467,-276.11352604485273
5106.191086087229,5126.8407940816305,-20.64970799440107
5104.969242461349,3906.846300496667,1198.1229419646816
5354.1052364868765,4989.542674586408,364.5625619004686
5351.390314717321,4851.796420486103,499.59389423121866
5344.660593933273,5214.577819900754,130.0827740325194
4956.51395734879,5216.555038985733,-260.0410816369422
3906.0694199069253,5185.339357395707,-1279.269937488782
3877.911466328883,4829.600754723865,-951.6892883949822
3873.4208520125017,5268.102132547628,-1394.681280535126
4597.800931821226,5365.718183899479,-767.9172520782531
4588.870176439201,4739.361664685309,-150.49148824610802
4596.369353785017,5361.002080216969,-764.6327264319525
4587.008518671583,5260.247862777111,-673.2393441055274
4598.948568591936,4504.996153063341,93.95241552859534
4604.274781956114,4095.3935682989863,508.8812136571273
4620.745267029119,4753.584929022711,-132.83966199359202
4609.90905875511,5212.429073043472,-602.5200142883623
4596.493933565453,5070.797150978596,-474.3032174131431
5338.9958699112185,5242.958797428337,96.03707248288174
5323.028864700958,3903.5795285761833,1419.449336124775
5315.23540477132,4831.283972278415,483.95143249290504
5331.226023671765,5288.616333094983,42.60969057678176
5326.636411610115,5225.9008518385035,100.7355597716114
5301.774130688552,5390.210086303973,-88.43595561542134
5318.498200780625,4624.218252293749,694.2799484868756
5324.334264623293,4638.516230008763,685.81803461453
5339.984757771217,4639.232708157453,700.752049613764
4542.767181562727,4970.663237057355,-427.89605549462794
5338.405524649452,4641.441692021483,696.9638326279692
5315.014667462606,4830.494877965397,484.5197894972089
5326.954110005813,4340.086373741235,986.8677362645785
5324.342023367274,5398.184182446262,-73.8421590789876
5327.896038617142,4721.932761415864,605.9632772012783
5321.730734384979,4969.510447394841,352.22028699013754
5313.469644491184,5372.552261320976,-59.08261682979173
5322.801047113209,4972.1772084652575,350.62383864795174
5340.775066979367,5292.660638901308,48.11442807805906
4605.576491911375,5221.38168239623,-615.8051904848544
4596.583473305587,5304.802679305012,-708.219205999425
4604.965233923105,5398.815481772635,-793.8502478495302
4599.671855506293,5362.15923800468,-762.4873824983879
4605.492432159425,4625.255052327011,-19.762620167585737
4609.41462281754,4159.978579139444,449.4360436780953
4610.607233773383,5285.61798367715,-675.0107499037667
4614.864254389789,4341.490921560208,273.37333282958025
4605.475650873836,3822.2657355810065,783.209915292829
3889.435149722073,4760.497060956247,-871.0619112341737
3884.068774044015,5319.9248051015875,-1435.8560310575726
3879.279104935961,5158.125126736138,-1278.8460218001765
4860.3312858033605,5350.979156273608,-490.64787047024765
4870.138127437915,4621.886780998221,248.2513464396934
4883.54861357809,5316.019197126944,-432.47058354885394
4863.443450867289,4476.36817591214,387.0752749551493
4889.1063423822725,5390.511625440338,-501.40528305806583
4209.541649831502,4810.563605313321,-601.0219554818195
4220.628578360103,5136.334260885178,-915.7056825250747
4214.639135557024,5293.744000392042,-1079.104864835018
4225.538865041291,4744.096755386404,-518.5578903451133
4207.900886821051,4472.515500863865,-264.6146140428136
4238.158290813198,4662.702711191895,-424.5444203786974
4681.320125633005,5284.307699707908,-602.987574074903
4688.364446255624,3893.353172831967,795.0112734236568
4685.71408908662,4818.810059934663,-133.09597084804227
4692.778063281155,4753.912788771591,-61.13472549043672
4701.898741013789,5379.228808530161,-677.3300675163719
4697.609490229144,4484.819723405412,212.78976682373195
5241.929409162394,4149.275850999918,1092.6535581624767
5245.225527224758,5141.716526242498,103.50900098225975
5250.140933890878,5281.206770812185,-31.065836921306982
5247.682092596391,5361.6586282539865,-113.97653565759538
5244.385678572953,5320.468193393995,-76.08251482104151
5231.067369523774,5356.599432772754,-125.5320632489802
4700.759729710761,5269.7317969042815,-568.9720671935202
4723.006443769126,4718.722523957995,4.2839198111314545
4717.529169279461,4623.202188753793,94.32698052566775
4710.196789109554,4703.481006379719,6.715782729835155
4729.298941216573,4570.889741625778,158.40919959079565
5353.076113216226,3900.5628258180736,1452.5132873981524
5357.533620752857,5265.4233759447925,92.11024480806464
5342.139086371923,5190.464764653491,151.6743217184321
5370.966488172571,5382.453724842226,-11.487236669654521
5355.755884882076,4485.424777042512,870.3311078395645
5360.2498451860165,3902.1585481396164,1458.0912970464
5363.232572829044,5406.227530333183,-42.994957504138256
4731.761236782379,4637.36118514479,94.40005163758815
4736.116113025655,5332.649048373275,-596.53293534762
4721.720131751517,5062.204218852668,-340.4840871011511
4710.894264120398,4744.977115888071,-34.082851767673674
4743.290516900223,5323.502037941514,-580.2115210412903
3796.88102694752,3895.6644786913234,-98.78345174380365
3805.346771460361,5126.2993078739455,-1320.9525364135843
4453.351250958011,5384.026481001356,-930.6752300433445
4455.071450897278,4842.366508786841,-387.2950578895634
4455.163385769191,5314.173230113157,-859.0098443439656
4457.533511896662,5278.735041345497,-821.2015294488347
4443.292357274489,5115.63163311018,-672.3392758356904
4470.214376741747,4514.343197568041,-44.12882082629403
4458.309377336938,4629.57765591242,-171.26827857548142
4468.608678348008,4767.030395800448,-298.42171745244013
5087.708810414479,4386.002880092558,701.7059303219203
5106.130314573537,4522.822214691634,583.3080998819032
5118.406395601735,5344.712383758108,-226.30598815637313
5089.914919056808,5109.871076545731,-19.956157488923054
5089.348826266514,3896.2939532822083,1193.0548729843058
5098.096981136411,5385.453007323276,-287.35602618686517
5091.63032875026,5110.225610605496,-18.595281855235953
5115.514483361703,5399.343205582605,-283.8287222209019
5344.740248151581,4624.163704147388,720.5765440041932
5344.89575143917,5393.340897294942,-48.44514585577144
5349.659184168647,4980.728469480933,368.9307146877136
4965.394809269089,5403.48702378671,-438.09221451762096
3879.765911795822,4625.769920465206,-746.0040086693843
3877.401054729114,3899.235634258276,-21.834579529162056
3868.3222241983362,4718.368139638751,-850.0459154404148
4609.806318870752,5122.030137523368,-512.2238186526156
4612.017828949037,4480.442701443105,131.57512750593196
4634.771011349623,5395.877158395985,-761.1061470463619
4604.580330938292,5323.86905731684,-719.2887263785478
4609.718634168667,5122.906281756918,-513.1876475882509
4627.586164927612,5430.906782654605,-803.3206177269931
4626.770383012998,5139.454741948603,-512.6843589356058
4590.3216260497675,5173.087889034654,-582.7662629848865
4615.272799648804,3665.5819902546864,949.6908093941174
5318.090646883235,5257.2259303482115,60.864716535023945
5323.500389197565,5066.286933143855,257.2134560537097
5316.352773674533,4730.849609720248,585.5031639542849
5314.732842388424,4478.23214077353,836.5007016148938
5329.79084038544,3898.1936629912234,1431.5971773942165
5316.171913086983,5127.294668226151,188.87724486083243
5348.158532056784,5290.4357577183055,57.7227743384783
5310.864746973387,3822.7904957258374,1488.0742512475495
5320.62483373401,5186.490381731139,134.1344520028715
4554.643951712753,5390.498780663791,-835.8548289510381
5316.383497817763,4590.392228180192,725.9912696375704
5313.467157313677,4746.13174291789,567.3354143957868
5327.342367900299,5380.603242714717,-53.26087481441846
5322.2483620220055,5142.74111505287,179.50724696913585
5314.592682505397,5298.0208252617285,16.57185724366809
5317.307147349361,4474.695043830203,842.6121035191582
5340.775066979367,5172.263354602029,168.51171237733797
5345.76079276603,3925.198267088162,1420.562525677868
5344.991954597022,4758.468930436244,586.5230241607787
4594.235402385699,4623.402212922284,-29.166810536585217
4618.507870585028,4765.780615600404,-147.27274501537613
4600.774183539962,4734.883199939179,-134.10901639921667
4613.6317603175685,5370.410138159071,-756.7783778415023
4609.856450254895,5138.870988352838,-529.0145380979429
4630.232218923823,4649.881944185059,-19.6497252612362
4600.509623550506,4226.454785311526,374.05483823897976
4613.836392075402,5420.05694284211,-806.2205507667086
4591.784919248094,5263.053006487147,-671.2680872390529
3887.867995423611,4492.040960616448,-604.1729651928367
3879.141935904157,4754.0943138644,-874.9523779602428
3871.7592108381414,4617.127176061552,-745.3679652234105
4860.3312858033605,5253.028788276769,-392.69750247340835
4870.608820198752,4739.0301253873695,131.57869481138277
4872.2608365808765,4991.018424293311,-118.75758771243454
4859.780255184887,5273.545170814279,-413.7649156293919
4881.524555984347,4723.681436941769,157.8431190425781
4221.282325290534,4242.632415276402,-21.35008998586818
4213.132881938617,5312.225711099967,-1099.09282916135
4209.774666454251,5389.656789140679,-1179.8821226864284
4209.163101041404,4798.963395334496,-589.8002942930925
4215.32052534296,4479.345073159144,-264.02454781618417
4223.675496351245,5137.607988390846,-913.9324920396011
4693.196774080412,4632.467112529144,60.72966155126778
4714.9045765493065,4646.812150161215,68.09242638809155
4701.4386434882135,5385.004624801789,-683.5659813135753
4689.00390126848,4962.983211821254,-273.9793105527742
4689.129171547909,5199.427293549458,-510.298122001549
4696.861472189787,4592.16117453356,104.70029765622621
5235.979915212284,4622.174049703546,613.805865508738
5255.278874549944,5307.957884604661,-52.679010054716855
5253.199204269296,4640.140471306627,613.0587329626696
5230.98732360559,5188.438070385815,42.54925321977498
5237.098139598185,5399.7380151961415,-162.63987559795623
5253.6474764760505,4601.1193706218355,652.528105854215
4735.883733479415,5136.144933299925,-400.2611998205093
4734.598794577514,5278.156474730729,-543.5576801532152
4713.348684161899,4619.284575824278,94.06410833762038
4735.247515929762,4649.279602400094,85.9679135296683
4711.663590913607,5386.792964606364,-675.1293736927573
5368.477486664181,4763.261853103185,605.2156335609961
5373.034812807107,4637.524777664257,735.51003514285
5348.910837607281,4739.075041482416,609.8357961248648
5353.942414435337,5258.552466831013,95.38994760432433
5353.757450880245,4828.871264011693,524.8861868685526
5363.1401356659335,4759.723942951203,603.4161927147306
5350.02938865443,5394.466485028624,-44.43709637419488
4730.159875846654,5128.523218356887,-398.36334251023254
4710.318063177516,5104.721929901988,-394.4038667244722
4744.367118851595,5433.33843553129,-688.9713166796955
4720.743895456116,5395.237262064003,-674.4933666078869
4712.284979674139,4703.434706711516,8.850272962623421
3811.351733934354,5309.274297833745,-1497.9225638993908
3817.962907966217,5327.301481134767,-1509.3385731685498
4474.24117161306,4246.7735939872155,227.46757762584457
4448.501226623336,3659.7336203979867,788.7676062253495
4450.4596582521035,5124.878278848864,-674.4186205967608
4443.888324509322,5181.038336153963,-737.1500116446414
4470.214376741747,4248.527765086362,221.6866116553856
4448.388441615907,5211.269676845129,-762.8812352292216
4443.790128434269,5147.1756148905915,-703.3854864563227
4440.804584019336,5257.480562540088,-816.6759785207514
5095.712780362559,4848.611369591825,247.10141077073422
5093.927948991806,3897.4414057069453,1196.486543284861
5098.564808657932,4965.050519127253,133.51428953067898
5075.483122818082,4830.703742090781,244.77938072730103
5109.772875579666,4639.32365988926,470.44921569040616
5119.584318494489,4654.662594939132,464.92172355535695
5095.6552633571555,4587.601777410754,508.05348594640145
5094.020402344577,5392.567683871883,-298.54728152730604
5346.533147916998,4570.77304384705,775.7601040699483
5339.821303181868,4626.65758683168,713.1637163501873
5361.723083960576,4774.984331349446,586.7387526111306
4942.122688198165,5115.380865028627,-173.25817683046262
3869.198548385141,4692.503565344809,-823.3050169596686
3882.011313793161,5265.725141914014,-1383.7138281208527
3886.694361346029,4635.89915460978,-749.2047932637515
4602.7171650277805,4628.717110829421,-25.999945801640024
4602.05123030852,5111.810197816376,-509.75896750785614
4614.1428956648215,5246.456222067561,-632.3133264027392
4621.485615582879,5423.865254820495,-802.3796392376153
4595.2263197610355,5207.992725683561,-612.7664059225253
4598.658345930684,4466.774254490364,131.88409144031993
4626.058856755655,4646.047498146359,-19.988641390704288
4625.859343933044,4871.998099895289,-246.13875596224443
4591.964021498523,4461.393230927343,130.5707905711797
5328.283833486625,5396.6504932825555,-68.3666597959309
5334.944943736108,4665.202670924773,669.7422728113352
5321.003107477552,5372.419369625304,-51.416262147752605
5316.911339184529,4821.555622046329,495.3557171382008
5331.226698038617,4759.671753675203,571.5549443634136
5321.040217910215,5273.495659960991,47.54455794922342
5321.542501124796,5291.653497272354,29.88900385244233
5313.050870934627,5272.9753414068455,40.07552952778133
5330.813044431046,4818.896441927534,511.91660250351197
4533.204591754469,4735.3753402422035,-202.17074848773427
5311.813513275739,4386.885885973237,924.9276273025016
5346.068687767168,4931.683493909969,414.38519385719883
5313.210671879526,3828.2805071731455,1484.9301647063803
5324.492850423192,5118.961037374528,205.53181304866393
5307.535658633407,5367.051008584319,-59.515349950911514
5317.381415992564,4624.339199925314,693.0422160672506
5311.296872717037,5201.9280394099105,109.3688333071268
5324.750509376565,4641.864559080268,682.8859502962969
5334.713911708058,5315.251633119642,19.462278588415757
4603.128691677143,4736.45348801103,-133.3247963338863
4597.622926332168,4617.175034958614,-19.55210862644526
4605.43457695648,5316.374481321029,-710.939904364549
4608.850741229331,5383.479319399948,-774.6285781706165
4611.379411133604,4829.562088409692,-218.18267727608782
4625.855019285194,5409.066951784096,-783.2119324989017
4609.210452091728,4728.137432417925,-118.92698032619683
4614.070713925243,5381.059188814966,-766.988474889723
4614.332438238834,4718.374381092809,-104.04194285397534
3891.8015299337467,5335.83176719365,-1444.0302372599035
3889.094980913723,3910.4587726521167,-21.363791738393957
3871.1136708538706,5302.559764142309,-1431.4460932884385
4860.3312858033605,5113.333597183626,-253.00231138026538
4884.068731261548,4754.071459678852,129.99727158269616
4870.898286173117,3905.5702557413165,965.3280304318009
4874.168491972983,5315.79063619761,-441.62214422462694
4873.329859183457,3909.5055846431724,963.8242745402849
4222.673104554394,4633.861094856325,-411.18799030193077
4213.761969779977,5199.240995538361,-985.4790257583836
4222.30111827644,4732.971820459627,-510.67070218318713
4205.443543669339,5326.770826123489,-1121.32728245415
4202.37195618967,5128.150478427863,-925.7785222381935
4206.372701409059,4625.306112081874,-418.9334106728147
4700.2494538274805,4633.893896299136,66.35555752834443
4707.481158701355,5172.78089691047,-465.2997382091153
4678.515285487401,5305.053350229022,-626.5380647416205
4708.748389749372,5181.892421093038,-473.14403134366603
4697.703029916282,4716.46973384135,-18.766703925068214
4694.774975746665,5275.740263345445,-580.9652875987795
5248.6332491535595,5313.772043453835,-65.13879430027555
5262.114434542939,4918.5617247776945,343.5527097652448
5262.758303727571,4643.260489154944,619.4978145726272
5257.736545462451,4748.47583632872,509.2607091337313
5268.908085998404,4670.175164247213,598.7329217511915
5242.283076866622,4389.537177321307,852.7458995453144
4723.006443769126,5307.845627443799,-584.8391836746723
4726.990752419544,5365.958312427466,-638.9675600079217
4718.401874046444,5339.554952002272,-621.1530779558279
4716.566730466968,5278.409036734345,-561.8423062673774
4736.63809232938,4692.557910664323,44.08018166505735
5382.693372300929,3910.7922455605926,1471.9011267403362
5357.017843534959,5319.108928400955,37.90891513400402
5365.642457085261,4509.387080269405,856.2553768158568
5371.733505591007,5394.811956752039,-23.078451161031808
5355.865123866237,4246.495395169782,1109.3697286964552
5360.7408935144485,4759.714882422314,601.0260110921345
5369.357712594339,4652.645158868676,716.7125537256634
4711.600521192003,4329.8710611295155,381.7294600624873
4728.90877572643,5214.413537498986,-485.5047617725568
4727.688007598665,5210.425551414084,-482.7375438154195
4719.098576070241,5117.975409540769,-398.87683347052825
4699.144374713508,4607.417602457728,91.7267722557799
3812.259643011179,5390.600345677019,-1578.3407026658397
3810.0183509951526,4485.844918582498,-675.8265675873458
4456.114852375213,5066.614489870448,-610.4996374952352
4455.284067217426,3822.791293386004,632.4927738314223
4457.454322865681,5227.172018824894,-769.7176959592125
4448.854675737947,4227.6797437313435,221.17493200660374
4458.309377336938,5078.933593100831,-620.6242157638926
4443.790128434269,5362.098824467439,-918.3086960331702
4467.29223881459,4487.33668691072,-20.04444809613051
4453.09480990815,5275.9562941221,-822.8614842139505
5117.653866464142,5139.690714749929,-22.03684828578662
5102.0313088532075,4964.738561412243,137.29274744096438
5092.542878818199,5269.579017103667,-177.03613828546804
5091.503033024667,5276.672202926929,-185.16916990226127
5092.989038425487,4622.813008861027,470.1760295644599
5108.897390191758,5414.828552150273,-305.9311619585151
5088.943535332781,4728.916655693416,360.0268796393648
5094.984066854056,5081.765636725153,13.218430128903492
5342.942977626876,5233.529605070124,109.41337255675262
5337.769158037068,5301.016111261535,36.75304677553322
5331.987124731737,5269.599812794492,62.387311937244704
4956.017928127604,5291.308505602908,-335.2905774753035
3882.1725781553255,5406.269987949375,-1524.0974097940493
3885.8035123416544,4627.437197575409,-741.6336852337549
3883.0555664194662,4960.7711374661,-1077.715571046634
4622.946938202387,5239.776812277337,-616.8298740749497
4612.653569916656,5413.380623124369,-800.7270532077127
4602.931688219498,3896.601637990363,706.3300502291349
4613.1473391298,4599.081060124817,14.066279004982789
4590.3216260497675,4721.438483554352,-131.1168575045849
4616.609220079175,5233.158016281573,-616.5487962023972
4589.243427507481,4825.772115205166,-236.5286876976852
4604.033064942172,5374.265790171607,-770.2327252294344
4600.318154353258,5216.879994537041,-616.5618401837828
5327.178812009559,5213.032039960426,114.14677204913278
5318.498200780625,5066.345527243837,252.15267353678792
5324.504172197364,4629.421496274957,695.0826759224074
5306.4703987538505,5378.778732604528,-72.30833385067763
5317.20570910464,5219.903405093641,97.30230401099925
5326.7241234276335,4642.206705845747,684.5174175818865
5321.915152009714,5316.062098496843,5.853053512871156
5315.8774662108335,5396.80333832581,-80.9258721149763
5320.554403692911,5086.887659181457,233.66674451145445
4535.012155778752,5395.805309915598,-860.7931541368462
5310.9127011871315,5056.596412439314,254.31628874781745
5307.633695486487,4616.779364574044,690.8543309124434
5331.388121839434,5139.276979401326,192.1111424381079
5302.70900438073,5188.927330574474,113.78167380625655
5312.3025910146125,5114.1390334478265,198.16355756678604
5316.747773605464,5352.481947868836,-35.73417426337164
5319.653627383933,4708.940975693224,610.7126516907092
5335.074830515497,5424.521896626336,-89.44706611083893
5335.983958691475,4488.778267989868,847.2056907016067
4597.614644191692,3655.016716610142,942.5979275815498
4608.850741229331,4482.530364295147,126.32037693418442
4610.5852379619655,4628.929997634619,-18.34475967265371
4622.439080638456,5398.0666692056975,-775.6275885672412
4594.356289552052,4385.524628379198,208.83166117285418
4607.934665585273,4477.3227170656455,130.61194851962773
4603.884088960248,5271.164602537595,-667.2805135773469
4603.977026275563,4961.818791172978,-357.8417648974155
4604.20091709156,5136.515926738466,-532.3150096469062
3883.9369297166363,5073.067814523133,-1189.1308848064969
3895.8287885481154,5279.922244533184,-1384.0934559850689
3888.073168539796,5386.257830448146,-1498.1846619083499
4860.3312858033605,5359.247722197568,-498.91643639420727
4897.5780987316075,4764.678487911733,132.8996108198744
4880.692007543254,4837.516912320329,43.17509522292494
4867.10703601855,5061.299572249835,-194.19253623128498
4875.88069707834,4638.315698748187,237.56499833015278
4220.672600675628,5258.990552473815,-1038.317951798187
4200.75249116051,5277.5472890323235,-1076.794797871814
4221.929510626716,5219.581423294105,-997.6519126673884
4211.656946777856,4989.02093873029,-777.3639919524339
4215.209762789854,5139.854473692999,-924.6447109031451
4189.345970150805,5254.775077128646,-1065.429106977841
4701.6574973798315,4822.957113424457,-121.29961604462551
4716.866408115751,4649.517511125007,67.34889699074392
4725.150098991491,5311.352363069159,-586.2022640776677
4700.079833848431,5232.237520126849,-532.1576862784177
4711.394945942633,5436.086670510155,-724.6917245675222
4698.4802845644645,4658.475502689903,40.00478187456156
5247.011693608921,5396.679846066013,-149.66815245709222
5226.60170848218,5388.033884251138,-161.4321757689586
5256.0936682099045,5407.880433083758,-151.78676487385383
5251.002442388987,5263.006940665072,-12.004498276084632
5237.290008859994,4820.32879990659,416.9612089534039
5260.349040520802,5305.003886162104,-44.65484564130202
4722.737308917882,5228.332172879829,-505.59486396194734
4724.706274895011,4742.635998925975,-17.92972403096428
4733.069577066271,3907.734623335139,825.3349537311324
4713.713961822867,5319.747306062512,-606.033344239645
4734.596809835239,4991.955185563486,-257.35837572824767
5368.562412346272,5130.305098710074,238.25731363619798
5365.637068079111,5293.978309571578,71.65875850753218
5356.0645718310825,4623.157225448101,732.9073463829818
5342.053726208999,4739.790199164326,602.2635270446735
5365.704513307758,4400.213925135061,965.4905881726972
5367.764159503427,5325.802951719513,41.96120778391469
5354.761048608848,4826.414504066378,528.3465445424699
4713.668086485551,4617.572823772012,96.09526271353843
4726.916554261132,5224.011415087178,-497.094860826046
4716.47610060607,4748.9917356387205,-32.51563503265061
4725.663613542934,5394.830797579791,-669.1671840368563
4711.701352084074,5270.49758159834,-558.7962295142661
3828.431055564261,5135.677329825551,-1307.2462742612902
3813.594747341585,5194.442468907155,-1380.8477215655698
4476.012028160512,4244.750490288577,231.26153787193562
4455.527739941552,4319.933192371071,135.59454757048115
4442.577936501691,5329.335937506587,-886.758001004896
4449.5828902427465,5370.062000956738,-920.4791107139918
4468.608678348008,5298.217248392785,-829.6085700447775
4440.804584019336,4955.698826741927,-514.8942427225911
4453.09480990815,4335.910145439633,117.18466446851653
4459.194916466911,5403.930323113361,-944.7354066464495
5110.30437554115,4835.247983380241,275.0563921609091
5115.7090250246265,4655.3271366108365,460.38188841378997
5100.826829880929,5145.348877149026,-44.522047268096685
5116.5290328878145,5430.849988464031,-314.3209555762169
5117.591150249456,5296.1233034322,-178.53215318274397
5116.308014039884,3919.096728026049,1197.2112860138354
5096.806333468987,4322.951886517571,773.8544469514154
5107.773074259877,5352.565324239859,-244.79224997998244
5352.71706370966,5003.1168066022,349.6002571074596
5367.997279767007,5149.191545237048,218.8057345299594
5335.727470621896,5374.792139147296,-39.06466852540052
4949.6662126375595,4476.495324827922,473.17088780963786
3878.7256123003167,3899.490167344552,-20.764555044235294
3896.11990415698,4773.954101144445,-877.8341969874655
3886.6204685371417,5365.23892449437,-1478.618455957228
4616.127981317914,5409.333194067743,-793.2052127498282
4605.827179162147,4755.077510233977,-149.25033107182935
4600.686249771927,4989.90612456669,-389.2198747947632
4605.26280948406,5393.608219922777,-788.3454104387165
4598.7923847728625,4906.810184822268,-308.0178000494052
4634.183221667573,4870.649324323078,-236.46610265550498
4604.2953997755985,5357.286932077146,-752.9915323015475
4621.377335528512,5381.394414334409,-760.0170788058967
4605.24181014654,5154.815976243848,-549.5741660973081
5327.562754302201,5219.6339717339215,107.92878256827953
5325.975912215966,3905.3841234158594,1420.5917888001063
5322.414544799136,4757.908299026888,564.5062457722479
5306.056320531948,5393.998281683579,-87.9419611516314
5315.496431234491,5215.620596510037,99.87583472445385
5333.693741039584,4754.588485030815,579.1052560087692
5297.247155919878,5253.3640858727795,43.883070047098954
5336.314508676734,4493.787739484968,842.5267691917652
5309.831729169525,4803.139507294214,506.6922218753107
4532.221725355756,5229.957483303925,-697.7357579481695
5325.539569288829,5228.187999438688,97.35156985014055
5306.497521081477,4816.563813596578,489.93370748489906
5321.733265085267,4813.402616843203,508.33064824206394
5325.116629423993,5289.508376206676,35.608253217316815
5327.00442814706,5399.76313515826,-72.75870701120039
5331.8958228554075,5369.277306739153,-37.381483883745204
5322.937849623757,4479.8505874391185,843.0872621846383
5331.366064275042,5367.148773453914,-35.78270917887221
5344.908463505381,3685.123856365563,1659.7846071398185
4599.823414432544,5104.98451540846,-505.16110097591536
4625.855019285194,5337.843916627691,-711.9888973424968
4611.408888830092,5306.7666665508605,-695.3577777207684
4607.934665585273,5115.771175503755,-507.8365099184821
4599.655304292853,5125.743256196698,-526.0879519038454
4603.548554441774,3896.6768751005247,706.8716793412495
4622.617111200032,3918.295458183549,704.3216530164832
4607.94015679146,4561.100803793742,46.83935299771838
4605.959833811533,5374.35680734833,-768.3969735367973
3885.4850139808523,4348.906441682582,-463.42142770172995
3888.6453146325925,5287.435394273542,-1398.79007964095
3902.9956515552044,4416.678565408698,-513.6829138534936
4860.3312858033605,4954.836123120795,-94.50483731743407
4895.394039275188,4614.254315050651,281.13972422453753
4873.366854666494,5417.608460439879,-544.2416057733853
4875.910085601054,4630.804700230813,245.10538537024058
4875.945714679629,5129.444590129293,-253.4988754496635
4205.248042555489,5110.332865790767,-905.0848232352782
4211.611142681442,5310.475888733217,-1098.864746051775
4204.665986828152,4553.069951623026,-348.4039647948739
4206.241772035307,4827.003484961488,-620.7617129261807
4229.905402852164,5088.110587792466,-858.2051849403015
4219.264977272427,4642.460327669986,-423.1953503975592
4689.525895083921,4839.4277169433935,-149.90182185947288
4696.217822284146,5317.118067834853,-620.900245550707
4699.971157600259,4975.729946550521,-275.758788950262
4698.887503969781,4631.814215818031,67.0732881517506
4689.690524266071,5274.354747258764,-584.6642229926929
4692.180013454717,5118.647571675304,-426.4675582205873
5257.921652770837,4750.043053927962,507.87859884287445
5258.574991184677,4657.389086972127,601.1859042125498
5245.708948855935,5314.061333277997,-68.35238442206173
5238.592801756464,5223.52129529648,15.071506459983539
5251.170566154815,4970.0405717252615,281.12999442955334
5243.183610096267,5372.93388666015,-129.75027656388284
4717.529169279461,4623.202188753793,94.32698052566775
4718.401874046444,4397.289045456316,321.11282859012863
4743.695381028607,4416.933995937637,326.7613850909702
4706.385447689821,5402.1596274597505,-695.7741797699291
4732.1923219311175,5348.680040414069,-616.4877184829511
5359.578780450058,4235.498497231862,1124.0802832181962
5377.708782566953,5345.244898823178,32.46388374377511
5367.935672100902,5292.168765971142,75.76690612975926
5350.873543676288,4978.4611737136665,372.4123699626216
5359.175279521622,3904.9999866683092,1454.1752928533124
5366.091492230111,5415.846529752714,-49.755037522602834
5351.204471045839,3817.5068358538647,1533.6976351919748
4719.5306447571065,4999.787292314562,-280.25664755745584
4708.764260615727,4614.786918513939,93.97734210178805
4719.663887761007,4917.242815191765,-197.57892743075809
4724.198314276329,4716.123625673972,8.074688602357128
4727.843854808582,5419.9717823029305,-692.1279274943481
3816.778959944033,5229.793708062825,-1413.0147481187923
3803.455949465414,4625.017832186024,-821.5618827206099
4454.007485753202,4634.018166315349,-180.01068056214717
4466.225222484827,5330.460433201708,-864.2352107168808
4453.215588887666,4906.553940153098,-453.3383512654318
4443.442881641557,3891.1736636399596,552.269218001597
4445.569869480419,5222.144598530537,-776.5747290501185
4454.65526346199,5308.378501625702,-853.7232381637114
4479.22185834826,4254.536294127075,224.6855642211849
4466.739223412087,4913.485527159378,-446.74630374729077
5088.226119595733,5349.310980269777,-261.08486067404465
5086.345207291656,3892.2902569336875,1194.0549503579687
5095.711474653092,5207.710973798529,-111.99949914543686
5099.733261720797,4577.16392280479,522.5693389160069
5101.525726945225,4484.883087460589,616.6426394846358
5096.313245461656,5295.0027706230285,-198.68952516137233
5100.350746409762,5326.507522468407,-226.15677605864494
5129.709180888623,4662.1328226035475,467.5763582850759
5345.025316727213,4632.708048982542,712.317267744671
5344.905561200528,4566.639274760595,778.2662864399326
5331.271869613687,5275.407134411798,55.864735201888834
4947.310049199527,5069.7786256248,-122.46857642527266
3882.2331155225797,4476.557048308622,-594.3239327860424
3879.316289183052,5367.926690273714,-1488.6104010906615
3875.353552570816,5337.615988441951,-1462.262435871135
4627.298943855166,4760.315969589051,-133.01702573388502
4600.899959644027,4630.257962751616,-29.358003107588956
4626.314512649976,3917.512226532579,708.8022861173968
4611.089000524346,4976.528354913911,-365.43935438956487
4603.6183147794045,5374.748773015895,-771.1304582364901
4617.243758777466,4990.876812743171,-373.6330539657056
4607.62665058627,5144.427505852732,-536.8008552664614
4604.5347757083655,4394.780620923237,209.75415478512878
4604.773797331489,4231.571922006344,373.201875325145
5323.0823006532455,5233.60081453466,89.48148611858596
5320.464567857633,5218.931776219997,101.53279163763546
5321.501972061351,4651.291407553266,670.2105645080846
5323.759887136188,4629.5421408256725,694.2177463105154
5338.794779120415,4984.630340758415,354.1644383620005
5320.351836258237,5217.112843177118,103.23899308111959
5330.095763971633,5389.516084343483,-59.42032037185072
5313.469644491183,5150.657990613928,162.8116538772556
5342.444716540952,5018.639875672718,323.80484086823435
4545.962406087274,5129.5853265993055,-583.6229205120317
5319.5395749187865,5258.574091044481,60.96548387430539
5314.384685261591,5395.4475418996335,-81.06285663804283
5313.070933043478,5108.4401443596535,204.6307886838249
5322.640782308357,5278.163044324767,44.47773798359049
5348.428016417194,5303.476077468373,44.95193894882141
5335.272208593896,5079.723699940461,255.5485086534345
5327.523165687311,5320.023379938128,7.499785749183502
5332.356074538414,5322.930472069789,9.425602468624675
5332.063019442091,4238.807131925532,1093.2558875165587
4607.4236408196475,4626.169970762135,-18.746329942487137
4614.070713925243,5297.527141580104,-683.4564276548617
4604.388720093911,4967.378754078727,-362.99003398481636
4603.977026275563,4970.203891369023,-366.2268650934602
4625.824990146679,5276.452189585821,-650.6271994391418
4607.94015679146,4478.043722859806,129.89643393165443
4613.995886895558,5346.729335271933,-732.7334483763752
4599.889028430594,5358.922887143536,-759.0338587129418
4618.855366489066,5377.759862337858,-758.9044958487921
3878.290563219789,5263.544787958822,-1385.254224739033
3867.8442986409054,4735.208636790858,-867.3643381499523
3878.754273704326,4622.205437590856,-743.4511638865297
4860.3312858033605,4702.313506843843,158.01777895951727
4866.0094785540505,4621.659949019705,244.3495295343455
4863.149587132366,5114.000535334869,-250.85094820250288
4874.022692521221,5283.683702598552,-409.6610100773314
4854.13062768753,4947.266185856942,-93.13555816941152
4231.792815547939,5143.759360677432,-911.9665451294923
4223.357708980165,4756.528645102111,-533.1709361219464
4205.374573021718,5118.962109737056,-913.5875367153385
4212.751680263068,5403.040094458325,-1190.2884141952572
4219.434458445778,5300.494455199909,-1081.0599967541311
4201.320039522016,5130.059811144929,-928.7397716229134
4698.8605968523425,4631.9251193918735,66.93547746046897
4687.659907986438,5275.554678772512,-587.8947707860734
4708.481976991024,5295.72546991011,-587.2434929190867
4695.259426661221,5291.669751625153,-596.410324963932
4696.927776237586,5401.817840486657,-704.8900642490707
4695.730396619447,4237.282471028949,458.447925590498
5242.541677120561,4960.022623722233,282.51905339832774
5272.730134017369,4760.007051746063,512.7230822713063
5250.857208287382,5380.361310442701,-129.50410215531974
5234.328994839793,5232.822992442208,1.5060023975856893
5271.382982419625,5249.200699500889,22.182282918735837
5247.736253396805,5366.138660013407,-118.4024066166021
4732.89846795723,5221.237891227997,-488.33942327076693
4729.300809472078,5316.397876771752,-587.0970672996737
4728.424773288476,4323.659239422883,404.76553386559317
4714.851858952895,5292.936127764214,-578.0842688113189
4729.79861102758,5304.707515495942,-574.9089044683624
5377.211638278906,5349.034732405732,28.17690587317429
5340.9370866754625,4949.685479351712,391.25160732375025
5343.610336624357,5277.4732354204425,66.13710120391443
5351.073367479843,5210.998151400835,140.075216079008
5369.357712594339,5299.273199893784,70.08451270055502
5380.385233948737,5155.65840632134,224.72682762739623
5376.147330321967,4502.558235784295,873.5890945376723
4725.990337516156,5069.892441725268,-343.9021042091126
4718.142407085511,5118.386502256071,-400.2440951705603
4707.377973045382,4466.381774305935,240.9961987394463
4701.126427112362,4613.640607115544,87.48581999681755
4716.7005020796205,4734.831621141564,-18.131119061943537
3821.2303882105393,4341.1481142476005,-519.9177260370611
3805.4668666516513,5255.383627648363,-1449.9167609967112
4456.349289206436,3902.7442628851436,553.6050263212924
4448.42475018063,3659.159551690476,789.2651984901545
4456.498224294903,5230.754928911974,-774.2567046170716
4447.291886268638,5303.051628524842,-855.7597422562039
4469.260891273708,4861.1982192296555,-391.9373279559477
4449.431486985169,4626.348174037497,-176.9166870523286
4463.336739257601,4632.386141414311,-169.04940215671013
4475.827057502697,3916.4061533022646,559.4209042004327
5086.345207291656,5281.817373717582,-195.47216642592593
5109.581483865661,4912.75114743084,196.8303364348203
5111.213517166064,5146.262737614114,-35.04922044804971
5094.023817897243,4676.215092382937,417.8087255143064
5097.0436681915035,5285.778920565451,-188.73525237394733
5111.279221699193,4932.32015570945,178.95906598974307
5115.298871340858,4645.8352874027705,469.46358393808714
5100.645590032982,5409.90155701486,-309.2559669818784
5339.792948340807,4636.350948380132,703.4419999606753
5345.061986940778,4759.275129938015,585.7868570027631
5321.5072702148545,3886.018480733359,1435.4887894814956
4935.705453526446,5332.482091013851,-396.7766374874045
3887.78248038315,4841.411159226573,-953.6286788434227
3859.577894537733,5363.163665775015,-1503.5857712372822
3884.6701285610525,3831.2944977103252,53.37563085072725
4606.848133283861,5328.769440972823,-721.9213076889619
4604.546258880894,5281.895881492035,-677.3496226111411
4624.189453003169,5299.131157113767,-674.941704110598
4604.529245520252,5289.575041340639,-685.045795820387
4623.536962658871,4756.112214875903,-132.57525221703236
4602.206853727923,5405.014942467844,-802.808088739921
4618.3592348544835,5305.205856598138,-686.8466217436544
4614.655454354593,3906.784431911904,707.8710224426886
4602.293994369981,4987.313365935689,-385.01937156570784
5324.391615932273,4623.801947098709,700.5896688335642
5315.014667462607,4551.543584732013,763.4710827305935
5326.720731415884,5294.344696954901,32.37603446098274
5323.958214841952,4508.102206771729,815.8560080702237
5311.251357187112,5365.417380032321,-54.16602284520832
5310.819052812912,5279.379696831688,31.439355981223343
5307.633695486488,5174.32155869399,133.31213679249868
5318.35129998733,5320.886969574725,-2.535669587395205
5341.064397089038,5392.916605522694,-51.852208433656415
4544.27689200399,5292.928349431113,-748.6514574271232
5326.026347975005,5345.764082253006,-19.73773427800097
5319.210497918489,5200.482020466175,118.72847745231411
5321.505153069743,5259.977206975292,61.52794609445118
5319.57841587238,4745.373876682214,574.2045391901656
5330.624681234759,5323.303321224318,7.3213600104409124
5331.760909413519,4744.21576354076,587.5451458727584
5327.460200338279,5370.683629091068,-43.223428752789005
5323.349091280583,5399.720410986544,-76.37131970596147
5344.2277548097945,5151.558514432525,192.6692403772695
4603.93699963474,4724.478988233008,-120.54198859826829
4620.847510679853,4641.642592851157,-20.795082171303875
4599.145732441627,4822.5308765198215,-223.38514407819457
4610.234003538869,5412.74613180077,-802.5121282619011
4612.323836541858,4233.3818627545415,378.9419737873168
4603.16789020855,3904.4713089737947,698.6965812347548
4608.448925429055,4757.9001072816645,-149.4511818526098
4607.9568940192985,4740.279826237878,-132.3229322185798
4617.342526493868,4765.580066333965,-148.23753984009727
3893.2465732220044,4168.496041040862,-275.24946781885774
3888.766885635034,5319.754303818598,-1430.9874181835635
3890.429298230488,5131.572504975151,-1241.143206744663
4860.3312858033605,5268.437446282758,-408.10616047939766
4872.895022328113,5349.401099852229,-476.50607752411634
4859.640762381942,5108.751550395799,-249.11078801385702
4879.005868562229,5125.15809460264,-246.15222604041082
4886.841326411333,3920.4529135059847,966.3884129053486
4206.109069114481,5389.000558448273,-1182.8914893337924
4218.424644687565,4815.386041193975,-596.96139650641
4207.944172182678,5360.153610957501,-1152.209438774823
4211.945779527617,5062.814261952078,-850.868482424461
4208.99965596349,5216.544989372849,-1007.545333409359
4212.203005443511,4584.760090008302,-372.5570845647908
4697.165760572647,5268.074300271424,-570.9085396987775
4678.515285487401,5385.51436716746,-706.9990816800582
4695.461404251689,4907.415148131189,-211.9537438795005
4713.013660759399,5374.646279044566,-661.6326182851672
4675.5424907857105,4608.200001761343,67.34248902436775
4694.265116027376,4756.554928110636,-62.289812083259676
5239.221825340419,4747.165986606023,492.0558387343963
5232.603509781317,5261.907318256079,-29.303808474761354
5252.423085797693,4637.549863700471,614.8732220972215
5242.3838224228975,5255.593491040782,-13.209668617884745
5243.648641470725,5288.657044617596,-45.00840314687048
5259.369704028222,5131.293985540948,128.07571848727457
4710.196789109554,5254.196685296198,-543.999896186644
4716.566730466968,4708.3421479839335,8.224582483034283
4706.385447689821,3888.018486735451,818.3669609543704
4715.834881035912,5298.794110272156,-582.959229236244
4738.86857769326,4651.943643124341,86.92493456891862
5370.010811588695,5372.353465124379,-2.342653535683894
5351.2755051971435,3905.0791647767724,1446.1963404203711
5362.482596537689,3906.5874450264982,1455.8951515111903
5354.257177103067,5277.201050663691,77.05612643937638
5358.497633061674,4646.28973412411,712.2078989375641
5353.800067413397,5225.978003407067,127.82206400633004
5371.145426035452,5299.692123330229,71.453302705223
4725.959166235323,5166.742130197198,-440.7829639618749
4699.144374713508,4734.251598900048,-35.1072241865395
4718.502870939181,5266.983603139652,-548.4807322004708
4753.012445208247,3850.384149119198,902.6282960890494
4737.085698402385,4751.735553431514,-14.649855029128958
3785.2523312040753,4720.733057322632,-935.4807261185565
3824.8100963859642,4830.469663505318,-1005.6595671193536
4458.917067366541,4637.280254165233,-178.36318679869146
4463.802904743165,5378.018130820346,-914.2152260771818
4453.141666975838,5213.201419783821,-760.0597528079825
4431.986190694559,5185.123406148507,-753.1372154539476
4473.486705652649,4667.792852007915,-194.3061463552658
4456.898815184863,5202.50862686222,-745.6098116773564
4454.749889404073,5197.910662694107,-743.1607732900338
4454.886905706627,5237.2102466731,-782.3233409664736
5095.711474653092,5086.149245223699,9.562229429393483
5111.213517166064,5170.361208038086,-59.147690872022395
5092.290001297563,5216.048044088554,-123.75804279099066
5095.643538069258,4742.679898500983,352.96363956827554
5107.375291231254,5270.457400374338,-163.08210914308438
5099.473424233388,5370.17670296942,-270.7032787360322
5110.889808797471,4109.920366528739,1000.9694422687326
5086.402884290485,4741.087021545185,345.31586274530036
5313.325754124596,4612.62795048531,700.6978036392857
5320.045629934712,5338.877233353257,-18.831603418544546
5357.539509568479,5239.776812277337,117.7626972911421
4948.754307460758,4627.345090023807,321.4092174369516
3890.6889348644336,4980.052592073775,-1089.363657209341
3887.3833882124068,4642.855072114148,-755.4716839017415
3887.2067707769706,3905.5800956785984,-18.37332490162771
4597.240183958112,5121.184638606794,-523.944454648682
4619.758237238565,4523.615045287915,96.14319195065036
4606.206391116389,5274.505005763491,-668.2986146471021
4605.104336189578,5405.637340368878,-800.5330041792995
4603.789184511188,5388.003231173065,-784.2140466618766
4610.641526618943,3902.1369397479534,708.5045868709899
4603.328271963805,5117.001599233936,-513.6733272701313
4604.69250294724,4625.162653287436,-20.470150340195687
4618.071432534561,5370.7234835658655,-752.6520510313048
5323.5216283406835,5119.583418316693,203.9382100239909
5338.794779120415,5244.8257128775185,93.96906624289659
5333.767663725207,4838.865446500683,494.90221722452407
5326.668452671637,5409.38121063967,-82.71275796803275
5324.7863268094325,5400.360920724721,-75.57459391528846
5315.438035600051,4731.9506922060755,583.4873433939756
5332.7656090763285,4745.842937777372,586.9226712989566
5310.4011176578815,5302.530378225799,7.870739432082701
5318.375696686794,4555.37580650027,762.9998901865238
4540.238720663428,5345.893866792938,-805.6551461295103
5335.074830515497,5408.604438048959,-73.5296075334627
5337.279315929434,5095.573592751288,241.7057231781464
5325.401331621769,5377.637703940968,-52.23637231919929
5326.784197051315,5134.639054283187,192.1451427681277
5318.6467071998,5290.85810743103,27.788599768770837
5308.294482875361,4625.380470844271,682.9140120310894
5321.944122752974,4757.892284031975,564.0518387209995
5321.014370820084,5275.961749387514,45.05262143257005
5314.222431848096,5270.810817537311,43.4116143107849
4607.153410169866,4715.359872628676,-108.20646245881017
4596.303170033266,4742.608569106805,-146.30539907353887
4583.427426023604,4377.708646202345,205.71877982125898
4612.238129110309,4853.397332851355,-241.15920374104553
4602.791310846759,4320.622750238274,282.16856060848477
4625.872131928967,5338.087950007937,-712.2158180789702
4607.7099061983,3901.549093091073,706.1608131072271
4605.292930881369,5115.903051939642,-510.61012105827285
4607.800486406312,5281.226814975795,-673.4263285694824
3890.429298230488,5385.9676342346975,-1495.5383360042097
3874.89956417133,5062.977358329176,-1188.0777941578463
3877.283711879976,4631.464915733199,-754.1812038532225
4860.3312858033605,5310.175744868474,-449.84445906511337
4869.372708768181,5356.557028216894,-487.1843194487128
4866.134136035917,5182.12817604555,-315.99404000963295
4886.38623581143,4609.4084166427165,276.9778191687137
4858.474430149002,5381.167246080222,-522.6928159312201
4219.047280252107,4848.204880739774,-629.157600487667
4216.883422876202,5319.208345761103,-1102.3249228849018
4209.730547119828,3903.079723638415,306.6508234814128
4209.627968443012,5190.810410202532,-981.1824417595199
4233.135038651474,4826.934267989832,-593.7992293383577
4229.825464614005,5286.500057510226,-1056.674592896221
4692.842495421068,5370.3117660421685,-677.4692706211008
4696.812788440449,5318.0642360745815,-621.2514476341321
4710.556393791207,4990.278076855786,-279.72168306457934
4692.727926243056,4091.6367300155975,601.0911962274581
4685.5715629518545,4732.8014815066745,-47.22991855481996
4700.150064769312,4632.3171908483155,67.83287392099646
5258.6629137757045,5305.627650060807,-46.964736285102845
5274.086862874723,5160.709462252096,113.37740062262674
5245.30153219783,5280.019542903119,-34.71801070528909
5273.163037158065,4989.694160011029,283.4688771470355
5237.201483554202,4233.788647924589,1003.4128356296133
5243.7901264775155,5309.973230372389,-66.18310389487306
4736.245083727475,5177.502088223378,-441.25700449590386
4724.285939508576,5218.353696292907,-494.0677567843313
4730.4041266060085,5337.049485008698,-606.6453584026895
4731.51313698222,5388.333531002548,-656.8203940203275
4729.311454888068,4637.925897195703,91.38555769236427
5356.218350776391,4963.288349268024,392.93000150836724
5361.27809664045,4338.1952653301905,1023.0828313102593
5363.615062417526,4347.894995042631,1015.7200673748948
5365.634358039155,4983.990761072106,381.64359696704923
5356.6867303138215,5316.7108494653885,39.97588084843301
5369.606439558725,4405.372383850442,964.2340557082825
5350.175276239009,5115.067334473551,235.10794176545733
4710.265431508694,5107.423445886158,-397.1580143774645
4723.4808670951925,4963.024032337367,-239.54316524217484
4730.330328780095,4643.375587070665,86.95474170943089
4726.711756145652,5328.751837873941,-602.0400817282898
4722.347990217812,4636.7316352290945,85.61635498871783
3813.592750146707,4330.964224861168,-517.3714747144609
3808.7823779552473,4991.472431450445,-1182.6900534951974
4458.67136880355,5258.952701174551,-800.2813323710016
4441.614491173979,5264.30592128505,-822.691430111071
4468.125674780526,5407.274562287186,-939.1488875066598
4455.542300458266,4972.716230965082,-517.1739305068159
4454.665357464672,5374.384780952167,-919.7194234874951
4438.373000541401,4634.492531167313,-196.11953062591238
4448.919634175846,5359.964796960508,-911.0451627846614
4471.294084160459,5398.356533531437,-927.0624493709784
5099.733261720797,5404.828746761643,-305.09548504084614
5094.023817897243,4808.054387280621,285.96943061662205
5095.643538069258,4753.1089231497135,342.53461491954477
5098.762480316409,5134.036679162166,-35.27419884575738
5116.506475515831,4499.81040846736,616.6960670484714
5101.5821598597195,5137.988310342471,-36.4061504827514
5087.036577724279,5131.711927259611,-44.675349535332316
5101.86501564064,3909.810789463906,1192.0542261767341
5358.134835071649,5132.100191561918,226.0346435097308
5340.458575776139,4740.784465664278,599.6741101118605
5348.640173858257,4632.079694366227,716.56047949203
4957.571345872065,4973.073523961076,-15.502178089011068
3878.0370184091926,4634.447131083769,-756.4101126745763
3886.110912257349,5230.451720027391,-1344.3408077700424
3870.069918164,5303.474229466931,-1433.4043113029315
4600.329541925799,5131.046868083271,-530.7173261574717
4597.418516121997,4227.0302270436805,370.3882890783161
4605.255867717961,5290.286350751854,-685.0304830338928
4620.124440552589,5399.760493313501,-779.6360527609122
4626.362417108956,5139.770696807371,-513.4082796984148
4606.258975557145,5163.35561690499,-557.0966413478445
4592.246523362251,5386.263588188812,-794.0170648265612
4597.8073390601685,4614.192716070843,-16.385377010674347
4622.826727299337,4362.558530015067,260.2681972842702
5320.981244837326,4820.642817006984,500.33842783034197
5342.372934430969,4984.928506336633,357.4444280943353
5318.603765812403,4757.655847522397,560.9479182900059
5322.470432414943,5120.889064982211,201.5813674327328
5313.419910295384,5309.544390990472,3.875519304912814
5337.579187533254,5389.799494008074,-52.22030647482006
5325.059508976433,5074.220528297738,250.8389806786945
5299.750029760845,5255.924910507963,43.82511925288145
5320.7610385361395,5369.259457211953,-48.49841867581381
4514.652302110958,5203.225806595417,-688.5735044844596
5308.764184804457,4617.422489496094,691.3416953083624
5315.702065594597,5358.433784444928,-42.73171885033116
5308.068585541814,5360.478357239807,-52.409771697993165
5329.970208518155,5283.09534360874,46.87486490941501
5334.766038301272,3833.069136760745,1501.6969015405266
5328.2192596863715,5381.33881170271,-53.119552016338275
5319.986605755469,5292.448001681594,27.53860407387492
5318.226852298751,4470.340597171299,847.8862551274515
5332.4214603463515,5388.095162947292,-55.67370260094049
4607.622941673874,4738.20977130742,-130.58682963354568
4607.33731359398,5319.076879433238,-711.7395658392579
4607.091384381717,5139.536782104581,-532.4453977228641
4582.30060198353,5344.802101857098,-762.5014998735678
4615.836094423192,4643.479859367849,-27.64376494465705
4618.021364495587,5134.388049641088,-516.3666851455018
4614.847056419456,4667.845560647677,-52.998504228221464
4618.22555134979,4495.9365658241595,122.28898552563078
4610.429056717406,5192.487924566102,-582.0588678486965
3876.884773769112,4737.444469563742,-860.55969579463
3871.2847515852573,5298.894361112575,-1427.6096095273178
3875.627913858973,4953.593101666274,-1077.9651878073014
4860.3312858033605,5199.434107473122,-339.1028216697614
4875.671913688182,4906.297994181221,-30.6260804930389
4891.939585608512,4851.870025256388,40.06956035212443
4855.635698330116,4613.65809496167,241.97760336844567
4861.082910185767,4746.381234651187,114.70167553458032
4202.372712917325,4630.286528465085,-427.91381554776035
4208.416643616904,4096.971428611671,111.44521500523297
4226.963298407208,4644.616018275869,-417.6527198686608
4202.37195618967,4622.197674637555,-419.82571844788527
4210.728941086843,5343.011777049913,-1132.2828359630694
4220.345692880927,5236.209157075897,-1015.8634641949693
4711.849924798354,3846.69211834824,865.1578064501136
4694.777191829949,5169.90829100085,-475.1310991709015
4685.740993905254,5249.916178935083,-564.1751850298288
4706.72852610482,5422.373341148093,-715.6448150432725
4694.885297799343,5289.779252433831,-594.8939546344882
4704.397234653703,4635.898923809824,68.49831084387915
5272.730134017369,5401.531480461741,-128.80134644437203
5246.7075694414625,5119.438351554521,127.26921788694108
5235.700887593872,4747.341477086741,488.35941050713063
5263.555509680226,4754.9062797801935,508.6492299000329
5240.933908547231,5198.415514716715,42.51839383051629
5251.594554112751,5287.686726426499,-36.09217231374805
4729.298941216573,5142.245500146889,-412.9465589303154
4736.63809232938,5140.870803760019,-404.23271143063903
4732.1923219311175,5290.063223607074,-557.8709016759567
4738.86857769326,4643.6750772003825,95.19350049287732
4722.959346905994,5394.900619312215,-671.9412724062213
5375.953121560196,4769.9510450352345,606.0020765249619
5368.336315388235,5405.541879167404,-37.2055637791691
5334.472531731109,4611.3464911206775,723.1260406104311
5353.02339788259,5373.727731717901,-20.704333835311445
5362.032272266693,5292.014334629763,70.01793763693058
5354.129179051462,4966.6934305656705,387.4357484857919
5355.79475350675,5391.408380694731,-35.613627187981365
4729.071021180068,5412.324453839255,-683.2534326591867
4713.614909004304,4834.349978767398,-120.73506976309454
4715.137691468286,5062.635623495001,-347.4979320267148
4734.1987795126,5287.878465382507,-553.6796858699072
4715.042103059127,4629.925677593862,85.11642546526491
3796.4889830725533,4624.540062009394,-828.0510789368409
3810.79423866814,5373.705773368841,-1562.9115347007005
4457.781553654321,4639.991493058265,-182.2099394039442
4445.049780646962,5360.520906028823,-915.4711253818614
4457.544845198134,4850.8519387253245,-393.3070935271908
4472.111590912552,5427.5208171351005,-955.4092262225486
4453.525681191834,5110.931439369924,-657.4057581780899
4469.677417702628,4752.005347647391,-282.3279299447631
4449.772701506499,5256.025532481763,-806.2528309752634
4470.589819120443,5415.773516470261,-945.1836973498175
5101.525726945225,5325.414181635567,-223.88845469034186
5097.0436681915035,5357.99002688738,-260.94635869587637
5107.375291231254,5402.9273434194465,-295.55205218819265
5116.506475515831,4857.686893561275,258.81958195455627
5090.801553175779,5239.271491666594,-148.46993849081446
5080.066643881505,5364.7618816729655,-284.6952377914604
5099.436391910544,5415.425043551308,-315.98865164076324
5103.386295049754,5232.6813794554355,-129.29508440568134
5349.258858879912,4655.499776711212,693.7590821686999
5352.216448515727,5221.588368134991,130.62808038073672
5347.925816948106,5374.483141302801,-26.557324354695083
4959.80392079319,4491.0511711027675,468.7527496904222
3888.598480376554,5275.546057084712,-1386.9475767081576
3888.957310413327,5078.014390024139,-1189.0570796108123
3880.0593072048828,5357.728658323689,-1477.6693511188064
4605.894881631268,5267.3879944421515,-661.4931128108838
4599.900611435434,4618.756415277159,-18.855803841724992
4612.341546897668,5323.381275961036,-711.0397290633682
4614.655454354593,5317.86448985396,-703.209035499367
4598.343459430642,5266.782076848321,-668.4386174176789
4622.5839535151335,4823.761839671796,-201.17788615666268
4607.532909709206,4636.054702039185,-28.52179232997878
4598.222489616319,5335.08392066241,-736.8614310460907
4620.915616113686,4521.902237629607,99.01337848407911
5324.662817225787,5344.69407684313,-20.031259617342585
5313.469644491183,5371.808879776598,-58.33923528541436
5339.909003094283,4405.977713424291,933.9312896699921
5330.832026027913,4741.3794150590065,589.4526109689068
5310.4011176578815,5302.530378225799,7.870739432082701
5327.26049585343,4754.539537978229,572.7209578752008
5319.653627383932,5309.936833603469,9.716793780463377
5341.792630483522,5418.143835497718,-76.35120501419624
5312.331193578592,5305.393440422818,6.937753155774772
4537.202699014989,5002.8195829455235,-465.61688393053464
5322.103144910504,4904.245048053542,417.8580968569622
5327.460200338279,5122.352424729829,205.10777560844963
5332.58203151887,4991.722889614997,340.859141903873
5311.307817270292,4612.031069230886,699.2767480394059
5314.011509173335,4966.4999449290035,347.51156424433157
5323.054490857856,5365.96925538828,-42.91476453042378
5320.972573709798,5283.563258982614,37.40931472718421
5327.344674249116,4740.767153855955,586.5775203931607
5313.605439550443,5124.603921353713,189.0015181967301
4620.404840424013,4640.92366939402,-20.518828970007235
4599.490328557241,3896.775800568232,702.7145279890087
4592.270783392004,5060.537649950414,-468.2668665584097
4613.593147713799,4750.147759438962,-136.55461172516243
4617.809913619172,5272.187251114967,-654.3773374957946
4615.7806958157435,3831.5648253494523,784.2158704662911
4622.346782157881,5317.75199990655,-695.4052177486692
4610.624108146044,5120.624621977015,-510.0005138309707
4603.913473540313,5313.578087416063,-709.6646138757496
3877.3120114858516,4501.984940047698,-624.6729285618462
3873.65649730551,4966.2438647853205,-1092.5873674798104
3879.601532112358,4839.626276478213,-960.024744365855
4860.3312858033605,4466.727732517007,393.6035532863534
4873.182029575138,5382.698447716715,-509.51641814157756
4857.408126545764,4742.012228043104,115.3958985026602
4891.527151324994,4776.881600321641,114.64555100335292
4901.490484914098,5392.7816546764425,-491.2911697623449
4206.164709825052,3825.0312960904726,381.1334137345798
4208.826896392816,5211.952286075881,-1003.1253896830649
4226.13074687045,4982.413646709777,-756.282899839327
4196.071641458779,5366.179306941705,-1170.1076654829267
4217.165744561813,4630.765365211543,-413.59962064973024
4210.565394018539,4623.988399266073,-413.4230052475341
4691.248940473699,5327.752542958167,-636.5036024844685
4697.390163764791,5265.270026413882,-567.8798626490907
4696.926020050521,4965.710644301155,-268.7846242506339
4700.407550076898,3902.7232510591684,797.6842990177292
4708.6617388269915,4609.677763750371,98.98397507662048
4695.887492716395,4592.262545808851,103.62494690754374
5241.141528015881,4962.312237951833,278.8292900640481
5245.6601575534405,5127.423012493895,118.23714505954558
5233.7077775797925,5377.554863712709,-143.84708613291696
5243.183610096267,5153.4766330849925,89.70697701127483
5241.127241864698,4830.998974899264,410.1282669654338
5255.637383795557,5291.664876034879,-36.02749223932187
4738.249669252615,4641.187814616618,97.0618546359965
4716.174019585487,5156.310761374955,-440.13674178946803
4723.984443148011,4634.898347451937,89.08609569607415
4727.709401098148,4748.285073736928,-20.575672638779906
4729.992022991699,5144.096849305202,-414.1048263135035
5374.209576054685,3914.5013490389847,1459.7082270157007
5365.368427436009,5336.364190915203,29.004236520806444
5366.091492230111,4641.124230196442,724.9672620336687
5352.502508310597,4964.305050438895,388.1974578717018
5347.229214798613,5122.470745104309,224.75846969430404
5366.365049123623,5128.108347411343,238.25670171228012
5365.462593124455,5392.288625958356,-26.82603283390017
4719.746618653112,5254.09043358697,-534.3438149338581
4732.616877781042,4570.185023618184,162.43185416285814
4717.60829294816,4751.3839539113615,-33.77566096320152
4714.279252709876,5260.193628616069,-545.9143759061926
4716.173577369418,5280.835196535973,-564.6616191665553
3799.046347108311,3896.8215643072053,-97.77521719889455
3814.7184988193776,3908.112760381651,-93.39426156227319
4447.670801617946,4895.778342893131,-448.1075412751843
4473.719565433686,5336.8022416031445,-863.0826761694589
4470.6839453305565,5305.751515593993,-835.0675702634362
4447.290989063709,4728.047975398433,-280.7569863347235
4456.739168654821,5399.440640717014,-942.7014720621928
4473.359281321716,5016.884771934045,-543.5254906123291
4466.704628225614,5302.974211075591,-836.2695828499764
4475.4713998394345,5300.413847782593,-824.9424479431582
5096.313245461656,4962.585598581613,133.7276468800428
5111.279221699193,4666.904363904282,444.3748577949109
5099.473424233388,4402.319039910581,697.1543843228073
5101.5821598597195,3834.3756934415374,1267.2064664181821
5080.066643881505,5299.788225838634,-219.72158195712927
5083.978370938521,5347.880162203641,-263.90179126511975
5098.49535774585,5359.105114491336,-260.60975674548627
5112.3944413960535,5316.542117376236,-204.1476759801826
5344.208136486234,5371.365913199893,-27.157776713658677
5333.231601073226,5310.414664837621,22.81693623560477
5336.439318706609,5156.2513746939285,180.18794401268042
4942.667711131119,5373.286742925137,-430.61903179401816
3892.0645545247935,4767.278550893612,-875.2139963688187
3892.9308026908275,5127.491210863045,-1234.5604081722176
3873.404589338449,4626.076364871691,-752.671775533242
4608.0578666691945,5373.7877544678295,-765.729887798635
4617.4900110315775,4603.1839058557025,14.306105175875018
4615.572584763018,5133.576496543483,-518.0039117804645
4611.800276399796,5319.988816312307,-708.1885399125113
4609.833088103031,5230.2445969913215,-620.4115088882909
4610.23546509145,4742.850384521492,-132.61491943004148
4605.635376009124,4755.626789650986,-149.99141364186198
4602.737084756912,4738.480544206532,-135.74345944961988
4591.067856464467,5390.916868406434,-799.8490119419675
5306.222112380134,4612.377481445244,693.8446309348901
5326.444113368608,4636.485047711417,689.9590656571909
5321.998642555024,5357.281020503015,-35.282377947990426
5324.344793390105,5295.676337877208,28.6684555128968
5333.747972889563,5198.632326805357,135.11564608420667
5331.600807472665,4722.880187995036,608.720619477629
5348.428016417193,4652.678783057893,695.7492333593
5330.501557656169,4641.2499044783,689.2516531778692
5325.719153533844,5284.550917066718,41.16823646712601
4552.8673765508165,5334.174466316658,-781.3070897658417
5326.385265668253,5362.130074851966,-35.74480918371319
5317.793253137126,5375.891352434285,-58.098099297159024
5311.607508950454,3821.933822800135,1489.6736861503186
5310.248073182669,4608.194828866735,702.0532443159336
5324.021901307303,5400.311422380758,-76.28952107345503
5320.442801702665,5277.999975610541,42.44282609212405
5328.382456107502,5211.54457007983,116.83788602767163
5350.078595597796,4762.364780480235,587.7138151175614
5334.097744700133,4398.38935938022,935.7083853199128
4635.981995435603,5157.369068915884,-521.3870734802813
4605.395387650529,4633.962785331847,-28.567397681317743
4630.826224017129,4499.906638830363,130.9195851867662
4598.369825392393,5270.638900626162,-672.2690752337685
4595.925319100795,4548.722032287999,47.20328681279534
4622.924218294451,5133.799347157097,-510.8751288626463
4596.373929999733,5351.8724519119605,-755.4985219122273
4627.620027279119,4646.44432104969,-18.824293770570875
4617.783333630975,4639.700678599923,-21.917344968947873
3883.438961523582,5145.331876322419,-1261.892914798837
3865.039400131345,5164.781178642645,-1299.7417785112998
3875.1642453261347,4644.509780703185,-769.3455353770505
4860.3312858033605,5309.459793477008,-449.1285076736476
4888.273537507469,5383.430653506803,-495.15711599933366
4856.157358384675,5118.078029725578,-261.920671340903
4870.319047787027,5386.4150368634855,-516.0959890764589
4866.4958201721065,3825.2587638054647,1041.2370563666418
4225.5571892059015,5323.607550293174,-1098.050361087273
4222.30111827644,5297.167007422386,-1074.8658891459454
4211.656946777856,4508.979673154113,-297.32272637625647
4203.39321860749,5363.895748286195,-1160.5025296787053
4216.154620060179,5279.89297315054,-1063.7383530903608
4220.233725863404,4645.185002564072,-424.95127670066813
4697.534356071918,4760.101260539001,-62.56690446708217
4708.748389749372,4525.138930275451,183.60945947392156
4713.013660759399,5404.424540617828,-691.4108798584293
4698.4802845644645,4634.442595980901,64.03768858356307
4690.508950729397,4966.336245786028,-275.82729505663065
4707.985004918267,4768.895747014952,-60.91074209668477
5235.226185770862,5370.167535635336,-134.94134986447443
5268.908085998404,4998.972968169987,269.9351178284169
5244.232632309473,4484.012570709613,760.22006159986
5241.588535155601,5272.145283312279,-30.556748156678623
5252.85123047899,5295.402715652396,-42.551485173406036
5252.30281073878,5214.847139027737,37.45567171104267
4713.374456687047,5373.164974869285,-659.790518182238
4735.13192745758,5351.841785993612,-616.7098585360318
4728.4629574236615,4976.402288890313,-247.9393314666513
4732.456307704165,5125.797793657224,-393.3414859530594
4737.2285830280925,5310.479425694971,-573.2508426668783
5365.704513307758,4750.508535045658,615.1959782620997
5338.959862674161,5364.862564309593,-25.902701635432095
5350.801386677525,4902.342808466299,448.45857821122627
5355.507030737036,5124.678389363759,230.8286413732767
5369.077292307069,4772.7343124792915,596.3429798277775
5345.337439658607,4636.804818261029,708.5326213975777
5366.764499691458,5098.753252376406,268.01124731505206
4736.90520368709,5172.279468060924,-435.3742643738342
4724.267472247862,5313.731414507522,-589.4639422596592
4729.114746265477,5398.684494816751,-669.5697485512737
4717.71513692478,4629.92280393944,87.79233298534018
4726.232614405792,4993.176292431713,-266.94367802592024
3811.157037647428,5390.249909053352,-1579.0928714059241
3802.020160621119,5206.512712900038,-1404.4925522789194
4453.09480990815,5260.452170338488,-807.3573604303383
4450.950457352,5415.283127995054,-964.3326706430544
4450.5368577747995,4621.82606621427,-171.2892084394707
4461.902845686601,5128.877438881136,-666.9745931945354
4447.362639128802,3894.4937267307946,552.8689123980071
4453.483073808455,4737.017562800157,-283.53448899170235
4444.011452185722,5149.159313417632,-705.1478612319097
4458.091521615188,3905.2229503348376,552.8685712803504
5100.350746409762,5293.7468583446025,-193.39611193484052
5115.298871340858,5221.967966125583,-106.66909478472553
5110.889808797471,4241.341533871685,869.5482749257862
5087.036577724279,5300.926736728597,-213.89015900431787
5099.436391910544,5227.078591265603,-127.64219935505844
5098.49535774585,4488.852288286667,609.6430694591827
5099.5169192404255,5373.507490418329,-273.9905711779038
5083.175719599627,5362.6324734745085,-279.45675387488154
5346.726621294378,4746.087870246334,600.6387510480436
5355.124042150719,4645.991550295779,709.1324918549399
5348.935162809701,4660.0081202398005,688.9270425699006
4943.981113342117,5324.155594701292,-380.17448135917493
3885.207865010121,4487.0568842662415,-601.8490192561203
3896.937087883162,5331.198684926261,-1434.2615970430993
3889.226628722814,5070.079326722073,-1180.8526979992594
4610.641526618943,3902.1369397479534,708.5045868709899
4591.4534552712585,5232.023123796845,-640.5696685255862
4604.788782092504,5187.014343365782,-582.2255612732779
4592.521158609754,5110.40291026483,-517.8817516550762
4605.151186509959,4158.054444082122,447.09674242783694
4584.769480961084,4570.6666564628085,14.102824498275368
4592.6608493442845,5267.829554846276,-675.1687055019911
4598.464049250276,4627.300300572527,-28.836251322250973
4595.15787839041,4830.524955413446,-235.36707702303647
5333.99134686076,5306.444816276068,27.546530584691936
5319.539574918788,5273.84344404505,45.696130873738184
5328.818232623477,5381.88583137752,-53.06759875404259
5327.004428147061,5071.224176676644,255.78025147041717
5335.074830515497,5221.797913081596,113.27691743390096
5318.161333575584,5369.820903031774,-51.659569456190184
5325.960078396801,5287.253992680946,38.7060857158549
5322.103144910503,4837.995638351184,484.1075065593186
5310.4400807834545,4956.860074348172,353.5800064352825
4533.451703203566,5113.053319276702,-579.601616073136
5324.6169803029325,4636.325359722833,688.2916205800993
5332.74980316274,5394.941050861387,-62.1912476986472
5327.511353803371,5130.925084504549,196.58626929882212
5308.863215979374,5366.173881531503,-57.31066555212874
5329.806967772782,5285.87945779148,43.92750998130214
5327.325053058353,5322.482319860876,4.842733197477173
5327.580093017723,5124.258248632993,203.32184438472996
5344.941090063652,5316.768559648953,28.172530414699395
5339.214972974499,5307.402958464832,31.81201450966637
4605.302352344033,4397.428341326899,207.87401101713476
4608.953422518444,4338.139688993733,270.8137335247111
4598.568093784425,5319.279014137641,-720.7109203532154
4609.101363951175,5363.05326608161,-753.951902130435
4616.6280109706895,5358.154979168169,-741.5269681974796
4599.305997697064,4570.461183052161,28.844814644903636
4615.763516951574,4922.636487075687,-306.8729701241127
4592.330209855972,5280.26884775096,-687.9386378949885
4594.653450356938,4727.1819509856605,-132.5285006287222
3884.588248136036,3832.665090757158,51.92315737887793
3880.155410673614,4916.754231108416,-1036.5988204348023
3905.28259476728,4664.868358757753,-759.5857639904734
4860.3312858033605,5055.93585291284,-195.60456710947983
4889.1716612957025,4534.708140158224,354.4635211374789
4874.1277523699855,5256.860812833096,-382.73306046311063
4856.229382986651,4623.220022546016,233.00936044063565
4870.65800625847,4626.231748951175,244.4262573072947
4225.64632831812,5330.509972597962,-1104.8636442798415
4217.61681700073,4633.374528406402,-415.7577114056712
4220.889781280408,5300.253639189805,-1079.3638579093968
4210.0732258950575,4752.144248488385,-542.0710225933271
4210.15977552932,5301.630842932429,-1091.4710674031094
4209.85923499385,4811.520478547511,-601.6612435536608
4687.427056057734,4627.25372711448,60.17332894325409
4707.259323205555,5416.151798197124,-708.8924749915686
4692.211163481456,5383.514890963631,-691.3037274821745
4717.844969029657,5345.00525171954,-627.1602826898834
4696.8590787081575,4482.4570123137455,214.40206639441203
4708.179012345561,5281.17116031985,-572.9921479742889
5250.857208287382,5363.824178594784,-112.96697030740233
5235.700887593872,5063.7209584935645,171.97992910030734
5239.531388690154,5204.867873841541,34.66351484861298
5241.489270422511,4710.032417214915,531.4568532075964
5246.963954279077,4555.8857870756565,691.0781672034209
5257.405726175876,5376.5746244509255,-119.16889827504929
4734.395520159349,4243.682664014857,490.7128561444915
4717.187053089671,4753.273634354526,-36.08658126485443
4719.246322281614,5281.240822699429,-561.9945004178153
4741.11315333202,3687.215305301084,1053.8978480309365
4725.709584995716,3900.3933155058644,825.3162694898515
5350.857285137446,5065.4107232023725,285.4465619350731
5347.343103945887,5253.814709135542,93.52839481034516
5365.65951701531,4749.3411496748995,616.3183673404101
5355.773984660225,4962.601138125915,393.17284653431034
5355.275119970976,5366.360708436417,-11.085588465440196
5368.771550845019,5287.9401112379655,80.83143960705365
5344.017188999335,5385.257722266246,-41.24053326691046
4723.8536893838445,4630.782121302714,93.07156808113086
4734.1987795126,4753.117578727758,-18.918799215158288
4716.109312708354,4623.282919991143,92.82639271721109
4721.459220165703,5003.204435485348,-281.74521531964456
4739.813720481991,5386.929165625549,-647.1154451435577
3810.616042964994,5202.460982316691,-1391.8449393516971
3827.9085438768834,5312.567161897019,-1484.6586180201357
4471.307069511586,4490.731660363267,-19.424590851681387
4460.938281332385,5384.998836058495,-924.0605547261102
4453.3530963056055,4742.889110783958,-289.5360144783526
4461.343823156783,3905.8624075439507,555.4814156128327
4470.222165742048,5291.267816858866,-821.0456511168186
4449.925322993616,5277.192765573754,-827.2674425801379
4456.8817350494755,5382.253639854977,-925.3719048055018
4464.483468197065,4766.746227591284,-302.26275939421885
5129.709180888623,4871.175220170793,258.53396071783027
5100.645590032982,4482.486237438639,618.1593525943426
5086.402884290485,5107.614589580115,-21.211705289629208
5101.86501564064,4856.530535889575,245.33447975106537
5103.386295049754,4970.6194541977475,132.76684085200668
5112.3944413960535,5330.091937293485,-217.6974958974315
5083.175719599627,4952.780172197204,130.3955474024233
5097.85725253966,5399.135051799672,-301.2777992600113
5335.13668641501,4619.608857929996,715.5278284850147
5346.265887093775,4742.248420036813,604.0174670569622
5332.569512361821,5380.373513688931,-47.8040013271102
4926.887607094119,4897.508251880808,29.3793552133111
3876.5515909900932,4394.120510791193,-517.5689198010996
3871.942394916344,4615.2915531770395,-743.3491582606957
3883.670356086735,4844.532302417254,-960.861946330519
4610.2280826944,4747.441673710734,-137.21359101633425
4614.484692746988,5367.140542572453,-752.6558498254653
4610.7749822108735,5422.499111966892,-811.7241297560186
4609.936750480299,4832.774020248694,-222.83726976839444
4607.9078054581,4579.772561445534,28.135244012565636
4607.436897582039,5258.776656779188,-651.3397591971489
4616.581013481875,4814.808857815587,-198.2278443337118
4618.950311478476,5413.302826433094,-794.3525149546185
4635.151188407503,5234.099189960959,-598.9480015534564
5323.42980539898,4824.1565831791495,499.27322221983013
5323.520280571051,5316.757048232742,6.763232338309535
5331.244055317536,4969.384863771448,361.85919154608746
5332.279059120171,5405.3713699992295,-73.09231087905846
5305.214430120423,5172.7771550791995,132.43727504122307
5335.799755119355,4640.005570489802,695.7941846295525
5327.967650443561,4718.8549605034705,609.1126899400906
5321.1724016918515,4102.004568735511,1219.1678329563401
5328.26191430683,5323.744508065742,4.517406241087883
4556.024204141414,4645.343775740392,-89.31957159897775
5349.524661084309,4410.1884336462645,939.3362274380443
5310.9684922885435,5354.116521054747,-43.148028766203424
5328.693150931045,4908.214533901346,420.4786170296993
5318.757836417643,4628.755422368362,690.0024140492815
5331.055955003635,4915.798827520679,415.2571274829561
5325.303463158628,5320.836221088351,4.46724207027728
5304.148008524652,5338.891222325733,-34.743213801080856
5329.993184554559,5072.932129715146,257.06105483941246
5331.605683089873,5255.7415885017035,75.86409458816979
4620.072450555135,5084.174321663126,-464.1018711079905
4599.58754018177,5310.678532292229,-711.0909921104585
4628.108684680109,5156.6481807284135,-528.5394960483045
4601.564638521774,5359.369712727116,-757.805074205342
4602.003957193659,5286.461431405123,-684.4574742114646
4610.905591532999,4104.551306284313,506.3542852486862
4591.833358320289,5213.321749345645,-621.4883910253557
4591.741473685048,5348.013569611652,-756.2720959266044
4609.957152724369,4829.69059336063,-219.73344063626155
3892.2451748493445,5313.335410679344,-1421.0902358299995
3879.5561032725764,4762.941609407752,-883.385506135176
3895.5603735017926,5389.17221288296,-1493.611839381167
4860.3312858033605,4746.282696872861,114.04858893049914
4870.937189550207,4661.729392843424,209.20779670678348
4863.3521081197905,5060.53501819849,-197.18291007869993
4863.968916338916,5302.888693567449,-438.91977722853335
4871.081717633696,4648.5890939317915,222.49262370190445
4219.556621730452,5283.150004499351,-1063.5933827688987
4204.266616517399,3897.6598784772864,306.6067380401123
4201.035089947716,5282.911773732341,-1081.8766837846251
4206.8486114259385,5184.4553284720105,-977.6067170460719
4215.454281926958,5165.688664752835,-950.2343828258772
4210.031430479095,5117.287387595256,-907.255957116161
4696.175157329664,5382.104920219538,-685.9297628898739
4712.963897953343,4115.575050463959,597.3888474893838
4677.423267710478,5186.689894052869,-509.26662634239074
4677.992462331732,5386.406568013174,-708.4141056814424
4683.719613371971,4624.280190578352,59.43942279361909
4703.652247067343,5289.918134096496,-586.2658870291534
5253.596755191966,4765.203997092713,488.3927580992531
5235.451318934027,5247.447912854785,-11.996593920757732
5252.562546328595,5375.199982428222,-122.63743609962694
5251.98311854101,4636.690885770715,615.2922327702954
5247.128653925931,5208.9509896047075,38.17766432122335
5267.721157069103,4642.708812027272,625.0123450418314
4725.336518736109,4762.206600322786,-36.87008158667686
4722.768097870301,3888.5401207986647,834.2279770716364
4739.94115818065,4644.356782734969,95.58437544568096
4720.082976253952,4487.536360672196,232.54661558175667
4728.67354820585,5079.860720966954,-351.1871727611042
5338.959862674161,5350.354197093071,-11.394334418910148
5374.491821037438,5400.347623785466,-25.8558027480276
5368.999844428511,4173.81097967328,1195.1888647552314
5360.434455701286,4813.967960163339,546.4664955379476
5357.346679710053,5285.151898152698,72.19478155735487
5345.239492185402,4742.8445562807565,602.3949359046455
5350.940836876444,4756.388770316177,594.5520665602671
4727.934285532389,5301.49273355302,-573.5584480206307
4719.9927169296725,5388.576572616951,-668.5838556872786
4713.921526827629,3814.697008180253,899.2245186473765
4725.81728717632,5420.0443740282235,-694.2270868519036
4726.215284478968,3833.6596335054824,892.5556509734856
3814.0876367138926,5221.165240650473,-1407.07760393658
3804.39321244633,4968.918248855977,-1164.5250364096473
4458.516779844448,4558.47668176612,-99.9599019216721
4459.521184439602,5409.14213316569,-949.6209487260885
4459.655676451721,5320.661197875514,-861.0055214237927
4464.755985996207,5395.899722940911,-931.143736944704
4458.444575453496,5380.635899923164,-922.191324469668
4467.8815365093305,5349.334540116255,-881.4530036069245
4463.235012975847,4631.794653296271,-168.55964032042357
4469.0436785729225,4646.007037981675,-176.9633594087527
5103.57398912144,4849.943579684681,253.63040943675878
5097.7687780839415,4559.25351861167,538.5152594722713
5074.4689743880945,4614.607530811341,459.8614435767531
5113.729812152778,5090.713256851148,23.016555301630433
5103.53906537244,4630.694078939335,472.8449864331051
5097.359945300878,5403.466068481631,-306.10612318075255
5104.802838210128,5148.675208652682,-43.8723704425538
5092.903605688254,5311.298445977223,-218.39484028896914
5339.7782280325655,5283.530430851316,56.24779718124955
5335.753473011919,4710.598616341236,625.1548566706824
5355.653680110558,4600.881455116261,754.7722249942963
4959.524000149579,5217.85772971284,-258.33372956326184
3879.372066193633,4813.029539135468,-933.6574729418353
3876.003685161734,4718.547719008213,-842.5440338464787
3887.7921943076876,4844.765411106694,-956.9732167990064
4607.750911558091,5065.223962214387,-457.47305065629644
4617.9416099934615,5384.794548292401,-766.8529382989391
4611.683513884724,4816.249148786389,-204.56563490166536
4605.505030882449,4558.503403045113,47.001627837335946
4606.823029296526,4842.298656626826,-235.47562733030009
4626.759934870078,4336.775538523028,289.98439634704937
4603.04916947983,4710.384016247091,-107.33484676726039
4594.750321330148,4725.970313272823,-131.21999194267482
4613.041125734719,5292.235720393874,-679.194594659155
5322.33255985778,4321.792997222704,1000.5395626350764
5322.640782308358,4740.949254065046,581.691528243312
5328.759225444175,4107.792967214319,1220.966258229856
5329.310730693469,5292.13442354048,37.17630715298856
5326.7841970513155,5075.752315960394,251.03188109092116
5331.384383398324,4759.651618283197,571.7327651151263
5334.460061255875,5171.866022145568,162.59403911030677
5311.307817270292,4463.007915989436,848.2999012808559
5320.7694199475745,4805.468385118689,515.3010348288853
4526.061693259661,3890.6989695650436,635.3627236946177
5308.863215979374,5232.706329752363,76.15688622701146
5337.300193444417,5399.413646080764,-62.113452636346665
5313.38400595526,4624.26010508794,689.1239008673201
5319.730420769411,5363.715823128536,-43.985402359125146
5310.726068915932,5109.559917843769,201.1661510721633
5323.831524119484,4741.566679192243,582.264844927241
5318.6388666889325,4621.579167709749,697.0596989791838
5305.446971280383,4151.068317762403,1154.3786535179797
5342.534359617124,5244.694885475408,97.83947414171598
4615.090289043878,5381.265798160006,-766.1755091161276
4608.686232435902,3835.9810171418944,772.7052152940073
4617.156996902615,5239.530686420137,-622.3736895175216
4592.947637724325,4611.798365209324,-18.85072748499897
4631.0064380690355,4648.260989029169,-17.2545509601332
4612.099551127436,5424.641776093788,-812.5422249663525
4603.765778827365,5372.948492418139,-769.1827135907743
4612.817676090896,4399.989063280644,212.8286128102527
4611.680766595264,5368.615951100459,-756.9351845051951
3893.53400915523,4838.060517883137,-944.5265087279076
3889.6910803041915,4633.181265579899,-743.490185275708
3897.131386198321,4662.4685049932295,-765.3371187949087
4860.3312858033605,5125.142680863661,-264.81139506030013
4885.8542064288995,4754.232938830855,131.62126759804414
4875.32762297274,4756.606555399116,118.72106757362417
4852.422040439989,5326.799079217737,-474.37703877774766
4874.0417005641675,5318.421356909448,-444.37965634528064
4215.225512055096,5278.541997609431,-1063.3164855543346
4205.1967153659,5384.264838868758,-1179.0681235028578
4222.94471591503,4721.879912971275,-498.93519705624476
4204.396935657676,4619.346414667163,-414.9494790094868
4215.967519574101,5378.011764811352,-1162.0442452372508
4211.29428406392,4638.273084800126,-426.9788007362058
4694.107382785112,5339.569785102794,-645.4624023176821
4697.64200645023,4757.394985384789,-59.752978934558996
4684.42684158661,4746.997369853071,-62.570528266461224
4686.230595596927,5370.500072612202,-684.2694770152748
4690.542132370916,4646.880346647475,43.661785723441426
4701.2537993818505,5194.842804275431,-493.58900489358075
5266.047164617605,4669.172894614089,596.8742700035154
5244.02315809787,3894.666849071432,1349.3563090264379
5273.560494695831,5285.841536043056,-12.281041347225255
5247.324129990686,4631.520330724572,615.8037992661139
5254.05597225199,4819.889722401837,434.1662498501528
5249.099301019547,4625.487479255539,623.6118217640078
4716.576928319083,4623.781324462417,92.79560385666628
4721.91104976062,4636.14712993977,85.76391982084988
4710.541942140934,5276.541954883455,-566.000012742521
4746.209707182083,4928.465115292459,-182.25540811037627
4743.07924777613,5315.9295075513755,-572.8502597752458
5363.340715505424,4635.835881158678,727.5048343467461
5361.365863219274,4986.421730156978,374.9441330622958
5358.873595644573,5067.789447867048,291.0841477775248
5345.549861196341,5365.29727447504,-19.747413278698332
5352.576078098132,5355.9157963376365,-3.339718239504691
5379.103287258149,4648.288241702623,730.815045555526
5369.472704763844,5333.770188608655,35.70251615518919
4715.651347245403,5343.120500759071,-627.4691535136681
4706.894508174375,5069.681999590516,-362.78749141614117
4707.912436996102,4218.223522581512,489.6889144145898
4732.900740962759,4645.0288815487165,87.87185941404277
4698.648611677714,5197.877413851547,-499.2288021738332
3810.0777554973765,4759.061127538103,-948.9833720407269
3811.7388636190794,4113.616572632099,-301.8777090130193
4454.347253527138,5229.872501750203,-775.5252482230653
4455.839977697362,5121.6681083761605,-665.8281306787985
4447.815525970293,5208.594142928899,-760.7786169586061
4458.957423788389,5324.724938887718,-865.7675150993291
4458.550771971819,4763.0833406650545,-304.5325686932356
4456.951384224518,5066.605766197837,-609.6543819733188
4455.504153913909,5279.7342540476775,-824.2301001337682
4481.6933647521255,5416.608262987212,-934.9148982350862
5104.98506392786,5083.495606656579,21.489457271281026
5101.359547420452,3897.3934007615435,1203.9661466589087
5078.594302328938,5284.883340181507,-206.28903785256898
5098.986566714843,5300.907614723045,-201.92104800820198
5113.518668779226,5259.426370676168,-145.90770189694194
5092.15864891132,4751.8474409110395,340.3112080002802
5109.972858606125,5371.271854342105,-261.2989957359805
5101.537208774703,4638.369276599769,463.1679321749334
5335.753473011919,4906.561805739135,429.1916672727839
5341.769640515795,4629.645705436264,712.1239350795313
5342.022810542451,5407.642440925693,-65.61963038324211
4951.293814111972,5289.300862705315,-338.0070485933429
3885.113526165001,4561.037185505667,-675.9236593406663
3876.9902917332047,4326.834180616538,-449.8438888833334
3876.205401044957,5273.742269085152,-1397.5368680401948
4615.90084878074,3911.3628267729628,704.5380220077768
4605.943288154377,5278.953754151121,-673.0104659967437
4614.255778396839,5405.311095688492,-791.0553172916534
4602.277118430757,4632.289619705702,-30.012501274944952
4607.069189341768,5184.152023765616,-577.082834423848
4614.433645397551,5324.949851889589,-710.5162064920378
4603.682622063079,5210.839200465326,-607.1565784022469
4596.293625506463,4954.9059164849305,-358.6122909784672
4610.971550637161,5288.9114028898875,-677.9398522527263
5323.095708287579,4741.569894192353,581.5258140952265
5324.150638253674,4828.212158826409,495.9384794272646
5352.485750555615,4648.831325165909,703.6544253897055
5322.173942658914,4495.244542097655,826.9294005612592
5343.782876007435,4638.666319791282,705.1165562161532
5326.477469948633,4629.909976784502,696.5674931641315
5335.800493739764,5296.947314587394,38.853179152369194
5328.140445097607,5010.009871958945,318.13057313866193
5327.166979850216,4638.433003100119,688.7339767500971
4544.642949224809,4763.749855231357,-219.10690600654834
5313.239072396148,5178.6124461139025,134.62662628224552
5322.364159265846,4630.231222526186,692.1329367396602
5332.671775756481,4973.808657076775,358.86311867970653
5323.590361561623,5301.779923414232,21.810438147390414
5349.482853170275,4762.85854904328,586.6243041269954
5328.420986063423,5319.621613378007,8.79937268541562
5339.996097173692,5133.742227991726,206.25386918196546
5305.901718109479,5362.046271028328,-56.14455291884951
5324.410751216476,5086.302240539184,238.10851067729163
4599.871327191843,5113.877915250628,-514.0065880587845
4607.482728304478,5284.716766935229,-677.2340386307515
4601.915484293755,4847.27769551525,-245.36221122149527
4592.046721014823,5309.325039965171,-717.278318950348
4620.20007497525,5410.928650021788,-790.728575046538
4612.795162830936,5407.738075888092,-794.9429130571561
4596.313341905619,5283.290279906595,-686.9769380009757
4603.085259606109,4630.509875727999,-27.424616121890722
4617.895299306155,5271.856242131558,-653.9609428254034
3880.5040165154583,5149.7595660627485,-1269.2555495472902
3889.3713472983127,5135.587391437791,-1246.216044139478
3870.271726880022,4471.165606536242,-600.8938796562202
4860.3312858033605,5310.226843274685,-449.89555747132454
4855.272634074584,5195.298749695075,-340.0261156204906
4869.07881560244,4653.025103344675,216.05371225776526
4873.355221641973,5120.613602417303,-247.2583807753299
4877.4651101267855,5380.301378871058,-502.8362687442723
4211.611142681442,5283.2302282880255,-1071.6190856065832
4228.952705030104,4777.692543770985,-548.7398387408812
4213.875932890533,4963.757940446266,-749.8820075557333
4206.372701409059,4914.273033889775,-707.9003324807163
4220.345692880927,5375.869681514172,-1155.5239886332447
4214.7851489571085,5396.820865600841,-1182.0357166437325
4697.390163764791,5398.138551052926,-700.7483872881348
4697.703029916282,5386.3227684415615,-688.6197385252799
4675.5424907857105,4882.03196771056,-206.48947692484944
4690.508950729397,5398.953428294569,-708.4444775651718
4701.119322027423,4484.794859124265,216.32446290315784
4702.134368398212,5333.473247465911,-631.338879067699
5234.328994839793,5353.574963998881,-119.24596915908751
5263.555509680226,4639.477266947653,624.078242732573
5241.489270422511,4619.582519100039,621.9067513224727
5246.1513637142325,5373.522349801201,-127.37098608696851
5247.037886914397,5290.766553083314,-43.72866616891679
5242.865761460283,5281.127345226848,-38.26158376656531
4707.599075820426,4951.946657708418,-244.3475818879915
4729.800351903447,4569.786124679507,160.01422722394
4731.853470931542,5333.5474900258505,-601.6940190943087
4724.743788365905,5313.489408627122,-588.7456202612175
4696.680520668876,5143.4285018893315,-446.7479812204556
5350.801386677525,4585.358107234738,765.4432794427876
5368.999844428511,5204.475102052618,164.52474237589286
5340.199140216107,5248.0602815585535,92.1388586575531
5368.080849715064,5339.155329815902,28.925519899161372
5364.178086263137,4765.940341279577,598.2377449835594
5368.474685035092,4640.028301372986,728.4463836621062
5372.2677753765765,5397.610091480693,-25.342316104116435
4720.5755222273065,4968.338299443001,-247.76277721569477
4709.951737130791,5332.504605844852,-622.5528687140613
4733.060360013642,4736.480293463171,-3.4199334495287985
4729.942031217107,5381.452958014256,-651.5109267971493
4693.505332470913,5354.0149391996565,-660.5096067287432
3828.4560710350565,5278.6033126067205,-1450.147241571664
3799.3148417758857,4975.301836134473,-1175.9869943585873
4461.902845686601,3909.35621061113,552.5466350754709
4488.177425071131,5300.062090079257,-811.8846650081259
4466.704628225614,3912.7218285627314,553.9827996628828
4463.280407853381,5321.866678975112,-858.5862711217314
4462.482851412007,4483.643632980172,-21.160781568164566
4474.835753017864,4594.020425648952,-119.18467263108869
4447.816398882636,5305.636593621283,-857.8201947386469
4445.167723341716,4843.93426427408,-398.7665409323645
5089.506865554858,5303.979135799492,-214.47227024463336
5080.1319875416675,4974.390825019432,105.74116252223575
5114.212151632667,4526.938582700063,587.2735689326037
5105.100072894425,5297.687665013465,-192.5875921190409
5104.67576675871,4908.473243047253,196.2025237114567
5093.6932308970145,4424.786007646188,668.9072232508261
5108.646569575715,5167.2252333000115,-58.57866372429635
5092.427679728891,4713.814839181977,378.6128405469144
5355.653680110558,5414.259890420786,-58.60621031022856
5342.022810542451,5345.0961376650075,-3.073327122556293
5335.8323083711275,5269.218067577377,66.61424079375047
4938.300003332247,5080.6369611284,-142.336957796153
3887.1143757127475,5157.076703168689,-1269.9623274559417
3895.6858536919904,5311.07979100796,-1415.3939373159697
3869.6251190411544,5314.0822956978145,-1444.45717665666
4616.481489933262,5373.8922754589985,-757.4107855257362
4602.737084756912,5375.744911256826,-773.0078264999138
4596.7199191099,5238.654667740355,-641.934748630455
4588.782055857359,4886.77302694598,-297.9909710886204
4617.77500489015,5427.557976250087,-809.7829713599376
4608.039904774858,5115.411981525402,-507.3720767505438
4632.829041564224,5367.56818405023,-734.7391424860061
4599.671855506292,5282.213273107629,-682.5414176013373
4609.5242047220145,5213.33711488252,-603.8129101605055
5330.179743287125,5325.219899950929,4.9598433361961725
5327.523165687311,4762.855393830132,564.6677718571791
5327.967650443561,4164.34588667349,1163.621763770071
5326.385265668253,5286.709437843973,39.67582782427962
5321.944122752975,4742.107956174154,579.8361665788207
5325.859126753622,3908.7260210682484,1417.1331056853737
5321.502238711073,5120.708380239118,200.793858471955
5320.972573709798,5409.81358297866,-88.84100926886185
5340.927632112741,5079.950146589053,260.9774855236883
4518.215474271534,5140.499159200718,-622.2836849291843
5327.580093017723,5296.144720557041,31.43537246068172
5322.784617618155,4499.952158631388,822.832458986767
5324.159959558812,4479.2265179889655,844.9334415698468
5318.6388666889325,5309.314756768053,9.324109920879891
5315.221153934145,4742.659002934333,572.5621509998118
5313.2598990106535,4969.703813297029,343.55608571362427
5322.801085052447,5384.808531880775,-62.007446828328284
5323.199522442831,4634.470753828927,688.7287686139043
5348.695692160201,4761.561761622204,587.133930537997
4609.144659731012,4843.973703491243,-234.8290437602309
4596.443193635502,5270.601911854722,-674.1587182192197
4591.741473685048,5323.207871839775,-731.4663981547274
4616.535163127459,5165.71994431985,-549.1847811923908
4618.114175169884,5294.669459333934,-676.5552841640501
4617.0386635300065,5348.99387389726,-731.9552103672531
4616.990488886019,5408.583250527281,-791.5927616412619
4622.989347330261,5427.192053263225,-804.2027059329639
4625.096756987884,5399.03275067768,-773.9359936897963
3864.725934171529,5273.9353971839355,-1409.2094630124066
3873.079946189492,5214.263739050601,-1341.1837928611085
3884.6378585461125,4845.792931802216,-961.1550732561036
4860.3312858033605,5202.715608824196,-342.38432302083584
4862.936300454596,5310.615368636247,-447.679068181651
4866.284073362235,5080.994082495822,-214.71000913358694
4877.481409825674,5403.2530111665255,-525.7716013408517
4882.128130401365,4855.37407420324,26.754056198125
4219.9348729199755,4633.37012182291,-413.4352489029343
4198.0853826732355,4890.791591649942,-692.7062089767069
4206.759980551672,4974.466332017659,-767.7063514659867
4220.644289743848,5268.748906467853,-1048.1046167240047
4220.531644036193,4846.62186151641,-626.0902174802168
4203.405118316882,4403.321052281288,-199.91593396440567
4697.742016396247,5122.923121763993,-425.18110536774566
4708.103202934,4750.76979274218,-42.6665898081792
4707.186008434752,5312.4701555285565,-605.2841470938047
4700.486381619668,4732.957378785548,-32.47099716588036
4703.77327582167,5141.427739510929,-437.6544636892595
4699.765241768662,4981.695455427106,-281.9302136584438
5249.940549199806,4967.822645447798,282.1179037520078
5251.796787056283,4629.8869414755245,621.9098455807589
5248.486112136467,5374.435359124759,-125.94924698829163
5245.345266079867,5204.913874419461,40.43139166040601
5248.452990067292,5289.427727996529,-40.97473792923665
5258.3879842963615,5404.1217465229765,-145.733762226615
4726.748707830649,5076.593780266907,-349.8450724362574
4740.151357111463,5248.303417612772,-508.1520605013093
4729.305607830683,5392.749136798561,-663.4435289678786
4716.1849620427265,4732.614558256879,-16.429596214152298
4712.183747343717,4623.844879102497,88.33886824122055
5360.787462327425,4502.309055776899,858.4784065505255
5360.9213460828605,5296.112554722548,64.80879136031217
5367.068837338673,5273.343246889747,93.72559044892569
5362.410066598229,4486.047648713593,876.3624178846358
5374.3217668580955,4493.763360388177,880.5584064699187
5357.341059202138,5320.2223013626835,37.1187578394547
5341.515339385102,5214.189785366391,127.32555401871105
4713.644272866057,4984.766089629893,-271.12181676383625
4726.673546706406,4969.382951348685,-242.70940464227897
4716.876382044204,3902.871451556323,814.0049304878808
4726.613607551614,4760.336742545553,-33.7231349939384
4719.00423814642,5406.928219030285,-687.9239808838647
3809.222503881019,5253.937031297783,-1444.7145274167638
3811.005015263401,4751.437166304851,-940.4321510414502
4461.3244593818945,4965.483655304799,-504.1591959229045
4455.283588064362,4647.705858248576,-192.42227018421363
4458.442157131691,5135.136828763364,-676.6946716316734
4464.357078752225,4925.716517060835,-461.35943830861015
4471.913592331941,5280.885716867285,-808.9721245353439
4445.778993351069,4473.623899630439,-27.844906279369752
4464.65565502743,4642.4443571505135,-177.78870212308357
4456.556251289744,5123.639705538828,-667.0834542490838
5104.000229806033,5284.773315199588,-180.77308539355545
5087.804842087625,5213.715731927764,-125.91088984013913
5103.892340166535,4891.454370003228,212.437970163307
5107.512362753993,3901.4743320977705,1206.0380306562229
5111.890080690616,5380.828175684309,-268.9380949936931
5095.560811972098,3898.2542381097364,1197.3065738623618
5098.353440978884,5190.024901999227,-91.67146102034349
5079.233000725441,4467.409843115161,611.8231576102808
5351.842994777217,5353.244582145256,-1.4015873680382356
5346.143779227649,5381.77870099011,-35.63492176246109
5337.760655212785,4897.332312716882,440.42834249590305
4925.362415964235,5290.56195704212,-365.19954107788544
3879.0436153946466,4971.858047048364,-1092.8144316537173
3884.715395326004,4752.165171497411,-867.4497761714074
3900.100054041439,5311.574862424976,-1411.4748083835375
4625.048751377035,4496.346687784315,128.70206359272015
4612.297094756592,5268.909329540496,-656.6122347839046
4618.078030693784,4974.841293850254,-356.7632631564702
4619.128748543135,4841.220250116771,-222.09150157363638
4606.449710270963,5288.883028760962,-682.4333184899988
4611.052186671356,5288.580256931288,-677.5280702599321
4608.397562097548,4627.516034761585,-19.118472664036744
4601.143107598111,4481.089709231183,120.05339836692747
4610.84508473604,5123.8699249115825,-513.0248401755425
5311.372837757724,4183.067173936034,1128.3056638216894
5344.852100618318,5001.518734203899,343.3333664144193
5327.350271647247,4328.297156915741,999.053114731506
5333.011942220352,5324.960016365882,8.051925854469118
5339.383100649763,5400.268563756057,-60.88546310629408
5348.5653434257765,4929.9261123729,418.6392310528763
5326.907669716072,5071.649533509796,255.2581362062756
5317.1038185921225,4622.490256194529,694.6135623975933
5298.414053780217,5179.349790080323,119.06426369989367
4542.20174650333,4565.45820582485,-23.256459321520197
5346.990311911093,3847.83979820963,1499.1505137014633
5323.174626619831,5293.207603078191,29.96702354163972
5310.278378938907,5351.697311881099,-41.41893294219244
5333.613778214019,4759.615777494124,573.9980007198947
5319.300645894645,5155.590910713162,163.70973518148276
5317.439741481179,5153.832154939565,163.60758654161418
5310.157632501328,4152.859757862914,1157.2978746384142
5324.265826043421,3893.7911069676347,1430.4747190757862
5314.540749887553,5304.063789560963,10.476960326589506
4604.77339327539,4992.353441572004,-387.5800482966142
4605.227757225093,5315.67723530293,-710.4494780778368
4608.028079000191,5269.0375511419625,-661.0094721417718
4595.268265232653,5125.302564838612,-530.034299605959
4614.826457681336,4641.592485722965,-26.766028041628488
4623.495301348538,4937.211578170799,-313.7162768222606
4606.469946364434,4755.913136773696,-149.44319040926257
4600.304371864299,3660.6522663984642,939.6521054658351
4618.563344650278,4770.026266175852,-151.46292152557362
3883.329749105044,5365.756238014076,-1482.4264889090323
3905.0422370619704,5169.438871085361,-1264.3966340233906
3879.9691774712014,5219.7115642494255,-1339.742386778224
4860.3312858033605,5269.976390606848,-409.6451048034878
4885.222344313985,4767.048200798753,118.17414351523166
4890.819440308541,5308.215989903546,-417.3965495950051
4875.21120731209,4760.461243614499,114.74996369759083
4865.816677854525,5272.01597080417,-406.1992929496455
4200.083269702231,4701.751072617259,-501.667802915028
4217.458391113804,5309.090288295565,-1091.631897181761
4202.441505458038,5278.392470722031,-1075.9509652639936
4205.233507388792,5265.499228568115,-1060.265721179323
4223.621008242404,5399.811531317702,-1176.1905230752982
4222.059574316374,4634.3235843212815,-412.2640100049075
4699.6536309569365,5303.693910358174,-604.040279401238
4712.178611490058,5390.956494067946,-678.7778825778878
4668.778002796421,4600.283787403492,68.49421539292871
4697.307768357714,4846.359413740917,-149.05164538320332
4704.742236926568,5381.052157241659,-676.3099203150914
4691.212153861038,5365.990336494319,-674.7781826332812
5241.363627650037,4627.027415504267,614.3362121457703
5259.166163204843,4486.823223606965,772.3429395978774
5237.526826198345,4617.593793346743,619.9330328516016
5263.800537009972,4989.316093613619,274.4844433963526
5240.075368413381,5375.318743995106,-135.24337558172556
5271.100321521635,5388.9742440199225,-117.87392249828736
4734.218674791292,5295.643448927417,-561.424774136125
4730.979937622082,5305.350538317747,-574.3706006956654
4718.623516508411,5114.5557277472235,-395.93221123881267
4722.442582631906,4725.867119023327,-3.4245363914214977
4725.7118054474995,5122.217377594708,-396.5055721472081
5355.507030737036,5138.128011798387,217.3790189386491
5360.434455701286,5319.523492649497,40.91096305178962
5368.080849715064,4860.144623709141,507.93622600592244
5360.250888950469,5157.36859229311,202.8822966573589
5341.498194255193,5368.028666162062,-26.530471906869025
5355.146613124971,4740.3919442735705,614.7546688514003
5357.893728903159,4562.444304755804,795.4494241473549
4711.313498079974,4585.21837134438,126.09512673559402
4726.213365578115,4482.449093552784,243.7642720253316
4705.697172396724,4620.69872090107,84.99845149565408
4713.793351823806,4620.2063307055205,93.58702111828552
4732.801217735439,4488.810617641745,243.9906000936944
3807.228554565439,4632.993743841814,-825.7651892763747
3822.4030386467725,4988.485003040459,-1166.0819643936861
4461.501986938686,5239.822141835271,-778.3201548965853
4460.916537019682,4399.785119488811,61.13141753087166
4459.983090682127,5123.252886117208,-663.2697954350806
4481.7107090191175,3925.7733310267254,555.9373779923922
4447.397217852409,5194.201994734506,-746.804776882097
4439.4545754341525,5377.719589775633,-938.2650143414803
4461.665443601469,3905.539022362153,556.1264212393157
4460.881943148949,4234.481909140491,226.40003400845853
5095.802787011574,4840.2832649421225,255.51952206945134
5112.11232954384,5407.0404578310945,-294.92812828725437
5114.782673198808,4631.65481306809,483.12786013071764
5104.724626255415,4989.1501064402355,115.57451981517988
5098.401999200131,4482.08999307925,616.312006120881
5108.573033131571,3913.6170231737274,1194.9560099578434
5102.350023851397,5303.881011229565,-201.530987378168
5101.014799431924,5137.347316468956,-36.33251703703172
5342.08485446974,4742.154746316857,599.9301081528829
5348.258958394077,5286.977597503542,61.281360890535325
5352.175712148928,4636.146324551006,716.0293875979223
4937.373137296602,4619.055367151573,318.3177701450295
3893.867257089433,5076.01430651219,-1182.147049422757
3868.533327104632,5285.460749489682,-1416.9274223850498
3892.301652296746,5396.101419347662,-1503.7997670509162
4620.819217538621,4641.406657045026,-20.587439506404735
4624.273776223131,5293.582676619417,-669.3089003962859
4609.753950028217,5324.795431564053,-715.0414815358354
4612.1914404542395,5210.804039370819,-598.6125989165794
4594.2354023857,4624.17500398516,-29.93960159946073
4618.043964294737,5426.945392528799,-808.9014282340622
4617.846104051508,5014.170634875236,-396.3245308237283
4597.614644191693,5310.1471780542015,-712.5325338625089
4607.67313635118,4233.542518961038,374.1306173901421
5325.382108533004,5280.645299325885,44.73680920711831
5326.605271989275,4652.08833986138,674.5169321278954
5331.045436275401,4631.858551428149,699.1868848472513
5326.87827504828,4753.617959003756,573.2603160445233
5322.994979658032,5366.793824504803,-43.79884484677041
5322.899674898105,5373.82789378124,-50.92821888313483
5334.356235607998,5271.555036846489,62.80119876150911
5336.91516898711,4648.419444255105,688.4957247320044
5332.33504312604,5194.301112196962,138.03393092907754
4550.99073892511,3905.996327486885,644.9944114382251
5323.531332084491,4510.520671993902,813.0106600905883
5314.321389427078,4625.242155635683,689.0792337913954
5299.96727789334,4952.370775132928,347.59650276041157
5328.223076830847,4635.97747622431,692.2456006065377
5323.245602482643,5142.650414471026,180.5951880116172
5334.5278109703495,5290.009073039154,44.518737931195574
5324.084893015075,5376.578726598025,-52.493833582950174
5316.4706521857215,5229.277022542395,87.19362964332686
5333.887274092903,5166.887166687625,167.00010740527796
4609.546581069567,5144.247516494166,-534.7009354245993
4623.4684426115955,4576.132017880439,47.33642473115651
4619.9352873061425,4993.514836619309,-373.57954931316635
4603.7914533713565,4626.576382314167,-22.78492894281044
4602.344013135949,4809.0468502693275,-206.70283713337813
4620.107025116214,4245.517913219766,374.5891118964473
4601.241084443184,5385.824198315367,-784.5831138721824
4610.86367771974,5398.885092959024,-788.0214152392846
4606.421533761979,5362.29033264534,-755.8687988833608
3880.4720212681195,3906.047408932559,-25.575387664439404
3886.6872934977596,5372.758767565926,-1486.0714740681665
3883.1634648642435,5254.5233894773,-1371.3599246130566
4860.3312858033605,4821.1786797275645,39.15260607579603
4880.509679357179,4736.456706109097,144.0529732480827
4880.788237452018,5314.595799209285,-433.80756175726765
4860.693221989893,5056.153733378488,-195.46051138859548
4853.712900243659,4706.177258882047,147.53564136161185
4209.834828430022,5287.246198418062,-1077.41136998804
4226.963298407208,5295.509768411915,-1068.5464700047069
4215.209762789854,4909.591451880081,-694.3816890902272
4216.154620060179,4637.733925176148,-421.57930511596896
4224.855014881482,4978.497259131672,-753.6422442501898
4207.543914278736,4838.736291719898,-631.1923774411616
4686.831814311141,4750.080472105885,-63.24865779474385
4706.72852610482,5392.714769032116,-685.9862429272962
4685.92979290591,5362.177841133191,-676.2480482272804
4673.602628996685,5319.548172593365,-645.9455435966802
4681.269164037626,4615.456151670968,65.81301236665786
4711.891805965335,5387.647110798656,-675.7553048333211
5271.382982419625,4928.731607323603,342.6513750960212
5240.933908547231,5349.408867214699,-108.47495866746794
5246.963954279077,3826.2863028524985,1420.677651426579
5247.037886914397,5209.150869003154,37.887017911242765
5264.7887423928,5309.241754536424,-44.45301214362462
5251.738596261085,5320.571782552056,-68.83318629097084
4729.173638460511,5175.777540679488,-446.60390221897705
4737.2285830280925,4824.881633047401,-87.65305001930847
4715.674321630841,4627.466430368454,88.20789126238742
4729.596378615131,5349.82943616746,-620.2330575523292
4738.896139896165,4248.3316340760075,490.56450582015714
5365.71247885721,5130.456855353248,235.25562350396194
5345.563933726013,5112.438701955804,233.1252317702083
5369.5895031601,4750.109846122109,619.4796570379913
5375.908156556454,5228.6310128796995,147.27714367675435
5352.943041042256,5380.258043253934,-27.315002211678802
5357.679537802346,4967.768140548282,389.91139725406447
5356.048627140283,4627.458492088058,728.5901350522254
4711.182372922251,5336.9877372609035,-625.8053643386529
4727.216984392998,5073.307467674738,-346.0904832817405
4728.121507486062,5141.874318930149,-413.75281144408655
4735.474123500872,4770.819475771526,-35.345352270654075
4736.307721108432,4989.258640880782,-252.95091977235006
3815.016190619619,5001.066399640878,-1186.0502090212594
3799.07837318926,5402.552452821545,-1603.4740796322844
4470.589819120443,4744.114621815446,-273.524802695003
4472.980030386141,5395.342302211392,-922.3622718252509
4463.946511712863,4636.209676102892,-172.2631643900295
4453.203930231252,4632.948164784716,-179.74423455346368
4453.77047655229,5406.538604215601,-952.7681276633102
4460.962540305744,4764.890985961699,-303.9284456559544
4458.549070363604,4741.542614865824,-282.9935445022202
4470.266444670883,5139.258180755194,-668.991736084311
5094.361903440406,5114.7811385011855,-20.4192350607791
5079.004660242692,5377.151299168751,-298.1466389260595
5106.835203719046,5229.260045267545,-122.42484154849899
5104.244085421887,4564.544409994433,539.6996754274533
5107.940006174362,4240.058197123103,867.8818090512586
5105.520905329492,4634.855810829399,470.6650945000929
5117.349535997739,5136.286211423179,-18.936675425440626
5090.159623135385,4622.733233503714,467.42638963167155
5330.832015116196,5152.184488836398,178.6475262797985
5334.1554671017475,5405.455954453906,-71.3004873521586
5355.739632239954,4975.807083555302,379.9325486846519
4955.962379144768,5404.137624494432,-448.1752453496638
3868.533327104632,5361.363468547707,-1492.8301414430753
3894.7419345648514,4737.766625191416,-843.0246906265647
3873.2349686616867,5267.962923737288,-1394.7279550756016
4603.527131736708,5323.713174860667,-720.1860431239593
4607.506030528762,4502.193483641818,105.31254688694389
4600.520133441634,5113.972366224029,-513.4522327823952
4608.245670248462,5385.509951341908,-777.2642810934458
4627.287793610934,5090.166109765595,-462.87831615466075
4609.41462281754,5304.482390315281,-695.0677674977414
4613.476612917663,5230.464089904452,-616.9874769867884
4604.479788084173,5315.491847068011,-711.012058983838
4616.882586041432,4489.486450627765,127.39613541366634
5327.518674818701,4630.423949790239,697.0947250284617
5340.270137474727,5409.721110688492,-69.45097321376579
5349.524661084309,4644.693192239851,704.831468844458
5340.803386821135,4504.139189603639,836.6641972174957
5327.344674249118,5165.78144876043,161.56322548868775
5331.539046644287,4716.608920428061,614.9301262162262
5327.580093017723,3828.637774479397,1498.9423185383257
5316.968901904105,4807.361099827431,509.6078020766745
5337.977411808262,5297.286437046084,40.690974762178485
4518.977896637725,4947.253023055258,-428.2751264175331
5333.2011979281515,3830.1363169306005,1503.064880997551
5339.799080197931,4647.420955844537,692.378124353394
5313.994362383873,4822.129176170031,491.8651862138413
5302.623633282075,4691.605260290055,611.01837299202
5329.827449153759,3834.3135233207718,1495.5139258329868
5315.943985701558,4390.895841979048,925.0481437225098
5334.5638927862465,3834.8235307875334,1499.740361998713
5308.82317647356,5328.6344854340605,-19.811308960500355
5346.86817069527,4672.796232901879,674.071937793391
4633.419543588414,5025.79592409934,-392.3763805109256
4621.7383582145785,5333.694798947996,-711.9564407334174
4615.294821987543,5382.20523459324,-766.9104126056964
4612.596849852588,4980.047917483784,-367.45106763119566
4609.8374419189695,4742.433751006557,-132.59630908758754
4589.289017540387,4641.038214809473,-51.749197269085926
4621.299176793391,4843.929503639017,-222.63032684562586
4611.2991973225135,4632.079276126404,-20.78007880389032
4595.915805773077,5114.161054103161,-518.245248330084
3901.413600741651,4652.954642832495,-751.5410420908438
3880.634011772203,4707.776863400358,-827.1428516281549
3903.3570067028995,4699.94320113697,-796.5861944340704
4860.3312858033605,3890.0516333444934,970.2796524588671
4872.661974691866,4977.830549908917,-105.16857521705151
4876.857289105225,5319.760869667916,-442.9035805626909
4873.329859183457,5139.970399416137,-266.64054023268
4886.203986052339,4640.079012026124,246.12497402621557
4209.7295888832,4958.595331473754,-748.865742590554
4205.443543669339,5389.317129384176,-1183.8735857148367
4203.39321860749,5300.611472795194,-1097.2182541877037
4212.178569300088,5071.717359970366,-859.5387906702772
4234.002760099822,5290.6294872999315,-1056.6267272001096
4211.871364802108,5279.2539048809385,-1067.382540078831
4717.498052058889,4779.6815347057955,-62.18348264690667
4694.774975746665,4236.741869663583,458.0331060830822
4694.265116027376,4637.401831277191,56.8632847501849
4707.985004918267,5329.116519266796,-621.131514348529
4702.134368398212,4765.197663842094,-63.06329544388154
4680.801746071693,4742.211260445347,-61.40951437365402
5245.01282315351,5372.028828936835,-127.01600578332545
5256.161677258766,5125.20426043963,130.9574168191357
5244.312530895758,5204.800715826498,39.51181506925968
5261.781856070159,5389.7136345934405,-127.93177852328154
5274.8480240520485,5329.872930542943,-55.024906490894864
5254.6130960138835,4966.253610828166,288.35948518571786
4721.221972949704,5117.786821815468,-396.56484886576436
4729.139372159985,4758.595465158972,-29.456092998986605
4722.180255084315,5316.199156338549,-594.0189012542342
4731.583520778089,4106.616590785751,624.966929992338
4728.90877572643,4634.210181447982,94.69859427844767
5369.077292307069,4575.049890241541,794.0274020655279
5357.346679710053,4972.2394425807,385.10723712935305
5364.178086263137,4750.101918887348,614.0761673757888
5341.498194255193,5368.028666162062,-26.530471906869025
5367.737880416578,4637.018975225992,730.7189051905862
5361.031834251472,5380.593744474046,-19.561910222573715
5353.173055740684,5389.143936077324,-35.97088033664022
4731.365690766055,4975.572640895142,-244.2069501290871
4730.370191718127,4747.514136461322,-17.14394474319488
4719.0191785940315,5338.44504473538,-619.4258661413487
4723.412590693189,4563.788906176732,159.6236845164567
4718.19273429526,4846.277248140528,-128.0845138452678
3823.6404896365802,5129.469119921502,-1305.828630284922
3809.4108846715567,5133.1233257816775,-1323.7124411101208
4444.011452185722,5368.431221572702,-924.4197693869801
4468.676153785924,4767.237699022989,-298.5615452370648
4467.455431995622,4635.6479944696885,-168.1925624740661
4447.816398882636,4624.447784557608,-176.63138567497208
4447.71293179637,3890.6653242003795,557.0476075959905
4463.772333951731,4747.219978373499,-283.447644421768
4455.548746220106,5404.379499723392,-948.8307535032855
4463.855017295821,4641.266718740159,-177.41170144433818
5097.763373797838,5158.79747636031,-61.03410256247207
5107.932094424762,4762.114202808295,345.817891616467
5105.942194770915,5141.00842610522,-35.066231334304575
5095.055046944761,4969.312654236454,125.7423927083064
5095.8318068529925,4631.5639680694085,464.267838783584
5084.953338161614,4642.613496719608,442.3398414420062
5101.972536891249,4515.5279225963495,586.4446142948991
5099.405742229787,5285.913217285316,-186.50747505552863
5343.37988799165,5407.979908369524,-64.60002037787399
5335.4657784155115,5257.52561390746,77.94016450805157
5339.249259600216,4477.091184057657,862.1580755425584
4965.5464777946245,5086.8487736564775,-121.30229586185305
3892.301652296746,5397.426813030099,-1505.125160733353
3873.2349686616867,5302.877110028433,-1429.6421413667463
3881.4368891156205,4665.72438398415,-784.2874948685298
4611.390646983,5127.704768010101,-516.3141210271015
4597.478698932427,5201.225769122027,-603.7470701896
4601.099699835046,4471.904926949414,129.1947728856312
4586.179263748239,4607.769969280907,-21.590705532668835
4613.631760317567,5410.778859364766,-797.1470990471989
4608.951476991925,5413.11321336235,-804.1617363704245
4603.526399135089,4232.581126208628,370.94527292646126
4622.439080638455,5185.64707095043,-563.2079903119748
4598.201634025216,5365.051756993598,-766.8501229683825
5318.976968741295,3907.3186724412376,1411.6582963000578
5321.502238711073,4736.772932432854,584.7293062782192
5321.4942060369085,5157.944876687192,163.54932934971657
5329.80696777278,5412.177846246603,-82.37087847382281
5327.463743863378,5163.233609537855,164.23013432552307
5306.810713778826,4471.150549239735,835.660164539091
5334.351212772939,4982.10831060335,352.2429021695889
5330.7326789446315,4761.932087296782,568.8005916478496
5324.412960749242,4638.384709696909,686.028251052333
4536.078879568394,4394.152556389364,141.92632317903008
5328.99829049044,5194.772691642715,134.22559884772545
5350.48060186198,5305.240906894879,45.23969496710106
5312.582884672898,3894.5565296690093,1418.026355003889
5308.845712322598,5290.609883224752,18.235829097846363
5317.680208014485,5201.302626778907,116.37758123557796
5320.031443525494,4331.753007544713,988.2784359807811
5329.787682214155,5373.466583691861,-43.67890147770595
5352.31592989145,5405.440229174607,-53.1242992831576
5345.260189331873,3922.332535079118,1422.9276542527555
4603.7914533713565,5291.401228183275,-687.6097748119182
4591.784825611131,3884.9702622029413,706.8145634081898
4616.475684705973,4498.246650106939,118.2290345990341
4577.307657212983,5195.615037147546,-618.307379934563
4592.7529817391,4614.414001474248,-21.66101973514833
4617.429193512621,4722.364851367407,-104.93565785478586
4626.501155787417,5334.288540850059,-707.787385062642
4613.234470937606,4975.815676866075,-362.581205928469
4620.006437218051,4727.717329414786,-107.71089219673468
3893.1612924948445,4840.423572219029,-947.2622797241843
3884.1661002058054,5262.470971381286,-1378.304871175481
3881.7978440484285,4341.653196383948,-459.85535233551946
4860.3312858033605,5057.004790497501,-196.67350469414032
4888.837032535667,4919.914336505468,-31.077303969800596
4854.454282357906,4610.6477787332815,243.80650362462438
4852.053715678873,4824.529012594838,27.524703084035536
4858.521605193681,4816.89236459543,41.62924059825127
4214.850569637745,5208.688487169973,-993.837917532228
4216.645190507956,5289.750677600855,-1073.1054870928992
4217.393297874787,5384.440358793619,-1167.0470609188324
4212.203005443511,5397.447778892069,-1185.2447734485586
4224.753985774105,4648.00419456093,-423.25020878682517
4215.129284918963,5378.778309719891,-1163.6490248009277
4696.926020050521,5408.630503908361,-711.7044838578395
4675.5424907857105,4949.638461031521,-274.09597024581035
4695.8076238651465,4654.580983286817,41.22664057832935
4681.757588771512,4727.882096463566,-46.12450769205407
4673.777292964593,5297.7100859585325,-623.93279299394
4690.956906632661,5363.182976263098,-672.2260696304365
5237.590035098173,4749.769721787884,487.82031331028884
5224.090587755291,4612.796625481383,611.2939622739086
5250.094525313008,5288.772754123995,-38.67822881098709
5236.21740067541,3887.191601138167,1349.0257995372435
5250.741280782704,4920.23166163812,330.50961914458367
5254.2691246121085,5213.405524672019,40.86359994008944
4730.363898393274,4635.559936016049,94.80396237722562
4724.743788365905,5408.413401037993,-683.6696126720881
4726.700261437107,5415.551228169234,-688.8509667321268
4723.824899572388,4997.1235165470935,-273.2986169747055
4702.59612649876,4886.9034134188905,-184.30728692013054
5360.737339861326,5402.822262895736,-42.08492303440926
5360.5490814285895,5372.560075062555,-12.010993633965882
5362.583769050546,5124.220567106695,238.36320194385098
5361.7463930437425,4849.447697224,512.2986958197425
5333.332641825773,5240.758457192936,92.57418463283739
5356.369480472162,4735.201865260465,621.167615211697
5356.4890480678805,5120.159440939565,236.32960712831573
4722.270683274966,5397.350593813868,-675.0799105389015
4693.505332470913,5367.143974708979,-673.6386422380656
4715.5854331599985,4620.084810777201,95.5006223827977
4734.225679744621,5327.750350008067,-593.5246702634458
4732.719418775738,5412.6472964089235,-679.9278776331857
3802.7479612839106,5366.097013865853,-1563.3490525819425
3802.7057988429856,5412.5340675738935,-1609.828268730908
4481.01574463099,4766.274774540199,-285.25902990920895
4446.4950262658385,3893.40919525774,553.0858310080985
4460.838378736345,5326.043205729263,-865.2048269929182
4444.70226164124,4311.4157895303915,133.28647211084808
4457.369697991007,5362.539558710202,-905.1698607191947
4453.490106554564,4246.729381714523,206.7607248400409
4473.654998758937,5360.242185845088,-886.5871870861511
4462.281856292705,5424.181715060459,-961.8998587677543
5118.578389101775,4245.805689272204,872.7726998295711
5101.958322043272,4236.0473780231105,865.9109440201619
5086.156022479595,5330.735390242724,-244.57936776312908
5094.780671413563,4720.205189704641,374.57548170892187
5098.5889970165035,4631.9166202817305,466.672376734773
5101.127425482953,5341.486281834868,-240.35885635191516
5104.231977202103,5393.574998310536,-289.3430211084333
5108.129032215556,4629.32171579564,478.8073164199168
5336.233266408035,5065.223962214387,271.00930419364795
5352.540390848346,5127.840728995554,224.6996618527919
5356.128886710915,4637.336644844139,718.7922418667758
4964.161507162531,5304.680666517679,-340.5191593551481
3891.203082540638,4992.367716003136,-1101.1646334624975
3871.680976083357,4752.033077601694,-880.3521015183364
3877.4952528682816,5075.069587207295,-1197.5743343390131
4602.341639754843,4902.787608691495,-300.4459689366522
4624.2930402306465,4411.460975832682,212.83206439796413
4605.182751162392,5115.245658742989,-510.0629075805964
4613.877023961655,5292.6675603741905,-678.7905364125354
4611.804322588416,4632.180446019774,-20.376123431357883
4611.0031249707845,4744.339086587392,-133.33596161660716
4614.0313609411205,5419.1101293813845,-805.078768440264
4606.023374335514,4484.0169795084985,122.00639482701536
4603.738769701436,5113.56218403481,-509.8234143333748
5332.749276054692,5238.819228937884,93.93004711680805
5307.992650414713,5052.337826513602,255.65482390111174
5311.706337072233,4950.275056230382,361.4312808418508
5350.078595597796,3927.788467551779,1422.2901280460173
5324.953627109082,5325.514622127858,-0.5609950187763388
5349.645589781855,5369.2537137666,-19.60812398474536
5326.047274374972,4097.4249136550325,1228.62236071994
5319.954744445435,4726.6294967524345,593.3252476930002
5305.955185671204,5050.86761285327,255.08757281793442
4545.210961942199,4633.014881336051,-87.80391939385208
5323.199522442831,4634.470753828927,688.7287686139043
5328.097848945465,3895.8843239763696,1432.213524969095
5316.904400603094,5309.608292743479,7.296107859614494
5321.265875034932,4961.164913310456,360.1009617244763
5310.929372674164,5265.6123154756915,45.31705719847287
5334.915413973008,5330.829678292407,4.085735680600919
5339.233723323749,5221.619107446654,117.61461587709437
5328.743569112709,5145.819743029913,182.92382608279604
5298.068502330715,5042.886367536393,255.18213479432234
4595.465098535834,5129.979545138292,-534.5144466024585
4607.533188549016,5379.916413958657,-772.3832254096415
4604.453221938199,5316.592158236569,-712.13893629837
4608.70070168322,4813.667385323078,-204.96668363985737
4613.875692118251,5391.937076655746,-778.0613845374946
4611.145848492468,5385.493851059194,-774.3480025667259
4605.585535653923,4969.925672716502,-364.34013706257883
4612.547344090846,3903.675463109717,708.8718809811294
4610.584162236986,5207.529288577247,-596.9451263402607
3874.3446293648017,4467.927756187034,-593.5831268222323
3896.387444742834,4604.992744448628,-708.6052997057946
3863.814202858877,5330.814321004253,-1467.0001181453758
4860.3312858033605,5204.714421901757,-344.3831360983968
4874.886935024051,5228.419729825713,-353.532794801662
4865.373255890997,5373.489610255433,-508.1163543644361
4873.732962846034,4351.979212414361,521.7537504316724
4855.12233758534,4613.660326833972,241.46201075136742
4208.826896392816,4476.5734886146065,-267.7465922217907
4222.450282425466,5301.5617021155795,-1079.1114196901135
4201.49097092217,5290.350528810887,-1088.859557888717
4216.5450976271295,5334.968354641731,-1118.4232570146014
4231.163135662532,4496.161843758338,-264.99870809580625
4217.919383644446,5121.88675242273,-903.9673687782843
4716.633286794886,5160.457978054047,-443.8246912591612
4712.043932512078,4777.447590401632,-65.40365788955387
4700.762561613273,5403.613106740433,-702.8505451271603
4706.18967197389,4754.426414286663,-48.23674231277346
4691.784686377133,5285.894419311734,-594.1097329346012
4683.726675170014,3824.7191750645925,859.0075001054211
5247.736253396805,5366.138660013407,-118.4024066166021
5251.594554112751,4726.314370561981,525.2801835507698
5257.405726175876,5256.946308426796,0.45941774907987565
5242.865761460283,5220.12145642769,22.74430503259282
5251.738596261085,5369.921912909483,-118.18331664839752
5241.972036718817,5369.820531745752,-127.84849502693487
4723.634802978256,4630.055403668051,93.57939931020428
4723.9384891644995,5389.458963175126,-665.5204740106265
4729.4382990520835,4642.923937474631,86.51436157745229
4726.930839034519,5316.926860299458,-589.9960212649394
4714.986477805406,5262.164681860928,-547.1782040555217
5345.337439658607,4615.145354059755,730.1920855988519
5345.239492185402,5272.900771713033,72.33872047236946
5368.474685035092,5372.150589068135,-3.6759040330425705
5355.146613124971,4474.971550538789,880.1750625861814
5361.031834251472,4757.817144891099,603.2146893603731
5363.43735840249,4242.860977814433,1120.576380588057
5355.925295906147,4842.439201423764,513.4860944823831
4708.7923627421715,4388.769158226451,320.02320451572086
4726.6294836430525,4745.901950587098,-19.272466944045846
4725.198134486539,4485.78330470557,239.41482978096883
4722.999168308986,5404.279983630035,-681.280815321049
4745.590833341473,4414.632709780871,330.95812356060196
3817.0401186383524,3911.9490374998572,-94.90891886150484
3791.648839790241,4669.254394955747,-877.6055551655058
4463.946511712863,4930.330969808035,-466.3844580951718
4460.063332172022,5237.157125904836,-777.0937937328144
4445.898594293204,5231.715970502988,-785.817376209784
4440.103047886296,4811.195006120913,-371.09195823461687
4459.812310516438,4717.75486633188,-257.9425558154426
4449.900674552867,5371.966356578088,-922.0656820252216
4460.593062744954,5377.969175162433,-917.3761124174789
4454.22683643131,5397.892864439041,-943.6660280077303
5093.6932308970145,4621.989396827658,471.70383406935616
5097.4200842911905,5063.803336450769,33.61674784042134
5111.289564467333,5293.1857512564675,-181.89618678913484
5090.090700573613,4803.868639033273,286.2220615403394
5091.04386907044,5078.454298349289,12.589570721151176
5112.694874717442,5170.608911802855,-57.91403708541293
5085.557476617995,5246.179464291061,-160.62198767306563
5110.650318605672,4734.608752184593,376.04156642107864
5350.6874810541,5394.57837259375,-43.8908915396496
5336.374983054518,5158.713632805222,177.66135024929645
5345.230146207645,5068.190367993266,277.0397782143791
4949.6915183563015,5397.780083944284,-448.0885655879829
3891.6238435646706,4652.884233511523,-761.2603899468527
3886.0827605172108,5374.1835814931,-1488.1008209758893
3873.3195319020856,3893.111741252761,-19.79220935067542
4624.2930402306465,4771.973069953927,-147.6800297232803
4593.638188291085,5109.818161322794,-516.1799730317098
4610.39308751876,4968.010868245429,-357.6177807266695
4614.084655803981,5418.271874540316,-804.1872187363351
4600.509623550506,4643.910565243523,-43.40094169301665
4603.986837229315,5379.5603408029765,-775.5735035736616
4635.966111355852,5405.271423184878,-769.3053118290254
4603.884088960248,5122.622094967124,-518.7380060068763
4632.204659016717,5298.764053090086,-666.5593940733688
5341.967148460943,5416.657400455181,-74.69025199423868
5328.382456107501,5213.458254419846,114.92420168765511
5331.055955003635,4637.5438171226715,693.5121378809636
5328.945309069869,5137.696912633796,191.24839643607265
5326.698041569254,3823.548203184583,1503.149838384671
5318.3820530981375,4630.217302722309,688.1647503758286
5315.221153934145,4993.807649431599,321.41350450254595
5339.034479657967,5015.430837194226,323.60364246374047
5317.764315406835,4623.151779772469,694.6125356343655
4533.4283782057555,5398.178162274463,-864.7497840687074
5329.827449153759,5212.316494802881,117.51095435087791
5322.999337606219,5381.215894256838,-58.21655665061826
5332.37893626716,5386.028815243948,-53.649878976788386
5320.695206101095,5380.894857625274,-60.19965152417899
5327.926448107875,5322.272646362099,5.653801745776036
5320.701260717079,5291.02030081735,29.680959899728805
5334.949654538763,5296.901341677333,38.04831286142962
5333.553259851327,4751.013291552789,582.539968298538
5310.832858668298,4957.150717758813,353.6821409094855
4601.241084443184,5385.824198315367,-784.5831138721824
4600.662962244052,4470.082984152484,130.5799780915686
4616.897360921442,5283.831737129977,-666.9343762085355
4626.501155787417,4355.228916204072,271.27223958334434
4627.012485263435,5143.040388065408,-516.0279028019722
4610.237010476672,5359.963499981699,-749.7264895050266
4606.224591925374,5316.138869144027,-709.9142772186533
4601.73668907295,4471.526945253406,130.2097438195442
4608.580359209641,4834.890663193533,-226.31030398389248
3885.5796894926743,4754.742929256469,-869.163239763795
3887.1650875925834,5279.562166461171,-1392.3970788685874
3883.413050019204,4831.263966029946,-947.8509160107415
4860.3312858033605,5150.4430967303615,-290.111810927001
4859.0335362155465,5357.740501213178,-498.7069649976311
4862.037809352901,5256.969675987486,-394.9318666345853
4878.204659867496,5422.64197421589,-544.4373143483936
4863.764934240521,4971.042440807903,-107.27750656738226
4224.152826956899,4650.609257211831,-426.45643025493246
4227.226092404931,4755.640726853514,-528.4146344485835
4210.540621146624,5212.689214829168,-1002.1485936825438
4222.58380948127,4994.224476335116,-771.6406668538466
4221.553390922341,5334.443650613013,-1112.8902596906719
4216.5055373524965,4744.66739064284,-528.1618532903431
4694.467022376523,4634.64709845107,59.81992392545362
4703.675050454148,5296.649843214878,-592.9747927607305
4699.4243553518845,5289.099365411876,-589.6750100599911
4697.4178830671635,4239.987878767391,457.4300042997729
4694.411614942852,3906.385430463536,788.0261844793158
4665.147427577052,5263.39911805307,-598.2516904760178
5243.004585739062,4675.143529773771,567.8610559652916
5267.204658725372,4491.2866012939685,775.9180574314032
5241.844211863424,5301.463720353622,-59.619508490198314
5262.6252881922655,4634.38874199855,628.2365461937152
5244.843046816088,4978.595229041609,266.2478177744788
5254.092069754763,4320.278829941666,933.8132398130965
4710.2319033339845,4987.6521171359445,-277.42021380196
4716.476250452403,4393.545780891563,322.9304695608407
4707.503940633435,5246.737500721856,-539.2335600884207
4718.83251083428,4477.7929553683625,241.03955546591715
4731.480876526879,5290.912116350748,-559.431239823869
5355.431033132622,5141.277645515458,214.1533876171643
5351.091743009519,5300.20418535745,50.88755765206861
5347.843791179079,5351.808896034597,-3.965104855517893
5356.788161920062,4970.6111456268845,386.1770162931771
5379.099217739128,4938.734186059948,440.36503167918
5376.148809606885,5396.05237142469,-19.903561817804984
5378.481726947979,5338.508111181147,39.973615766832154
4729.937917532216,5286.408274926417,-556.4703573942015
4706.752472201158,4322.658004236924,384.09446796423344
4731.548794183306,5387.217178839336,-655.66838465603
4723.692405380295,4961.625736975205,-237.93333159490976
4730.2301690608,4988.341412539855,-258.1112434790548
3796.107382107441,5314.5593611693575,-1518.4519790619165
3813.672613506381,5154.930222304787,-1341.2576087984062
4475.100136206493,4250.082850454172,225.01728575232028
4462.006162695889,5350.361389605187,-888.3552269092979
4454.894778256302,5112.3058126921915,-657.4110344358896
4447.5749547792175,5305.130097638241,-857.5551428590234
4482.105772104502,3685.4508174350563,796.6549546694455
4462.101552933986,4753.824649633323,-291.7230966993375
4454.5623846445105,4750.534200363678,-295.97181571916735
4448.121850766129,4709.135079460917,-261.01322869478827
5116.809068154998,5364.39509093421,-247.58602277921182
5112.462655805361,5425.808111223512,-313.3454554181517
5095.27106125604,4901.567753969639,193.70330728640147
5096.159848062998,4473.172438870155,622.9874091928432
5106.572312998639,5234.54869474409,-127.97638174545136
5112.427871747785,3907.3937295969467,1205.0341421508379
5096.279560255732,5317.202943771386,-220.92338351565468
5106.7427882442435,5386.401910698279,-279.65912245403524
5342.656336403232,5369.707890871377,-27.051554468144786
5348.133500063128,5383.758267319758,-35.62476725662964
5332.170364170614,5268.2891501887325,63.881213981881956
4958.17174585979,4752.548098091774,205.62364776801587
3886.241562132303,5258.855913967296,-1372.6143518349932
3879.326198224646,5257.122190985149,-1377.7959927605034
3875.7143384414917,3897.592293248865,-21.8779548073735
4605.182751162392,5275.401688147262,-670.2189369848693
4610.39308751876,5413.688672224265,-803.2955847055055
4606.3857644905065,4812.900817452444,-206.51505296193773
4616.587947087325,5367.692361438135,-751.1044143508097
4620.327121524844,5364.572062745072,-744.2449412202277
4605.304499420462,5278.443660994841,-673.1391615743787
4625.49820272106,5304.851589969125,-679.3533872480648
4601.5442624451825,5379.067714881638,-777.523452436455
4587.971095597599,4722.829127649329,-134.85803205173033
5324.495065191466,5165.046060073986,159.44900511747983
5297.179358047203,5254.621766733154,42.557591314049205
5332.287008055028,4647.136184929375,685.150823125653
5332.132940049086,5236.488574503663,95.64436554542317
5313.591990244311,5106.4459803777245,207.1460098665866
5323.558716473494,4632.717550443383,690.8411660301117
5312.602621470694,4626.452212549773,686.1504089209211
5308.020156701567,5264.9309851101325,43.08917159143493
5328.379792473308,5231.4654815754675,96.91431089784055
4546.250105483942,4763.864947702245,-217.61484221830324
5335.535496340867,4862.2423089947915,473.2931873460757
5306.869486057773,5379.629098681305,-72.75961262353121
5350.849422689253,5292.43880321115,58.41061947810249
5319.54334382951,5223.8918709252375,95.65147290427285
5319.7575130521345,5222.121884459927,97.63562859220747
5321.316480853215,4155.130557734652,1166.1859231185626
5336.794278067643,4486.614956703901,850.179321363742
5315.017904722349,5375.998593741448,-60.98068901909846
5339.4489319380145,4760.575707466455,578.8732244715593
4613.37637420733,4326.507318535263,286.8690556720667
4605.964744776552,4153.738407845739,452.226336930813
4594.516465217478,5288.788313561259,-694.2718483437811
4609.748044780044,5328.216094593107,-718.4680498130629
4603.760092687282,5222.415895713741,-618.6558030264587
4610.713860202607,4655.402843670324,-44.68898346771675
4607.20614920644,5283.603723488768,-676.3975742823277
4611.45920601813,4719.383820455777,-107.9246144376466
4609.124052481362,5376.998295588883,-767.8742431075207
3903.046742457023,4344.430866489907,-441.3841240328843
3884.8423870551815,4586.151565992005,-701.3091789368236
3868.3081287514583,5395.350832901113,-1527.0427041496546
4860.3312858033605,5268.437446282758,-408.10616047939766
4857.089584796914,4638.080279390478,219.0093054064364
4868.442720053404,5158.465280398567,-290.0225603451636
4854.13062768753,4945.379142997253,-91.24851530972319
4863.849389197926,5367.4814093607665,-503.6320201628405
4213.741283264519,4810.501730074369,-596.7604468098507
4212.751680263068,4631.554993515531,-418.80331325246334
4199.123855662128,5370.255520357814,-1171.1316646956857
4212.128302734754,5310.663925699188,-1098.5356229644349
4205.541621739827,5389.322808287908,-1183.7811865480808
4203.316604046177,4822.543416719355,-619.2268126731778
4697.363288710838,5287.033158027147,-589.6698693163089
4695.730396619447,4638.783984214981,56.94641240446617
4682.67061713668,4627.019184557865,55.65143257881573
4680.505592209624,4620.75115373899,59.75443847063434
4683.488673014902,5105.088818364451,-421.60014534954917
4684.088909829897,5260.378823820706,-576.2899139908095
5268.369568169169,5299.293990935844,-30.92442276667498
5258.819696606784,5198.647431406555,60.17226520022905
5225.248137294009,4967.522570479679,257.7255668143298
5242.221934260656,5220.4402822386755,21.781652021980335
5271.479390647071,5422.56643954757,-151.0870489004983
5247.810134541448,4739.55343911525,508.25669542619835
4721.392759528392,4474.825640780478,246.5671187479138
4736.558212678561,5382.270140117635,-645.7119274390734
4711.254642489309,5107.954659476421,-396.70001698711167
4733.3629178658875,4864.792796534445,-131.42987866855765
4718.142407085511,5343.676596425067,-625.5341893395562
5366.764499691458,5394.651000215358,-27.886500523900395
5350.940836876444,4626.806943249845,724.1338936265993
5372.2677753765765,5296.291448349363,75.9763270272133
5357.893728903159,4326.147622614449,1031.7461062887105
5353.173055740684,5365.390963982252,-12.217908241568693
5355.925295906147,5116.570574751465,239.354721154682
5374.768973445135,4645.4367849607415,729.3321884843936
4705.935323065974,4813.54532707826,-107.61000401228557
4725.668301190478,5379.293715792274,-653.6254146017964
4732.366067332707,4764.229201182971,-31.863133850264603
4719.363184551419,4232.149705585404,487.2134789660149
4738.209203664462,4771.762800814353,-33.553597149891175
3808.9405360397777,5390.075915164517,-1581.1353791247393
3809.115668962889,5207.181048575032,-1398.0653796121433
4466.529799753879,5426.805274609695,-960.2754748558154
4450.781288047132,5270.904637661312,-820.1233496141804
4446.962445084034,4152.3831974299665,294.57924765406733
4437.003799191353,5048.5668446172795,-611.5630454259262
4456.963037507698,4732.814006284602,-275.85096877690466
4468.85754082024,5082.656718368768,-613.7991775485289
4463.306460722748,5367.292504342017,-903.9860436192694
4456.56333506215,4897.725256616677,-441.161921554527
5104.502459639086,5285.553387269587,-181.05092763050106
5094.426998762338,4995.779690059546,98.64730870279254
5096.623782746719,5242.866503011949,-146.24272026522976
5113.276291015102,5292.960050799497,-179.68375978439508
5107.442807972184,4659.70342405961,447.73938391257343
5100.899801711235,5206.87948762267,-105.9796859114349
5090.178705414403,5367.813346561884,-277.6346411474806
5103.182988819625,5399.645704046781,-296.46271522715597
5338.844705811919,5278.468172504378,60.37653330754074
5341.34310770743,5377.273230568566,-35.930122861135715
5324.967803076988,5342.980840580027,-18.013037503038504
4958.306078193929,3912.6430779464736,1045.6630002474558
3881.373075024379,4969.121403428264,-1087.748328403885
3883.0391694724954,4758.375414628731,-875.3362451562357
3866.9015471375105,4831.468765851128,-964.5672187136179
4613.877023961655,5338.087359344782,-724.2103353831271
4614.084655803981,5285.87295379299,-671.7882979890092
4616.587947087325,4243.283142076695,373.30480501062993
4594.819807200109,4955.210746101467,-360.3909389013579
4618.613158837078,5151.558514432525,-532.9453555954469
4612.839876555924,5326.505054928773,-713.6651783728485
4608.325259103677,5002.382383019648,-394.0571239159708
4610.234003538869,5140.161518827835,-529.9275152889659
4620.980595940794,5083.6547260095385,-462.6741300687445
5324.293229912476,4907.410926448539,416.8823034639372
5322.784617618156,5118.924058533915,203.86055908424078
5312.396362974005,4818.531762855055,493.86460011894997
5332.569206390958,5241.245604984024,91.32360140693436
5327.414940402916,5267.20935802127,60.2055823816454
5320.944226613611,4479.574966267104,841.369260346507
5350.480601861982,5156.517409469706,193.96319239227614
5322.579080834924,5229.2337801907515,93.34530064417231
5319.402639538259,5354.378195223284,-34.97555568502503
4554.534540015996,4671.332403474344,-116.79786345834782
5322.665155306635,5323.246623270541,-0.5814679639061069
5338.900035475637,4980.199815824387,358.70021965125034
5331.995856283049,5233.390764896504,98.6050913865447
5328.058060419106,5389.453370841271,-61.395310422164584
5329.009777339391,5417.543081997796,-88.53330465840554
5313.678033951712,5268.733719479043,44.94431447266834
5312.996832025037,4825.4008540750265,487.5959779500108
5324.801697520804,5209.878807145218,114.92289037558567
5303.907071551438,4144.4052653886265,1159.5018061628116
4610.561793922471,4969.187199803877,-358.62540588140564
4596.035527398601,5195.15687349367,-599.1213460950694
4604.200422596746,5253.3526651732145,-649.1522425764688
4618.9026439944855,5298.057286464554,-679.1546424700682
4644.897555936413,5326.028719329845,-681.1311633934329
4612.305775810852,4399.466117820453,212.83965799039834
4604.071357441787,4624.956004174005,-20.884646732218243
4611.011473150451,5189.993505650053,-578.9820324996017
4615.019560714054,5143.243549884778,-528.223989170724
3875.420377019776,3896.4396933796147,-21.01931635983874
3886.0102536410827,4186.56188728544,-300.5516336443575
3881.3719785822627,5402.632576222801,-1521.260597640538
4860.3312858033605,4968.702063499393,-108.37077769603275
4878.660943913736,5285.966902424412,-407.30595851067574
4863.443450867289,5109.23983045508,-245.7963795877904
4871.175749748948,5087.106513643835,-215.9307638948867
4884.5438405200375,4642.724216174241,241.8196243457969
4202.283766402995,4623.7570568554975,-421.4732904525026
4207.900886821051,5396.466307717189,-1188.5654208961378
4212.474362601792,4635.457458519682,-422.98309591789075
4204.473896117274,5316.703926760982,-1112.2300306437073
4216.972148444316,5290.741172428624,-1073.7690239843078
4220.432319484304,5250.138886559802,-1029.7065670754982
4700.790178809585,5311.880125889155,-611.0899470795703
4699.448443282874,5076.193160991762,-376.74471770888795
4709.4204666471815,5371.9972121237615,-662.5767454765801
4687.664904757662,4622.704418338279,64.96048641938341
4697.631092315426,4480.7085879467495,216.92250436867653
4695.204343503509,4639.469295108017,55.73504839549241
5260.601703454128,4606.120866386293,654.4808370678356
5254.629613098583,5401.591324643173,-146.9617115445899
5260.744126486025,5130.42932751893,130.31479896709516
5233.647467670151,5386.737840990042,-153.0903733198911
5261.756575772265,4979.093337307764,282.66323846450086
5252.717754903092,4631.917670080804,620.8000848222882
4730.717099532451,5212.8751446903225,-482.15804515787113
4736.116113025656,5353.944832039325,-617.8287190136689
4724.263267392217,5322.431905347774,-598.1686379555567
4743.290516900223,5344.999503227909,-601.708986327686
4738.4055450776705,5403.432179829418,-665.0266347517472
5347.958525943011,5352.004942982324,-4.046417039312473
5345.355764188472,5399.537619231502,-54.18185504302983
5355.7346090188585,4478.360489745506,877.3741192733523
5372.78474342632,5082.513778241539,290.27096518478174
5354.541686694899,5137.328649020266,217.2130376746327
5346.236310783433,5251.852184875118,94.38412590831467
5364.87369667576,4646.956424327541,717.9172723482188
4729.8121611598835,4632.3887592195315,97.42340194035205
4715.732642013483,4820.783659110094,-105.05101709661085
4712.127057623342,5357.833223532791,-645.7061659094488
4737.1024032073465,3918.5367087519626,818.5656944553839
4711.991748116793,4960.524193744118,-248.5324456273247
3815.737146739214,4638.980832306846,-823.2436855676324
3803.9278845032113,5284.557759460287,-1480.629874957076
4453.77047655229,4960.7339551073,-506.9634785550097
4465.495231450782,4163.3617942454875,302.1334372052943
4459.812310516438,5211.650271606699,-751.8379610902612
4451.944304437193,4313.114983888139,138.8293205490536
4460.466397284449,4479.931087516174,-19.46469023172449
4444.512509260534,5276.8852194346155,-832.3727101740815
4436.527497496863,4740.294041689747,-303.7665441928839
4451.0874471079205,4896.400947295172,-445.3135001872515
5098.12233343116,5116.834072445155,-18.711739013994702
5118.304642578169,5085.450590632675,32.854051945493666
5100.470220163276,5381.763429880502,-281.2932097172261
5117.97096458359,4647.333500786121,470.63746379746954
5088.047585053776,3822.7904957258374,1265.2570893279385
5104.05908493421,5369.3056848720025,-265.2465999377928
5091.776435151399,5113.084300716107,-21.307865564707754
5103.118940391496,4971.164659989809,131.95428040168736
5339.582469612507,4483.140403037277,856.4420665752305
5337.767440945608,4963.04489632963,374.7225446159773
5358.109174569868,5222.090250591401,136.01892397846677
4947.120408833372,5286.67065369585,-339.5502448624784
3871.654836811326,4963.329854785564,-1091.675017974238
3893.7192575602826,3842.036262485516,51.682995074766495
3888.8920496009346,5273.800346940893,-1384.9082973399586
4611.804322588416,5333.541665626005,-721.7373430375892
4600.509623550506,4643.910565243523,-43.40094169301665
4620.327121524844,5298.567484602139,-678.2403630772951
4618.613158837078,4639.9010586788645,-21.287899841786384
4606.2583807893925,5291.129380894453,-684.8710001050604
4609.348659952257,5368.676137672394,-759.3274777201377
4612.451454487635,5296.28505204212,-683.8335975544851
4595.030390696378,4804.9345060534215,-209.90411535704334
4612.345812878363,5076.17059315024,-463.824780271877
5321.739729590643,4400.175945519265,921.563784071378
5318.00800020698,5361.721264405873,-43.71326419889283
5331.605683089872,4241.567938761681,1090.0377443281914
5318.984817446435,5132.821755556526,186.16306188990893
5323.386583180545,4226.503549997451,1096.883033183094
5319.150723579124,4628.196128068278,690.954595510846
5348.695692160201,4993.303606796374,355.3920853638274
5343.072376188126,4336.073229736806,1006.9991464513205
5320.537702602689,4736.327839192571,584.2098634101176
4559.73912537483,5337.162504035369,-777.4233786605391
5346.86817069527,4499.356042162913,847.5121285323576
5325.9151065599,5385.457292458347,-59.542185898447315
5320.718897987143,5118.868158977531,201.85073900961197
5335.01152848429,5329.867780295065,5.143748189224425
5310.832858668298,5280.871891838856,29.96096682944244
5306.648335900388,3890.983667695812,1415.6646682045757
5324.193859181259,5368.763384099752,-44.5695249184937
5351.381550923302,5344.182638702575,7.198912220726925
5300.269683144748,5352.038874900419,-51.76919175567036
4624.900421694041,5172.480534023464,-547.5801123294232
4606.433582711183,4840.350860179963,-233.9172774687804
4603.324144242012,5365.112976731255,-761.7888324892428
4617.296112010484,5139.345952354192,-522.0498403437086
4607.293783070801,4635.894438151641,-28.600655080840625
4606.237273262756,4974.080315205808,-367.8430419430515
4596.458356324905,5210.931228367785,-614.4728720428793
4623.524663293366,5396.166086502154,-772.6414232087882
4597.936382728289,5058.417064648739,-460.4806819204505
3892.611188054912,4732.051341819127,-839.4401537642148
3871.1667962569018,5352.262665901217,-1481.095869644315
3886.090737007436,5165.484309566109,-1279.393572558673
4860.3312858033605,5269.976390606848,-409.6451048034878
4853.8626510475815,4693.492493622,160.37015742558106
4874.158994560295,5301.777388864379,-427.6183943040842
4891.69720755485,5396.446935305846,-504.7497277509956
4882.253010673347,5372.981332255613,-490.7283215822663
4204.665986828152,5176.873977861778,-972.2079910336261
4213.875932890533,4902.78854117226,-688.9126082817274
4189.345970150805,5050.548146661251,-861.2021765104455
4220.233725863404,4926.897701867916,-706.6639760045118
4207.543914278736,4960.106802715218,-752.5628884364814
4217.631971800933,4906.295292776788,-688.6633209758556
4700.407550076898,4990.219239382724,-289.8116893058259
4690.508950729397,4232.9112925187055,457.5976582106914
4681.757588771512,5356.504454628356,-674.7468658568441
4698.22331376712,5283.287400383978,-585.0640866168578
4693.039553640337,5207.499807638271,-514.4602539979342
4686.845939976669,4644.103975177565,42.7419647991037
5239.220874218563,4588.466387089387,650.7544871291757
5247.037886914397,4477.117135783262,769.9207511311351
5264.571885562274,4596.784403079609,667.7874824826649
5253.794853891708,5126.430757709675,127.36409618203288
5248.656460619666,4734.478049211819,514.1784114078473
5264.477328422852,3914.5013490389847,1349.9759793838675
4731.761236782379,5319.517763367809,-587.75652658543
4711.600521192003,4585.358107234738,126.24241395726494
4719.530644757105,4591.048791897633,128.48185285947147
4725.959166235324,5381.269434527,-655.310268291676
4729.07102118007,3904.241474040903,824.8295471391666
5369.569754661832,5273.913537719982,95.65621694185029
5363.390324955302,5255.3785836473,108.01174130800246
5351.008591337877,5279.1370501424935,71.87154119538354
5342.180387546785,3893.02528943944,1449.155098107345
5363.342683242625,5268.387294429427,94.95538881319771
5345.5696063605465,5056.270754793735,289.2988515668112
5338.359925973956,3815.2862268536983,1523.0736991202575
4736.744080015491,4168.351368821363,568.3927111941275
4728.034397110732,5001.066399640878,-273.0320025301462
4729.113278399695,5126.733763748447,-397.6204853487516
4721.4344381092205,4980.812046145021,-259.3776080358002
4747.317944829669,4764.455522720407,-17.137577890738612
3812.2984338075694,4637.857276878362,-825.558843070793
3807.941106322038,5185.118881753721,-1377.1777754316831
4445.167723341716,5290.135813522741,-844.9680901810252
4469.54136699631,4641.959141104713,-172.41777410840314
4460.740457231821,4726.626101226428,-265.88564399460665
4450.867017812435,4633.3436935964555,-182.4766757840207
4477.308406748436,5398.50668885618,-921.1982821077436
4446.644838758983,4618.178970918157,-171.53413215917408
4465.42680151712,5406.181381114456,-940.7545795973356
4481.341108512007,5231.433095571133,-750.091987059126
5113.454369639716,4485.700593580911,627.7537760588048
5091.590085525879,4982.901435231087,108.68865029479184
5104.231977202103,5385.628633103401,-281.3966559012979
5100.5802898975035,4575.261595790819,525.3186941066842
5112.536940405481,5396.716752070015,-284.1798116645341
5101.580816649723,4638.306410514825,463.2744061348976
5074.473207130228,3813.854809476817,1260.6183976534107
5097.868708912947,5277.151247721318,-179.2825388083711
5355.59994442198,5399.479354920949,-43.879410498969264
5348.431962505289,5169.577384691518,178.85457781377136
5336.873682509289,5139.390793699994,197.48288880929522
4952.763176685517,4642.883568546109,309.87960813940754
3892.5336348419255,5414.375632525127,-1521.8419976832015
3878.9136678937066,3903.5740309825815,-24.660363088874874
3876.910853083836,5281.111904005388,-1404.201050921552
4611.0031249707845,4813.511341117429,-202.50821614664437
4603.986837229315,4624.886035175091,-20.899197945775995
4605.304499420462,5381.261663574597,-775.9571641541352
4612.839876555924,4742.900732356889,-130.06085580096533
4609.348659952257,5380.852598025209,-771.5039380729522
4607.94015679146,4635.755132945156,-27.81497615369608
4620.4021565888115,5291.669486529153,-671.2673299403414
4604.176931726484,5404.976002882005,-800.7990711555203
4617.358672843502,4995.181475748917,-377.8228029054153
5327.815582673446,5383.783367258005,-55.9677845845581
5324.967289565647,5316.38602106699,8.581268498656755
5320.604078640873,5132.270325865245,188.33375277562845
5341.861956493684,5394.035009378927,-52.173052885242214
5323.199522442831,5399.731125096043,-76.53160265321185
5306.414589384107,4978.642986554367,327.77160282974
5325.179595998909,3811.387172943311,1513.7924230555977
5334.563892786246,5129.835417391837,204.72847539440863
5336.355758996831,5412.005134650503,-75.649375653672
4526.5153882178365,5154.28641413489,-627.7710259170535
5329.330964661768,4723.467253147953,605.8637115138154
5324.497539375449,5368.505703716654,-44.008164341204974
5315.955064857732,5130.510224903349,185.4448399543835
5321.80674507701,4622.82971730569,698.9770277713205
5337.658739006831,4721.853817689807,615.8049213170234
5327.841461495092,4649.992184815244,677.8492766798472
5336.07032558465,5378.643268041482,-42.5729424568317
5333.192762350058,5295.531869178466,37.66089317159185
5336.697054726621,4974.806038682598,361.89101604402276
4596.403430766735,4615.725209113411,-19.321778346676183
4604.749169606907,4396.870119962673,207.87904964423433
4596.906288510844,3894.5858509084997,702.3204376023446
4611.631637096613,5331.334424848797,-719.7027877521841
4618.449438206458,4644.2820692969035,-25.83263109044583
4602.854580876569,4228.180263259604,374.6743176169657
4611.891014041089,5284.350003619035,-672.4589895779463
4592.820574928712,5074.949232737023,-482.1286578083109
4603.313937823178,4825.4483566238805,-222.1344188007024
3889.39172781893,5317.544818969577,-1428.153091150647
3892.8539713462173,4754.8240557289155,-861.9700843826981
3883.1916070885354,5399.588272739926,-1516.3966656513903
4860.3312858033605,5055.93585291284,-195.60456710947983
4880.149422375461,5329.670318274048,-449.5208958985877
4868.916329630533,5205.753457588878,-336.83712795834435
4883.5898180123695,4641.192618577297,242.39719943507225
4878.76332275122,4766.872949779116,111.89037297210325
4211.328037806443,3825.9880432728264,385.3399945336164
4208.257830141474,5308.396864791188,-1100.1390346497137
4224.26136315325,5385.999227624042,-1161.7378644707915
4189.617036666949,4607.643476753658,-418.02644008670904
4200.722935487201,4628.529261685529,-427.80632619832795
4210.664529996014,4739.080219603685,-528.4156896076711
4699.154095506231,4630.273934211327,68.8801612949037
4713.417600238328,4758.539165422141,-45.12156518381289
4704.972007456344,4860.192180954269,-155.22017349792532
4688.174122246451,4751.127881792158,-62.953759545707726
4700.3112177142275,5227.799356642616,-527.4881389283883
4675.62967009202,5268.480623561412,-592.8509534693922
5244.840140968026,5188.088615221803,56.751525746223706
5277.988975866347,5312.872187005157,-34.88321113881011
5255.522092321171,5296.083681254015,-40.56158893284373
5248.111416251737,4981.783358129366,266.32805812237075
5244.28495507128,5274.924102727109,-30.63914765582922
5229.831811465477,5047.532367804901,182.2994436605759
4702.089579892473,4375.873295993172,326.21628389930083
4723.88557415695,5379.007994100667,-655.1224199437174
4727.590938709262,4638.016983298302,89.57395541096048
4729.451184232579,4632.102984683493,97.34819954908653
4718.949625523936,5322.229775871983,-603.2801503480468
5365.122693944537,5168.791520041776,196.3311739027613
5347.287553022241,4619.109926639524,728.1776263827169
5362.085775962169,4972.6236446294215,389.46213133274705
5383.118033559276,3920.639617889241,1462.4784156700352
5367.951077155185,4821.681163847046,546.2699133081387
5353.744928124895,4829.921860352917,523.8230677719775
5363.331399513711,4635.916701135859,727.4146983778528
4715.934345783324,5394.143755846892,-678.2094100635686
4715.81526974559,5301.882358123308,-586.0670883777184
4723.596407050249,5277.845592394588,-554.2491853443389
4711.043609490961,5270.492032825015,-559.4484233340536
4718.364395192468,4620.533936936378,97.83045825608951
3807.1190173633654,4751.035916320124,-943.9168989567584
3797.728310360135,5350.063624843062,-1552.335314482927
4465.347125008859,5224.9459063382565,-759.5987813293978
4450.465759766003,4974.723414346348,-524.2576545803449
4465.527757364569,5210.46043090608,-744.9326735415107
4470.093228666219,4640.515907172381,-170.4226785061619
4476.57836975489,5163.66862986424,-687.0902601093494
4477.207580123951,4771.226190361635,-294.0186102376847
4440.279028501684,5304.1892401416,-863.9102116399163
4457.466047596579,4632.809513237791,-175.34346564121188
5101.680377327549,4968.750859529585,132.92951779796385
5111.45648393869,5400.103046956224,-288.6465630175335
5095.482109904489,5315.874103598766,-220.3919936942766
5089.518836820048,4613.043851542622,476.47498527742573
5100.521356875781,4830.599269265959,269.9220876098216
5100.259298258501,5120.700155772712,-20.44085751421062
5086.333032590221,5289.385358207813,-203.05232561759203
5104.494656358865,4979.6635899947105,124.83106636415414
5332.0104856570515,5403.215630534231,-71.20514487717992
5346.5138902442895,5381.161834648616,-34.647944404326154
5365.950521353312,5287.833148342309,78.11737301100311
4953.521116189489,5396.50818817181,-442.98707198232114
3892.934956140806,4860.214439662635,-967.2794835218292
3890.065748965276,5292.098936743479,-1402.0331877782028
3883.490169070836,5374.339444696542,-1490.849275625706
4614.0313609411205,5237.438228195739,-623.4068672546182
4635.966111355852,5341.134568594883,-705.1684572390304
4625.49820272106,4644.329807652917,-18.831604931857328
4608.325259103677,5380.4860500990935,-772.1607909954164
4612.451454487635,5285.722165044677,-673.2707105570425
4620.4021565888115,5397.522833216057,-777.1206766272453
4598.0220822652145,5250.934511484979,-652.9124292197648
4619.441574503911,3909.7358325705914,709.70574193332
4601.190984289655,4960.842860684502,-359.651876394847
5340.123172623508,5278.570114746461,61.55305787704765
5331.985444910146,4747.306199521245,584.6792453889011
5328.794460926996,4642.266392650619,686.5280682763769
5314.714022371779,5367.359998178966,-52.645975807186915
5314.246955685868,4841.637379604332,472.60957608153603
5332.617971959619,3910.3766501315804,1422.241321828039
5328.343403736712,5211.649674054244,116.69372968246807
5319.738388130403,5321.710687595951,-1.9722994655476214
5313.635807841831,5268.6619689462,44.97383889563025
4540.429189450378,4628.930005182664,-88.50081573228636
5333.480867815494,4980.2299897983075,353.25087801718655
5329.546335479487,5169.293657131145,160.25267834834267
5329.236521582587,4350.780645767664,978.4558758149224
5313.119479130363,5256.163342902874,56.95613622748897
5335.845983570031,4747.335640825513,588.5103427445183
5327.855830027887,3900.8690395334056,1426.9867904944817
5319.340854078436,4754.256311877357,565.0845422010789
5312.367149902678,4614.342167797306,698.0249821053721
5325.31779951011,4745.05300644721,580.2647930629
4612.622823428548,5373.46082799527,-760.8380045667218
4602.03685444174,4629.662692211418,-27.625837769678583
4621.670840842431,4650.968273714145,-29.29743287171368
4607.438646552387,4713.4125607160095,-105.9739141636228
4613.2873212475615,5276.278907218134,-662.9915859705725
4608.886342131169,4629.88711429516,-21.000772163991314
4597.771388268969,5292.737665536311,-694.9662772673428
4602.191979053278,5325.360572295893,-723.1685932426144
4608.156507822549,5091.169971046993,-483.0134632244435
3881.243586547671,5365.685511325881,-1484.4419247782098
3878.765071455875,4976.091546033056,-1097.3264745771812
3890.178135084721,5082.320048127442,-1192.1419130427207
4860.3312858033605,4799.400467640878,60.930818162482865
4893.247286237018,4659.213450058082,234.03383617893542
4874.168491972983,5224.8210234476555,-350.6525314746723
4861.082910185767,4831.492800397183,29.590109788584414
4880.863493837384,5323.897873642989,-443.03437980560466
4228.952705030104,5086.445144419913,-857.4924393898091
4202.37195618967,4796.139850070632,-593.7678938809622
4216.154620060179,5357.100353641187,-1140.9457335810084
4234.002760099822,4623.021342239494,-389.0185821396717
4217.463561288009,5350.04525195848,-1132.5816906704704
4218.650030123755,4638.984376200486,-420.334346076731
4712.043932512078,5305.666565374649,-593.6226328625708
4704.397234653703,4487.810219812857,216.58701484084577
4685.767191676404,4952.324344512793,-266.5571528363889
4711.891805965335,4646.14225753821,65.74954842712486
4707.192640057856,4406.525814451477,300.66682560637855
4699.188652153927,5291.57677401996,-592.3881218660326
5258.819696606784,5354.3169056364,-95.49720902961599
5265.175842436586,4770.279491830042,494.8963506065438
5246.837326039535,3659.721158502733,1587.1161675368016
5255.910209453426,4659.608214608901,596.3019948445253
5266.2208739283615,5337.67751574408,-71.45664181571829
5252.692803167996,4744.968214815877,507.7245883521191
4736.116113025656,3843.8740094568398,892.2421035688162
4728.90877572643,5297.32528523273,-568.4165095062999
4708.764260615726,4727.120063762307,-18.35580314658091
4699.144374713509,3888.3763889528814,810.7679857606277
4713.614909004303,4748.8656505026165,-35.2507414983138
5352.943041042256,4484.353316064452,868.5897249778036
5354.689046506453,5358.79831104369,-4.109264537236413
5344.529740576077,5236.990622330925,107.53911824515126
5359.285528091523,5145.407020396471,213.87850769505167
5362.732635716397,5228.475073940067,134.25756177633048
5365.900271766145,5415.859682095137,-49.95941032899191
5359.067682082929,4403.7976431579655,955.270038924964
4728.034397110732,4986.859213096931,-258.8248159861987
4716.570088546454,4708.379552811832,8.190535734622244
4719.214863821671,5065.371276792545,-346.15641297087404
4720.664138824793,5114.20685520605,-393.5427163812574
4732.72418100231,3915.065828345491,817.6583526568188
3798.862830446249,5276.2224566551995,-1477.3596262089504
3800.9990975055302,5184.345529101382,-1383.3464315958522
4458.549070363604,5266.532345074127,-807.9832747105229
4465.907858988244,4766.9755411064425,-301.0676821181987
4460.593062744954,3899.987308133312,560.6057546116422
4459.417375111884,4654.719220247412,-195.3018451355274
4436.527497496863,5048.892750026344,-612.365252529481
4472.828562926947,5400.704827966934,-927.8762650399876
4453.203712763154,5223.272437673622,-770.0687249104685
4473.634862425408,5263.476574000957,-789.8417115755492
5097.483990213534,5066.345527243837,31.138462969696775
5107.442807972184,4735.306276108675,372.13653186350894
5094.937791890623,5287.886909447437,-192.9491175568137
5088.792488725719,4704.420028974459,384.37245975126007
5092.752056888807,5113.705889434106,-20.95383254529952
5099.991592421395,5280.933427866124,-180.9418354447289
5086.730826653761,5265.657464643075,-178.92663798931426
5114.954831524755,5091.473090109174,23.481741415580473
5320.043111971232,4727.388057323428,592.6550546478038
5326.752777570754,4474.500138168231,852.2526394025226
5336.987734974434,5363.982871210369,-26.995136235935206
4945.345805912081,5393.123898908689,-447.7780929966075
3874.4138461555463,4650.142530983333,-775.7286848277868
3875.2077105265666,5187.452158184981,-1312.2444476584146
3899.5487736699292,5300.030565376265,-1400.481791706336
4606.023374335514,5293.000276645949,-686.9769023104354
4603.884088960248,5057.9958952865245,-454.11180632627656
4601.5442624451825,4581.539260519527,20.00500192565596
4610.234003538869,5290.322175216094,-680.0881716772255
4595.030390696378,5267.9959145446055,-672.9655238482273
4604.176931726484,5381.144413524226,-776.967481797742
4619.441574503911,5417.576974970767,-798.1354004668556
4613.593147713799,3832.140515599284,781.4526321145154
4590.449225346519,4617.37563719408,-26.926411847561212
5318.355293121359,4633.237498753835,685.1177943675239
5322.801085052447,5291.9117664356,30.88931861684705
5322.7878530967855,4967.677575438894,355.11027765789186
5329.8274491537595,4748.567371996259,581.2600771575007
5320.542862628872,4654.580679642434,665.9621829864382
5321.712932292908,5364.828890001006,-43.115957708097994
5329.787682214155,5403.287977984554,-73.50029577039913
5326.140591373873,4628.957499401838,697.1830919720351
5317.146771357235,5205.199186240716,111.9475851165189
4527.817028546221,5375.027492629096,-847.2104640828748
5326.732415880722,5345.518932386924,-18.786516506201224
5312.996832025037,5282.7526396219055,30.24419240313182
5343.708449544667,5147.666929798997,196.04151974566958
5329.133391482453,5372.723727614146,-43.59033613169322
5342.566406755035,5011.165109650205,331.4012971048305
5317.106419772345,4732.14438235797,584.9620374143751
5327.679948801085,5416.8732622221205,-89.19331342103578
5347.262215572889,5156.373749926803,190.88846564608593
5330.24372447106,5416.688450544198,-86.44472607313764
4591.92606144541,4742.658616332161,-150.73255488675113
4599.879286262402,4471.063204002315,128.81608226008757
4617.07014001769,5385.171882479381,-768.1017424616903
4594.66308485248,3889.401437934879,705.261646917601
4601.706023426489,4734.756083369398,-133.05005994290877
4587.688497492843,5275.9885929799,-688.3000954870568
4594.947404223319,5303.387140455223,-708.4397362319041
4601.528812056007,4482.260926107376,119.26788594863137
4607.995496258153,5284.287756965915,-676.2922607077617
3884.6805513844747,4564.32015195008,-679.6396005656052
3886.114349394651,5168.164207144972,-1282.0498577503213
3873.3508955989923,5057.558308597981,-1184.2074129989883
4860.3312858033605,4730.444274480631,129.88701132272945
4851.361750035769,5332.638260682087,-481.27651064631846
4871.44788082361,4230.9925739538,640.4553068698096
4867.666662526692,5187.735120095072,-320.0684575683799
4875.4524657645,5389.287285632458,-513.8348198679587
4220.02755650461,5083.357813407964,-863.330256903354
4224.200070730993,4637.730759746776,-413.53068901578354
4199.693664639174,4645.2613465072345,-445.5676818680604
4214.572341816989,4763.693105646784,-549.1207638297947
4219.298141039407,5323.58383741395,-1104.2856963745435
4206.358406789341,5370.983892442937,-1164.6254856535961
4687.486659468676,4901.505875615354,-214.01921614667754
4686.40520984896,4750.124375604772,-63.719165755811446
4666.87012835656,4715.45905525536,-48.58892689880031
4692.993945905574,4232.865769153557,460.12817675201677
4703.037606803538,4644.441855908856,58.59575089468217
4705.894670981042,4753.028852698133,-47.13418171709145
5248.507056917882,5294.57439395344,-46.06733703555801
5248.362765114741,3899.5803913002196,1348.7823738145212
5230.404203966626,4984.218656976964,246.18554698966182
5250.990477453317,5344.564732237805,-93.5742547844884
5244.923796508777,4619.755404432733,625.1683920760443
5256.202740755634,4766.464147952664,489.73859280297074
4713.361455281713,4618.262690513909,95.09876476780391
4721.269199219767,5404.478342694415,-683.209143474648
4719.027977952416,3891.650455571414,827.3775223810021
4727.767047282971,5126.071130043672,-398.304082760701
4713.855695877277,4224.242229063381,489.6134668138957
5365.984678758548,4168.443681181974,1197.5409975765742
5358.5380711809385,5410.171539855018,-51.63346867407927
5353.056682347099,4750.705571451176,602.3511108959228
5351.529960022131,5407.1903297038525,-55.66036968172193
5358.2391307832995,4741.695530799927,616.5435999833726
5343.648301075796,4747.850711466991,595.7975896088046
5354.913341169394,5277.793503839229,77.11983733016496
4717.975841295147,5206.941839496437,-488.96599820128995
4734.411825523769,5392.196922892194,-657.7850973684253
4724.211705818766,4627.837389395636,96.37431642313004
4729.750546301173,4636.167430765916,93.5831155352571
4722.163625438042,5122.598629481546,-400.4350040435038
3805.9869506261466,5399.734647434318,-1593.747696808171
3808.6353247230445,5138.5773625356305,-1329.942037812586
4458.173120210216,5327.867999201511,-869.6948789912949
4462.332928272867,5071.651078855789,-609.3181505829216
4442.06843224249,5348.779783954915,-906.7113517124244
4447.236208235267,5274.188483790939,-826.9522755556718
4463.326359540962,4749.2499852710835,-285.9236257301218
4440.542379310354,5287.021014054574,-846.4786347442205
4450.660917186388,5358.230619685699,-907.5697024993106
4457.476063951388,4902.738005193244,-445.2619412418562
5096.245696839657,5115.636341343491,-19.390644503833755
5093.960963290251,5276.6890267516455,-182.7280634613944
5101.6723138747875,5362.454917641907,-260.7826037671193
5118.647729335074,5390.122016657826,-271.4742873227524
5110.980428501682,5407.936056722326,-296.95562822064403
5081.938673939137,5104.25764419854,-22.318970259403613
5085.002542904026,5247.991351560421,-162.98880865639512
5125.579137932203,4655.7237787484355,469.8553591837672
5351.187865200299,4762.19120465262,588.9966605476784
5352.901969478865,5330.127958905279,22.774010573585656
5340.004514851501,5382.563725923043,-42.55921107154245
4950.433767831934,5137.671702504306,-187.23793467237192
3882.9458492460744,4652.03632823347,-769.0904789873957
3889.782568499537,5407.750198395047,-1517.96762989551
3874.693232081798,5267.9680577201525,-1393.2748256383543
4603.738769701436,5369.506552602274,-765.767782900838
4632.204659016717,4766.541137427355,-134.33647841063794
4587.971095597599,4963.124772224124,-375.15367662652534
4620.980595940794,4754.194831138598,-133.21423519780365
4612.345812878363,5224.952418193448,-612.6066053150844
4617.358672843502,4239.522490058203,377.83618278529866
4601.190984289655,5301.077050539124,-699.886066249469
4590.449225346519,3888.6309273040256,701.8182980424931
4644.3133874700225,5316.626648717766,-672.3132612477439
5313.851552236911,5273.604010756938,40.247541479972824
5310.248016069842,5110.115524506031,200.13249156381153
5317.882827403628,4742.770442252638,575.1123851509901
5311.4422522542545,4710.931041374282,600.5112108799722
5349.009198305913,5401.180522561989,-52.17132425607633
5327.419303171471,5141.820063746214,185.5992394252571
5327.957449246444,4766.327223667723,561.6302255787214
5321.240917554619,5295.636909581639,25.60400797298007
5339.341188757881,4649.978724265611,689.3624644922702
4535.599345609417,5376.714959736927,-841.1156141275105
5351.088044122465,5395.561144232275,-44.47310010980982
5339.180291525806,4738.191257426091,600.9890340997144
5334.2004412910555,5288.919087395047,45.28135389600811
5325.531998096332,5361.26948282079,-35.73748472445732
5311.037929031197,5251.976974332873,59.06095469832326
5345.742643694893,5344.98249852154,0.7601451733526119
5349.894818480366,5368.946192126521,-19.051373646155298
5318.518774442036,4389.326863297438,929.1919111445986
5322.365284316447,4838.704232901785,483.6610514146623
4601.764690425876,5370.132219256176,-768.3675288302993
4601.092073178778,5253.282062248567,-652.1899890697887
4597.751435170778,3893.732822949529,704.018612221249
4594.636107155125,4730.6500552306525,-136.01394807552788
4595.850121563109,4466.635990150173,129.21413141293579
4617.380892101543,5241.214485441337,-623.8335933397939
4613.631779657015,5387.355492311855,-773.7237126548407
4608.781479502581,5371.317492750023,-762.5360132474425
4593.232125869756,4700.7395637834825,-107.50743791372679
3866.993229475172,3887.1626932322624,-20.169463757090398
3910.1914896473672,5413.032304167994,-1502.8408145206267
3872.166774763801,5372.961946569089,-1500.7951718052882
4860.3312858033605,5109.304258471431,-248.97297266807072
4875.749294466827,5313.911089362971,-438.1617948961439
4877.770288512609,5168.490985678768,-290.72069716615897
4866.980706958063,5285.822276877351,-418.8415699192883
4871.797603758522,5291.554217190873,-419.7566134323506
4222.035331047207,4660.350418069808,-438.3150870226009
4213.03079711739,4895.665595039595,-682.6347979222055
4210.075175914832,4903.836055988315,-693.7608800734833
4208.259081088957,5225.310515675497,-1017.0514345865404
4206.43104130132,5278.07001147655,-1071.6389701752296
4220.27768794646,5287.934342867685,-1067.6566549212248
4691.750707417946,4477.792796812056,213.95791060589
4694.121041474921,5306.657195684697,-612.5361542097762
4700.824713087982,5405.556660163436,-704.7319470754546
4680.087680260398,5212.954987347893,-532.8673070874947
4678.8162069054,4739.0050779362045,-60.188871030804876
4690.676556709618,5284.2363027720485,-593.5597460624303
5258.937067616043,4985.5632499520025,273.37381766404087
5248.0166950891435,5278.730337066891,-30.713641977747102
5248.606136363035,3905.9110384998457,1342.6950978631894
5257.022505192427,4491.581043458375,765.4414617340526
5243.391924439696,5123.869733179057,119.52219126063846
5243.366604149195,5059.644151290897,183.7224528582983
4721.720131751516,4977.909633015857,-256.18950126434083
4727.688007598664,5416.8337319420925,-689.1457243434288
4719.663887761006,5361.913808955775,-642.2499211947688
4718.502870939182,5135.422926895038,-416.9200559558558
4715.137691468287,4554.435643388601,160.70204807968548
5358.136763452331,4641.759227310614,716.3775361417174
5347.444664792006,5373.213291250579,-25.768626458572726
5374.59164759658,4489.106842304344,885.4848052922353
5339.160152766448,4563.950894667511,775.2092580989365
5350.554338311356,5362.423856909972,-11.869518598615286
5354.646144861678,5397.151160265241,-42.50501540356254
5359.391615022247,4860.798739101631,498.59287592061537
4729.113278399695,4764.141227483619,-35.027949083923886
4719.214863821671,4997.584744361824,-278.36988054015274
4731.08803430635,4648.373683604642,82.7143507017081
4733.381485999057,4344.381582543165,388.9999034558923
4741.375541932041,5397.071656138339,-655.6961142062974
3810.1205001563467,3905.9142673260867,-95.79376716974002
3813.4970634481506,5294.6427093892735,-1481.145645941123
4468.176316040157,3918.77580570594,549.400510334217
4471.532967576861,4117.484587754053,354.0483798228079
4458.59122129362,3905.7502211898536,552.8410001037664
4473.826914868399,3913.218637063397,560.6082778050022
4457.367693817359,5219.248945840705,-761.881252023346
4461.537949975579,5299.475769882538,-837.9378199069588
4460.608505560489,4740.935216436617,-280.32671087612835
4460.648393104083,5230.678941181883,-770.0305480777997
5100.978208911626,4331.384611201728,769.593597709898
5098.7163923459,3899.601693944966,1199.1146984009342
5099.4986143218,4743.376055969066,356.1225583527339
5094.10168890158,4749.436691483223,344.6649974183574
5098.004307201364,5119.782944912429,-21.77863771106513
5084.614809321832,3890.557237992728,1194.0575713291037
5107.510310395618,5386.843179622195,-279.3328692265768
5094.86460550355,5259.342609054157,-164.47800355060735
5339.666667448281,4475.972827034109,863.693840414172
5340.42981587808,5225.343831787878,115.08598409020215
5347.513850877627,5321.797848186107,25.71600269151986
4940.6085126832595,4630.55174368443,310.0567689988293
3882.086562189022,4755.115466790861,-873.0289046018393
3888.455173603167,5378.8139347024135,-1490.3587610992463
3886.294670563452,3908.119152734574,-21.824482171121872
4614.603443403792,5285.28720924558,-670.683765841788
4622.929007474455,5321.966894147624,-699.0378866731689
4612.55270706103,4999.768171834776,-387.21546477374613
4608.159429061796,5140.973297090724,-532.8138680289285
4607.237692246602,5207.971898282825,-600.7342060362234
4614.952833304317,5091.878966984869,-476.9261336805521
4626.609908524333,4647.651221151928,-21.04131262759529
4600.729340095828,5396.396004658049,-795.6666645622208
4596.345846575346,5215.513776581385,-619.1679300060396
5339.3745958174195,5412.508877004569,-73.1342811871491
5331.539157647533,4722.001079073541,609.5380785739917
5329.1491715290995,4640.131459817788,689.0177117113117
5326.765851261494,5370.89023602755,-44.1243847660553
5318.517164707555,4631.617014379783,686.9001503277723
5331.981518789573,4913.4919093269955,418.4896094625774
5314.5179923332935,4840.724759935368,473.79323239792575
5330.690777684902,4983.567406086647,347.1233715982553
5337.36220161709,4641.711804017923,695.6503975991673
4546.3740897343605,4599.802510317786,-53.42842058342558
5328.596834563037,4743.175154197249,585.4216803657882
5336.396667029221,5277.514136923946,58.88253010527478
5339.4361914058045,4841.981695704888,497.4544957009166
5331.399656670371,5072.098165706196,259.3014909641752
5325.9046718981635,4813.445640311491,512.4590315866726
5326.967119265829,4963.611016881366,363.35610238446316
5320.324788791408,5116.220773232201,204.10401555920635
5322.5668032006215,4639.932262275147,682.6345409254745
5328.5501238704055,5379.656067462121,-51.10594359171591
4612.055389903212,4831.369518424853,-219.31412852164067
4604.227207486088,4624.37348921548,-20.146281729391376
4617.680467109008,5386.696477120334,-769.0160100113262
4610.061492458797,5135.224471210942,-525.1629787521451
4611.312315415777,4642.979857489336,-31.667542073558252
4592.731852951627,5174.581955098312,-581.8501021466855
4604.244448368333,4494.299233957815,109.94521441051802
4608.172885509804,4725.070296772898,-116.897411263094
4613.387642577177,5330.7654456063565,-717.3778030291796
3882.65834143953,4631.854608684533,-749.1962672450027
3852.858093807908,4593.676689450703,-740.8185956427947
3880.8099646503183,4622.028986870218,-741.2190222199001
4860.3312858033605,5308.917468139298,-448.58618233593734
4881.409845390518,5423.330145492977,-541.9203001024589
4875.910085601054,4909.757046347039,-33.8469607459856
4863.6408460739785,4498.61736096166,365.02348511231867
4876.473659252842,4483.736738283681,392.73692096916056
4227.697902930638,5376.264114146322,-1148.5662112156842
4229.905402852164,5203.9355163002265,-974.0301134480624
4221.813060801629,4746.834863906784,-525.0218031051554
4214.7851489571085,4758.006512755462,-543.2213637983532
4221.758965480811,5329.265576243529,-1107.506610762718
4210.690876380027,5378.4210372052175,-1167.730160825191
4708.6617388269915,5283.538332526035,-574.876593699044
4701.119322027423,5372.458835858832,-671.339513831409
4673.777292964593,4832.0384525863965,-158.26115962180393
4693.039553640337,4162.841357638128,530.1981960022085
4694.505548005365,3907.172794592513,787.3327534128521
4690.599773780826,5219.641972492592,-529.0421987117661
5254.2317268633005,3907.185163272146,1347.0465635911546
5254.880627357459,5330.2752127997355,-75.39458544227637
5246.307861744121,5316.328058615488,-70.02019687136726
5260.596155768341,5323.781626717822,-63.18547094948099
5237.607903433866,5388.05789641823,-150.44999298436323
5256.493738677283,4417.956601279042,838.5371373982407
4724.263267392217,5284.6218278153265,-560.3585604231093
4708.764260615726,4476.376250103189,232.38801051253722
4720.990853357576,4739.045917704967,-18.055064347390726
4727.843854808583,5375.301867017521,-647.4580122089374
4711.850031000375,5059.60964218674,-347.75961118636496
5351.008591337877,4574.285182796408,776.7234085414693
5351.319032736135,3820.5413494844784,1530.777683251657
5351.031229248005,5127.698279038363,223.33295020964215
5354.4618278122225,4739.897066307302,614.5647615049202
5376.684630237599,4924.759045463289,451.92558477430975
5345.5750728547255,5254.137740218852,91.43733263587364
5344.5688888150535,5053.840119496285,290.7287693187682
4716.592755145148,4623.154653645824,93.43810149932415
4724.039755952788,5289.21040320699,-565.1706472542019
4727.144375825797,4743.918643149721,-16.774267323923596
4748.952884590236,5372.300941596313,-623.3480570060774
4713.242190066679,4717.281133605545,-4.038943538866079
3793.5000250046746,4733.680346036797,-940.1803210321227
3793.341274551217,5062.415722747426,-1269.0744481962092
4450.867017812435,5277.30907055949,-826.4420527470547
4467.7614807495565,4601.845497908075,-134.0840171585187
4452.3398310911225,4321.162140124071,131.1776909670516
4457.870606348271,4635.96986668193,-178.099260333659
4455.423070649055,5257.562284559088,-802.1392139100326
4470.7881535537545,5406.515378444831,-935.7272248910767
4454.870206358393,4973.780639301656,-518.910432943263
4461.53914867763,4326.519982742214,135.0191659354159
5096.307806708497,4839.896936907447,256.41086980105047
5087.147599460837,4616.55997688953,470.5876225713073
5113.370227270819,4599.344241834147,514.0259854366714
5120.224603248789,4648.975056402387,471.24954684640215
5089.352424475911,5371.808879776598,-282.4564553006867
5102.060799233755,4566.408569031195,535.6522302025596
5096.183666553901,4737.064624452392,359.11904210150897
5099.4304089439265,5134.195798375627,-34.765389431700896
5339.974889898858,4741.9376737347275,598.0372161641308
5341.4847458441745,5316.145563172387,25.339182671787967
5344.857273277812,4350.389871348569,994.4674019292434
4974.602273946905,4656.133030967749,318.46924297915666
3883.063750705333,4978.022622938111,-1094.9588722327785
3893.139607615642,5152.30409855227,-1259.1644909366282
3880.258474568864,4723.866961640957,-843.6084870720929
4592.035848472527,5262.649407886256,-670.6135594137295
4613.995886895558,3916.171452448529,697.824434447029
4582.889071358665,5196.490943795873,-613.6018724372079
4607.9568940192985,5396.433703118227,-788.4768090989282
4600.304857508982,5065.785704185449,-465.4808466764662
4610.649208835346,5320.164546449641,-709.5153376142953
4611.1008855237915,5074.087531739328,-462.9866462155369
4610.624108146042,4967.578423033397,-356.9543148873545
4595.163825020002,3892.323031403746,702.8407936162562
5331.539157647533,5222.729352765576,108.80980488195746
5313.359910844945,4959.634171546426,353.72573929851933
5304.446810593669,4546.404872320743,758.041938272926
5332.230185201429,5367.154084557637,-34.923899356208494
5339.233723323749,4523.380267650224,815.8534556735249
5322.073027256771,4620.257862969966,701.8151642868052
5337.256674994556,4745.837188333055,591.4194866615017
5327.541055012392,5281.120417309928,46.420637702463864
5299.941572555035,4537.185147388331,762.7564251667045
4531.882067489747,4628.83820769021,-96.95614020046287
5336.07032558465,5070.795922824569,265.2744027600811
5311.32901684831,5282.049917989221,29.279098859088663
5319.773051572155,5067.295408805746,252.4776427664092
5344.602776822626,4118.840547111795,1225.762229710831
5312.095383355407,5357.087864308813,-44.9924809534059
5324.757889818113,4965.930203994102,358.8276858240106
5325.617012421444,4396.905741169386,928.7112712520584
5323.419034372742,3903.4392842750135,1419.9797500977288
5343.977044536666,5297.375917615869,46.60112692079656
4621.378621911353,4729.818774696007,-108.44015278465395
4602.585089913591,5231.876546127309,-629.2914562137175
4624.831303538545,4777.134011848576,-152.30270831003054
4601.528812056007,5115.545786398394,-514.0169743423867
4610.349367773281,4984.310582272019,-373.9612144987377
4611.460612314591,4967.329117697493,-355.8685053829013
4606.73770980067,4479.229101186799,127.50860861387082
4597.841784838847,4816.910395726927,-219.06861088808
4603.13738866883,5302.386948231959,-699.249559563129
3877.0757625787473,4619.31460353546,-742.2388409567129
3885.1084661677423,5118.83651803925,-1233.728051871508
3870.339608252921,5342.129398313575,-1471.7897900606536
4860.3312858033605,5306.789067190018,-446.4577813866572
4878.449795832728,5218.592874177985,-340.143078345257
4863.2361244848,5064.082678705637,-200.84655422083688
4870.65800625847,4741.950920126185,128.70708613228453
4875.666602102765,4760.40597562748,115.26062647528488
4203.7935395618,4733.997129735514,-530.2035901737145
4210.0732258950575,4837.805919210532,-627.7326933154745
4212.812583270159,5207.598312740322,-994.7857294701635
4213.6369701488575,5379.073241363761,-1165.4362712149032
4222.985197444857,5253.078534028091,-1030.0933365832343
4223.508808731676,5126.671162707949,-903.1623539762732
4697.940832185074,4483.5674274343555,214.3734047507187
4708.179012345561,5392.752775529367,-684.5737631838056
4696.353692019281,4628.467297776512,67.8863942427688
4689.461133394506,5081.925124956304,-392.46399156179814
4688.2639479253585,4846.754740073448,-158.4907921480899
4684.449055923081,5289.344748608421,-604.8956926853398
5225.248137294009,5346.674552205122,-121.42641491111317
5246.837326039535,4750.317094199523,496.52023184001155
5262.499822913983,4993.090145894458,269.4096770195247
5248.64934356071,5357.504543704922,-108.85520014421218
5245.125037505612,5362.352283422799,-117.22724591718634
5251.442015824266,5070.745979020064,180.69603680420187
4710.8942641203985,4801.823534109145,-90.92926998874646
4719.098576070241,4722.5594635228435,-3.4608874526029467
4724.19831427633,5215.150086428132,-490.9517721518023
4753.012445208247,5398.7406847903285,-645.7282395820812
4734.198779512601,4755.572442307342,-21.373662794740994
5352.8607040164,4807.051479089077,545.8092249273232
5365.457079112156,4716.943497370052,648.5135817421042
5370.474435914192,4642.175938025018,728.2984978891745
5343.179850143427,3899.1527215860233,1444.0271285574036
5362.888829670385,4854.711988871108,508.17684079927767
5363.909110130474,5384.689226949052,-20.78011681857788
5349.887019170188,4851.449735577493,498.43728359269517
4721.4344381092205,5320.896862059803,-599.4624239505829
4720.664138824793,5070.830090577005,-350.1659517522121
4733.381485999057,4769.215154543136,-35.833668544079046
4736.081367036767,5410.75161685931,-674.6702498225432
4705.094843774531,5278.856002901441,-573.7611591269097
3815.184684907051,4488.87582615691,-673.6911412498589
3819.8695167707415,4990.42964994459,-1170.5601331738485
4438.298573084462,4836.051647532678,-397.75307444821556
4452.117050029319,3896.416348717239,555.7007013120801
4469.87743725061,4980.124019728984,-510.2465824783749
4441.214075537021,4637.151190709549,-195.93711517252814
4447.907869849891,5272.9191770300495,-825.0113071801588
4459.925801019929,4726.988284187486,-267.0624831675568
4458.880695447569,5120.136877242306,-661.2561817947362
4459.444224962568,5341.647050764553,-882.2028258019845
5097.844780089333,4744.159255417817,353.68552467151585
5103.182988819625,4973.426239842146,129.75674897747922
5108.455763074591,4245.95097772599,862.5047853486012
5095.260165181852,5156.991575848241,-61.73141066638891
5114.954831524755,5223.374717788314,-108.41988626355942
5096.804347307585,5221.7477246207845,-124.94337731319956
5104.343507829488,5124.874461779196,-20.53095394970842
5102.4182924842,4256.438182942414,845.9801095417861
5346.093333034676,5401.929933625033,-55.83660059035719
5369.819858146116,5330.510972361371,39.308885784744234
5345.301758034064,5402.235508142887,-56.933750108823006
4953.938318964213,4580.83094061887,373.107378345343
3885.8119039252874,3907.284595210307,-21.472691285019664
3894.515060444184,5342.952152379077,-1448.437091934893
3885.402733482907,4627.317155456996,-741.9144219740892
4583.427426023604,5109.481857406655,-526.0544313830505
4608.147247087166,4637.5438171226715,-29.396570035505647
4625.143646151717,5385.9830178619195,-760.8393717102026
4600.073226914243,4626.855437273284,-26.782210359041528
4615.966110618229,5327.374191203768,-711.4080805855383
4598.568093784425,4748.684374296031,-150.1162805116055
4611.413961047096,5415.795120075907,-804.3811590288115
4601.564638521774,4997.942403272349,-396.3777647505749
4607.07948402782,5309.659507272753,-702.5800232449328
5329.1491715290995,4729.332240138132,599.8169313909675
5304.446810593669,5360.190029964466,-55.743219370796396
5337.849643406201,4747.178142906877,590.6715004993239
5312.659357498253,5385.837984120504,-73.17862662225161
5339.3086015687595,5293.174641497085,46.133960071674665
5359.151117638026,5295.341381539917,63.80973609810917
5329.587495318028,5320.353105450517,9.2343898675108
5316.104587133832,5361.365267461268,-45.26068032743569
5330.403448089464,4765.280517619317,565.1229304701474
4534.586089859791,5394.85538520023,-860.2692953404385
5331.62363683203,5169.387351664012,162.23628516801728
5315.892749613163,5335.748436679833,-19.855687066669816
5308.684601927991,4460.434670581307,848.2499313466842
5355.3469420318725,5149.852985065451,205.49395696642114
5345.362374807746,4770.397855506828,574.9645193009183
5327.041644139651,5281.000694443474,46.04094969617745
5332.777903028525,4636.415451216723,696.3624518118013
5334.1514134366325,5246.458816180589,87.69259725604388
5334.643857767204,5077.2392974789645,257.40456028823974
4581.8666614725535,5376.986238563026,-795.1195770904724
4616.316712082845,5387.35318135769,-771.0364692748453
4591.439011754445,4721.929180051848,-130.4901682974023
4621.44161236723,5280.976131935218,-659.5345195679884
4596.31855884099,5296.227454696402,-699.9088958554121
4625.142570058639,5407.638614355875,-782.496044297236
4608.422454354681,4630.2317707211305,-21.80931636644982
4588.958072078742,3817.603428008985,771.3546440697569
4623.295362467162,4728.311820578215,-105.016458111053
3889.6735286933576,4640.998837940635,-751.3253092472773
3875.722617130855,4648.707996962584,-772.985379831729
3890.297592892221,4634.2460240104065,-743.9484311181855
4860.3312858033605,3889.2247477472088,971.1065380561517
4870.543278739551,5114.173519960774,-243.6302412212226
4860.433365646203,5202.158827917558,-341.72546227135444
4881.585509056954,4489.56182875082,392.02368030613434
4879.206037134543,5393.017910379287,-513.8118732447438
4226.13074687045,5374.906976959242,-1148.7762300887916
4201.49097092217,5065.901960106367,-864.4109891841972
4223.19516635932,4765.892747003022,-542.6975806437022
4218.242488911458,4716.409714622577,-498.1672257111186
4199.311814195122,5388.2292192575,-1188.9174050623778
4214.058651470009,5172.810249810932,-958.751598340923
4698.184413666635,5261.137014118574,-562.9526004519394
4706.18967197389,5386.499484021178,-680.3098120472887
4694.54272812387,4968.736618268585,-274.1938901447147
4703.995483638974,5410.388999525318,-706.3935158863433
4682.956559182804,5287.220800968568,-604.2642417857642
4700.276216040111,4569.5387135701785,130.73750246993222
5260.953178828248,5290.296202529507,-29.34302370125897
5251.738596261085,4634.967744007305,616.7708522537805
5234.097719789659,5310.653126648556,-76.55540685889719
5264.477328422852,5246.813335892387,17.663992530465293
5260.063660466631,4849.156331019771,410.9073294468599
5238.001287871809,5308.733883371659,-70.7325954998505
4709.739849618999,5144.489590243179,-434.74974062418005
4710.202905475754,5274.557050036141,-564.3541445603869
4719.746618653111,5239.0951959218255,-519.3485772687145
4710.1199611910015,5370.791195503802,-660.6712343128002
4724.603017080332,4159.540407540204,565.0626095401285
5342.602504975818,4616.67052027226,725.9319847035586
5357.710922479287,4629.386076603178,728.3248458761091
5345.5696063605465,5365.689478525725,-20.119872165178094
5335.0720549655225,4606.607549846728,728.4645051187945
5354.38662463367,4630.8674232011035,723.5192014325667
5366.759575406222,4626.200068769618,740.559506636604
5349.151259049407,4797.807087991571,551.3441710578354
4736.9260056271105,5290.334698911009,-553.4086932838982
4730.894237618753,5136.242501125691,-405.34826350693766
4744.732272980493,4417.086498684052,327.64577429644123
4714.219618699189,4717.530184385764,-3.310565686575501
4748.237538752739,5025.232364844435,-276.99482609169627
3812.4540575949495,4478.966225154573,-666.5121675596238
3794.3390045212927,4736.669909428589,-942.3309049072959
4454.22683643131,4590.41971742641,-136.19288099509959
4454.4633369452,4634.175750585114,-179.7124136399134
4466.379798130841,5322.327145281379,-855.947347150538
4463.711687260728,5325.426718484009,-861.7150312232816
4449.08652435642,5363.473366391755,-914.3868420353347
4449.202035357219,5310.692374705692,-861.4903393484728
4440.523921131758,5305.463895942734,-864.9399748109763
4444.320149403889,4815.016026936105,-370.6958775322155
5101.580816649723,5285.194535233805,-183.61371858408256
5095.952159075547,5063.516874581627,32.435284493919426
5101.2438909494595,5069.38449386563,31.859397083829208
5097.869587843539,5381.7427854044045,-283.87319756086526
5108.868202321473,3831.039751922047,1277.8284503994264
5100.885284815691,4638.760748333014,462.1245364826773
5101.714265574686,4234.219640545829,867.4946250288567
5108.017842177412,5272.952821736712,-164.9349795593007
5346.644838283972,5131.976010280792,214.66882800317944
5339.508050249417,4621.323684924972,718.1843653244441
5343.719373258755,5298.017567529141,45.701805729613625
4950.779698947484,4479.995782051189,470.7839168962946
3880.6324759019403,5370.922226372134,-1490.2897504701937
3896.7805089309677,5392.782349612465,-1496.001840681497
3874.4300804494837,5417.288477139291,-1542.8583966898073
4631.781041241432,5291.010072770129,-659.2290315286973
4611.161897820589,5122.3962411245775,-511.2343433039887
4610.629193128902,5288.717055719218,-678.0878625903151
4620.313243098779,3916.5343340221602,703.7789090766187
4599.992812363008,4096.527522336046,503.46529002696207
4622.92421829445,4742.217925926358,-119.29370763190764
4607.20526374024,4756.36898879907,-149.1637250588301
4615.763516951574,5311.529009074193,-695.7654921226185
4593.118145535137,5294.510541256517,-701.3923957213801
5326.765851261494,5143.085032929026,183.68081833246833
5332.230185201429,5367.154084557637,-34.923899356208494
5312.659357498253,4466.447147660878,846.2122098373748
5302.25814391806,5345.833611043882,-43.57546712582189
5333.553259851328,5138.7029435966015,194.85031625472675
5333.448652102194,4643.092444320528,690.356207781666
5337.658739006832,4106.437460589415,1231.2212784174162
5340.4136197847,4763.0205304841265,577.3930893005736
5315.502442900899,5234.627090672255,80.87535222864426
4519.9083801747665,3815.0932676907255,704.815112484041
5324.865221189907,4743.122142993796,581.7430781961111
5326.85113560074,4713.706398658779,613.1447369419611
5326.912562604011,4742.927116028171,583.9854465758399
5328.863279048638,5284.950483919637,43.9127951290011
5334.925257506686,5354.615990420458,-19.69073291377208
5330.81493958625,4907.6739966466275,423.1409429396226
5325.323494566594,4631.972677727094,693.3508168394992
5325.858749817398,4993.37971911478,332.47903070261873
5323.825067148744,4757.596676283824,566.2283908649197
4613.323240622528,5073.531376417608,-460.2081357950801
4602.490682286617,5394.478485908788,-791.9878036221708
4608.858486249981,5120.3234557309725,-511.4649694809914
4604.4157524391885,5385.549757923544,-781.1340054843558
4611.064391610549,4833.186822657101,-222.12243104655226
4603.68597346907,4395.016740983171,208.66923248589865
4606.02180635285,5377.26291170105,-771.2411053482001
4613.5555510123795,4239.895433463444,373.6601175489359
4614.7043354869365,4835.027967329001,-220.32363184206406
3896.503285634135,5406.427066395222,-1509.923780761087
3880.228528931949,4832.450592743016,-952.2220638110675
3896.0836040554636,5419.372770173821,-1523.2891661183571
4860.3312858033605,4702.313506843843,158.01777895951727
4873.881889491105,5378.6074053074135,-504.72551581630887
4879.005868562229,4340.29645024871,538.7094183135187
4868.025608265377,4585.00652342452,283.0190848408565
4874.483481226044,4835.095120987633,39.388360238411224
4216.645190507956,5353.880261934543,-1137.2350714265876
4208.99965596349,4470.126776454124,-261.1271204906343
4219.787105846808,5322.92103632445,-1103.133930477642
4197.374897454097,5385.51436716746,-1188.1394697133628
4203.738213601462,5364.573005732116,-1160.834792130654
4193.373022235418,4737.363139868624,-543.990117633206
4700.762561613273,5148.882182778421,-448.1196211651486
4685.767191676404,5268.719260278852,-582.952068602448
4703.202766662167,4567.064989192865,136.1377774693019
4691.846943902501,5212.059255829914,-520.2123119274129
4677.809849231096,3893.94345919811,783.8663900329866
4688.764630201351,4956.176008696684,-267.41137849533334
5237.466578127986,4825.92130051731,411.54527761067675
5266.1909778388,4756.3677212734265,509.8232565653734
5270.615384347173,5389.494480166675,-118.87909581950225
5255.001932304399,5214.9097755696785,40.09215673472045
5256.331188996388,5365.5396824180925,-109.20849342170459
5246.6500757309595,5383.536974094183,-136.88689836322374
4743.290516900223,5282.282441107951,-538.9919242077276
4699.144374713509,5365.161402052808,-666.0170273392987
4727.843854808583,5288.71560334603,-560.8717485374464
4737.085698402384,4642.095661607277,94.99003679510679
4715.042103059126,5304.697739698854,-589.6556366397281
5361.624658923155,4638.324953574006,723.299705349149
5355.9770687808805,4761.973889837002,594.0031789438781
5329.809567028171,5090.715922965287,239.09364406288387
5364.008033527922,3842.186946146272,1521.8210873816497
5347.418258033396,5270.4977466507735,76.92051138262286
5380.420689396765,5184.305425625551,196.1152637712139
5364.211915277915,5375.574603552849,-11.362688274934044
4747.317944829669,5426.518487204182,-679.2005423745131
4732.72418100231,5130.50788368348,-397.7837026811703
4741.375541932041,4925.277795583944,-183.90225365190236
4705.094843774531,4610.0322202885345,95.06262348599648
4735.095040415623,5130.699502470849,-395.6044620552266
3826.6596168227316,4652.123920390379,-825.4643035676472
3817.723017590858,5137.945465871716,-1320.2224482808579
4464.450807423626,4836.28709102655,-371.8362836029237
4455.241570514235,5119.972699637349,-664.7311291231144
4470.960266694171,4927.37881948916,-456.4185527949894
4458.510838796986,5283.454976750026,-824.9441379530399
4453.582650654335,4914.482975371902,-460.90032471756695
4457.433660216485,5405.405241908232,-947.9715816917469
4455.874450664777,5335.627549571699,-879.7530989069219
4447.909439952051,4582.391890300037,-134.48245034798583
5113.370227270819,5339.643161635286,-226.2729343644669
5085.605018494394,5357.148814108362,-271.54379561396763
5099.745011266189,3899.038865851796,1200.7061454143932
5089.554659426349,5349.636686723214,-260.0820272968649
5087.714720138514,5208.986700078449,-121.27197993993468
5109.907848612834,5097.947392519654,11.960456093179346
5112.000341799497,4648.898973799125,463.1013680003716
5079.981985700365,5298.634371602119,-218.65238590175431
5344.1183046418155,4626.204697099051,717.9136075427641
5361.116983597936,4665.066929634335,696.0500539636014
5339.278230343475,5187.034363549395,152.24386679408053
4967.602946962548,4643.139402720863,324.46354424168567
3882.956322898447,5263.391937340823,-1380.4356144423755
3874.8305334390056,4627.190274416327,-752.3597409773215
3888.0731685397973,4905.242488425526,-1017.1693198857288
4609.426813717544,4627.161071319784,-17.734257602240177
4607.7099061983,4854.696641297002,-246.9867350987024
4595.245451910355,3655.6911479655255,939.5543039448294
4611.186936744698,5320.719231693161,-709.5322949484635
4606.332373940644,4624.823740609701,-18.491366669057243
4606.779531239345,5262.15110992085,-655.3715786815055
4596.577414145922,4717.069094569671,-120.49168042374822
4601.524731289782,4623.361098666924,-21.83636737714187
4634.691339566514,3842.7393467351276,791.9519928313866
5318.517164707555,5362.103665506465,-43.58650079891049
5339.233723323749,5226.28787153635,112.94585178739817
5339.3086015687595,4769.438943277875,569.8696582908842
5333.553259851328,4917.406366339557,416.14689351177094
5316.799208679061,5111.10007560479,205.69913307427123
5325.9041929734485,4156.351428297626,1169.5527646758228
5328.89540350735,5296.700257787,32.19514572035041
5315.975131002226,5285.887904036502,30.087226965723858
5323.180645892987,4625.755311988933,697.4253339040542
4525.969284653086,3892.284539024861,633.6847456282253
5347.262215572889,4761.200296262672,586.0619193102166
5312.901545147053,5194.334667972428,118.566877174625
5319.769204442241,4623.818682165652,695.9505222765893
5323.366447865855,4620.396241672991,702.9702061928638
5328.888258532013,5284.940512281028,43.9477462509858
5348.709296605596,5091.295452746577,257.4138438590189
5333.726781200174,5385.28430587128,-51.557524671105966
5320.166296907875,4467.573811207129,852.5924857007458
5326.9350457796745,5345.889164938152,-18.954119158477624
4606.305290535626,3902.184557879348,704.120732656278
4624.033774872412,4846.658032957091,-222.62425808467833
4608.943383930846,3901.4865305231197,707.4568534077262
4598.387029773796,4833.719129816793,-235.3321000429969
4604.353152875617,5266.567292644761,-662.2141397691448
4609.285707331588,5340.025552409003,-730.7398450774144
4603.346133810707,5378.974499050707,-775.6283652399998
4589.803102070988,5388.138569726342,-798.3354676553545
4594.331746056253,4613.161816488203,-18.830070431949935
3875.471750814812,4956.969981028643,-1081.498230213831
3883.2121971921742,5265.44080722917,-1382.2286100369956
3884.490675526362,5265.486617287917,-1380.9959417615555
4860.3312858033605,4616.795127656185,243.53615814717523
4877.635194546838,4636.087931450948,241.54726309588932
4867.191201724541,4626.4195616194165,240.7716401051248
4879.466154107861,4752.183874876079,127.28227923178201
4873.206026854674,5325.734998562979,-452.5289717083051
4221.941511377629,3673.659632596452,548.2818787811766
4201.797525246433,4629.714018795695,-427.91649354926176
4227.6068890441775,4635.904528860935,-408.2976398167575
4220.334150180813,5420.857172308794,-1200.5230221279817
4212.730616958439,5356.273269347939,-1143.5426523895003
4203.990673279666,3818.0397569132565,385.95091636640973
4706.899847861626,5322.929276066171,-616.0294282045452
4690.917261671563,4634.163033255338,56.75422841622549
4686.763727918627,4627.539698028404,59.22402989022339
4704.874120647634,5304.607479047407,-599.7333583997724
4707.359406521034,5153.602997161187,-446.24359064015334
4681.986120767133,5122.786847264133,-440.80072649700014
5240.879984607965,5316.883526535747,-76.00354192778195
5269.325840967203,5387.929391601512,-118.60355063430961
5251.332969501931,4965.947409587314,285.38555991461726
5263.132872819247,5393.980437442732,-130.8475646234856
5260.372473835778,4851.705469196806,408.6670046389718
5253.950285924536,5209.367568159698,44.58271776483798
4743.416272863747,4648.345196676621,95.07107618712598
4722.281908620203,3824.2350736909575,898.046834929245
4726.043053107793,5325.7036860856715,-599.6606329778788
4707.6099635108785,5281.409686550575,-573.7997230396968
4710.10745567351,4956.044634267345,-245.9371785938347
5347.743154806995,5387.561711786549,-39.81855697955325
5366.465090277868,4408.035986638257,958.4291036396107
5345.0619710111505,5282.588595788264,62.473375222886716
5357.524753367432,5071.711427351569,285.8133260158629
5377.548075293067,4779.25542799974,598.2926472933268
5357.002555089711,5368.080692149166,-11.078137059455003
5358.358088106151,5397.963450771551,-39.60536266540021
4738.882243738214,4758.379204969939,-19.496961231724526
4733.68643212071,4853.282595291581,-119.59616317087057
4728.092668239916,5380.411830314378,-652.3191620744619
4718.166784830477,5269.996266782893,-551.8294819524162
4722.526670114096,4982.053350243086,-259.52668012898994
3813.7157316527814,5384.707461756507,-1570.9917301037253
3791.7908080311036,4796.9889429236955,-1005.198134892592
4469.30611857731,4667.377639061948,-198.0715204846374
4443.445840163273,5326.34243682836,-882.8965966650876
4456.526519918136,4904.939732709582,-448.4132127914463
4437.7968958037445,5243.030293313997,-805.2333975102529
4455.493675835898,4589.964679010282,-134.47100317438435
4460.587207576669,4828.181072694491,-367.59386511782213
4461.648843986626,4658.743837693664,-197.09499370703816
4469.276131599657,5303.253328515689,-833.977196916032
5096.380807762355,4750.7378548320075,345.64295293034775
5082.675887926506,5174.803291337928,-92.12740341142216
5090.902296763281,5110.821936330629,-19.919639567347986
5111.678090084969,5389.799494008074,-278.1214039231054
5102.334777479699,4635.626814140444,466.707963339255
5104.040569601416,5383.518501271424,-279.4779316700078
5095.016363567386,5406.222252393225,-311.2058888258389
5110.264791053477,5332.636658479379,-222.37186742590166
5348.718490988826,4976.104150429831,372.6143405589946
5343.811577539135,5382.170067906791,-38.35849036765558
5343.193234344123,5318.336607495955,24.856626848168162
4969.539151643966,5393.038019887775,-423.49886824380883
3871.7964344923994,4902.585659633209,-1030.7892251408093
3885.7131611238437,5253.109153834784,-1367.39599271094
3867.5953852926095,4725.689500791063,-858.0941154984539
4625.199017679909,5014.399185676603,-389.2001679966943
4601.9889829674885,5223.153512825542,-621.1645298580534
4606.388339124141,5405.946188436632,-799.5578493124913
4606.419357168057,5374.585255550889,-768.165898382832
4600.195628876977,4836.275520886315,-236.07989200933753
4593.824747913394,4466.148148714452,127.67659919894231
4613.613199040445,5243.822768443219,-630.2095694027739
4603.681850700126,5280.12289503024,-676.441044330114
4609.765352241304,4638.22782944442,-28.462477203116578
5331.981518789573,4235.422618121214,1096.5589006683585
5322.073027256771,5130.937677783605,191.13534947316566
5359.151117638026,5440.251434211697,-81.10031657367108
5333.448652102194,5286.920247643897,46.52840445829679
5325.9041929734485,4654.795401567106,671.1087914063428
5333.178820076231,4492.417948835318,840.7608712409128
5303.246431233065,3884.964666048351,1418.281765184714
5326.295480520738,5379.329271578123,-53.033791057384406
5322.115058823474,5065.8832524236905,256.23180639978364
4534.776392254509,3830.171994440616,704.6043978138932
5325.254699156572,5214.898803436254,110.35589572031859
5334.3537660341135,4767.955728239451,566.3980377946627
5336.5798968438385,4334.580856813811,1001.9990400300276
5341.221154395953,5377.458564340981,-36.23740994502805
5322.300201789851,5304.908884843493,17.39131694635762
5311.469707050324,5267.239207955947,44.23049909437759
5308.763499691542,4469.377629284249,839.3858704072927
5317.0373304221575,4486.118754858468,830.91857556369
5337.663909112559,5295.966489999219,41.69741911333949
4592.770288635821,5366.257552194614,-773.4872635587926
4626.36257500514,4494.460189117153,131.90238588798638
4608.582587089551,5314.175000083969,-705.5924129944178
4602.977416528155,5111.008334050765,-508.03091752261025
4595.490096319039,4619.184546234199,-23.694449915159566
4616.716907863146,4863.680262884009,-246.96335502086276
4614.441596731534,4747.140178632458,-132.69858190092327
4605.1955724569725,3824.179440238758,781.0161322182144
4602.682401862454,5275.668520062641,-672.9861182001869
3877.549754570937,5372.5573387014865,-1495.0075841305497
3877.492921753561,4473.951238425221,-596.4583166716602
3880.806756841391,5375.194368097175,-1494.3876112557846
4860.3312858033605,4622.999545657798,237.33174014556243
4867.39180253884,5321.657382584575,-454.2655800457351
4859.178064712994,4621.7286442679715,237.44942044502204
4877.4651101267855,5380.301378871057,-502.83626874427136
4864.275222556236,4392.366418691839,471.90880386439767
4206.241772035307,4809.487820716855,-603.246048681548
4206.372701409059,5322.52483251577,-1116.1521311067108
4220.233725863404,4722.4587375665415,-502.22501170313717
4211.871364802108,4710.9169406938,-499.04557589169235
4218.650030123755,5289.255226499348,-1070.6051963755936
4213.4276780189875,5393.827767647753,-1180.4000896287653
4695.887492716395,4395.042970068854,300.84452264754145
4702.134368398212,5352.527474705305,-650.3931063070931
4690.956906632661,5205.805977319603,-514.8490706869416
4686.845939976669,4392.649716175869,294.1962238008
4690.599773780826,5313.846836516491,-623.2470627356652
4707.102476154625,3911.2735268870624,795.8289492675626
5242.221934260656,5116.303286828987,125.91864743166843
5255.910209453426,5287.5808824404,-31.67067298697384
5248.64934356071,5141.467829567359,107.18151399335056
5251.998862222894,5400.1490282147115,-148.15016599181763
5243.4621328549365,5132.404101386692,111.05803146824474
5239.823599865568,5367.684472795863,-127.86087293029505
4715.13669931296,5365.617979877748,-650.481280564788
4731.134364586125,4569.735553801767,161.39881078435792
4726.51371895831,4484.657761828105,241.85595713020484
4701.0687129946655,5353.526136667157,-652.4574236724911
4709.951737130792,5268.4580313377355,-558.5062942069435
5363.342683242625,5326.240875555373,37.101807687251494
5366.216464217611,5271.242292215473,94.9741720021384
5376.684630237599,5336.885296772051,39.799333465547534
5348.869006194626,5203.183470234372,145.68553596025413
5370.407930856958,5298.619181173815,71.78874968314267
5363.69032989408,4738.660160970136,625.0301689239441
5360.855823905161,5286.167646219891,74.6881776852697
4722.31803536723,5235.127614726367,-512.8095793591374
4712.065213616275,3658.032967104449,1054.032246511826
4729.394767162589,4923.709970232709,-194.31520307011942
4738.056795641834,4648.910535641726,89.14626000010776
4737.615293824843,4867.285762154049,-129.6704683292055
3800.708268679502,5258.711613982072,-1458.0033453025699
3819.095315668219,4198.806360625448,-379.7110449572292
4465.42680151712,4748.746232739003,-283.31943122188295
4445.953274621562,4615.297078018687,-169.34380339712516
4447.873627465848,5289.6071791212,-841.7335516553521
4454.870206358393,5273.4136743628715,-818.5434680044782
4477.873645462152,5311.26720879444,-833.3935633322881
4452.190455198451,4733.6353461550425,-281.44489095659173
4448.558400946998,4971.381651586034,-522.8232506390368
4436.687335431218,4605.501239214005,-168.81390378278684
5100.892416068791,5285.742937566302,-184.85052149751118
5082.222752129687,4459.362006674979,622.8607454547082
5108.59865445863,5311.312645556605,-202.71399109797494
5096.17782305946,4752.260152751375,343.9176703080848
5094.9619166699,4620.941016705243,474.0208999646575
5123.554378991816,5303.102868520014,-179.54848952819884
5101.030382627324,4635.96158151846,465.06880110886414
5107.040170294042,4746.2613444523795,360.7788258416622
5351.794168846377,5377.758172431508,-25.96400358513074
5353.134601330264,5153.92257655608,199.2120247741841
5338.836346301572,5226.492029602749,112.3443166988227
4952.3129185319885,5079.568744705912,-127.2558261739232
3885.739458279627,5305.035878455179,-1419.2964201755522
3881.5500059191477,4230.806510643424,-349.2565047242765
3889.7515532864472,4633.9899809992485,-744.2384277128012
4605.292930881368,4483.143558365318,122.14937251604988
4598.369825392392,4569.949770946108,28.420054446283757
4597.194465299766,5274.385201171391,-677.1907358716244
4618.442989739597,5290.061264506123,-671.6182747665262
4626.682513054602,4850.123774100035,-223.44126104543284
4592.330209855971,5070.609740600333,-478.2795307443621
4610.568495928123,5267.060165465786,-656.4916695376623
4616.535163127459,4721.621716616417,-105.08655348895809
4613.837072688065,5372.375321402842,-758.5382487147772
5314.5179923332935,5365.741373247348,-51.22338091405436
5337.256674994556,5276.093459762196,61.16321523236002
5329.587495318028,5095.688287931896,233.89920738613182
5337.658739006832,3910.296211984977,1427.3625270218545
5328.89540350735,5123.288565018128,205.60683848922235
5303.246431233065,5355.668561999302,-52.42213076623739
5329.77721462459,4566.133864692087,763.643349932503
5327.679948801084,4710.5238468026355,617.1561019984483
5327.114509792492,5363.357544497374,-36.24303470488212
4558.457411455694,5280.609253197101,-722.1518417414072
5331.942390787095,4847.354820192138,484.58757059495747
5326.115142555406,5279.775795593274,46.33934696213237
5319.944837255601,4617.759912414964,702.184924840637
5314.528274589645,5366.579060099081,-52.05078550943654
5338.151233323661,5331.35081643828,6.8004168853804
5319.4695125264125,4623.695770338635,695.7737421877773
5323.241780906644,5381.622668567121,-58.38088766047713
5323.117993779063,4481.979896819146,841.1380969599168
5314.665927940859,4747.739066664114,566.9268612767446
4603.596968172834,5278.839305296594,-675.2423371237601
4619.360582836415,4721.707162974274,-102.34658013785884
4588.958072078742,5301.511494328574,-712.5534222498327
4596.667405438827,4957.100017251255,-360.43261181242815
4616.695726410133,5378.667294790428,-761.9715683802951
4610.281088190155,4632.759305154419,-22.478216964263993
4613.100375725337,5152.048545660611,-538.9481699352746
4623.425412696592,5423.557488582196,-800.1320758856045
4612.6178497055735,5229.255244783369,-616.6373950777952
3888.308483329976,5135.98764302598,-1247.6791596960043
3877.1042741721217,5374.8717888998735,-1497.7675147277519
3870.534569999901,5062.975577150843,-1192.4410071509415
4860.3312858033605,5373.269163967486,-512.9378781641253
4867.822596347487,4551.630010075546,316.19258627194085
4855.635698330116,4740.631947418179,115.00375091193655
4862.814398702141,5198.248980306249,-335.43458160410773
4865.48916091758,5367.565685039347,-502.07652412176685
4203.120581953602,5310.182078573923,-1107.0614966203211
4210.728941086843,4757.04857429004,-546.3196332031966
4224.855014881482,5386.100559451001,-1161.2455445695186
4217.463561288009,4727.268348533603,-509.8047872455936
4228.622173563857,5083.782558995703,-855.1603854318455
4218.817821553422,4915.732193452302,-696.9143718988807
4693.841445404387,5280.202860702331,-586.3614152979444
4690.73380701412,4248.595140763185,442.1386662509358
4695.770538537463,5420.455752524464,-724.6852139870007
4691.894454268231,5205.396879145188,-513.5024248769569
4702.3387681923095,4645.182784083918,57.15598410839175
4708.835992063762,4979.352710874761,-270.516718810999
5260.938681348356,4633.215250932993,627.7234304153635
5251.731418506001,4488.189635993561,763.5417825124405
5250.279431663747,4845.146527503497,405.1329041602503
5228.740284099275,5367.473679165394,-138.73339506611865
5271.436912176837,4351.243998131509,920.1929140453276
5244.39693141963,5315.948696639463,-71.55176521983321
4738.4055450776705,4867.081655448462,-128.67611037079132
4713.614909004303,3888.651786551154,824.9631224531486
4711.850031000375,5367.6555444488,-655.8055134484257
4715.042103059126,5234.035327883434,-518.9932248243076
4737.096783469922,5399.233316549277,-662.1365330793551
5357.714277128953,4836.179099667484,521.5351774614692
5383.5187980303535,5237.504017461331,146.01478056902215
5378.256589668784,4645.952840769746,732.3037488990376
5347.213832761736,5251.904982345451,95.30885041628517
5348.311707236268,4630.694886325147,717.6168209111211
5353.730727289631,5315.349045031406,38.38168225822574
5353.782150122654,5208.597758388393,145.18439173426032
4720.82161716776,5079.7910524427325,-358.96943527497206
4715.052869052013,5367.395578275446,-652.3427092234324
4712.380736193354,5372.746768701593,-660.3660325082392
4725.350471122926,4995.676471503912,-270.32600038098553
4720.381183505238,4346.176725572812,374.2044579324265
3812.5756492705436,5124.299119823532,-1311.7234705529886
3808.3533734408825,4479.1137485065565,-670.760375065674
4464.872218576158,4486.2574927825835,-21.385274206425493
4478.081811336142,4846.479870491596,-368.39805915545367
4446.506007851454,4748.47332340428,-301.9673155528253
4462.128452839402,4815.807226500923,-353.6787736615215
4450.770492999317,4952.640818470413,-501.8703254710963
4446.78662848903,5357.204981734142,-910.4183532451125
4448.568484509418,4552.504395860198,-103.93591135077986
4466.180870902307,4725.418750381208,-259.23787947890105
5089.352424475911,3891.617917865167,1197.7345066107441
5094.367979725248,4758.85811599624,335.50986372900843
5087.714720138514,4624.467450749943,463.2472693885711
5072.6822731182665,5387.333929855775,-314.65165673750835
5119.228331739167,4613.540536611212,505.6877951279548
5102.644217598512,5366.302286794689,-263.65806919617717
5095.01492566796,4753.95301018985,341.06191547810977
5092.4667674269085,5127.895171262684,-35.4284038357755
5328.6419248607945,4961.236149749848,367.4057751109467
5345.474552688108,5192.047488713794,153.42706397431357
5338.306681300299,5393.896124401284,-55.58944310098559
4938.786008025494,5129.445972122637,-190.65996409714262
3893.4789139197096,5356.56936294442,-1463.0904490247108
3881.066933226364,4828.736475638693,-947.6695424123291
3888.4146203638047,5406.039135158114,-1517.624514794309
4608.194266508562,5302.3062957709235,-694.1120292623618
4622.346782157881,4650.253678442912,-27.906896285031507
4595.819104425062,5381.749319626679,-785.9302152016171
4603.31752489324,4737.393745135567,-134.0762202423266
4622.488172672274,5136.001809178289,-513.5136365060143
4612.43668693812,5408.220628941664,-795.7839420035434
4603.352283363064,5275.566969184379,-672.2146858213146
4607.911548712518,4490.303519536572,117.60802917594629
4605.90085600362,5316.412621409044,-710.5117654054238
5330.690777684902,4648.9610806083065,681.7296970765956
5327.541055012392,5327.3991622789945,0.14189273339707142
5316.104587133832,5369.633833385227,-53.52924625139531
5340.4136197847,5302.3700464551775,38.04357332952259
5315.975131002226,4807.616785969172,508.3583450330534
5326.295480520738,4158.507756754602,1167.787723766136
5327.679948801084,4588.436369439903,739.2435793611812
5335.026846882951,5136.758617283079,198.26822959987203
5351.263502673805,5141.662034564959,209.60146810884635
4525.604302783199,3887.6274768038165,637.9768259793827
5345.173209583992,4871.840887694898,473.3323218890937
5299.885512270246,4611.028062581656,688.8574496885903
5313.594117849481,4957.6579663809225,355.9361514685588
5324.4516537151,4744.814752939986,579.6369007751146
5305.446011080553,5071.100420278915,234.34559080163763
5296.375322431546,4307.705666345615,988.6696560859309
5323.796154637683,5282.163100188443,41.63305444923935
5315.30655900331,4220.611173276475,1094.6953857268354
5319.618260045611,5371.206233668822,-51.58797362321093
4605.355192495396,4973.501519841465,-368.1463273460686
4597.948738385103,5387.201404874202,-789.2526664890993
4629.1166275733185,5257.526809814446,-628.4101822411276
4625.825071926211,5365.125608956569,-739.3005370303572
4602.213300473737,4386.64617536312,215.56712511061687
4627.863384807231,5305.286764659736,-677.4233798525047
4635.500148075475,3846.7296225699993,788.7705255054761
4620.426733085145,4508.87864870966,111.5480843754849
4620.4935690219845,5328.09821031215,-707.6046412901651
3877.6948428003448,4750.284979979136,-872.5901371787909
3887.738996803152,3909.7082685881205,-21.96927178496844
3889.678424753239,5404.84686232609,-1515.1684375728505
4860.3312858033605,5255.595250631099,-395.26396482773816
4869.549810618649,5356.266651120033,-486.71684050138447
4891.844463219794,5423.37624613136,-531.5317829115656
4876.861306430266,5348.890845030109,-472.02953859984245
4877.48794225058,4584.4409928974865,293.0469493530936
4207.807183098003,5387.954525888063,-1180.1473427900592
4217.254291712708,4973.404974892782,-756.1506831800734
4203.56749229455,4962.288493626772,-758.7210013322219
4215.850754749215,4902.522122158097,-686.6713674088815
4215.575586608074,4971.002136934985,-755.4265503269107
4207.163272660582,5360.470521759996,-1153.3072490994136
4683.618965124099,5394.7899274612155,-711.1709623371162
4713.965618948129,4762.3296205150655,-48.36400156693617
4689.529498797328,5368.729849349025,-679.2003505516968
4718.904487275571,5340.577075720207,-621.672588444636
4699.257827916159,5284.37368323293,-585.1158553167706
4705.559057216471,4635.533755441937,70.02530177453446
5250.41726247771,4830.83859555148,419.57866692623065
5264.441106213842,5278.511022989727,-14.069916775884849
5254.126459683566,4642.113516179001,612.0129435045656
5257.510776723426,5294.012794570465,-36.5020178470395
5246.018581357008,4963.989020283291,282.02956107371665
5263.122408870112,5150.578347349307,112.54406152080537
4714.890749767704,5365.834769197298,-650.9440194295939
4731.291206080703,5326.6513137214215,-595.3601076407185
4713.431673163392,5363.16442016852,-649.7327470051287
4740.404984800781,4935.900130195881,-195.49514539509983
4726.750651923243,5253.724151193876,-526.9734992706335
5352.565983944783,4635.447805884605,717.1181780601773
5346.043757785809,4649.315725327904,696.7280324579051
5348.253353604484,4315.656215905154,1032.5971376993302
5376.709730980927,5245.176148506808,131.5335824741187
5354.746376852548,4630.024193022777,724.722183829771
5341.41685391477,5250.04871790281,91.36813601196081
5354.924825201518,5366.710402801832,-11.785577600314355
4715.097788992087,5130.062217584071,-414.96442859198396
4712.9026520027555,4629.0152882225,83.88736378025533
4732.401106499945,5376.119461205297,-643.7183547053519
4741.489234351872,5136.098505872293,-394.6092715204204
4727.442416882994,4912.265427657161,-184.82301077416741
3819.095315668219,4830.7941254440875,-1011.6988097758685
3817.8778919807037,4516.498968869032,-698.6210768883284
4446.44115439678,5272.335076148514,-825.8939217517345
4445.363081461873,5104.085557438844,-658.7224759769715
4456.88350077597,5404.535172226559,-947.6516714505888
4463.299018862218,5335.844210903686,-872.545192041468
4455.7944425131955,4842.398691293979,-386.60424878078356
4461.819013125078,5010.958286703196,-549.1392735781183
4455.880360048969,4476.565918865771,-20.68555881680186
4448.551816580701,5346.068054370855,-897.5162377901543
5118.3274965256805,3924.1369644115266,1194.190532114154
5112.9471770737655,5321.140932016709,-208.1937549429431
5095.022933853458,5296.024829938573,-201.00189608511482
5098.660559268322,5363.1998827047855,-264.53932343646375
5091.283507661623,4747.454221780493,343.8292858811301
5100.384930989567,4403.066941322889,697.3179896666779
5087.476501751379,5303.062093972191,-215.58559222081203
5100.3104350390095,4736.455360037999,363.85507500101085
5338.1035275380755,4748.047636550765,590.0558909873107
5344.501087440716,5308.967423316766,35.533664123950075
5358.261739703242,5416.723211874078,-58.461472170835805
4921.195446787827,5354.579861510532,-433.3844147227055
3887.9747710054344,4640.357348086612,-752.3825770811773
3888.9095100395516,5373.818483056385,-1484.9089730168334
3884.1210248109105,5289.513971569241,-1405.3929467583307
4589.430352881809,5374.387695898627,-784.9573430168175
4596.630830295903,4958.677267265458,-362.04643696955463
4618.429472770009,5321.37821794607,-702.9487451760615
4609.266700336837,5391.399217855276,-782.1325175184393
4602.948530724289,5300.393150320726,-697.4446195964365
4619.674584045919,3913.4699345691392,706.2046494767797
4599.561203722624,5200.232065434355,-600.670861711731
4600.843671785825,4908.163597869616,-307.31992608379096
4622.05510225825,4775.6930586486715,-153.6379563904211
5337.36220161709,4765.4293698471965,571.9328317698937
5299.941572555035,4227.577898960977,1072.3636735940581
5330.403448089464,5331.329402890504,-0.925954801039552
5315.502442900899,4802.538674841996,512.963768058903
5323.180645892987,4624.928426391649,698.252219501338
5322.115058823474,5364.8913721022145,-42.77631327874042
5327.114509792492,5400.378567129367,-73.26405733687534
5351.263502673805,4774.938058328511,576.3254443452943
5335.021176915418,5407.506195810021,-72.48501889460294
4540.458800744269,5122.742718309535,-582.2839175652662
5322.529841480857,5282.368946874584,40.16089460627245
5336.677226107409,4726.723043032089,609.9541830753205
5330.8791044799955,4634.006413743359,696.8726907366363
5302.604502726122,4614.259521205027,688.3449815210943
5329.319948926026,4633.647465041111,695.672483884915
5308.237856228117,4643.130552500767,665.10730372735
5318.570878947952,4757.34214451178,561.2287344361721
5324.871957343772,5380.519463240714,-55.647505896941766
5335.984070084398,4634.544667726752,701.439402357646
4615.902870798744,4344.487053473663,271.41581732508075
4614.653995133286,5406.653920457331,-791.9999253240449
4613.995260276738,5375.256076803756,-761.2608165270176
4605.0365465627065,4733.343531339685,-128.30698477697842
4612.060832918816,5312.0281722212185,-699.9673393024023
4610.972971781906,5284.696716918828,-673.7237451369219
4609.859633399574,5077.287279001532,-467.4276456019579
4611.276455592907,4564.402635299834,46.87382029307264
4600.134557040887,5154.549527708439,-554.4149706675526
3875.2954341293257,4963.058442699033,-1087.763008569707
3880.189532637968,4831.444351412617,-951.2548187746488
3883.328116933622,5413.097869063288,-1529.7697521296664
4860.3312858033605,5268.437446282758,-408.10616047939766
4885.944257876103,5255.995547802841,-370.0512899267387
4853.347243909427,4709.1537051114,144.19353879802657
4863.523833352007,5116.825499649429,-253.30166629742143
4862.307707911403,4641.60322772792,220.7044801834827
4215.109355119097,5373.957669149889,-1158.8483140307917
4212.886692300795,5325.115100158493,-1112.2284078576977
4239.782264663968,5387.001247910452,-1147.2189832464837
4204.251958134594,5108.70818462167,-904.4562264870756
4221.407155785305,4763.765354835538,-542.3581990502335
4229.044319743474,5386.38459583764,-1157.3402760941653
4691.481584016953,5223.584517799095,-532.1029337821419
4702.65909649203,4642.914073813576,59.745022678454006
4692.2504445381,5257.621375258204,-565.3709307201043
4708.592632110085,4751.440286313347,-42.84765420326221
4689.595274990443,5219.303808006751,-529.7085330163081
4689.79835781975,4625.015696463859,64.78266135589092
5236.9300106205355,5363.637742942197,-126.70773232166175
5250.574549731422,5367.491536230297,-116.9169864988753
5247.240426124177,4743.754443060229,503.48598306394797
5254.343228699707,5125.804279235269,128.5389494644378
5261.268071382133,5224.363693409476,36.90437797265713
5257.702995825268,5313.84891960895,-56.14592378368252
4734.040935034706,5390.004676281215,-655.963741246509
4711.088478128544,5273.64042063651,-562.5519425079656
4741.428298223651,5251.758576670249,-510.33027844659773
4712.696265697952,5304.638195579974,-591.9419298820221
4743.547098819453,5142.925484887857,-399.3783860684043
5360.355974120083,5416.100928654715,-55.74495453463169
5377.353393949294,5287.42628774675,89.92710620254365
5373.946462112707,4676.181286590046,697.7651755226616
5368.52604726329,5409.044182495117,-40.51813523182682
5347.719460994625,4974.034187422397,373.68527357222774
5375.58392013255,4773.429153345685,602.1547667868645
5362.320732009568,4984.436758322487,377.8839736870814
4693.3057819494925,5291.666856736154,-598.3610747866614
4723.853585626838,5278.105690722481,-554.252105095643
4722.430240150229,5300.478470463172,-578.0482303129429
4717.227072258581,4620.946469054666,96.28060320391523
4733.452182599839,4725.576069523404,7.876113076435104
3803.63519829517,5398.553733909658,-1594.918535614488
3791.665083827312,4460.032672142232,-668.3675883149194
4451.57391760403,5276.883806903085,-825.3098892990556
4444.071003705871,3891.2411970620774,552.8298066437933
4450.796173866225,5282.488168235071,-831.6919943688454
4463.571038602185,5125.117072206878,-661.5460336046935
4474.707867904958,5148.50801209772,-673.8001441927618
4454.810924548132,5319.552239648436,-864.7413151003038
4454.327908246381,4739.178744045675,-284.85083579929324
4452.6155006571435,5223.8715451100525,-771.256044452909
5109.704506314705,4751.127592954756,358.5769133599488
5111.703870968368,5294.105893113782,-182.40202214541387
5099.953144758896,5077.843050943753,22.110093815143046
5077.408472335408,5236.78387511443,-159.3754027790219
5101.404101526803,4478.581373361884,622.8227281649188
5112.429692548913,4650.701680892993,461.72801165592045
5091.6139257106215,5366.160586123585,-274.5466604129633
5115.810459412681,5158.774375851646,-42.9639164389655
5330.5300747795045,5371.77645628875,-41.24638150924511
5351.801467901236,4659.564217673362,692.237250227874
5322.421584977203,5215.228382504025,107.19320247317773
4947.24384443839,4639.688470171141,307.55537426724914
3885.8954480815073,5292.72763306366,-1406.8321849821523
3868.3343493700368,5279.6296284512755,-1411.2952790812387
3880.4207523001946,5380.722718322715,-1500.3019660225204
4613.646646914878,5322.4943075374695,-708.8476606225913
4605.039518067671,5281.44591249248,-676.4063944248082
4614.685790456621,4748.818045908761,-134.13225545213936
4625.869116940008,5386.624640077653,-760.7555231376446
4628.5332269489645,4983.8667681885045,-355.33354123953995
4594.951073190515,5336.27672537234,-741.3256521818248
4609.101002310627,5295.96443027201,-686.8634279613825
4600.252713518898,4554.9483794529615,45.30433406593693
4606.974234158733,5263.261526956027,-656.287292797294
5333.02471151208,4852.518463796056,480.5062477160245
5312.7935872849985,4981.2469095148235,331.54667777017494
5321.187761080086,5204.142662082717,117.04509899736877
5307.574304518376,4697.883513401671,609.6907911167054
5304.509795535768,4466.446523259091,838.0632722766768
5318.194340731751,5271.709561535834,46.484779195917326
5345.840403125904,4863.119113508818,482.72128961708586
5309.722290101991,3810.34251872234,1499.3797713796512
5327.667180617662,4655.527228568515,672.1399520491468
4540.911407954312,5388.538117116291,-847.6267091619784
5306.551697839149,5378.9163039408,-72.36460610165159
5319.554829338761,5381.6748981969195,-62.12006885815845
5332.910640417897,4240.412161392116,1092.4984790257813
5319.61278309696,5314.317853576089,5.294929520870937
5318.475812006366,4584.744389663071,733.731422343295
5314.436482796755,5357.418967053984,-42.98248425722886
5341.3033931757855,5301.491013597311,39.812379578474065
5338.014563550375,3921.283539848052,1416.731023702323
5320.7483810165,3823.2753299416213,1497.473051074879
4609.55022410143,4826.446118344541,-216.8958942431109
4612.733226994332,5230.556273483759,-617.8230464894268
4618.8579813286315,5310.404758117651,-691.5467767890195
4600.912709289149,5224.39689551357,-623.4841862244211
4626.016321622101,5282.7127007146755,-656.6963790925747
4610.464827038132,4744.902253481506,-134.43742644337362
4605.376466043769,5379.088090394205,-773.7116243504361
4617.901666135625,5373.912160820696,-756.0104946850706
4603.50478315473,4736.770131700176,-133.2653485454457
3886.159357461789,4907.610102827904,-1021.4507453661145
3877.6192677391637,5277.444471460373,-1399.8252037212096
3879.926287809842,5359.933360109495,-1480.007072299653
4860.3312858033605,3813.163583016581,1047.1677027867795
4883.639906717275,5327.429843872998,-443.78993715572324
4870.319047787027,5299.217728501477,-428.89868071445017
4853.712900243659,3881.5967548639455,972.1161453797131
4879.231822252123,5355.078367644087,-475.84654539196436
4213.875932890533,5131.936312567277,-918.0603796767446
4216.154620060179,4631.4567624896845,-415.3021424295057
4227.689658652166,4776.686791634321,-548.9971329821547
4226.357167081144,5387.3470689733795,-1160.9899018922351
4224.942748853822,4487.9232839002225,-262.9805350464003
4212.129365009319,3904.3817708069737,307.7475942023457
4706.18967197389,5198.129955884508,-491.94028391061784
4711.891805965335,5162.433377557868,-450.5415715925328
4691.846943902501,3900.5509346569324,791.2960092455687
4696.904174629392,4482.023627819528,214.88054680986443
4693.807184229039,4627.2836026839595,66.52358154507965
4707.329827191963,5400.856150470995,-693.5263232790321
5271.479390647071,5179.930802639074,91.54858800799775
5266.2208739283615,5137.384517444038,128.83635648432391
5245.125037505612,4634.175323479363,610.9497140262492
5243.4621328549365,4732.42095078093,511.04118207400643
5258.414076948981,4975.047076354301,283.3670005946806
5236.461388382363,5197.6305858466585,38.830802535704606
4716.429430447614,4751.63649790698,-35.207067459366044
4724.267472247862,4758.454109145597,-34.18663689773439
4720.5755222273065,5311.950895017987,-591.3753727906806
4726.232614405793,5347.649350944629,-621.4167365388357
4727.216984392998,5326.666654394199,-599.4496700012014
5353.891156730823,5317.844782034461,36.04637469636236
5358.354923723059,5297.528405306858,60.826518416201
5362.3388326036375,4747.383425234664,614.9554073689733
5365.141296143329,5315.131805590227,50.009490553102296
5349.6448046136675,5336.12974893974,13.515055673927236
5374.048811055306,4768.536877583252,605.5119334720539
5370.519365933314,5373.866793400327,-3.3474274670134037
4715.46349820705,5290.135813522741,-574.6723153156909
4722.107987868945,5215.765305571703,-493.6573177027576
4730.984224601609,4723.122567686805,7.861656914803461
4705.339804935863,5190.930587009332,-485.5907820734692
4728.753312001477,5330.980759117757,-602.22744711628
3814.6361001538767,5290.405613898459,-1475.7695137445821
3800.3614760522046,4958.323834614753,-1157.9623585625482
4473.634862425408,5297.094870772717,-823.4600083473088
4456.184907774999,4851.322632794278,-395.13772501927906
4440.523921131758,5267.893515672174,-827.3695945404161
4471.537309582217,4492.061992305396,-20.524682723179467
4457.599417729487,5153.54593999397,-695.9465222644831
4447.4786028795625,3895.621152268725,551.8574506108375
4449.093407062108,4749.167446727832,-300.07403966572383
4458.328912322156,5124.5641319165725,-666.2352195944168
5096.183666553901,5384.491569885556,-288.3079033316544
5102.75551092998,5362.301214100923,-259.54570317094294
5112.000341799497,5355.873169166335,-243.87282736683846
5085.389952222762,4704.982899425656,380.4070527971062
5095.01492566796,5390.442234331211,-295.4273086632511
5100.132366726465,4632.381810036175,467.75055669029007
5098.995053950008,5212.567023790324,-113.57196984031634
5121.270096986974,5145.295341322336,-24.025244335362004
5326.197323569875,4611.443657340943,714.7536662289322
5330.573179986651,5300.9298591111865,29.64332087546427
5344.914200608224,5230.571122530776,114.3430780774479
4967.46186251365,4495.847423944206,471.61443856944425
3878.0718859349863,5158.083312362659,-1280.0114264276726
3884.878372397799,5325.800183183214,-1440.9218107854153
3879.7969227768735,5290.114727185208,-1410.3178044083343
4606.779531239345,5084.848376890446,-478.0688456511016
4615.763516951574,5412.11116855102,-796.3476515994453
4617.0956706502775,5130.024379466604,-512.9287088163264
4607.794006695152,4637.33252937189,-29.538522676737557
4627.3814793004185,5429.933577742832,-802.5520984424138
4617.0386635300065,3914.930755130713,702.1079083992936
4620.381774194384,5422.910327197601,-802.528553003217
4612.596849852589,4582.50322741539,30.093622437198974
4633.212100453706,4751.267578583049,-118.0554781293431
5328.596834563036,4911.919853540148,416.67698102288796
5336.070325584648,5275.41211407166,60.6582115129886
5331.623636832029,4722.190350364068,609.4332864679609
5324.865221189905,4637.985452891613,686.8797682982922
5347.262215572888,4830.375721658393,516.8864939144951
5325.254699156574,5146.733045641287,178.52165351528674
5331.942390787097,5389.729207505003,-57.78681671790582
5345.173209583992,5298.51624082931,46.65696875468166
5322.529841480858,5342.11308538621,-19.583243905351992
4525.111563059418,5102.614737824671,-577.5031747652529
5308.610275493395,4738.386337525652,570.223937967743
5337.363526308341,4980.685737512819,356.67778879552134
5324.878680117958,5078.766536611939,246.11214350601858
5335.317402448483,4757.094331233617,578.2230712148666
5320.791704824742,4752.835430702533,567.9562741222089
5324.245283855126,5396.723299066031,-72.47801521090514
5335.243217648277,4638.547513296765,696.6957043515122
5321.405828005857,4966.590764308604,354.8150636972532
5334.878385302631,4648.080535951602,686.7978493510291
4637.016854155513,5144.824056393893,-507.80720223838034
4603.434403496092,3821.0857186867634,782.3486848093289
4602.266764456806,4841.160024319582,-238.89325986277527
4613.175733464352,5005.582151850616,-392.4064183862647
4612.557688967489,5125.93178745893,-513.3740984914402
4597.667724986767,5106.420820544428,-508.75309555766125
4607.285654621242,4756.128799740482,-148.84314511923913
4594.499821248072,5246.57193674377,-652.0721154956973
4600.512880059499,3899.0581727443905,701.4547073151089
3889.797072329766,5379.28105650685,-1489.4839841770845
3881.562196133784,5375.7414537957775,-1494.1792576619937
3887.8604776773013,4752.703916673808,-864.8434389965064
4860.3312858033605,5181.551523254102,-321.2202374507415
4887.707731469785,4756.438454873757,131.26927659602825
4866.8134399602695,4974.643407078525,-107.82996711825581
4897.834302165632,5328.139107300074,-430.3048051344422
4871.287511831406,4479.058515625302,392.22899620610406
4214.217627154516,4565.655905505641,-351.4382783511255
4201.320039522016,4727.567329114914,-526.2472895928986
4216.391490915773,5069.327524488931,-852.936033573158
4203.316604046177,5406.190379613013,-1202.8737755668353
4218.20730242543,5233.789629466167,-1015.5823270407373
4226.815329788072,3915.07009029419,311.74523949388185
4693.136707057403,5335.042220578758,-641.9055135213548
4683.488673014902,4830.390768300469,-146.90209528556716
4688.156170001748,5124.3241534852295,-436.1679834834813
4686.736924334655,4970.58356852543,-283.8466441907749
4700.622673022859,5319.368150605711,-618.7454775828519
4692.956992266109,3900.728232919051,792.2287593470583
5228.379316991509,4609.817925243249,618.5613917482597
5237.875836115643,5124.121490036707,113.75434607893658
5246.478180704073,4907.096409128841,339.38177157523205
5241.84844704012,3892.231282799475,1349.6171642406448
5254.864231038288,5131.94480879736,122.91942224092872
5259.7303454926205,5327.092625750996,-67.3622802583759
4727.391066256844,3668.5801420040984,1058.8109242527457
4736.37741090627,3919.2313022939366,817.1461086123331
4706.838069473397,4741.118594761499,-34.28052528810167
4718.338523507169,4970.8834700762045,-252.54494656903535
4711.5127117344855,5303.449604076518,-591.9368923420325
5338.359925973956,4635.499760476182,702.8601654977738
5366.8734227261175,5423.392883152023,-56.51946042590589
5344.5688888150535,5220.926809198561,123.64207961649208
5368.942944944391,4664.844255902443,704.0986890419472
5360.855823905161,5148.200901219006,212.65492268615526
5367.211820276157,4123.551686659881,1243.6601336162757
5362.39656840564,4749.20500346561,613.1915649400298
4711.935891194491,5199.193746731607,-487.2578555371156
4701.098262119419,5260.709040272654,-559.6107781532355
4715.966275661672,4823.1974325301435,-107.23115686847177
4723.823328296865,5187.935681399105,-464.1123531022404
4720.171400977493,4479.984836208619,240.18656476887463
3809.5163627000074,4664.353733380006,-854.8373706799985
3793.1764415125194,4708.745928328044,-915.5694868155247
4454.645921222874,4473.351519412881,-18.70559819000755
4468.6218555519035,5138.846450582435,-670.2245950305314
4463.049448466574,5317.413460434716,-854.3640119681422
4450.016698337667,4616.396373936268,-166.37967559860135
4448.5855825234385,5110.2479742795485,-661.6623917561101
4487.400974064478,5230.8319334947355,-743.4309594302576
4439.024473138343,5215.374681024618,-776.3502078862757
4445.905320659496,4624.71390289591,-178.8085822364137
5088.985095463091,5196.473154409298,-107.48805894620727
5094.908170418136,5129.989212222087,-35.08104180395094
5109.6922069082875,4747.215924056366,362.4762828519215
5088.428165410812,4700.720677104414,387.70748830639786
5103.342980323005,5231.958842517044,-128.61586219403944
5096.598036194367,5157.130664012426,-60.532627818059154
5105.881978105285,4854.891397592927,250.99058051235806
5089.074379345475,5198.854602632806,-109.78022328733095
5354.634301034918,4651.10335199784,703.5309490370782
5339.698266856347,4740.188289626243,599.5099772301037
5340.1187252086565,4963.55184182378,376.56688338487675
4947.128715213492,4740.825108454762,206.30360675872998
3878.9550516801132,4552.705932473037,-673.7508807929239
3890.276058962504,5319.1983579994285,-1428.9222990369244
3894.6989086033873,5345.307127442826,-1450.6082188394385
4607.1151041696785,4812.93291650232,-205.81781233264155
4607.941639280543,5411.377442325726,-803.4358030451831
4591.965388701693,5197.955424871289,-605.9900361695964
4621.691846168145,4641.582925783789,-19.89107961564332
4602.892641511915,5298.2599840963385,-695.3673425844236
4611.299938258521,5283.436074735068,-672.1361364765471
4611.737004382957,4763.37377465116,-151.63677026820278
4586.702676531387,5357.881233467436,-771.1785569360491
4620.383170178696,5390.313937051352,-769.930766872656
5336.39666702922,4712.4168551722305,623.9798118569897
5311.32901684831,5346.038489110245,-34.709472261934934
5315.892749613163,5220.100189513597,95.79256009956589
5326.85113560074,5289.573453985202,37.27768161553831
5312.901545147054,5222.218861469623,90.68268367743076
5334.3537660341135,4749.662362665984,584.6914033681296
5326.115142555408,4909.638992992312,416.47614956309644
5299.885512270246,4228.203941705567,1071.6815705646795
5336.677226107409,4638.4284571952785,698.2487689121308
4534.500633199625,5314.428834239374,-779.9282010397492
5337.363526308341,4572.410738044305,764.9527882640359
5336.957220904484,5295.2966505047925,41.660570399691096
5311.763727507356,4702.727671450854,609.0360560565014
5337.138462169513,4749.422418510546,587.7160436589675
5325.545711448772,5281.722070702499,43.82364074627276
5342.210333455471,5226.957927862442,115.25240559302893
5320.450843337832,4821.088518101766,499.3623252360667
5335.4487633130175,3911.39906531573,1424.0496979972877
5344.714309805429,5389.515340771855,-44.80103096642597
4622.347100016128,5140.183449269719,-517.8363492535909
4605.213234832952,5358.054267221012,-752.8410323880598
4605.055053723003,5132.50354567864,-527.4484919556371
4606.619919901705,5363.432851932438,-756.8129320307335
4591.660461011566,5057.56472935977,-465.9042683482039
4605.983865375885,5292.8373122104385,-686.8534468345533
4604.164208303252,3902.6171688116833,701.5470394915687
4583.533282063194,4462.784412391514,120.74886967168004
4621.11147169058,4649.782748475413,-28.671276784833026
3885.7974487610577,4635.232500097971,-749.4350513369131
3872.5137387202785,5293.856025506654,-1421.3422867863756
3867.6503124412957,4636.379864225981,-768.7295517846851
4860.3312858033605,5367.516288121526,-507.18500231816506
4863.663658545749,4618.552857536656,245.11080100909294
4854.1588923474665,4825.878395912663,28.280496434803354
4883.43917205264,4770.075312721835,113.3638593308051
4874.904275437802,5379.61166531691,-504.7073898791077
4219.467427279917,5149.152487698447,-929.6850604185302
4217.210411432864,4642.230059555878,-425.0196481230141
4225.236999901776,4722.952270625513,-497.7152707237374
4225.219247646609,5292.290510725283,-1067.0712630786738
4229.1742189180295,5383.38514287595,-1154.2109239579204
4208.921928258013,4555.910823702935,-346.9888954449216
4695.070438779857,5400.217340626746,-705.1469018468888
4698.47071663659,4719.033222849782,-20.562506213192137
4721.852285557147,4783.517328071169,-61.66504251402148
4712.856605012878,5309.903090291805,-597.0464852789264
4699.616938231561,5356.287186835469,-656.6702486039076
4706.8143344807295,5295.5337594191,-588.7194249383701
5245.588265044134,5374.907574314331,-129.31930927019766
5250.80581860229,5127.348313027693,123.45750557459723
5230.166793163783,5339.910631105848,-109.7438379420646
5263.418402333814,4726.414008002808,537.0043943310056
5258.257166480951,4971.478924758262,286.778241722689
5253.690562035287,5238.511249188534,15.179312846753419
4719.642674457551,4965.384520315911,-245.74184585835974
4717.345938495038,5082.171293958607,-364.8253554635685
4730.725575846375,4750.85649754066,-20.130921694284552
4729.281067433878,4838.427606549565,-109.14653911568712
4712.89298329642,5303.744419679303,-590.8514363828826
5357.690502090489,5281.15788924676,76.53261284372911
5354.588351247418,4905.656831697259,448.93151955015946
5393.121799510021,5413.98654315596,-20.864743645938688
5354.050620151506,5157.22055241162,196.83006773988654
5366.755491018096,4635.251567269756,731.5039237483397
5357.61099293094,4637.83780055985,719.7731923710899
5348.136165422669,5405.5561880349105,-57.420022612241155
4735.920320057841,4336.017452706357,399.902867351484
4731.438738794953,5125.745644945969,-394.30690615101594
4733.55563584297,5300.471732112853,-566.9160962698825
4715.842518807343,3898.540137980396,817.3023808269472
4718.479202768397,5120.026794171759,-401.5475914033623
3797.076021737198,5267.222032995574,-1470.1460112583763
3799.1250156176184,4384.267584969024,-585.1425693514057
4456.184907774999,5305.271964465138,-849.0870566901385
4455.121853816602,5302.608697879119,-847.4868440625169
4452.931434893652,5308.661876158985,-855.730441265333
4459.2198767999525,5414.298187693813,-955.0783108938604
4464.239119778507,5320.625637049861,-856.386517271354
4452.9259912857915,5356.3609807197745,-903.434989433983
4461.9891103733535,5228.3248756645025,-766.3357652911491
4459.1806321415115,5070.698424374649,-611.5177922331377
5089.522271508011,3826.3230050292013,1263.1992664788095
5096.248702514474,5377.420089594331,-281.1713870798576
5099.447248026913,4756.194207928304,343.25304009860884
5081.6039922830105,3882.479724352386,1199.1242679306247
5111.388926798396,5406.142104354061,-294.7531775556654
5088.465505032514,5292.80424273615,-204.33873770363607
5100.809579777671,4968.778220018075,132.03135975959594
5104.764700525512,5292.010107632702,-187.24540710718975
5330.718113545763,4954.62135760655,376.0967559392129
5350.005883346981,3665.9276196479873,1684.0782636989939
5341.494067149313,4968.625798062602,372.8682690867108
4933.619916265554,5308.429759471935,-374.8098432063807
3864.8767151148486,4982.635602966383,-1117.7588878515344
3877.9602544641602,5366.219610145831,-1488.259355681671
3875.218741225952,5074.332540267029,-1199.113799041077
4601.734512010736,5114.187816156501,-512.4533041457653
4619.8677639433845,5258.8921637723315,-639.024399828947
4629.864303146878,5322.1491420714965,-692.2848389246183
4615.607761432308,4721.226073038931,-105.61831160662314
4602.022100974201,5311.261930459456,-709.2398294852555
4599.487668049283,4310.926287049466,288.5613809998167
4611.366382564705,5296.269490972602,-684.903108407897
4626.954122666167,5247.022231397157,-620.0681087309904
4615.333442776078,4668.117978266911,-52.78453549083315
5339.4361914058045,5306.753279658798,32.682911747006074
5319.773051572156,4625.444831654596,694.3282199175601
5308.684601927992,4825.216593274968,483.4680086530243
5326.912562604011,5123.763078913283,203.14948369072863
5319.769204442243,5372.792749775321,-53.02354533307789
5336.579896843839,5289.836517510442,46.74337933339757
5319.944837255599,5127.263926033774,192.68091122182523
5313.594117849482,5349.0822013413135,-35.488083491831276
5330.879104479996,4720.114951549257,610.7641529307393
4545.053707501366,5352.499962117032,-807.4462546156656
5324.878680117958,5263.446494597042,61.43218552091548
5311.763727507356,4617.448073032506,694.3156544748499
5330.458250471839,5126.6856359144895,203.7726145573497
5315.440088857151,5127.71310841982,187.7269804373309
5326.299265427479,4915.563330441801,410.7359349856788
5316.93954508992,4627.363815104607,689.575729985313
5319.48864811023,5362.7308754439155,-43.24222733368515
5322.915739223958,4638.592335815462,684.3234034084953
5344.153688345758,5337.317844425307,6.835843920451225
4593.808591929179,5117.331350699582,-523.522758770403
4618.101975669066,4751.017825106911,-132.91584943784528
4605.275565914385,5001.5509163442075,-396.27535042982254
4621.582274168679,5234.326239223162,-612.7439650544829
4614.765349564811,5283.318110586289,-668.5527610214776
4599.540304276013,5190.517854422102,-590.977550146089
4616.744553914053,5130.3199883346315,-513.5754344205789
4603.029761511037,5114.42039285831,-511.3906313472735
4602.768950332217,5282.8121031319215,-680.0431527997043
3890.2455589571923,5286.1453161018,-1395.8997571446075
3873.7177396883694,5273.021981062485,-1399.3042413741155
3867.3806199881024,5264.977199923606,-1397.596579935504
4860.3312858033605,5269.976390606848,-409.6451048034878
4866.463838719084,4423.142803811279,443.32103490780537
4863.968916338916,5062.997448574924,-199.0285322360087
4886.131465272796,5290.165750582922,-404.0342853101256
4868.513948734789,4314.2422196783555,554.2717290564333
4215.956804098143,4636.311794114041,-420.3549900158978
4215.454281926958,4482.865421711648,-267.41113978469
4213.877513126547,4560.72534321825,-346.84783009170314
4227.759818842499,4992.127647875533,-764.3678290330336
4206.277388249271,5151.314613529832,-945.037225280561
4203.380794117608,4670.572247738824,-467.19145362121617
4704.572606101423,3839.9195137749566,864.6530923264663
4683.538242255387,4743.70205983693,-60.1638175815433
4683.7746151442325,3898.428448666296,785.3461664779365
4685.1315576636625,5158.573271875057,-473.44171421139436
4694.18971193962,4831.305346716988,-137.11563477736854
4694.965997604685,5085.676751769504,-390.71075416481926
5233.2726902417,4615.955065028907,617.3176252127932
5261.714285914889,5392.41284365808,-130.6985577431915
5241.610856314053,5309.6318624208525,-68.02100610679918
5263.267596796677,5380.92843533527,-117.66083853859254
5238.778007167664,5213.142835423679,25.635171743985666
5235.507244553569,4618.858424527523,616.6488200260455
4714.361398814423,5280.7415298051565,-566.380130990733
4719.992716929672,5231.930505167696,-511.93778823802404
4719.904529823172,4752.28882095666,-32.38429113348775
4726.215284478968,5296.59431207217,-570.3790275932024
4749.350595752635,5439.286694224098,-689.9360984714631
5358.354923723059,5071.318968284095,287.03595543896427
5364.503296162853,5286.678433206367,77.82486295648596
5368.887317557638,4747.219402960401,621.6679145972375
5362.68071492714,5232.379581392246,130.30113353489378
5357.725058697636,5283.823577839249,73.901480858387
5386.805686709371,5413.088223663343,-26.28253695397234
5354.575029411568,5303.903144017933,50.67188539363451
4745.326035913623,5398.092047279871,-652.7660113662478
4725.084538597583,3905.2988065810828,819.7857320164999
4722.576672029453,4634.952836674604,87.62383535484878
4712.364110109225,4900.463168437738,-188.0990583285129
4737.950363725883,5415.308029444005,-677.357665718122
3822.056039049432,5426.829650424459,-1604.773611375027
3822.736482229084,4647.819054110797,-825.0825718817132
4446.815735684323,4800.000465634628,-353.18472995030515
4467.613920361493,4602.823525782404,-135.20960542091143
4464.865048866085,3912.437704373751,552.4273444923342
4466.363275356106,3913.4905954910214,552.8726798650846
4455.701440201846,5373.3148570661415,-917.6134168642957
4460.120605774982,5066.128304613077,-606.0076988380943
4444.430070824131,4700.36181939652,-255.93174857238955
4460.5328301250465,5398.797591011735,-938.2647608866882
5097.713886375556,5367.834408168402,-270.12052179284547
5097.330615531078,5313.141594170299,-215.8109786392206
5099.873183685193,5293.90097270513,-194.0277890199368
5102.143124923299,4965.725377255287,136.41774766801245
5088.805469367449,4620.955051756299,467.8504176111501
5083.437324615072,4610.489767362202,472.94755725286996
5085.127270809858,4216.169717461174,868.9575533486841
5096.13576593118,4231.562868401695,864.5728975294851
5337.0645283599115,5060.478273204714,276.58625515519725
5340.924469152124,5275.62940591031,65.2950632418142
5335.972974279433,4620.016829121085,715.9561451583486
4955.741760947219,5385.100937934312,-429.35917698709363
3887.549602787828,4815.415258622838,-927.8656558350103
3871.7989484369305,4723.458383814248,-851.6594353773175
3866.153228549315,5270.675267786236,-1404.522039236921
4602.830339245372,4394.07647385215,208.75386539322153
4603.765778827365,5372.948492418138,-769.1827135907733
4605.871647900608,4737.531207285754,-131.65955938514617
4616.8340036413465,4403.403424512836,213.43057912851054
4613.616541372084,5196.373729039297,-582.7571876672137
4603.814112274507,4631.098283229648,-27.284170955140326
4597.769350115979,4470.619259103291,127.15009101268788
4614.371062314439,4746.276234116775,-131.90517180233655
4611.512124078982,4639.899772426588,-28.387648347606046
5331.399656670371,4740.727230181751,590.6724264886197
5344.602776822625,4750.617757673792,593.9850191488331
5355.3469420318725,4515.040130950486,840.3068110813865
5328.863279048638,5252.783485571964,76.07979347667424
5323.366447865855,5087.834191186601,235.5322566792538
5341.221154395953,5361.694223555938,-20.473069159985243
5314.528274589645,5282.347419028408,32.18085556123697
5324.451653715101,5319.215613332885,5.236040382215833
5302.60450272612,5375.502626005795,-72.89812327967502
4532.665747778356,5317.247163372689,-784.5814155943335
5335.317402448483,3848.768339341067,1486.5490631074163
5337.138462169513,5081.759349813804,255.37911235570937
5315.440088857151,5153.724503296477,161.7155855606734
5338.1066187707775,4606.5321645299055,731.574454240872
5308.934213039463,5199.506585296743,109.42762774272069
5309.582635474202,5329.126240245741,-19.54360477153932
5318.348928594091,5406.488696647176,-88.13976805308448
5329.966504927652,5252.383313647235,77.58319128041694
5329.195244569788,4633.683875076565,695.5113694932234
4611.739808716404,5195.310090600766,-583.570281884362
4624.901762851945,5085.613864669117,-460.71210181717197
4607.549534913006,5324.824264674297,-717.2747297612914
4593.92400799286,5299.111334458283,-705.1873264654223
4615.169361056533,5379.438418383816,-764.269057327283
4599.486853653738,3904.5881818499984,694.8986718037395
4618.406477271762,5244.651939747924,-626.2454624761622
4612.8555424787955,4995.073210747786,-382.21766826899056
4615.075455417098,4643.1626679864985,-28.087212569400435
3882.5785463685047,5314.873372955746,-1432.2948265872415
3877.325164395373,4554.3087729680865,-676.9836085727134
3888.519675778417,4827.513579871069,-938.993904092652
4860.3312858033605,4701.691839643099,158.6394461602613
4878.825506766981,4860.563607988422,18.261898778559043
4870.65299324862,5398.776847032104,-528.1238537834843
4855.12233758534,5302.256994638745,-447.13465705340514
4888.879375364274,5008.673805696552,-119.79443033227835
4196.071641458779,5273.500380774326,-1077.4287393155473
4216.5450976271295,4657.8727084737275,-441.32761084659796
4218.242488911458,5160.683249692052,-942.4407607805942
4237.805898429191,5261.8105575842665,-1024.0046591550754
4226.629986401018,4759.056303611239,-532.426317210221
4213.087387313471,5349.937850632152,-1136.8504633186812
4698.385657209941,4730.264847509239,-31.87919029929799
4683.726675170014,5309.727301294017,-626.0006261240032
4702.0265803057855,5356.3399614214695,-654.313381115684
4700.276216040111,5379.582107866697,-679.305891826586
4688.371919319869,4909.12108755769,-220.7491682378204
4700.104270248525,3903.0208662088094,797.0834040397153
5247.810134541448,5367.537170538226,-119.72703599677789
5252.692803167996,4760.430642675734,492.2621604922624
5251.442015824266,3838.215143809154,1413.2268720151114
5239.823599865568,4629.603066635225,610.2205332303429
5236.461388382363,3821.1507128390517,1415.3106755433114
5236.79043239006,5291.858221088019,-55.06778869795835
4717.7849024679,4624.235707500725,93.54919496717503
4723.631716096391,4511.9503833299195,211.68133276647131
4720.592884023938,4758.462427193893,-37.86954316995525
4718.480605317309,5383.36947500757,-664.8888696902613
4726.629483643052,5288.459007340672,-561.8295236976201
5354.38662463367,5261.74935955758,92.63726507609044
5358.847143791632,4630.987898250284,727.8592455413482
5363.69032989408,4818.772137305298,544.9181925887815
5358.9433128163155,5329.937238721792,29.006074094523683
5357.434745968945,5249.880877679982,107.5538682889628
5351.236285882636,5202.996101414362,148.2401844682745
5350.7434402830795,5207.291380435639,143.45205984744007
4722.896193560935,4628.713502105244,94.18269145569138
4727.752455975666,5287.189200527837,-559.4367445521711
4721.504837908846,5135.46369632887,-413.9588584200246
4734.139698646093,5264.356657485072,-530.2169588389788
4735.372085258228,4987.635047368758,-252.26296211052977
3799.3890613830663,5054.927226025999,-1255.5381646429323
3809.6568920522413,5384.84695696306,-1575.1900649108184
4440.523921131758,5142.544213148071,-702.0202920163138
4452.931434893652,5257.907210039259,-804.9757751456063
4463.4149987514475,3833.7892172084094,629.6257815430381
4452.921303999254,5282.240713088469,-829.3194090892157
4443.899777384347,4892.121553974872,-448.2217765905252
4439.284236015243,5244.80495111187,-805.5207150966271
4448.330799058391,4552.651726963054,-104.32092790466322
4462.432912207991,3899.5112115912584,562.9217006167323
5123.554378991816,5183.913183893424,-60.35880490160798
5105.039915435196,5091.926935841554,13.112979593642194
5094.487195326051,4628.067552192357,466.4196431336941
5108.372326452378,5377.849679903375,-269.4773534509968
5092.621593844965,4966.4999449290035,126.12164891596149
5099.297710753369,5315.17055581651,-215.87284506314154
5100.275035491965,3899.2633372524356,1201.0116982395298
5102.167744436543,4853.785932740248,248.3818116962948
5328.060176506433,4552.17789597878,775.8822805276532
5366.816960760776,4762.85854904328,603.9584117174963
5332.555261524645,5359.1673280222285,-26.612066497583328
4939.912005892293,5407.105589789297,-467.1935838970039
3880.586665748374,4971.8734373901225,-1091.2867716417486
3888.1709200847376,5231.645776488186,-1343.4748564034485
3877.8561615927856,4704.888233787946,-827.0320721951603
4598.8893530384885,4820.873590258709,-221.98423722022017
4604.41396723767,4712.361913865688,-107.94794662801814
4609.28241786377,4727.309056467945,-118.02663860417488
4610.344338029747,4638.58932510193,-28.244987072182994
4597.703836567435,5331.145257124609,-733.4414205571738
4617.848999720004,4992.177395936994,-374.32839621698986
4614.560157185338,5223.6909506478905,-609.1307934625529
4626.501155787417,5264.589230676601,-638.0880748891841
4597.01614808249,5193.005431886034,-595.9892838035439
5325.9046718981635,5281.642858122722,44.261813775441624
5312.095383355406,5400.767878194708,-88.67249483930209
5345.362374807747,4646.529405609936,698.8329691978115
5334.925257506686,4640.787108432713,694.1381490739732
5328.888258532012,5410.703951176919,-81.81569264490736
5322.300201789851,4508.831204528983,813.4689972608676
5338.151233323661,5004.070295986293,334.0809373373677
5305.446011080553,5393.310487856701,-87.86447677614797
5329.319948926027,5241.409189511549,87.91075941447798
4528.938366672798,4956.034976422183,-427.0966097493847
5320.791704824742,5355.771496350282,-34.97979152554035
5325.545711448772,5266.4562980279625,59.08941342080925
5326.299265427479,4738.185040703566,588.1142247239131
5308.934213039463,5263.899729872947,45.03448316651611
5320.927463345117,4349.343595273428,971.5838680716888
5358.171500738849,5194.705857292424,163.46564344642502
5336.876254921513,4632.704005430818,704.1722494906944
5342.881371860282,4773.558746639875,569.3226252204076
5323.340247056974,5317.9820833047,5.358163752273867
4599.865052964004,5223.868025775349,-624.0029728113459
4610.888923380964,5073.680421299934,-462.79149791897
4601.682157699775,4800.703147442494,-199.02098974271848
4614.17265163171,4975.390686210552,-361.218034578842
4600.441569724534,4553.737296878769,46.704272845765445
4606.470800672111,4753.878962309132,-147.40816163702038
4621.07064123675,3835.9956739908143,785.0749672459356
4616.233868355575,3912.7134265543905,703.5204418011849
4612.451570017285,5396.4805677072645,-784.0289976899794
3881.688866719954,5130.26978737461,-1248.580920654656
3860.4933744262253,3808.157816535939,52.335557890286054
3894.506631203777,5392.581406682978,-1498.074775479201
4860.3312858033605,5359.247722197568,-498.91643639420727
4874.334712508564,4593.473047447038,280.86166506152585
4873.175344711787,5069.178419905514,-196.00307519372654
4890.698215072179,4577.913089819287,312.7851252528917
4875.95893838978,5281.337411498995,-405.3784731092146
4215.452026500063,5325.555539856398,-1110.1035133563355
4202.014666167806,5070.841458425991,-868.8267922581845
4221.236871208467,5320.475874577028,-1099.2390033685606
4209.398809632985,5111.79941739547,-902.4006077624854
4209.601952790257,5284.21042967369,-1074.6084768834326
4234.499860212407,5431.168422814379,-1196.6685626019716
4701.001272900303,5127.6038649396305,-426.60259203932765
4689.103863445506,5108.9596447824,-419.8557813368934
4708.655202412434,5370.093227291308,-661.4380248788739
4683.786500209346,5296.81323076823,-613.0267305588841
4697.087258306234,5406.479726469301,-709.392468163067
4699.314906781557,4746.7672185313895,-47.452311749832916
5263.488002326308,5357.015800147923,-93.52779782161542
5246.47598366893,5119.2423270378995,127.2336566310305
5245.584755724996,4632.411322736749,613.1734329882474
5256.967728549477,5142.562984096746,114.40474445273139
5249.032359030515,5321.8524399643,-72.820080933785
5239.888372327773,4626.834862624598,613.0535097031752
4723.456444340465,4995.5703566161765,-272.1139122757113
4724.529967367305,4639.882764170644,84.6472031966614
4713.824723357642,5368.296439783404,-654.4717164257618
4712.578152101946,4841.394067228602,-128.81591512665545
4727.832964332622,5231.146086850949,-503.31312251832696
5363.875950319947,5405.187681969807,-41.31173164986012
5351.701533790379,5386.485578304498,-34.78404451411916
5375.963100540698,4404.522328428653,971.4407721120451
5362.138465046905,4343.681530044904,1018.456935002001
5362.10907601422,4633.987643838461,728.1214321757589
5345.444364332749,4732.298701685735,613.1456626470135
5362.0413701320595,4835.430522057095,526.6108480749645
4715.296424245401,4846.78650821286,-131.4900839674592
4726.278228967358,5326.173495779377,-599.8952668120191
4709.051391985265,5267.996643398691,-558.9452514134264
4720.448866668422,4396.808928270952,323.63993839747036
4734.784682349813,4978.870667713408,-244.08598536359477
3792.1863293252277,4944.408332944588,-1152.2220036193607
3805.256188655449,5064.480720935148,-1259.2245322796994
4456.318440130364,5287.390113329924,-831.0716731995599
4465.535123354241,3914.514790539266,551.0203328149746
4450.977789833789,5356.602385741115,-905.6245959073258
4458.468398721295,5185.794000195104,-727.325601473809
4451.831727103058,5301.521088376246,-849.6893612731874
4452.908057637443,5309.468091165697,-856.5600335282543
4448.1987933635455,5374.771955562714,-926.5731621991681
4463.124466455729,5294.302939402745,-831.1784729470164
5113.56660401067,5132.836001175661,-19.26939716499146
5105.078664416556,5140.160957687252,-35.08229327069603
5088.002959781766,4625.380470844269,462.6224889374962
5104.41214165183,5125.416095679381,-21.003954027551117
5098.007857270194,5365.969255388279,-267.9613981180846
5096.987015926676,4829.924649088772,267.06236683790394
5100.984730540392,5347.643086884112,-246.6583563437198
5100.66277524472,4160.573888625424,940.0888866192963
5341.165631709984,5222.490654456282,118.67497725370231
5345.755093653922,5003.753182313436,342.001911340486
5330.594006601154,4730.021250207548,600.5727563936061
4941.360773305403,4751.203837608291,190.1569356971122
3894.308918791684,4755.32015904803,-861.0112402563464
3872.7232565452014,5368.861455949723,-1496.1381994045214
3875.5465631752327,4622.363452933954,-746.8168897587216
4612.148840654717,4989.814292983337,-377.6654523286197
4608.714366447264,5396.405414180565,-787.6910477333004
4603.507679480186,4722.887642795257,-119.37996331507111
4597.269000482117,5386.311873018885,-789.0428725367683
4591.065364081237,4543.518295839275,47.547068241961824
4605.146526450311,4397.278577065214,207.86794938509684
4608.712589064629,4628.456216293319,-19.743627228689547
4601.056945535379,4803.805855046494,-202.74890951111502
4627.873728944361,5136.735512096868,-508.8617831525071
5326.967119265827,4632.882408184892,694.0847110809354
5324.757889818113,4961.165953464393,363.5919363537196
5327.041644139652,4629.786652154243,697.2549919854091
5330.81493958625,4907.6739966466275,423.1409429396226
5348.709296605597,5339.59426014304,9.115036462557327
5311.469707050326,5073.436073988418,238.0336330619084
5319.469512526414,4624.4101280776895,695.0593844487248
5296.375322431544,4530.7447811164875,765.6305413150567
5308.237856228119,5213.03903485606,95.19882137205877
4524.8565173495535,5199.364898794653,-674.5083814450991
5324.245283855126,4334.489326496641,989.7559573584849
5342.210333455471,5335.992639102035,6.217694353435945
5316.93954508992,4747.624179637813,569.3153654521075
5309.582635474202,4627.57701617811,682.0056192960919
5358.171500738849,5409.212144231701,-51.040643492851814
5340.759711488894,5224.637684368099,116.12202712079488
5320.82930202505,5373.522643635625,-52.69334161057486
5339.614098594363,5376.278841993616,-36.664743399252984
5317.482513049489,4732.085339123058,585.3971739264316
4621.981805003799,4490.760970481898,131.22083452190145
4614.860973937985,4642.126291285497,-27.265317347511882
4614.442367674139,5326.888378111811,-712.4460104376722
4617.711448856339,5386.0388055609355,-768.3273567045962
4603.366274408977,4957.171116712243,-353.804842303266
4614.818775827631,5126.156627397505,-511.33785156987415
4597.453342117328,5359.287471661696,-761.8341295443679
4595.762773516657,4594.007289566998,1.7554839496588102
4626.216140842729,4648.549186113059,-22.33304527032942
3878.03413366468,5307.756472636782,-1429.7223389721016
3881.1869860794195,5084.137971285845,-1202.9509852064257
3879.492837559085,4230.530751399094,-351.03791384000897
4860.3312858033605,5277.694198192132,-417.3629123887713
4874.465258527297,5136.601619692149,-262.13636116485213
4873.355221641973,4477.56636436546,395.7888572765132
4869.234863026043,4472.760731606066,396.4741314199773
4892.800968366602,5299.555733243122,-406.7547648765194
4229.905402852164,4982.209932523077,-752.3045296709133
4220.345692880927,4645.180146498505,-424.8344536175773
4207.543914278736,5359.520486503675,-1151.9765722249385
4218.650030123755,5141.776418316938,-923.1263881931836
4218.817821553422,4628.918303722077,-410.1004821686556
4218.707855729345,4640.85195512421,-422.1440993948645
4691.784686377133,5411.127957203064,-719.3432708259315
4707.192640057856,3913.241785190583,793.9508548672729
4677.809849231096,4612.796625481383,65.01322374971369
4693.807184229039,4627.2836026839595,66.52358154507965
4704.390221665501,4971.233740142658,-266.843518477157
4701.9982516378295,4977.436717364202,-275.43846572637267
5237.875836115643,5273.43805148305,-35.56221536740668
5228.740284099275,5264.410459510656,-35.670175411381024
5258.841141495906,5393.424199481796,-134.58305798588935
5233.263521514332,5353.453736148061,-120.19021463372883
5260.880106726339,4404.218791733195,856.6613149931445
5262.74243740326,4647.639236778588,615.1032006246714
4722.514692039029,5319.607752797135,-597.0930607581058
4709.951737130792,5360.773453855332,-650.8217167245402
4709.202507704963,5395.248568419237,-686.0460607142741
4693.505332470913,4600.082594079184,93.42273839172958
4738.696380452093,3914.466503625917,824.2298768261758
5362.3388326036375,4659.060497037054,703.2783355665833
5368.887317557638,4858.238182620772,510.6491349368662
5359.442675004035,4405.292126647474,954.1505483565606
5380.430892582385,5303.158774159366,77.27211842301949
5346.769205802498,4732.326927994653,614.4422778078451
5340.237758852241,4740.702197876827,599.5355609754142
5336.289351285616,5307.364216458091,28.925134827525653
4717.598049649746,5187.825728061001,-470.2276784112555
4723.232326448741,4629.865257862502,93.36706858623893
4738.797909263311,5421.640501769236,-682.8425925059246
4709.9273155877645,5212.058065210759,-502.1307496229947
4719.218149324899,5304.594025629093,-585.3758763041942
3802.087368823171,5380.121035816087,-1578.033666992916
3810.16544324773,4766.556002913967,-956.3905596662371
4471.537309582217,4822.210688992,-350.6733794097827
4459.2198767999525,5345.812476036041,-886.5925992360881
4452.921303999254,5280.933427866124,-828.0121238668698
4445.542036713337,3890.4431865658935,555.098850147444
4463.457334710162,5203.77700015148,-740.3196654413177
4449.014339285057,4841.38658979116,-392.3722505061032
4448.842503327277,5257.841637052217,-808.9991337249403
4458.840730578969,5121.197967130002,-662.3572365510336
5103.150239377837,4744.491229448449,358.65900992938805
5103.342980323005,5278.954623629153,-175.61164330614793
5094.258850134307,5278.056580624649,-183.79773049034156
5095.869385740197,4743.043863003045,352.8255227371519
5097.500260922665,5258.223754009531,-160.72349308686626
5107.1016324504535,5071.924493051702,35.17713939875193
5101.592354180953,4850.160524673255,251.43182950769824
5083.126789282109,3883.617255711598,1199.509533570511
5335.972974279433,4750.104305817031,585.8686684624026
5357.330204764193,5081.774649681156,275.5555550830368
5340.135192642947,5136.463044369246,203.67214827370117
4935.485282596168,5291.811454383255,-356.32617178708733
3883.9158000221205,4965.6384779133905,-1081.72267789127
3886.414500086663,3834.769436253123,51.64506383354001
3888.279428413459,4748.702049077734,-860.4226206642752
4619.958148226259,5081.409944521539,-461.45179629527956
4616.990488886018,5419.430515956971,-802.440027070953
4606.780037836753,4486.614956703901,120.16508113285181
4586.702676531387,3887.4148879991403,699.2877885322464
4614.958360204476,4910.1979924903035,-295.2396322858276
4611.2991973225135,3904.2066661244335,707.09253119808
4603.7459965173475,4755.268469639831,-151.52247312248346
4602.618633179618,4648.060760862351,-45.44212768273337
4632.484064934246,4768.350317391696,-135.86625245745017
5320.324788791408,4628.719352923841,691.6054358675665
5325.617012421443,4396.905741169386,928.7112712520575
5332.777903028525,5401.315678314467,-68.53777528594219
5325.323494566594,4758.70787557946,566.6156189871335
5333.726781200174,5321.092087079379,12.634694120794848
5308.763499691543,5361.873178155772,-53.10967846422864
5323.241780906644,5404.854906839408,-81.61312593276398
5323.796154637683,5318.2968146295025,5.4993400081802974
5318.570878947952,4636.954598418951,681.6162805290014
4557.15978385677,4415.283914892265,141.87586896450557
5335.243217648277,5244.649161057493,90.59405659078402
5320.450843337832,4835.707275603674,484.7435677341582
5319.48864811023,5134.511536618215,184.97711149201496
5318.348928594091,5392.630077053975,-74.2811484598833
5336.876254921513,4641.745362417651,695.1308925038611
5320.82930202505,5290.527337788675,30.30196423637517
5336.0750190302715,5089.726972654516,246.34804637575508
5329.136570142073,4635.327840973825,693.8087291682477
5311.874844944144,5056.954837158867,254.92000778527654
4612.480440354804,4582.873224501266,29.607215853538037
4595.962355578239,5273.205357943324,-677.243002365085
4599.0114544658845,4618.921581227992,-19.91012676210721
4614.951961333184,4495.264933269432,119.68702806375222
4586.905679106218,4822.744574549267,-235.8388954430493
4614.536758239515,5391.1472148733565,-776.6104566338417
4609.738218030881,5067.922910985459,-458.18469295457726
4600.609495576725,5259.113808548602,-658.504312971877
4617.213715014942,5286.61245631384,-669.3987412988981
3882.053025844884,4984.756364610072,-1102.7033387651877
3902.6838008563514,5317.2532424886385,-1414.5694416322872
3877.7337041318046,5284.0420664129415,-1406.3083622811369
4860.3312858033605,4730.444274480631,129.88701132272945
4865.7887924984825,4477.012604813584,388.7761876848981
4872.693649796528,4627.378056743012,245.31559305351584
4871.902783622021,5228.930709218327,-357.027925596306
4862.872762101449,4469.061341067007,393.811421034442
4217.393297874787,5329.015767210656,-1111.622469335869
4219.787105846808,4911.371295154131,-691.584189307323
4241.843088462359,4772.661197273282,-530.8181088109222
4229.635542605144,4827.486965199089,-597.8514225939452
4202.987923967636,4501.513817936809,-298.525893969173
4204.391618640226,4549.158131365463,-344.7665127252376
4694.54272812387,4905.545071194961,-211.00234307109076
4691.846943902501,4624.272271240475,67.57467266202639
4709.601389394901,5428.859883901778,-719.2584945068766
4685.911861557249,5128.891626322271,-442.9797647650221
4698.620916963969,4638.354507445039,60.26640951892932
4704.654207438547,5289.811755133529,-585.157547694982
5251.242991870704,5251.2985206244075,-0.05552875370358379
5256.331188996388,5215.0225997566895,41.30858923969845
5263.0549625258545,5396.522279734974,-133.46731720911976
5254.807045402714,5398.30636446518,-143.49931906246638
5237.391749323037,4470.240024360815,767.151724962222
5240.248435497485,4225.720987982988,1014.527447514497
4717.333162873374,5127.873699651362,-410.54053677798765
4726.232614405793,5079.271523225676,-353.03890881988264
4722.270683274965,4628.310740654113,93.95994262085242
4718.439931417411,5358.696886554727,-640.2569551373163
4736.307721108433,5386.301805522306,-649.9940844138728
5358.1630566690565,4393.626455826333,964.5366008427236
5345.333076966569,5378.132215330523,-32.799138363953716
5384.4965754650775,5441.367008196898,-56.870432731820074
5355.510855878402,3661.9307816925343,1693.580074185868
5373.435507483156,5307.684311529053,65.75119595410251
5381.37805984789,4780.917821154672,600.4602386932174
5368.50387147709,5308.627091656954,59.87677982013611
4730.8567011422765,5316.750157323632,-585.8934561813558
4728.753312001477,4976.939310620001,-248.18599861852454
4729.389241872365,5151.824005844627,-422.43476397226186
4729.280507580801,5237.20464539553,-507.92413781472897
4718.121014086427,4751.773492190424,-33.652478103997055
3811.3086266550313,5231.897475297705,-1420.5888486426734
3810.282791516095,4563.740103094999,-753.4573115789035
4447.909439952051,4626.000858415408,-178.0914184633575
4474.402652542856,5335.877777790267,-861.4751252474107
4460.556130223897,4162.568741493418,297.9873887304784
4448.69777955769,5065.036552838914,-616.3387732812234
4474.311550968605,4577.188284011961,-102.87673304335567
4464.203299091976,5386.587904814001,-922.3846057220253
4470.485703428594,5223.555893252092,-753.0701898234975
4467.93199637167,5221.349570974376,-753.4175746027058
5108.101861655579,5127.601854038819,-19.49999238323926
5100.701021675818,4744.841620761582,355.8594009142362
5092.048585401429,4737.989659060112,354.0589263413167
5092.21211070587,4719.26071087515,372.9513998307202
5103.952508870343,4754.97087614474,348.98163272560305
5126.544841964205,4509.959609464894,616.5852324993111
5118.9858296732145,4761.642213031562,357.34361664165226
5105.081558609491,5168.0844860243715,-63.002927414880105
5322.781078870884,5325.430714331884,-2.649635460999889
5323.23582569998,3820.3553480709197,1502.88047762906
5340.533630033332,4741.386127805967,599.1475022273653
4943.475474632708,4752.909780005202,190.56569462750576
3883.1114329824313,5405.005588878761,-1521.8941558963297
3864.0092084834837,4711.603541554896,-847.5943330714122
3905.2825947672795,5276.925265424925,-1371.6426706576453
4611.229307964371,5372.616165799769,-761.3868578353977
4617.616465227474,4568.881953303516,48.73451192395805
4597.732403143067,4617.057528716812,-19.325125573745026
4607.018166792712,4593.452959083041,13.565207709671085
4626.001250366237,4777.24981907172,-151.24856870548228
4611.145848492468,5420.90529902113,-809.7594505286625
4594.801312702754,5270.719873275083,-675.9185605723287
4627.543878817821,4864.738331227677,-237.19445240985624
4600.887809839888,4960.436223340423,-359.5484135005345
5322.5668032006215,4638.8969405489,683.6698626517218
5323.419034372742,5314.102055542341,9.31697883040124
5334.1514134366325,4646.810357014264,687.3410564223686
5325.858749817398,5360.467585327781,-34.60883551038296
5320.166296907875,5185.117571595646,135.04872531222918
5317.0373304221575,4624.420105097461,692.6172253246968
5323.117993779062,4966.12727660445,356.99071717461175
5315.306559003311,4733.488055975863,581.8185030274481
5324.87195734377,4479.775825754479,845.096131589291
4551.664543581059,5221.755295681505,-670.0907521004465
5321.405828005857,3656.5281358247953,1664.8776921810618
5335.4487633130175,5218.842278009992,116.60648530302569
5322.915739223958,4971.521046711117,351.39469251284027
5329.966504927652,5396.645140118537,-66.67863519088496
5342.881371860282,5182.109421969515,160.77194989076725
5339.614098594363,5402.599798142882,-62.985699548518824
5329.136570142073,5131.777868424729,197.35870171734405
5319.7124946781605,4623.758465012839,695.9540296653213
5325.33388559408,5319.2931420658415,6.040743528238636
4624.82898139443,4593.609495328277,31.219486066152967
4613.044756955194,5301.836748793401,-688.7919918382067
4612.740625731794,5071.806386247818,-459.06576051602406
4617.711534562355,4992.574035901577,-374.86250133922204
4603.528142986044,5311.399076488661,-707.8709335026169
4585.816091941389,5061.099218830928,-475.28312688953974
4617.811227338117,5282.861371960273,-665.050144622156
4613.248945330324,4105.684310713172,507.5646346171525
4618.352296021271,4768.811307417652,-150.45901139638045
3895.752528900267,5152.9512932612415,-1257.1987643609746
3884.606510850852,4730.037738893661,-845.4312280428094
3870.0188314668867,5351.843711732258,-1481.8248802653716
4860.3312858033605,5371.424182550381,-511.09289674702086
4883.54861357809,5173.861596500359,-290.31298292226893
4889.1063423822725,5107.723952859848,-218.6176104775759
4884.5438405200375,4755.972427826866,128.57141269317162
4890.047832046229,5095.129816951246,-205.08198490501672
4238.158290813198,5374.275138078542,-1136.1168472653444
4204.473896117274,5140.371624211817,-935.8977280945428
4206.983793477728,4624.454130080262,-417.4703366025342
4212.9307815524535,5324.454292186937,-1111.5235106344835
4211.7547631858215,5313.597673647385,-1101.8429104615634
4207.236787993244,3823.4786913057073,383.7580966875371
4677.932836129045,5274.002491161749,-596.0696550327038
4695.204343503509,5162.826113101385,-467.62176959787575
4682.394688843937,5273.934853476856,-591.5401646329192
4685.5723564214295,4970.752237336614,-285.1798809151842
4679.796975554809,5346.369119784346,-666.5721442295371
4693.419872684087,4756.3526461332385,-62.93277344915168
5253.50032519721,5137.72264391975,115.77768127746003
5259.778229516218,4663.213901425857,596.5643280903605
5237.801377214302,4702.250480083347,535.5508971309555
5244.0201580661505,4984.589064438748,259.43109362740233
5241.639960310207,5335.4678111344065,-93.82785082419923
5243.880680939329,5363.794485785993,-119.91380484666388
4707.0308641515485,5291.940437046603,-584.9095728950542
4725.488421251216,4630.295906735552,95.19251451566379
4712.342413805755,5314.618587080195,-602.2761732744393
4737.039949322948,4651.2557201599975,85.7842291629504
4715.732642013482,4844.930284696296,-129.19764268281415
5348.966537470006,5251.596129787631,97.37040768237512
5359.522329222341,4738.502337961077,621.0199912612643
5364.441265239407,5287.394189423747,77.04707581565981
5339.931829570774,5173.823929766806,166.1078998039684
5351.992398988671,4965.264823178549,386.7275758101223
5357.962818550819,5121.532411265722,236.43040728509732
5356.087919304034,4633.707653910433,722.3802653936009
4741.207685498125,4647.7141483156,93.49353718252496
4705.205426934919,5366.577715994407,-661.3722890594881
4717.563630969686,4958.7617969146,-241.19816594491476
4712.46766558019,5405.401858753923,-692.9341931737326
4718.3342285787085,5227.105928580591,-508.7717000018829
3829.7869027220763,5232.740726045078,-1402.9538233230019
3803.6932946882953,4842.398691293979,-1038.7053966056837
4457.599417729487,5271.635664113854,-814.0362463843667
4464.239119778507,4908.55155418195,-444.31243440344315
4443.899777384347,5269.625024858731,-825.7252474743846
4463.457334710162,5413.699356656886,-950.242021946724
4470.979255625851,5434.499493649389,-963.5202380235378
4466.669999584513,5269.852395798032,-803.1823962135195
4461.442488883059,5408.500098375723,-947.0576094926637
4479.672805126579,5090.069170721326,-610.3963655947473
5107.394933474118,4733.948991887124,373.4459415869942
5116.1499547762205,4842.682883381385,273.46707139483533
5088.370821337543,4745.484273580777,342.88654775676605
5106.6121076073105,4989.633848679694,116.97825892761648
5089.417410331433,5365.490172984828,-276.07276265339533
5109.0545589188705,4834.273027508904,274.7815314099662
5115.678804840758,4119.433047115402,996.2457577253563
5108.877264631631,4974.124623103277,134.7526415283537
5359.868467207627,4981.238146406233,378.6303208013942
5341.7448588069765,5359.465118458618,-17.720259651641754
5366.029799750702,4829.627813594663,536.4019861560391
4939.63068411023,5223.767642652434,-284.1369585422044
3891.2768766265262,3914.5554999126557,-23.27862328612946
3902.1283269470905,4762.182026332521,-860.0536993854303
3902.840520419817,5323.194490525158,-1420.3539701053405
4585.497789354485,5294.630217491844,-709.132428137359
4597.703836567435,4549.918572413336,47.78526415409942
4619.218321312631,4980.286791295644,-361.06846998301353
4587.066700813528,5348.046680253121,-760.9799794395931
4589.140992939042,3889.7095926802363,699.4314002588058
4612.95371732649,4758.822298942162,-145.86858161567216
4610.966749780116,4831.62401892504,-220.6572691449246
4617.296112010485,5381.277002582262,-763.9808905717773
4603.500976761894,4977.563847657336,-374.06287089544185
5328.5501238704055,4625.83957212627,702.710551744136
5343.977044536665,5180.811496133372,163.16554840329263
5334.6438577672025,5378.09778312712,-43.453925359917775
5323.825067148745,5281.399190708199,42.425876440545835
5326.935045779676,5123.634492297221,203.30055348245514
5337.663909112559,5240.0503962970815,97.6135128154774
5314.665927940859,5294.337474622122,20.328453318737047
5319.618260045611,4985.759366512322,333.8588935332891
5335.984070084399,4497.2719201244445,838.7121499599543
4533.92950518871,4836.263351590826,-302.33384640211534
5334.878385302631,4738.813768402675,596.0646168999556
5344.714309805429,5340.514701782428,4.199608023001019
5344.153688345758,3909.4653354096044,1434.688352936154
5329.195244569788,5193.443289814652,135.75195475513556
5323.340247056974,5117.333194766274,206.0070522906999
5317.482513049489,5273.82444879439,43.65806425509891
5311.874844944144,4616.376508681086,695.4983362630574
5325.33388559408,5346.431954448217,-21.098068854136727
5332.767528271781,3900.55691977176,1432.210608500021
4615.190688131066,4766.201105976927,-151.0104178458605
4606.959288825305,5309.972457596607,-703.0131687713019
4613.419052977335,4835.090559324807,-221.67150634747213
4607.431975866582,4558.113931928378,49.31804393820403
4608.145098925609,4969.196329706727,-361.05123078111774
4618.054962133234,4638.803626248102,-20.748664114868006
4593.713462350448,5269.320404837281,-675.6069424868328
4624.253499629983,5392.241526114244,-767.9880264842614
4613.467371685435,4721.801543328997,-108.3341716435616
3891.8596140947784,4846.64144778322,-954.781833688442
3879.0112968357475,4229.718841273243,-350.70754443749547
3888.2074263791637,5327.247244720196,-1439.0398183410325
4860.3312858033605,5367.516288121526,-507.18500231816506
4890.128668743657,5397.040787165452,-506.91211842179473
4875.21120731209,4399.860202729345,475.3510045827452
4868.683425033616,4472.251303520947,396.43212151266926
4875.193649684187,4564.377204588409,310.81644509577836
4220.734253264773,4488.722391412039,-267.988138147266
4223.621008242404,5147.879187974491,-924.2581797320872
4211.431715769285,5210.20111166753,-998.7693958982454
4231.361615679229,5404.1976237932895,-1172.8360081140609
4224.488896986553,5306.463303233182,-1081.9744062466289
4219.519972795025,5250.078421443647,-1030.5584486486223
4687.197281496146,5289.604960141563,-602.407678645417
4705.719279660227,5258.641352606312,-552.9220729460849
4699.778220220889,3837.104784267311,862.6734359535781
4693.1101468897095,5280.924653738872,-587.8145068491622
4691.164949217021,5261.070062061585,-569.9051128445644
4703.177837356465,5337.203944539124,-634.026107182659
5245.34111984801,5187.019339226244,58.321780621766266
5247.291150250756,5233.592295892837,13.698854357919117
5248.953008801633,5119.0316828508285,129.9213259508042
5260.74631067013,5405.89237753814,-145.14606686801017
5269.3219183728,4991.484957187244,277.836961185556
5249.414365493137,4806.9089417370105,442.5054237561262
4730.167538252052,4721.788382705066,8.379155546985203
4726.2133655781145,5371.34743765285,-645.1340720747357
4722.18639868712,4634.658389678741,87.52800900837974
4732.801217735439,4768.46772495808,-35.666507222640575
4717.681184192577,5202.774011841239,-485.092827648662
5365.141296143329,4728.538463404122,636.6028327392069
5362.68071492714,4719.763213195596,642.9175017315438
5380.430892582385,5274.450923141702,105.97996944068291
5356.420826804891,5376.900839942284,-20.480013137393144
5366.273960881565,5353.53871906675,12.735241814814799
5356.506278879427,5413.162836801328,-56.65655792190137
5366.797423649611,5391.240505308321,-24.44308165871007
4727.090764662131,5307.062119223071,-579.9713545609402
4726.236927250987,4630.83392410708,95.40300314390697
4732.222272476626,4644.689235957081,87.53303651954502
4720.380095432643,5207.840124713041,-487.460029280398
4721.86175321304,5313.297281779081,-591.4355285660404
3812.179933819763,5290.434553173062,-1478.2546193532994
3788.5199047739807,4720.837593325067,-932.3176885510866
4445.139891791735,5108.980611258587,-663.8407194668516
4451.25340280909,5358.193138704489,-906.9397358953984
4473.444424044113,4650.179321440348,-176.73489739623528
4456.726154314207,5233.173984064513,-776.4478297503065
4445.270371280164,4743.11977875156,-297.84940747139626
4454.34087841813,4622.767447278178,-168.42656886004806
4449.79838339211,5294.87138233684,-845.07299894473
4450.2175396725415,4644.080248234346,-193.86270856180454
5101.059727314424,5379.512941510952,-278.4532141965283
5094.142860918652,5368.47254159581,-274.32968067715774
5100.087548845074,4715.359872628676,384.7276762163974
5100.784911347251,4851.078970641761,249.70594070549032
5113.932098500644,5388.8167410429705,-274.8846425423262
5127.986047280394,5149.100502991924,-21.114455711530354
5096.39030155677,4633.719256347943,462.6710452088273
5114.685208861375,4753.263960974004,361.42124788737146
5345.557184421347,5402.81862652874,-57.26144210739312
5337.917635736002,5313.561023948981,24.356611787021393
5341.419000605577,3905.945620066321,1435.4733805392557
4945.996106473084,4634.98807887956,311.0080275935243
3880.726877691993,3902.757610295478,-22.03073260348492
3905.115056804937,3926.3973142003565,-21.282257395419492
3873.5619414617513,5280.15696264435,-1406.5950211825984
4595.465098535834,4223.6875283952795,371.7775701405544
4601.241084443186,4629.470167085085,-28.229082641899367
4613.376374207329,4632.648406495152,-19.272032287823095
4610.561793922473,5380.248786609211,-769.6869926867375
4624.900421694042,4670.157884337765,-45.25746264372265
4596.403430766737,5137.187359855286,-540.7839290885486
4612.622823428551,5127.736826322855,-515.1140028943046
4591.926061445409,4835.689393274271,-243.76333182886265
4601.764690425876,4646.358236181385,-44.593545755508785
5323.0013595173505,5411.435546846648,-88.43418732929786
5338.423584987084,4651.304699518976,687.1188854681077
5296.055247761717,4374.786995850018,921.2682519116988
5327.4723191386865,4834.950133196943,492.5221859417434
5329.388787662961,5322.700505886532,6.688281776428994
5313.622239940915,4699.065045594626,614.5571943462892
5323.579781700061,4228.491517226686,1095.0882644733756
5318.723226108861,5217.075174511695,101.64805159716616
5329.478551589904,4999.717653076422,329.76089851348206
4539.748532937997,5375.593869790798,-835.8453368528008
5350.071783869536,5143.438990022091,206.6327938474451
5345.309365959253,5418.7236414155705,-73.41427545631723
5307.8365453389615,5384.258966401302,-76.42242106234062
5330.016641776146,4583.712090340554,746.3045514355917
5316.6810037081195,5377.568673913214,-60.887670205094764
5343.692051352018,4247.807453253302,1095.8845980987162
5326.4695421352735,5322.724872468753,3.744669666520167
5334.377614399457,4932.703557492988,401.67405690646956
5331.749958838312,5288.684688177341,43.06527066097078
4611.837057623034,5161.348149750498,-549.5110921274645
4585.418346715536,4736.346660660435,-150.92831394489895
4601.795147745749,5262.385246224355,-660.5900984786058
4604.646315148405,5130.553298632168,-525.9069834837628
4614.292947759504,4851.730692941954,-237.43774518244936
4610.765625110877,4638.005870648505,-27.240245537627743
4593.905274050263,5223.595369929731,-629.6900958794677
4596.099648238195,4903.852421722888,-307.7527734846926
4620.67586720486,5225.234891466924,-604.5590242620638
3875.0410464942192,4549.188656959013,-674.1476104647941
3870.7401015479554,5187.720203385269,-1316.9801018373137
3878.7753503252898,5315.566925883836,-1436.7915755585464
4860.3312858033605,5202.715608824196,-342.38432302083584
4872.2608365808765,5312.968087797578,-440.7072512167015
4881.524555984347,5134.497053309266,-252.97249732491946
4865.56224018254,5400.671184436233,-535.1089442536922
4864.291768232454,4621.041688646649,243.250079585805
4223.675496351245,4744.811858611975,-521.1363622607305
4231.474670781807,5304.7269034978335,-1073.2522327160268
4207.322799808536,4629.515539305744,-422.1927394972081
4216.509099658398,5374.666033736308,-1158.1569340779106
4217.292702249223,4479.589627027563,-262.2969247783403
4198.475521022649,4636.713124162072,-438.2376031394224
4699.86297527311,5213.461452345832,-513.5984770727218
4706.796694311895,4977.410683313018,-270.6139890011227
4707.445415664144,4651.058297713191,56.387117950953325
4700.510848808551,4634.41381230938,66.09703649917083
4689.01325639991,4624.524668295049,64.48858810486036
4699.627568933911,4757.9228393158655,-58.29527038195465
5244.297141022597,5309.654659100401,-65.35751807780343
5236.490094491319,5275.667210456093,-39.1771159647742
5241.344641417063,5114.052537681616,127.2921037354472
5251.844762286177,4637.66826785454,614.1764944316365
5267.550009470576,4776.3175937421465,491.23241572842926
5238.994768957183,5198.753267370539,40.24150158664361
4734.931025116375,4753.766104954744,-18.835079838368983
4709.884439984768,4616.279529887739,93.60491009702855
4718.232191068274,4625.3648364038745,92.8673546643995
4724.089896663217,3664.220342543751,1059.8695541194656
4732.156679098112,5303.036650367749,-570.8799712696364
5350.27799003466,4317.776394517928,1032.5015955167328
5361.315228987758,4766.421401216442,594.893827771316
5376.505165031336,5432.744187765044,-56.239022733708225
5332.114900639417,5321.6406223193035,10.474278320113626
5366.849838320535,4659.877966784373,706.9718715361623
5352.600488786343,5127.648620208606,224.9518685777366
5367.86876187637,5082.656718368768,285.21204350760127
4711.981613624315,4957.938396004767,-245.95678238045184
4740.711225878984,5386.683386197016,-645.9721603180324
4726.124074782834,5388.761437482904,-662.6373627000694
4723.581477637792,4757.464457521796,-33.88297988400427
4720.6027961922755,5218.834780391668,-498.2319841993922
3802.482952997073,5262.152218426778,-1459.6692654297049
3812.8129539347433,4915.604300812725,-1102.791346877982
4447.4786028795625,4475.614737220948,-28.136134341385514
4452.9259912857915,5254.110938408931,-801.1849471231399
4439.284236015243,5119.893935615434,-680.6096996001916
4449.014339285057,4568.197013632941,-119.18267434788413
4466.669999584513,4763.269085163852,-296.59908557933886
4447.122602873683,3890.2939230925185,556.8286797811643
4462.021389050312,5301.476758996329,-839.4553699460175
4475.8583866767,4645.970268988257,-170.11188231155666
5101.8205828248365,5191.180208757168,-89.35962593233126
5119.106513848144,4755.639308402916,363.4672054452276
5084.323704792886,5398.566986547179,-314.2432817542931
5102.369482469894,5263.530557254613,-161.16107478471895
5095.257365542915,5405.188798784071,-309.9314332411559
5096.709991525346,5075.294872450739,21.41511907460699
5099.310205662511,5134.735890085643,-35.425684423132225
5093.5380821960725,4330.749335701487,762.7887464945852
5344.747972921391,4740.715822011225,604.0321509101659
5345.8933091603685,4809.094451132883,536.798858027486
5328.438370890992,5306.073029092694,22.365341798297777
4943.051555084776,4755.069625283626,187.98192980114982
3890.8200758357275,5431.61172231203,-1540.7916464763025
3900.2731362959453,5296.306457941808,-1396.0333216458625
3864.843576995754,5051.244267839915,-1186.4006908441606
4607.533188549016,4756.263057984968,-148.72986943595242
4600.662962244051,4960.8677016626625,-360.2047394186111
4605.964744776553,4390.493044583406,215.47170019314672
4596.0355273986,3892.9297243903934,703.1058030082063
4606.433582711183,5277.618591527452,-671.1850088162691
4604.749169606907,4478.075038889781,126.67413071712599
4602.036854441739,4980.806449252367,-378.7695948106284
4599.879286262402,5355.230155703558,-755.3508694411557
4601.092073178779,4622.671003466735,-21.5789302879557
5320.212204984218,3905.1974974471536,1415.0147075370646
5320.205032628462,5367.086223226801,-46.881190598339344
5334.7351523787565,4922.035481237853,412.6996711409038
5317.667489708647,5338.399518452458,-20.732028743811497
5340.9761341804615,4982.976139761546,357.9999944189158
5342.849105612688,4644.937357536482,697.9117480762061
5338.5160746984375,4735.6586281430455,602.857446555392
5312.1747965791155,5263.956602607716,48.21819397139916
5333.899258430528,5406.653920457331,-72.75466202680309
4544.2750626204,5382.666019997875,-838.3909573774754
5315.223150556716,5383.129761386506,-67.90661082979022
5322.705026198439,4624.118985625888,698.5860405725507
5331.429289365832,5124.999467839999,206.42982152583318
5342.06346525408,5021.242973761229,320.82049149285103
5332.622714637062,5092.535178644196,240.08753599286592
5331.226008901113,4975.793867308102,355.4321415930117
5313.313527819469,4819.15215244541,494.1613753740585
5342.00601120687,5082.009739050912,259.99627215595865
5320.619448164765,4853.642701720533,466.97674644423205
4585.418346715536,5291.29469601313,-705.8763492975941
4625.484708285509,4417.704208748086,207.78049953742357
4602.708128641256,5064.370731156051,-461.66260251479525
4614.1236316070235,5003.168771968967,-389.0451403619436
4603.311478742115,5291.202002384889,-687.8905236427745
4593.011639842569,5323.366211069269,-730.3545712267005
4601.062575086719,3823.0413908957757,778.0211841909436
4609.644982262131,5137.448073126885,-527.8030908647543
4600.429622659272,5309.620464839411,-709.190842180139
3883.986378777739,4634.804441266325,-750.8180624885858
3886.7732621089262,4737.396582282534,-850.6233201736077
3884.6485662017453,5324.143363919953,-1439.4947977182078
4860.3312858033605,5109.304258471431,-248.97297266807072
4872.1463637104125,5122.187687017699,-250.0413233072868
4883.4665655811195,4864.915969039289,18.5505965418306
4883.487651211238,4639.414226930556,244.07342428068205
4864.783872961167,5373.348403545456,-508.56453058428906
4212.583513916533,4968.926245703482,-756.3427317869491
4209.85923499385,5269.457462978635,-1059.598227984785
4230.878888979015,4447.248088362608,-216.3691993835928
4223.508808731676,5095.760740792168,-872.2519320604915
4220.569371819951,4432.952495039572,-212.38312321962076
4208.62392116035,5376.032547238847,-1167.408626078497
4674.84960577232,4739.733854861446,-64.88424908912657
4688.2639479253585,5359.832036220548,-671.5680882951892
4695.836487608377,4630.098763609702,65.73772399867539
4701.875879565338,4980.436444402929,-278.5605648375904
4691.444222015996,3904.668605273134,786.7756167428624
4693.719028460842,5290.782472620887,-597.063444160045
5246.478180704073,4743.498158484424,502.9800222196491
5258.841141495906,4506.6112972827095,752.2298442131969
5241.607360310098,4159.7529743849545,1081.854385925143
5249.800505569081,5262.966649927916,-13.166144358834572
5259.554447614442,5258.394191382617,1.1602562318257696
5244.814092367835,4625.947803718612,618.866288649223
4727.418564284813,4486.1069276492835,241.3116366355298
4729.942031217106,4982.633017072802,-252.69098585569645
4721.371331923993,5077.042098196559,-355.67076627256574
4734.22567974462,5224.239781231847,-490.014101487227
4726.660953346144,5139.994315322919,-413.33336197677454
5360.736119194015,4628.86199537457,731.8741238194452
5376.261249914324,4672.63399685401,703.6272530603146
5385.046225382187,5388.065282381356,-3.019056999169152
5351.488571167384,4738.6553968545495,612.8331743128347
5371.242705064426,5390.417701258586,-19.174996194159576
5368.627850072589,4637.463584739852,731.1642653327372
5354.621854591207,4629.620478800074,725.0013757911329
4719.464517144034,5405.352377843586,-685.8878606995513
4709.9273155877645,5403.533733325037,-693.6064177372727
4750.240493241047,5097.305073392277,-347.0645801512301
4725.622675077394,4562.340797028484,163.28187804890968
4727.551350388032,5232.981236649709,-505.429886261677
3812.6215532511956,5115.53584962185,-1302.914296370654
3803.704691309759,5277.20526340743,-1473.500572097671
4460.607545403024,5258.776656779188,-798.1691113761635
4460.181413291177,4713.85600518329,-253.6745918921133
4457.668643112261,5276.995493036233,-819.3268499239721
4455.9313591631035,4738.702133079226,-282.7707739161224
4453.943677084548,5300.781696400334,-846.8380193157864
4453.107971900582,5280.529648677779,-827.4216767771968
4461.440939742167,4973.348072875903,-511.90713313373635
4460.579536651075,5396.4402436583305,-935.8607070072558
5102.145630591855,4632.433898542357,469.7117320494972
5089.074379345475,4618.27956863382,470.79481071165446
5088.747189849309,5055.10677391511,33.640415934198245
5102.4272657219435,4631.205731593053,471.2215341288902
5083.126789282109,4544.782671708969,538.3441175731396
5125.303787587023,5423.096777277762,-297.792989690739
5096.59349499652,5211.059569135477,-114.46607413895708
5120.651799924047,5310.405235992724,-189.75343606867682
5347.19609953615,5288.67704561276,58.51905392338995
5334.473555848821,4824.739726817226,509.7338290315947
5321.780918184172,5324.034757437059,-2.2538392528867917
4948.9074562928035,4968.536281954272,-19.62882566146891
3892.611295440535,4640.703520857033,-748.0922254164984
3885.8272992172106,3909.528027437041,-23.70072821983058
3891.068553008742,5325.185917526056,-1434.117364517314
4604.453221938199,5396.019458167067,-791.5662362288676
4616.897360921443,4645.127973594731,-28.230612673288306
4594.516465217479,5311.711219176716,-717.1947539592375
4604.200422596744,5388.533800096867,-784.3333775001229
4603.324144242013,4557.904402483861,45.41974175815176
4596.906288510844,4716.96083110174,-120.05454259089584
4621.670840842432,5388.313478726405,-766.6426378839733
4617.07014001769,4733.915087470177,-116.84494745248685
4597.751435170779,5396.6889748269305,-798.9375396561518
5331.007195795116,4974.0076803536185,356.99951544149735
5350.391018697311,4763.591956757559,586.7990619397515
5305.755921687431,4460.512057749366,845.2438639380644
5321.910220165085,4740.4610049335,581.4492152315852
5332.113011385579,5009.277907190662,322.8351041949172
5320.954579469981,4478.692362186002,842.2622172839783
5309.8111359079085,3890.2887438295156,1419.5223920783928
5349.351514085011,4763.71590542004,585.6356086649712
5330.772696833815,4638.441829392435,692.3308674413802
4547.832816954699,4994.978933544217,-447.146116589518
5319.481658279991,5378.438745218804,-58.95708693881261
5320.207515016875,5407.432207237807,-87.22469222093241
5329.1105682761945,5120.759278154189,208.3512901220056
5325.581912871794,5120.692582888473,204.88932998332075
5319.945394935358,4820.759283831013,499.1861111043454
5336.114240836988,4642.791776380391,693.3224644565971
5320.006603824322,5224.958597656752,95.04800616756984
5328.640255323508,4485.9911892946175,842.649066028891
5330.791553539893,5079.908874687656,250.8826788522374
4601.795147745749,5058.633011709205,-456.8378639634557
4602.708128641256,4737.701810785394,-134.9936821441379
4635.686597037953,4538.868023909818,96.81857312813554
4612.136552425336,3911.121477341236,701.0150750840999
4600.395451478394,4393.146830470434,207.24862100795963
4608.440475312755,4758.4418784576865,-150.00140314493183
4584.291136266477,4687.928694757652,-103.63755849117479
4598.077099032096,4816.25234066559,-218.1752416334939
4606.748820308734,4740.405959730841,-133.6571394221064
3890.700518791069,5336.594941837878,-1445.8944230468087
3891.9912017359966,4749.767302721615,-857.7761009856185
3884.3530595810635,4512.031380910688,-627.6783213296249
4860.3312858033605,5359.247722197568,-498.91643639420727
4870.898286173117,4395.333563176779,475.5647229963388
4873.329859183457,4321.723253739911,551.606605443546
4880.863493837384,4598.87131824229,281.9921755950945
4856.189825977864,4468.896976721972,387.29284925589127
4206.372701409059,5318.866346894902,-1112.4936454858425
4234.002760099822,4667.086218431596,-433.0834583317737
4226.357167081144,5432.016984258788,-1205.659817177644
4215.495324220409,5309.332896015315,-1093.8375717949057
4225.692378824508,4769.524123442971,-543.8317446184637
4219.114089822534,5131.102243489558,-911.9881536670237
4683.726675170014,4552.825231910551,130.9014432594622
4699.188652153927,4819.022091858304,-119.83343970437636
4688.764630201351,5272.670081248333,-583.9054510469823
4707.329827191963,5401.541903777671,-694.212076585708
4701.9982516378295,4860.708192699673,-158.7099410618439
4701.337271894367,4765.476044037084,-64.13877214271633
5261.8877209119,5420.010745606445,-158.12302469454517
5256.300024634858,4979.125599164194,277.1744254706646
5249.542872339142,5263.932030220795,-14.389157881652864
5256.419900135837,4567.698804617494,688.7210955183436
5245.47316378415,5409.0941976403865,-163.62103385623686
5251.299586619638,5372.325178550088,-121.02559193044999
4725.488421251216,4236.261707741732,489.2267135094844
4730.370191718126,5120.401167602308,-390.0309758841822
4744.0250862310295,5321.044685814172,-577.0195995831427
4718.19273429526,4885.001673214871,-166.80893891961023
4716.570088546455,5360.09374732469,-643.5236587782356
5349.6448046136675,4618.088285264558,731.5565193491093
5357.725058697636,4973.606622973196,384.11843572444013
5346.769205802498,4475.5803961172915,871.1888096852063
5366.273960881565,5377.51753124134,-11.243570359775731
5348.3240418184605,4735.1734134672315,613.150628351229
5358.427936601347,4156.176752213685,1202.2511843876619
5363.622686664776,5375.561070265976,-11.938383601200258
4731.274494148473,4644.243779454757,87.03071469371662
4719.729951001181,4633.840956808511,85.88899419267
4723.438753906589,4993.826299184528,-270.38754527793844
4725.469005751063,5262.602444709754,-537.1334389586909
4719.145350966904,5115.933896048689,-396.78854508178574
3795.7442075847225,5374.075467329079,-1578.3312597443569
3809.3609277121545,5272.735039994248,-1463.3741122820934
4449.093407062108,4821.2173429007435,-372.1239358386356
4461.9891103733535,5400.215888394188,-938.2267780208349
4448.330799058391,4470.0839081692675,-21.75310911087672
4448.842503327277,3894.1630315394054,554.6794717878715
4461.442488883059,4766.282287602962,-304.83979871990323
4462.021389050312,5327.673169509707,-865.651780459395
4473.983170967166,4761.503836214589,-287.5206652474226
4456.6548314612955,5065.705521178021,-609.0506897167252
5097.433640757825,5411.045819391007,-313.61217863318234
5104.898871999238,5073.067814523133,31.831057476104434
5101.622607878872,5371.493007133849,-269.8703992549763
5071.263901878617,5296.441240200398,-225.17733832178146
5106.855276880956,5125.793498932324,-18.93822205136803
5094.632566617659,4835.581613460137,259.0509531575217
5105.839011944156,4845.986028756895,259.8529831872602
5095.052539427951,5064.00162578103,31.05091364692089
5326.179819913097,5073.790207863135,252.38961204996212
5325.474383601792,5107.710204112259,217.7641794895335
5347.121789804656,4643.98296845519,703.1388213494665
4937.142645306455,4744.585846760232,192.55679854622304
3873.5619414617513,5376.154534030225,-1502.5925925684733
3888.752621701678,5266.632896267271,-1377.8802745655926
3859.0803016344853,5360.825728319233,-1501.745426684748
4608.700701683219,5070.357250907029,-461.65654922380963
4626.501155787417,5085.341129248051,-458.8399734606346
4609.7480447800435,4629.698775863004,-19.950731082960374
4618.9026439944855,5399.273142505096,-780.3704985106106
4617.296112010485,3912.2842840405406,705.0118279699441
4611.631637096614,5390.161011605507,-778.5293745088929
4607.438646552386,4973.530120007737,-366.09147345535166
4594.663084852481,5365.293894176287,-770.6308093238058
4594.6361071551255,5224.75286667809,-630.1167595229645
5323.788209170685,5367.468333380948,-43.680124210262875
5323.241780906644,5304.154733603806,19.087047302838073
5340.1171440322705,5384.385957583431,-44.26881355116075
5320.791704824743,4991.547121530422,329.24458329432036
5313.831683413206,5332.17786282408,-18.346179410874356
5320.338767358172,4845.864960925621,474.4738064325511
5315.777330199587,5200.947876211868,114.82945398771881
5344.515962391835,5138.323527231163,206.19243516067218
5325.17397335193,4554.988881951893,770.185091400037
4532.477024316469,5118.790477726356,-586.3134534098863
5327.74388777626,4968.6761699156805,359.06771786057925
5327.930892142119,4478.72115912724,849.209733014879
5331.031949424943,5287.971526256263,43.060423168680245
5306.194802804441,5209.76552359074,96.4292792137012
5327.081291913604,5286.832896064175,40.24839584942947
5333.430195939316,4487.148692429993,846.2815035093226
5336.300090328057,5305.852950607112,30.447139720945415
5338.019151558521,5411.308182177915,-73.289030619394
5318.424563570288,5274.102476211992,44.3220873582959
4604.646315148405,5323.601224208144,-718.9549090597393
4614.1236316070235,5382.155353179993,-768.0317215729692
4612.136552425336,5384.527749891966,-772.3911974666298
4605.047226809132,5341.341664199507,-736.2944373903756
4622.805066284445,5232.857191546502,-610.0521252620565
4609.66701180449,4631.712160109647,-22.045148305156545
4602.872543919331,5264.328201171216,-661.455657251885
4608.757753041631,5300.968546914647,-692.210793873016
4604.066686672876,4476.224262787738,127.84242388513849
3878.903822827491,5374.4996875649795,-1495.5958647374887
3872.4274413839626,4730.134544813006,-857.7071034290434
3872.3618918887037,5151.070754314653,-1278.708862425949
